image_path,label,video_id,method,dataset,prob_fake,prediction
C:\Users\Rohith Syam\Documents\UTS SEMESTER 3\image processing\idea 2\data\processed\faceforensics\real\035\000000.jpg,0,35,real,FaceForensics++,0.9477300643920898,1
C:\Users\Rohith Syam\Documents\UTS SEMESTER 3\image processing\idea 2\data\processed\faceforensics\real\035\000001.jpg,0,35,real,FaceForensics++,0.835964024066925,1
C:\Users\Rohith Syam\Documents\UTS SEMESTER 3\image processing\idea 2\data\processed\faceforensics\real\035\000002.jpg,0,35,real,FaceForensics++,0.9288798570632935,1
C:\Users\Rohith Syam\Documents\UTS SEMESTER 3\image processing\idea 2\data\processed\faceforensics\real\035\000003.jpg,0,35,real,FaceForensics++,0.6214848756790161,1
C:\Users\Rohith Syam\Documents\UTS SEMESTER 3\image processing\idea 2\data\processed\faceforensics\real\035\000004.jpg,0,35,real,FaceForensics++,0.5342562794685364,1
C:\Users\Rohith Syam\Documents\UTS SEMESTER 3\image processing\idea 2\data\processed\faceforensics\real\035\000005.jpg,0,35,real,FaceForensics++,0.945479154586792,1
C:\Users\Rohith Syam\Documents\UTS SEMESTER 3\image processing\idea 2\data\processed\faceforensics\real\035\000006.jpg,0,35,real,FaceForensics++,0.9986971020698547,1
C:\Users\Rohith Syam\Documents\UTS SEMESTER 3\image processing\idea 2\data\processed\faceforensics\real\035\000007.jpg,0,35,real,FaceForensics++,0.9019054174423218,1
C:\Users\Rohith Syam\Documents\UTS SEMESTER 3\image processing\idea 2\data\processed\faceforensics\real\035\000008.jpg,0,35,real,FaceForensics++,0.969745397567749,1
C:\Users\Rohith Syam\Documents\UTS SEMESTER 3\image processing\idea 2\data\processed\faceforensics\real\035\000009.jpg,0,35,real,FaceForensics++,0.7488827705383301,1
C:\Users\Rohith Syam\Documents\UTS SEMESTER 3\image processing\idea 2\data\processed\faceforensics\real\035\000010.jpg,0,35,real,FaceForensics++,0.6941803097724915,1
C:\Users\Rohith Syam\Documents\UTS SEMESTER 3\image processing\idea 2\data\processed\faceforensics\real\035\000011.jpg,0,35,real,FaceForensics++,0.9658442139625549,1
C:\Users\Rohith Syam\Documents\UTS SEMESTER 3\image processing\idea 2\data\processed\faceforensics\real\035\000012.jpg,0,35,real,FaceForensics++,0.9526722431182861,1
C:\Users\Rohith Syam\Documents\UTS SEMESTER 3\image processing\idea 2\data\processed\faceforensics\real\035\000013.jpg,0,35,real,FaceForensics++,0.5456002354621887,1
C:\Users\Rohith Syam\Documents\UTS SEMESTER 3\image processing\idea 2\data\processed\faceforensics\real\035\000014.jpg,0,35,real,FaceForensics++,0.8951505422592163,1
C:\Users\Rohith Syam\Documents\UTS SEMESTER 3\image processing\idea 2\data\processed\faceforensics\real\035\000015.jpg,0,35,real,FaceForensics++,0.7085904479026794,1
C:\Users\Rohith Syam\Documents\UTS SEMESTER 3\image processing\idea 2\data\processed\faceforensics\real\035\000016.jpg,0,35,real,FaceForensics++,0.6818838715553284,1
C:\Users\Rohith Syam\Documents\UTS SEMESTER 3\image processing\idea 2\data\processed\faceforensics\real\035\000017.jpg,0,35,real,FaceForensics++,0.8183889389038086,1
C:\Users\Rohith Syam\Documents\UTS SEMESTER 3\image processing\idea 2\data\processed\faceforensics\real\035\000018.jpg,0,35,real,FaceForensics++,0.7869831919670105,1
C:\Users\Rohith Syam\Documents\UTS SEMESTER 3\image processing\idea 2\data\processed\faceforensics\real\035\000019.jpg,0,35,real,FaceForensics++,0.2609618008136749,0
C:\Users\Rohith Syam\Documents\UTS SEMESTER 3\image processing\idea 2\data\processed\faceforensics\real\035\000020.jpg,0,35,real,FaceForensics++,0.960269033908844,1
C:\Users\Rohith Syam\Documents\UTS SEMESTER 3\image processing\idea 2\data\processed\faceforensics\real\035\000021.jpg,0,35,real,FaceForensics++,0.8361122608184814,1
C:\Users\Rohith Syam\Documents\UTS SEMESTER 3\image processing\idea 2\data\processed\faceforensics\real\035\000022.jpg,0,35,real,FaceForensics++,0.7326383590698242,1
C:\Users\Rohith Syam\Documents\UTS SEMESTER 3\image processing\idea 2\data\processed\faceforensics\real\035\000023.jpg,0,35,real,FaceForensics++,0.8905659914016724,1
C:\Users\Rohith Syam\Documents\UTS SEMESTER 3\image processing\idea 2\data\processed\faceforensics\real\035\000024.jpg,0,35,real,FaceForensics++,0.912783682346344,1
C:\Users\Rohith Syam\Documents\UTS SEMESTER 3\image processing\idea 2\data\processed\faceforensics\real\035\000025.jpg,0,35,real,FaceForensics++,0.9126593470573425,1
C:\Users\Rohith Syam\Documents\UTS SEMESTER 3\image processing\idea 2\data\processed\faceforensics\real\035\000026.jpg,0,35,real,FaceForensics++,0.9723448753356934,1
C:\Users\Rohith Syam\Documents\UTS SEMESTER 3\image processing\idea 2\data\processed\faceforensics\real\035\000027.jpg,0,35,real,FaceForensics++,0.96296626329422,1
C:\Users\Rohith Syam\Documents\UTS SEMESTER 3\image processing\idea 2\data\processed\faceforensics\real\035\000028.jpg,0,35,real,FaceForensics++,0.9263912439346313,1
C:\Users\Rohith Syam\Documents\UTS SEMESTER 3\image processing\idea 2\data\processed\faceforensics\real\035\000029.jpg,0,35,real,FaceForensics++,0.9224441051483154,1
C:\Users\Rohith Syam\Documents\UTS SEMESTER 3\image processing\idea 2\data\processed\faceforensics\real\222\000000.jpg,0,222,real,FaceForensics++,0.0055956426076591015,0
C:\Users\Rohith Syam\Documents\UTS SEMESTER 3\image processing\idea 2\data\processed\faceforensics\real\222\000001.jpg,0,222,real,FaceForensics++,0.002789938123896718,0
C:\Users\Rohith Syam\Documents\UTS SEMESTER 3\image processing\idea 2\data\processed\faceforensics\real\222\000002.jpg,0,222,real,FaceForensics++,0.0011211076052859426,0
C:\Users\Rohith Syam\Documents\UTS SEMESTER 3\image processing\idea 2\data\processed\faceforensics\real\222\000003.jpg,0,222,real,FaceForensics++,0.000768795027397573,0
C:\Users\Rohith Syam\Documents\UTS SEMESTER 3\image processing\idea 2\data\processed\faceforensics\real\222\000004.jpg,0,222,real,FaceForensics++,0.012086034752428532,0
C:\Users\Rohith Syam\Documents\UTS SEMESTER 3\image processing\idea 2\data\processed\faceforensics\real\222\000005.jpg,0,222,real,FaceForensics++,0.002079351106658578,0
C:\Users\Rohith Syam\Documents\UTS SEMESTER 3\image processing\idea 2\data\processed\faceforensics\real\222\000006.jpg,0,222,real,FaceForensics++,0.043330274522304535,0
C:\Users\Rohith Syam\Documents\UTS SEMESTER 3\image processing\idea 2\data\processed\faceforensics\real\222\000007.jpg,0,222,real,FaceForensics++,0.014199513010680676,0
C:\Users\Rohith Syam\Documents\UTS SEMESTER 3\image processing\idea 2\data\processed\faceforensics\real\222\000008.jpg,0,222,real,FaceForensics++,0.0017243713373318315,0
C:\Users\Rohith Syam\Documents\UTS SEMESTER 3\image processing\idea 2\data\processed\faceforensics\real\222\000009.jpg,0,222,real,FaceForensics++,0.006102954037487507,0
C:\Users\Rohith Syam\Documents\UTS SEMESTER 3\image processing\idea 2\data\processed\faceforensics\real\222\000010.jpg,0,222,real,FaceForensics++,0.31004759669303894,0
C:\Users\Rohith Syam\Documents\UTS SEMESTER 3\image processing\idea 2\data\processed\faceforensics\real\222\000011.jpg,0,222,real,FaceForensics++,0.0048156678676605225,0
C:\Users\Rohith Syam\Documents\UTS SEMESTER 3\image processing\idea 2\data\processed\faceforensics\real\222\000012.jpg,0,222,real,FaceForensics++,0.0094043193385005,0
C:\Users\Rohith Syam\Documents\UTS SEMESTER 3\image processing\idea 2\data\processed\faceforensics\real\222\000013.jpg,0,222,real,FaceForensics++,0.007134455256164074,0
C:\Users\Rohith Syam\Documents\UTS SEMESTER 3\image processing\idea 2\data\processed\faceforensics\real\222\000014.jpg,0,222,real,FaceForensics++,0.0017416061600670218,0
C:\Users\Rohith Syam\Documents\UTS SEMESTER 3\image processing\idea 2\data\processed\faceforensics\real\222\000015.jpg,0,222,real,FaceForensics++,0.0011208091164007783,0
C:\Users\Rohith Syam\Documents\UTS SEMESTER 3\image processing\idea 2\data\processed\faceforensics\real\222\000016.jpg,0,222,real,FaceForensics++,0.08395829796791077,0
C:\Users\Rohith Syam\Documents\UTS SEMESTER 3\image processing\idea 2\data\processed\faceforensics\real\222\000017.jpg,0,222,real,FaceForensics++,0.040522344410419464,0
C:\Users\Rohith Syam\Documents\UTS SEMESTER 3\image processing\idea 2\data\processed\faceforensics\real\222\000018.jpg,0,222,real,FaceForensics++,0.0020560435950756073,0
C:\Users\Rohith Syam\Documents\UTS SEMESTER 3\image processing\idea 2\data\processed\faceforensics\real\222\000019.jpg,0,222,real,FaceForensics++,0.002200957853347063,0
C:\Users\Rohith Syam\Documents\UTS SEMESTER 3\image processing\idea 2\data\processed\faceforensics\real\222\000020.jpg,0,222,real,FaceForensics++,0.040297023952007294,0
C:\Users\Rohith Syam\Documents\UTS SEMESTER 3\image processing\idea 2\data\processed\faceforensics\real\222\000021.jpg,0,222,real,FaceForensics++,0.0024499937426298857,0
C:\Users\Rohith Syam\Documents\UTS SEMESTER 3\image processing\idea 2\data\processed\faceforensics\real\222\000022.jpg,0,222,real,FaceForensics++,0.01791958510875702,0
C:\Users\Rohith Syam\Documents\UTS SEMESTER 3\image processing\idea 2\data\processed\faceforensics\real\222\000023.jpg,0,222,real,FaceForensics++,0.0025975594762712717,0
C:\Users\Rohith Syam\Documents\UTS SEMESTER 3\image processing\idea 2\data\processed\faceforensics\real\222\000024.jpg,0,222,real,FaceForensics++,0.10874409973621368,0
C:\Users\Rohith Syam\Documents\UTS SEMESTER 3\image processing\idea 2\data\processed\faceforensics\real\222\000025.jpg,0,222,real,FaceForensics++,0.009279543533921242,0
C:\Users\Rohith Syam\Documents\UTS SEMESTER 3\image processing\idea 2\data\processed\faceforensics\real\222\000026.jpg,0,222,real,FaceForensics++,0.001483207568526268,0
C:\Users\Rohith Syam\Documents\UTS SEMESTER 3\image processing\idea 2\data\processed\faceforensics\real\222\000027.jpg,0,222,real,FaceForensics++,0.0016152475727722049,0
C:\Users\Rohith Syam\Documents\UTS SEMESTER 3\image processing\idea 2\data\processed\faceforensics\real\222\000028.jpg,0,222,real,FaceForensics++,0.0003707133582793176,0
C:\Users\Rohith Syam\Documents\UTS SEMESTER 3\image processing\idea 2\data\processed\faceforensics\real\222\000029.jpg,0,222,real,FaceForensics++,0.00010450182162458077,0
C:\Users\Rohith Syam\Documents\UTS SEMESTER 3\image processing\idea 2\data\processed\faceforensics\real\253\000000.jpg,0,253,real,FaceForensics++,0.013146870769560337,0
C:\Users\Rohith Syam\Documents\UTS SEMESTER 3\image processing\idea 2\data\processed\faceforensics\real\253\000001.jpg,0,253,real,FaceForensics++,0.02353319153189659,0
C:\Users\Rohith Syam\Documents\UTS SEMESTER 3\image processing\idea 2\data\processed\faceforensics\real\253\000002.jpg,0,253,real,FaceForensics++,0.009338506497442722,0
C:\Users\Rohith Syam\Documents\UTS SEMESTER 3\image processing\idea 2\data\processed\faceforensics\real\253\000003.jpg,0,253,real,FaceForensics++,0.013592073693871498,0
C:\Users\Rohith Syam\Documents\UTS SEMESTER 3\image processing\idea 2\data\processed\faceforensics\real\253\000004.jpg,0,253,real,FaceForensics++,0.00539857754483819,0
C:\Users\Rohith Syam\Documents\UTS SEMESTER 3\image processing\idea 2\data\processed\faceforensics\real\253\000005.jpg,0,253,real,FaceForensics++,0.0006163030629977584,0
C:\Users\Rohith Syam\Documents\UTS SEMESTER 3\image processing\idea 2\data\processed\faceforensics\real\253\000006.jpg,0,253,real,FaceForensics++,0.01402240339666605,0
C:\Users\Rohith Syam\Documents\UTS SEMESTER 3\image processing\idea 2\data\processed\faceforensics\real\253\000007.jpg,0,253,real,FaceForensics++,0.0015481373993679881,0
C:\Users\Rohith Syam\Documents\UTS SEMESTER 3\image processing\idea 2\data\processed\faceforensics\real\253\000008.jpg,0,253,real,FaceForensics++,0.07870826125144958,0
C:\Users\Rohith Syam\Documents\UTS SEMESTER 3\image processing\idea 2\data\processed\faceforensics\real\253\000009.jpg,0,253,real,FaceForensics++,0.022051403298974037,0
C:\Users\Rohith Syam\Documents\UTS SEMESTER 3\image processing\idea 2\data\processed\faceforensics\real\253\000010.jpg,0,253,real,FaceForensics++,0.3679063618183136,0
C:\Users\Rohith Syam\Documents\UTS SEMESTER 3\image processing\idea 2\data\processed\faceforensics\real\253\000011.jpg,0,253,real,FaceForensics++,0.013867044821381569,0
C:\Users\Rohith Syam\Documents\UTS SEMESTER 3\image processing\idea 2\data\processed\faceforensics\real\253\000012.jpg,0,253,real,FaceForensics++,0.027442360296845436,0
C:\Users\Rohith Syam\Documents\UTS SEMESTER 3\image processing\idea 2\data\processed\faceforensics\real\253\000013.jpg,0,253,real,FaceForensics++,0.0347868949174881,0
C:\Users\Rohith Syam\Documents\UTS SEMESTER 3\image processing\idea 2\data\processed\faceforensics\real\253\000014.jpg,0,253,real,FaceForensics++,0.02209218591451645,0
C:\Users\Rohith Syam\Documents\UTS SEMESTER 3\image processing\idea 2\data\processed\faceforensics\real\253\000015.jpg,0,253,real,FaceForensics++,0.01696174405515194,0
C:\Users\Rohith Syam\Documents\UTS SEMESTER 3\image processing\idea 2\data\processed\faceforensics\real\253\000016.jpg,0,253,real,FaceForensics++,0.004014687612652779,0
C:\Users\Rohith Syam\Documents\UTS SEMESTER 3\image processing\idea 2\data\processed\faceforensics\real\253\000017.jpg,0,253,real,FaceForensics++,0.04359818994998932,0
C:\Users\Rohith Syam\Documents\UTS SEMESTER 3\image processing\idea 2\data\processed\faceforensics\real\253\000018.jpg,0,253,real,FaceForensics++,0.01404154859483242,0
C:\Users\Rohith Syam\Documents\UTS SEMESTER 3\image processing\idea 2\data\processed\faceforensics\real\253\000019.jpg,0,253,real,FaceForensics++,0.01796276867389679,0
C:\Users\Rohith Syam\Documents\UTS SEMESTER 3\image processing\idea 2\data\processed\faceforensics\real\253\000020.jpg,0,253,real,FaceForensics++,0.031387168914079666,0
C:\Users\Rohith Syam\Documents\UTS SEMESTER 3\image processing\idea 2\data\processed\faceforensics\real\253\000021.jpg,0,253,real,FaceForensics++,0.021442633122205734,0
C:\Users\Rohith Syam\Documents\UTS SEMESTER 3\image processing\idea 2\data\processed\faceforensics\real\253\000022.jpg,0,253,real,FaceForensics++,0.011541774496436119,0
C:\Users\Rohith Syam\Documents\UTS SEMESTER 3\image processing\idea 2\data\processed\faceforensics\real\253\000023.jpg,0,253,real,FaceForensics++,0.0016864078352227807,0
C:\Users\Rohith Syam\Documents\UTS SEMESTER 3\image processing\idea 2\data\processed\faceforensics\real\253\000024.jpg,0,253,real,FaceForensics++,0.01419919915497303,0
C:\Users\Rohith Syam\Documents\UTS SEMESTER 3\image processing\idea 2\data\processed\faceforensics\real\253\000025.jpg,0,253,real,FaceForensics++,0.009045564569532871,0
C:\Users\Rohith Syam\Documents\UTS SEMESTER 3\image processing\idea 2\data\processed\faceforensics\real\253\000026.jpg,0,253,real,FaceForensics++,0.015022620558738708,0
C:\Users\Rohith Syam\Documents\UTS SEMESTER 3\image processing\idea 2\data\processed\faceforensics\real\253\000027.jpg,0,253,real,FaceForensics++,0.004513557534664869,0
C:\Users\Rohith Syam\Documents\UTS SEMESTER 3\image processing\idea 2\data\processed\faceforensics\real\253\000028.jpg,0,253,real,FaceForensics++,0.05989847704768181,0
C:\Users\Rohith Syam\Documents\UTS SEMESTER 3\image processing\idea 2\data\processed\faceforensics\real\253\000029.jpg,0,253,real,FaceForensics++,0.10109425336122513,0
C:\Users\Rohith Syam\Documents\UTS SEMESTER 3\image processing\idea 2\data\processed\faceforensics\real\263\000000.jpg,0,263,real,FaceForensics++,0.2117438167333603,0
C:\Users\Rohith Syam\Documents\UTS SEMESTER 3\image processing\idea 2\data\processed\faceforensics\real\263\000001.jpg,0,263,real,FaceForensics++,0.13117213547229767,0
C:\Users\Rohith Syam\Documents\UTS SEMESTER 3\image processing\idea 2\data\processed\faceforensics\real\263\000002.jpg,0,263,real,FaceForensics++,0.15046510100364685,0
C:\Users\Rohith Syam\Documents\UTS SEMESTER 3\image processing\idea 2\data\processed\faceforensics\real\263\000003.jpg,0,263,real,FaceForensics++,0.8947033286094666,1
C:\Users\Rohith Syam\Documents\UTS SEMESTER 3\image processing\idea 2\data\processed\faceforensics\real\263\000004.jpg,0,263,real,FaceForensics++,0.012997634708881378,0
C:\Users\Rohith Syam\Documents\UTS SEMESTER 3\image processing\idea 2\data\processed\faceforensics\real\263\000005.jpg,0,263,real,FaceForensics++,0.4429956376552582,0
C:\Users\Rohith Syam\Documents\UTS SEMESTER 3\image processing\idea 2\data\processed\faceforensics\real\263\000006.jpg,0,263,real,FaceForensics++,0.09481645375490189,0
C:\Users\Rohith Syam\Documents\UTS SEMESTER 3\image processing\idea 2\data\processed\faceforensics\real\263\000007.jpg,0,263,real,FaceForensics++,0.21662774682044983,0
C:\Users\Rohith Syam\Documents\UTS SEMESTER 3\image processing\idea 2\data\processed\faceforensics\real\263\000008.jpg,0,263,real,FaceForensics++,0.01174544170498848,0
C:\Users\Rohith Syam\Documents\UTS SEMESTER 3\image processing\idea 2\data\processed\faceforensics\real\263\000009.jpg,0,263,real,FaceForensics++,0.029535189270973206,0
C:\Users\Rohith Syam\Documents\UTS SEMESTER 3\image processing\idea 2\data\processed\faceforensics\real\263\000010.jpg,0,263,real,FaceForensics++,0.9088911414146423,1
C:\Users\Rohith Syam\Documents\UTS SEMESTER 3\image processing\idea 2\data\processed\faceforensics\real\263\000011.jpg,0,263,real,FaceForensics++,0.0019082730868831277,0
C:\Users\Rohith Syam\Documents\UTS SEMESTER 3\image processing\idea 2\data\processed\faceforensics\real\263\000012.jpg,0,263,real,FaceForensics++,0.01376998983323574,0
C:\Users\Rohith Syam\Documents\UTS SEMESTER 3\image processing\idea 2\data\processed\faceforensics\real\263\000013.jpg,0,263,real,FaceForensics++,0.007063694763928652,0
C:\Users\Rohith Syam\Documents\UTS SEMESTER 3\image processing\idea 2\data\processed\faceforensics\real\263\000014.jpg,0,263,real,FaceForensics++,0.002241868292912841,0
C:\Users\Rohith Syam\Documents\UTS SEMESTER 3\image processing\idea 2\data\processed\faceforensics\real\263\000015.jpg,0,263,real,FaceForensics++,0.04085709527134895,0
C:\Users\Rohith Syam\Documents\UTS SEMESTER 3\image processing\idea 2\data\processed\faceforensics\real\263\000016.jpg,0,263,real,FaceForensics++,0.5151296257972717,1
C:\Users\Rohith Syam\Documents\UTS SEMESTER 3\image processing\idea 2\data\processed\faceforensics\real\263\000017.jpg,0,263,real,FaceForensics++,0.8684152364730835,1
C:\Users\Rohith Syam\Documents\UTS SEMESTER 3\image processing\idea 2\data\processed\faceforensics\real\263\000018.jpg,0,263,real,FaceForensics++,0.08138317614793777,0
C:\Users\Rohith Syam\Documents\UTS SEMESTER 3\image processing\idea 2\data\processed\faceforensics\real\263\000019.jpg,0,263,real,FaceForensics++,0.10534260421991348,0
C:\Users\Rohith Syam\Documents\UTS SEMESTER 3\image processing\idea 2\data\processed\faceforensics\real\263\000020.jpg,0,263,real,FaceForensics++,0.4614713788032532,0
C:\Users\Rohith Syam\Documents\UTS SEMESTER 3\image processing\idea 2\data\processed\faceforensics\real\263\000021.jpg,0,263,real,FaceForensics++,0.0251684058457613,0
C:\Users\Rohith Syam\Documents\UTS SEMESTER 3\image processing\idea 2\data\processed\faceforensics\real\263\000022.jpg,0,263,real,FaceForensics++,0.061490558087825775,0
C:\Users\Rohith Syam\Documents\UTS SEMESTER 3\image processing\idea 2\data\processed\faceforensics\real\263\000023.jpg,0,263,real,FaceForensics++,0.7563615441322327,1
C:\Users\Rohith Syam\Documents\UTS SEMESTER 3\image processing\idea 2\data\processed\faceforensics\real\263\000024.jpg,0,263,real,FaceForensics++,0.5965614914894104,1
C:\Users\Rohith Syam\Documents\UTS SEMESTER 3\image processing\idea 2\data\processed\faceforensics\real\263\000025.jpg,0,263,real,FaceForensics++,0.7738211154937744,1
C:\Users\Rohith Syam\Documents\UTS SEMESTER 3\image processing\idea 2\data\processed\faceforensics\real\263\000026.jpg,0,263,real,FaceForensics++,0.9824997186660767,1
C:\Users\Rohith Syam\Documents\UTS SEMESTER 3\image processing\idea 2\data\processed\faceforensics\real\263\000027.jpg,0,263,real,FaceForensics++,0.9938774704933167,1
C:\Users\Rohith Syam\Documents\UTS SEMESTER 3\image processing\idea 2\data\processed\faceforensics\real\263\000028.jpg,0,263,real,FaceForensics++,0.968752920627594,1
C:\Users\Rohith Syam\Documents\UTS SEMESTER 3\image processing\idea 2\data\processed\faceforensics\real\263\000029.jpg,0,263,real,FaceForensics++,0.30247241258621216,0
C:\Users\Rohith Syam\Documents\UTS SEMESTER 3\image processing\idea 2\data\processed\faceforensics\real\288\000000.jpg,0,288,real,FaceForensics++,0.9602265357971191,1
C:\Users\Rohith Syam\Documents\UTS SEMESTER 3\image processing\idea 2\data\processed\faceforensics\real\288\000001.jpg,0,288,real,FaceForensics++,0.7685859799385071,1
C:\Users\Rohith Syam\Documents\UTS SEMESTER 3\image processing\idea 2\data\processed\faceforensics\real\288\000002.jpg,0,288,real,FaceForensics++,0.26244547963142395,0
C:\Users\Rohith Syam\Documents\UTS SEMESTER 3\image processing\idea 2\data\processed\faceforensics\real\288\000003.jpg,0,288,real,FaceForensics++,0.9747075438499451,1
C:\Users\Rohith Syam\Documents\UTS SEMESTER 3\image processing\idea 2\data\processed\faceforensics\real\288\000004.jpg,0,288,real,FaceForensics++,0.985129714012146,1
C:\Users\Rohith Syam\Documents\UTS SEMESTER 3\image processing\idea 2\data\processed\faceforensics\real\288\000005.jpg,0,288,real,FaceForensics++,0.9583285450935364,1
C:\Users\Rohith Syam\Documents\UTS SEMESTER 3\image processing\idea 2\data\processed\faceforensics\real\288\000006.jpg,0,288,real,FaceForensics++,0.8761802315711975,1
C:\Users\Rohith Syam\Documents\UTS SEMESTER 3\image processing\idea 2\data\processed\faceforensics\real\288\000007.jpg,0,288,real,FaceForensics++,0.2529140114784241,0
C:\Users\Rohith Syam\Documents\UTS SEMESTER 3\image processing\idea 2\data\processed\faceforensics\real\288\000008.jpg,0,288,real,FaceForensics++,0.5613216161727905,1
C:\Users\Rohith Syam\Documents\UTS SEMESTER 3\image processing\idea 2\data\processed\faceforensics\real\288\000009.jpg,0,288,real,FaceForensics++,0.803446888923645,1
C:\Users\Rohith Syam\Documents\UTS SEMESTER 3\image processing\idea 2\data\processed\faceforensics\real\288\000010.jpg,0,288,real,FaceForensics++,0.9808737635612488,1
C:\Users\Rohith Syam\Documents\UTS SEMESTER 3\image processing\idea 2\data\processed\faceforensics\real\288\000011.jpg,0,288,real,FaceForensics++,0.9830828905105591,1
C:\Users\Rohith Syam\Documents\UTS SEMESTER 3\image processing\idea 2\data\processed\faceforensics\real\288\000012.jpg,0,288,real,FaceForensics++,0.996174693107605,1
C:\Users\Rohith Syam\Documents\UTS SEMESTER 3\image processing\idea 2\data\processed\faceforensics\real\288\000013.jpg,0,288,real,FaceForensics++,0.5039540529251099,1
C:\Users\Rohith Syam\Documents\UTS SEMESTER 3\image processing\idea 2\data\processed\faceforensics\real\288\000014.jpg,0,288,real,FaceForensics++,0.8124831914901733,1
C:\Users\Rohith Syam\Documents\UTS SEMESTER 3\image processing\idea 2\data\processed\faceforensics\real\288\000015.jpg,0,288,real,FaceForensics++,0.8816573023796082,1
C:\Users\Rohith Syam\Documents\UTS SEMESTER 3\image processing\idea 2\data\processed\faceforensics\real\288\000016.jpg,0,288,real,FaceForensics++,0.29943618178367615,0
C:\Users\Rohith Syam\Documents\UTS SEMESTER 3\image processing\idea 2\data\processed\faceforensics\real\288\000017.jpg,0,288,real,FaceForensics++,0.06795036792755127,0
C:\Users\Rohith Syam\Documents\UTS SEMESTER 3\image processing\idea 2\data\processed\faceforensics\real\288\000018.jpg,0,288,real,FaceForensics++,0.026268115267157555,0
C:\Users\Rohith Syam\Documents\UTS SEMESTER 3\image processing\idea 2\data\processed\faceforensics\real\288\000019.jpg,0,288,real,FaceForensics++,0.31949305534362793,0
C:\Users\Rohith Syam\Documents\UTS SEMESTER 3\image processing\idea 2\data\processed\faceforensics\real\288\000020.jpg,0,288,real,FaceForensics++,0.6624300479888916,1
C:\Users\Rohith Syam\Documents\UTS SEMESTER 3\image processing\idea 2\data\processed\faceforensics\real\288\000021.jpg,0,288,real,FaceForensics++,0.6219568252563477,1
C:\Users\Rohith Syam\Documents\UTS SEMESTER 3\image processing\idea 2\data\processed\faceforensics\real\288\000022.jpg,0,288,real,FaceForensics++,0.35726240277290344,0
C:\Users\Rohith Syam\Documents\UTS SEMESTER 3\image processing\idea 2\data\processed\faceforensics\real\288\000023.jpg,0,288,real,FaceForensics++,0.048180073499679565,0
C:\Users\Rohith Syam\Documents\UTS SEMESTER 3\image processing\idea 2\data\processed\faceforensics\real\288\000024.jpg,0,288,real,FaceForensics++,0.2520642578601837,0
C:\Users\Rohith Syam\Documents\UTS SEMESTER 3\image processing\idea 2\data\processed\faceforensics\real\288\000025.jpg,0,288,real,FaceForensics++,0.038526058197021484,0
C:\Users\Rohith Syam\Documents\UTS SEMESTER 3\image processing\idea 2\data\processed\faceforensics\real\288\000026.jpg,0,288,real,FaceForensics++,0.9720984697341919,1
C:\Users\Rohith Syam\Documents\UTS SEMESTER 3\image processing\idea 2\data\processed\faceforensics\real\288\000027.jpg,0,288,real,FaceForensics++,0.8046073913574219,1
C:\Users\Rohith Syam\Documents\UTS SEMESTER 3\image processing\idea 2\data\processed\faceforensics\real\288\000028.jpg,0,288,real,FaceForensics++,0.9700888991355896,1
C:\Users\Rohith Syam\Documents\UTS SEMESTER 3\image processing\idea 2\data\processed\faceforensics\real\288\000029.jpg,0,288,real,FaceForensics++,0.3780246675014496,0
C:\Users\Rohith Syam\Documents\UTS SEMESTER 3\image processing\idea 2\data\processed\faceforensics\real\339\000000.jpg,0,339,real,FaceForensics++,0.09636205434799194,0
C:\Users\Rohith Syam\Documents\UTS SEMESTER 3\image processing\idea 2\data\processed\faceforensics\real\339\000001.jpg,0,339,real,FaceForensics++,0.08769627660512924,0
C:\Users\Rohith Syam\Documents\UTS SEMESTER 3\image processing\idea 2\data\processed\faceforensics\real\339\000002.jpg,0,339,real,FaceForensics++,0.27270257472991943,0
C:\Users\Rohith Syam\Documents\UTS SEMESTER 3\image processing\idea 2\data\processed\faceforensics\real\339\000003.jpg,0,339,real,FaceForensics++,0.6124606728553772,1
C:\Users\Rohith Syam\Documents\UTS SEMESTER 3\image processing\idea 2\data\processed\faceforensics\real\339\000004.jpg,0,339,real,FaceForensics++,0.676154375076294,1
C:\Users\Rohith Syam\Documents\UTS SEMESTER 3\image processing\idea 2\data\processed\faceforensics\real\339\000005.jpg,0,339,real,FaceForensics++,0.5477083325386047,1
C:\Users\Rohith Syam\Documents\UTS SEMESTER 3\image processing\idea 2\data\processed\faceforensics\real\339\000006.jpg,0,339,real,FaceForensics++,0.921372652053833,1
C:\Users\Rohith Syam\Documents\UTS SEMESTER 3\image processing\idea 2\data\processed\faceforensics\real\339\000007.jpg,0,339,real,FaceForensics++,0.8498545289039612,1
C:\Users\Rohith Syam\Documents\UTS SEMESTER 3\image processing\idea 2\data\processed\faceforensics\real\339\000008.jpg,0,339,real,FaceForensics++,0.5133134126663208,1
C:\Users\Rohith Syam\Documents\UTS SEMESTER 3\image processing\idea 2\data\processed\faceforensics\real\339\000009.jpg,0,339,real,FaceForensics++,0.7516143918037415,1
C:\Users\Rohith Syam\Documents\UTS SEMESTER 3\image processing\idea 2\data\processed\faceforensics\real\339\000010.jpg,0,339,real,FaceForensics++,0.29246747493743896,0
C:\Users\Rohith Syam\Documents\UTS SEMESTER 3\image processing\idea 2\data\processed\faceforensics\real\339\000011.jpg,0,339,real,FaceForensics++,0.6679454445838928,1
C:\Users\Rohith Syam\Documents\UTS SEMESTER 3\image processing\idea 2\data\processed\faceforensics\real\339\000012.jpg,0,339,real,FaceForensics++,0.49967506527900696,0
C:\Users\Rohith Syam\Documents\UTS SEMESTER 3\image processing\idea 2\data\processed\faceforensics\real\339\000013.jpg,0,339,real,FaceForensics++,0.32790160179138184,0
C:\Users\Rohith Syam\Documents\UTS SEMESTER 3\image processing\idea 2\data\processed\faceforensics\real\339\000014.jpg,0,339,real,FaceForensics++,0.04341072589159012,0
C:\Users\Rohith Syam\Documents\UTS SEMESTER 3\image processing\idea 2\data\processed\faceforensics\real\339\000015.jpg,0,339,real,FaceForensics++,0.7029315233230591,1
C:\Users\Rohith Syam\Documents\UTS SEMESTER 3\image processing\idea 2\data\processed\faceforensics\real\339\000016.jpg,0,339,real,FaceForensics++,0.5862804055213928,1
C:\Users\Rohith Syam\Documents\UTS SEMESTER 3\image processing\idea 2\data\processed\faceforensics\real\339\000017.jpg,0,339,real,FaceForensics++,0.11234715580940247,0
C:\Users\Rohith Syam\Documents\UTS SEMESTER 3\image processing\idea 2\data\processed\faceforensics\real\339\000018.jpg,0,339,real,FaceForensics++,0.2510903477668762,0
C:\Users\Rohith Syam\Documents\UTS SEMESTER 3\image processing\idea 2\data\processed\faceforensics\real\339\000019.jpg,0,339,real,FaceForensics++,0.43039974570274353,0
C:\Users\Rohith Syam\Documents\UTS SEMESTER 3\image processing\idea 2\data\processed\faceforensics\real\339\000020.jpg,0,339,real,FaceForensics++,0.06558884680271149,0
C:\Users\Rohith Syam\Documents\UTS SEMESTER 3\image processing\idea 2\data\processed\faceforensics\real\339\000021.jpg,0,339,real,FaceForensics++,0.7290741205215454,1
C:\Users\Rohith Syam\Documents\UTS SEMESTER 3\image processing\idea 2\data\processed\faceforensics\real\339\000022.jpg,0,339,real,FaceForensics++,0.04701290652155876,0
C:\Users\Rohith Syam\Documents\UTS SEMESTER 3\image processing\idea 2\data\processed\faceforensics\real\339\000023.jpg,0,339,real,FaceForensics++,0.5218183994293213,1
C:\Users\Rohith Syam\Documents\UTS SEMESTER 3\image processing\idea 2\data\processed\faceforensics\real\339\000024.jpg,0,339,real,FaceForensics++,0.2449241727590561,0
C:\Users\Rohith Syam\Documents\UTS SEMESTER 3\image processing\idea 2\data\processed\faceforensics\real\339\000025.jpg,0,339,real,FaceForensics++,0.4871218204498291,0
C:\Users\Rohith Syam\Documents\UTS SEMESTER 3\image processing\idea 2\data\processed\faceforensics\real\339\000026.jpg,0,339,real,FaceForensics++,0.13975699245929718,0
C:\Users\Rohith Syam\Documents\UTS SEMESTER 3\image processing\idea 2\data\processed\faceforensics\real\339\000027.jpg,0,339,real,FaceForensics++,0.23282401263713837,0
C:\Users\Rohith Syam\Documents\UTS SEMESTER 3\image processing\idea 2\data\processed\faceforensics\real\339\000028.jpg,0,339,real,FaceForensics++,0.6082743406295776,1
C:\Users\Rohith Syam\Documents\UTS SEMESTER 3\image processing\idea 2\data\processed\faceforensics\real\339\000029.jpg,0,339,real,FaceForensics++,0.3284933865070343,0
C:\Users\Rohith Syam\Documents\UTS SEMESTER 3\image processing\idea 2\data\processed\faceforensics\real\437\000000.jpg,0,437,real,FaceForensics++,0.12404829263687134,0
C:\Users\Rohith Syam\Documents\UTS SEMESTER 3\image processing\idea 2\data\processed\faceforensics\real\437\000001.jpg,0,437,real,FaceForensics++,0.09031105041503906,0
C:\Users\Rohith Syam\Documents\UTS SEMESTER 3\image processing\idea 2\data\processed\faceforensics\real\437\000002.jpg,0,437,real,FaceForensics++,0.1390748769044876,0
C:\Users\Rohith Syam\Documents\UTS SEMESTER 3\image processing\idea 2\data\processed\faceforensics\real\437\000003.jpg,0,437,real,FaceForensics++,0.21169787645339966,0
C:\Users\Rohith Syam\Documents\UTS SEMESTER 3\image processing\idea 2\data\processed\faceforensics\real\437\000004.jpg,0,437,real,FaceForensics++,0.08990143984556198,0
C:\Users\Rohith Syam\Documents\UTS SEMESTER 3\image processing\idea 2\data\processed\faceforensics\real\437\000005.jpg,0,437,real,FaceForensics++,0.6529241800308228,1
C:\Users\Rohith Syam\Documents\UTS SEMESTER 3\image processing\idea 2\data\processed\faceforensics\real\437\000006.jpg,0,437,real,FaceForensics++,0.3190675973892212,0
C:\Users\Rohith Syam\Documents\UTS SEMESTER 3\image processing\idea 2\data\processed\faceforensics\real\437\000007.jpg,0,437,real,FaceForensics++,0.09714804589748383,0
C:\Users\Rohith Syam\Documents\UTS SEMESTER 3\image processing\idea 2\data\processed\faceforensics\real\437\000008.jpg,0,437,real,FaceForensics++,0.3460884988307953,0
C:\Users\Rohith Syam\Documents\UTS SEMESTER 3\image processing\idea 2\data\processed\faceforensics\real\437\000009.jpg,0,437,real,FaceForensics++,0.3136015832424164,0
C:\Users\Rohith Syam\Documents\UTS SEMESTER 3\image processing\idea 2\data\processed\faceforensics\real\437\000010.jpg,0,437,real,FaceForensics++,0.035992205142974854,0
C:\Users\Rohith Syam\Documents\UTS SEMESTER 3\image processing\idea 2\data\processed\faceforensics\real\437\000011.jpg,0,437,real,FaceForensics++,0.23522861301898956,0
C:\Users\Rohith Syam\Documents\UTS SEMESTER 3\image processing\idea 2\data\processed\faceforensics\real\437\000012.jpg,0,437,real,FaceForensics++,0.6048615574836731,1
C:\Users\Rohith Syam\Documents\UTS SEMESTER 3\image processing\idea 2\data\processed\faceforensics\real\437\000013.jpg,0,437,real,FaceForensics++,0.2945658564567566,0
C:\Users\Rohith Syam\Documents\UTS SEMESTER 3\image processing\idea 2\data\processed\faceforensics\real\437\000014.jpg,0,437,real,FaceForensics++,0.21645177900791168,0
C:\Users\Rohith Syam\Documents\UTS SEMESTER 3\image processing\idea 2\data\processed\faceforensics\real\437\000015.jpg,0,437,real,FaceForensics++,0.14675723016262054,0
C:\Users\Rohith Syam\Documents\UTS SEMESTER 3\image processing\idea 2\data\processed\faceforensics\real\437\000016.jpg,0,437,real,FaceForensics++,0.05805754289031029,0
C:\Users\Rohith Syam\Documents\UTS SEMESTER 3\image processing\idea 2\data\processed\faceforensics\real\437\000017.jpg,0,437,real,FaceForensics++,0.8157379031181335,1
C:\Users\Rohith Syam\Documents\UTS SEMESTER 3\image processing\idea 2\data\processed\faceforensics\real\437\000018.jpg,0,437,real,FaceForensics++,0.04710984602570534,0
C:\Users\Rohith Syam\Documents\UTS SEMESTER 3\image processing\idea 2\data\processed\faceforensics\real\437\000019.jpg,0,437,real,FaceForensics++,0.08445362001657486,0
C:\Users\Rohith Syam\Documents\UTS SEMESTER 3\image processing\idea 2\data\processed\faceforensics\real\437\000020.jpg,0,437,real,FaceForensics++,0.20545263588428497,0
C:\Users\Rohith Syam\Documents\UTS SEMESTER 3\image processing\idea 2\data\processed\faceforensics\real\437\000021.jpg,0,437,real,FaceForensics++,0.36233463883399963,0
C:\Users\Rohith Syam\Documents\UTS SEMESTER 3\image processing\idea 2\data\processed\faceforensics\real\437\000022.jpg,0,437,real,FaceForensics++,0.23841460049152374,0
C:\Users\Rohith Syam\Documents\UTS SEMESTER 3\image processing\idea 2\data\processed\faceforensics\real\437\000023.jpg,0,437,real,FaceForensics++,0.256900817155838,0
C:\Users\Rohith Syam\Documents\UTS SEMESTER 3\image processing\idea 2\data\processed\faceforensics\real\437\000024.jpg,0,437,real,FaceForensics++,0.039591509848833084,0
C:\Users\Rohith Syam\Documents\UTS SEMESTER 3\image processing\idea 2\data\processed\faceforensics\real\437\000025.jpg,0,437,real,FaceForensics++,0.008636776357889175,0
C:\Users\Rohith Syam\Documents\UTS SEMESTER 3\image processing\idea 2\data\processed\faceforensics\real\437\000026.jpg,0,437,real,FaceForensics++,0.0590052530169487,0
C:\Users\Rohith Syam\Documents\UTS SEMESTER 3\image processing\idea 2\data\processed\faceforensics\real\437\000027.jpg,0,437,real,FaceForensics++,0.3278420567512512,0
C:\Users\Rohith Syam\Documents\UTS SEMESTER 3\image processing\idea 2\data\processed\faceforensics\real\437\000028.jpg,0,437,real,FaceForensics++,0.5465189814567566,1
C:\Users\Rohith Syam\Documents\UTS SEMESTER 3\image processing\idea 2\data\processed\faceforensics\real\437\000029.jpg,0,437,real,FaceForensics++,0.12443177402019501,0
C:\Users\Rohith Syam\Documents\UTS SEMESTER 3\image processing\idea 2\data\processed\faceforensics\real\438\000000.jpg,0,438,real,FaceForensics++,0.6622074842453003,1
C:\Users\Rohith Syam\Documents\UTS SEMESTER 3\image processing\idea 2\data\processed\faceforensics\real\438\000001.jpg,0,438,real,FaceForensics++,0.8860882520675659,1
C:\Users\Rohith Syam\Documents\UTS SEMESTER 3\image processing\idea 2\data\processed\faceforensics\real\438\000002.jpg,0,438,real,FaceForensics++,0.9815520644187927,1
C:\Users\Rohith Syam\Documents\UTS SEMESTER 3\image processing\idea 2\data\processed\faceforensics\real\438\000003.jpg,0,438,real,FaceForensics++,0.5818924307823181,1
C:\Users\Rohith Syam\Documents\UTS SEMESTER 3\image processing\idea 2\data\processed\faceforensics\real\438\000004.jpg,0,438,real,FaceForensics++,0.22894322872161865,0
C:\Users\Rohith Syam\Documents\UTS SEMESTER 3\image processing\idea 2\data\processed\faceforensics\real\438\000005.jpg,0,438,real,FaceForensics++,0.992823600769043,1
C:\Users\Rohith Syam\Documents\UTS SEMESTER 3\image processing\idea 2\data\processed\faceforensics\real\438\000006.jpg,0,438,real,FaceForensics++,0.9144900441169739,1
C:\Users\Rohith Syam\Documents\UTS SEMESTER 3\image processing\idea 2\data\processed\faceforensics\real\438\000007.jpg,0,438,real,FaceForensics++,0.9806021451950073,1
C:\Users\Rohith Syam\Documents\UTS SEMESTER 3\image processing\idea 2\data\processed\faceforensics\real\438\000008.jpg,0,438,real,FaceForensics++,0.13108891248703003,0
C:\Users\Rohith Syam\Documents\UTS SEMESTER 3\image processing\idea 2\data\processed\faceforensics\real\438\000009.jpg,0,438,real,FaceForensics++,0.9045521020889282,1
C:\Users\Rohith Syam\Documents\UTS SEMESTER 3\image processing\idea 2\data\processed\faceforensics\real\438\000010.jpg,0,438,real,FaceForensics++,0.964116632938385,1
C:\Users\Rohith Syam\Documents\UTS SEMESTER 3\image processing\idea 2\data\processed\faceforensics\real\438\000011.jpg,0,438,real,FaceForensics++,0.7238744497299194,1
C:\Users\Rohith Syam\Documents\UTS SEMESTER 3\image processing\idea 2\data\processed\faceforensics\real\438\000012.jpg,0,438,real,FaceForensics++,0.8480423092842102,1
C:\Users\Rohith Syam\Documents\UTS SEMESTER 3\image processing\idea 2\data\processed\faceforensics\real\438\000013.jpg,0,438,real,FaceForensics++,0.7928013205528259,1
C:\Users\Rohith Syam\Documents\UTS SEMESTER 3\image processing\idea 2\data\processed\faceforensics\real\438\000014.jpg,0,438,real,FaceForensics++,0.9284682869911194,1
C:\Users\Rohith Syam\Documents\UTS SEMESTER 3\image processing\idea 2\data\processed\faceforensics\real\438\000015.jpg,0,438,real,FaceForensics++,0.663822591304779,1
C:\Users\Rohith Syam\Documents\UTS SEMESTER 3\image processing\idea 2\data\processed\faceforensics\real\438\000016.jpg,0,438,real,FaceForensics++,0.8187533020973206,1
C:\Users\Rohith Syam\Documents\UTS SEMESTER 3\image processing\idea 2\data\processed\faceforensics\real\438\000017.jpg,0,438,real,FaceForensics++,0.9358870983123779,1
C:\Users\Rohith Syam\Documents\UTS SEMESTER 3\image processing\idea 2\data\processed\faceforensics\real\438\000018.jpg,0,438,real,FaceForensics++,0.9736288785934448,1
C:\Users\Rohith Syam\Documents\UTS SEMESTER 3\image processing\idea 2\data\processed\faceforensics\real\438\000019.jpg,0,438,real,FaceForensics++,0.6488510966300964,1
C:\Users\Rohith Syam\Documents\UTS SEMESTER 3\image processing\idea 2\data\processed\faceforensics\real\438\000020.jpg,0,438,real,FaceForensics++,0.05394374579191208,0
C:\Users\Rohith Syam\Documents\UTS SEMESTER 3\image processing\idea 2\data\processed\faceforensics\real\438\000021.jpg,0,438,real,FaceForensics++,0.04715252295136452,0
C:\Users\Rohith Syam\Documents\UTS SEMESTER 3\image processing\idea 2\data\processed\faceforensics\real\438\000022.jpg,0,438,real,FaceForensics++,0.8937519192695618,1
C:\Users\Rohith Syam\Documents\UTS SEMESTER 3\image processing\idea 2\data\processed\faceforensics\real\438\000023.jpg,0,438,real,FaceForensics++,0.9865668416023254,1
C:\Users\Rohith Syam\Documents\UTS SEMESTER 3\image processing\idea 2\data\processed\faceforensics\real\438\000024.jpg,0,438,real,FaceForensics++,0.9761126637458801,1
C:\Users\Rohith Syam\Documents\UTS SEMESTER 3\image processing\idea 2\data\processed\faceforensics\real\438\000025.jpg,0,438,real,FaceForensics++,0.9602010250091553,1
C:\Users\Rohith Syam\Documents\UTS SEMESTER 3\image processing\idea 2\data\processed\faceforensics\real\438\000026.jpg,0,438,real,FaceForensics++,0.6198705434799194,1
C:\Users\Rohith Syam\Documents\UTS SEMESTER 3\image processing\idea 2\data\processed\faceforensics\real\438\000027.jpg,0,438,real,FaceForensics++,0.47716373205184937,0
C:\Users\Rohith Syam\Documents\UTS SEMESTER 3\image processing\idea 2\data\processed\faceforensics\real\438\000028.jpg,0,438,real,FaceForensics++,0.9324177503585815,1
C:\Users\Rohith Syam\Documents\UTS SEMESTER 3\image processing\idea 2\data\processed\faceforensics\real\438\000029.jpg,0,438,real,FaceForensics++,0.9914135932922363,1
C:\Users\Rohith Syam\Documents\UTS SEMESTER 3\image processing\idea 2\data\processed\faceforensics\real\677\000000.jpg,0,677,real,FaceForensics++,0.08747834712266922,0
C:\Users\Rohith Syam\Documents\UTS SEMESTER 3\image processing\idea 2\data\processed\faceforensics\real\677\000001.jpg,0,677,real,FaceForensics++,0.12635566294193268,0
C:\Users\Rohith Syam\Documents\UTS SEMESTER 3\image processing\idea 2\data\processed\faceforensics\real\677\000002.jpg,0,677,real,FaceForensics++,0.21960896253585815,0
C:\Users\Rohith Syam\Documents\UTS SEMESTER 3\image processing\idea 2\data\processed\faceforensics\real\677\000003.jpg,0,677,real,FaceForensics++,0.08805449306964874,0
C:\Users\Rohith Syam\Documents\UTS SEMESTER 3\image processing\idea 2\data\processed\faceforensics\real\677\000004.jpg,0,677,real,FaceForensics++,0.028578979894518852,0
C:\Users\Rohith Syam\Documents\UTS SEMESTER 3\image processing\idea 2\data\processed\faceforensics\real\677\000005.jpg,0,677,real,FaceForensics++,0.0988643541932106,0
C:\Users\Rohith Syam\Documents\UTS SEMESTER 3\image processing\idea 2\data\processed\faceforensics\real\677\000006.jpg,0,677,real,FaceForensics++,0.016222409904003143,0
C:\Users\Rohith Syam\Documents\UTS SEMESTER 3\image processing\idea 2\data\processed\faceforensics\real\677\000007.jpg,0,677,real,FaceForensics++,0.7690754532814026,1
C:\Users\Rohith Syam\Documents\UTS SEMESTER 3\image processing\idea 2\data\processed\faceforensics\real\677\000008.jpg,0,677,real,FaceForensics++,0.019082708284258842,0
C:\Users\Rohith Syam\Documents\UTS SEMESTER 3\image processing\idea 2\data\processed\faceforensics\real\677\000009.jpg,0,677,real,FaceForensics++,0.023693861439824104,0
C:\Users\Rohith Syam\Documents\UTS SEMESTER 3\image processing\idea 2\data\processed\faceforensics\real\677\000010.jpg,0,677,real,FaceForensics++,0.028877483680844307,0
C:\Users\Rohith Syam\Documents\UTS SEMESTER 3\image processing\idea 2\data\processed\faceforensics\real\677\000011.jpg,0,677,real,FaceForensics++,0.036840952932834625,0
C:\Users\Rohith Syam\Documents\UTS SEMESTER 3\image processing\idea 2\data\processed\faceforensics\real\677\000012.jpg,0,677,real,FaceForensics++,0.9343417286872864,1
C:\Users\Rohith Syam\Documents\UTS SEMESTER 3\image processing\idea 2\data\processed\faceforensics\real\677\000013.jpg,0,677,real,FaceForensics++,0.9905555844306946,1
C:\Users\Rohith Syam\Documents\UTS SEMESTER 3\image processing\idea 2\data\processed\faceforensics\real\677\000014.jpg,0,677,real,FaceForensics++,0.15882588922977448,0
C:\Users\Rohith Syam\Documents\UTS SEMESTER 3\image processing\idea 2\data\processed\faceforensics\real\677\000015.jpg,0,677,real,FaceForensics++,0.540859043598175,1
C:\Users\Rohith Syam\Documents\UTS SEMESTER 3\image processing\idea 2\data\processed\faceforensics\real\677\000016.jpg,0,677,real,FaceForensics++,0.9758652448654175,1
C:\Users\Rohith Syam\Documents\UTS SEMESTER 3\image processing\idea 2\data\processed\faceforensics\real\677\000017.jpg,0,677,real,FaceForensics++,0.9563997387886047,1
C:\Users\Rohith Syam\Documents\UTS SEMESTER 3\image processing\idea 2\data\processed\faceforensics\real\677\000018.jpg,0,677,real,FaceForensics++,0.5651063323020935,1
C:\Users\Rohith Syam\Documents\UTS SEMESTER 3\image processing\idea 2\data\processed\faceforensics\real\677\000019.jpg,0,677,real,FaceForensics++,0.7325097322463989,1
C:\Users\Rohith Syam\Documents\UTS SEMESTER 3\image processing\idea 2\data\processed\faceforensics\real\677\000020.jpg,0,677,real,FaceForensics++,0.9772894382476807,1
C:\Users\Rohith Syam\Documents\UTS SEMESTER 3\image processing\idea 2\data\processed\faceforensics\real\677\000021.jpg,0,677,real,FaceForensics++,0.9673777222633362,1
C:\Users\Rohith Syam\Documents\UTS SEMESTER 3\image processing\idea 2\data\processed\faceforensics\real\677\000022.jpg,0,677,real,FaceForensics++,0.9318570494651794,1
C:\Users\Rohith Syam\Documents\UTS SEMESTER 3\image processing\idea 2\data\processed\faceforensics\real\677\000023.jpg,0,677,real,FaceForensics++,0.9437244534492493,1
C:\Users\Rohith Syam\Documents\UTS SEMESTER 3\image processing\idea 2\data\processed\faceforensics\real\677\000024.jpg,0,677,real,FaceForensics++,0.9872230291366577,1
C:\Users\Rohith Syam\Documents\UTS SEMESTER 3\image processing\idea 2\data\processed\faceforensics\real\677\000025.jpg,0,677,real,FaceForensics++,0.9935616254806519,1
C:\Users\Rohith Syam\Documents\UTS SEMESTER 3\image processing\idea 2\data\processed\faceforensics\real\677\000026.jpg,0,677,real,FaceForensics++,0.9956008195877075,1
C:\Users\Rohith Syam\Documents\UTS SEMESTER 3\image processing\idea 2\data\processed\faceforensics\real\677\000027.jpg,0,677,real,FaceForensics++,0.9979686141014099,1
C:\Users\Rohith Syam\Documents\UTS SEMESTER 3\image processing\idea 2\data\processed\faceforensics\real\677\000028.jpg,0,677,real,FaceForensics++,0.9982059001922607,1
C:\Users\Rohith Syam\Documents\UTS SEMESTER 3\image processing\idea 2\data\processed\faceforensics\real\677\000029.jpg,0,677,real,FaceForensics++,0.9886614084243774,1
C:\Users\Rohith Syam\Documents\UTS SEMESTER 3\image processing\idea 2\data\processed\faceforensics\real\716\000000.jpg,0,716,real,FaceForensics++,0.7253586053848267,1
C:\Users\Rohith Syam\Documents\UTS SEMESTER 3\image processing\idea 2\data\processed\faceforensics\real\716\000001.jpg,0,716,real,FaceForensics++,0.9787646532058716,1
C:\Users\Rohith Syam\Documents\UTS SEMESTER 3\image processing\idea 2\data\processed\faceforensics\real\716\000002.jpg,0,716,real,FaceForensics++,0.9954866766929626,1
C:\Users\Rohith Syam\Documents\UTS SEMESTER 3\image processing\idea 2\data\processed\faceforensics\real\716\000003.jpg,0,716,real,FaceForensics++,0.9889339804649353,1
C:\Users\Rohith Syam\Documents\UTS SEMESTER 3\image processing\idea 2\data\processed\faceforensics\real\716\000004.jpg,0,716,real,FaceForensics++,0.15865622460842133,0
C:\Users\Rohith Syam\Documents\UTS SEMESTER 3\image processing\idea 2\data\processed\faceforensics\real\716\000005.jpg,0,716,real,FaceForensics++,0.8604153394699097,1
C:\Users\Rohith Syam\Documents\UTS SEMESTER 3\image processing\idea 2\data\processed\faceforensics\real\716\000006.jpg,0,716,real,FaceForensics++,0.9665771722793579,1
C:\Users\Rohith Syam\Documents\UTS SEMESTER 3\image processing\idea 2\data\processed\faceforensics\real\716\000007.jpg,0,716,real,FaceForensics++,0.9136490225791931,1
C:\Users\Rohith Syam\Documents\UTS SEMESTER 3\image processing\idea 2\data\processed\faceforensics\real\716\000008.jpg,0,716,real,FaceForensics++,0.9097316265106201,1
C:\Users\Rohith Syam\Documents\UTS SEMESTER 3\image processing\idea 2\data\processed\faceforensics\real\716\000009.jpg,0,716,real,FaceForensics++,0.9940999150276184,1
C:\Users\Rohith Syam\Documents\UTS SEMESTER 3\image processing\idea 2\data\processed\faceforensics\real\716\000010.jpg,0,716,real,FaceForensics++,0.8944499492645264,1
C:\Users\Rohith Syam\Documents\UTS SEMESTER 3\image processing\idea 2\data\processed\faceforensics\real\716\000011.jpg,0,716,real,FaceForensics++,0.9580714106559753,1
C:\Users\Rohith Syam\Documents\UTS SEMESTER 3\image processing\idea 2\data\processed\faceforensics\real\716\000012.jpg,0,716,real,FaceForensics++,0.5269072651863098,1
C:\Users\Rohith Syam\Documents\UTS SEMESTER 3\image processing\idea 2\data\processed\faceforensics\real\716\000013.jpg,0,716,real,FaceForensics++,0.5499802827835083,1
C:\Users\Rohith Syam\Documents\UTS SEMESTER 3\image processing\idea 2\data\processed\faceforensics\real\716\000014.jpg,0,716,real,FaceForensics++,0.8815194368362427,1
C:\Users\Rohith Syam\Documents\UTS SEMESTER 3\image processing\idea 2\data\processed\faceforensics\real\716\000015.jpg,0,716,real,FaceForensics++,0.9858337044715881,1
C:\Users\Rohith Syam\Documents\UTS SEMESTER 3\image processing\idea 2\data\processed\faceforensics\real\716\000016.jpg,0,716,real,FaceForensics++,0.9982317090034485,1
C:\Users\Rohith Syam\Documents\UTS SEMESTER 3\image processing\idea 2\data\processed\faceforensics\real\716\000017.jpg,0,716,real,FaceForensics++,0.9247469305992126,1
C:\Users\Rohith Syam\Documents\UTS SEMESTER 3\image processing\idea 2\data\processed\faceforensics\real\716\000018.jpg,0,716,real,FaceForensics++,0.9948615431785583,1
C:\Users\Rohith Syam\Documents\UTS SEMESTER 3\image processing\idea 2\data\processed\faceforensics\real\716\000019.jpg,0,716,real,FaceForensics++,0.9424094557762146,1
C:\Users\Rohith Syam\Documents\UTS SEMESTER 3\image processing\idea 2\data\processed\faceforensics\real\716\000020.jpg,0,716,real,FaceForensics++,0.9965131878852844,1
C:\Users\Rohith Syam\Documents\UTS SEMESTER 3\image processing\idea 2\data\processed\faceforensics\real\716\000021.jpg,0,716,real,FaceForensics++,0.9909718036651611,1
C:\Users\Rohith Syam\Documents\UTS SEMESTER 3\image processing\idea 2\data\processed\faceforensics\real\716\000022.jpg,0,716,real,FaceForensics++,0.9895498752593994,1
C:\Users\Rohith Syam\Documents\UTS SEMESTER 3\image processing\idea 2\data\processed\faceforensics\real\716\000023.jpg,0,716,real,FaceForensics++,0.8914251923561096,1
C:\Users\Rohith Syam\Documents\UTS SEMESTER 3\image processing\idea 2\data\processed\faceforensics\real\716\000024.jpg,0,716,real,FaceForensics++,0.8069194555282593,1
C:\Users\Rohith Syam\Documents\UTS SEMESTER 3\image processing\idea 2\data\processed\faceforensics\real\716\000025.jpg,0,716,real,FaceForensics++,0.769775927066803,1
C:\Users\Rohith Syam\Documents\UTS SEMESTER 3\image processing\idea 2\data\processed\faceforensics\real\716\000026.jpg,0,716,real,FaceForensics++,0.9967468976974487,1
C:\Users\Rohith Syam\Documents\UTS SEMESTER 3\image processing\idea 2\data\processed\faceforensics\real\716\000027.jpg,0,716,real,FaceForensics++,0.9925189018249512,1
C:\Users\Rohith Syam\Documents\UTS SEMESTER 3\image processing\idea 2\data\processed\faceforensics\real\716\000028.jpg,0,716,real,FaceForensics++,0.9995823502540588,1
C:\Users\Rohith Syam\Documents\UTS SEMESTER 3\image processing\idea 2\data\processed\faceforensics\real\716\000029.jpg,0,716,real,FaceForensics++,0.746828019618988,1
C:\Users\Rohith Syam\Documents\UTS SEMESTER 3\image processing\idea 2\data\processed\faceforensics\real\794\000000.jpg,0,794,real,FaceForensics++,0.00028567312983796,0
C:\Users\Rohith Syam\Documents\UTS SEMESTER 3\image processing\idea 2\data\processed\faceforensics\real\794\000001.jpg,0,794,real,FaceForensics++,0.027114102616906166,0
C:\Users\Rohith Syam\Documents\UTS SEMESTER 3\image processing\idea 2\data\processed\faceforensics\real\794\000002.jpg,0,794,real,FaceForensics++,0.14886021614074707,0
C:\Users\Rohith Syam\Documents\UTS SEMESTER 3\image processing\idea 2\data\processed\faceforensics\real\794\000003.jpg,0,794,real,FaceForensics++,0.16571353375911713,0
C:\Users\Rohith Syam\Documents\UTS SEMESTER 3\image processing\idea 2\data\processed\faceforensics\real\794\000004.jpg,0,794,real,FaceForensics++,0.00022632602485828102,0
C:\Users\Rohith Syam\Documents\UTS SEMESTER 3\image processing\idea 2\data\processed\faceforensics\real\794\000005.jpg,0,794,real,FaceForensics++,0.0030791382305324078,0
C:\Users\Rohith Syam\Documents\UTS SEMESTER 3\image processing\idea 2\data\processed\faceforensics\real\794\000006.jpg,0,794,real,FaceForensics++,0.0015463164309039712,0
C:\Users\Rohith Syam\Documents\UTS SEMESTER 3\image processing\idea 2\data\processed\faceforensics\real\794\000007.jpg,0,794,real,FaceForensics++,0.002572751836851239,0
C:\Users\Rohith Syam\Documents\UTS SEMESTER 3\image processing\idea 2\data\processed\faceforensics\real\794\000008.jpg,0,794,real,FaceForensics++,0.0020419717766344547,0
C:\Users\Rohith Syam\Documents\UTS SEMESTER 3\image processing\idea 2\data\processed\faceforensics\real\794\000009.jpg,0,794,real,FaceForensics++,0.0010043077636510134,0
C:\Users\Rohith Syam\Documents\UTS SEMESTER 3\image processing\idea 2\data\processed\faceforensics\real\794\000010.jpg,0,794,real,FaceForensics++,0.0033124887850135565,0
C:\Users\Rohith Syam\Documents\UTS SEMESTER 3\image processing\idea 2\data\processed\faceforensics\real\794\000011.jpg,0,794,real,FaceForensics++,0.16780826449394226,0
C:\Users\Rohith Syam\Documents\UTS SEMESTER 3\image processing\idea 2\data\processed\faceforensics\real\794\000012.jpg,0,794,real,FaceForensics++,0.0004928077105432749,0
C:\Users\Rohith Syam\Documents\UTS SEMESTER 3\image processing\idea 2\data\processed\faceforensics\real\794\000013.jpg,0,794,real,FaceForensics++,0.0004178955568931997,0
C:\Users\Rohith Syam\Documents\UTS SEMESTER 3\image processing\idea 2\data\processed\faceforensics\real\794\000014.jpg,0,794,real,FaceForensics++,0.15192410349845886,0
C:\Users\Rohith Syam\Documents\UTS SEMESTER 3\image processing\idea 2\data\processed\faceforensics\real\794\000015.jpg,0,794,real,FaceForensics++,0.0026906647253781557,0
C:\Users\Rohith Syam\Documents\UTS SEMESTER 3\image processing\idea 2\data\processed\faceforensics\real\794\000016.jpg,0,794,real,FaceForensics++,0.0004829318495467305,0
C:\Users\Rohith Syam\Documents\UTS SEMESTER 3\image processing\idea 2\data\processed\faceforensics\real\794\000017.jpg,0,794,real,FaceForensics++,0.09484663605690002,0
C:\Users\Rohith Syam\Documents\UTS SEMESTER 3\image processing\idea 2\data\processed\faceforensics\real\794\000018.jpg,0,794,real,FaceForensics++,0.08921048045158386,0
C:\Users\Rohith Syam\Documents\UTS SEMESTER 3\image processing\idea 2\data\processed\faceforensics\real\794\000019.jpg,0,794,real,FaceForensics++,0.0025972716975957155,0
C:\Users\Rohith Syam\Documents\UTS SEMESTER 3\image processing\idea 2\data\processed\faceforensics\real\794\000020.jpg,0,794,real,FaceForensics++,0.017667487263679504,0
C:\Users\Rohith Syam\Documents\UTS SEMESTER 3\image processing\idea 2\data\processed\faceforensics\real\794\000021.jpg,0,794,real,FaceForensics++,0.03165445476770401,0
C:\Users\Rohith Syam\Documents\UTS SEMESTER 3\image processing\idea 2\data\processed\faceforensics\real\794\000022.jpg,0,794,real,FaceForensics++,7.321419980144128e-05,0
C:\Users\Rohith Syam\Documents\UTS SEMESTER 3\image processing\idea 2\data\processed\faceforensics\real\794\000023.jpg,0,794,real,FaceForensics++,0.0016385215567424893,0
C:\Users\Rohith Syam\Documents\UTS SEMESTER 3\image processing\idea 2\data\processed\faceforensics\real\794\000024.jpg,0,794,real,FaceForensics++,0.02018941193819046,0
C:\Users\Rohith Syam\Documents\UTS SEMESTER 3\image processing\idea 2\data\processed\faceforensics\real\794\000025.jpg,0,794,real,FaceForensics++,0.00485990708693862,0
C:\Users\Rohith Syam\Documents\UTS SEMESTER 3\image processing\idea 2\data\processed\faceforensics\real\794\000026.jpg,0,794,real,FaceForensics++,0.00048096157843247056,0
C:\Users\Rohith Syam\Documents\UTS SEMESTER 3\image processing\idea 2\data\processed\faceforensics\real\794\000027.jpg,0,794,real,FaceForensics++,0.0038865194655954838,0
C:\Users\Rohith Syam\Documents\UTS SEMESTER 3\image processing\idea 2\data\processed\faceforensics\real\794\000028.jpg,0,794,real,FaceForensics++,0.0021958809811621904,0
C:\Users\Rohith Syam\Documents\UTS SEMESTER 3\image processing\idea 2\data\processed\faceforensics\real\794\000029.jpg,0,794,real,FaceForensics++,0.0002679190074559301,0
C:\Users\Rohith Syam\Documents\UTS SEMESTER 3\image processing\idea 2\data\processed\faceforensics\real\811\000000.jpg,0,811,real,FaceForensics++,0.4253762364387512,0
C:\Users\Rohith Syam\Documents\UTS SEMESTER 3\image processing\idea 2\data\processed\faceforensics\real\811\000001.jpg,0,811,real,FaceForensics++,0.6433842182159424,1
C:\Users\Rohith Syam\Documents\UTS SEMESTER 3\image processing\idea 2\data\processed\faceforensics\real\811\000002.jpg,0,811,real,FaceForensics++,0.37490972876548767,0
C:\Users\Rohith Syam\Documents\UTS SEMESTER 3\image processing\idea 2\data\processed\faceforensics\real\811\000003.jpg,0,811,real,FaceForensics++,0.7028268575668335,1
C:\Users\Rohith Syam\Documents\UTS SEMESTER 3\image processing\idea 2\data\processed\faceforensics\real\811\000004.jpg,0,811,real,FaceForensics++,0.9078413248062134,1
C:\Users\Rohith Syam\Documents\UTS SEMESTER 3\image processing\idea 2\data\processed\faceforensics\real\811\000005.jpg,0,811,real,FaceForensics++,0.8216006755828857,1
C:\Users\Rohith Syam\Documents\UTS SEMESTER 3\image processing\idea 2\data\processed\faceforensics\real\811\000006.jpg,0,811,real,FaceForensics++,0.8538203239440918,1
C:\Users\Rohith Syam\Documents\UTS SEMESTER 3\image processing\idea 2\data\processed\faceforensics\real\811\000007.jpg,0,811,real,FaceForensics++,0.9241700172424316,1
C:\Users\Rohith Syam\Documents\UTS SEMESTER 3\image processing\idea 2\data\processed\faceforensics\real\811\000008.jpg,0,811,real,FaceForensics++,0.3606509268283844,0
C:\Users\Rohith Syam\Documents\UTS SEMESTER 3\image processing\idea 2\data\processed\faceforensics\real\811\000009.jpg,0,811,real,FaceForensics++,0.3142068386077881,0
C:\Users\Rohith Syam\Documents\UTS SEMESTER 3\image processing\idea 2\data\processed\faceforensics\real\811\000010.jpg,0,811,real,FaceForensics++,0.3790722191333771,0
C:\Users\Rohith Syam\Documents\UTS SEMESTER 3\image processing\idea 2\data\processed\faceforensics\real\811\000011.jpg,0,811,real,FaceForensics++,0.3564107418060303,0
C:\Users\Rohith Syam\Documents\UTS SEMESTER 3\image processing\idea 2\data\processed\faceforensics\real\811\000012.jpg,0,811,real,FaceForensics++,0.7121642231941223,1
C:\Users\Rohith Syam\Documents\UTS SEMESTER 3\image processing\idea 2\data\processed\faceforensics\real\811\000013.jpg,0,811,real,FaceForensics++,0.9548502564430237,1
C:\Users\Rohith Syam\Documents\UTS SEMESTER 3\image processing\idea 2\data\processed\faceforensics\real\811\000014.jpg,0,811,real,FaceForensics++,0.8444787859916687,1
C:\Users\Rohith Syam\Documents\UTS SEMESTER 3\image processing\idea 2\data\processed\faceforensics\real\811\000015.jpg,0,811,real,FaceForensics++,0.6641678214073181,1
C:\Users\Rohith Syam\Documents\UTS SEMESTER 3\image processing\idea 2\data\processed\faceforensics\real\811\000016.jpg,0,811,real,FaceForensics++,0.8066179156303406,1
C:\Users\Rohith Syam\Documents\UTS SEMESTER 3\image processing\idea 2\data\processed\faceforensics\real\811\000017.jpg,0,811,real,FaceForensics++,0.7633097767829895,1
C:\Users\Rohith Syam\Documents\UTS SEMESTER 3\image processing\idea 2\data\processed\faceforensics\real\811\000018.jpg,0,811,real,FaceForensics++,0.7336118817329407,1
C:\Users\Rohith Syam\Documents\UTS SEMESTER 3\image processing\idea 2\data\processed\faceforensics\real\811\000019.jpg,0,811,real,FaceForensics++,0.18605034053325653,0
C:\Users\Rohith Syam\Documents\UTS SEMESTER 3\image processing\idea 2\data\processed\faceforensics\real\811\000020.jpg,0,811,real,FaceForensics++,0.8617659211158752,1
C:\Users\Rohith Syam\Documents\UTS SEMESTER 3\image processing\idea 2\data\processed\faceforensics\real\811\000021.jpg,0,811,real,FaceForensics++,0.8980115652084351,1
C:\Users\Rohith Syam\Documents\UTS SEMESTER 3\image processing\idea 2\data\processed\faceforensics\real\811\000022.jpg,0,811,real,FaceForensics++,0.3984842300415039,0
C:\Users\Rohith Syam\Documents\UTS SEMESTER 3\image processing\idea 2\data\processed\faceforensics\real\811\000023.jpg,0,811,real,FaceForensics++,0.04579600319266319,0
C:\Users\Rohith Syam\Documents\UTS SEMESTER 3\image processing\idea 2\data\processed\faceforensics\real\811\000024.jpg,0,811,real,FaceForensics++,0.042523883283138275,0
C:\Users\Rohith Syam\Documents\UTS SEMESTER 3\image processing\idea 2\data\processed\faceforensics\real\811\000025.jpg,0,811,real,FaceForensics++,0.7846100926399231,1
C:\Users\Rohith Syam\Documents\UTS SEMESTER 3\image processing\idea 2\data\processed\faceforensics\real\811\000026.jpg,0,811,real,FaceForensics++,0.90735924243927,1
C:\Users\Rohith Syam\Documents\UTS SEMESTER 3\image processing\idea 2\data\processed\faceforensics\real\811\000027.jpg,0,811,real,FaceForensics++,0.7418122887611389,1
C:\Users\Rohith Syam\Documents\UTS SEMESTER 3\image processing\idea 2\data\processed\faceforensics\real\811\000028.jpg,0,811,real,FaceForensics++,0.9260606169700623,1
C:\Users\Rohith Syam\Documents\UTS SEMESTER 3\image processing\idea 2\data\processed\faceforensics\real\811\000029.jpg,0,811,real,FaceForensics++,0.6994425654411316,1
C:\Users\Rohith Syam\Documents\UTS SEMESTER 3\image processing\idea 2\data\processed\faceforensics\real\835\000000.jpg,0,835,real,FaceForensics++,0.9084579348564148,1
C:\Users\Rohith Syam\Documents\UTS SEMESTER 3\image processing\idea 2\data\processed\faceforensics\real\835\000001.jpg,0,835,real,FaceForensics++,0.7178353071212769,1
C:\Users\Rohith Syam\Documents\UTS SEMESTER 3\image processing\idea 2\data\processed\faceforensics\real\835\000002.jpg,0,835,real,FaceForensics++,0.6035083532333374,1
C:\Users\Rohith Syam\Documents\UTS SEMESTER 3\image processing\idea 2\data\processed\faceforensics\real\835\000003.jpg,0,835,real,FaceForensics++,0.9506775140762329,1
C:\Users\Rohith Syam\Documents\UTS SEMESTER 3\image processing\idea 2\data\processed\faceforensics\real\835\000004.jpg,0,835,real,FaceForensics++,0.8696688413619995,1
C:\Users\Rohith Syam\Documents\UTS SEMESTER 3\image processing\idea 2\data\processed\faceforensics\real\835\000005.jpg,0,835,real,FaceForensics++,0.15657605230808258,0
C:\Users\Rohith Syam\Documents\UTS SEMESTER 3\image processing\idea 2\data\processed\faceforensics\real\835\000006.jpg,0,835,real,FaceForensics++,0.6303414106369019,1
C:\Users\Rohith Syam\Documents\UTS SEMESTER 3\image processing\idea 2\data\processed\faceforensics\real\835\000007.jpg,0,835,real,FaceForensics++,0.574836015701294,1
C:\Users\Rohith Syam\Documents\UTS SEMESTER 3\image processing\idea 2\data\processed\faceforensics\real\835\000008.jpg,0,835,real,FaceForensics++,0.5557692646980286,1
C:\Users\Rohith Syam\Documents\UTS SEMESTER 3\image processing\idea 2\data\processed\faceforensics\real\835\000009.jpg,0,835,real,FaceForensics++,0.8845198154449463,1
C:\Users\Rohith Syam\Documents\UTS SEMESTER 3\image processing\idea 2\data\processed\faceforensics\real\835\000010.jpg,0,835,real,FaceForensics++,0.48411425948143005,0
C:\Users\Rohith Syam\Documents\UTS SEMESTER 3\image processing\idea 2\data\processed\faceforensics\real\835\000011.jpg,0,835,real,FaceForensics++,0.7839983105659485,1
C:\Users\Rohith Syam\Documents\UTS SEMESTER 3\image processing\idea 2\data\processed\faceforensics\real\835\000012.jpg,0,835,real,FaceForensics++,0.6271424889564514,1
C:\Users\Rohith Syam\Documents\UTS SEMESTER 3\image processing\idea 2\data\processed\faceforensics\real\835\000013.jpg,0,835,real,FaceForensics++,0.8577057123184204,1
C:\Users\Rohith Syam\Documents\UTS SEMESTER 3\image processing\idea 2\data\processed\faceforensics\real\835\000014.jpg,0,835,real,FaceForensics++,0.7730688452720642,1
C:\Users\Rohith Syam\Documents\UTS SEMESTER 3\image processing\idea 2\data\processed\faceforensics\real\835\000015.jpg,0,835,real,FaceForensics++,0.6982412338256836,1
C:\Users\Rohith Syam\Documents\UTS SEMESTER 3\image processing\idea 2\data\processed\faceforensics\real\835\000016.jpg,0,835,real,FaceForensics++,0.15326300263404846,0
C:\Users\Rohith Syam\Documents\UTS SEMESTER 3\image processing\idea 2\data\processed\faceforensics\real\835\000017.jpg,0,835,real,FaceForensics++,0.5181655883789062,1
C:\Users\Rohith Syam\Documents\UTS SEMESTER 3\image processing\idea 2\data\processed\faceforensics\real\835\000018.jpg,0,835,real,FaceForensics++,0.49854880571365356,0
C:\Users\Rohith Syam\Documents\UTS SEMESTER 3\image processing\idea 2\data\processed\faceforensics\real\835\000019.jpg,0,835,real,FaceForensics++,0.5806722044944763,1
C:\Users\Rohith Syam\Documents\UTS SEMESTER 3\image processing\idea 2\data\processed\faceforensics\real\835\000020.jpg,0,835,real,FaceForensics++,0.7627335786819458,1
C:\Users\Rohith Syam\Documents\UTS SEMESTER 3\image processing\idea 2\data\processed\faceforensics\real\835\000021.jpg,0,835,real,FaceForensics++,0.2220303863286972,0
C:\Users\Rohith Syam\Documents\UTS SEMESTER 3\image processing\idea 2\data\processed\faceforensics\real\835\000022.jpg,0,835,real,FaceForensics++,0.9545145630836487,1
C:\Users\Rohith Syam\Documents\UTS SEMESTER 3\image processing\idea 2\data\processed\faceforensics\real\835\000023.jpg,0,835,real,FaceForensics++,0.4240182042121887,0
C:\Users\Rohith Syam\Documents\UTS SEMESTER 3\image processing\idea 2\data\processed\faceforensics\real\835\000024.jpg,0,835,real,FaceForensics++,0.5740620493888855,1
C:\Users\Rohith Syam\Documents\UTS SEMESTER 3\image processing\idea 2\data\processed\faceforensics\real\835\000025.jpg,0,835,real,FaceForensics++,0.7943097352981567,1
C:\Users\Rohith Syam\Documents\UTS SEMESTER 3\image processing\idea 2\data\processed\faceforensics\real\835\000026.jpg,0,835,real,FaceForensics++,0.487106591463089,0
C:\Users\Rohith Syam\Documents\UTS SEMESTER 3\image processing\idea 2\data\processed\faceforensics\real\835\000027.jpg,0,835,real,FaceForensics++,0.9041062593460083,1
C:\Users\Rohith Syam\Documents\UTS SEMESTER 3\image processing\idea 2\data\processed\faceforensics\real\835\000028.jpg,0,835,real,FaceForensics++,0.7238540053367615,1
C:\Users\Rohith Syam\Documents\UTS SEMESTER 3\image processing\idea 2\data\processed\faceforensics\real\835\000029.jpg,0,835,real,FaceForensics++,0.699985921382904,1
C:\Users\Rohith Syam\Documents\UTS SEMESTER 3\image processing\idea 2\data\processed\faceforensics\real\896\000000.jpg,0,896,real,FaceForensics++,0.11424947530031204,0
C:\Users\Rohith Syam\Documents\UTS SEMESTER 3\image processing\idea 2\data\processed\faceforensics\real\896\000001.jpg,0,896,real,FaceForensics++,0.8044306635856628,1
C:\Users\Rohith Syam\Documents\UTS SEMESTER 3\image processing\idea 2\data\processed\faceforensics\real\896\000002.jpg,0,896,real,FaceForensics++,0.1365554928779602,0
C:\Users\Rohith Syam\Documents\UTS SEMESTER 3\image processing\idea 2\data\processed\faceforensics\real\896\000003.jpg,0,896,real,FaceForensics++,0.04795487970113754,0
C:\Users\Rohith Syam\Documents\UTS SEMESTER 3\image processing\idea 2\data\processed\faceforensics\real\896\000004.jpg,0,896,real,FaceForensics++,0.07726211845874786,0
C:\Users\Rohith Syam\Documents\UTS SEMESTER 3\image processing\idea 2\data\processed\faceforensics\real\896\000005.jpg,0,896,real,FaceForensics++,0.9219645857810974,1
C:\Users\Rohith Syam\Documents\UTS SEMESTER 3\image processing\idea 2\data\processed\faceforensics\real\896\000006.jpg,0,896,real,FaceForensics++,0.7672022581100464,1
C:\Users\Rohith Syam\Documents\UTS SEMESTER 3\image processing\idea 2\data\processed\faceforensics\real\896\000007.jpg,0,896,real,FaceForensics++,0.11524532735347748,0
C:\Users\Rohith Syam\Documents\UTS SEMESTER 3\image processing\idea 2\data\processed\faceforensics\real\896\000008.jpg,0,896,real,FaceForensics++,0.10318543761968613,0
C:\Users\Rohith Syam\Documents\UTS SEMESTER 3\image processing\idea 2\data\processed\faceforensics\real\896\000009.jpg,0,896,real,FaceForensics++,0.15382584929466248,0
C:\Users\Rohith Syam\Documents\UTS SEMESTER 3\image processing\idea 2\data\processed\faceforensics\real\896\000010.jpg,0,896,real,FaceForensics++,0.025709377601742744,0
C:\Users\Rohith Syam\Documents\UTS SEMESTER 3\image processing\idea 2\data\processed\faceforensics\real\896\000011.jpg,0,896,real,FaceForensics++,0.16576480865478516,0
C:\Users\Rohith Syam\Documents\UTS SEMESTER 3\image processing\idea 2\data\processed\faceforensics\real\896\000012.jpg,0,896,real,FaceForensics++,0.28464314341545105,0
C:\Users\Rohith Syam\Documents\UTS SEMESTER 3\image processing\idea 2\data\processed\faceforensics\real\896\000013.jpg,0,896,real,FaceForensics++,0.9168306589126587,1
C:\Users\Rohith Syam\Documents\UTS SEMESTER 3\image processing\idea 2\data\processed\faceforensics\real\896\000014.jpg,0,896,real,FaceForensics++,0.680925190448761,1
C:\Users\Rohith Syam\Documents\UTS SEMESTER 3\image processing\idea 2\data\processed\faceforensics\real\896\000015.jpg,0,896,real,FaceForensics++,0.08744518458843231,0
C:\Users\Rohith Syam\Documents\UTS SEMESTER 3\image processing\idea 2\data\processed\faceforensics\real\896\000016.jpg,0,896,real,FaceForensics++,0.043444182723760605,0
C:\Users\Rohith Syam\Documents\UTS SEMESTER 3\image processing\idea 2\data\processed\faceforensics\real\896\000017.jpg,0,896,real,FaceForensics++,0.1577536165714264,0
C:\Users\Rohith Syam\Documents\UTS SEMESTER 3\image processing\idea 2\data\processed\faceforensics\real\896\000018.jpg,0,896,real,FaceForensics++,0.10603898763656616,0
C:\Users\Rohith Syam\Documents\UTS SEMESTER 3\image processing\idea 2\data\processed\faceforensics\real\896\000019.jpg,0,896,real,FaceForensics++,0.1687314361333847,0
C:\Users\Rohith Syam\Documents\UTS SEMESTER 3\image processing\idea 2\data\processed\faceforensics\real\896\000020.jpg,0,896,real,FaceForensics++,0.4291105270385742,0
C:\Users\Rohith Syam\Documents\UTS SEMESTER 3\image processing\idea 2\data\processed\faceforensics\real\896\000021.jpg,0,896,real,FaceForensics++,0.009905361570417881,0
C:\Users\Rohith Syam\Documents\UTS SEMESTER 3\image processing\idea 2\data\processed\faceforensics\real\896\000022.jpg,0,896,real,FaceForensics++,0.0796537846326828,0
C:\Users\Rohith Syam\Documents\UTS SEMESTER 3\image processing\idea 2\data\processed\faceforensics\real\896\000023.jpg,0,896,real,FaceForensics++,0.27968451380729675,0
C:\Users\Rohith Syam\Documents\UTS SEMESTER 3\image processing\idea 2\data\processed\faceforensics\real\896\000024.jpg,0,896,real,FaceForensics++,0.019224336370825768,0
C:\Users\Rohith Syam\Documents\UTS SEMESTER 3\image processing\idea 2\data\processed\faceforensics\real\896\000025.jpg,0,896,real,FaceForensics++,0.8335943222045898,1
C:\Users\Rohith Syam\Documents\UTS SEMESTER 3\image processing\idea 2\data\processed\faceforensics\real\896\000026.jpg,0,896,real,FaceForensics++,0.7237042784690857,1
C:\Users\Rohith Syam\Documents\UTS SEMESTER 3\image processing\idea 2\data\processed\faceforensics\real\896\000027.jpg,0,896,real,FaceForensics++,0.8905491828918457,1
C:\Users\Rohith Syam\Documents\UTS SEMESTER 3\image processing\idea 2\data\processed\faceforensics\real\896\000028.jpg,0,896,real,FaceForensics++,0.4161616265773773,0
C:\Users\Rohith Syam\Documents\UTS SEMESTER 3\image processing\idea 2\data\processed\faceforensics\real\896\000029.jpg,0,896,real,FaceForensics++,0.5628885626792908,1
C:\Users\Rohith Syam\Documents\UTS SEMESTER 3\image processing\idea 2\data\processed\faceforensics\real\980\000000.jpg,0,980,real,FaceForensics++,0.6086358428001404,1
C:\Users\Rohith Syam\Documents\UTS SEMESTER 3\image processing\idea 2\data\processed\faceforensics\real\980\000001.jpg,0,980,real,FaceForensics++,0.9579472541809082,1
C:\Users\Rohith Syam\Documents\UTS SEMESTER 3\image processing\idea 2\data\processed\faceforensics\real\980\000002.jpg,0,980,real,FaceForensics++,0.1683819591999054,0
C:\Users\Rohith Syam\Documents\UTS SEMESTER 3\image processing\idea 2\data\processed\faceforensics\real\980\000003.jpg,0,980,real,FaceForensics++,0.12730777263641357,0
C:\Users\Rohith Syam\Documents\UTS SEMESTER 3\image processing\idea 2\data\processed\faceforensics\real\980\000004.jpg,0,980,real,FaceForensics++,0.15272291004657745,0
C:\Users\Rohith Syam\Documents\UTS SEMESTER 3\image processing\idea 2\data\processed\faceforensics\real\980\000005.jpg,0,980,real,FaceForensics++,0.37622329592704773,0
C:\Users\Rohith Syam\Documents\UTS SEMESTER 3\image processing\idea 2\data\processed\faceforensics\real\980\000006.jpg,0,980,real,FaceForensics++,0.8950597047805786,1
C:\Users\Rohith Syam\Documents\UTS SEMESTER 3\image processing\idea 2\data\processed\faceforensics\real\980\000007.jpg,0,980,real,FaceForensics++,0.2790217697620392,0
C:\Users\Rohith Syam\Documents\UTS SEMESTER 3\image processing\idea 2\data\processed\faceforensics\real\980\000008.jpg,0,980,real,FaceForensics++,0.4779132008552551,0
C:\Users\Rohith Syam\Documents\UTS SEMESTER 3\image processing\idea 2\data\processed\faceforensics\real\980\000009.jpg,0,980,real,FaceForensics++,0.4559279680252075,0
C:\Users\Rohith Syam\Documents\UTS SEMESTER 3\image processing\idea 2\data\processed\faceforensics\real\980\000010.jpg,0,980,real,FaceForensics++,0.4542345702648163,0
C:\Users\Rohith Syam\Documents\UTS SEMESTER 3\image processing\idea 2\data\processed\faceforensics\real\980\000011.jpg,0,980,real,FaceForensics++,0.9153800010681152,1
C:\Users\Rohith Syam\Documents\UTS SEMESTER 3\image processing\idea 2\data\processed\faceforensics\real\980\000012.jpg,0,980,real,FaceForensics++,0.9324874877929688,1
C:\Users\Rohith Syam\Documents\UTS SEMESTER 3\image processing\idea 2\data\processed\faceforensics\real\980\000013.jpg,0,980,real,FaceForensics++,0.9967202544212341,1
C:\Users\Rohith Syam\Documents\UTS SEMESTER 3\image processing\idea 2\data\processed\faceforensics\real\980\000014.jpg,0,980,real,FaceForensics++,0.24758301675319672,0
C:\Users\Rohith Syam\Documents\UTS SEMESTER 3\image processing\idea 2\data\processed\faceforensics\real\980\000015.jpg,0,980,real,FaceForensics++,0.35210293531417847,0
C:\Users\Rohith Syam\Documents\UTS SEMESTER 3\image processing\idea 2\data\processed\faceforensics\real\980\000016.jpg,0,980,real,FaceForensics++,0.22085201740264893,0
C:\Users\Rohith Syam\Documents\UTS SEMESTER 3\image processing\idea 2\data\processed\faceforensics\real\980\000017.jpg,0,980,real,FaceForensics++,0.023302452638745308,0
C:\Users\Rohith Syam\Documents\UTS SEMESTER 3\image processing\idea 2\data\processed\faceforensics\real\980\000018.jpg,0,980,real,FaceForensics++,0.9840074181556702,1
C:\Users\Rohith Syam\Documents\UTS SEMESTER 3\image processing\idea 2\data\processed\faceforensics\real\980\000019.jpg,0,980,real,FaceForensics++,0.7210705876350403,1
C:\Users\Rohith Syam\Documents\UTS SEMESTER 3\image processing\idea 2\data\processed\faceforensics\real\980\000020.jpg,0,980,real,FaceForensics++,0.9840720295906067,1
C:\Users\Rohith Syam\Documents\UTS SEMESTER 3\image processing\idea 2\data\processed\faceforensics\real\980\000021.jpg,0,980,real,FaceForensics++,0.8619282245635986,1
C:\Users\Rohith Syam\Documents\UTS SEMESTER 3\image processing\idea 2\data\processed\faceforensics\real\980\000022.jpg,0,980,real,FaceForensics++,0.8897243142127991,1
C:\Users\Rohith Syam\Documents\UTS SEMESTER 3\image processing\idea 2\data\processed\faceforensics\real\980\000023.jpg,0,980,real,FaceForensics++,0.1822434663772583,0
C:\Users\Rohith Syam\Documents\UTS SEMESTER 3\image processing\idea 2\data\processed\faceforensics\real\980\000024.jpg,0,980,real,FaceForensics++,0.21460998058319092,0
C:\Users\Rohith Syam\Documents\UTS SEMESTER 3\image processing\idea 2\data\processed\faceforensics\real\980\000025.jpg,0,980,real,FaceForensics++,0.10136764496564865,0
C:\Users\Rohith Syam\Documents\UTS SEMESTER 3\image processing\idea 2\data\processed\faceforensics\real\980\000026.jpg,0,980,real,FaceForensics++,0.48721450567245483,0
C:\Users\Rohith Syam\Documents\UTS SEMESTER 3\image processing\idea 2\data\processed\faceforensics\real\980\000027.jpg,0,980,real,FaceForensics++,0.922851026058197,1
C:\Users\Rohith Syam\Documents\UTS SEMESTER 3\image processing\idea 2\data\processed\faceforensics\real\980\000028.jpg,0,980,real,FaceForensics++,0.88288813829422,1
C:\Users\Rohith Syam\Documents\UTS SEMESTER 3\image processing\idea 2\data\processed\faceforensics\real\980\000029.jpg,0,980,real,FaceForensics++,0.6997787952423096,1
C:\Users\Rohith Syam\Documents\UTS SEMESTER 3\image processing\idea 2\data\processed\faceforensics\Deepfakes\035_036\000000.jpg,1,35,Deepfakes,FaceForensics++,0.7016369104385376,1
C:\Users\Rohith Syam\Documents\UTS SEMESTER 3\image processing\idea 2\data\processed\faceforensics\Deepfakes\035_036\000001.jpg,1,35,Deepfakes,FaceForensics++,0.688191831111908,1
C:\Users\Rohith Syam\Documents\UTS SEMESTER 3\image processing\idea 2\data\processed\faceforensics\Deepfakes\035_036\000002.jpg,1,35,Deepfakes,FaceForensics++,0.9001185297966003,1
C:\Users\Rohith Syam\Documents\UTS SEMESTER 3\image processing\idea 2\data\processed\faceforensics\Deepfakes\035_036\000003.jpg,1,35,Deepfakes,FaceForensics++,0.5988479256629944,1
C:\Users\Rohith Syam\Documents\UTS SEMESTER 3\image processing\idea 2\data\processed\faceforensics\Deepfakes\035_036\000004.jpg,1,35,Deepfakes,FaceForensics++,0.584602952003479,1
C:\Users\Rohith Syam\Documents\UTS SEMESTER 3\image processing\idea 2\data\processed\faceforensics\Deepfakes\035_036\000005.jpg,1,35,Deepfakes,FaceForensics++,0.33798155188560486,0
C:\Users\Rohith Syam\Documents\UTS SEMESTER 3\image processing\idea 2\data\processed\faceforensics\Deepfakes\035_036\000006.jpg,1,35,Deepfakes,FaceForensics++,0.6080272793769836,1
C:\Users\Rohith Syam\Documents\UTS SEMESTER 3\image processing\idea 2\data\processed\faceforensics\Deepfakes\035_036\000007.jpg,1,35,Deepfakes,FaceForensics++,0.2092650681734085,0
C:\Users\Rohith Syam\Documents\UTS SEMESTER 3\image processing\idea 2\data\processed\faceforensics\Deepfakes\035_036\000008.jpg,1,35,Deepfakes,FaceForensics++,0.17500022053718567,0
C:\Users\Rohith Syam\Documents\UTS SEMESTER 3\image processing\idea 2\data\processed\faceforensics\Deepfakes\035_036\000009.jpg,1,35,Deepfakes,FaceForensics++,0.9190335273742676,1
C:\Users\Rohith Syam\Documents\UTS SEMESTER 3\image processing\idea 2\data\processed\faceforensics\Deepfakes\035_036\000010.jpg,1,35,Deepfakes,FaceForensics++,0.9604642987251282,1
C:\Users\Rohith Syam\Documents\UTS SEMESTER 3\image processing\idea 2\data\processed\faceforensics\Deepfakes\035_036\000011.jpg,1,35,Deepfakes,FaceForensics++,0.7639675140380859,1
C:\Users\Rohith Syam\Documents\UTS SEMESTER 3\image processing\idea 2\data\processed\faceforensics\Deepfakes\035_036\000012.jpg,1,35,Deepfakes,FaceForensics++,0.7973709106445312,1
C:\Users\Rohith Syam\Documents\UTS SEMESTER 3\image processing\idea 2\data\processed\faceforensics\Deepfakes\035_036\000013.jpg,1,35,Deepfakes,FaceForensics++,0.7805855870246887,1
C:\Users\Rohith Syam\Documents\UTS SEMESTER 3\image processing\idea 2\data\processed\faceforensics\Deepfakes\035_036\000014.jpg,1,35,Deepfakes,FaceForensics++,0.940950334072113,1
C:\Users\Rohith Syam\Documents\UTS SEMESTER 3\image processing\idea 2\data\processed\faceforensics\Deepfakes\035_036\000015.jpg,1,35,Deepfakes,FaceForensics++,0.29721713066101074,0
C:\Users\Rohith Syam\Documents\UTS SEMESTER 3\image processing\idea 2\data\processed\faceforensics\Deepfakes\035_036\000016.jpg,1,35,Deepfakes,FaceForensics++,0.908035397529602,1
C:\Users\Rohith Syam\Documents\UTS SEMESTER 3\image processing\idea 2\data\processed\faceforensics\Deepfakes\035_036\000017.jpg,1,35,Deepfakes,FaceForensics++,0.8459082245826721,1
C:\Users\Rohith Syam\Documents\UTS SEMESTER 3\image processing\idea 2\data\processed\faceforensics\Deepfakes\035_036\000018.jpg,1,35,Deepfakes,FaceForensics++,0.7839148044586182,1
C:\Users\Rohith Syam\Documents\UTS SEMESTER 3\image processing\idea 2\data\processed\faceforensics\Deepfakes\035_036\000019.jpg,1,35,Deepfakes,FaceForensics++,0.6130795478820801,1
C:\Users\Rohith Syam\Documents\UTS SEMESTER 3\image processing\idea 2\data\processed\faceforensics\Deepfakes\035_036\000020.jpg,1,35,Deepfakes,FaceForensics++,0.8035552501678467,1
C:\Users\Rohith Syam\Documents\UTS SEMESTER 3\image processing\idea 2\data\processed\faceforensics\Deepfakes\035_036\000021.jpg,1,35,Deepfakes,FaceForensics++,0.44402724504470825,0
C:\Users\Rohith Syam\Documents\UTS SEMESTER 3\image processing\idea 2\data\processed\faceforensics\Deepfakes\035_036\000022.jpg,1,35,Deepfakes,FaceForensics++,0.3168428838253021,0
C:\Users\Rohith Syam\Documents\UTS SEMESTER 3\image processing\idea 2\data\processed\faceforensics\Deepfakes\035_036\000023.jpg,1,35,Deepfakes,FaceForensics++,0.7510982751846313,1
C:\Users\Rohith Syam\Documents\UTS SEMESTER 3\image processing\idea 2\data\processed\faceforensics\Deepfakes\035_036\000024.jpg,1,35,Deepfakes,FaceForensics++,0.9142673015594482,1
C:\Users\Rohith Syam\Documents\UTS SEMESTER 3\image processing\idea 2\data\processed\faceforensics\Deepfakes\035_036\000025.jpg,1,35,Deepfakes,FaceForensics++,0.9338244795799255,1
C:\Users\Rohith Syam\Documents\UTS SEMESTER 3\image processing\idea 2\data\processed\faceforensics\Deepfakes\035_036\000026.jpg,1,35,Deepfakes,FaceForensics++,0.7658854722976685,1
C:\Users\Rohith Syam\Documents\UTS SEMESTER 3\image processing\idea 2\data\processed\faceforensics\Deepfakes\035_036\000027.jpg,1,35,Deepfakes,FaceForensics++,0.9801768064498901,1
C:\Users\Rohith Syam\Documents\UTS SEMESTER 3\image processing\idea 2\data\processed\faceforensics\Deepfakes\035_036\000028.jpg,1,35,Deepfakes,FaceForensics++,0.7152961492538452,1
C:\Users\Rohith Syam\Documents\UTS SEMESTER 3\image processing\idea 2\data\processed\faceforensics\Deepfakes\035_036\000029.jpg,1,35,Deepfakes,FaceForensics++,0.9866790175437927,1
C:\Users\Rohith Syam\Documents\UTS SEMESTER 3\image processing\idea 2\data\processed\faceforensics\Deepfakes\222_168\000000.jpg,1,222,Deepfakes,FaceForensics++,0.966202974319458,1
C:\Users\Rohith Syam\Documents\UTS SEMESTER 3\image processing\idea 2\data\processed\faceforensics\Deepfakes\222_168\000001.jpg,1,222,Deepfakes,FaceForensics++,0.06521950662136078,0
C:\Users\Rohith Syam\Documents\UTS SEMESTER 3\image processing\idea 2\data\processed\faceforensics\Deepfakes\222_168\000002.jpg,1,222,Deepfakes,FaceForensics++,0.45402830839157104,0
C:\Users\Rohith Syam\Documents\UTS SEMESTER 3\image processing\idea 2\data\processed\faceforensics\Deepfakes\222_168\000003.jpg,1,222,Deepfakes,FaceForensics++,0.22834621369838715,0
C:\Users\Rohith Syam\Documents\UTS SEMESTER 3\image processing\idea 2\data\processed\faceforensics\Deepfakes\222_168\000004.jpg,1,222,Deepfakes,FaceForensics++,0.42486175894737244,0
C:\Users\Rohith Syam\Documents\UTS SEMESTER 3\image processing\idea 2\data\processed\faceforensics\Deepfakes\222_168\000005.jpg,1,222,Deepfakes,FaceForensics++,0.16123579442501068,0
C:\Users\Rohith Syam\Documents\UTS SEMESTER 3\image processing\idea 2\data\processed\faceforensics\Deepfakes\222_168\000006.jpg,1,222,Deepfakes,FaceForensics++,0.050955235958099365,0
C:\Users\Rohith Syam\Documents\UTS SEMESTER 3\image processing\idea 2\data\processed\faceforensics\Deepfakes\222_168\000007.jpg,1,222,Deepfakes,FaceForensics++,0.17387601733207703,0
C:\Users\Rohith Syam\Documents\UTS SEMESTER 3\image processing\idea 2\data\processed\faceforensics\Deepfakes\222_168\000008.jpg,1,222,Deepfakes,FaceForensics++,0.11658331751823425,0
C:\Users\Rohith Syam\Documents\UTS SEMESTER 3\image processing\idea 2\data\processed\faceforensics\Deepfakes\222_168\000009.jpg,1,222,Deepfakes,FaceForensics++,0.15053431689739227,0
C:\Users\Rohith Syam\Documents\UTS SEMESTER 3\image processing\idea 2\data\processed\faceforensics\Deepfakes\222_168\000010.jpg,1,222,Deepfakes,FaceForensics++,0.037434983998537064,0
C:\Users\Rohith Syam\Documents\UTS SEMESTER 3\image processing\idea 2\data\processed\faceforensics\Deepfakes\222_168\000011.jpg,1,222,Deepfakes,FaceForensics++,0.2778345048427582,0
C:\Users\Rohith Syam\Documents\UTS SEMESTER 3\image processing\idea 2\data\processed\faceforensics\Deepfakes\222_168\000012.jpg,1,222,Deepfakes,FaceForensics++,0.26357996463775635,0
C:\Users\Rohith Syam\Documents\UTS SEMESTER 3\image processing\idea 2\data\processed\faceforensics\Deepfakes\222_168\000013.jpg,1,222,Deepfakes,FaceForensics++,0.1364699900150299,0
C:\Users\Rohith Syam\Documents\UTS SEMESTER 3\image processing\idea 2\data\processed\faceforensics\Deepfakes\222_168\000014.jpg,1,222,Deepfakes,FaceForensics++,0.37933483719825745,0
C:\Users\Rohith Syam\Documents\UTS SEMESTER 3\image processing\idea 2\data\processed\faceforensics\Deepfakes\222_168\000015.jpg,1,222,Deepfakes,FaceForensics++,0.12051558494567871,0
C:\Users\Rohith Syam\Documents\UTS SEMESTER 3\image processing\idea 2\data\processed\faceforensics\Deepfakes\222_168\000016.jpg,1,222,Deepfakes,FaceForensics++,0.7108052968978882,1
C:\Users\Rohith Syam\Documents\UTS SEMESTER 3\image processing\idea 2\data\processed\faceforensics\Deepfakes\222_168\000017.jpg,1,222,Deepfakes,FaceForensics++,0.9328420162200928,1
C:\Users\Rohith Syam\Documents\UTS SEMESTER 3\image processing\idea 2\data\processed\faceforensics\Deepfakes\222_168\000018.jpg,1,222,Deepfakes,FaceForensics++,0.5046986937522888,1
C:\Users\Rohith Syam\Documents\UTS SEMESTER 3\image processing\idea 2\data\processed\faceforensics\Deepfakes\222_168\000019.jpg,1,222,Deepfakes,FaceForensics++,0.6884093880653381,1
C:\Users\Rohith Syam\Documents\UTS SEMESTER 3\image processing\idea 2\data\processed\faceforensics\Deepfakes\222_168\000020.jpg,1,222,Deepfakes,FaceForensics++,0.8346306681632996,1
C:\Users\Rohith Syam\Documents\UTS SEMESTER 3\image processing\idea 2\data\processed\faceforensics\Deepfakes\222_168\000021.jpg,1,222,Deepfakes,FaceForensics++,0.5643627047538757,1
C:\Users\Rohith Syam\Documents\UTS SEMESTER 3\image processing\idea 2\data\processed\faceforensics\Deepfakes\222_168\000022.jpg,1,222,Deepfakes,FaceForensics++,0.4963464140892029,0
C:\Users\Rohith Syam\Documents\UTS SEMESTER 3\image processing\idea 2\data\processed\faceforensics\Deepfakes\222_168\000023.jpg,1,222,Deepfakes,FaceForensics++,0.6468713283538818,1
C:\Users\Rohith Syam\Documents\UTS SEMESTER 3\image processing\idea 2\data\processed\faceforensics\Deepfakes\222_168\000024.jpg,1,222,Deepfakes,FaceForensics++,0.456683486700058,0
C:\Users\Rohith Syam\Documents\UTS SEMESTER 3\image processing\idea 2\data\processed\faceforensics\Deepfakes\222_168\000025.jpg,1,222,Deepfakes,FaceForensics++,0.17864637076854706,0
C:\Users\Rohith Syam\Documents\UTS SEMESTER 3\image processing\idea 2\data\processed\faceforensics\Deepfakes\222_168\000026.jpg,1,222,Deepfakes,FaceForensics++,0.07079063355922699,0
C:\Users\Rohith Syam\Documents\UTS SEMESTER 3\image processing\idea 2\data\processed\faceforensics\Deepfakes\222_168\000027.jpg,1,222,Deepfakes,FaceForensics++,0.15656769275665283,0
C:\Users\Rohith Syam\Documents\UTS SEMESTER 3\image processing\idea 2\data\processed\faceforensics\Deepfakes\222_168\000028.jpg,1,222,Deepfakes,FaceForensics++,0.5321664810180664,1
C:\Users\Rohith Syam\Documents\UTS SEMESTER 3\image processing\idea 2\data\processed\faceforensics\Deepfakes\222_168\000029.jpg,1,222,Deepfakes,FaceForensics++,0.0654020607471466,0
C:\Users\Rohith Syam\Documents\UTS SEMESTER 3\image processing\idea 2\data\processed\faceforensics\Deepfakes\253_183\000000.jpg,1,253,Deepfakes,FaceForensics++,0.9995256662368774,1
C:\Users\Rohith Syam\Documents\UTS SEMESTER 3\image processing\idea 2\data\processed\faceforensics\Deepfakes\253_183\000001.jpg,1,253,Deepfakes,FaceForensics++,0.9981436729431152,1
C:\Users\Rohith Syam\Documents\UTS SEMESTER 3\image processing\idea 2\data\processed\faceforensics\Deepfakes\253_183\000002.jpg,1,253,Deepfakes,FaceForensics++,0.9998075366020203,1
C:\Users\Rohith Syam\Documents\UTS SEMESTER 3\image processing\idea 2\data\processed\faceforensics\Deepfakes\253_183\000003.jpg,1,253,Deepfakes,FaceForensics++,0.9986703395843506,1
C:\Users\Rohith Syam\Documents\UTS SEMESTER 3\image processing\idea 2\data\processed\faceforensics\Deepfakes\253_183\000004.jpg,1,253,Deepfakes,FaceForensics++,0.9981057643890381,1
C:\Users\Rohith Syam\Documents\UTS SEMESTER 3\image processing\idea 2\data\processed\faceforensics\Deepfakes\253_183\000005.jpg,1,253,Deepfakes,FaceForensics++,0.9985902905464172,1
C:\Users\Rohith Syam\Documents\UTS SEMESTER 3\image processing\idea 2\data\processed\faceforensics\Deepfakes\253_183\000006.jpg,1,253,Deepfakes,FaceForensics++,0.9995300769805908,1
C:\Users\Rohith Syam\Documents\UTS SEMESTER 3\image processing\idea 2\data\processed\faceforensics\Deepfakes\253_183\000007.jpg,1,253,Deepfakes,FaceForensics++,0.9979191422462463,1
C:\Users\Rohith Syam\Documents\UTS SEMESTER 3\image processing\idea 2\data\processed\faceforensics\Deepfakes\253_183\000008.jpg,1,253,Deepfakes,FaceForensics++,0.998688280582428,1
C:\Users\Rohith Syam\Documents\UTS SEMESTER 3\image processing\idea 2\data\processed\faceforensics\Deepfakes\253_183\000009.jpg,1,253,Deepfakes,FaceForensics++,0.9997499585151672,1
C:\Users\Rohith Syam\Documents\UTS SEMESTER 3\image processing\idea 2\data\processed\faceforensics\Deepfakes\253_183\000010.jpg,1,253,Deepfakes,FaceForensics++,0.9993176460266113,1
C:\Users\Rohith Syam\Documents\UTS SEMESTER 3\image processing\idea 2\data\processed\faceforensics\Deepfakes\253_183\000011.jpg,1,253,Deepfakes,FaceForensics++,0.9744524359703064,1
C:\Users\Rohith Syam\Documents\UTS SEMESTER 3\image processing\idea 2\data\processed\faceforensics\Deepfakes\253_183\000012.jpg,1,253,Deepfakes,FaceForensics++,0.98226398229599,1
C:\Users\Rohith Syam\Documents\UTS SEMESTER 3\image processing\idea 2\data\processed\faceforensics\Deepfakes\253_183\000013.jpg,1,253,Deepfakes,FaceForensics++,0.9758519530296326,1
C:\Users\Rohith Syam\Documents\UTS SEMESTER 3\image processing\idea 2\data\processed\faceforensics\Deepfakes\253_183\000014.jpg,1,253,Deepfakes,FaceForensics++,0.9715131521224976,1
C:\Users\Rohith Syam\Documents\UTS SEMESTER 3\image processing\idea 2\data\processed\faceforensics\Deepfakes\253_183\000015.jpg,1,253,Deepfakes,FaceForensics++,0.9948952794075012,1
C:\Users\Rohith Syam\Documents\UTS SEMESTER 3\image processing\idea 2\data\processed\faceforensics\Deepfakes\253_183\000016.jpg,1,253,Deepfakes,FaceForensics++,0.9968276619911194,1
C:\Users\Rohith Syam\Documents\UTS SEMESTER 3\image processing\idea 2\data\processed\faceforensics\Deepfakes\253_183\000017.jpg,1,253,Deepfakes,FaceForensics++,0.9836695194244385,1
C:\Users\Rohith Syam\Documents\UTS SEMESTER 3\image processing\idea 2\data\processed\faceforensics\Deepfakes\253_183\000018.jpg,1,253,Deepfakes,FaceForensics++,0.9736672639846802,1
C:\Users\Rohith Syam\Documents\UTS SEMESTER 3\image processing\idea 2\data\processed\faceforensics\Deepfakes\253_183\000019.jpg,1,253,Deepfakes,FaceForensics++,0.997776448726654,1
C:\Users\Rohith Syam\Documents\UTS SEMESTER 3\image processing\idea 2\data\processed\faceforensics\Deepfakes\253_183\000020.jpg,1,253,Deepfakes,FaceForensics++,0.9623295068740845,1
C:\Users\Rohith Syam\Documents\UTS SEMESTER 3\image processing\idea 2\data\processed\faceforensics\Deepfakes\253_183\000021.jpg,1,253,Deepfakes,FaceForensics++,0.9730315208435059,1
C:\Users\Rohith Syam\Documents\UTS SEMESTER 3\image processing\idea 2\data\processed\faceforensics\Deepfakes\253_183\000022.jpg,1,253,Deepfakes,FaceForensics++,0.9992813467979431,1
C:\Users\Rohith Syam\Documents\UTS SEMESTER 3\image processing\idea 2\data\processed\faceforensics\Deepfakes\253_183\000023.jpg,1,253,Deepfakes,FaceForensics++,0.9939916729927063,1
C:\Users\Rohith Syam\Documents\UTS SEMESTER 3\image processing\idea 2\data\processed\faceforensics\Deepfakes\253_183\000024.jpg,1,253,Deepfakes,FaceForensics++,0.9940525889396667,1
C:\Users\Rohith Syam\Documents\UTS SEMESTER 3\image processing\idea 2\data\processed\faceforensics\Deepfakes\253_183\000025.jpg,1,253,Deepfakes,FaceForensics++,0.999823272228241,1
C:\Users\Rohith Syam\Documents\UTS SEMESTER 3\image processing\idea 2\data\processed\faceforensics\Deepfakes\253_183\000026.jpg,1,253,Deepfakes,FaceForensics++,0.9981353282928467,1
C:\Users\Rohith Syam\Documents\UTS SEMESTER 3\image processing\idea 2\data\processed\faceforensics\Deepfakes\253_183\000027.jpg,1,253,Deepfakes,FaceForensics++,0.9995201826095581,1
C:\Users\Rohith Syam\Documents\UTS SEMESTER 3\image processing\idea 2\data\processed\faceforensics\Deepfakes\253_183\000028.jpg,1,253,Deepfakes,FaceForensics++,0.9976094961166382,1
C:\Users\Rohith Syam\Documents\UTS SEMESTER 3\image processing\idea 2\data\processed\faceforensics\Deepfakes\253_183\000029.jpg,1,253,Deepfakes,FaceForensics++,0.9989175796508789,1
C:\Users\Rohith Syam\Documents\UTS SEMESTER 3\image processing\idea 2\data\processed\faceforensics\Deepfakes\263_284\000000.jpg,1,263,Deepfakes,FaceForensics++,0.002460640389472246,0
C:\Users\Rohith Syam\Documents\UTS SEMESTER 3\image processing\idea 2\data\processed\faceforensics\Deepfakes\263_284\000001.jpg,1,263,Deepfakes,FaceForensics++,0.03301349654793739,0
C:\Users\Rohith Syam\Documents\UTS SEMESTER 3\image processing\idea 2\data\processed\faceforensics\Deepfakes\263_284\000002.jpg,1,263,Deepfakes,FaceForensics++,0.002398553304374218,0
C:\Users\Rohith Syam\Documents\UTS SEMESTER 3\image processing\idea 2\data\processed\faceforensics\Deepfakes\263_284\000003.jpg,1,263,Deepfakes,FaceForensics++,0.04193199798464775,0
C:\Users\Rohith Syam\Documents\UTS SEMESTER 3\image processing\idea 2\data\processed\faceforensics\Deepfakes\263_284\000004.jpg,1,263,Deepfakes,FaceForensics++,0.2301664501428604,0
C:\Users\Rohith Syam\Documents\UTS SEMESTER 3\image processing\idea 2\data\processed\faceforensics\Deepfakes\263_284\000005.jpg,1,263,Deepfakes,FaceForensics++,0.025925548747181892,0
C:\Users\Rohith Syam\Documents\UTS SEMESTER 3\image processing\idea 2\data\processed\faceforensics\Deepfakes\263_284\000006.jpg,1,263,Deepfakes,FaceForensics++,0.014721543528139591,0
C:\Users\Rohith Syam\Documents\UTS SEMESTER 3\image processing\idea 2\data\processed\faceforensics\Deepfakes\263_284\000007.jpg,1,263,Deepfakes,FaceForensics++,0.00954869668930769,0
C:\Users\Rohith Syam\Documents\UTS SEMESTER 3\image processing\idea 2\data\processed\faceforensics\Deepfakes\263_284\000008.jpg,1,263,Deepfakes,FaceForensics++,0.007579704746603966,0
C:\Users\Rohith Syam\Documents\UTS SEMESTER 3\image processing\idea 2\data\processed\faceforensics\Deepfakes\263_284\000009.jpg,1,263,Deepfakes,FaceForensics++,0.03731300309300423,0
C:\Users\Rohith Syam\Documents\UTS SEMESTER 3\image processing\idea 2\data\processed\faceforensics\Deepfakes\263_284\000010.jpg,1,263,Deepfakes,FaceForensics++,0.0006789499893784523,0
C:\Users\Rohith Syam\Documents\UTS SEMESTER 3\image processing\idea 2\data\processed\faceforensics\Deepfakes\263_284\000011.jpg,1,263,Deepfakes,FaceForensics++,0.005821628961712122,0
C:\Users\Rohith Syam\Documents\UTS SEMESTER 3\image processing\idea 2\data\processed\faceforensics\Deepfakes\263_284\000012.jpg,1,263,Deepfakes,FaceForensics++,0.0062942104414105415,0
C:\Users\Rohith Syam\Documents\UTS SEMESTER 3\image processing\idea 2\data\processed\faceforensics\Deepfakes\263_284\000013.jpg,1,263,Deepfakes,FaceForensics++,0.003212812589481473,0
C:\Users\Rohith Syam\Documents\UTS SEMESTER 3\image processing\idea 2\data\processed\faceforensics\Deepfakes\263_284\000014.jpg,1,263,Deepfakes,FaceForensics++,0.0060273027047514915,0
C:\Users\Rohith Syam\Documents\UTS SEMESTER 3\image processing\idea 2\data\processed\faceforensics\Deepfakes\263_284\000015.jpg,1,263,Deepfakes,FaceForensics++,0.00880764052271843,0
C:\Users\Rohith Syam\Documents\UTS SEMESTER 3\image processing\idea 2\data\processed\faceforensics\Deepfakes\263_284\000016.jpg,1,263,Deepfakes,FaceForensics++,0.0235817302018404,0
C:\Users\Rohith Syam\Documents\UTS SEMESTER 3\image processing\idea 2\data\processed\faceforensics\Deepfakes\263_284\000017.jpg,1,263,Deepfakes,FaceForensics++,0.828938901424408,1
C:\Users\Rohith Syam\Documents\UTS SEMESTER 3\image processing\idea 2\data\processed\faceforensics\Deepfakes\263_284\000018.jpg,1,263,Deepfakes,FaceForensics++,0.05840528383851051,0
C:\Users\Rohith Syam\Documents\UTS SEMESTER 3\image processing\idea 2\data\processed\faceforensics\Deepfakes\263_284\000019.jpg,1,263,Deepfakes,FaceForensics++,0.021480053663253784,0
C:\Users\Rohith Syam\Documents\UTS SEMESTER 3\image processing\idea 2\data\processed\faceforensics\Deepfakes\263_284\000020.jpg,1,263,Deepfakes,FaceForensics++,0.005079890135675669,0
C:\Users\Rohith Syam\Documents\UTS SEMESTER 3\image processing\idea 2\data\processed\faceforensics\Deepfakes\263_284\000021.jpg,1,263,Deepfakes,FaceForensics++,0.01985826902091503,0
C:\Users\Rohith Syam\Documents\UTS SEMESTER 3\image processing\idea 2\data\processed\faceforensics\Deepfakes\263_284\000022.jpg,1,263,Deepfakes,FaceForensics++,0.010257195681333542,0
C:\Users\Rohith Syam\Documents\UTS SEMESTER 3\image processing\idea 2\data\processed\faceforensics\Deepfakes\263_284\000023.jpg,1,263,Deepfakes,FaceForensics++,0.0244914423674345,0
C:\Users\Rohith Syam\Documents\UTS SEMESTER 3\image processing\idea 2\data\processed\faceforensics\Deepfakes\263_284\000024.jpg,1,263,Deepfakes,FaceForensics++,0.026038184762001038,0
C:\Users\Rohith Syam\Documents\UTS SEMESTER 3\image processing\idea 2\data\processed\faceforensics\Deepfakes\263_284\000025.jpg,1,263,Deepfakes,FaceForensics++,0.014897908084094524,0
C:\Users\Rohith Syam\Documents\UTS SEMESTER 3\image processing\idea 2\data\processed\faceforensics\Deepfakes\263_284\000026.jpg,1,263,Deepfakes,FaceForensics++,0.02084033377468586,0
C:\Users\Rohith Syam\Documents\UTS SEMESTER 3\image processing\idea 2\data\processed\faceforensics\Deepfakes\263_284\000027.jpg,1,263,Deepfakes,FaceForensics++,0.031018780544400215,0
C:\Users\Rohith Syam\Documents\UTS SEMESTER 3\image processing\idea 2\data\processed\faceforensics\Deepfakes\263_284\000028.jpg,1,263,Deepfakes,FaceForensics++,0.03606165945529938,0
C:\Users\Rohith Syam\Documents\UTS SEMESTER 3\image processing\idea 2\data\processed\faceforensics\Deepfakes\263_284\000029.jpg,1,263,Deepfakes,FaceForensics++,0.07890795171260834,0
C:\Users\Rohith Syam\Documents\UTS SEMESTER 3\image processing\idea 2\data\processed\faceforensics\Deepfakes\288_321\000000.jpg,1,288,Deepfakes,FaceForensics++,0.9905954599380493,1
C:\Users\Rohith Syam\Documents\UTS SEMESTER 3\image processing\idea 2\data\processed\faceforensics\Deepfakes\288_321\000001.jpg,1,288,Deepfakes,FaceForensics++,0.974092960357666,1
C:\Users\Rohith Syam\Documents\UTS SEMESTER 3\image processing\idea 2\data\processed\faceforensics\Deepfakes\288_321\000002.jpg,1,288,Deepfakes,FaceForensics++,0.988349199295044,1
C:\Users\Rohith Syam\Documents\UTS SEMESTER 3\image processing\idea 2\data\processed\faceforensics\Deepfakes\288_321\000003.jpg,1,288,Deepfakes,FaceForensics++,0.9946079254150391,1
C:\Users\Rohith Syam\Documents\UTS SEMESTER 3\image processing\idea 2\data\processed\faceforensics\Deepfakes\288_321\000004.jpg,1,288,Deepfakes,FaceForensics++,0.9795284271240234,1
C:\Users\Rohith Syam\Documents\UTS SEMESTER 3\image processing\idea 2\data\processed\faceforensics\Deepfakes\288_321\000005.jpg,1,288,Deepfakes,FaceForensics++,0.998296320438385,1
C:\Users\Rohith Syam\Documents\UTS SEMESTER 3\image processing\idea 2\data\processed\faceforensics\Deepfakes\288_321\000006.jpg,1,288,Deepfakes,FaceForensics++,0.9950710535049438,1
C:\Users\Rohith Syam\Documents\UTS SEMESTER 3\image processing\idea 2\data\processed\faceforensics\Deepfakes\288_321\000007.jpg,1,288,Deepfakes,FaceForensics++,0.9890161156654358,1
C:\Users\Rohith Syam\Documents\UTS SEMESTER 3\image processing\idea 2\data\processed\faceforensics\Deepfakes\288_321\000008.jpg,1,288,Deepfakes,FaceForensics++,0.995599627494812,1
C:\Users\Rohith Syam\Documents\UTS SEMESTER 3\image processing\idea 2\data\processed\faceforensics\Deepfakes\288_321\000009.jpg,1,288,Deepfakes,FaceForensics++,0.9568413496017456,1
C:\Users\Rohith Syam\Documents\UTS SEMESTER 3\image processing\idea 2\data\processed\faceforensics\Deepfakes\288_321\000010.jpg,1,288,Deepfakes,FaceForensics++,0.967759370803833,1
C:\Users\Rohith Syam\Documents\UTS SEMESTER 3\image processing\idea 2\data\processed\faceforensics\Deepfakes\288_321\000011.jpg,1,288,Deepfakes,FaceForensics++,0.9105727672576904,1
C:\Users\Rohith Syam\Documents\UTS SEMESTER 3\image processing\idea 2\data\processed\faceforensics\Deepfakes\288_321\000012.jpg,1,288,Deepfakes,FaceForensics++,0.9880859851837158,1
C:\Users\Rohith Syam\Documents\UTS SEMESTER 3\image processing\idea 2\data\processed\faceforensics\Deepfakes\288_321\000013.jpg,1,288,Deepfakes,FaceForensics++,0.9913222789764404,1
C:\Users\Rohith Syam\Documents\UTS SEMESTER 3\image processing\idea 2\data\processed\faceforensics\Deepfakes\288_321\000014.jpg,1,288,Deepfakes,FaceForensics++,0.9851653575897217,1
C:\Users\Rohith Syam\Documents\UTS SEMESTER 3\image processing\idea 2\data\processed\faceforensics\Deepfakes\288_321\000015.jpg,1,288,Deepfakes,FaceForensics++,0.9653452634811401,1
C:\Users\Rohith Syam\Documents\UTS SEMESTER 3\image processing\idea 2\data\processed\faceforensics\Deepfakes\288_321\000016.jpg,1,288,Deepfakes,FaceForensics++,0.979921817779541,1
C:\Users\Rohith Syam\Documents\UTS SEMESTER 3\image processing\idea 2\data\processed\faceforensics\Deepfakes\288_321\000017.jpg,1,288,Deepfakes,FaceForensics++,0.9952400922775269,1
C:\Users\Rohith Syam\Documents\UTS SEMESTER 3\image processing\idea 2\data\processed\faceforensics\Deepfakes\288_321\000018.jpg,1,288,Deepfakes,FaceForensics++,0.9978058934211731,1
C:\Users\Rohith Syam\Documents\UTS SEMESTER 3\image processing\idea 2\data\processed\faceforensics\Deepfakes\288_321\000019.jpg,1,288,Deepfakes,FaceForensics++,0.9435253143310547,1
C:\Users\Rohith Syam\Documents\UTS SEMESTER 3\image processing\idea 2\data\processed\faceforensics\Deepfakes\288_321\000020.jpg,1,288,Deepfakes,FaceForensics++,0.9969455599784851,1
C:\Users\Rohith Syam\Documents\UTS SEMESTER 3\image processing\idea 2\data\processed\faceforensics\Deepfakes\288_321\000021.jpg,1,288,Deepfakes,FaceForensics++,0.9395504593849182,1
C:\Users\Rohith Syam\Documents\UTS SEMESTER 3\image processing\idea 2\data\processed\faceforensics\Deepfakes\288_321\000022.jpg,1,288,Deepfakes,FaceForensics++,0.753939151763916,1
C:\Users\Rohith Syam\Documents\UTS SEMESTER 3\image processing\idea 2\data\processed\faceforensics\Deepfakes\288_321\000023.jpg,1,288,Deepfakes,FaceForensics++,0.6195369362831116,1
C:\Users\Rohith Syam\Documents\UTS SEMESTER 3\image processing\idea 2\data\processed\faceforensics\Deepfakes\288_321\000024.jpg,1,288,Deepfakes,FaceForensics++,0.9782644510269165,1
C:\Users\Rohith Syam\Documents\UTS SEMESTER 3\image processing\idea 2\data\processed\faceforensics\Deepfakes\288_321\000025.jpg,1,288,Deepfakes,FaceForensics++,0.9737401604652405,1
C:\Users\Rohith Syam\Documents\UTS SEMESTER 3\image processing\idea 2\data\processed\faceforensics\Deepfakes\288_321\000026.jpg,1,288,Deepfakes,FaceForensics++,0.9818674325942993,1
C:\Users\Rohith Syam\Documents\UTS SEMESTER 3\image processing\idea 2\data\processed\faceforensics\Deepfakes\288_321\000027.jpg,1,288,Deepfakes,FaceForensics++,0.9986728429794312,1
C:\Users\Rohith Syam\Documents\UTS SEMESTER 3\image processing\idea 2\data\processed\faceforensics\Deepfakes\288_321\000028.jpg,1,288,Deepfakes,FaceForensics++,0.988705575466156,1
C:\Users\Rohith Syam\Documents\UTS SEMESTER 3\image processing\idea 2\data\processed\faceforensics\Deepfakes\288_321\000029.jpg,1,288,Deepfakes,FaceForensics++,0.9368225336074829,1
C:\Users\Rohith Syam\Documents\UTS SEMESTER 3\image processing\idea 2\data\processed\faceforensics\Deepfakes\339_392\000000.jpg,1,339,Deepfakes,FaceForensics++,0.41195178031921387,0
C:\Users\Rohith Syam\Documents\UTS SEMESTER 3\image processing\idea 2\data\processed\faceforensics\Deepfakes\339_392\000001.jpg,1,339,Deepfakes,FaceForensics++,0.8300273418426514,1
C:\Users\Rohith Syam\Documents\UTS SEMESTER 3\image processing\idea 2\data\processed\faceforensics\Deepfakes\339_392\000002.jpg,1,339,Deepfakes,FaceForensics++,0.6139324903488159,1
C:\Users\Rohith Syam\Documents\UTS SEMESTER 3\image processing\idea 2\data\processed\faceforensics\Deepfakes\339_392\000003.jpg,1,339,Deepfakes,FaceForensics++,0.4641733765602112,0
C:\Users\Rohith Syam\Documents\UTS SEMESTER 3\image processing\idea 2\data\processed\faceforensics\Deepfakes\339_392\000004.jpg,1,339,Deepfakes,FaceForensics++,0.851042628288269,1
C:\Users\Rohith Syam\Documents\UTS SEMESTER 3\image processing\idea 2\data\processed\faceforensics\Deepfakes\339_392\000005.jpg,1,339,Deepfakes,FaceForensics++,0.7176033854484558,1
C:\Users\Rohith Syam\Documents\UTS SEMESTER 3\image processing\idea 2\data\processed\faceforensics\Deepfakes\339_392\000006.jpg,1,339,Deepfakes,FaceForensics++,0.6499670743942261,1
C:\Users\Rohith Syam\Documents\UTS SEMESTER 3\image processing\idea 2\data\processed\faceforensics\Deepfakes\339_392\000007.jpg,1,339,Deepfakes,FaceForensics++,0.9111462235450745,1
C:\Users\Rohith Syam\Documents\UTS SEMESTER 3\image processing\idea 2\data\processed\faceforensics\Deepfakes\339_392\000008.jpg,1,339,Deepfakes,FaceForensics++,0.45689287781715393,0
C:\Users\Rohith Syam\Documents\UTS SEMESTER 3\image processing\idea 2\data\processed\faceforensics\Deepfakes\339_392\000009.jpg,1,339,Deepfakes,FaceForensics++,0.9243831634521484,1
C:\Users\Rohith Syam\Documents\UTS SEMESTER 3\image processing\idea 2\data\processed\faceforensics\Deepfakes\339_392\000010.jpg,1,339,Deepfakes,FaceForensics++,0.9995459914207458,1
C:\Users\Rohith Syam\Documents\UTS SEMESTER 3\image processing\idea 2\data\processed\faceforensics\Deepfakes\339_392\000011.jpg,1,339,Deepfakes,FaceForensics++,0.9570549726486206,1
C:\Users\Rohith Syam\Documents\UTS SEMESTER 3\image processing\idea 2\data\processed\faceforensics\Deepfakes\339_392\000012.jpg,1,339,Deepfakes,FaceForensics++,0.8559467196464539,1
C:\Users\Rohith Syam\Documents\UTS SEMESTER 3\image processing\idea 2\data\processed\faceforensics\Deepfakes\339_392\000013.jpg,1,339,Deepfakes,FaceForensics++,0.9918361306190491,1
C:\Users\Rohith Syam\Documents\UTS SEMESTER 3\image processing\idea 2\data\processed\faceforensics\Deepfakes\339_392\000014.jpg,1,339,Deepfakes,FaceForensics++,0.9539228677749634,1
C:\Users\Rohith Syam\Documents\UTS SEMESTER 3\image processing\idea 2\data\processed\faceforensics\Deepfakes\339_392\000015.jpg,1,339,Deepfakes,FaceForensics++,0.9453255534172058,1
C:\Users\Rohith Syam\Documents\UTS SEMESTER 3\image processing\idea 2\data\processed\faceforensics\Deepfakes\339_392\000016.jpg,1,339,Deepfakes,FaceForensics++,0.8669883012771606,1
C:\Users\Rohith Syam\Documents\UTS SEMESTER 3\image processing\idea 2\data\processed\faceforensics\Deepfakes\339_392\000017.jpg,1,339,Deepfakes,FaceForensics++,0.9375320076942444,1
C:\Users\Rohith Syam\Documents\UTS SEMESTER 3\image processing\idea 2\data\processed\faceforensics\Deepfakes\339_392\000018.jpg,1,339,Deepfakes,FaceForensics++,0.9640573263168335,1
C:\Users\Rohith Syam\Documents\UTS SEMESTER 3\image processing\idea 2\data\processed\faceforensics\Deepfakes\339_392\000019.jpg,1,339,Deepfakes,FaceForensics++,0.8119398951530457,1
C:\Users\Rohith Syam\Documents\UTS SEMESTER 3\image processing\idea 2\data\processed\faceforensics\Deepfakes\339_392\000020.jpg,1,339,Deepfakes,FaceForensics++,0.9683219790458679,1
C:\Users\Rohith Syam\Documents\UTS SEMESTER 3\image processing\idea 2\data\processed\faceforensics\Deepfakes\339_392\000021.jpg,1,339,Deepfakes,FaceForensics++,0.9038130640983582,1
C:\Users\Rohith Syam\Documents\UTS SEMESTER 3\image processing\idea 2\data\processed\faceforensics\Deepfakes\339_392\000022.jpg,1,339,Deepfakes,FaceForensics++,0.9877843260765076,1
C:\Users\Rohith Syam\Documents\UTS SEMESTER 3\image processing\idea 2\data\processed\faceforensics\Deepfakes\339_392\000023.jpg,1,339,Deepfakes,FaceForensics++,0.9777762293815613,1
C:\Users\Rohith Syam\Documents\UTS SEMESTER 3\image processing\idea 2\data\processed\faceforensics\Deepfakes\339_392\000024.jpg,1,339,Deepfakes,FaceForensics++,0.7431483864784241,1
C:\Users\Rohith Syam\Documents\UTS SEMESTER 3\image processing\idea 2\data\processed\faceforensics\Deepfakes\339_392\000025.jpg,1,339,Deepfakes,FaceForensics++,0.9647731781005859,1
C:\Users\Rohith Syam\Documents\UTS SEMESTER 3\image processing\idea 2\data\processed\faceforensics\Deepfakes\339_392\000026.jpg,1,339,Deepfakes,FaceForensics++,0.9206865429878235,1
C:\Users\Rohith Syam\Documents\UTS SEMESTER 3\image processing\idea 2\data\processed\faceforensics\Deepfakes\339_392\000027.jpg,1,339,Deepfakes,FaceForensics++,0.8191872835159302,1
C:\Users\Rohith Syam\Documents\UTS SEMESTER 3\image processing\idea 2\data\processed\faceforensics\Deepfakes\339_392\000028.jpg,1,339,Deepfakes,FaceForensics++,0.876933217048645,1
C:\Users\Rohith Syam\Documents\UTS SEMESTER 3\image processing\idea 2\data\processed\faceforensics\Deepfakes\339_392\000029.jpg,1,339,Deepfakes,FaceForensics++,0.9586594700813293,1
C:\Users\Rohith Syam\Documents\UTS SEMESTER 3\image processing\idea 2\data\processed\faceforensics\Deepfakes\437_360\000000.jpg,1,437,Deepfakes,FaceForensics++,0.9999616146087646,1
C:\Users\Rohith Syam\Documents\UTS SEMESTER 3\image processing\idea 2\data\processed\faceforensics\Deepfakes\437_360\000001.jpg,1,437,Deepfakes,FaceForensics++,0.9999804496765137,1
C:\Users\Rohith Syam\Documents\UTS SEMESTER 3\image processing\idea 2\data\processed\faceforensics\Deepfakes\437_360\000002.jpg,1,437,Deepfakes,FaceForensics++,0.9999704360961914,1
C:\Users\Rohith Syam\Documents\UTS SEMESTER 3\image processing\idea 2\data\processed\faceforensics\Deepfakes\437_360\000003.jpg,1,437,Deepfakes,FaceForensics++,0.99982750415802,1
C:\Users\Rohith Syam\Documents\UTS SEMESTER 3\image processing\idea 2\data\processed\faceforensics\Deepfakes\437_360\000004.jpg,1,437,Deepfakes,FaceForensics++,0.9999257326126099,1
C:\Users\Rohith Syam\Documents\UTS SEMESTER 3\image processing\idea 2\data\processed\faceforensics\Deepfakes\437_360\000005.jpg,1,437,Deepfakes,FaceForensics++,0.9999589920043945,1
C:\Users\Rohith Syam\Documents\UTS SEMESTER 3\image processing\idea 2\data\processed\faceforensics\Deepfakes\437_360\000006.jpg,1,437,Deepfakes,FaceForensics++,0.9999827146530151,1
C:\Users\Rohith Syam\Documents\UTS SEMESTER 3\image processing\idea 2\data\processed\faceforensics\Deepfakes\437_360\000007.jpg,1,437,Deepfakes,FaceForensics++,0.9999186992645264,1
C:\Users\Rohith Syam\Documents\UTS SEMESTER 3\image processing\idea 2\data\processed\faceforensics\Deepfakes\437_360\000008.jpg,1,437,Deepfakes,FaceForensics++,0.9999523162841797,1
C:\Users\Rohith Syam\Documents\UTS SEMESTER 3\image processing\idea 2\data\processed\faceforensics\Deepfakes\437_360\000009.jpg,1,437,Deepfakes,FaceForensics++,0.999951958656311,1
C:\Users\Rohith Syam\Documents\UTS SEMESTER 3\image processing\idea 2\data\processed\faceforensics\Deepfakes\437_360\000010.jpg,1,437,Deepfakes,FaceForensics++,0.999930739402771,1
C:\Users\Rohith Syam\Documents\UTS SEMESTER 3\image processing\idea 2\data\processed\faceforensics\Deepfakes\437_360\000011.jpg,1,437,Deepfakes,FaceForensics++,0.9998431205749512,1
C:\Users\Rohith Syam\Documents\UTS SEMESTER 3\image processing\idea 2\data\processed\faceforensics\Deepfakes\437_360\000012.jpg,1,437,Deepfakes,FaceForensics++,0.9999066591262817,1
C:\Users\Rohith Syam\Documents\UTS SEMESTER 3\image processing\idea 2\data\processed\faceforensics\Deepfakes\437_360\000013.jpg,1,437,Deepfakes,FaceForensics++,0.9999699592590332,1
C:\Users\Rohith Syam\Documents\UTS SEMESTER 3\image processing\idea 2\data\processed\faceforensics\Deepfakes\437_360\000014.jpg,1,437,Deepfakes,FaceForensics++,0.9997275471687317,1
C:\Users\Rohith Syam\Documents\UTS SEMESTER 3\image processing\idea 2\data\processed\faceforensics\Deepfakes\437_360\000015.jpg,1,437,Deepfakes,FaceForensics++,0.9999027252197266,1
C:\Users\Rohith Syam\Documents\UTS SEMESTER 3\image processing\idea 2\data\processed\faceforensics\Deepfakes\437_360\000016.jpg,1,437,Deepfakes,FaceForensics++,0.9997326731681824,1
C:\Users\Rohith Syam\Documents\UTS SEMESTER 3\image processing\idea 2\data\processed\faceforensics\Deepfakes\437_360\000017.jpg,1,437,Deepfakes,FaceForensics++,0.9999533891677856,1
C:\Users\Rohith Syam\Documents\UTS SEMESTER 3\image processing\idea 2\data\processed\faceforensics\Deepfakes\437_360\000018.jpg,1,437,Deepfakes,FaceForensics++,0.9999614953994751,1
C:\Users\Rohith Syam\Documents\UTS SEMESTER 3\image processing\idea 2\data\processed\faceforensics\Deepfakes\437_360\000019.jpg,1,437,Deepfakes,FaceForensics++,0.9999206066131592,1
C:\Users\Rohith Syam\Documents\UTS SEMESTER 3\image processing\idea 2\data\processed\faceforensics\Deepfakes\437_360\000020.jpg,1,437,Deepfakes,FaceForensics++,0.9998188614845276,1
C:\Users\Rohith Syam\Documents\UTS SEMESTER 3\image processing\idea 2\data\processed\faceforensics\Deepfakes\437_360\000021.jpg,1,437,Deepfakes,FaceForensics++,0.9999463558197021,1
C:\Users\Rohith Syam\Documents\UTS SEMESTER 3\image processing\idea 2\data\processed\faceforensics\Deepfakes\437_360\000022.jpg,1,437,Deepfakes,FaceForensics++,0.9999258518218994,1
C:\Users\Rohith Syam\Documents\UTS SEMESTER 3\image processing\idea 2\data\processed\faceforensics\Deepfakes\437_360\000023.jpg,1,437,Deepfakes,FaceForensics++,0.9996966123580933,1
C:\Users\Rohith Syam\Documents\UTS SEMESTER 3\image processing\idea 2\data\processed\faceforensics\Deepfakes\437_360\000024.jpg,1,437,Deepfakes,FaceForensics++,0.9999010562896729,1
C:\Users\Rohith Syam\Documents\UTS SEMESTER 3\image processing\idea 2\data\processed\faceforensics\Deepfakes\437_360\000025.jpg,1,437,Deepfakes,FaceForensics++,0.9999288320541382,1
C:\Users\Rohith Syam\Documents\UTS SEMESTER 3\image processing\idea 2\data\processed\faceforensics\Deepfakes\437_360\000026.jpg,1,437,Deepfakes,FaceForensics++,0.9997237324714661,1
C:\Users\Rohith Syam\Documents\UTS SEMESTER 3\image processing\idea 2\data\processed\faceforensics\Deepfakes\437_360\000027.jpg,1,437,Deepfakes,FaceForensics++,0.9961297512054443,1
C:\Users\Rohith Syam\Documents\UTS SEMESTER 3\image processing\idea 2\data\processed\faceforensics\Deepfakes\437_360\000028.jpg,1,437,Deepfakes,FaceForensics++,0.9999314546585083,1
C:\Users\Rohith Syam\Documents\UTS SEMESTER 3\image processing\idea 2\data\processed\faceforensics\Deepfakes\437_360\000029.jpg,1,437,Deepfakes,FaceForensics++,0.9992197751998901,1
C:\Users\Rohith Syam\Documents\UTS SEMESTER 3\image processing\idea 2\data\processed\faceforensics\Deepfakes\438_434\000000.jpg,1,438,Deepfakes,FaceForensics++,0.7928352952003479,1
C:\Users\Rohith Syam\Documents\UTS SEMESTER 3\image processing\idea 2\data\processed\faceforensics\Deepfakes\438_434\000001.jpg,1,438,Deepfakes,FaceForensics++,0.9983088970184326,1
C:\Users\Rohith Syam\Documents\UTS SEMESTER 3\image processing\idea 2\data\processed\faceforensics\Deepfakes\438_434\000002.jpg,1,438,Deepfakes,FaceForensics++,0.99524986743927,1
C:\Users\Rohith Syam\Documents\UTS SEMESTER 3\image processing\idea 2\data\processed\faceforensics\Deepfakes\438_434\000003.jpg,1,438,Deepfakes,FaceForensics++,0.9623470306396484,1
C:\Users\Rohith Syam\Documents\UTS SEMESTER 3\image processing\idea 2\data\processed\faceforensics\Deepfakes\438_434\000004.jpg,1,438,Deepfakes,FaceForensics++,0.8615167737007141,1
C:\Users\Rohith Syam\Documents\UTS SEMESTER 3\image processing\idea 2\data\processed\faceforensics\Deepfakes\438_434\000005.jpg,1,438,Deepfakes,FaceForensics++,0.9880374670028687,1
C:\Users\Rohith Syam\Documents\UTS SEMESTER 3\image processing\idea 2\data\processed\faceforensics\Deepfakes\438_434\000006.jpg,1,438,Deepfakes,FaceForensics++,0.9871691465377808,1
C:\Users\Rohith Syam\Documents\UTS SEMESTER 3\image processing\idea 2\data\processed\faceforensics\Deepfakes\438_434\000007.jpg,1,438,Deepfakes,FaceForensics++,0.9830668568611145,1
C:\Users\Rohith Syam\Documents\UTS SEMESTER 3\image processing\idea 2\data\processed\faceforensics\Deepfakes\438_434\000008.jpg,1,438,Deepfakes,FaceForensics++,0.7730668783187866,1
C:\Users\Rohith Syam\Documents\UTS SEMESTER 3\image processing\idea 2\data\processed\faceforensics\Deepfakes\438_434\000009.jpg,1,438,Deepfakes,FaceForensics++,0.9899516701698303,1
C:\Users\Rohith Syam\Documents\UTS SEMESTER 3\image processing\idea 2\data\processed\faceforensics\Deepfakes\438_434\000010.jpg,1,438,Deepfakes,FaceForensics++,0.9878222346305847,1
C:\Users\Rohith Syam\Documents\UTS SEMESTER 3\image processing\idea 2\data\processed\faceforensics\Deepfakes\438_434\000011.jpg,1,438,Deepfakes,FaceForensics++,0.9914292693138123,1
C:\Users\Rohith Syam\Documents\UTS SEMESTER 3\image processing\idea 2\data\processed\faceforensics\Deepfakes\438_434\000012.jpg,1,438,Deepfakes,FaceForensics++,0.9948114156723022,1
C:\Users\Rohith Syam\Documents\UTS SEMESTER 3\image processing\idea 2\data\processed\faceforensics\Deepfakes\438_434\000013.jpg,1,438,Deepfakes,FaceForensics++,0.9934711456298828,1
C:\Users\Rohith Syam\Documents\UTS SEMESTER 3\image processing\idea 2\data\processed\faceforensics\Deepfakes\438_434\000014.jpg,1,438,Deepfakes,FaceForensics++,0.9598616361618042,1
C:\Users\Rohith Syam\Documents\UTS SEMESTER 3\image processing\idea 2\data\processed\faceforensics\Deepfakes\438_434\000015.jpg,1,438,Deepfakes,FaceForensics++,0.9570497274398804,1
C:\Users\Rohith Syam\Documents\UTS SEMESTER 3\image processing\idea 2\data\processed\faceforensics\Deepfakes\438_434\000016.jpg,1,438,Deepfakes,FaceForensics++,0.9329141974449158,1
C:\Users\Rohith Syam\Documents\UTS SEMESTER 3\image processing\idea 2\data\processed\faceforensics\Deepfakes\438_434\000017.jpg,1,438,Deepfakes,FaceForensics++,0.9875614643096924,1
C:\Users\Rohith Syam\Documents\UTS SEMESTER 3\image processing\idea 2\data\processed\faceforensics\Deepfakes\438_434\000018.jpg,1,438,Deepfakes,FaceForensics++,0.9985955357551575,1
C:\Users\Rohith Syam\Documents\UTS SEMESTER 3\image processing\idea 2\data\processed\faceforensics\Deepfakes\438_434\000019.jpg,1,438,Deepfakes,FaceForensics++,0.9952598214149475,1
C:\Users\Rohith Syam\Documents\UTS SEMESTER 3\image processing\idea 2\data\processed\faceforensics\Deepfakes\438_434\000020.jpg,1,438,Deepfakes,FaceForensics++,0.8324740529060364,1
C:\Users\Rohith Syam\Documents\UTS SEMESTER 3\image processing\idea 2\data\processed\faceforensics\Deepfakes\438_434\000021.jpg,1,438,Deepfakes,FaceForensics++,0.9769855737686157,1
C:\Users\Rohith Syam\Documents\UTS SEMESTER 3\image processing\idea 2\data\processed\faceforensics\Deepfakes\438_434\000022.jpg,1,438,Deepfakes,FaceForensics++,0.9971332550048828,1
C:\Users\Rohith Syam\Documents\UTS SEMESTER 3\image processing\idea 2\data\processed\faceforensics\Deepfakes\438_434\000023.jpg,1,438,Deepfakes,FaceForensics++,0.9561110138893127,1
C:\Users\Rohith Syam\Documents\UTS SEMESTER 3\image processing\idea 2\data\processed\faceforensics\Deepfakes\438_434\000024.jpg,1,438,Deepfakes,FaceForensics++,0.9678853154182434,1
C:\Users\Rohith Syam\Documents\UTS SEMESTER 3\image processing\idea 2\data\processed\faceforensics\Deepfakes\438_434\000025.jpg,1,438,Deepfakes,FaceForensics++,0.9880015254020691,1
C:\Users\Rohith Syam\Documents\UTS SEMESTER 3\image processing\idea 2\data\processed\faceforensics\Deepfakes\438_434\000026.jpg,1,438,Deepfakes,FaceForensics++,0.80736243724823,1
C:\Users\Rohith Syam\Documents\UTS SEMESTER 3\image processing\idea 2\data\processed\faceforensics\Deepfakes\438_434\000027.jpg,1,438,Deepfakes,FaceForensics++,0.9431761503219604,1
C:\Users\Rohith Syam\Documents\UTS SEMESTER 3\image processing\idea 2\data\processed\faceforensics\Deepfakes\438_434\000028.jpg,1,438,Deepfakes,FaceForensics++,0.9959779977798462,1
C:\Users\Rohith Syam\Documents\UTS SEMESTER 3\image processing\idea 2\data\processed\faceforensics\Deepfakes\438_434\000029.jpg,1,438,Deepfakes,FaceForensics++,0.9924671053886414,1
C:\Users\Rohith Syam\Documents\UTS SEMESTER 3\image processing\idea 2\data\processed\faceforensics\Deepfakes\677_671\000000.jpg,1,677,Deepfakes,FaceForensics++,0.9961242079734802,1
C:\Users\Rohith Syam\Documents\UTS SEMESTER 3\image processing\idea 2\data\processed\faceforensics\Deepfakes\677_671\000001.jpg,1,677,Deepfakes,FaceForensics++,0.997983455657959,1
C:\Users\Rohith Syam\Documents\UTS SEMESTER 3\image processing\idea 2\data\processed\faceforensics\Deepfakes\677_671\000002.jpg,1,677,Deepfakes,FaceForensics++,0.979693591594696,1
C:\Users\Rohith Syam\Documents\UTS SEMESTER 3\image processing\idea 2\data\processed\faceforensics\Deepfakes\677_671\000003.jpg,1,677,Deepfakes,FaceForensics++,0.9933741688728333,1
C:\Users\Rohith Syam\Documents\UTS SEMESTER 3\image processing\idea 2\data\processed\faceforensics\Deepfakes\677_671\000004.jpg,1,677,Deepfakes,FaceForensics++,0.9821614027023315,1
C:\Users\Rohith Syam\Documents\UTS SEMESTER 3\image processing\idea 2\data\processed\faceforensics\Deepfakes\677_671\000005.jpg,1,677,Deepfakes,FaceForensics++,0.9866389036178589,1
C:\Users\Rohith Syam\Documents\UTS SEMESTER 3\image processing\idea 2\data\processed\faceforensics\Deepfakes\677_671\000006.jpg,1,677,Deepfakes,FaceForensics++,0.9637337327003479,1
C:\Users\Rohith Syam\Documents\UTS SEMESTER 3\image processing\idea 2\data\processed\faceforensics\Deepfakes\677_671\000007.jpg,1,677,Deepfakes,FaceForensics++,0.980148434638977,1
C:\Users\Rohith Syam\Documents\UTS SEMESTER 3\image processing\idea 2\data\processed\faceforensics\Deepfakes\677_671\000008.jpg,1,677,Deepfakes,FaceForensics++,0.9365379810333252,1
C:\Users\Rohith Syam\Documents\UTS SEMESTER 3\image processing\idea 2\data\processed\faceforensics\Deepfakes\677_671\000009.jpg,1,677,Deepfakes,FaceForensics++,0.966362714767456,1
C:\Users\Rohith Syam\Documents\UTS SEMESTER 3\image processing\idea 2\data\processed\faceforensics\Deepfakes\677_671\000010.jpg,1,677,Deepfakes,FaceForensics++,0.8960146903991699,1
C:\Users\Rohith Syam\Documents\UTS SEMESTER 3\image processing\idea 2\data\processed\faceforensics\Deepfakes\677_671\000011.jpg,1,677,Deepfakes,FaceForensics++,0.8746373057365417,1
C:\Users\Rohith Syam\Documents\UTS SEMESTER 3\image processing\idea 2\data\processed\faceforensics\Deepfakes\677_671\000012.jpg,1,677,Deepfakes,FaceForensics++,0.9993736147880554,1
C:\Users\Rohith Syam\Documents\UTS SEMESTER 3\image processing\idea 2\data\processed\faceforensics\Deepfakes\677_671\000013.jpg,1,677,Deepfakes,FaceForensics++,0.9958832263946533,1
C:\Users\Rohith Syam\Documents\UTS SEMESTER 3\image processing\idea 2\data\processed\faceforensics\Deepfakes\677_671\000014.jpg,1,677,Deepfakes,FaceForensics++,0.9964295029640198,1
C:\Users\Rohith Syam\Documents\UTS SEMESTER 3\image processing\idea 2\data\processed\faceforensics\Deepfakes\677_671\000015.jpg,1,677,Deepfakes,FaceForensics++,0.9948908090591431,1
C:\Users\Rohith Syam\Documents\UTS SEMESTER 3\image processing\idea 2\data\processed\faceforensics\Deepfakes\677_671\000016.jpg,1,677,Deepfakes,FaceForensics++,0.9990436434745789,1
C:\Users\Rohith Syam\Documents\UTS SEMESTER 3\image processing\idea 2\data\processed\faceforensics\Deepfakes\677_671\000017.jpg,1,677,Deepfakes,FaceForensics++,0.9998689889907837,1
C:\Users\Rohith Syam\Documents\UTS SEMESTER 3\image processing\idea 2\data\processed\faceforensics\Deepfakes\677_671\000018.jpg,1,677,Deepfakes,FaceForensics++,0.990006148815155,1
C:\Users\Rohith Syam\Documents\UTS SEMESTER 3\image processing\idea 2\data\processed\faceforensics\Deepfakes\677_671\000019.jpg,1,677,Deepfakes,FaceForensics++,0.9772770404815674,1
C:\Users\Rohith Syam\Documents\UTS SEMESTER 3\image processing\idea 2\data\processed\faceforensics\Deepfakes\677_671\000020.jpg,1,677,Deepfakes,FaceForensics++,0.9914104342460632,1
C:\Users\Rohith Syam\Documents\UTS SEMESTER 3\image processing\idea 2\data\processed\faceforensics\Deepfakes\677_671\000021.jpg,1,677,Deepfakes,FaceForensics++,0.9776696562767029,1
C:\Users\Rohith Syam\Documents\UTS SEMESTER 3\image processing\idea 2\data\processed\faceforensics\Deepfakes\677_671\000022.jpg,1,677,Deepfakes,FaceForensics++,0.9798133373260498,1
C:\Users\Rohith Syam\Documents\UTS SEMESTER 3\image processing\idea 2\data\processed\faceforensics\Deepfakes\677_671\000023.jpg,1,677,Deepfakes,FaceForensics++,0.9995259046554565,1
C:\Users\Rohith Syam\Documents\UTS SEMESTER 3\image processing\idea 2\data\processed\faceforensics\Deepfakes\677_671\000024.jpg,1,677,Deepfakes,FaceForensics++,0.9945876598358154,1
C:\Users\Rohith Syam\Documents\UTS SEMESTER 3\image processing\idea 2\data\processed\faceforensics\Deepfakes\677_671\000025.jpg,1,677,Deepfakes,FaceForensics++,0.9989016056060791,1
C:\Users\Rohith Syam\Documents\UTS SEMESTER 3\image processing\idea 2\data\processed\faceforensics\Deepfakes\677_671\000026.jpg,1,677,Deepfakes,FaceForensics++,0.9958310723304749,1
C:\Users\Rohith Syam\Documents\UTS SEMESTER 3\image processing\idea 2\data\processed\faceforensics\Deepfakes\677_671\000027.jpg,1,677,Deepfakes,FaceForensics++,0.9940470457077026,1
C:\Users\Rohith Syam\Documents\UTS SEMESTER 3\image processing\idea 2\data\processed\faceforensics\Deepfakes\677_671\000028.jpg,1,677,Deepfakes,FaceForensics++,0.9978893399238586,1
C:\Users\Rohith Syam\Documents\UTS SEMESTER 3\image processing\idea 2\data\processed\faceforensics\Deepfakes\677_671\000029.jpg,1,677,Deepfakes,FaceForensics++,0.994236409664154,1
C:\Users\Rohith Syam\Documents\UTS SEMESTER 3\image processing\idea 2\data\processed\faceforensics\Deepfakes\716_712\000000.jpg,1,716,Deepfakes,FaceForensics++,0.9963703155517578,1
C:\Users\Rohith Syam\Documents\UTS SEMESTER 3\image processing\idea 2\data\processed\faceforensics\Deepfakes\716_712\000001.jpg,1,716,Deepfakes,FaceForensics++,0.9958083629608154,1
C:\Users\Rohith Syam\Documents\UTS SEMESTER 3\image processing\idea 2\data\processed\faceforensics\Deepfakes\716_712\000002.jpg,1,716,Deepfakes,FaceForensics++,0.9834343194961548,1
C:\Users\Rohith Syam\Documents\UTS SEMESTER 3\image processing\idea 2\data\processed\faceforensics\Deepfakes\716_712\000003.jpg,1,716,Deepfakes,FaceForensics++,0.9987762570381165,1
C:\Users\Rohith Syam\Documents\UTS SEMESTER 3\image processing\idea 2\data\processed\faceforensics\Deepfakes\716_712\000004.jpg,1,716,Deepfakes,FaceForensics++,0.9991428852081299,1
C:\Users\Rohith Syam\Documents\UTS SEMESTER 3\image processing\idea 2\data\processed\faceforensics\Deepfakes\716_712\000005.jpg,1,716,Deepfakes,FaceForensics++,0.9992460012435913,1
C:\Users\Rohith Syam\Documents\UTS SEMESTER 3\image processing\idea 2\data\processed\faceforensics\Deepfakes\716_712\000006.jpg,1,716,Deepfakes,FaceForensics++,0.8363814353942871,1
C:\Users\Rohith Syam\Documents\UTS SEMESTER 3\image processing\idea 2\data\processed\faceforensics\Deepfakes\716_712\000007.jpg,1,716,Deepfakes,FaceForensics++,0.9922918677330017,1
C:\Users\Rohith Syam\Documents\UTS SEMESTER 3\image processing\idea 2\data\processed\faceforensics\Deepfakes\716_712\000008.jpg,1,716,Deepfakes,FaceForensics++,0.9867335557937622,1
C:\Users\Rohith Syam\Documents\UTS SEMESTER 3\image processing\idea 2\data\processed\faceforensics\Deepfakes\716_712\000009.jpg,1,716,Deepfakes,FaceForensics++,0.9855726361274719,1
C:\Users\Rohith Syam\Documents\UTS SEMESTER 3\image processing\idea 2\data\processed\faceforensics\Deepfakes\716_712\000010.jpg,1,716,Deepfakes,FaceForensics++,0.9913026094436646,1
C:\Users\Rohith Syam\Documents\UTS SEMESTER 3\image processing\idea 2\data\processed\faceforensics\Deepfakes\716_712\000011.jpg,1,716,Deepfakes,FaceForensics++,0.9719128608703613,1
C:\Users\Rohith Syam\Documents\UTS SEMESTER 3\image processing\idea 2\data\processed\faceforensics\Deepfakes\716_712\000012.jpg,1,716,Deepfakes,FaceForensics++,0.9811919331550598,1
C:\Users\Rohith Syam\Documents\UTS SEMESTER 3\image processing\idea 2\data\processed\faceforensics\Deepfakes\716_712\000013.jpg,1,716,Deepfakes,FaceForensics++,0.9908794164657593,1
C:\Users\Rohith Syam\Documents\UTS SEMESTER 3\image processing\idea 2\data\processed\faceforensics\Deepfakes\716_712\000014.jpg,1,716,Deepfakes,FaceForensics++,0.9996660947799683,1
C:\Users\Rohith Syam\Documents\UTS SEMESTER 3\image processing\idea 2\data\processed\faceforensics\Deepfakes\716_712\000015.jpg,1,716,Deepfakes,FaceForensics++,0.9963158965110779,1
C:\Users\Rohith Syam\Documents\UTS SEMESTER 3\image processing\idea 2\data\processed\faceforensics\Deepfakes\716_712\000016.jpg,1,716,Deepfakes,FaceForensics++,0.9866904020309448,1
C:\Users\Rohith Syam\Documents\UTS SEMESTER 3\image processing\idea 2\data\processed\faceforensics\Deepfakes\716_712\000017.jpg,1,716,Deepfakes,FaceForensics++,0.9857712984085083,1
C:\Users\Rohith Syam\Documents\UTS SEMESTER 3\image processing\idea 2\data\processed\faceforensics\Deepfakes\716_712\000018.jpg,1,716,Deepfakes,FaceForensics++,0.9990849494934082,1
C:\Users\Rohith Syam\Documents\UTS SEMESTER 3\image processing\idea 2\data\processed\faceforensics\Deepfakes\716_712\000019.jpg,1,716,Deepfakes,FaceForensics++,0.9963265061378479,1
C:\Users\Rohith Syam\Documents\UTS SEMESTER 3\image processing\idea 2\data\processed\faceforensics\Deepfakes\716_712\000020.jpg,1,716,Deepfakes,FaceForensics++,0.7785769701004028,1
C:\Users\Rohith Syam\Documents\UTS SEMESTER 3\image processing\idea 2\data\processed\faceforensics\Deepfakes\716_712\000021.jpg,1,716,Deepfakes,FaceForensics++,0.9926047325134277,1
C:\Users\Rohith Syam\Documents\UTS SEMESTER 3\image processing\idea 2\data\processed\faceforensics\Deepfakes\716_712\000022.jpg,1,716,Deepfakes,FaceForensics++,0.9978711605072021,1
C:\Users\Rohith Syam\Documents\UTS SEMESTER 3\image processing\idea 2\data\processed\faceforensics\Deepfakes\716_712\000023.jpg,1,716,Deepfakes,FaceForensics++,0.9990637898445129,1
C:\Users\Rohith Syam\Documents\UTS SEMESTER 3\image processing\idea 2\data\processed\faceforensics\Deepfakes\716_712\000024.jpg,1,716,Deepfakes,FaceForensics++,0.9737701416015625,1
C:\Users\Rohith Syam\Documents\UTS SEMESTER 3\image processing\idea 2\data\processed\faceforensics\Deepfakes\716_712\000025.jpg,1,716,Deepfakes,FaceForensics++,0.9676001071929932,1
C:\Users\Rohith Syam\Documents\UTS SEMESTER 3\image processing\idea 2\data\processed\faceforensics\Deepfakes\716_712\000026.jpg,1,716,Deepfakes,FaceForensics++,0.9974141120910645,1
C:\Users\Rohith Syam\Documents\UTS SEMESTER 3\image processing\idea 2\data\processed\faceforensics\Deepfakes\716_712\000027.jpg,1,716,Deepfakes,FaceForensics++,0.9935516119003296,1
C:\Users\Rohith Syam\Documents\UTS SEMESTER 3\image processing\idea 2\data\processed\faceforensics\Deepfakes\716_712\000028.jpg,1,716,Deepfakes,FaceForensics++,0.9487468600273132,1
C:\Users\Rohith Syam\Documents\UTS SEMESTER 3\image processing\idea 2\data\processed\faceforensics\Deepfakes\716_712\000029.jpg,1,716,Deepfakes,FaceForensics++,0.8261004686355591,1
C:\Users\Rohith Syam\Documents\UTS SEMESTER 3\image processing\idea 2\data\processed\faceforensics\Deepfakes\794_779\000000.jpg,1,794,Deepfakes,FaceForensics++,0.0062255216762423515,0
C:\Users\Rohith Syam\Documents\UTS SEMESTER 3\image processing\idea 2\data\processed\faceforensics\Deepfakes\794_779\000001.jpg,1,794,Deepfakes,FaceForensics++,0.010717998258769512,0
C:\Users\Rohith Syam\Documents\UTS SEMESTER 3\image processing\idea 2\data\processed\faceforensics\Deepfakes\794_779\000002.jpg,1,794,Deepfakes,FaceForensics++,0.030417509377002716,0
C:\Users\Rohith Syam\Documents\UTS SEMESTER 3\image processing\idea 2\data\processed\faceforensics\Deepfakes\794_779\000003.jpg,1,794,Deepfakes,FaceForensics++,0.09198036044836044,0
C:\Users\Rohith Syam\Documents\UTS SEMESTER 3\image processing\idea 2\data\processed\faceforensics\Deepfakes\794_779\000004.jpg,1,794,Deepfakes,FaceForensics++,0.0070821363478899,0
C:\Users\Rohith Syam\Documents\UTS SEMESTER 3\image processing\idea 2\data\processed\faceforensics\Deepfakes\794_779\000005.jpg,1,794,Deepfakes,FaceForensics++,0.03856012225151062,0
C:\Users\Rohith Syam\Documents\UTS SEMESTER 3\image processing\idea 2\data\processed\faceforensics\Deepfakes\794_779\000006.jpg,1,794,Deepfakes,FaceForensics++,0.013108261860907078,0
C:\Users\Rohith Syam\Documents\UTS SEMESTER 3\image processing\idea 2\data\processed\faceforensics\Deepfakes\794_779\000007.jpg,1,794,Deepfakes,FaceForensics++,0.06336433440446854,0
C:\Users\Rohith Syam\Documents\UTS SEMESTER 3\image processing\idea 2\data\processed\faceforensics\Deepfakes\794_779\000008.jpg,1,794,Deepfakes,FaceForensics++,0.07193312793970108,0
C:\Users\Rohith Syam\Documents\UTS SEMESTER 3\image processing\idea 2\data\processed\faceforensics\Deepfakes\794_779\000009.jpg,1,794,Deepfakes,FaceForensics++,0.012244239449501038,0
C:\Users\Rohith Syam\Documents\UTS SEMESTER 3\image processing\idea 2\data\processed\faceforensics\Deepfakes\794_779\000010.jpg,1,794,Deepfakes,FaceForensics++,0.2790878713130951,0
C:\Users\Rohith Syam\Documents\UTS SEMESTER 3\image processing\idea 2\data\processed\faceforensics\Deepfakes\794_779\000011.jpg,1,794,Deepfakes,FaceForensics++,0.007456697057932615,0
C:\Users\Rohith Syam\Documents\UTS SEMESTER 3\image processing\idea 2\data\processed\faceforensics\Deepfakes\794_779\000012.jpg,1,794,Deepfakes,FaceForensics++,0.04362170025706291,0
C:\Users\Rohith Syam\Documents\UTS SEMESTER 3\image processing\idea 2\data\processed\faceforensics\Deepfakes\794_779\000013.jpg,1,794,Deepfakes,FaceForensics++,0.05704687535762787,0
C:\Users\Rohith Syam\Documents\UTS SEMESTER 3\image processing\idea 2\data\processed\faceforensics\Deepfakes\794_779\000014.jpg,1,794,Deepfakes,FaceForensics++,0.1166544184088707,0
C:\Users\Rohith Syam\Documents\UTS SEMESTER 3\image processing\idea 2\data\processed\faceforensics\Deepfakes\794_779\000015.jpg,1,794,Deepfakes,FaceForensics++,0.5861061811447144,1
C:\Users\Rohith Syam\Documents\UTS SEMESTER 3\image processing\idea 2\data\processed\faceforensics\Deepfakes\794_779\000016.jpg,1,794,Deepfakes,FaceForensics++,0.0077872127294540405,0
C:\Users\Rohith Syam\Documents\UTS SEMESTER 3\image processing\idea 2\data\processed\faceforensics\Deepfakes\794_779\000017.jpg,1,794,Deepfakes,FaceForensics++,0.08989660441875458,0
C:\Users\Rohith Syam\Documents\UTS SEMESTER 3\image processing\idea 2\data\processed\faceforensics\Deepfakes\794_779\000018.jpg,1,794,Deepfakes,FaceForensics++,0.116380475461483,0
C:\Users\Rohith Syam\Documents\UTS SEMESTER 3\image processing\idea 2\data\processed\faceforensics\Deepfakes\794_779\000019.jpg,1,794,Deepfakes,FaceForensics++,0.19527076184749603,0
C:\Users\Rohith Syam\Documents\UTS SEMESTER 3\image processing\idea 2\data\processed\faceforensics\Deepfakes\794_779\000020.jpg,1,794,Deepfakes,FaceForensics++,0.012989536859095097,0
C:\Users\Rohith Syam\Documents\UTS SEMESTER 3\image processing\idea 2\data\processed\faceforensics\Deepfakes\794_779\000021.jpg,1,794,Deepfakes,FaceForensics++,0.017852257937192917,0
C:\Users\Rohith Syam\Documents\UTS SEMESTER 3\image processing\idea 2\data\processed\faceforensics\Deepfakes\794_779\000022.jpg,1,794,Deepfakes,FaceForensics++,0.029540300369262695,0
C:\Users\Rohith Syam\Documents\UTS SEMESTER 3\image processing\idea 2\data\processed\faceforensics\Deepfakes\794_779\000023.jpg,1,794,Deepfakes,FaceForensics++,0.09233717620372772,0
C:\Users\Rohith Syam\Documents\UTS SEMESTER 3\image processing\idea 2\data\processed\faceforensics\Deepfakes\794_779\000024.jpg,1,794,Deepfakes,FaceForensics++,0.014334348030388355,0
C:\Users\Rohith Syam\Documents\UTS SEMESTER 3\image processing\idea 2\data\processed\faceforensics\Deepfakes\794_779\000025.jpg,1,794,Deepfakes,FaceForensics++,0.0354495644569397,0
C:\Users\Rohith Syam\Documents\UTS SEMESTER 3\image processing\idea 2\data\processed\faceforensics\Deepfakes\794_779\000026.jpg,1,794,Deepfakes,FaceForensics++,0.007463489659130573,0
C:\Users\Rohith Syam\Documents\UTS SEMESTER 3\image processing\idea 2\data\processed\faceforensics\Deepfakes\794_779\000027.jpg,1,794,Deepfakes,FaceForensics++,0.04761994257569313,0
C:\Users\Rohith Syam\Documents\UTS SEMESTER 3\image processing\idea 2\data\processed\faceforensics\Deepfakes\794_779\000028.jpg,1,794,Deepfakes,FaceForensics++,0.04215666279196739,0
C:\Users\Rohith Syam\Documents\UTS SEMESTER 3\image processing\idea 2\data\processed\faceforensics\Deepfakes\794_779\000029.jpg,1,794,Deepfakes,FaceForensics++,0.061803385615348816,0
C:\Users\Rohith Syam\Documents\UTS SEMESTER 3\image processing\idea 2\data\processed\faceforensics\Deepfakes\811_920\000000.jpg,1,811,Deepfakes,FaceForensics++,0.9969185590744019,1
C:\Users\Rohith Syam\Documents\UTS SEMESTER 3\image processing\idea 2\data\processed\faceforensics\Deepfakes\811_920\000001.jpg,1,811,Deepfakes,FaceForensics++,0.9977216124534607,1
C:\Users\Rohith Syam\Documents\UTS SEMESTER 3\image processing\idea 2\data\processed\faceforensics\Deepfakes\811_920\000002.jpg,1,811,Deepfakes,FaceForensics++,0.9981781244277954,1
C:\Users\Rohith Syam\Documents\UTS SEMESTER 3\image processing\idea 2\data\processed\faceforensics\Deepfakes\811_920\000003.jpg,1,811,Deepfakes,FaceForensics++,0.9959290623664856,1
C:\Users\Rohith Syam\Documents\UTS SEMESTER 3\image processing\idea 2\data\processed\faceforensics\Deepfakes\811_920\000004.jpg,1,811,Deepfakes,FaceForensics++,0.9956337809562683,1
C:\Users\Rohith Syam\Documents\UTS SEMESTER 3\image processing\idea 2\data\processed\faceforensics\Deepfakes\811_920\000005.jpg,1,811,Deepfakes,FaceForensics++,0.9998180270195007,1
C:\Users\Rohith Syam\Documents\UTS SEMESTER 3\image processing\idea 2\data\processed\faceforensics\Deepfakes\811_920\000006.jpg,1,811,Deepfakes,FaceForensics++,0.9258391261100769,1
C:\Users\Rohith Syam\Documents\UTS SEMESTER 3\image processing\idea 2\data\processed\faceforensics\Deepfakes\811_920\000007.jpg,1,811,Deepfakes,FaceForensics++,0.9993458390235901,1
C:\Users\Rohith Syam\Documents\UTS SEMESTER 3\image processing\idea 2\data\processed\faceforensics\Deepfakes\811_920\000008.jpg,1,811,Deepfakes,FaceForensics++,0.9998800754547119,1
C:\Users\Rohith Syam\Documents\UTS SEMESTER 3\image processing\idea 2\data\processed\faceforensics\Deepfakes\811_920\000009.jpg,1,811,Deepfakes,FaceForensics++,0.9981899857521057,1
C:\Users\Rohith Syam\Documents\UTS SEMESTER 3\image processing\idea 2\data\processed\faceforensics\Deepfakes\811_920\000010.jpg,1,811,Deepfakes,FaceForensics++,0.9992784857749939,1
C:\Users\Rohith Syam\Documents\UTS SEMESTER 3\image processing\idea 2\data\processed\faceforensics\Deepfakes\811_920\000011.jpg,1,811,Deepfakes,FaceForensics++,0.9996286630630493,1
C:\Users\Rohith Syam\Documents\UTS SEMESTER 3\image processing\idea 2\data\processed\faceforensics\Deepfakes\811_920\000012.jpg,1,811,Deepfakes,FaceForensics++,0.9993823766708374,1
C:\Users\Rohith Syam\Documents\UTS SEMESTER 3\image processing\idea 2\data\processed\faceforensics\Deepfakes\811_920\000013.jpg,1,811,Deepfakes,FaceForensics++,0.998904824256897,1
C:\Users\Rohith Syam\Documents\UTS SEMESTER 3\image processing\idea 2\data\processed\faceforensics\Deepfakes\811_920\000014.jpg,1,811,Deepfakes,FaceForensics++,0.999452531337738,1
C:\Users\Rohith Syam\Documents\UTS SEMESTER 3\image processing\idea 2\data\processed\faceforensics\Deepfakes\811_920\000015.jpg,1,811,Deepfakes,FaceForensics++,0.9987255930900574,1
C:\Users\Rohith Syam\Documents\UTS SEMESTER 3\image processing\idea 2\data\processed\faceforensics\Deepfakes\811_920\000016.jpg,1,811,Deepfakes,FaceForensics++,0.9998676776885986,1
C:\Users\Rohith Syam\Documents\UTS SEMESTER 3\image processing\idea 2\data\processed\faceforensics\Deepfakes\811_920\000017.jpg,1,811,Deepfakes,FaceForensics++,0.9998350143432617,1
C:\Users\Rohith Syam\Documents\UTS SEMESTER 3\image processing\idea 2\data\processed\faceforensics\Deepfakes\811_920\000018.jpg,1,811,Deepfakes,FaceForensics++,0.9997971653938293,1
C:\Users\Rohith Syam\Documents\UTS SEMESTER 3\image processing\idea 2\data\processed\faceforensics\Deepfakes\811_920\000019.jpg,1,811,Deepfakes,FaceForensics++,0.9998691082000732,1
C:\Users\Rohith Syam\Documents\UTS SEMESTER 3\image processing\idea 2\data\processed\faceforensics\Deepfakes\811_920\000020.jpg,1,811,Deepfakes,FaceForensics++,0.9996893405914307,1
C:\Users\Rohith Syam\Documents\UTS SEMESTER 3\image processing\idea 2\data\processed\faceforensics\Deepfakes\811_920\000021.jpg,1,811,Deepfakes,FaceForensics++,0.9995532631874084,1
C:\Users\Rohith Syam\Documents\UTS SEMESTER 3\image processing\idea 2\data\processed\faceforensics\Deepfakes\811_920\000022.jpg,1,811,Deepfakes,FaceForensics++,0.9994389414787292,1
C:\Users\Rohith Syam\Documents\UTS SEMESTER 3\image processing\idea 2\data\processed\faceforensics\Deepfakes\811_920\000023.jpg,1,811,Deepfakes,FaceForensics++,0.998175859451294,1
C:\Users\Rohith Syam\Documents\UTS SEMESTER 3\image processing\idea 2\data\processed\faceforensics\Deepfakes\811_920\000024.jpg,1,811,Deepfakes,FaceForensics++,0.9996095299720764,1
C:\Users\Rohith Syam\Documents\UTS SEMESTER 3\image processing\idea 2\data\processed\faceforensics\Deepfakes\811_920\000025.jpg,1,811,Deepfakes,FaceForensics++,0.9980108141899109,1
C:\Users\Rohith Syam\Documents\UTS SEMESTER 3\image processing\idea 2\data\processed\faceforensics\Deepfakes\811_920\000026.jpg,1,811,Deepfakes,FaceForensics++,0.9950886368751526,1
C:\Users\Rohith Syam\Documents\UTS SEMESTER 3\image processing\idea 2\data\processed\faceforensics\Deepfakes\811_920\000027.jpg,1,811,Deepfakes,FaceForensics++,0.9993199110031128,1
C:\Users\Rohith Syam\Documents\UTS SEMESTER 3\image processing\idea 2\data\processed\faceforensics\Deepfakes\811_920\000028.jpg,1,811,Deepfakes,FaceForensics++,0.9997972846031189,1
C:\Users\Rohith Syam\Documents\UTS SEMESTER 3\image processing\idea 2\data\processed\faceforensics\Deepfakes\811_920\000029.jpg,1,811,Deepfakes,FaceForensics++,0.9895234704017639,1
C:\Users\Rohith Syam\Documents\UTS SEMESTER 3\image processing\idea 2\data\processed\faceforensics\Deepfakes\835_651\000000.jpg,1,835,Deepfakes,FaceForensics++,0.8048818111419678,1
C:\Users\Rohith Syam\Documents\UTS SEMESTER 3\image processing\idea 2\data\processed\faceforensics\Deepfakes\835_651\000001.jpg,1,835,Deepfakes,FaceForensics++,0.3516329526901245,0
C:\Users\Rohith Syam\Documents\UTS SEMESTER 3\image processing\idea 2\data\processed\faceforensics\Deepfakes\835_651\000002.jpg,1,835,Deepfakes,FaceForensics++,0.6192286014556885,1
C:\Users\Rohith Syam\Documents\UTS SEMESTER 3\image processing\idea 2\data\processed\faceforensics\Deepfakes\835_651\000003.jpg,1,835,Deepfakes,FaceForensics++,0.907703161239624,1
C:\Users\Rohith Syam\Documents\UTS SEMESTER 3\image processing\idea 2\data\processed\faceforensics\Deepfakes\835_651\000004.jpg,1,835,Deepfakes,FaceForensics++,0.7372508645057678,1
C:\Users\Rohith Syam\Documents\UTS SEMESTER 3\image processing\idea 2\data\processed\faceforensics\Deepfakes\835_651\000005.jpg,1,835,Deepfakes,FaceForensics++,0.6455164551734924,1
C:\Users\Rohith Syam\Documents\UTS SEMESTER 3\image processing\idea 2\data\processed\faceforensics\Deepfakes\835_651\000006.jpg,1,835,Deepfakes,FaceForensics++,0.22581903636455536,0
C:\Users\Rohith Syam\Documents\UTS SEMESTER 3\image processing\idea 2\data\processed\faceforensics\Deepfakes\835_651\000007.jpg,1,835,Deepfakes,FaceForensics++,0.18152035772800446,0
C:\Users\Rohith Syam\Documents\UTS SEMESTER 3\image processing\idea 2\data\processed\faceforensics\Deepfakes\835_651\000008.jpg,1,835,Deepfakes,FaceForensics++,0.3481873571872711,0
C:\Users\Rohith Syam\Documents\UTS SEMESTER 3\image processing\idea 2\data\processed\faceforensics\Deepfakes\835_651\000009.jpg,1,835,Deepfakes,FaceForensics++,0.9969647526741028,1
C:\Users\Rohith Syam\Documents\UTS SEMESTER 3\image processing\idea 2\data\processed\faceforensics\Deepfakes\835_651\000010.jpg,1,835,Deepfakes,FaceForensics++,0.9933225512504578,1
C:\Users\Rohith Syam\Documents\UTS SEMESTER 3\image processing\idea 2\data\processed\faceforensics\Deepfakes\835_651\000011.jpg,1,835,Deepfakes,FaceForensics++,0.9606261253356934,1
C:\Users\Rohith Syam\Documents\UTS SEMESTER 3\image processing\idea 2\data\processed\faceforensics\Deepfakes\835_651\000012.jpg,1,835,Deepfakes,FaceForensics++,0.8390492796897888,1
C:\Users\Rohith Syam\Documents\UTS SEMESTER 3\image processing\idea 2\data\processed\faceforensics\Deepfakes\835_651\000013.jpg,1,835,Deepfakes,FaceForensics++,0.4890616834163666,0
C:\Users\Rohith Syam\Documents\UTS SEMESTER 3\image processing\idea 2\data\processed\faceforensics\Deepfakes\835_651\000014.jpg,1,835,Deepfakes,FaceForensics++,0.9961005449295044,1
C:\Users\Rohith Syam\Documents\UTS SEMESTER 3\image processing\idea 2\data\processed\faceforensics\Deepfakes\835_651\000015.jpg,1,835,Deepfakes,FaceForensics++,0.5447322726249695,1
C:\Users\Rohith Syam\Documents\UTS SEMESTER 3\image processing\idea 2\data\processed\faceforensics\Deepfakes\835_651\000016.jpg,1,835,Deepfakes,FaceForensics++,0.9946468472480774,1
C:\Users\Rohith Syam\Documents\UTS SEMESTER 3\image processing\idea 2\data\processed\faceforensics\Deepfakes\835_651\000017.jpg,1,835,Deepfakes,FaceForensics++,0.9439144134521484,1
C:\Users\Rohith Syam\Documents\UTS SEMESTER 3\image processing\idea 2\data\processed\faceforensics\Deepfakes\835_651\000018.jpg,1,835,Deepfakes,FaceForensics++,0.9994118213653564,1
C:\Users\Rohith Syam\Documents\UTS SEMESTER 3\image processing\idea 2\data\processed\faceforensics\Deepfakes\835_651\000019.jpg,1,835,Deepfakes,FaceForensics++,0.9834827184677124,1
C:\Users\Rohith Syam\Documents\UTS SEMESTER 3\image processing\idea 2\data\processed\faceforensics\Deepfakes\835_651\000020.jpg,1,835,Deepfakes,FaceForensics++,0.9973359704017639,1
C:\Users\Rohith Syam\Documents\UTS SEMESTER 3\image processing\idea 2\data\processed\faceforensics\Deepfakes\835_651\000021.jpg,1,835,Deepfakes,FaceForensics++,0.9249279499053955,1
C:\Users\Rohith Syam\Documents\UTS SEMESTER 3\image processing\idea 2\data\processed\faceforensics\Deepfakes\835_651\000022.jpg,1,835,Deepfakes,FaceForensics++,0.9864490628242493,1
C:\Users\Rohith Syam\Documents\UTS SEMESTER 3\image processing\idea 2\data\processed\faceforensics\Deepfakes\835_651\000023.jpg,1,835,Deepfakes,FaceForensics++,0.9866201877593994,1
C:\Users\Rohith Syam\Documents\UTS SEMESTER 3\image processing\idea 2\data\processed\faceforensics\Deepfakes\835_651\000024.jpg,1,835,Deepfakes,FaceForensics++,0.2453155368566513,0
C:\Users\Rohith Syam\Documents\UTS SEMESTER 3\image processing\idea 2\data\processed\faceforensics\Deepfakes\835_651\000025.jpg,1,835,Deepfakes,FaceForensics++,0.8068212270736694,1
C:\Users\Rohith Syam\Documents\UTS SEMESTER 3\image processing\idea 2\data\processed\faceforensics\Deepfakes\835_651\000026.jpg,1,835,Deepfakes,FaceForensics++,0.9789329767227173,1
C:\Users\Rohith Syam\Documents\UTS SEMESTER 3\image processing\idea 2\data\processed\faceforensics\Deepfakes\835_651\000027.jpg,1,835,Deepfakes,FaceForensics++,0.9986971020698547,1
C:\Users\Rohith Syam\Documents\UTS SEMESTER 3\image processing\idea 2\data\processed\faceforensics\Deepfakes\835_651\000028.jpg,1,835,Deepfakes,FaceForensics++,0.9976512789726257,1
C:\Users\Rohith Syam\Documents\UTS SEMESTER 3\image processing\idea 2\data\processed\faceforensics\Deepfakes\835_651\000029.jpg,1,835,Deepfakes,FaceForensics++,0.9937766790390015,1
C:\Users\Rohith Syam\Documents\UTS SEMESTER 3\image processing\idea 2\data\processed\faceforensics\Deepfakes\896_128\000000.jpg,1,896,Deepfakes,FaceForensics++,0.7635939121246338,1
C:\Users\Rohith Syam\Documents\UTS SEMESTER 3\image processing\idea 2\data\processed\faceforensics\Deepfakes\896_128\000001.jpg,1,896,Deepfakes,FaceForensics++,0.8807757496833801,1
C:\Users\Rohith Syam\Documents\UTS SEMESTER 3\image processing\idea 2\data\processed\faceforensics\Deepfakes\896_128\000002.jpg,1,896,Deepfakes,FaceForensics++,0.493887722492218,0
C:\Users\Rohith Syam\Documents\UTS SEMESTER 3\image processing\idea 2\data\processed\faceforensics\Deepfakes\896_128\000003.jpg,1,896,Deepfakes,FaceForensics++,0.6392983198165894,1
C:\Users\Rohith Syam\Documents\UTS SEMESTER 3\image processing\idea 2\data\processed\faceforensics\Deepfakes\896_128\000004.jpg,1,896,Deepfakes,FaceForensics++,0.3574230670928955,0
C:\Users\Rohith Syam\Documents\UTS SEMESTER 3\image processing\idea 2\data\processed\faceforensics\Deepfakes\896_128\000005.jpg,1,896,Deepfakes,FaceForensics++,0.47571516036987305,0
C:\Users\Rohith Syam\Documents\UTS SEMESTER 3\image processing\idea 2\data\processed\faceforensics\Deepfakes\896_128\000006.jpg,1,896,Deepfakes,FaceForensics++,0.9881910085678101,1
C:\Users\Rohith Syam\Documents\UTS SEMESTER 3\image processing\idea 2\data\processed\faceforensics\Deepfakes\896_128\000007.jpg,1,896,Deepfakes,FaceForensics++,0.5592653155326843,1
C:\Users\Rohith Syam\Documents\UTS SEMESTER 3\image processing\idea 2\data\processed\faceforensics\Deepfakes\896_128\000008.jpg,1,896,Deepfakes,FaceForensics++,0.6656836271286011,1
C:\Users\Rohith Syam\Documents\UTS SEMESTER 3\image processing\idea 2\data\processed\faceforensics\Deepfakes\896_128\000009.jpg,1,896,Deepfakes,FaceForensics++,0.3155323565006256,0
C:\Users\Rohith Syam\Documents\UTS SEMESTER 3\image processing\idea 2\data\processed\faceforensics\Deepfakes\896_128\000010.jpg,1,896,Deepfakes,FaceForensics++,0.9143686294555664,1
C:\Users\Rohith Syam\Documents\UTS SEMESTER 3\image processing\idea 2\data\processed\faceforensics\Deepfakes\896_128\000011.jpg,1,896,Deepfakes,FaceForensics++,0.5630558133125305,1
C:\Users\Rohith Syam\Documents\UTS SEMESTER 3\image processing\idea 2\data\processed\faceforensics\Deepfakes\896_128\000012.jpg,1,896,Deepfakes,FaceForensics++,0.8270503282546997,1
C:\Users\Rohith Syam\Documents\UTS SEMESTER 3\image processing\idea 2\data\processed\faceforensics\Deepfakes\896_128\000013.jpg,1,896,Deepfakes,FaceForensics++,0.887689471244812,1
C:\Users\Rohith Syam\Documents\UTS SEMESTER 3\image processing\idea 2\data\processed\faceforensics\Deepfakes\896_128\000014.jpg,1,896,Deepfakes,FaceForensics++,0.9396305084228516,1
C:\Users\Rohith Syam\Documents\UTS SEMESTER 3\image processing\idea 2\data\processed\faceforensics\Deepfakes\896_128\000015.jpg,1,896,Deepfakes,FaceForensics++,0.7287504076957703,1
C:\Users\Rohith Syam\Documents\UTS SEMESTER 3\image processing\idea 2\data\processed\faceforensics\Deepfakes\896_128\000016.jpg,1,896,Deepfakes,FaceForensics++,0.9977974891662598,1
C:\Users\Rohith Syam\Documents\UTS SEMESTER 3\image processing\idea 2\data\processed\faceforensics\Deepfakes\896_128\000017.jpg,1,896,Deepfakes,FaceForensics++,0.26891064643859863,0
C:\Users\Rohith Syam\Documents\UTS SEMESTER 3\image processing\idea 2\data\processed\faceforensics\Deepfakes\896_128\000018.jpg,1,896,Deepfakes,FaceForensics++,0.8617337346076965,1
C:\Users\Rohith Syam\Documents\UTS SEMESTER 3\image processing\idea 2\data\processed\faceforensics\Deepfakes\896_128\000019.jpg,1,896,Deepfakes,FaceForensics++,0.6945887804031372,1
C:\Users\Rohith Syam\Documents\UTS SEMESTER 3\image processing\idea 2\data\processed\faceforensics\Deepfakes\896_128\000020.jpg,1,896,Deepfakes,FaceForensics++,0.813019871711731,1
C:\Users\Rohith Syam\Documents\UTS SEMESTER 3\image processing\idea 2\data\processed\faceforensics\Deepfakes\896_128\000021.jpg,1,896,Deepfakes,FaceForensics++,0.74955815076828,1
C:\Users\Rohith Syam\Documents\UTS SEMESTER 3\image processing\idea 2\data\processed\faceforensics\Deepfakes\896_128\000022.jpg,1,896,Deepfakes,FaceForensics++,0.21723568439483643,0
C:\Users\Rohith Syam\Documents\UTS SEMESTER 3\image processing\idea 2\data\processed\faceforensics\Deepfakes\896_128\000023.jpg,1,896,Deepfakes,FaceForensics++,0.773695170879364,1
C:\Users\Rohith Syam\Documents\UTS SEMESTER 3\image processing\idea 2\data\processed\faceforensics\Deepfakes\896_128\000024.jpg,1,896,Deepfakes,FaceForensics++,0.7165558934211731,1
C:\Users\Rohith Syam\Documents\UTS SEMESTER 3\image processing\idea 2\data\processed\faceforensics\Deepfakes\896_128\000025.jpg,1,896,Deepfakes,FaceForensics++,0.9661166071891785,1
C:\Users\Rohith Syam\Documents\UTS SEMESTER 3\image processing\idea 2\data\processed\faceforensics\Deepfakes\896_128\000026.jpg,1,896,Deepfakes,FaceForensics++,0.9979287385940552,1
C:\Users\Rohith Syam\Documents\UTS SEMESTER 3\image processing\idea 2\data\processed\faceforensics\Deepfakes\896_128\000027.jpg,1,896,Deepfakes,FaceForensics++,0.994446873664856,1
C:\Users\Rohith Syam\Documents\UTS SEMESTER 3\image processing\idea 2\data\processed\faceforensics\Deepfakes\896_128\000028.jpg,1,896,Deepfakes,FaceForensics++,0.7752501368522644,1
C:\Users\Rohith Syam\Documents\UTS SEMESTER 3\image processing\idea 2\data\processed\faceforensics\Deepfakes\896_128\000029.jpg,1,896,Deepfakes,FaceForensics++,0.9174718856811523,1
C:\Users\Rohith Syam\Documents\UTS SEMESTER 3\image processing\idea 2\data\processed\faceforensics\Deepfakes\980_992\000000.jpg,1,980,Deepfakes,FaceForensics++,0.3541260063648224,0
C:\Users\Rohith Syam\Documents\UTS SEMESTER 3\image processing\idea 2\data\processed\faceforensics\Deepfakes\980_992\000001.jpg,1,980,Deepfakes,FaceForensics++,0.9889467358589172,1
C:\Users\Rohith Syam\Documents\UTS SEMESTER 3\image processing\idea 2\data\processed\faceforensics\Deepfakes\980_992\000002.jpg,1,980,Deepfakes,FaceForensics++,0.9615349769592285,1
C:\Users\Rohith Syam\Documents\UTS SEMESTER 3\image processing\idea 2\data\processed\faceforensics\Deepfakes\980_992\000003.jpg,1,980,Deepfakes,FaceForensics++,0.9955469369888306,1
C:\Users\Rohith Syam\Documents\UTS SEMESTER 3\image processing\idea 2\data\processed\faceforensics\Deepfakes\980_992\000004.jpg,1,980,Deepfakes,FaceForensics++,0.9967823028564453,1
C:\Users\Rohith Syam\Documents\UTS SEMESTER 3\image processing\idea 2\data\processed\faceforensics\Deepfakes\980_992\000005.jpg,1,980,Deepfakes,FaceForensics++,0.9714730978012085,1
C:\Users\Rohith Syam\Documents\UTS SEMESTER 3\image processing\idea 2\data\processed\faceforensics\Deepfakes\980_992\000006.jpg,1,980,Deepfakes,FaceForensics++,0.9946728348731995,1
C:\Users\Rohith Syam\Documents\UTS SEMESTER 3\image processing\idea 2\data\processed\faceforensics\Deepfakes\980_992\000007.jpg,1,980,Deepfakes,FaceForensics++,0.9816205501556396,1
C:\Users\Rohith Syam\Documents\UTS SEMESTER 3\image processing\idea 2\data\processed\faceforensics\Deepfakes\980_992\000008.jpg,1,980,Deepfakes,FaceForensics++,0.9886559247970581,1
C:\Users\Rohith Syam\Documents\UTS SEMESTER 3\image processing\idea 2\data\processed\faceforensics\Deepfakes\980_992\000009.jpg,1,980,Deepfakes,FaceForensics++,0.9621186852455139,1
C:\Users\Rohith Syam\Documents\UTS SEMESTER 3\image processing\idea 2\data\processed\faceforensics\Deepfakes\980_992\000010.jpg,1,980,Deepfakes,FaceForensics++,0.9852012991905212,1
C:\Users\Rohith Syam\Documents\UTS SEMESTER 3\image processing\idea 2\data\processed\faceforensics\Deepfakes\980_992\000011.jpg,1,980,Deepfakes,FaceForensics++,0.9642094969749451,1
C:\Users\Rohith Syam\Documents\UTS SEMESTER 3\image processing\idea 2\data\processed\faceforensics\Deepfakes\980_992\000012.jpg,1,980,Deepfakes,FaceForensics++,0.9754603505134583,1
C:\Users\Rohith Syam\Documents\UTS SEMESTER 3\image processing\idea 2\data\processed\faceforensics\Deepfakes\980_992\000013.jpg,1,980,Deepfakes,FaceForensics++,0.9989897608757019,1
C:\Users\Rohith Syam\Documents\UTS SEMESTER 3\image processing\idea 2\data\processed\faceforensics\Deepfakes\980_992\000014.jpg,1,980,Deepfakes,FaceForensics++,0.9953736662864685,1
C:\Users\Rohith Syam\Documents\UTS SEMESTER 3\image processing\idea 2\data\processed\faceforensics\Deepfakes\980_992\000015.jpg,1,980,Deepfakes,FaceForensics++,0.9997739195823669,1
C:\Users\Rohith Syam\Documents\UTS SEMESTER 3\image processing\idea 2\data\processed\faceforensics\Deepfakes\980_992\000016.jpg,1,980,Deepfakes,FaceForensics++,0.9847553372383118,1
C:\Users\Rohith Syam\Documents\UTS SEMESTER 3\image processing\idea 2\data\processed\faceforensics\Deepfakes\980_992\000017.jpg,1,980,Deepfakes,FaceForensics++,0.9957903027534485,1
C:\Users\Rohith Syam\Documents\UTS SEMESTER 3\image processing\idea 2\data\processed\faceforensics\Deepfakes\980_992\000018.jpg,1,980,Deepfakes,FaceForensics++,0.990304708480835,1
C:\Users\Rohith Syam\Documents\UTS SEMESTER 3\image processing\idea 2\data\processed\faceforensics\Deepfakes\980_992\000019.jpg,1,980,Deepfakes,FaceForensics++,0.9984325766563416,1
C:\Users\Rohith Syam\Documents\UTS SEMESTER 3\image processing\idea 2\data\processed\faceforensics\Deepfakes\980_992\000020.jpg,1,980,Deepfakes,FaceForensics++,0.9886457920074463,1
C:\Users\Rohith Syam\Documents\UTS SEMESTER 3\image processing\idea 2\data\processed\faceforensics\Deepfakes\980_992\000021.jpg,1,980,Deepfakes,FaceForensics++,0.9953355193138123,1
C:\Users\Rohith Syam\Documents\UTS SEMESTER 3\image processing\idea 2\data\processed\faceforensics\Deepfakes\980_992\000022.jpg,1,980,Deepfakes,FaceForensics++,0.9988705515861511,1
C:\Users\Rohith Syam\Documents\UTS SEMESTER 3\image processing\idea 2\data\processed\faceforensics\Deepfakes\980_992\000023.jpg,1,980,Deepfakes,FaceForensics++,0.9845939874649048,1
C:\Users\Rohith Syam\Documents\UTS SEMESTER 3\image processing\idea 2\data\processed\faceforensics\Deepfakes\980_992\000024.jpg,1,980,Deepfakes,FaceForensics++,0.9963269829750061,1
C:\Users\Rohith Syam\Documents\UTS SEMESTER 3\image processing\idea 2\data\processed\faceforensics\Deepfakes\980_992\000025.jpg,1,980,Deepfakes,FaceForensics++,0.9957785606384277,1
C:\Users\Rohith Syam\Documents\UTS SEMESTER 3\image processing\idea 2\data\processed\faceforensics\Deepfakes\980_992\000026.jpg,1,980,Deepfakes,FaceForensics++,0.990559995174408,1
C:\Users\Rohith Syam\Documents\UTS SEMESTER 3\image processing\idea 2\data\processed\faceforensics\Deepfakes\980_992\000027.jpg,1,980,Deepfakes,FaceForensics++,0.9662985801696777,1
C:\Users\Rohith Syam\Documents\UTS SEMESTER 3\image processing\idea 2\data\processed\faceforensics\Deepfakes\980_992\000028.jpg,1,980,Deepfakes,FaceForensics++,0.9991732239723206,1
C:\Users\Rohith Syam\Documents\UTS SEMESTER 3\image processing\idea 2\data\processed\faceforensics\Deepfakes\980_992\000029.jpg,1,980,Deepfakes,FaceForensics++,0.9979706406593323,1
C:\Users\Rohith Syam\Documents\UTS SEMESTER 3\image processing\idea 2\data\processed\faceforensics\Face2Face\035_036\000000.jpg,1,35,Face2Face,FaceForensics++,0.9975489974021912,1
C:\Users\Rohith Syam\Documents\UTS SEMESTER 3\image processing\idea 2\data\processed\faceforensics\Face2Face\035_036\000001.jpg,1,35,Face2Face,FaceForensics++,0.9921631217002869,1
C:\Users\Rohith Syam\Documents\UTS SEMESTER 3\image processing\idea 2\data\processed\faceforensics\Face2Face\035_036\000002.jpg,1,35,Face2Face,FaceForensics++,0.9514124989509583,1
C:\Users\Rohith Syam\Documents\UTS SEMESTER 3\image processing\idea 2\data\processed\faceforensics\Face2Face\035_036\000003.jpg,1,35,Face2Face,FaceForensics++,0.9994698166847229,1
C:\Users\Rohith Syam\Documents\UTS SEMESTER 3\image processing\idea 2\data\processed\faceforensics\Face2Face\035_036\000004.jpg,1,35,Face2Face,FaceForensics++,0.9995064735412598,1
C:\Users\Rohith Syam\Documents\UTS SEMESTER 3\image processing\idea 2\data\processed\faceforensics\Face2Face\035_036\000005.jpg,1,35,Face2Face,FaceForensics++,0.9995101690292358,1
C:\Users\Rohith Syam\Documents\UTS SEMESTER 3\image processing\idea 2\data\processed\faceforensics\Face2Face\035_036\000006.jpg,1,35,Face2Face,FaceForensics++,0.9977166652679443,1
C:\Users\Rohith Syam\Documents\UTS SEMESTER 3\image processing\idea 2\data\processed\faceforensics\Face2Face\035_036\000007.jpg,1,35,Face2Face,FaceForensics++,0.9995299577713013,1
C:\Users\Rohith Syam\Documents\UTS SEMESTER 3\image processing\idea 2\data\processed\faceforensics\Face2Face\035_036\000008.jpg,1,35,Face2Face,FaceForensics++,0.9635704159736633,1
C:\Users\Rohith Syam\Documents\UTS SEMESTER 3\image processing\idea 2\data\processed\faceforensics\Face2Face\035_036\000009.jpg,1,35,Face2Face,FaceForensics++,0.9402149319648743,1
C:\Users\Rohith Syam\Documents\UTS SEMESTER 3\image processing\idea 2\data\processed\faceforensics\Face2Face\035_036\000010.jpg,1,35,Face2Face,FaceForensics++,0.9959569573402405,1
C:\Users\Rohith Syam\Documents\UTS SEMESTER 3\image processing\idea 2\data\processed\faceforensics\Face2Face\035_036\000011.jpg,1,35,Face2Face,FaceForensics++,0.9967136383056641,1
C:\Users\Rohith Syam\Documents\UTS SEMESTER 3\image processing\idea 2\data\processed\faceforensics\Face2Face\035_036\000012.jpg,1,35,Face2Face,FaceForensics++,0.9971022009849548,1
C:\Users\Rohith Syam\Documents\UTS SEMESTER 3\image processing\idea 2\data\processed\faceforensics\Face2Face\035_036\000013.jpg,1,35,Face2Face,FaceForensics++,0.9979938268661499,1
C:\Users\Rohith Syam\Documents\UTS SEMESTER 3\image processing\idea 2\data\processed\faceforensics\Face2Face\035_036\000014.jpg,1,35,Face2Face,FaceForensics++,0.9990355968475342,1
C:\Users\Rohith Syam\Documents\UTS SEMESTER 3\image processing\idea 2\data\processed\faceforensics\Face2Face\035_036\000015.jpg,1,35,Face2Face,FaceForensics++,0.997885525226593,1
C:\Users\Rohith Syam\Documents\UTS SEMESTER 3\image processing\idea 2\data\processed\faceforensics\Face2Face\035_036\000016.jpg,1,35,Face2Face,FaceForensics++,0.99774169921875,1
C:\Users\Rohith Syam\Documents\UTS SEMESTER 3\image processing\idea 2\data\processed\faceforensics\Face2Face\035_036\000017.jpg,1,35,Face2Face,FaceForensics++,0.9990641474723816,1
C:\Users\Rohith Syam\Documents\UTS SEMESTER 3\image processing\idea 2\data\processed\faceforensics\Face2Face\035_036\000018.jpg,1,35,Face2Face,FaceForensics++,0.9952680468559265,1
C:\Users\Rohith Syam\Documents\UTS SEMESTER 3\image processing\idea 2\data\processed\faceforensics\Face2Face\035_036\000019.jpg,1,35,Face2Face,FaceForensics++,0.9957603812217712,1
C:\Users\Rohith Syam\Documents\UTS SEMESTER 3\image processing\idea 2\data\processed\faceforensics\Face2Face\035_036\000020.jpg,1,35,Face2Face,FaceForensics++,0.9992615580558777,1
C:\Users\Rohith Syam\Documents\UTS SEMESTER 3\image processing\idea 2\data\processed\faceforensics\Face2Face\035_036\000021.jpg,1,35,Face2Face,FaceForensics++,0.9899907112121582,1
C:\Users\Rohith Syam\Documents\UTS SEMESTER 3\image processing\idea 2\data\processed\faceforensics\Face2Face\035_036\000022.jpg,1,35,Face2Face,FaceForensics++,0.9973334074020386,1
C:\Users\Rohith Syam\Documents\UTS SEMESTER 3\image processing\idea 2\data\processed\faceforensics\Face2Face\035_036\000023.jpg,1,35,Face2Face,FaceForensics++,0.999011754989624,1
C:\Users\Rohith Syam\Documents\UTS SEMESTER 3\image processing\idea 2\data\processed\faceforensics\Face2Face\035_036\000024.jpg,1,35,Face2Face,FaceForensics++,0.9989966750144958,1
C:\Users\Rohith Syam\Documents\UTS SEMESTER 3\image processing\idea 2\data\processed\faceforensics\Face2Face\035_036\000025.jpg,1,35,Face2Face,FaceForensics++,0.9982901215553284,1
C:\Users\Rohith Syam\Documents\UTS SEMESTER 3\image processing\idea 2\data\processed\faceforensics\Face2Face\035_036\000026.jpg,1,35,Face2Face,FaceForensics++,0.9991445541381836,1
C:\Users\Rohith Syam\Documents\UTS SEMESTER 3\image processing\idea 2\data\processed\faceforensics\Face2Face\035_036\000027.jpg,1,35,Face2Face,FaceForensics++,0.9930852651596069,1
C:\Users\Rohith Syam\Documents\UTS SEMESTER 3\image processing\idea 2\data\processed\faceforensics\Face2Face\035_036\000028.jpg,1,35,Face2Face,FaceForensics++,0.9978796243667603,1
C:\Users\Rohith Syam\Documents\UTS SEMESTER 3\image processing\idea 2\data\processed\faceforensics\Face2Face\035_036\000029.jpg,1,35,Face2Face,FaceForensics++,0.9993489384651184,1
C:\Users\Rohith Syam\Documents\UTS SEMESTER 3\image processing\idea 2\data\processed\faceforensics\Face2Face\222_168\000000.jpg,1,222,Face2Face,FaceForensics++,0.22819438576698303,0
C:\Users\Rohith Syam\Documents\UTS SEMESTER 3\image processing\idea 2\data\processed\faceforensics\Face2Face\222_168\000001.jpg,1,222,Face2Face,FaceForensics++,0.6394508481025696,1
C:\Users\Rohith Syam\Documents\UTS SEMESTER 3\image processing\idea 2\data\processed\faceforensics\Face2Face\222_168\000002.jpg,1,222,Face2Face,FaceForensics++,0.850838303565979,1
C:\Users\Rohith Syam\Documents\UTS SEMESTER 3\image processing\idea 2\data\processed\faceforensics\Face2Face\222_168\000003.jpg,1,222,Face2Face,FaceForensics++,0.6964632272720337,1
C:\Users\Rohith Syam\Documents\UTS SEMESTER 3\image processing\idea 2\data\processed\faceforensics\Face2Face\222_168\000004.jpg,1,222,Face2Face,FaceForensics++,0.9532676935195923,1
C:\Users\Rohith Syam\Documents\UTS SEMESTER 3\image processing\idea 2\data\processed\faceforensics\Face2Face\222_168\000005.jpg,1,222,Face2Face,FaceForensics++,0.27337899804115295,0
C:\Users\Rohith Syam\Documents\UTS SEMESTER 3\image processing\idea 2\data\processed\faceforensics\Face2Face\222_168\000006.jpg,1,222,Face2Face,FaceForensics++,0.7962898015975952,1
C:\Users\Rohith Syam\Documents\UTS SEMESTER 3\image processing\idea 2\data\processed\faceforensics\Face2Face\222_168\000007.jpg,1,222,Face2Face,FaceForensics++,0.9832693338394165,1
C:\Users\Rohith Syam\Documents\UTS SEMESTER 3\image processing\idea 2\data\processed\faceforensics\Face2Face\222_168\000008.jpg,1,222,Face2Face,FaceForensics++,0.9727838635444641,1
C:\Users\Rohith Syam\Documents\UTS SEMESTER 3\image processing\idea 2\data\processed\faceforensics\Face2Face\222_168\000009.jpg,1,222,Face2Face,FaceForensics++,0.6807548403739929,1
C:\Users\Rohith Syam\Documents\UTS SEMESTER 3\image processing\idea 2\data\processed\faceforensics\Face2Face\222_168\000010.jpg,1,222,Face2Face,FaceForensics++,0.305352121591568,0
C:\Users\Rohith Syam\Documents\UTS SEMESTER 3\image processing\idea 2\data\processed\faceforensics\Face2Face\222_168\000011.jpg,1,222,Face2Face,FaceForensics++,0.9602485299110413,1
C:\Users\Rohith Syam\Documents\UTS SEMESTER 3\image processing\idea 2\data\processed\faceforensics\Face2Face\222_168\000012.jpg,1,222,Face2Face,FaceForensics++,0.9450898170471191,1
C:\Users\Rohith Syam\Documents\UTS SEMESTER 3\image processing\idea 2\data\processed\faceforensics\Face2Face\222_168\000013.jpg,1,222,Face2Face,FaceForensics++,0.9441896080970764,1
C:\Users\Rohith Syam\Documents\UTS SEMESTER 3\image processing\idea 2\data\processed\faceforensics\Face2Face\222_168\000014.jpg,1,222,Face2Face,FaceForensics++,0.9236975312232971,1
C:\Users\Rohith Syam\Documents\UTS SEMESTER 3\image processing\idea 2\data\processed\faceforensics\Face2Face\222_168\000015.jpg,1,222,Face2Face,FaceForensics++,0.33629149198532104,0
C:\Users\Rohith Syam\Documents\UTS SEMESTER 3\image processing\idea 2\data\processed\faceforensics\Face2Face\222_168\000016.jpg,1,222,Face2Face,FaceForensics++,0.7598534822463989,1
C:\Users\Rohith Syam\Documents\UTS SEMESTER 3\image processing\idea 2\data\processed\faceforensics\Face2Face\222_168\000017.jpg,1,222,Face2Face,FaceForensics++,0.6400336027145386,1
C:\Users\Rohith Syam\Documents\UTS SEMESTER 3\image processing\idea 2\data\processed\faceforensics\Face2Face\222_168\000018.jpg,1,222,Face2Face,FaceForensics++,0.9254589676856995,1
C:\Users\Rohith Syam\Documents\UTS SEMESTER 3\image processing\idea 2\data\processed\faceforensics\Face2Face\222_168\000019.jpg,1,222,Face2Face,FaceForensics++,0.41602447628974915,0
C:\Users\Rohith Syam\Documents\UTS SEMESTER 3\image processing\idea 2\data\processed\faceforensics\Face2Face\222_168\000020.jpg,1,222,Face2Face,FaceForensics++,0.5288025140762329,1
C:\Users\Rohith Syam\Documents\UTS SEMESTER 3\image processing\idea 2\data\processed\faceforensics\Face2Face\222_168\000021.jpg,1,222,Face2Face,FaceForensics++,0.8452922701835632,1
C:\Users\Rohith Syam\Documents\UTS SEMESTER 3\image processing\idea 2\data\processed\faceforensics\Face2Face\222_168\000022.jpg,1,222,Face2Face,FaceForensics++,0.39726561307907104,0
C:\Users\Rohith Syam\Documents\UTS SEMESTER 3\image processing\idea 2\data\processed\faceforensics\Face2Face\222_168\000023.jpg,1,222,Face2Face,FaceForensics++,0.6872343420982361,1
C:\Users\Rohith Syam\Documents\UTS SEMESTER 3\image processing\idea 2\data\processed\faceforensics\Face2Face\222_168\000024.jpg,1,222,Face2Face,FaceForensics++,0.8349587321281433,1
C:\Users\Rohith Syam\Documents\UTS SEMESTER 3\image processing\idea 2\data\processed\faceforensics\Face2Face\222_168\000025.jpg,1,222,Face2Face,FaceForensics++,0.9629608392715454,1
C:\Users\Rohith Syam\Documents\UTS SEMESTER 3\image processing\idea 2\data\processed\faceforensics\Face2Face\222_168\000026.jpg,1,222,Face2Face,FaceForensics++,0.49209558963775635,0
C:\Users\Rohith Syam\Documents\UTS SEMESTER 3\image processing\idea 2\data\processed\faceforensics\Face2Face\222_168\000027.jpg,1,222,Face2Face,FaceForensics++,0.9214674234390259,1
C:\Users\Rohith Syam\Documents\UTS SEMESTER 3\image processing\idea 2\data\processed\faceforensics\Face2Face\222_168\000028.jpg,1,222,Face2Face,FaceForensics++,0.3385123014450073,0
C:\Users\Rohith Syam\Documents\UTS SEMESTER 3\image processing\idea 2\data\processed\faceforensics\Face2Face\222_168\000029.jpg,1,222,Face2Face,FaceForensics++,0.6316753625869751,1
C:\Users\Rohith Syam\Documents\UTS SEMESTER 3\image processing\idea 2\data\processed\faceforensics\Face2Face\253_183\000000.jpg,1,253,Face2Face,FaceForensics++,0.9894344210624695,1
C:\Users\Rohith Syam\Documents\UTS SEMESTER 3\image processing\idea 2\data\processed\faceforensics\Face2Face\253_183\000001.jpg,1,253,Face2Face,FaceForensics++,0.9993973970413208,1
C:\Users\Rohith Syam\Documents\UTS SEMESTER 3\image processing\idea 2\data\processed\faceforensics\Face2Face\253_183\000002.jpg,1,253,Face2Face,FaceForensics++,0.9966334700584412,1
C:\Users\Rohith Syam\Documents\UTS SEMESTER 3\image processing\idea 2\data\processed\faceforensics\Face2Face\253_183\000003.jpg,1,253,Face2Face,FaceForensics++,0.9853675365447998,1
C:\Users\Rohith Syam\Documents\UTS SEMESTER 3\image processing\idea 2\data\processed\faceforensics\Face2Face\253_183\000004.jpg,1,253,Face2Face,FaceForensics++,0.993297278881073,1
C:\Users\Rohith Syam\Documents\UTS SEMESTER 3\image processing\idea 2\data\processed\faceforensics\Face2Face\253_183\000005.jpg,1,253,Face2Face,FaceForensics++,0.991163969039917,1
C:\Users\Rohith Syam\Documents\UTS SEMESTER 3\image processing\idea 2\data\processed\faceforensics\Face2Face\253_183\000006.jpg,1,253,Face2Face,FaceForensics++,0.9800862073898315,1
C:\Users\Rohith Syam\Documents\UTS SEMESTER 3\image processing\idea 2\data\processed\faceforensics\Face2Face\253_183\000007.jpg,1,253,Face2Face,FaceForensics++,0.9947050213813782,1
C:\Users\Rohith Syam\Documents\UTS SEMESTER 3\image processing\idea 2\data\processed\faceforensics\Face2Face\253_183\000008.jpg,1,253,Face2Face,FaceForensics++,0.8942642211914062,1
C:\Users\Rohith Syam\Documents\UTS SEMESTER 3\image processing\idea 2\data\processed\faceforensics\Face2Face\253_183\000009.jpg,1,253,Face2Face,FaceForensics++,0.9713534116744995,1
C:\Users\Rohith Syam\Documents\UTS SEMESTER 3\image processing\idea 2\data\processed\faceforensics\Face2Face\253_183\000010.jpg,1,253,Face2Face,FaceForensics++,0.9862672090530396,1
C:\Users\Rohith Syam\Documents\UTS SEMESTER 3\image processing\idea 2\data\processed\faceforensics\Face2Face\253_183\000011.jpg,1,253,Face2Face,FaceForensics++,0.7302190661430359,1
C:\Users\Rohith Syam\Documents\UTS SEMESTER 3\image processing\idea 2\data\processed\faceforensics\Face2Face\253_183\000012.jpg,1,253,Face2Face,FaceForensics++,0.9212351441383362,1
C:\Users\Rohith Syam\Documents\UTS SEMESTER 3\image processing\idea 2\data\processed\faceforensics\Face2Face\253_183\000013.jpg,1,253,Face2Face,FaceForensics++,0.9978759288787842,1
C:\Users\Rohith Syam\Documents\UTS SEMESTER 3\image processing\idea 2\data\processed\faceforensics\Face2Face\253_183\000014.jpg,1,253,Face2Face,FaceForensics++,0.8246709108352661,1
C:\Users\Rohith Syam\Documents\UTS SEMESTER 3\image processing\idea 2\data\processed\faceforensics\Face2Face\253_183\000015.jpg,1,253,Face2Face,FaceForensics++,0.9775751829147339,1
C:\Users\Rohith Syam\Documents\UTS SEMESTER 3\image processing\idea 2\data\processed\faceforensics\Face2Face\253_183\000016.jpg,1,253,Face2Face,FaceForensics++,0.9812658429145813,1
C:\Users\Rohith Syam\Documents\UTS SEMESTER 3\image processing\idea 2\data\processed\faceforensics\Face2Face\253_183\000017.jpg,1,253,Face2Face,FaceForensics++,0.9891632795333862,1
C:\Users\Rohith Syam\Documents\UTS SEMESTER 3\image processing\idea 2\data\processed\faceforensics\Face2Face\253_183\000018.jpg,1,253,Face2Face,FaceForensics++,0.9935364127159119,1
C:\Users\Rohith Syam\Documents\UTS SEMESTER 3\image processing\idea 2\data\processed\faceforensics\Face2Face\253_183\000019.jpg,1,253,Face2Face,FaceForensics++,0.911552369594574,1
C:\Users\Rohith Syam\Documents\UTS SEMESTER 3\image processing\idea 2\data\processed\faceforensics\Face2Face\253_183\000020.jpg,1,253,Face2Face,FaceForensics++,0.9300225377082825,1
C:\Users\Rohith Syam\Documents\UTS SEMESTER 3\image processing\idea 2\data\processed\faceforensics\Face2Face\253_183\000021.jpg,1,253,Face2Face,FaceForensics++,0.8855025172233582,1
C:\Users\Rohith Syam\Documents\UTS SEMESTER 3\image processing\idea 2\data\processed\faceforensics\Face2Face\253_183\000022.jpg,1,253,Face2Face,FaceForensics++,0.988897979259491,1
C:\Users\Rohith Syam\Documents\UTS SEMESTER 3\image processing\idea 2\data\processed\faceforensics\Face2Face\253_183\000023.jpg,1,253,Face2Face,FaceForensics++,0.9920910596847534,1
C:\Users\Rohith Syam\Documents\UTS SEMESTER 3\image processing\idea 2\data\processed\faceforensics\Face2Face\253_183\000024.jpg,1,253,Face2Face,FaceForensics++,0.9696804881095886,1
C:\Users\Rohith Syam\Documents\UTS SEMESTER 3\image processing\idea 2\data\processed\faceforensics\Face2Face\253_183\000025.jpg,1,253,Face2Face,FaceForensics++,0.9320704340934753,1
C:\Users\Rohith Syam\Documents\UTS SEMESTER 3\image processing\idea 2\data\processed\faceforensics\Face2Face\253_183\000026.jpg,1,253,Face2Face,FaceForensics++,0.9575834274291992,1
C:\Users\Rohith Syam\Documents\UTS SEMESTER 3\image processing\idea 2\data\processed\faceforensics\Face2Face\253_183\000027.jpg,1,253,Face2Face,FaceForensics++,0.9898393154144287,1
C:\Users\Rohith Syam\Documents\UTS SEMESTER 3\image processing\idea 2\data\processed\faceforensics\Face2Face\253_183\000028.jpg,1,253,Face2Face,FaceForensics++,0.8363240361213684,1
C:\Users\Rohith Syam\Documents\UTS SEMESTER 3\image processing\idea 2\data\processed\faceforensics\Face2Face\253_183\000029.jpg,1,253,Face2Face,FaceForensics++,0.9869186282157898,1
C:\Users\Rohith Syam\Documents\UTS SEMESTER 3\image processing\idea 2\data\processed\faceforensics\Face2Face\263_284\000000.jpg,1,263,Face2Face,FaceForensics++,0.8458245396614075,1
C:\Users\Rohith Syam\Documents\UTS SEMESTER 3\image processing\idea 2\data\processed\faceforensics\Face2Face\263_284\000001.jpg,1,263,Face2Face,FaceForensics++,0.5043764710426331,1
C:\Users\Rohith Syam\Documents\UTS SEMESTER 3\image processing\idea 2\data\processed\faceforensics\Face2Face\263_284\000002.jpg,1,263,Face2Face,FaceForensics++,0.868471622467041,1
C:\Users\Rohith Syam\Documents\UTS SEMESTER 3\image processing\idea 2\data\processed\faceforensics\Face2Face\263_284\000003.jpg,1,263,Face2Face,FaceForensics++,0.9900240898132324,1
C:\Users\Rohith Syam\Documents\UTS SEMESTER 3\image processing\idea 2\data\processed\faceforensics\Face2Face\263_284\000004.jpg,1,263,Face2Face,FaceForensics++,0.7246542572975159,1
C:\Users\Rohith Syam\Documents\UTS SEMESTER 3\image processing\idea 2\data\processed\faceforensics\Face2Face\263_284\000005.jpg,1,263,Face2Face,FaceForensics++,0.8072788119316101,1
C:\Users\Rohith Syam\Documents\UTS SEMESTER 3\image processing\idea 2\data\processed\faceforensics\Face2Face\263_284\000006.jpg,1,263,Face2Face,FaceForensics++,0.9810663461685181,1
C:\Users\Rohith Syam\Documents\UTS SEMESTER 3\image processing\idea 2\data\processed\faceforensics\Face2Face\263_284\000007.jpg,1,263,Face2Face,FaceForensics++,0.7724901437759399,1
C:\Users\Rohith Syam\Documents\UTS SEMESTER 3\image processing\idea 2\data\processed\faceforensics\Face2Face\263_284\000008.jpg,1,263,Face2Face,FaceForensics++,0.52680903673172,1
C:\Users\Rohith Syam\Documents\UTS SEMESTER 3\image processing\idea 2\data\processed\faceforensics\Face2Face\263_284\000009.jpg,1,263,Face2Face,FaceForensics++,0.9491361975669861,1
C:\Users\Rohith Syam\Documents\UTS SEMESTER 3\image processing\idea 2\data\processed\faceforensics\Face2Face\263_284\000010.jpg,1,263,Face2Face,FaceForensics++,0.23365049064159393,0
C:\Users\Rohith Syam\Documents\UTS SEMESTER 3\image processing\idea 2\data\processed\faceforensics\Face2Face\263_284\000011.jpg,1,263,Face2Face,FaceForensics++,0.32816165685653687,0
C:\Users\Rohith Syam\Documents\UTS SEMESTER 3\image processing\idea 2\data\processed\faceforensics\Face2Face\263_284\000012.jpg,1,263,Face2Face,FaceForensics++,0.992360532283783,1
C:\Users\Rohith Syam\Documents\UTS SEMESTER 3\image processing\idea 2\data\processed\faceforensics\Face2Face\263_284\000013.jpg,1,263,Face2Face,FaceForensics++,0.9217805862426758,1
C:\Users\Rohith Syam\Documents\UTS SEMESTER 3\image processing\idea 2\data\processed\faceforensics\Face2Face\263_284\000014.jpg,1,263,Face2Face,FaceForensics++,0.9854674935340881,1
C:\Users\Rohith Syam\Documents\UTS SEMESTER 3\image processing\idea 2\data\processed\faceforensics\Face2Face\263_284\000015.jpg,1,263,Face2Face,FaceForensics++,0.9780585765838623,1
C:\Users\Rohith Syam\Documents\UTS SEMESTER 3\image processing\idea 2\data\processed\faceforensics\Face2Face\263_284\000016.jpg,1,263,Face2Face,FaceForensics++,0.9855523705482483,1
C:\Users\Rohith Syam\Documents\UTS SEMESTER 3\image processing\idea 2\data\processed\faceforensics\Face2Face\263_284\000017.jpg,1,263,Face2Face,FaceForensics++,0.9963240623474121,1
C:\Users\Rohith Syam\Documents\UTS SEMESTER 3\image processing\idea 2\data\processed\faceforensics\Face2Face\263_284\000018.jpg,1,263,Face2Face,FaceForensics++,0.9933944344520569,1
C:\Users\Rohith Syam\Documents\UTS SEMESTER 3\image processing\idea 2\data\processed\faceforensics\Face2Face\263_284\000019.jpg,1,263,Face2Face,FaceForensics++,0.9971845746040344,1
C:\Users\Rohith Syam\Documents\UTS SEMESTER 3\image processing\idea 2\data\processed\faceforensics\Face2Face\263_284\000020.jpg,1,263,Face2Face,FaceForensics++,0.9986295700073242,1
C:\Users\Rohith Syam\Documents\UTS SEMESTER 3\image processing\idea 2\data\processed\faceforensics\Face2Face\263_284\000021.jpg,1,263,Face2Face,FaceForensics++,0.9748469591140747,1
C:\Users\Rohith Syam\Documents\UTS SEMESTER 3\image processing\idea 2\data\processed\faceforensics\Face2Face\263_284\000022.jpg,1,263,Face2Face,FaceForensics++,0.9673105478286743,1
C:\Users\Rohith Syam\Documents\UTS SEMESTER 3\image processing\idea 2\data\processed\faceforensics\Face2Face\263_284\000023.jpg,1,263,Face2Face,FaceForensics++,0.9721872210502625,1
C:\Users\Rohith Syam\Documents\UTS SEMESTER 3\image processing\idea 2\data\processed\faceforensics\Face2Face\263_284\000024.jpg,1,263,Face2Face,FaceForensics++,0.9795312881469727,1
C:\Users\Rohith Syam\Documents\UTS SEMESTER 3\image processing\idea 2\data\processed\faceforensics\Face2Face\263_284\000025.jpg,1,263,Face2Face,FaceForensics++,0.9527997374534607,1
C:\Users\Rohith Syam\Documents\UTS SEMESTER 3\image processing\idea 2\data\processed\faceforensics\Face2Face\263_284\000026.jpg,1,263,Face2Face,FaceForensics++,0.8705453276634216,1
C:\Users\Rohith Syam\Documents\UTS SEMESTER 3\image processing\idea 2\data\processed\faceforensics\Face2Face\263_284\000027.jpg,1,263,Face2Face,FaceForensics++,0.982668399810791,1
C:\Users\Rohith Syam\Documents\UTS SEMESTER 3\image processing\idea 2\data\processed\faceforensics\Face2Face\263_284\000028.jpg,1,263,Face2Face,FaceForensics++,0.4306561052799225,0
C:\Users\Rohith Syam\Documents\UTS SEMESTER 3\image processing\idea 2\data\processed\faceforensics\Face2Face\263_284\000029.jpg,1,263,Face2Face,FaceForensics++,0.20692147314548492,0
C:\Users\Rohith Syam\Documents\UTS SEMESTER 3\image processing\idea 2\data\processed\faceforensics\Face2Face\288_321\000000.jpg,1,288,Face2Face,FaceForensics++,0.9997556805610657,1
C:\Users\Rohith Syam\Documents\UTS SEMESTER 3\image processing\idea 2\data\processed\faceforensics\Face2Face\288_321\000001.jpg,1,288,Face2Face,FaceForensics++,0.9994029998779297,1
C:\Users\Rohith Syam\Documents\UTS SEMESTER 3\image processing\idea 2\data\processed\faceforensics\Face2Face\288_321\000002.jpg,1,288,Face2Face,FaceForensics++,0.9999605417251587,1
C:\Users\Rohith Syam\Documents\UTS SEMESTER 3\image processing\idea 2\data\processed\faceforensics\Face2Face\288_321\000003.jpg,1,288,Face2Face,FaceForensics++,0.9998570680618286,1
C:\Users\Rohith Syam\Documents\UTS SEMESTER 3\image processing\idea 2\data\processed\faceforensics\Face2Face\288_321\000004.jpg,1,288,Face2Face,FaceForensics++,0.9999552965164185,1
C:\Users\Rohith Syam\Documents\UTS SEMESTER 3\image processing\idea 2\data\processed\faceforensics\Face2Face\288_321\000005.jpg,1,288,Face2Face,FaceForensics++,0.9999656677246094,1
C:\Users\Rohith Syam\Documents\UTS SEMESTER 3\image processing\idea 2\data\processed\faceforensics\Face2Face\288_321\000006.jpg,1,288,Face2Face,FaceForensics++,0.9988273978233337,1
C:\Users\Rohith Syam\Documents\UTS SEMESTER 3\image processing\idea 2\data\processed\faceforensics\Face2Face\288_321\000007.jpg,1,288,Face2Face,FaceForensics++,0.999967098236084,1
C:\Users\Rohith Syam\Documents\UTS SEMESTER 3\image processing\idea 2\data\processed\faceforensics\Face2Face\288_321\000008.jpg,1,288,Face2Face,FaceForensics++,0.999797523021698,1
C:\Users\Rohith Syam\Documents\UTS SEMESTER 3\image processing\idea 2\data\processed\faceforensics\Face2Face\288_321\000009.jpg,1,288,Face2Face,FaceForensics++,0.9999604225158691,1
C:\Users\Rohith Syam\Documents\UTS SEMESTER 3\image processing\idea 2\data\processed\faceforensics\Face2Face\288_321\000010.jpg,1,288,Face2Face,FaceForensics++,0.995685338973999,1
C:\Users\Rohith Syam\Documents\UTS SEMESTER 3\image processing\idea 2\data\processed\faceforensics\Face2Face\288_321\000011.jpg,1,288,Face2Face,FaceForensics++,0.9998235106468201,1
C:\Users\Rohith Syam\Documents\UTS SEMESTER 3\image processing\idea 2\data\processed\faceforensics\Face2Face\288_321\000012.jpg,1,288,Face2Face,FaceForensics++,0.9892565608024597,1
C:\Users\Rohith Syam\Documents\UTS SEMESTER 3\image processing\idea 2\data\processed\faceforensics\Face2Face\288_321\000013.jpg,1,288,Face2Face,FaceForensics++,0.9996585845947266,1
C:\Users\Rohith Syam\Documents\UTS SEMESTER 3\image processing\idea 2\data\processed\faceforensics\Face2Face\288_321\000014.jpg,1,288,Face2Face,FaceForensics++,0.9995865225791931,1
C:\Users\Rohith Syam\Documents\UTS SEMESTER 3\image processing\idea 2\data\processed\faceforensics\Face2Face\288_321\000015.jpg,1,288,Face2Face,FaceForensics++,0.999459445476532,1
C:\Users\Rohith Syam\Documents\UTS SEMESTER 3\image processing\idea 2\data\processed\faceforensics\Face2Face\288_321\000016.jpg,1,288,Face2Face,FaceForensics++,0.9998965263366699,1
C:\Users\Rohith Syam\Documents\UTS SEMESTER 3\image processing\idea 2\data\processed\faceforensics\Face2Face\288_321\000017.jpg,1,288,Face2Face,FaceForensics++,0.9999701976776123,1
C:\Users\Rohith Syam\Documents\UTS SEMESTER 3\image processing\idea 2\data\processed\faceforensics\Face2Face\288_321\000018.jpg,1,288,Face2Face,FaceForensics++,0.9997329115867615,1
C:\Users\Rohith Syam\Documents\UTS SEMESTER 3\image processing\idea 2\data\processed\faceforensics\Face2Face\288_321\000019.jpg,1,288,Face2Face,FaceForensics++,0.999721348285675,1
C:\Users\Rohith Syam\Documents\UTS SEMESTER 3\image processing\idea 2\data\processed\faceforensics\Face2Face\288_321\000020.jpg,1,288,Face2Face,FaceForensics++,0.9997910857200623,1
C:\Users\Rohith Syam\Documents\UTS SEMESTER 3\image processing\idea 2\data\processed\faceforensics\Face2Face\288_321\000021.jpg,1,288,Face2Face,FaceForensics++,0.999894380569458,1
C:\Users\Rohith Syam\Documents\UTS SEMESTER 3\image processing\idea 2\data\processed\faceforensics\Face2Face\288_321\000022.jpg,1,288,Face2Face,FaceForensics++,0.9994996786117554,1
C:\Users\Rohith Syam\Documents\UTS SEMESTER 3\image processing\idea 2\data\processed\faceforensics\Face2Face\288_321\000023.jpg,1,288,Face2Face,FaceForensics++,0.9650459885597229,1
C:\Users\Rohith Syam\Documents\UTS SEMESTER 3\image processing\idea 2\data\processed\faceforensics\Face2Face\288_321\000024.jpg,1,288,Face2Face,FaceForensics++,0.9999085664749146,1
C:\Users\Rohith Syam\Documents\UTS SEMESTER 3\image processing\idea 2\data\processed\faceforensics\Face2Face\288_321\000025.jpg,1,288,Face2Face,FaceForensics++,0.9970435500144958,1
C:\Users\Rohith Syam\Documents\UTS SEMESTER 3\image processing\idea 2\data\processed\faceforensics\Face2Face\288_321\000026.jpg,1,288,Face2Face,FaceForensics++,0.9996572732925415,1
C:\Users\Rohith Syam\Documents\UTS SEMESTER 3\image processing\idea 2\data\processed\faceforensics\Face2Face\288_321\000027.jpg,1,288,Face2Face,FaceForensics++,0.9512847661972046,1
C:\Users\Rohith Syam\Documents\UTS SEMESTER 3\image processing\idea 2\data\processed\faceforensics\Face2Face\288_321\000028.jpg,1,288,Face2Face,FaceForensics++,0.5791036486625671,1
C:\Users\Rohith Syam\Documents\UTS SEMESTER 3\image processing\idea 2\data\processed\faceforensics\Face2Face\288_321\000029.jpg,1,288,Face2Face,FaceForensics++,0.8996148705482483,1
C:\Users\Rohith Syam\Documents\UTS SEMESTER 3\image processing\idea 2\data\processed\faceforensics\Face2Face\339_392\000000.jpg,1,339,Face2Face,FaceForensics++,0.9995976090431213,1
C:\Users\Rohith Syam\Documents\UTS SEMESTER 3\image processing\idea 2\data\processed\faceforensics\Face2Face\339_392\000001.jpg,1,339,Face2Face,FaceForensics++,0.9412808418273926,1
C:\Users\Rohith Syam\Documents\UTS SEMESTER 3\image processing\idea 2\data\processed\faceforensics\Face2Face\339_392\000002.jpg,1,339,Face2Face,FaceForensics++,0.9892577528953552,1
C:\Users\Rohith Syam\Documents\UTS SEMESTER 3\image processing\idea 2\data\processed\faceforensics\Face2Face\339_392\000003.jpg,1,339,Face2Face,FaceForensics++,0.9967003464698792,1
C:\Users\Rohith Syam\Documents\UTS SEMESTER 3\image processing\idea 2\data\processed\faceforensics\Face2Face\339_392\000004.jpg,1,339,Face2Face,FaceForensics++,0.8696345686912537,1
C:\Users\Rohith Syam\Documents\UTS SEMESTER 3\image processing\idea 2\data\processed\faceforensics\Face2Face\339_392\000005.jpg,1,339,Face2Face,FaceForensics++,0.9634576439857483,1
C:\Users\Rohith Syam\Documents\UTS SEMESTER 3\image processing\idea 2\data\processed\faceforensics\Face2Face\339_392\000006.jpg,1,339,Face2Face,FaceForensics++,0.9685081243515015,1
C:\Users\Rohith Syam\Documents\UTS SEMESTER 3\image processing\idea 2\data\processed\faceforensics\Face2Face\339_392\000007.jpg,1,339,Face2Face,FaceForensics++,0.9730390906333923,1
C:\Users\Rohith Syam\Documents\UTS SEMESTER 3\image processing\idea 2\data\processed\faceforensics\Face2Face\339_392\000008.jpg,1,339,Face2Face,FaceForensics++,0.9546046853065491,1
C:\Users\Rohith Syam\Documents\UTS SEMESTER 3\image processing\idea 2\data\processed\faceforensics\Face2Face\339_392\000009.jpg,1,339,Face2Face,FaceForensics++,0.9952486157417297,1
C:\Users\Rohith Syam\Documents\UTS SEMESTER 3\image processing\idea 2\data\processed\faceforensics\Face2Face\339_392\000010.jpg,1,339,Face2Face,FaceForensics++,0.9553924798965454,1
C:\Users\Rohith Syam\Documents\UTS SEMESTER 3\image processing\idea 2\data\processed\faceforensics\Face2Face\339_392\000011.jpg,1,339,Face2Face,FaceForensics++,0.9738907814025879,1
C:\Users\Rohith Syam\Documents\UTS SEMESTER 3\image processing\idea 2\data\processed\faceforensics\Face2Face\339_392\000012.jpg,1,339,Face2Face,FaceForensics++,0.765723466873169,1
C:\Users\Rohith Syam\Documents\UTS SEMESTER 3\image processing\idea 2\data\processed\faceforensics\Face2Face\339_392\000013.jpg,1,339,Face2Face,FaceForensics++,0.8833290934562683,1
C:\Users\Rohith Syam\Documents\UTS SEMESTER 3\image processing\idea 2\data\processed\faceforensics\Face2Face\339_392\000014.jpg,1,339,Face2Face,FaceForensics++,0.9222320318222046,1
C:\Users\Rohith Syam\Documents\UTS SEMESTER 3\image processing\idea 2\data\processed\faceforensics\Face2Face\339_392\000015.jpg,1,339,Face2Face,FaceForensics++,0.99314284324646,1
C:\Users\Rohith Syam\Documents\UTS SEMESTER 3\image processing\idea 2\data\processed\faceforensics\Face2Face\339_392\000016.jpg,1,339,Face2Face,FaceForensics++,0.9953266382217407,1
C:\Users\Rohith Syam\Documents\UTS SEMESTER 3\image processing\idea 2\data\processed\faceforensics\Face2Face\339_392\000017.jpg,1,339,Face2Face,FaceForensics++,0.6055210828781128,1
C:\Users\Rohith Syam\Documents\UTS SEMESTER 3\image processing\idea 2\data\processed\faceforensics\Face2Face\339_392\000018.jpg,1,339,Face2Face,FaceForensics++,0.9977793097496033,1
C:\Users\Rohith Syam\Documents\UTS SEMESTER 3\image processing\idea 2\data\processed\faceforensics\Face2Face\339_392\000019.jpg,1,339,Face2Face,FaceForensics++,0.9736347198486328,1
C:\Users\Rohith Syam\Documents\UTS SEMESTER 3\image processing\idea 2\data\processed\faceforensics\Face2Face\339_392\000020.jpg,1,339,Face2Face,FaceForensics++,0.9973487854003906,1
C:\Users\Rohith Syam\Documents\UTS SEMESTER 3\image processing\idea 2\data\processed\faceforensics\Face2Face\339_392\000021.jpg,1,339,Face2Face,FaceForensics++,0.9956111311912537,1
C:\Users\Rohith Syam\Documents\UTS SEMESTER 3\image processing\idea 2\data\processed\faceforensics\Face2Face\339_392\000022.jpg,1,339,Face2Face,FaceForensics++,0.7583144307136536,1
C:\Users\Rohith Syam\Documents\UTS SEMESTER 3\image processing\idea 2\data\processed\faceforensics\Face2Face\339_392\000023.jpg,1,339,Face2Face,FaceForensics++,0.9651138186454773,1
C:\Users\Rohith Syam\Documents\UTS SEMESTER 3\image processing\idea 2\data\processed\faceforensics\Face2Face\339_392\000024.jpg,1,339,Face2Face,FaceForensics++,0.8906140923500061,1
C:\Users\Rohith Syam\Documents\UTS SEMESTER 3\image processing\idea 2\data\processed\faceforensics\Face2Face\339_392\000025.jpg,1,339,Face2Face,FaceForensics++,0.8543447852134705,1
C:\Users\Rohith Syam\Documents\UTS SEMESTER 3\image processing\idea 2\data\processed\faceforensics\Face2Face\339_392\000026.jpg,1,339,Face2Face,FaceForensics++,0.8064395785331726,1
C:\Users\Rohith Syam\Documents\UTS SEMESTER 3\image processing\idea 2\data\processed\faceforensics\Face2Face\339_392\000027.jpg,1,339,Face2Face,FaceForensics++,0.7318127751350403,1
C:\Users\Rohith Syam\Documents\UTS SEMESTER 3\image processing\idea 2\data\processed\faceforensics\Face2Face\339_392\000028.jpg,1,339,Face2Face,FaceForensics++,0.6506807804107666,1
C:\Users\Rohith Syam\Documents\UTS SEMESTER 3\image processing\idea 2\data\processed\faceforensics\Face2Face\339_392\000029.jpg,1,339,Face2Face,FaceForensics++,0.5970401167869568,1
C:\Users\Rohith Syam\Documents\UTS SEMESTER 3\image processing\idea 2\data\processed\faceforensics\Face2Face\437_360\000000.jpg,1,437,Face2Face,FaceForensics++,0.9898982644081116,1
C:\Users\Rohith Syam\Documents\UTS SEMESTER 3\image processing\idea 2\data\processed\faceforensics\Face2Face\437_360\000001.jpg,1,437,Face2Face,FaceForensics++,0.9983500242233276,1
C:\Users\Rohith Syam\Documents\UTS SEMESTER 3\image processing\idea 2\data\processed\faceforensics\Face2Face\437_360\000002.jpg,1,437,Face2Face,FaceForensics++,0.9983525276184082,1
C:\Users\Rohith Syam\Documents\UTS SEMESTER 3\image processing\idea 2\data\processed\faceforensics\Face2Face\437_360\000003.jpg,1,437,Face2Face,FaceForensics++,0.9911653399467468,1
C:\Users\Rohith Syam\Documents\UTS SEMESTER 3\image processing\idea 2\data\processed\faceforensics\Face2Face\437_360\000004.jpg,1,437,Face2Face,FaceForensics++,0.9972019195556641,1
C:\Users\Rohith Syam\Documents\UTS SEMESTER 3\image processing\idea 2\data\processed\faceforensics\Face2Face\437_360\000005.jpg,1,437,Face2Face,FaceForensics++,0.9391686320304871,1
C:\Users\Rohith Syam\Documents\UTS SEMESTER 3\image processing\idea 2\data\processed\faceforensics\Face2Face\437_360\000006.jpg,1,437,Face2Face,FaceForensics++,0.9999020099639893,1
C:\Users\Rohith Syam\Documents\UTS SEMESTER 3\image processing\idea 2\data\processed\faceforensics\Face2Face\437_360\000007.jpg,1,437,Face2Face,FaceForensics++,0.8846709132194519,1
C:\Users\Rohith Syam\Documents\UTS SEMESTER 3\image processing\idea 2\data\processed\faceforensics\Face2Face\437_360\000008.jpg,1,437,Face2Face,FaceForensics++,0.9434034824371338,1
C:\Users\Rohith Syam\Documents\UTS SEMESTER 3\image processing\idea 2\data\processed\faceforensics\Face2Face\437_360\000009.jpg,1,437,Face2Face,FaceForensics++,0.99652099609375,1
C:\Users\Rohith Syam\Documents\UTS SEMESTER 3\image processing\idea 2\data\processed\faceforensics\Face2Face\437_360\000010.jpg,1,437,Face2Face,FaceForensics++,0.997273862361908,1
C:\Users\Rohith Syam\Documents\UTS SEMESTER 3\image processing\idea 2\data\processed\faceforensics\Face2Face\437_360\000011.jpg,1,437,Face2Face,FaceForensics++,0.9939097166061401,1
C:\Users\Rohith Syam\Documents\UTS SEMESTER 3\image processing\idea 2\data\processed\faceforensics\Face2Face\437_360\000012.jpg,1,437,Face2Face,FaceForensics++,0.9640145897865295,1
C:\Users\Rohith Syam\Documents\UTS SEMESTER 3\image processing\idea 2\data\processed\faceforensics\Face2Face\437_360\000013.jpg,1,437,Face2Face,FaceForensics++,0.9912691116333008,1
C:\Users\Rohith Syam\Documents\UTS SEMESTER 3\image processing\idea 2\data\processed\faceforensics\Face2Face\437_360\000014.jpg,1,437,Face2Face,FaceForensics++,0.9727643132209778,1
C:\Users\Rohith Syam\Documents\UTS SEMESTER 3\image processing\idea 2\data\processed\faceforensics\Face2Face\437_360\000015.jpg,1,437,Face2Face,FaceForensics++,0.9794396758079529,1
C:\Users\Rohith Syam\Documents\UTS SEMESTER 3\image processing\idea 2\data\processed\faceforensics\Face2Face\437_360\000016.jpg,1,437,Face2Face,FaceForensics++,0.9961052536964417,1
C:\Users\Rohith Syam\Documents\UTS SEMESTER 3\image processing\idea 2\data\processed\faceforensics\Face2Face\437_360\000017.jpg,1,437,Face2Face,FaceForensics++,0.9533279538154602,1
C:\Users\Rohith Syam\Documents\UTS SEMESTER 3\image processing\idea 2\data\processed\faceforensics\Face2Face\437_360\000018.jpg,1,437,Face2Face,FaceForensics++,0.995212197303772,1
C:\Users\Rohith Syam\Documents\UTS SEMESTER 3\image processing\idea 2\data\processed\faceforensics\Face2Face\437_360\000019.jpg,1,437,Face2Face,FaceForensics++,0.9756912589073181,1
C:\Users\Rohith Syam\Documents\UTS SEMESTER 3\image processing\idea 2\data\processed\faceforensics\Face2Face\437_360\000020.jpg,1,437,Face2Face,FaceForensics++,0.984022319316864,1
C:\Users\Rohith Syam\Documents\UTS SEMESTER 3\image processing\idea 2\data\processed\faceforensics\Face2Face\437_360\000021.jpg,1,437,Face2Face,FaceForensics++,0.9836490154266357,1
C:\Users\Rohith Syam\Documents\UTS SEMESTER 3\image processing\idea 2\data\processed\faceforensics\Face2Face\437_360\000022.jpg,1,437,Face2Face,FaceForensics++,0.9996324777603149,1
C:\Users\Rohith Syam\Documents\UTS SEMESTER 3\image processing\idea 2\data\processed\faceforensics\Face2Face\437_360\000023.jpg,1,437,Face2Face,FaceForensics++,0.9918023943901062,1
C:\Users\Rohith Syam\Documents\UTS SEMESTER 3\image processing\idea 2\data\processed\faceforensics\Face2Face\437_360\000024.jpg,1,437,Face2Face,FaceForensics++,0.9876658916473389,1
C:\Users\Rohith Syam\Documents\UTS SEMESTER 3\image processing\idea 2\data\processed\faceforensics\Face2Face\437_360\000025.jpg,1,437,Face2Face,FaceForensics++,0.9615607857704163,1
C:\Users\Rohith Syam\Documents\UTS SEMESTER 3\image processing\idea 2\data\processed\faceforensics\Face2Face\437_360\000026.jpg,1,437,Face2Face,FaceForensics++,0.9926124811172485,1
C:\Users\Rohith Syam\Documents\UTS SEMESTER 3\image processing\idea 2\data\processed\faceforensics\Face2Face\437_360\000027.jpg,1,437,Face2Face,FaceForensics++,0.9966753721237183,1
C:\Users\Rohith Syam\Documents\UTS SEMESTER 3\image processing\idea 2\data\processed\faceforensics\Face2Face\437_360\000028.jpg,1,437,Face2Face,FaceForensics++,0.9989230036735535,1
C:\Users\Rohith Syam\Documents\UTS SEMESTER 3\image processing\idea 2\data\processed\faceforensics\Face2Face\437_360\000029.jpg,1,437,Face2Face,FaceForensics++,0.9969767332077026,1
C:\Users\Rohith Syam\Documents\UTS SEMESTER 3\image processing\idea 2\data\processed\faceforensics\Face2Face\438_434\000000.jpg,1,438,Face2Face,FaceForensics++,0.9989394545555115,1
C:\Users\Rohith Syam\Documents\UTS SEMESTER 3\image processing\idea 2\data\processed\faceforensics\Face2Face\438_434\000001.jpg,1,438,Face2Face,FaceForensics++,0.9994520545005798,1
C:\Users\Rohith Syam\Documents\UTS SEMESTER 3\image processing\idea 2\data\processed\faceforensics\Face2Face\438_434\000002.jpg,1,438,Face2Face,FaceForensics++,0.9997413754463196,1
C:\Users\Rohith Syam\Documents\UTS SEMESTER 3\image processing\idea 2\data\processed\faceforensics\Face2Face\438_434\000003.jpg,1,438,Face2Face,FaceForensics++,0.999725878238678,1
C:\Users\Rohith Syam\Documents\UTS SEMESTER 3\image processing\idea 2\data\processed\faceforensics\Face2Face\438_434\000004.jpg,1,438,Face2Face,FaceForensics++,0.9991593360900879,1
C:\Users\Rohith Syam\Documents\UTS SEMESTER 3\image processing\idea 2\data\processed\faceforensics\Face2Face\438_434\000005.jpg,1,438,Face2Face,FaceForensics++,0.9999182224273682,1
C:\Users\Rohith Syam\Documents\UTS SEMESTER 3\image processing\idea 2\data\processed\faceforensics\Face2Face\438_434\000006.jpg,1,438,Face2Face,FaceForensics++,0.9995445609092712,1
C:\Users\Rohith Syam\Documents\UTS SEMESTER 3\image processing\idea 2\data\processed\faceforensics\Face2Face\438_434\000007.jpg,1,438,Face2Face,FaceForensics++,0.9985219836235046,1
C:\Users\Rohith Syam\Documents\UTS SEMESTER 3\image processing\idea 2\data\processed\faceforensics\Face2Face\438_434\000008.jpg,1,438,Face2Face,FaceForensics++,0.999288022518158,1
C:\Users\Rohith Syam\Documents\UTS SEMESTER 3\image processing\idea 2\data\processed\faceforensics\Face2Face\438_434\000009.jpg,1,438,Face2Face,FaceForensics++,0.9993187189102173,1
C:\Users\Rohith Syam\Documents\UTS SEMESTER 3\image processing\idea 2\data\processed\faceforensics\Face2Face\438_434\000010.jpg,1,438,Face2Face,FaceForensics++,0.998488187789917,1
C:\Users\Rohith Syam\Documents\UTS SEMESTER 3\image processing\idea 2\data\processed\faceforensics\Face2Face\438_434\000011.jpg,1,438,Face2Face,FaceForensics++,0.9992523789405823,1
C:\Users\Rohith Syam\Documents\UTS SEMESTER 3\image processing\idea 2\data\processed\faceforensics\Face2Face\438_434\000012.jpg,1,438,Face2Face,FaceForensics++,0.9726153612136841,1
C:\Users\Rohith Syam\Documents\UTS SEMESTER 3\image processing\idea 2\data\processed\faceforensics\Face2Face\438_434\000013.jpg,1,438,Face2Face,FaceForensics++,0.9995409250259399,1
C:\Users\Rohith Syam\Documents\UTS SEMESTER 3\image processing\idea 2\data\processed\faceforensics\Face2Face\438_434\000014.jpg,1,438,Face2Face,FaceForensics++,0.9994538426399231,1
C:\Users\Rohith Syam\Documents\UTS SEMESTER 3\image processing\idea 2\data\processed\faceforensics\Face2Face\438_434\000015.jpg,1,438,Face2Face,FaceForensics++,0.9997362494468689,1
C:\Users\Rohith Syam\Documents\UTS SEMESTER 3\image processing\idea 2\data\processed\faceforensics\Face2Face\438_434\000016.jpg,1,438,Face2Face,FaceForensics++,0.999722421169281,1
C:\Users\Rohith Syam\Documents\UTS SEMESTER 3\image processing\idea 2\data\processed\faceforensics\Face2Face\438_434\000017.jpg,1,438,Face2Face,FaceForensics++,0.9995408058166504,1
C:\Users\Rohith Syam\Documents\UTS SEMESTER 3\image processing\idea 2\data\processed\faceforensics\Face2Face\438_434\000018.jpg,1,438,Face2Face,FaceForensics++,0.9989959597587585,1
C:\Users\Rohith Syam\Documents\UTS SEMESTER 3\image processing\idea 2\data\processed\faceforensics\Face2Face\438_434\000019.jpg,1,438,Face2Face,FaceForensics++,0.9992328882217407,1
C:\Users\Rohith Syam\Documents\UTS SEMESTER 3\image processing\idea 2\data\processed\faceforensics\Face2Face\438_434\000020.jpg,1,438,Face2Face,FaceForensics++,0.9996480941772461,1
C:\Users\Rohith Syam\Documents\UTS SEMESTER 3\image processing\idea 2\data\processed\faceforensics\Face2Face\438_434\000021.jpg,1,438,Face2Face,FaceForensics++,0.9997022747993469,1
C:\Users\Rohith Syam\Documents\UTS SEMESTER 3\image processing\idea 2\data\processed\faceforensics\Face2Face\438_434\000022.jpg,1,438,Face2Face,FaceForensics++,0.9989941716194153,1
C:\Users\Rohith Syam\Documents\UTS SEMESTER 3\image processing\idea 2\data\processed\faceforensics\Face2Face\438_434\000023.jpg,1,438,Face2Face,FaceForensics++,0.9966310858726501,1
C:\Users\Rohith Syam\Documents\UTS SEMESTER 3\image processing\idea 2\data\processed\faceforensics\Face2Face\438_434\000024.jpg,1,438,Face2Face,FaceForensics++,0.9879828691482544,1
C:\Users\Rohith Syam\Documents\UTS SEMESTER 3\image processing\idea 2\data\processed\faceforensics\Face2Face\438_434\000025.jpg,1,438,Face2Face,FaceForensics++,0.997994065284729,1
C:\Users\Rohith Syam\Documents\UTS SEMESTER 3\image processing\idea 2\data\processed\faceforensics\Face2Face\438_434\000026.jpg,1,438,Face2Face,FaceForensics++,0.999186098575592,1
C:\Users\Rohith Syam\Documents\UTS SEMESTER 3\image processing\idea 2\data\processed\faceforensics\Face2Face\438_434\000027.jpg,1,438,Face2Face,FaceForensics++,0.9993776679039001,1
C:\Users\Rohith Syam\Documents\UTS SEMESTER 3\image processing\idea 2\data\processed\faceforensics\Face2Face\438_434\000028.jpg,1,438,Face2Face,FaceForensics++,0.9995427131652832,1
C:\Users\Rohith Syam\Documents\UTS SEMESTER 3\image processing\idea 2\data\processed\faceforensics\Face2Face\438_434\000029.jpg,1,438,Face2Face,FaceForensics++,0.9999843835830688,1
C:\Users\Rohith Syam\Documents\UTS SEMESTER 3\image processing\idea 2\data\processed\faceforensics\Face2Face\677_671\000000.jpg,1,677,Face2Face,FaceForensics++,0.9500530362129211,1
C:\Users\Rohith Syam\Documents\UTS SEMESTER 3\image processing\idea 2\data\processed\faceforensics\Face2Face\677_671\000001.jpg,1,677,Face2Face,FaceForensics++,0.9999681711196899,1
C:\Users\Rohith Syam\Documents\UTS SEMESTER 3\image processing\idea 2\data\processed\faceforensics\Face2Face\677_671\000002.jpg,1,677,Face2Face,FaceForensics++,0.9997687935829163,1
C:\Users\Rohith Syam\Documents\UTS SEMESTER 3\image processing\idea 2\data\processed\faceforensics\Face2Face\677_671\000003.jpg,1,677,Face2Face,FaceForensics++,0.9980689883232117,1
C:\Users\Rohith Syam\Documents\UTS SEMESTER 3\image processing\idea 2\data\processed\faceforensics\Face2Face\677_671\000004.jpg,1,677,Face2Face,FaceForensics++,0.9997192025184631,1
C:\Users\Rohith Syam\Documents\UTS SEMESTER 3\image processing\idea 2\data\processed\faceforensics\Face2Face\677_671\000005.jpg,1,677,Face2Face,FaceForensics++,0.9989659786224365,1
C:\Users\Rohith Syam\Documents\UTS SEMESTER 3\image processing\idea 2\data\processed\faceforensics\Face2Face\677_671\000006.jpg,1,677,Face2Face,FaceForensics++,0.9978346228599548,1
C:\Users\Rohith Syam\Documents\UTS SEMESTER 3\image processing\idea 2\data\processed\faceforensics\Face2Face\677_671\000007.jpg,1,677,Face2Face,FaceForensics++,0.994506299495697,1
C:\Users\Rohith Syam\Documents\UTS SEMESTER 3\image processing\idea 2\data\processed\faceforensics\Face2Face\677_671\000008.jpg,1,677,Face2Face,FaceForensics++,0.9547917246818542,1
C:\Users\Rohith Syam\Documents\UTS SEMESTER 3\image processing\idea 2\data\processed\faceforensics\Face2Face\677_671\000009.jpg,1,677,Face2Face,FaceForensics++,0.9995837807655334,1
C:\Users\Rohith Syam\Documents\UTS SEMESTER 3\image processing\idea 2\data\processed\faceforensics\Face2Face\677_671\000010.jpg,1,677,Face2Face,FaceForensics++,0.9990757703781128,1
C:\Users\Rohith Syam\Documents\UTS SEMESTER 3\image processing\idea 2\data\processed\faceforensics\Face2Face\677_671\000011.jpg,1,677,Face2Face,FaceForensics++,0.9914536476135254,1
C:\Users\Rohith Syam\Documents\UTS SEMESTER 3\image processing\idea 2\data\processed\faceforensics\Face2Face\677_671\000012.jpg,1,677,Face2Face,FaceForensics++,0.9978418350219727,1
C:\Users\Rohith Syam\Documents\UTS SEMESTER 3\image processing\idea 2\data\processed\faceforensics\Face2Face\677_671\000013.jpg,1,677,Face2Face,FaceForensics++,0.9930256605148315,1
C:\Users\Rohith Syam\Documents\UTS SEMESTER 3\image processing\idea 2\data\processed\faceforensics\Face2Face\677_671\000014.jpg,1,677,Face2Face,FaceForensics++,0.9991206526756287,1
C:\Users\Rohith Syam\Documents\UTS SEMESTER 3\image processing\idea 2\data\processed\faceforensics\Face2Face\677_671\000015.jpg,1,677,Face2Face,FaceForensics++,0.9826115369796753,1
C:\Users\Rohith Syam\Documents\UTS SEMESTER 3\image processing\idea 2\data\processed\faceforensics\Face2Face\677_671\000016.jpg,1,677,Face2Face,FaceForensics++,0.9998849630355835,1
C:\Users\Rohith Syam\Documents\UTS SEMESTER 3\image processing\idea 2\data\processed\faceforensics\Face2Face\677_671\000017.jpg,1,677,Face2Face,FaceForensics++,0.9983230233192444,1
C:\Users\Rohith Syam\Documents\UTS SEMESTER 3\image processing\idea 2\data\processed\faceforensics\Face2Face\677_671\000018.jpg,1,677,Face2Face,FaceForensics++,0.9506710171699524,1
C:\Users\Rohith Syam\Documents\UTS SEMESTER 3\image processing\idea 2\data\processed\faceforensics\Face2Face\677_671\000019.jpg,1,677,Face2Face,FaceForensics++,0.9180406332015991,1
C:\Users\Rohith Syam\Documents\UTS SEMESTER 3\image processing\idea 2\data\processed\faceforensics\Face2Face\677_671\000020.jpg,1,677,Face2Face,FaceForensics++,0.9996480941772461,1
C:\Users\Rohith Syam\Documents\UTS SEMESTER 3\image processing\idea 2\data\processed\faceforensics\Face2Face\677_671\000021.jpg,1,677,Face2Face,FaceForensics++,0.9936918020248413,1
C:\Users\Rohith Syam\Documents\UTS SEMESTER 3\image processing\idea 2\data\processed\faceforensics\Face2Face\677_671\000022.jpg,1,677,Face2Face,FaceForensics++,0.9996196031570435,1
C:\Users\Rohith Syam\Documents\UTS SEMESTER 3\image processing\idea 2\data\processed\faceforensics\Face2Face\677_671\000023.jpg,1,677,Face2Face,FaceForensics++,0.999015212059021,1
C:\Users\Rohith Syam\Documents\UTS SEMESTER 3\image processing\idea 2\data\processed\faceforensics\Face2Face\677_671\000024.jpg,1,677,Face2Face,FaceForensics++,0.9997547268867493,1
C:\Users\Rohith Syam\Documents\UTS SEMESTER 3\image processing\idea 2\data\processed\faceforensics\Face2Face\677_671\000025.jpg,1,677,Face2Face,FaceForensics++,0.9993550181388855,1
C:\Users\Rohith Syam\Documents\UTS SEMESTER 3\image processing\idea 2\data\processed\faceforensics\Face2Face\677_671\000026.jpg,1,677,Face2Face,FaceForensics++,0.9928005933761597,1
C:\Users\Rohith Syam\Documents\UTS SEMESTER 3\image processing\idea 2\data\processed\faceforensics\Face2Face\677_671\000027.jpg,1,677,Face2Face,FaceForensics++,0.9995878338813782,1
C:\Users\Rohith Syam\Documents\UTS SEMESTER 3\image processing\idea 2\data\processed\faceforensics\Face2Face\677_671\000028.jpg,1,677,Face2Face,FaceForensics++,0.9971058964729309,1
C:\Users\Rohith Syam\Documents\UTS SEMESTER 3\image processing\idea 2\data\processed\faceforensics\Face2Face\677_671\000029.jpg,1,677,Face2Face,FaceForensics++,0.9997838139533997,1
C:\Users\Rohith Syam\Documents\UTS SEMESTER 3\image processing\idea 2\data\processed\faceforensics\Face2Face\716_712\000000.jpg,1,716,Face2Face,FaceForensics++,0.9924890995025635,1
C:\Users\Rohith Syam\Documents\UTS SEMESTER 3\image processing\idea 2\data\processed\faceforensics\Face2Face\716_712\000001.jpg,1,716,Face2Face,FaceForensics++,0.998676598072052,1
C:\Users\Rohith Syam\Documents\UTS SEMESTER 3\image processing\idea 2\data\processed\faceforensics\Face2Face\716_712\000002.jpg,1,716,Face2Face,FaceForensics++,0.9997908473014832,1
C:\Users\Rohith Syam\Documents\UTS SEMESTER 3\image processing\idea 2\data\processed\faceforensics\Face2Face\716_712\000003.jpg,1,716,Face2Face,FaceForensics++,0.9996589422225952,1
C:\Users\Rohith Syam\Documents\UTS SEMESTER 3\image processing\idea 2\data\processed\faceforensics\Face2Face\716_712\000004.jpg,1,716,Face2Face,FaceForensics++,0.9956056475639343,1
C:\Users\Rohith Syam\Documents\UTS SEMESTER 3\image processing\idea 2\data\processed\faceforensics\Face2Face\716_712\000005.jpg,1,716,Face2Face,FaceForensics++,0.9960610270500183,1
C:\Users\Rohith Syam\Documents\UTS SEMESTER 3\image processing\idea 2\data\processed\faceforensics\Face2Face\716_712\000006.jpg,1,716,Face2Face,FaceForensics++,0.9977962970733643,1
C:\Users\Rohith Syam\Documents\UTS SEMESTER 3\image processing\idea 2\data\processed\faceforensics\Face2Face\716_712\000007.jpg,1,716,Face2Face,FaceForensics++,0.9999805688858032,1
C:\Users\Rohith Syam\Documents\UTS SEMESTER 3\image processing\idea 2\data\processed\faceforensics\Face2Face\716_712\000008.jpg,1,716,Face2Face,FaceForensics++,0.999908447265625,1
C:\Users\Rohith Syam\Documents\UTS SEMESTER 3\image processing\idea 2\data\processed\faceforensics\Face2Face\716_712\000009.jpg,1,716,Face2Face,FaceForensics++,0.9995354413986206,1
C:\Users\Rohith Syam\Documents\UTS SEMESTER 3\image processing\idea 2\data\processed\faceforensics\Face2Face\716_712\000010.jpg,1,716,Face2Face,FaceForensics++,0.9999617338180542,1
C:\Users\Rohith Syam\Documents\UTS SEMESTER 3\image processing\idea 2\data\processed\faceforensics\Face2Face\716_712\000011.jpg,1,716,Face2Face,FaceForensics++,0.9997343420982361,1
C:\Users\Rohith Syam\Documents\UTS SEMESTER 3\image processing\idea 2\data\processed\faceforensics\Face2Face\716_712\000012.jpg,1,716,Face2Face,FaceForensics++,0.9991466999053955,1
C:\Users\Rohith Syam\Documents\UTS SEMESTER 3\image processing\idea 2\data\processed\faceforensics\Face2Face\716_712\000013.jpg,1,716,Face2Face,FaceForensics++,0.9972178936004639,1
C:\Users\Rohith Syam\Documents\UTS SEMESTER 3\image processing\idea 2\data\processed\faceforensics\Face2Face\716_712\000014.jpg,1,716,Face2Face,FaceForensics++,0.9984462857246399,1
C:\Users\Rohith Syam\Documents\UTS SEMESTER 3\image processing\idea 2\data\processed\faceforensics\Face2Face\716_712\000015.jpg,1,716,Face2Face,FaceForensics++,0.9988008737564087,1
C:\Users\Rohith Syam\Documents\UTS SEMESTER 3\image processing\idea 2\data\processed\faceforensics\Face2Face\716_712\000016.jpg,1,716,Face2Face,FaceForensics++,0.9981282353401184,1
C:\Users\Rohith Syam\Documents\UTS SEMESTER 3\image processing\idea 2\data\processed\faceforensics\Face2Face\716_712\000017.jpg,1,716,Face2Face,FaceForensics++,0.9998670816421509,1
C:\Users\Rohith Syam\Documents\UTS SEMESTER 3\image processing\idea 2\data\processed\faceforensics\Face2Face\716_712\000018.jpg,1,716,Face2Face,FaceForensics++,0.9999511241912842,1
C:\Users\Rohith Syam\Documents\UTS SEMESTER 3\image processing\idea 2\data\processed\faceforensics\Face2Face\716_712\000019.jpg,1,716,Face2Face,FaceForensics++,0.9948780536651611,1
C:\Users\Rohith Syam\Documents\UTS SEMESTER 3\image processing\idea 2\data\processed\faceforensics\Face2Face\716_712\000020.jpg,1,716,Face2Face,FaceForensics++,0.9987590312957764,1
C:\Users\Rohith Syam\Documents\UTS SEMESTER 3\image processing\idea 2\data\processed\faceforensics\Face2Face\716_712\000021.jpg,1,716,Face2Face,FaceForensics++,0.9989907145500183,1
C:\Users\Rohith Syam\Documents\UTS SEMESTER 3\image processing\idea 2\data\processed\faceforensics\Face2Face\716_712\000022.jpg,1,716,Face2Face,FaceForensics++,0.9997544884681702,1
C:\Users\Rohith Syam\Documents\UTS SEMESTER 3\image processing\idea 2\data\processed\faceforensics\Face2Face\716_712\000023.jpg,1,716,Face2Face,FaceForensics++,0.9998389482498169,1
C:\Users\Rohith Syam\Documents\UTS SEMESTER 3\image processing\idea 2\data\processed\faceforensics\Face2Face\716_712\000024.jpg,1,716,Face2Face,FaceForensics++,0.9988849759101868,1
C:\Users\Rohith Syam\Documents\UTS SEMESTER 3\image processing\idea 2\data\processed\faceforensics\Face2Face\716_712\000025.jpg,1,716,Face2Face,FaceForensics++,0.9996055960655212,1
C:\Users\Rohith Syam\Documents\UTS SEMESTER 3\image processing\idea 2\data\processed\faceforensics\Face2Face\716_712\000026.jpg,1,716,Face2Face,FaceForensics++,0.9997809529304504,1
C:\Users\Rohith Syam\Documents\UTS SEMESTER 3\image processing\idea 2\data\processed\faceforensics\Face2Face\716_712\000027.jpg,1,716,Face2Face,FaceForensics++,0.9973605275154114,1
C:\Users\Rohith Syam\Documents\UTS SEMESTER 3\image processing\idea 2\data\processed\faceforensics\Face2Face\716_712\000028.jpg,1,716,Face2Face,FaceForensics++,0.9997807145118713,1
C:\Users\Rohith Syam\Documents\UTS SEMESTER 3\image processing\idea 2\data\processed\faceforensics\Face2Face\716_712\000029.jpg,1,716,Face2Face,FaceForensics++,0.9987321496009827,1
C:\Users\Rohith Syam\Documents\UTS SEMESTER 3\image processing\idea 2\data\processed\faceforensics\Face2Face\794_779\000000.jpg,1,794,Face2Face,FaceForensics++,0.03657222166657448,0
C:\Users\Rohith Syam\Documents\UTS SEMESTER 3\image processing\idea 2\data\processed\faceforensics\Face2Face\794_779\000001.jpg,1,794,Face2Face,FaceForensics++,0.0063902344554662704,0
C:\Users\Rohith Syam\Documents\UTS SEMESTER 3\image processing\idea 2\data\processed\faceforensics\Face2Face\794_779\000002.jpg,1,794,Face2Face,FaceForensics++,0.8196315765380859,1
C:\Users\Rohith Syam\Documents\UTS SEMESTER 3\image processing\idea 2\data\processed\faceforensics\Face2Face\794_779\000003.jpg,1,794,Face2Face,FaceForensics++,0.0742219015955925,0
C:\Users\Rohith Syam\Documents\UTS SEMESTER 3\image processing\idea 2\data\processed\faceforensics\Face2Face\794_779\000004.jpg,1,794,Face2Face,FaceForensics++,0.005733570083975792,0
C:\Users\Rohith Syam\Documents\UTS SEMESTER 3\image processing\idea 2\data\processed\faceforensics\Face2Face\794_779\000005.jpg,1,794,Face2Face,FaceForensics++,0.001903753960505128,0
C:\Users\Rohith Syam\Documents\UTS SEMESTER 3\image processing\idea 2\data\processed\faceforensics\Face2Face\794_779\000006.jpg,1,794,Face2Face,FaceForensics++,0.00590764544904232,0
C:\Users\Rohith Syam\Documents\UTS SEMESTER 3\image processing\idea 2\data\processed\faceforensics\Face2Face\794_779\000007.jpg,1,794,Face2Face,FaceForensics++,0.00025424122577533126,0
C:\Users\Rohith Syam\Documents\UTS SEMESTER 3\image processing\idea 2\data\processed\faceforensics\Face2Face\794_779\000008.jpg,1,794,Face2Face,FaceForensics++,0.008099354803562164,0
C:\Users\Rohith Syam\Documents\UTS SEMESTER 3\image processing\idea 2\data\processed\faceforensics\Face2Face\794_779\000009.jpg,1,794,Face2Face,FaceForensics++,0.8772882223129272,1
C:\Users\Rohith Syam\Documents\UTS SEMESTER 3\image processing\idea 2\data\processed\faceforensics\Face2Face\794_779\000010.jpg,1,794,Face2Face,FaceForensics++,0.004812764003872871,0
C:\Users\Rohith Syam\Documents\UTS SEMESTER 3\image processing\idea 2\data\processed\faceforensics\Face2Face\794_779\000011.jpg,1,794,Face2Face,FaceForensics++,0.33565565943717957,0
C:\Users\Rohith Syam\Documents\UTS SEMESTER 3\image processing\idea 2\data\processed\faceforensics\Face2Face\794_779\000012.jpg,1,794,Face2Face,FaceForensics++,0.630774199962616,1
C:\Users\Rohith Syam\Documents\UTS SEMESTER 3\image processing\idea 2\data\processed\faceforensics\Face2Face\794_779\000013.jpg,1,794,Face2Face,FaceForensics++,0.05867317318916321,0
C:\Users\Rohith Syam\Documents\UTS SEMESTER 3\image processing\idea 2\data\processed\faceforensics\Face2Face\794_779\000014.jpg,1,794,Face2Face,FaceForensics++,0.20218108594417572,0
C:\Users\Rohith Syam\Documents\UTS SEMESTER 3\image processing\idea 2\data\processed\faceforensics\Face2Face\794_779\000015.jpg,1,794,Face2Face,FaceForensics++,0.0522376112639904,0
C:\Users\Rohith Syam\Documents\UTS SEMESTER 3\image processing\idea 2\data\processed\faceforensics\Face2Face\794_779\000016.jpg,1,794,Face2Face,FaceForensics++,0.23404017090797424,0
C:\Users\Rohith Syam\Documents\UTS SEMESTER 3\image processing\idea 2\data\processed\faceforensics\Face2Face\794_779\000017.jpg,1,794,Face2Face,FaceForensics++,0.053487833589315414,0
C:\Users\Rohith Syam\Documents\UTS SEMESTER 3\image processing\idea 2\data\processed\faceforensics\Face2Face\794_779\000018.jpg,1,794,Face2Face,FaceForensics++,0.13031762838363647,0
C:\Users\Rohith Syam\Documents\UTS SEMESTER 3\image processing\idea 2\data\processed\faceforensics\Face2Face\794_779\000019.jpg,1,794,Face2Face,FaceForensics++,0.26968058943748474,0
C:\Users\Rohith Syam\Documents\UTS SEMESTER 3\image processing\idea 2\data\processed\faceforensics\Face2Face\794_779\000020.jpg,1,794,Face2Face,FaceForensics++,0.444999635219574,0
C:\Users\Rohith Syam\Documents\UTS SEMESTER 3\image processing\idea 2\data\processed\faceforensics\Face2Face\794_779\000021.jpg,1,794,Face2Face,FaceForensics++,0.6642546057701111,1
C:\Users\Rohith Syam\Documents\UTS SEMESTER 3\image processing\idea 2\data\processed\faceforensics\Face2Face\794_779\000022.jpg,1,794,Face2Face,FaceForensics++,0.006073289550840855,0
C:\Users\Rohith Syam\Documents\UTS SEMESTER 3\image processing\idea 2\data\processed\faceforensics\Face2Face\794_779\000023.jpg,1,794,Face2Face,FaceForensics++,0.2397758513689041,0
C:\Users\Rohith Syam\Documents\UTS SEMESTER 3\image processing\idea 2\data\processed\faceforensics\Face2Face\794_779\000024.jpg,1,794,Face2Face,FaceForensics++,0.012715468183159828,0
C:\Users\Rohith Syam\Documents\UTS SEMESTER 3\image processing\idea 2\data\processed\faceforensics\Face2Face\794_779\000025.jpg,1,794,Face2Face,FaceForensics++,0.4264787435531616,0
C:\Users\Rohith Syam\Documents\UTS SEMESTER 3\image processing\idea 2\data\processed\faceforensics\Face2Face\794_779\000026.jpg,1,794,Face2Face,FaceForensics++,0.0267109926789999,0
C:\Users\Rohith Syam\Documents\UTS SEMESTER 3\image processing\idea 2\data\processed\faceforensics\Face2Face\794_779\000027.jpg,1,794,Face2Face,FaceForensics++,0.8733378052711487,1
C:\Users\Rohith Syam\Documents\UTS SEMESTER 3\image processing\idea 2\data\processed\faceforensics\Face2Face\794_779\000028.jpg,1,794,Face2Face,FaceForensics++,0.11623536795377731,0
C:\Users\Rohith Syam\Documents\UTS SEMESTER 3\image processing\idea 2\data\processed\faceforensics\Face2Face\794_779\000029.jpg,1,794,Face2Face,FaceForensics++,0.04382912069559097,0
C:\Users\Rohith Syam\Documents\UTS SEMESTER 3\image processing\idea 2\data\processed\faceforensics\Face2Face\811_920\000000.jpg,1,811,Face2Face,FaceForensics++,0.7669462561607361,1
C:\Users\Rohith Syam\Documents\UTS SEMESTER 3\image processing\idea 2\data\processed\faceforensics\Face2Face\811_920\000001.jpg,1,811,Face2Face,FaceForensics++,0.8221333622932434,1
C:\Users\Rohith Syam\Documents\UTS SEMESTER 3\image processing\idea 2\data\processed\faceforensics\Face2Face\811_920\000002.jpg,1,811,Face2Face,FaceForensics++,0.8841673135757446,1
C:\Users\Rohith Syam\Documents\UTS SEMESTER 3\image processing\idea 2\data\processed\faceforensics\Face2Face\811_920\000003.jpg,1,811,Face2Face,FaceForensics++,0.9901395440101624,1
C:\Users\Rohith Syam\Documents\UTS SEMESTER 3\image processing\idea 2\data\processed\faceforensics\Face2Face\811_920\000004.jpg,1,811,Face2Face,FaceForensics++,0.9519482254981995,1
C:\Users\Rohith Syam\Documents\UTS SEMESTER 3\image processing\idea 2\data\processed\faceforensics\Face2Face\811_920\000005.jpg,1,811,Face2Face,FaceForensics++,0.9777311682701111,1
C:\Users\Rohith Syam\Documents\UTS SEMESTER 3\image processing\idea 2\data\processed\faceforensics\Face2Face\811_920\000006.jpg,1,811,Face2Face,FaceForensics++,0.9792473912239075,1
C:\Users\Rohith Syam\Documents\UTS SEMESTER 3\image processing\idea 2\data\processed\faceforensics\Face2Face\811_920\000007.jpg,1,811,Face2Face,FaceForensics++,0.980485200881958,1
C:\Users\Rohith Syam\Documents\UTS SEMESTER 3\image processing\idea 2\data\processed\faceforensics\Face2Face\811_920\000008.jpg,1,811,Face2Face,FaceForensics++,0.9901174902915955,1
C:\Users\Rohith Syam\Documents\UTS SEMESTER 3\image processing\idea 2\data\processed\faceforensics\Face2Face\811_920\000009.jpg,1,811,Face2Face,FaceForensics++,0.9106723070144653,1
C:\Users\Rohith Syam\Documents\UTS SEMESTER 3\image processing\idea 2\data\processed\faceforensics\Face2Face\811_920\000010.jpg,1,811,Face2Face,FaceForensics++,0.7825567126274109,1
C:\Users\Rohith Syam\Documents\UTS SEMESTER 3\image processing\idea 2\data\processed\faceforensics\Face2Face\811_920\000011.jpg,1,811,Face2Face,FaceForensics++,0.9903301000595093,1
C:\Users\Rohith Syam\Documents\UTS SEMESTER 3\image processing\idea 2\data\processed\faceforensics\Face2Face\811_920\000012.jpg,1,811,Face2Face,FaceForensics++,0.9770284295082092,1
C:\Users\Rohith Syam\Documents\UTS SEMESTER 3\image processing\idea 2\data\processed\faceforensics\Face2Face\811_920\000013.jpg,1,811,Face2Face,FaceForensics++,0.9778157472610474,1
C:\Users\Rohith Syam\Documents\UTS SEMESTER 3\image processing\idea 2\data\processed\faceforensics\Face2Face\811_920\000014.jpg,1,811,Face2Face,FaceForensics++,0.9613863229751587,1
C:\Users\Rohith Syam\Documents\UTS SEMESTER 3\image processing\idea 2\data\processed\faceforensics\Face2Face\811_920\000015.jpg,1,811,Face2Face,FaceForensics++,0.8836052417755127,1
C:\Users\Rohith Syam\Documents\UTS SEMESTER 3\image processing\idea 2\data\processed\faceforensics\Face2Face\811_920\000016.jpg,1,811,Face2Face,FaceForensics++,0.9052998423576355,1
C:\Users\Rohith Syam\Documents\UTS SEMESTER 3\image processing\idea 2\data\processed\faceforensics\Face2Face\811_920\000017.jpg,1,811,Face2Face,FaceForensics++,0.8468341827392578,1
C:\Users\Rohith Syam\Documents\UTS SEMESTER 3\image processing\idea 2\data\processed\faceforensics\Face2Face\811_920\000018.jpg,1,811,Face2Face,FaceForensics++,0.9670515060424805,1
C:\Users\Rohith Syam\Documents\UTS SEMESTER 3\image processing\idea 2\data\processed\faceforensics\Face2Face\811_920\000019.jpg,1,811,Face2Face,FaceForensics++,0.9689745903015137,1
C:\Users\Rohith Syam\Documents\UTS SEMESTER 3\image processing\idea 2\data\processed\faceforensics\Face2Face\811_920\000020.jpg,1,811,Face2Face,FaceForensics++,0.9939702749252319,1
C:\Users\Rohith Syam\Documents\UTS SEMESTER 3\image processing\idea 2\data\processed\faceforensics\Face2Face\811_920\000021.jpg,1,811,Face2Face,FaceForensics++,0.9814985394477844,1
C:\Users\Rohith Syam\Documents\UTS SEMESTER 3\image processing\idea 2\data\processed\faceforensics\Face2Face\811_920\000022.jpg,1,811,Face2Face,FaceForensics++,0.9579396843910217,1
C:\Users\Rohith Syam\Documents\UTS SEMESTER 3\image processing\idea 2\data\processed\faceforensics\Face2Face\811_920\000023.jpg,1,811,Face2Face,FaceForensics++,0.8516833782196045,1
C:\Users\Rohith Syam\Documents\UTS SEMESTER 3\image processing\idea 2\data\processed\faceforensics\Face2Face\811_920\000024.jpg,1,811,Face2Face,FaceForensics++,0.9427934288978577,1
C:\Users\Rohith Syam\Documents\UTS SEMESTER 3\image processing\idea 2\data\processed\faceforensics\Face2Face\811_920\000025.jpg,1,811,Face2Face,FaceForensics++,0.9692697525024414,1
C:\Users\Rohith Syam\Documents\UTS SEMESTER 3\image processing\idea 2\data\processed\faceforensics\Face2Face\811_920\000026.jpg,1,811,Face2Face,FaceForensics++,0.9334076046943665,1
C:\Users\Rohith Syam\Documents\UTS SEMESTER 3\image processing\idea 2\data\processed\faceforensics\Face2Face\811_920\000027.jpg,1,811,Face2Face,FaceForensics++,0.9093422889709473,1
C:\Users\Rohith Syam\Documents\UTS SEMESTER 3\image processing\idea 2\data\processed\faceforensics\Face2Face\811_920\000028.jpg,1,811,Face2Face,FaceForensics++,0.9717954993247986,1
C:\Users\Rohith Syam\Documents\UTS SEMESTER 3\image processing\idea 2\data\processed\faceforensics\Face2Face\811_920\000029.jpg,1,811,Face2Face,FaceForensics++,0.9241876006126404,1
C:\Users\Rohith Syam\Documents\UTS SEMESTER 3\image processing\idea 2\data\processed\faceforensics\Face2Face\835_651\000000.jpg,1,835,Face2Face,FaceForensics++,0.8502921462059021,1
C:\Users\Rohith Syam\Documents\UTS SEMESTER 3\image processing\idea 2\data\processed\faceforensics\Face2Face\835_651\000001.jpg,1,835,Face2Face,FaceForensics++,0.9680050611495972,1
C:\Users\Rohith Syam\Documents\UTS SEMESTER 3\image processing\idea 2\data\processed\faceforensics\Face2Face\835_651\000002.jpg,1,835,Face2Face,FaceForensics++,0.9994261264801025,1
C:\Users\Rohith Syam\Documents\UTS SEMESTER 3\image processing\idea 2\data\processed\faceforensics\Face2Face\835_651\000003.jpg,1,835,Face2Face,FaceForensics++,0.9947860240936279,1
C:\Users\Rohith Syam\Documents\UTS SEMESTER 3\image processing\idea 2\data\processed\faceforensics\Face2Face\835_651\000004.jpg,1,835,Face2Face,FaceForensics++,0.9644953012466431,1
C:\Users\Rohith Syam\Documents\UTS SEMESTER 3\image processing\idea 2\data\processed\faceforensics\Face2Face\835_651\000005.jpg,1,835,Face2Face,FaceForensics++,0.9956551790237427,1
C:\Users\Rohith Syam\Documents\UTS SEMESTER 3\image processing\idea 2\data\processed\faceforensics\Face2Face\835_651\000006.jpg,1,835,Face2Face,FaceForensics++,0.9965847730636597,1
C:\Users\Rohith Syam\Documents\UTS SEMESTER 3\image processing\idea 2\data\processed\faceforensics\Face2Face\835_651\000007.jpg,1,835,Face2Face,FaceForensics++,0.8438194990158081,1
C:\Users\Rohith Syam\Documents\UTS SEMESTER 3\image processing\idea 2\data\processed\faceforensics\Face2Face\835_651\000008.jpg,1,835,Face2Face,FaceForensics++,0.9922450184822083,1
C:\Users\Rohith Syam\Documents\UTS SEMESTER 3\image processing\idea 2\data\processed\faceforensics\Face2Face\835_651\000009.jpg,1,835,Face2Face,FaceForensics++,0.9894652366638184,1
C:\Users\Rohith Syam\Documents\UTS SEMESTER 3\image processing\idea 2\data\processed\faceforensics\Face2Face\835_651\000010.jpg,1,835,Face2Face,FaceForensics++,0.8547489643096924,1
C:\Users\Rohith Syam\Documents\UTS SEMESTER 3\image processing\idea 2\data\processed\faceforensics\Face2Face\835_651\000011.jpg,1,835,Face2Face,FaceForensics++,0.7759274244308472,1
C:\Users\Rohith Syam\Documents\UTS SEMESTER 3\image processing\idea 2\data\processed\faceforensics\Face2Face\835_651\000012.jpg,1,835,Face2Face,FaceForensics++,0.992109477519989,1
C:\Users\Rohith Syam\Documents\UTS SEMESTER 3\image processing\idea 2\data\processed\faceforensics\Face2Face\835_651\000013.jpg,1,835,Face2Face,FaceForensics++,0.9380164742469788,1
C:\Users\Rohith Syam\Documents\UTS SEMESTER 3\image processing\idea 2\data\processed\faceforensics\Face2Face\835_651\000014.jpg,1,835,Face2Face,FaceForensics++,0.9608063697814941,1
C:\Users\Rohith Syam\Documents\UTS SEMESTER 3\image processing\idea 2\data\processed\faceforensics\Face2Face\835_651\000015.jpg,1,835,Face2Face,FaceForensics++,0.9918169379234314,1
C:\Users\Rohith Syam\Documents\UTS SEMESTER 3\image processing\idea 2\data\processed\faceforensics\Face2Face\835_651\000016.jpg,1,835,Face2Face,FaceForensics++,0.9987857937812805,1
C:\Users\Rohith Syam\Documents\UTS SEMESTER 3\image processing\idea 2\data\processed\faceforensics\Face2Face\835_651\000017.jpg,1,835,Face2Face,FaceForensics++,0.9984713196754456,1
C:\Users\Rohith Syam\Documents\UTS SEMESTER 3\image processing\idea 2\data\processed\faceforensics\Face2Face\835_651\000018.jpg,1,835,Face2Face,FaceForensics++,0.9961346387863159,1
C:\Users\Rohith Syam\Documents\UTS SEMESTER 3\image processing\idea 2\data\processed\faceforensics\Face2Face\835_651\000019.jpg,1,835,Face2Face,FaceForensics++,0.8155275583267212,1
C:\Users\Rohith Syam\Documents\UTS SEMESTER 3\image processing\idea 2\data\processed\faceforensics\Face2Face\835_651\000020.jpg,1,835,Face2Face,FaceForensics++,0.9924784898757935,1
C:\Users\Rohith Syam\Documents\UTS SEMESTER 3\image processing\idea 2\data\processed\faceforensics\Face2Face\835_651\000021.jpg,1,835,Face2Face,FaceForensics++,0.9991618394851685,1
C:\Users\Rohith Syam\Documents\UTS SEMESTER 3\image processing\idea 2\data\processed\faceforensics\Face2Face\835_651\000022.jpg,1,835,Face2Face,FaceForensics++,0.5305532217025757,1
C:\Users\Rohith Syam\Documents\UTS SEMESTER 3\image processing\idea 2\data\processed\faceforensics\Face2Face\835_651\000023.jpg,1,835,Face2Face,FaceForensics++,0.9991777539253235,1
C:\Users\Rohith Syam\Documents\UTS SEMESTER 3\image processing\idea 2\data\processed\faceforensics\Face2Face\835_651\000024.jpg,1,835,Face2Face,FaceForensics++,0.9216350317001343,1
C:\Users\Rohith Syam\Documents\UTS SEMESTER 3\image processing\idea 2\data\processed\faceforensics\Face2Face\835_651\000025.jpg,1,835,Face2Face,FaceForensics++,0.9987965822219849,1
C:\Users\Rohith Syam\Documents\UTS SEMESTER 3\image processing\idea 2\data\processed\faceforensics\Face2Face\835_651\000026.jpg,1,835,Face2Face,FaceForensics++,0.9739283919334412,1
C:\Users\Rohith Syam\Documents\UTS SEMESTER 3\image processing\idea 2\data\processed\faceforensics\Face2Face\835_651\000027.jpg,1,835,Face2Face,FaceForensics++,0.965035080909729,1
C:\Users\Rohith Syam\Documents\UTS SEMESTER 3\image processing\idea 2\data\processed\faceforensics\Face2Face\835_651\000028.jpg,1,835,Face2Face,FaceForensics++,0.9875747561454773,1
C:\Users\Rohith Syam\Documents\UTS SEMESTER 3\image processing\idea 2\data\processed\faceforensics\Face2Face\835_651\000029.jpg,1,835,Face2Face,FaceForensics++,0.9717716574668884,1
C:\Users\Rohith Syam\Documents\UTS SEMESTER 3\image processing\idea 2\data\processed\faceforensics\Face2Face\896_128\000000.jpg,1,896,Face2Face,FaceForensics++,0.3444378674030304,0
C:\Users\Rohith Syam\Documents\UTS SEMESTER 3\image processing\idea 2\data\processed\faceforensics\Face2Face\896_128\000001.jpg,1,896,Face2Face,FaceForensics++,0.45267289876937866,0
C:\Users\Rohith Syam\Documents\UTS SEMESTER 3\image processing\idea 2\data\processed\faceforensics\Face2Face\896_128\000002.jpg,1,896,Face2Face,FaceForensics++,0.2322712242603302,0
C:\Users\Rohith Syam\Documents\UTS SEMESTER 3\image processing\idea 2\data\processed\faceforensics\Face2Face\896_128\000003.jpg,1,896,Face2Face,FaceForensics++,0.9033335447311401,1
C:\Users\Rohith Syam\Documents\UTS SEMESTER 3\image processing\idea 2\data\processed\faceforensics\Face2Face\896_128\000004.jpg,1,896,Face2Face,FaceForensics++,0.889074981212616,1
C:\Users\Rohith Syam\Documents\UTS SEMESTER 3\image processing\idea 2\data\processed\faceforensics\Face2Face\896_128\000005.jpg,1,896,Face2Face,FaceForensics++,0.790663480758667,1
C:\Users\Rohith Syam\Documents\UTS SEMESTER 3\image processing\idea 2\data\processed\faceforensics\Face2Face\896_128\000006.jpg,1,896,Face2Face,FaceForensics++,0.7735959887504578,1
C:\Users\Rohith Syam\Documents\UTS SEMESTER 3\image processing\idea 2\data\processed\faceforensics\Face2Face\896_128\000007.jpg,1,896,Face2Face,FaceForensics++,0.396839439868927,0
C:\Users\Rohith Syam\Documents\UTS SEMESTER 3\image processing\idea 2\data\processed\faceforensics\Face2Face\896_128\000008.jpg,1,896,Face2Face,FaceForensics++,0.9148836135864258,1
C:\Users\Rohith Syam\Documents\UTS SEMESTER 3\image processing\idea 2\data\processed\faceforensics\Face2Face\896_128\000009.jpg,1,896,Face2Face,FaceForensics++,0.5453991293907166,1
C:\Users\Rohith Syam\Documents\UTS SEMESTER 3\image processing\idea 2\data\processed\faceforensics\Face2Face\896_128\000010.jpg,1,896,Face2Face,FaceForensics++,0.8632626533508301,1
C:\Users\Rohith Syam\Documents\UTS SEMESTER 3\image processing\idea 2\data\processed\faceforensics\Face2Face\896_128\000011.jpg,1,896,Face2Face,FaceForensics++,0.5801697373390198,1
C:\Users\Rohith Syam\Documents\UTS SEMESTER 3\image processing\idea 2\data\processed\faceforensics\Face2Face\896_128\000012.jpg,1,896,Face2Face,FaceForensics++,0.7621578574180603,1
C:\Users\Rohith Syam\Documents\UTS SEMESTER 3\image processing\idea 2\data\processed\faceforensics\Face2Face\896_128\000013.jpg,1,896,Face2Face,FaceForensics++,0.8250434398651123,1
C:\Users\Rohith Syam\Documents\UTS SEMESTER 3\image processing\idea 2\data\processed\faceforensics\Face2Face\896_128\000014.jpg,1,896,Face2Face,FaceForensics++,0.25781047344207764,0
C:\Users\Rohith Syam\Documents\UTS SEMESTER 3\image processing\idea 2\data\processed\faceforensics\Face2Face\896_128\000015.jpg,1,896,Face2Face,FaceForensics++,0.7072104215621948,1
C:\Users\Rohith Syam\Documents\UTS SEMESTER 3\image processing\idea 2\data\processed\faceforensics\Face2Face\896_128\000016.jpg,1,896,Face2Face,FaceForensics++,0.9719860553741455,1
C:\Users\Rohith Syam\Documents\UTS SEMESTER 3\image processing\idea 2\data\processed\faceforensics\Face2Face\896_128\000017.jpg,1,896,Face2Face,FaceForensics++,0.675036609172821,1
C:\Users\Rohith Syam\Documents\UTS SEMESTER 3\image processing\idea 2\data\processed\faceforensics\Face2Face\896_128\000018.jpg,1,896,Face2Face,FaceForensics++,0.9570258259773254,1
C:\Users\Rohith Syam\Documents\UTS SEMESTER 3\image processing\idea 2\data\processed\faceforensics\Face2Face\896_128\000019.jpg,1,896,Face2Face,FaceForensics++,0.7248584628105164,1
C:\Users\Rohith Syam\Documents\UTS SEMESTER 3\image processing\idea 2\data\processed\faceforensics\Face2Face\896_128\000020.jpg,1,896,Face2Face,FaceForensics++,0.8344807624816895,1
C:\Users\Rohith Syam\Documents\UTS SEMESTER 3\image processing\idea 2\data\processed\faceforensics\Face2Face\896_128\000021.jpg,1,896,Face2Face,FaceForensics++,0.9223083257675171,1
C:\Users\Rohith Syam\Documents\UTS SEMESTER 3\image processing\idea 2\data\processed\faceforensics\Face2Face\896_128\000022.jpg,1,896,Face2Face,FaceForensics++,0.6050471067428589,1
C:\Users\Rohith Syam\Documents\UTS SEMESTER 3\image processing\idea 2\data\processed\faceforensics\Face2Face\896_128\000023.jpg,1,896,Face2Face,FaceForensics++,0.9460891485214233,1
C:\Users\Rohith Syam\Documents\UTS SEMESTER 3\image processing\idea 2\data\processed\faceforensics\Face2Face\896_128\000024.jpg,1,896,Face2Face,FaceForensics++,0.821727991104126,1
C:\Users\Rohith Syam\Documents\UTS SEMESTER 3\image processing\idea 2\data\processed\faceforensics\Face2Face\896_128\000025.jpg,1,896,Face2Face,FaceForensics++,0.7303487062454224,1
C:\Users\Rohith Syam\Documents\UTS SEMESTER 3\image processing\idea 2\data\processed\faceforensics\Face2Face\896_128\000026.jpg,1,896,Face2Face,FaceForensics++,0.8356747031211853,1
C:\Users\Rohith Syam\Documents\UTS SEMESTER 3\image processing\idea 2\data\processed\faceforensics\Face2Face\896_128\000027.jpg,1,896,Face2Face,FaceForensics++,0.8374587297439575,1
C:\Users\Rohith Syam\Documents\UTS SEMESTER 3\image processing\idea 2\data\processed\faceforensics\Face2Face\896_128\000028.jpg,1,896,Face2Face,FaceForensics++,0.718803346157074,1
C:\Users\Rohith Syam\Documents\UTS SEMESTER 3\image processing\idea 2\data\processed\faceforensics\Face2Face\896_128\000029.jpg,1,896,Face2Face,FaceForensics++,0.9393610954284668,1
C:\Users\Rohith Syam\Documents\UTS SEMESTER 3\image processing\idea 2\data\processed\faceforensics\Face2Face\980_992\000000.jpg,1,980,Face2Face,FaceForensics++,0.9904273748397827,1
C:\Users\Rohith Syam\Documents\UTS SEMESTER 3\image processing\idea 2\data\processed\faceforensics\Face2Face\980_992\000001.jpg,1,980,Face2Face,FaceForensics++,0.9950976967811584,1
C:\Users\Rohith Syam\Documents\UTS SEMESTER 3\image processing\idea 2\data\processed\faceforensics\Face2Face\980_992\000002.jpg,1,980,Face2Face,FaceForensics++,0.9218819737434387,1
C:\Users\Rohith Syam\Documents\UTS SEMESTER 3\image processing\idea 2\data\processed\faceforensics\Face2Face\980_992\000003.jpg,1,980,Face2Face,FaceForensics++,0.9950254559516907,1
C:\Users\Rohith Syam\Documents\UTS SEMESTER 3\image processing\idea 2\data\processed\faceforensics\Face2Face\980_992\000004.jpg,1,980,Face2Face,FaceForensics++,0.9828495383262634,1
C:\Users\Rohith Syam\Documents\UTS SEMESTER 3\image processing\idea 2\data\processed\faceforensics\Face2Face\980_992\000005.jpg,1,980,Face2Face,FaceForensics++,0.9986523985862732,1
C:\Users\Rohith Syam\Documents\UTS SEMESTER 3\image processing\idea 2\data\processed\faceforensics\Face2Face\980_992\000006.jpg,1,980,Face2Face,FaceForensics++,0.963401198387146,1
C:\Users\Rohith Syam\Documents\UTS SEMESTER 3\image processing\idea 2\data\processed\faceforensics\Face2Face\980_992\000007.jpg,1,980,Face2Face,FaceForensics++,0.9936714172363281,1
C:\Users\Rohith Syam\Documents\UTS SEMESTER 3\image processing\idea 2\data\processed\faceforensics\Face2Face\980_992\000008.jpg,1,980,Face2Face,FaceForensics++,0.8852477073669434,1
C:\Users\Rohith Syam\Documents\UTS SEMESTER 3\image processing\idea 2\data\processed\faceforensics\Face2Face\980_992\000009.jpg,1,980,Face2Face,FaceForensics++,0.9237617254257202,1
C:\Users\Rohith Syam\Documents\UTS SEMESTER 3\image processing\idea 2\data\processed\faceforensics\Face2Face\980_992\000010.jpg,1,980,Face2Face,FaceForensics++,0.9627807140350342,1
C:\Users\Rohith Syam\Documents\UTS SEMESTER 3\image processing\idea 2\data\processed\faceforensics\Face2Face\980_992\000011.jpg,1,980,Face2Face,FaceForensics++,0.9957787990570068,1
C:\Users\Rohith Syam\Documents\UTS SEMESTER 3\image processing\idea 2\data\processed\faceforensics\Face2Face\980_992\000012.jpg,1,980,Face2Face,FaceForensics++,0.9782665371894836,1
C:\Users\Rohith Syam\Documents\UTS SEMESTER 3\image processing\idea 2\data\processed\faceforensics\Face2Face\980_992\000013.jpg,1,980,Face2Face,FaceForensics++,0.9993430972099304,1
C:\Users\Rohith Syam\Documents\UTS SEMESTER 3\image processing\idea 2\data\processed\faceforensics\Face2Face\980_992\000014.jpg,1,980,Face2Face,FaceForensics++,0.9707610011100769,1
C:\Users\Rohith Syam\Documents\UTS SEMESTER 3\image processing\idea 2\data\processed\faceforensics\Face2Face\980_992\000015.jpg,1,980,Face2Face,FaceForensics++,0.9457112550735474,1
C:\Users\Rohith Syam\Documents\UTS SEMESTER 3\image processing\idea 2\data\processed\faceforensics\Face2Face\980_992\000016.jpg,1,980,Face2Face,FaceForensics++,0.9822330474853516,1
C:\Users\Rohith Syam\Documents\UTS SEMESTER 3\image processing\idea 2\data\processed\faceforensics\Face2Face\980_992\000017.jpg,1,980,Face2Face,FaceForensics++,0.9548107385635376,1
C:\Users\Rohith Syam\Documents\UTS SEMESTER 3\image processing\idea 2\data\processed\faceforensics\Face2Face\980_992\000018.jpg,1,980,Face2Face,FaceForensics++,0.9767422080039978,1
C:\Users\Rohith Syam\Documents\UTS SEMESTER 3\image processing\idea 2\data\processed\faceforensics\Face2Face\980_992\000019.jpg,1,980,Face2Face,FaceForensics++,0.9856282472610474,1
C:\Users\Rohith Syam\Documents\UTS SEMESTER 3\image processing\idea 2\data\processed\faceforensics\Face2Face\980_992\000020.jpg,1,980,Face2Face,FaceForensics++,0.9891082048416138,1
C:\Users\Rohith Syam\Documents\UTS SEMESTER 3\image processing\idea 2\data\processed\faceforensics\Face2Face\980_992\000021.jpg,1,980,Face2Face,FaceForensics++,0.9714823365211487,1
C:\Users\Rohith Syam\Documents\UTS SEMESTER 3\image processing\idea 2\data\processed\faceforensics\Face2Face\980_992\000022.jpg,1,980,Face2Face,FaceForensics++,0.8385789394378662,1
C:\Users\Rohith Syam\Documents\UTS SEMESTER 3\image processing\idea 2\data\processed\faceforensics\Face2Face\980_992\000023.jpg,1,980,Face2Face,FaceForensics++,0.5476067662239075,1
C:\Users\Rohith Syam\Documents\UTS SEMESTER 3\image processing\idea 2\data\processed\faceforensics\Face2Face\980_992\000024.jpg,1,980,Face2Face,FaceForensics++,0.9981123208999634,1
C:\Users\Rohith Syam\Documents\UTS SEMESTER 3\image processing\idea 2\data\processed\faceforensics\Face2Face\980_992\000025.jpg,1,980,Face2Face,FaceForensics++,0.9261155128479004,1
C:\Users\Rohith Syam\Documents\UTS SEMESTER 3\image processing\idea 2\data\processed\faceforensics\Face2Face\980_992\000026.jpg,1,980,Face2Face,FaceForensics++,0.9877343773841858,1
C:\Users\Rohith Syam\Documents\UTS SEMESTER 3\image processing\idea 2\data\processed\faceforensics\Face2Face\980_992\000027.jpg,1,980,Face2Face,FaceForensics++,0.980989933013916,1
C:\Users\Rohith Syam\Documents\UTS SEMESTER 3\image processing\idea 2\data\processed\faceforensics\Face2Face\980_992\000028.jpg,1,980,Face2Face,FaceForensics++,0.9900031089782715,1
C:\Users\Rohith Syam\Documents\UTS SEMESTER 3\image processing\idea 2\data\processed\faceforensics\Face2Face\980_992\000029.jpg,1,980,Face2Face,FaceForensics++,0.7231239676475525,1
C:\Users\Rohith Syam\Documents\UTS SEMESTER 3\image processing\idea 2\data\processed\faceforensics\FaceSwap\035_036\000000.jpg,1,35,FaceSwap,FaceForensics++,0.055724069476127625,0
C:\Users\Rohith Syam\Documents\UTS SEMESTER 3\image processing\idea 2\data\processed\faceforensics\FaceSwap\035_036\000001.jpg,1,35,FaceSwap,FaceForensics++,0.9847972989082336,1
C:\Users\Rohith Syam\Documents\UTS SEMESTER 3\image processing\idea 2\data\processed\faceforensics\FaceSwap\035_036\000002.jpg,1,35,FaceSwap,FaceForensics++,0.8714256286621094,1
C:\Users\Rohith Syam\Documents\UTS SEMESTER 3\image processing\idea 2\data\processed\faceforensics\FaceSwap\035_036\000003.jpg,1,35,FaceSwap,FaceForensics++,0.9831961393356323,1
C:\Users\Rohith Syam\Documents\UTS SEMESTER 3\image processing\idea 2\data\processed\faceforensics\FaceSwap\035_036\000004.jpg,1,35,FaceSwap,FaceForensics++,0.9357551336288452,1
C:\Users\Rohith Syam\Documents\UTS SEMESTER 3\image processing\idea 2\data\processed\faceforensics\FaceSwap\035_036\000005.jpg,1,35,FaceSwap,FaceForensics++,0.994810938835144,1
C:\Users\Rohith Syam\Documents\UTS SEMESTER 3\image processing\idea 2\data\processed\faceforensics\FaceSwap\035_036\000006.jpg,1,35,FaceSwap,FaceForensics++,0.8512721657752991,1
C:\Users\Rohith Syam\Documents\UTS SEMESTER 3\image processing\idea 2\data\processed\faceforensics\FaceSwap\035_036\000007.jpg,1,35,FaceSwap,FaceForensics++,0.998363196849823,1
C:\Users\Rohith Syam\Documents\UTS SEMESTER 3\image processing\idea 2\data\processed\faceforensics\FaceSwap\035_036\000008.jpg,1,35,FaceSwap,FaceForensics++,0.10446615517139435,0
C:\Users\Rohith Syam\Documents\UTS SEMESTER 3\image processing\idea 2\data\processed\faceforensics\FaceSwap\035_036\000009.jpg,1,35,FaceSwap,FaceForensics++,0.7212242484092712,1
C:\Users\Rohith Syam\Documents\UTS SEMESTER 3\image processing\idea 2\data\processed\faceforensics\FaceSwap\035_036\000010.jpg,1,35,FaceSwap,FaceForensics++,0.09645137935876846,0
C:\Users\Rohith Syam\Documents\UTS SEMESTER 3\image processing\idea 2\data\processed\faceforensics\FaceSwap\035_036\000011.jpg,1,35,FaceSwap,FaceForensics++,0.5179047584533691,1
C:\Users\Rohith Syam\Documents\UTS SEMESTER 3\image processing\idea 2\data\processed\faceforensics\FaceSwap\035_036\000012.jpg,1,35,FaceSwap,FaceForensics++,0.7298051714897156,1
C:\Users\Rohith Syam\Documents\UTS SEMESTER 3\image processing\idea 2\data\processed\faceforensics\FaceSwap\035_036\000013.jpg,1,35,FaceSwap,FaceForensics++,0.7393501996994019,1
C:\Users\Rohith Syam\Documents\UTS SEMESTER 3\image processing\idea 2\data\processed\faceforensics\FaceSwap\035_036\000014.jpg,1,35,FaceSwap,FaceForensics++,0.45060524344444275,0
C:\Users\Rohith Syam\Documents\UTS SEMESTER 3\image processing\idea 2\data\processed\faceforensics\FaceSwap\035_036\000015.jpg,1,35,FaceSwap,FaceForensics++,0.5517670512199402,1
C:\Users\Rohith Syam\Documents\UTS SEMESTER 3\image processing\idea 2\data\processed\faceforensics\FaceSwap\035_036\000016.jpg,1,35,FaceSwap,FaceForensics++,0.9775422811508179,1
C:\Users\Rohith Syam\Documents\UTS SEMESTER 3\image processing\idea 2\data\processed\faceforensics\FaceSwap\035_036\000017.jpg,1,35,FaceSwap,FaceForensics++,0.8706888556480408,1
C:\Users\Rohith Syam\Documents\UTS SEMESTER 3\image processing\idea 2\data\processed\faceforensics\FaceSwap\035_036\000018.jpg,1,35,FaceSwap,FaceForensics++,0.4683208465576172,0
C:\Users\Rohith Syam\Documents\UTS SEMESTER 3\image processing\idea 2\data\processed\faceforensics\FaceSwap\035_036\000019.jpg,1,35,FaceSwap,FaceForensics++,0.9624311923980713,1
C:\Users\Rohith Syam\Documents\UTS SEMESTER 3\image processing\idea 2\data\processed\faceforensics\FaceSwap\035_036\000020.jpg,1,35,FaceSwap,FaceForensics++,0.5917795896530151,1
C:\Users\Rohith Syam\Documents\UTS SEMESTER 3\image processing\idea 2\data\processed\faceforensics\FaceSwap\035_036\000021.jpg,1,35,FaceSwap,FaceForensics++,0.6675470471382141,1
C:\Users\Rohith Syam\Documents\UTS SEMESTER 3\image processing\idea 2\data\processed\faceforensics\FaceSwap\035_036\000022.jpg,1,35,FaceSwap,FaceForensics++,0.32357650995254517,0
C:\Users\Rohith Syam\Documents\UTS SEMESTER 3\image processing\idea 2\data\processed\faceforensics\FaceSwap\035_036\000023.jpg,1,35,FaceSwap,FaceForensics++,0.1482764184474945,0
C:\Users\Rohith Syam\Documents\UTS SEMESTER 3\image processing\idea 2\data\processed\faceforensics\FaceSwap\035_036\000024.jpg,1,35,FaceSwap,FaceForensics++,0.46039465069770813,0
C:\Users\Rohith Syam\Documents\UTS SEMESTER 3\image processing\idea 2\data\processed\faceforensics\FaceSwap\035_036\000025.jpg,1,35,FaceSwap,FaceForensics++,0.5046482682228088,1
C:\Users\Rohith Syam\Documents\UTS SEMESTER 3\image processing\idea 2\data\processed\faceforensics\FaceSwap\035_036\000026.jpg,1,35,FaceSwap,FaceForensics++,0.977480411529541,1
C:\Users\Rohith Syam\Documents\UTS SEMESTER 3\image processing\idea 2\data\processed\faceforensics\FaceSwap\035_036\000027.jpg,1,35,FaceSwap,FaceForensics++,0.8923375010490417,1
C:\Users\Rohith Syam\Documents\UTS SEMESTER 3\image processing\idea 2\data\processed\faceforensics\FaceSwap\035_036\000028.jpg,1,35,FaceSwap,FaceForensics++,0.9350921511650085,1
C:\Users\Rohith Syam\Documents\UTS SEMESTER 3\image processing\idea 2\data\processed\faceforensics\FaceSwap\035_036\000029.jpg,1,35,FaceSwap,FaceForensics++,0.9600089192390442,1
C:\Users\Rohith Syam\Documents\UTS SEMESTER 3\image processing\idea 2\data\processed\faceforensics\FaceSwap\222_168\000000.jpg,1,222,FaceSwap,FaceForensics++,0.21541154384613037,0
C:\Users\Rohith Syam\Documents\UTS SEMESTER 3\image processing\idea 2\data\processed\faceforensics\FaceSwap\222_168\000001.jpg,1,222,FaceSwap,FaceForensics++,0.0020240931771695614,0
C:\Users\Rohith Syam\Documents\UTS SEMESTER 3\image processing\idea 2\data\processed\faceforensics\FaceSwap\222_168\000002.jpg,1,222,FaceSwap,FaceForensics++,0.42118674516677856,0
C:\Users\Rohith Syam\Documents\UTS SEMESTER 3\image processing\idea 2\data\processed\faceforensics\FaceSwap\222_168\000003.jpg,1,222,FaceSwap,FaceForensics++,0.07657347619533539,0
C:\Users\Rohith Syam\Documents\UTS SEMESTER 3\image processing\idea 2\data\processed\faceforensics\FaceSwap\222_168\000004.jpg,1,222,FaceSwap,FaceForensics++,0.06328972429037094,0
C:\Users\Rohith Syam\Documents\UTS SEMESTER 3\image processing\idea 2\data\processed\faceforensics\FaceSwap\222_168\000005.jpg,1,222,FaceSwap,FaceForensics++,0.004736679140478373,0
C:\Users\Rohith Syam\Documents\UTS SEMESTER 3\image processing\idea 2\data\processed\faceforensics\FaceSwap\222_168\000006.jpg,1,222,FaceSwap,FaceForensics++,0.5627846121788025,1
C:\Users\Rohith Syam\Documents\UTS SEMESTER 3\image processing\idea 2\data\processed\faceforensics\FaceSwap\222_168\000007.jpg,1,222,FaceSwap,FaceForensics++,0.03029063157737255,0
C:\Users\Rohith Syam\Documents\UTS SEMESTER 3\image processing\idea 2\data\processed\faceforensics\FaceSwap\222_168\000008.jpg,1,222,FaceSwap,FaceForensics++,0.004531945567578077,0
C:\Users\Rohith Syam\Documents\UTS SEMESTER 3\image processing\idea 2\data\processed\faceforensics\FaceSwap\222_168\000009.jpg,1,222,FaceSwap,FaceForensics++,0.855948269367218,1
C:\Users\Rohith Syam\Documents\UTS SEMESTER 3\image processing\idea 2\data\processed\faceforensics\FaceSwap\222_168\000010.jpg,1,222,FaceSwap,FaceForensics++,0.15028677880764008,0
C:\Users\Rohith Syam\Documents\UTS SEMESTER 3\image processing\idea 2\data\processed\faceforensics\FaceSwap\222_168\000011.jpg,1,222,FaceSwap,FaceForensics++,0.012143474072217941,0
C:\Users\Rohith Syam\Documents\UTS SEMESTER 3\image processing\idea 2\data\processed\faceforensics\FaceSwap\222_168\000012.jpg,1,222,FaceSwap,FaceForensics++,0.00964394398033619,0
C:\Users\Rohith Syam\Documents\UTS SEMESTER 3\image processing\idea 2\data\processed\faceforensics\FaceSwap\222_168\000013.jpg,1,222,FaceSwap,FaceForensics++,0.030949262902140617,0
C:\Users\Rohith Syam\Documents\UTS SEMESTER 3\image processing\idea 2\data\processed\faceforensics\FaceSwap\222_168\000014.jpg,1,222,FaceSwap,FaceForensics++,0.5725142955780029,1
C:\Users\Rohith Syam\Documents\UTS SEMESTER 3\image processing\idea 2\data\processed\faceforensics\FaceSwap\222_168\000015.jpg,1,222,FaceSwap,FaceForensics++,0.9811838865280151,1
C:\Users\Rohith Syam\Documents\UTS SEMESTER 3\image processing\idea 2\data\processed\faceforensics\FaceSwap\222_168\000016.jpg,1,222,FaceSwap,FaceForensics++,0.18660296499729156,0
C:\Users\Rohith Syam\Documents\UTS SEMESTER 3\image processing\idea 2\data\processed\faceforensics\FaceSwap\222_168\000017.jpg,1,222,FaceSwap,FaceForensics++,0.24180766940116882,0
C:\Users\Rohith Syam\Documents\UTS SEMESTER 3\image processing\idea 2\data\processed\faceforensics\FaceSwap\222_168\000018.jpg,1,222,FaceSwap,FaceForensics++,0.008207068778574467,0
C:\Users\Rohith Syam\Documents\UTS SEMESTER 3\image processing\idea 2\data\processed\faceforensics\FaceSwap\222_168\000019.jpg,1,222,FaceSwap,FaceForensics++,0.2433333843946457,0
C:\Users\Rohith Syam\Documents\UTS SEMESTER 3\image processing\idea 2\data\processed\faceforensics\FaceSwap\222_168\000020.jpg,1,222,FaceSwap,FaceForensics++,0.18747445940971375,0
C:\Users\Rohith Syam\Documents\UTS SEMESTER 3\image processing\idea 2\data\processed\faceforensics\FaceSwap\222_168\000021.jpg,1,222,FaceSwap,FaceForensics++,0.2186480611562729,0
C:\Users\Rohith Syam\Documents\UTS SEMESTER 3\image processing\idea 2\data\processed\faceforensics\FaceSwap\222_168\000022.jpg,1,222,FaceSwap,FaceForensics++,0.13689351081848145,0
C:\Users\Rohith Syam\Documents\UTS SEMESTER 3\image processing\idea 2\data\processed\faceforensics\FaceSwap\222_168\000023.jpg,1,222,FaceSwap,FaceForensics++,0.0330762155354023,0
C:\Users\Rohith Syam\Documents\UTS SEMESTER 3\image processing\idea 2\data\processed\faceforensics\FaceSwap\222_168\000024.jpg,1,222,FaceSwap,FaceForensics++,0.08062801510095596,0
C:\Users\Rohith Syam\Documents\UTS SEMESTER 3\image processing\idea 2\data\processed\faceforensics\FaceSwap\222_168\000025.jpg,1,222,FaceSwap,FaceForensics++,0.004691658075898886,0
C:\Users\Rohith Syam\Documents\UTS SEMESTER 3\image processing\idea 2\data\processed\faceforensics\FaceSwap\222_168\000026.jpg,1,222,FaceSwap,FaceForensics++,0.38846874237060547,0
C:\Users\Rohith Syam\Documents\UTS SEMESTER 3\image processing\idea 2\data\processed\faceforensics\FaceSwap\222_168\000027.jpg,1,222,FaceSwap,FaceForensics++,0.007094681728631258,0
C:\Users\Rohith Syam\Documents\UTS SEMESTER 3\image processing\idea 2\data\processed\faceforensics\FaceSwap\222_168\000028.jpg,1,222,FaceSwap,FaceForensics++,0.004062716383486986,0
C:\Users\Rohith Syam\Documents\UTS SEMESTER 3\image processing\idea 2\data\processed\faceforensics\FaceSwap\222_168\000029.jpg,1,222,FaceSwap,FaceForensics++,0.003697972511872649,0
C:\Users\Rohith Syam\Documents\UTS SEMESTER 3\image processing\idea 2\data\processed\faceforensics\FaceSwap\253_183\000000.jpg,1,253,FaceSwap,FaceForensics++,0.9801067113876343,1
C:\Users\Rohith Syam\Documents\UTS SEMESTER 3\image processing\idea 2\data\processed\faceforensics\FaceSwap\253_183\000001.jpg,1,253,FaceSwap,FaceForensics++,0.9879941940307617,1
C:\Users\Rohith Syam\Documents\UTS SEMESTER 3\image processing\idea 2\data\processed\faceforensics\FaceSwap\253_183\000002.jpg,1,253,FaceSwap,FaceForensics++,0.3554909825325012,0
C:\Users\Rohith Syam\Documents\UTS SEMESTER 3\image processing\idea 2\data\processed\faceforensics\FaceSwap\253_183\000003.jpg,1,253,FaceSwap,FaceForensics++,0.04485008865594864,0
C:\Users\Rohith Syam\Documents\UTS SEMESTER 3\image processing\idea 2\data\processed\faceforensics\FaceSwap\253_183\000004.jpg,1,253,FaceSwap,FaceForensics++,0.2251945585012436,0
C:\Users\Rohith Syam\Documents\UTS SEMESTER 3\image processing\idea 2\data\processed\faceforensics\FaceSwap\253_183\000005.jpg,1,253,FaceSwap,FaceForensics++,0.3523729741573334,0
C:\Users\Rohith Syam\Documents\UTS SEMESTER 3\image processing\idea 2\data\processed\faceforensics\FaceSwap\253_183\000006.jpg,1,253,FaceSwap,FaceForensics++,0.6215730309486389,1
C:\Users\Rohith Syam\Documents\UTS SEMESTER 3\image processing\idea 2\data\processed\faceforensics\FaceSwap\253_183\000007.jpg,1,253,FaceSwap,FaceForensics++,0.2003428041934967,0
C:\Users\Rohith Syam\Documents\UTS SEMESTER 3\image processing\idea 2\data\processed\faceforensics\FaceSwap\253_183\000008.jpg,1,253,FaceSwap,FaceForensics++,0.7624812126159668,1
C:\Users\Rohith Syam\Documents\UTS SEMESTER 3\image processing\idea 2\data\processed\faceforensics\FaceSwap\253_183\000009.jpg,1,253,FaceSwap,FaceForensics++,0.12832380831241608,0
C:\Users\Rohith Syam\Documents\UTS SEMESTER 3\image processing\idea 2\data\processed\faceforensics\FaceSwap\253_183\000010.jpg,1,253,FaceSwap,FaceForensics++,0.51218181848526,1
C:\Users\Rohith Syam\Documents\UTS SEMESTER 3\image processing\idea 2\data\processed\faceforensics\FaceSwap\253_183\000011.jpg,1,253,FaceSwap,FaceForensics++,0.2069218009710312,0
C:\Users\Rohith Syam\Documents\UTS SEMESTER 3\image processing\idea 2\data\processed\faceforensics\FaceSwap\253_183\000012.jpg,1,253,FaceSwap,FaceForensics++,0.8339773416519165,1
C:\Users\Rohith Syam\Documents\UTS SEMESTER 3\image processing\idea 2\data\processed\faceforensics\FaceSwap\253_183\000013.jpg,1,253,FaceSwap,FaceForensics++,0.4213046431541443,0
C:\Users\Rohith Syam\Documents\UTS SEMESTER 3\image processing\idea 2\data\processed\faceforensics\FaceSwap\253_183\000014.jpg,1,253,FaceSwap,FaceForensics++,0.3830505609512329,0
C:\Users\Rohith Syam\Documents\UTS SEMESTER 3\image processing\idea 2\data\processed\faceforensics\FaceSwap\253_183\000015.jpg,1,253,FaceSwap,FaceForensics++,0.4100898504257202,0
C:\Users\Rohith Syam\Documents\UTS SEMESTER 3\image processing\idea 2\data\processed\faceforensics\FaceSwap\253_183\000016.jpg,1,253,FaceSwap,FaceForensics++,0.25472864508628845,0
C:\Users\Rohith Syam\Documents\UTS SEMESTER 3\image processing\idea 2\data\processed\faceforensics\FaceSwap\253_183\000017.jpg,1,253,FaceSwap,FaceForensics++,0.49928420782089233,0
C:\Users\Rohith Syam\Documents\UTS SEMESTER 3\image processing\idea 2\data\processed\faceforensics\FaceSwap\253_183\000018.jpg,1,253,FaceSwap,FaceForensics++,0.024863246828317642,0
C:\Users\Rohith Syam\Documents\UTS SEMESTER 3\image processing\idea 2\data\processed\faceforensics\FaceSwap\253_183\000019.jpg,1,253,FaceSwap,FaceForensics++,0.2295883148908615,0
C:\Users\Rohith Syam\Documents\UTS SEMESTER 3\image processing\idea 2\data\processed\faceforensics\FaceSwap\253_183\000020.jpg,1,253,FaceSwap,FaceForensics++,0.026222581043839455,0
C:\Users\Rohith Syam\Documents\UTS SEMESTER 3\image processing\idea 2\data\processed\faceforensics\FaceSwap\253_183\000021.jpg,1,253,FaceSwap,FaceForensics++,0.930699348449707,1
C:\Users\Rohith Syam\Documents\UTS SEMESTER 3\image processing\idea 2\data\processed\faceforensics\FaceSwap\253_183\000022.jpg,1,253,FaceSwap,FaceForensics++,0.24025112390518188,0
C:\Users\Rohith Syam\Documents\UTS SEMESTER 3\image processing\idea 2\data\processed\faceforensics\FaceSwap\253_183\000023.jpg,1,253,FaceSwap,FaceForensics++,0.0544431135058403,0
C:\Users\Rohith Syam\Documents\UTS SEMESTER 3\image processing\idea 2\data\processed\faceforensics\FaceSwap\253_183\000024.jpg,1,253,FaceSwap,FaceForensics++,0.3906856179237366,0
C:\Users\Rohith Syam\Documents\UTS SEMESTER 3\image processing\idea 2\data\processed\faceforensics\FaceSwap\253_183\000025.jpg,1,253,FaceSwap,FaceForensics++,0.8480746150016785,1
C:\Users\Rohith Syam\Documents\UTS SEMESTER 3\image processing\idea 2\data\processed\faceforensics\FaceSwap\253_183\000026.jpg,1,253,FaceSwap,FaceForensics++,0.30009254813194275,0
C:\Users\Rohith Syam\Documents\UTS SEMESTER 3\image processing\idea 2\data\processed\faceforensics\FaceSwap\253_183\000027.jpg,1,253,FaceSwap,FaceForensics++,0.8128741979598999,1
C:\Users\Rohith Syam\Documents\UTS SEMESTER 3\image processing\idea 2\data\processed\faceforensics\FaceSwap\253_183\000028.jpg,1,253,FaceSwap,FaceForensics++,0.982654869556427,1
C:\Users\Rohith Syam\Documents\UTS SEMESTER 3\image processing\idea 2\data\processed\faceforensics\FaceSwap\253_183\000029.jpg,1,253,FaceSwap,FaceForensics++,0.7167520523071289,1
C:\Users\Rohith Syam\Documents\UTS SEMESTER 3\image processing\idea 2\data\processed\faceforensics\FaceSwap\263_284\000000.jpg,1,263,FaceSwap,FaceForensics++,0.6020286083221436,1
C:\Users\Rohith Syam\Documents\UTS SEMESTER 3\image processing\idea 2\data\processed\faceforensics\FaceSwap\263_284\000001.jpg,1,263,FaceSwap,FaceForensics++,0.00794960930943489,0
C:\Users\Rohith Syam\Documents\UTS SEMESTER 3\image processing\idea 2\data\processed\faceforensics\FaceSwap\263_284\000002.jpg,1,263,FaceSwap,FaceForensics++,0.042501240968704224,0
C:\Users\Rohith Syam\Documents\UTS SEMESTER 3\image processing\idea 2\data\processed\faceforensics\FaceSwap\263_284\000003.jpg,1,263,FaceSwap,FaceForensics++,0.011437306180596352,0
C:\Users\Rohith Syam\Documents\UTS SEMESTER 3\image processing\idea 2\data\processed\faceforensics\FaceSwap\263_284\000004.jpg,1,263,FaceSwap,FaceForensics++,0.012956633232533932,0
C:\Users\Rohith Syam\Documents\UTS SEMESTER 3\image processing\idea 2\data\processed\faceforensics\FaceSwap\263_284\000005.jpg,1,263,FaceSwap,FaceForensics++,0.08338548988103867,0
C:\Users\Rohith Syam\Documents\UTS SEMESTER 3\image processing\idea 2\data\processed\faceforensics\FaceSwap\263_284\000006.jpg,1,263,FaceSwap,FaceForensics++,0.057848356664180756,0
C:\Users\Rohith Syam\Documents\UTS SEMESTER 3\image processing\idea 2\data\processed\faceforensics\FaceSwap\263_284\000007.jpg,1,263,FaceSwap,FaceForensics++,0.20194223523139954,0
C:\Users\Rohith Syam\Documents\UTS SEMESTER 3\image processing\idea 2\data\processed\faceforensics\FaceSwap\263_284\000008.jpg,1,263,FaceSwap,FaceForensics++,0.36894330382347107,0
C:\Users\Rohith Syam\Documents\UTS SEMESTER 3\image processing\idea 2\data\processed\faceforensics\FaceSwap\263_284\000009.jpg,1,263,FaceSwap,FaceForensics++,0.005874470807611942,0
C:\Users\Rohith Syam\Documents\UTS SEMESTER 3\image processing\idea 2\data\processed\faceforensics\FaceSwap\263_284\000010.jpg,1,263,FaceSwap,FaceForensics++,0.33369889855384827,0
C:\Users\Rohith Syam\Documents\UTS SEMESTER 3\image processing\idea 2\data\processed\faceforensics\FaceSwap\263_284\000011.jpg,1,263,FaceSwap,FaceForensics++,0.01825622282922268,0
C:\Users\Rohith Syam\Documents\UTS SEMESTER 3\image processing\idea 2\data\processed\faceforensics\FaceSwap\263_284\000012.jpg,1,263,FaceSwap,FaceForensics++,0.015333055518567562,0
C:\Users\Rohith Syam\Documents\UTS SEMESTER 3\image processing\idea 2\data\processed\faceforensics\FaceSwap\263_284\000013.jpg,1,263,FaceSwap,FaceForensics++,0.011406315490603447,0
C:\Users\Rohith Syam\Documents\UTS SEMESTER 3\image processing\idea 2\data\processed\faceforensics\FaceSwap\263_284\000014.jpg,1,263,FaceSwap,FaceForensics++,0.11987009644508362,0
C:\Users\Rohith Syam\Documents\UTS SEMESTER 3\image processing\idea 2\data\processed\faceforensics\FaceSwap\263_284\000015.jpg,1,263,FaceSwap,FaceForensics++,0.28118929266929626,0
C:\Users\Rohith Syam\Documents\UTS SEMESTER 3\image processing\idea 2\data\processed\faceforensics\FaceSwap\263_284\000016.jpg,1,263,FaceSwap,FaceForensics++,0.9226333498954773,1
C:\Users\Rohith Syam\Documents\UTS SEMESTER 3\image processing\idea 2\data\processed\faceforensics\FaceSwap\263_284\000017.jpg,1,263,FaceSwap,FaceForensics++,0.8521975874900818,1
C:\Users\Rohith Syam\Documents\UTS SEMESTER 3\image processing\idea 2\data\processed\faceforensics\FaceSwap\263_284\000018.jpg,1,263,FaceSwap,FaceForensics++,0.048040807247161865,0
C:\Users\Rohith Syam\Documents\UTS SEMESTER 3\image processing\idea 2\data\processed\faceforensics\FaceSwap\263_284\000019.jpg,1,263,FaceSwap,FaceForensics++,0.021598540246486664,0
C:\Users\Rohith Syam\Documents\UTS SEMESTER 3\image processing\idea 2\data\processed\faceforensics\FaceSwap\263_284\000020.jpg,1,263,FaceSwap,FaceForensics++,0.2964576482772827,0
C:\Users\Rohith Syam\Documents\UTS SEMESTER 3\image processing\idea 2\data\processed\faceforensics\FaceSwap\263_284\000021.jpg,1,263,FaceSwap,FaceForensics++,0.19893066585063934,0
C:\Users\Rohith Syam\Documents\UTS SEMESTER 3\image processing\idea 2\data\processed\faceforensics\FaceSwap\263_284\000022.jpg,1,263,FaceSwap,FaceForensics++,0.014338418841362,0
C:\Users\Rohith Syam\Documents\UTS SEMESTER 3\image processing\idea 2\data\processed\faceforensics\FaceSwap\263_284\000023.jpg,1,263,FaceSwap,FaceForensics++,0.09750610589981079,0
C:\Users\Rohith Syam\Documents\UTS SEMESTER 3\image processing\idea 2\data\processed\faceforensics\FaceSwap\263_284\000024.jpg,1,263,FaceSwap,FaceForensics++,0.03252960368990898,0
C:\Users\Rohith Syam\Documents\UTS SEMESTER 3\image processing\idea 2\data\processed\faceforensics\FaceSwap\263_284\000025.jpg,1,263,FaceSwap,FaceForensics++,0.04822753369808197,0
C:\Users\Rohith Syam\Documents\UTS SEMESTER 3\image processing\idea 2\data\processed\faceforensics\FaceSwap\263_284\000026.jpg,1,263,FaceSwap,FaceForensics++,0.1054711788892746,0
C:\Users\Rohith Syam\Documents\UTS SEMESTER 3\image processing\idea 2\data\processed\faceforensics\FaceSwap\263_284\000027.jpg,1,263,FaceSwap,FaceForensics++,0.07837635278701782,0
C:\Users\Rohith Syam\Documents\UTS SEMESTER 3\image processing\idea 2\data\processed\faceforensics\FaceSwap\263_284\000028.jpg,1,263,FaceSwap,FaceForensics++,0.1472056657075882,0
C:\Users\Rohith Syam\Documents\UTS SEMESTER 3\image processing\idea 2\data\processed\faceforensics\FaceSwap\263_284\000029.jpg,1,263,FaceSwap,FaceForensics++,0.3849662244319916,0
C:\Users\Rohith Syam\Documents\UTS SEMESTER 3\image processing\idea 2\data\processed\faceforensics\FaceSwap\288_321\000000.jpg,1,288,FaceSwap,FaceForensics++,0.9951962828636169,1
C:\Users\Rohith Syam\Documents\UTS SEMESTER 3\image processing\idea 2\data\processed\faceforensics\FaceSwap\288_321\000001.jpg,1,288,FaceSwap,FaceForensics++,0.9991893172264099,1
C:\Users\Rohith Syam\Documents\UTS SEMESTER 3\image processing\idea 2\data\processed\faceforensics\FaceSwap\288_321\000002.jpg,1,288,FaceSwap,FaceForensics++,0.9396138787269592,1
C:\Users\Rohith Syam\Documents\UTS SEMESTER 3\image processing\idea 2\data\processed\faceforensics\FaceSwap\288_321\000003.jpg,1,288,FaceSwap,FaceForensics++,0.9984514713287354,1
C:\Users\Rohith Syam\Documents\UTS SEMESTER 3\image processing\idea 2\data\processed\faceforensics\FaceSwap\288_321\000004.jpg,1,288,FaceSwap,FaceForensics++,0.7337662577629089,1
C:\Users\Rohith Syam\Documents\UTS SEMESTER 3\image processing\idea 2\data\processed\faceforensics\FaceSwap\288_321\000005.jpg,1,288,FaceSwap,FaceForensics++,0.9901068210601807,1
C:\Users\Rohith Syam\Documents\UTS SEMESTER 3\image processing\idea 2\data\processed\faceforensics\FaceSwap\288_321\000006.jpg,1,288,FaceSwap,FaceForensics++,0.9915155172348022,1
C:\Users\Rohith Syam\Documents\UTS SEMESTER 3\image processing\idea 2\data\processed\faceforensics\FaceSwap\288_321\000007.jpg,1,288,FaceSwap,FaceForensics++,0.9947939515113831,1
C:\Users\Rohith Syam\Documents\UTS SEMESTER 3\image processing\idea 2\data\processed\faceforensics\FaceSwap\288_321\000008.jpg,1,288,FaceSwap,FaceForensics++,0.8777173757553101,1
C:\Users\Rohith Syam\Documents\UTS SEMESTER 3\image processing\idea 2\data\processed\faceforensics\FaceSwap\288_321\000009.jpg,1,288,FaceSwap,FaceForensics++,0.997753918170929,1
C:\Users\Rohith Syam\Documents\UTS SEMESTER 3\image processing\idea 2\data\processed\faceforensics\FaceSwap\288_321\000010.jpg,1,288,FaceSwap,FaceForensics++,0.9975208640098572,1
C:\Users\Rohith Syam\Documents\UTS SEMESTER 3\image processing\idea 2\data\processed\faceforensics\FaceSwap\288_321\000011.jpg,1,288,FaceSwap,FaceForensics++,0.9929641485214233,1
C:\Users\Rohith Syam\Documents\UTS SEMESTER 3\image processing\idea 2\data\processed\faceforensics\FaceSwap\288_321\000012.jpg,1,288,FaceSwap,FaceForensics++,0.8248251080513,1
C:\Users\Rohith Syam\Documents\UTS SEMESTER 3\image processing\idea 2\data\processed\faceforensics\FaceSwap\288_321\000013.jpg,1,288,FaceSwap,FaceForensics++,0.9626480937004089,1
C:\Users\Rohith Syam\Documents\UTS SEMESTER 3\image processing\idea 2\data\processed\faceforensics\FaceSwap\288_321\000014.jpg,1,288,FaceSwap,FaceForensics++,0.9992015957832336,1
C:\Users\Rohith Syam\Documents\UTS SEMESTER 3\image processing\idea 2\data\processed\faceforensics\FaceSwap\288_321\000015.jpg,1,288,FaceSwap,FaceForensics++,0.42180168628692627,0
C:\Users\Rohith Syam\Documents\UTS SEMESTER 3\image processing\idea 2\data\processed\faceforensics\FaceSwap\288_321\000016.jpg,1,288,FaceSwap,FaceForensics++,0.88502037525177,1
C:\Users\Rohith Syam\Documents\UTS SEMESTER 3\image processing\idea 2\data\processed\faceforensics\FaceSwap\288_321\000017.jpg,1,288,FaceSwap,FaceForensics++,0.9858068227767944,1
C:\Users\Rohith Syam\Documents\UTS SEMESTER 3\image processing\idea 2\data\processed\faceforensics\FaceSwap\288_321\000018.jpg,1,288,FaceSwap,FaceForensics++,0.9839333295822144,1
C:\Users\Rohith Syam\Documents\UTS SEMESTER 3\image processing\idea 2\data\processed\faceforensics\FaceSwap\288_321\000019.jpg,1,288,FaceSwap,FaceForensics++,0.992993175983429,1
C:\Users\Rohith Syam\Documents\UTS SEMESTER 3\image processing\idea 2\data\processed\faceforensics\FaceSwap\288_321\000020.jpg,1,288,FaceSwap,FaceForensics++,0.8319220542907715,1
C:\Users\Rohith Syam\Documents\UTS SEMESTER 3\image processing\idea 2\data\processed\faceforensics\FaceSwap\288_321\000021.jpg,1,288,FaceSwap,FaceForensics++,0.9824485182762146,1
C:\Users\Rohith Syam\Documents\UTS SEMESTER 3\image processing\idea 2\data\processed\faceforensics\FaceSwap\288_321\000022.jpg,1,288,FaceSwap,FaceForensics++,0.9296732544898987,1
C:\Users\Rohith Syam\Documents\UTS SEMESTER 3\image processing\idea 2\data\processed\faceforensics\FaceSwap\288_321\000023.jpg,1,288,FaceSwap,FaceForensics++,0.875307559967041,1
C:\Users\Rohith Syam\Documents\UTS SEMESTER 3\image processing\idea 2\data\processed\faceforensics\FaceSwap\288_321\000024.jpg,1,288,FaceSwap,FaceForensics++,0.9782118797302246,1
C:\Users\Rohith Syam\Documents\UTS SEMESTER 3\image processing\idea 2\data\processed\faceforensics\FaceSwap\288_321\000025.jpg,1,288,FaceSwap,FaceForensics++,0.9491540193557739,1
C:\Users\Rohith Syam\Documents\UTS SEMESTER 3\image processing\idea 2\data\processed\faceforensics\FaceSwap\288_321\000026.jpg,1,288,FaceSwap,FaceForensics++,0.8761982321739197,1
C:\Users\Rohith Syam\Documents\UTS SEMESTER 3\image processing\idea 2\data\processed\faceforensics\FaceSwap\288_321\000027.jpg,1,288,FaceSwap,FaceForensics++,0.996483325958252,1
C:\Users\Rohith Syam\Documents\UTS SEMESTER 3\image processing\idea 2\data\processed\faceforensics\FaceSwap\288_321\000028.jpg,1,288,FaceSwap,FaceForensics++,0.20010152459144592,0
C:\Users\Rohith Syam\Documents\UTS SEMESTER 3\image processing\idea 2\data\processed\faceforensics\FaceSwap\288_321\000029.jpg,1,288,FaceSwap,FaceForensics++,0.049678169190883636,0
C:\Users\Rohith Syam\Documents\UTS SEMESTER 3\image processing\idea 2\data\processed\faceforensics\FaceSwap\339_392\000000.jpg,1,339,FaceSwap,FaceForensics++,0.743434727191925,1
C:\Users\Rohith Syam\Documents\UTS SEMESTER 3\image processing\idea 2\data\processed\faceforensics\FaceSwap\339_392\000001.jpg,1,339,FaceSwap,FaceForensics++,0.8191075325012207,1
C:\Users\Rohith Syam\Documents\UTS SEMESTER 3\image processing\idea 2\data\processed\faceforensics\FaceSwap\339_392\000002.jpg,1,339,FaceSwap,FaceForensics++,0.35816720128059387,0
C:\Users\Rohith Syam\Documents\UTS SEMESTER 3\image processing\idea 2\data\processed\faceforensics\FaceSwap\339_392\000003.jpg,1,339,FaceSwap,FaceForensics++,0.01962367072701454,0
C:\Users\Rohith Syam\Documents\UTS SEMESTER 3\image processing\idea 2\data\processed\faceforensics\FaceSwap\339_392\000004.jpg,1,339,FaceSwap,FaceForensics++,0.5054436326026917,1
C:\Users\Rohith Syam\Documents\UTS SEMESTER 3\image processing\idea 2\data\processed\faceforensics\FaceSwap\339_392\000005.jpg,1,339,FaceSwap,FaceForensics++,0.7962492108345032,1
C:\Users\Rohith Syam\Documents\UTS SEMESTER 3\image processing\idea 2\data\processed\faceforensics\FaceSwap\339_392\000006.jpg,1,339,FaceSwap,FaceForensics++,0.9184926152229309,1
C:\Users\Rohith Syam\Documents\UTS SEMESTER 3\image processing\idea 2\data\processed\faceforensics\FaceSwap\339_392\000007.jpg,1,339,FaceSwap,FaceForensics++,0.9937496185302734,1
C:\Users\Rohith Syam\Documents\UTS SEMESTER 3\image processing\idea 2\data\processed\faceforensics\FaceSwap\339_392\000008.jpg,1,339,FaceSwap,FaceForensics++,0.42311394214630127,0
C:\Users\Rohith Syam\Documents\UTS SEMESTER 3\image processing\idea 2\data\processed\faceforensics\FaceSwap\339_392\000009.jpg,1,339,FaceSwap,FaceForensics++,0.2410522848367691,0
C:\Users\Rohith Syam\Documents\UTS SEMESTER 3\image processing\idea 2\data\processed\faceforensics\FaceSwap\339_392\000010.jpg,1,339,FaceSwap,FaceForensics++,0.1829690933227539,0
C:\Users\Rohith Syam\Documents\UTS SEMESTER 3\image processing\idea 2\data\processed\faceforensics\FaceSwap\339_392\000011.jpg,1,339,FaceSwap,FaceForensics++,0.049391184002161026,0
C:\Users\Rohith Syam\Documents\UTS SEMESTER 3\image processing\idea 2\data\processed\faceforensics\FaceSwap\339_392\000012.jpg,1,339,FaceSwap,FaceForensics++,0.774131178855896,1
C:\Users\Rohith Syam\Documents\UTS SEMESTER 3\image processing\idea 2\data\processed\faceforensics\FaceSwap\339_392\000013.jpg,1,339,FaceSwap,FaceForensics++,0.4456808269023895,0
C:\Users\Rohith Syam\Documents\UTS SEMESTER 3\image processing\idea 2\data\processed\faceforensics\FaceSwap\339_392\000014.jpg,1,339,FaceSwap,FaceForensics++,0.7495328187942505,1
C:\Users\Rohith Syam\Documents\UTS SEMESTER 3\image processing\idea 2\data\processed\faceforensics\FaceSwap\339_392\000015.jpg,1,339,FaceSwap,FaceForensics++,0.959299623966217,1
C:\Users\Rohith Syam\Documents\UTS SEMESTER 3\image processing\idea 2\data\processed\faceforensics\FaceSwap\339_392\000016.jpg,1,339,FaceSwap,FaceForensics++,0.07623275369405746,0
C:\Users\Rohith Syam\Documents\UTS SEMESTER 3\image processing\idea 2\data\processed\faceforensics\FaceSwap\339_392\000017.jpg,1,339,FaceSwap,FaceForensics++,0.7302349209785461,1
C:\Users\Rohith Syam\Documents\UTS SEMESTER 3\image processing\idea 2\data\processed\faceforensics\FaceSwap\339_392\000018.jpg,1,339,FaceSwap,FaceForensics++,0.09503336995840073,0
C:\Users\Rohith Syam\Documents\UTS SEMESTER 3\image processing\idea 2\data\processed\faceforensics\FaceSwap\339_392\000019.jpg,1,339,FaceSwap,FaceForensics++,0.17534074187278748,0
C:\Users\Rohith Syam\Documents\UTS SEMESTER 3\image processing\idea 2\data\processed\faceforensics\FaceSwap\339_392\000020.jpg,1,339,FaceSwap,FaceForensics++,0.050005484372377396,0
C:\Users\Rohith Syam\Documents\UTS SEMESTER 3\image processing\idea 2\data\processed\faceforensics\FaceSwap\339_392\000021.jpg,1,339,FaceSwap,FaceForensics++,0.6720067858695984,1
C:\Users\Rohith Syam\Documents\UTS SEMESTER 3\image processing\idea 2\data\processed\faceforensics\FaceSwap\339_392\000022.jpg,1,339,FaceSwap,FaceForensics++,0.6607871055603027,1
C:\Users\Rohith Syam\Documents\UTS SEMESTER 3\image processing\idea 2\data\processed\faceforensics\FaceSwap\339_392\000023.jpg,1,339,FaceSwap,FaceForensics++,0.45913663506507874,0
C:\Users\Rohith Syam\Documents\UTS SEMESTER 3\image processing\idea 2\data\processed\faceforensics\FaceSwap\339_392\000024.jpg,1,339,FaceSwap,FaceForensics++,0.5434077978134155,1
C:\Users\Rohith Syam\Documents\UTS SEMESTER 3\image processing\idea 2\data\processed\faceforensics\FaceSwap\339_392\000025.jpg,1,339,FaceSwap,FaceForensics++,0.27840811014175415,0
C:\Users\Rohith Syam\Documents\UTS SEMESTER 3\image processing\idea 2\data\processed\faceforensics\FaceSwap\339_392\000026.jpg,1,339,FaceSwap,FaceForensics++,0.20850223302841187,0
C:\Users\Rohith Syam\Documents\UTS SEMESTER 3\image processing\idea 2\data\processed\faceforensics\FaceSwap\339_392\000027.jpg,1,339,FaceSwap,FaceForensics++,0.24448613822460175,0
C:\Users\Rohith Syam\Documents\UTS SEMESTER 3\image processing\idea 2\data\processed\faceforensics\FaceSwap\339_392\000028.jpg,1,339,FaceSwap,FaceForensics++,0.3593153953552246,0
C:\Users\Rohith Syam\Documents\UTS SEMESTER 3\image processing\idea 2\data\processed\faceforensics\FaceSwap\339_392\000029.jpg,1,339,FaceSwap,FaceForensics++,0.4544609785079956,0
C:\Users\Rohith Syam\Documents\UTS SEMESTER 3\image processing\idea 2\data\processed\faceforensics\FaceSwap\437_360\000000.jpg,1,437,FaceSwap,FaceForensics++,0.997808039188385,1
C:\Users\Rohith Syam\Documents\UTS SEMESTER 3\image processing\idea 2\data\processed\faceforensics\FaceSwap\437_360\000001.jpg,1,437,FaceSwap,FaceForensics++,0.9998762607574463,1
C:\Users\Rohith Syam\Documents\UTS SEMESTER 3\image processing\idea 2\data\processed\faceforensics\FaceSwap\437_360\000002.jpg,1,437,FaceSwap,FaceForensics++,0.9944496154785156,1
C:\Users\Rohith Syam\Documents\UTS SEMESTER 3\image processing\idea 2\data\processed\faceforensics\FaceSwap\437_360\000003.jpg,1,437,FaceSwap,FaceForensics++,0.999942421913147,1
C:\Users\Rohith Syam\Documents\UTS SEMESTER 3\image processing\idea 2\data\processed\faceforensics\FaceSwap\437_360\000004.jpg,1,437,FaceSwap,FaceForensics++,0.9865879416465759,1
C:\Users\Rohith Syam\Documents\UTS SEMESTER 3\image processing\idea 2\data\processed\faceforensics\FaceSwap\437_360\000005.jpg,1,437,FaceSwap,FaceForensics++,0.9987164735794067,1
C:\Users\Rohith Syam\Documents\UTS SEMESTER 3\image processing\idea 2\data\processed\faceforensics\FaceSwap\437_360\000006.jpg,1,437,FaceSwap,FaceForensics++,0.9975807666778564,1
C:\Users\Rohith Syam\Documents\UTS SEMESTER 3\image processing\idea 2\data\processed\faceforensics\FaceSwap\437_360\000007.jpg,1,437,FaceSwap,FaceForensics++,0.9619480967521667,1
C:\Users\Rohith Syam\Documents\UTS SEMESTER 3\image processing\idea 2\data\processed\faceforensics\FaceSwap\437_360\000008.jpg,1,437,FaceSwap,FaceForensics++,0.9996508359909058,1
C:\Users\Rohith Syam\Documents\UTS SEMESTER 3\image processing\idea 2\data\processed\faceforensics\FaceSwap\437_360\000009.jpg,1,437,FaceSwap,FaceForensics++,0.9994300007820129,1
C:\Users\Rohith Syam\Documents\UTS SEMESTER 3\image processing\idea 2\data\processed\faceforensics\FaceSwap\437_360\000010.jpg,1,437,FaceSwap,FaceForensics++,0.9998724460601807,1
C:\Users\Rohith Syam\Documents\UTS SEMESTER 3\image processing\idea 2\data\processed\faceforensics\FaceSwap\437_360\000011.jpg,1,437,FaceSwap,FaceForensics++,0.9996672868728638,1
C:\Users\Rohith Syam\Documents\UTS SEMESTER 3\image processing\idea 2\data\processed\faceforensics\FaceSwap\437_360\000012.jpg,1,437,FaceSwap,FaceForensics++,0.9988834261894226,1
C:\Users\Rohith Syam\Documents\UTS SEMESTER 3\image processing\idea 2\data\processed\faceforensics\FaceSwap\437_360\000013.jpg,1,437,FaceSwap,FaceForensics++,0.9961989521980286,1
C:\Users\Rohith Syam\Documents\UTS SEMESTER 3\image processing\idea 2\data\processed\faceforensics\FaceSwap\437_360\000014.jpg,1,437,FaceSwap,FaceForensics++,0.9998218417167664,1
C:\Users\Rohith Syam\Documents\UTS SEMESTER 3\image processing\idea 2\data\processed\faceforensics\FaceSwap\437_360\000015.jpg,1,437,FaceSwap,FaceForensics++,0.97879958152771,1
C:\Users\Rohith Syam\Documents\UTS SEMESTER 3\image processing\idea 2\data\processed\faceforensics\FaceSwap\437_360\000016.jpg,1,437,FaceSwap,FaceForensics++,0.9981889128684998,1
C:\Users\Rohith Syam\Documents\UTS SEMESTER 3\image processing\idea 2\data\processed\faceforensics\FaceSwap\437_360\000017.jpg,1,437,FaceSwap,FaceForensics++,0.9985961318016052,1
C:\Users\Rohith Syam\Documents\UTS SEMESTER 3\image processing\idea 2\data\processed\faceforensics\FaceSwap\437_360\000018.jpg,1,437,FaceSwap,FaceForensics++,0.9988991022109985,1
C:\Users\Rohith Syam\Documents\UTS SEMESTER 3\image processing\idea 2\data\processed\faceforensics\FaceSwap\437_360\000019.jpg,1,437,FaceSwap,FaceForensics++,0.9987305998802185,1
C:\Users\Rohith Syam\Documents\UTS SEMESTER 3\image processing\idea 2\data\processed\faceforensics\FaceSwap\437_360\000020.jpg,1,437,FaceSwap,FaceForensics++,0.9975811243057251,1
C:\Users\Rohith Syam\Documents\UTS SEMESTER 3\image processing\idea 2\data\processed\faceforensics\FaceSwap\437_360\000021.jpg,1,437,FaceSwap,FaceForensics++,0.9996147155761719,1
C:\Users\Rohith Syam\Documents\UTS SEMESTER 3\image processing\idea 2\data\processed\faceforensics\FaceSwap\437_360\000022.jpg,1,437,FaceSwap,FaceForensics++,0.9996262788772583,1
C:\Users\Rohith Syam\Documents\UTS SEMESTER 3\image processing\idea 2\data\processed\faceforensics\FaceSwap\437_360\000023.jpg,1,437,FaceSwap,FaceForensics++,0.9889111518859863,1
C:\Users\Rohith Syam\Documents\UTS SEMESTER 3\image processing\idea 2\data\processed\faceforensics\FaceSwap\437_360\000024.jpg,1,437,FaceSwap,FaceForensics++,0.9979385733604431,1
C:\Users\Rohith Syam\Documents\UTS SEMESTER 3\image processing\idea 2\data\processed\faceforensics\FaceSwap\437_360\000025.jpg,1,437,FaceSwap,FaceForensics++,0.999693751335144,1
C:\Users\Rohith Syam\Documents\UTS SEMESTER 3\image processing\idea 2\data\processed\faceforensics\FaceSwap\437_360\000026.jpg,1,437,FaceSwap,FaceForensics++,0.9992024302482605,1
C:\Users\Rohith Syam\Documents\UTS SEMESTER 3\image processing\idea 2\data\processed\faceforensics\FaceSwap\437_360\000027.jpg,1,437,FaceSwap,FaceForensics++,0.9985790252685547,1
C:\Users\Rohith Syam\Documents\UTS SEMESTER 3\image processing\idea 2\data\processed\faceforensics\FaceSwap\437_360\000028.jpg,1,437,FaceSwap,FaceForensics++,0.9989940524101257,1
C:\Users\Rohith Syam\Documents\UTS SEMESTER 3\image processing\idea 2\data\processed\faceforensics\FaceSwap\437_360\000029.jpg,1,437,FaceSwap,FaceForensics++,0.9994410872459412,1
C:\Users\Rohith Syam\Documents\UTS SEMESTER 3\image processing\idea 2\data\processed\faceforensics\FaceSwap\438_434\000000.jpg,1,438,FaceSwap,FaceForensics++,0.99802565574646,1
C:\Users\Rohith Syam\Documents\UTS SEMESTER 3\image processing\idea 2\data\processed\faceforensics\FaceSwap\438_434\000001.jpg,1,438,FaceSwap,FaceForensics++,0.999894380569458,1
C:\Users\Rohith Syam\Documents\UTS SEMESTER 3\image processing\idea 2\data\processed\faceforensics\FaceSwap\438_434\000002.jpg,1,438,FaceSwap,FaceForensics++,0.996911346912384,1
C:\Users\Rohith Syam\Documents\UTS SEMESTER 3\image processing\idea 2\data\processed\faceforensics\FaceSwap\438_434\000003.jpg,1,438,FaceSwap,FaceForensics++,0.9978371262550354,1
C:\Users\Rohith Syam\Documents\UTS SEMESTER 3\image processing\idea 2\data\processed\faceforensics\FaceSwap\438_434\000004.jpg,1,438,FaceSwap,FaceForensics++,0.9978216886520386,1
C:\Users\Rohith Syam\Documents\UTS SEMESTER 3\image processing\idea 2\data\processed\faceforensics\FaceSwap\438_434\000005.jpg,1,438,FaceSwap,FaceForensics++,0.9901018142700195,1
C:\Users\Rohith Syam\Documents\UTS SEMESTER 3\image processing\idea 2\data\processed\faceforensics\FaceSwap\438_434\000006.jpg,1,438,FaceSwap,FaceForensics++,0.63382887840271,1
C:\Users\Rohith Syam\Documents\UTS SEMESTER 3\image processing\idea 2\data\processed\faceforensics\FaceSwap\438_434\000007.jpg,1,438,FaceSwap,FaceForensics++,0.9387813210487366,1
C:\Users\Rohith Syam\Documents\UTS SEMESTER 3\image processing\idea 2\data\processed\faceforensics\FaceSwap\438_434\000008.jpg,1,438,FaceSwap,FaceForensics++,0.9941972494125366,1
C:\Users\Rohith Syam\Documents\UTS SEMESTER 3\image processing\idea 2\data\processed\faceforensics\FaceSwap\438_434\000009.jpg,1,438,FaceSwap,FaceForensics++,0.9601373672485352,1
C:\Users\Rohith Syam\Documents\UTS SEMESTER 3\image processing\idea 2\data\processed\faceforensics\FaceSwap\438_434\000010.jpg,1,438,FaceSwap,FaceForensics++,0.9678778648376465,1
C:\Users\Rohith Syam\Documents\UTS SEMESTER 3\image processing\idea 2\data\processed\faceforensics\FaceSwap\438_434\000011.jpg,1,438,FaceSwap,FaceForensics++,0.412825345993042,0
C:\Users\Rohith Syam\Documents\UTS SEMESTER 3\image processing\idea 2\data\processed\faceforensics\FaceSwap\438_434\000012.jpg,1,438,FaceSwap,FaceForensics++,0.9977055191993713,1
C:\Users\Rohith Syam\Documents\UTS SEMESTER 3\image processing\idea 2\data\processed\faceforensics\FaceSwap\438_434\000013.jpg,1,438,FaceSwap,FaceForensics++,0.9678829908370972,1
C:\Users\Rohith Syam\Documents\UTS SEMESTER 3\image processing\idea 2\data\processed\faceforensics\FaceSwap\438_434\000014.jpg,1,438,FaceSwap,FaceForensics++,0.999367892742157,1
C:\Users\Rohith Syam\Documents\UTS SEMESTER 3\image processing\idea 2\data\processed\faceforensics\FaceSwap\438_434\000015.jpg,1,438,FaceSwap,FaceForensics++,0.9979193806648254,1
C:\Users\Rohith Syam\Documents\UTS SEMESTER 3\image processing\idea 2\data\processed\faceforensics\FaceSwap\438_434\000016.jpg,1,438,FaceSwap,FaceForensics++,0.9918253421783447,1
C:\Users\Rohith Syam\Documents\UTS SEMESTER 3\image processing\idea 2\data\processed\faceforensics\FaceSwap\438_434\000017.jpg,1,438,FaceSwap,FaceForensics++,0.9974837303161621,1
C:\Users\Rohith Syam\Documents\UTS SEMESTER 3\image processing\idea 2\data\processed\faceforensics\FaceSwap\438_434\000018.jpg,1,438,FaceSwap,FaceForensics++,0.9677745699882507,1
C:\Users\Rohith Syam\Documents\UTS SEMESTER 3\image processing\idea 2\data\processed\faceforensics\FaceSwap\438_434\000019.jpg,1,438,FaceSwap,FaceForensics++,0.9987118244171143,1
C:\Users\Rohith Syam\Documents\UTS SEMESTER 3\image processing\idea 2\data\processed\faceforensics\FaceSwap\438_434\000020.jpg,1,438,FaceSwap,FaceForensics++,0.998984158039093,1
C:\Users\Rohith Syam\Documents\UTS SEMESTER 3\image processing\idea 2\data\processed\faceforensics\FaceSwap\438_434\000021.jpg,1,438,FaceSwap,FaceForensics++,0.9989299178123474,1
C:\Users\Rohith Syam\Documents\UTS SEMESTER 3\image processing\idea 2\data\processed\faceforensics\FaceSwap\438_434\000022.jpg,1,438,FaceSwap,FaceForensics++,0.9794934391975403,1
C:\Users\Rohith Syam\Documents\UTS SEMESTER 3\image processing\idea 2\data\processed\faceforensics\FaceSwap\438_434\000023.jpg,1,438,FaceSwap,FaceForensics++,0.9915966391563416,1
C:\Users\Rohith Syam\Documents\UTS SEMESTER 3\image processing\idea 2\data\processed\faceforensics\FaceSwap\438_434\000024.jpg,1,438,FaceSwap,FaceForensics++,0.8307325839996338,1
C:\Users\Rohith Syam\Documents\UTS SEMESTER 3\image processing\idea 2\data\processed\faceforensics\FaceSwap\438_434\000025.jpg,1,438,FaceSwap,FaceForensics++,0.9538140892982483,1
C:\Users\Rohith Syam\Documents\UTS SEMESTER 3\image processing\idea 2\data\processed\faceforensics\FaceSwap\438_434\000026.jpg,1,438,FaceSwap,FaceForensics++,0.9962325692176819,1
C:\Users\Rohith Syam\Documents\UTS SEMESTER 3\image processing\idea 2\data\processed\faceforensics\FaceSwap\438_434\000027.jpg,1,438,FaceSwap,FaceForensics++,0.9993809461593628,1
C:\Users\Rohith Syam\Documents\UTS SEMESTER 3\image processing\idea 2\data\processed\faceforensics\FaceSwap\438_434\000028.jpg,1,438,FaceSwap,FaceForensics++,0.9989914298057556,1
C:\Users\Rohith Syam\Documents\UTS SEMESTER 3\image processing\idea 2\data\processed\faceforensics\FaceSwap\438_434\000029.jpg,1,438,FaceSwap,FaceForensics++,0.991276741027832,1
C:\Users\Rohith Syam\Documents\UTS SEMESTER 3\image processing\idea 2\data\processed\faceforensics\FaceSwap\677_671\000000.jpg,1,677,FaceSwap,FaceForensics++,0.13362568616867065,0
C:\Users\Rohith Syam\Documents\UTS SEMESTER 3\image processing\idea 2\data\processed\faceforensics\FaceSwap\677_671\000001.jpg,1,677,FaceSwap,FaceForensics++,0.35998186469078064,0
C:\Users\Rohith Syam\Documents\UTS SEMESTER 3\image processing\idea 2\data\processed\faceforensics\FaceSwap\677_671\000002.jpg,1,677,FaceSwap,FaceForensics++,0.8416548371315002,1
C:\Users\Rohith Syam\Documents\UTS SEMESTER 3\image processing\idea 2\data\processed\faceforensics\FaceSwap\677_671\000003.jpg,1,677,FaceSwap,FaceForensics++,0.9251708388328552,1
C:\Users\Rohith Syam\Documents\UTS SEMESTER 3\image processing\idea 2\data\processed\faceforensics\FaceSwap\677_671\000004.jpg,1,677,FaceSwap,FaceForensics++,0.8567078113555908,1
C:\Users\Rohith Syam\Documents\UTS SEMESTER 3\image processing\idea 2\data\processed\faceforensics\FaceSwap\677_671\000005.jpg,1,677,FaceSwap,FaceForensics++,0.891983687877655,1
C:\Users\Rohith Syam\Documents\UTS SEMESTER 3\image processing\idea 2\data\processed\faceforensics\FaceSwap\677_671\000006.jpg,1,677,FaceSwap,FaceForensics++,0.4537784457206726,0
C:\Users\Rohith Syam\Documents\UTS SEMESTER 3\image processing\idea 2\data\processed\faceforensics\FaceSwap\677_671\000007.jpg,1,677,FaceSwap,FaceForensics++,0.4819583296775818,0
C:\Users\Rohith Syam\Documents\UTS SEMESTER 3\image processing\idea 2\data\processed\faceforensics\FaceSwap\677_671\000008.jpg,1,677,FaceSwap,FaceForensics++,0.031321898102760315,0
C:\Users\Rohith Syam\Documents\UTS SEMESTER 3\image processing\idea 2\data\processed\faceforensics\FaceSwap\677_671\000009.jpg,1,677,FaceSwap,FaceForensics++,0.2009868621826172,0
C:\Users\Rohith Syam\Documents\UTS SEMESTER 3\image processing\idea 2\data\processed\faceforensics\FaceSwap\677_671\000010.jpg,1,677,FaceSwap,FaceForensics++,0.4407866895198822,0
C:\Users\Rohith Syam\Documents\UTS SEMESTER 3\image processing\idea 2\data\processed\faceforensics\FaceSwap\677_671\000011.jpg,1,677,FaceSwap,FaceForensics++,0.16606414318084717,0
C:\Users\Rohith Syam\Documents\UTS SEMESTER 3\image processing\idea 2\data\processed\faceforensics\FaceSwap\677_671\000012.jpg,1,677,FaceSwap,FaceForensics++,0.5457598567008972,1
C:\Users\Rohith Syam\Documents\UTS SEMESTER 3\image processing\idea 2\data\processed\faceforensics\FaceSwap\677_671\000013.jpg,1,677,FaceSwap,FaceForensics++,0.6620039343833923,1
C:\Users\Rohith Syam\Documents\UTS SEMESTER 3\image processing\idea 2\data\processed\faceforensics\FaceSwap\677_671\000014.jpg,1,677,FaceSwap,FaceForensics++,0.7892252206802368,1
C:\Users\Rohith Syam\Documents\UTS SEMESTER 3\image processing\idea 2\data\processed\faceforensics\FaceSwap\677_671\000015.jpg,1,677,FaceSwap,FaceForensics++,0.9560620784759521,1
C:\Users\Rohith Syam\Documents\UTS SEMESTER 3\image processing\idea 2\data\processed\faceforensics\FaceSwap\677_671\000016.jpg,1,677,FaceSwap,FaceForensics++,0.9198230504989624,1
C:\Users\Rohith Syam\Documents\UTS SEMESTER 3\image processing\idea 2\data\processed\faceforensics\FaceSwap\677_671\000017.jpg,1,677,FaceSwap,FaceForensics++,0.9600086212158203,1
C:\Users\Rohith Syam\Documents\UTS SEMESTER 3\image processing\idea 2\data\processed\faceforensics\FaceSwap\677_671\000018.jpg,1,677,FaceSwap,FaceForensics++,0.9396553635597229,1
C:\Users\Rohith Syam\Documents\UTS SEMESTER 3\image processing\idea 2\data\processed\faceforensics\FaceSwap\677_671\000019.jpg,1,677,FaceSwap,FaceForensics++,0.8875749707221985,1
C:\Users\Rohith Syam\Documents\UTS SEMESTER 3\image processing\idea 2\data\processed\faceforensics\FaceSwap\677_671\000020.jpg,1,677,FaceSwap,FaceForensics++,0.9272518157958984,1
C:\Users\Rohith Syam\Documents\UTS SEMESTER 3\image processing\idea 2\data\processed\faceforensics\FaceSwap\677_671\000021.jpg,1,677,FaceSwap,FaceForensics++,0.23326809704303741,0
C:\Users\Rohith Syam\Documents\UTS SEMESTER 3\image processing\idea 2\data\processed\faceforensics\FaceSwap\677_671\000022.jpg,1,677,FaceSwap,FaceForensics++,0.6491994857788086,1
C:\Users\Rohith Syam\Documents\UTS SEMESTER 3\image processing\idea 2\data\processed\faceforensics\FaceSwap\677_671\000023.jpg,1,677,FaceSwap,FaceForensics++,0.6722092628479004,1
C:\Users\Rohith Syam\Documents\UTS SEMESTER 3\image processing\idea 2\data\processed\faceforensics\FaceSwap\677_671\000024.jpg,1,677,FaceSwap,FaceForensics++,0.7650575637817383,1
C:\Users\Rohith Syam\Documents\UTS SEMESTER 3\image processing\idea 2\data\processed\faceforensics\FaceSwap\677_671\000025.jpg,1,677,FaceSwap,FaceForensics++,0.6033017635345459,1
C:\Users\Rohith Syam\Documents\UTS SEMESTER 3\image processing\idea 2\data\processed\faceforensics\FaceSwap\677_671\000026.jpg,1,677,FaceSwap,FaceForensics++,0.6144465208053589,1
C:\Users\Rohith Syam\Documents\UTS SEMESTER 3\image processing\idea 2\data\processed\faceforensics\FaceSwap\677_671\000027.jpg,1,677,FaceSwap,FaceForensics++,0.7018902897834778,1
C:\Users\Rohith Syam\Documents\UTS SEMESTER 3\image processing\idea 2\data\processed\faceforensics\FaceSwap\677_671\000028.jpg,1,677,FaceSwap,FaceForensics++,0.18849757313728333,0
C:\Users\Rohith Syam\Documents\UTS SEMESTER 3\image processing\idea 2\data\processed\faceforensics\FaceSwap\677_671\000029.jpg,1,677,FaceSwap,FaceForensics++,0.4673056900501251,0
C:\Users\Rohith Syam\Documents\UTS SEMESTER 3\image processing\idea 2\data\processed\faceforensics\FaceSwap\716_712\000000.jpg,1,716,FaceSwap,FaceForensics++,0.9998502731323242,1
C:\Users\Rohith Syam\Documents\UTS SEMESTER 3\image processing\idea 2\data\processed\faceforensics\FaceSwap\716_712\000001.jpg,1,716,FaceSwap,FaceForensics++,0.9993299245834351,1
C:\Users\Rohith Syam\Documents\UTS SEMESTER 3\image processing\idea 2\data\processed\faceforensics\FaceSwap\716_712\000002.jpg,1,716,FaceSwap,FaceForensics++,0.9990713596343994,1
C:\Users\Rohith Syam\Documents\UTS SEMESTER 3\image processing\idea 2\data\processed\faceforensics\FaceSwap\716_712\000003.jpg,1,716,FaceSwap,FaceForensics++,0.999514102935791,1
C:\Users\Rohith Syam\Documents\UTS SEMESTER 3\image processing\idea 2\data\processed\faceforensics\FaceSwap\716_712\000004.jpg,1,716,FaceSwap,FaceForensics++,0.999525785446167,1
C:\Users\Rohith Syam\Documents\UTS SEMESTER 3\image processing\idea 2\data\processed\faceforensics\FaceSwap\716_712\000005.jpg,1,716,FaceSwap,FaceForensics++,0.9998717308044434,1
C:\Users\Rohith Syam\Documents\UTS SEMESTER 3\image processing\idea 2\data\processed\faceforensics\FaceSwap\716_712\000006.jpg,1,716,FaceSwap,FaceForensics++,0.9941599369049072,1
C:\Users\Rohith Syam\Documents\UTS SEMESTER 3\image processing\idea 2\data\processed\faceforensics\FaceSwap\716_712\000007.jpg,1,716,FaceSwap,FaceForensics++,0.999833345413208,1
C:\Users\Rohith Syam\Documents\UTS SEMESTER 3\image processing\idea 2\data\processed\faceforensics\FaceSwap\716_712\000008.jpg,1,716,FaceSwap,FaceForensics++,0.9991880059242249,1
C:\Users\Rohith Syam\Documents\UTS SEMESTER 3\image processing\idea 2\data\processed\faceforensics\FaceSwap\716_712\000009.jpg,1,716,FaceSwap,FaceForensics++,0.999239444732666,1
C:\Users\Rohith Syam\Documents\UTS SEMESTER 3\image processing\idea 2\data\processed\faceforensics\FaceSwap\716_712\000010.jpg,1,716,FaceSwap,FaceForensics++,0.9984923601150513,1
C:\Users\Rohith Syam\Documents\UTS SEMESTER 3\image processing\idea 2\data\processed\faceforensics\FaceSwap\716_712\000011.jpg,1,716,FaceSwap,FaceForensics++,0.9992938041687012,1
C:\Users\Rohith Syam\Documents\UTS SEMESTER 3\image processing\idea 2\data\processed\faceforensics\FaceSwap\716_712\000012.jpg,1,716,FaceSwap,FaceForensics++,0.9993755221366882,1
C:\Users\Rohith Syam\Documents\UTS SEMESTER 3\image processing\idea 2\data\processed\faceforensics\FaceSwap\716_712\000013.jpg,1,716,FaceSwap,FaceForensics++,0.839828372001648,1
C:\Users\Rohith Syam\Documents\UTS SEMESTER 3\image processing\idea 2\data\processed\faceforensics\FaceSwap\716_712\000014.jpg,1,716,FaceSwap,FaceForensics++,0.983285129070282,1
C:\Users\Rohith Syam\Documents\UTS SEMESTER 3\image processing\idea 2\data\processed\faceforensics\FaceSwap\716_712\000015.jpg,1,716,FaceSwap,FaceForensics++,0.9986496567726135,1
C:\Users\Rohith Syam\Documents\UTS SEMESTER 3\image processing\idea 2\data\processed\faceforensics\FaceSwap\716_712\000016.jpg,1,716,FaceSwap,FaceForensics++,0.9932282567024231,1
C:\Users\Rohith Syam\Documents\UTS SEMESTER 3\image processing\idea 2\data\processed\faceforensics\FaceSwap\716_712\000017.jpg,1,716,FaceSwap,FaceForensics++,0.9934566617012024,1
C:\Users\Rohith Syam\Documents\UTS SEMESTER 3\image processing\idea 2\data\processed\faceforensics\FaceSwap\716_712\000018.jpg,1,716,FaceSwap,FaceForensics++,0.9925456643104553,1
C:\Users\Rohith Syam\Documents\UTS SEMESTER 3\image processing\idea 2\data\processed\faceforensics\FaceSwap\716_712\000019.jpg,1,716,FaceSwap,FaceForensics++,0.9750392436981201,1
C:\Users\Rohith Syam\Documents\UTS SEMESTER 3\image processing\idea 2\data\processed\faceforensics\FaceSwap\716_712\000020.jpg,1,716,FaceSwap,FaceForensics++,0.6368233561515808,1
C:\Users\Rohith Syam\Documents\UTS SEMESTER 3\image processing\idea 2\data\processed\faceforensics\FaceSwap\716_712\000021.jpg,1,716,FaceSwap,FaceForensics++,0.9988632202148438,1
C:\Users\Rohith Syam\Documents\UTS SEMESTER 3\image processing\idea 2\data\processed\faceforensics\FaceSwap\716_712\000022.jpg,1,716,FaceSwap,FaceForensics++,0.9528094530105591,1
C:\Users\Rohith Syam\Documents\UTS SEMESTER 3\image processing\idea 2\data\processed\faceforensics\FaceSwap\716_712\000023.jpg,1,716,FaceSwap,FaceForensics++,0.9364758729934692,1
C:\Users\Rohith Syam\Documents\UTS SEMESTER 3\image processing\idea 2\data\processed\faceforensics\FaceSwap\716_712\000024.jpg,1,716,FaceSwap,FaceForensics++,0.9959591031074524,1
C:\Users\Rohith Syam\Documents\UTS SEMESTER 3\image processing\idea 2\data\processed\faceforensics\FaceSwap\716_712\000025.jpg,1,716,FaceSwap,FaceForensics++,0.9528509378433228,1
C:\Users\Rohith Syam\Documents\UTS SEMESTER 3\image processing\idea 2\data\processed\faceforensics\FaceSwap\716_712\000026.jpg,1,716,FaceSwap,FaceForensics++,0.8470737934112549,1
C:\Users\Rohith Syam\Documents\UTS SEMESTER 3\image processing\idea 2\data\processed\faceforensics\FaceSwap\716_712\000027.jpg,1,716,FaceSwap,FaceForensics++,0.937438428401947,1
C:\Users\Rohith Syam\Documents\UTS SEMESTER 3\image processing\idea 2\data\processed\faceforensics\FaceSwap\716_712\000028.jpg,1,716,FaceSwap,FaceForensics++,0.9485757350921631,1
C:\Users\Rohith Syam\Documents\UTS SEMESTER 3\image processing\idea 2\data\processed\faceforensics\FaceSwap\716_712\000029.jpg,1,716,FaceSwap,FaceForensics++,0.9526175260543823,1
C:\Users\Rohith Syam\Documents\UTS SEMESTER 3\image processing\idea 2\data\processed\faceforensics\FaceSwap\794_779\000000.jpg,1,794,FaceSwap,FaceForensics++,0.4317305386066437,0
C:\Users\Rohith Syam\Documents\UTS SEMESTER 3\image processing\idea 2\data\processed\faceforensics\FaceSwap\794_779\000001.jpg,1,794,FaceSwap,FaceForensics++,0.009820216335356236,0
C:\Users\Rohith Syam\Documents\UTS SEMESTER 3\image processing\idea 2\data\processed\faceforensics\FaceSwap\794_779\000002.jpg,1,794,FaceSwap,FaceForensics++,0.24829809367656708,0
C:\Users\Rohith Syam\Documents\UTS SEMESTER 3\image processing\idea 2\data\processed\faceforensics\FaceSwap\794_779\000003.jpg,1,794,FaceSwap,FaceForensics++,0.463139146566391,0
C:\Users\Rohith Syam\Documents\UTS SEMESTER 3\image processing\idea 2\data\processed\faceforensics\FaceSwap\794_779\000004.jpg,1,794,FaceSwap,FaceForensics++,0.07011894136667252,0
C:\Users\Rohith Syam\Documents\UTS SEMESTER 3\image processing\idea 2\data\processed\faceforensics\FaceSwap\794_779\000005.jpg,1,794,FaceSwap,FaceForensics++,0.3414342999458313,0
C:\Users\Rohith Syam\Documents\UTS SEMESTER 3\image processing\idea 2\data\processed\faceforensics\FaceSwap\794_779\000006.jpg,1,794,FaceSwap,FaceForensics++,0.28072836995124817,0
C:\Users\Rohith Syam\Documents\UTS SEMESTER 3\image processing\idea 2\data\processed\faceforensics\FaceSwap\794_779\000007.jpg,1,794,FaceSwap,FaceForensics++,0.19615742564201355,0
C:\Users\Rohith Syam\Documents\UTS SEMESTER 3\image processing\idea 2\data\processed\faceforensics\FaceSwap\794_779\000008.jpg,1,794,FaceSwap,FaceForensics++,0.527317464351654,1
C:\Users\Rohith Syam\Documents\UTS SEMESTER 3\image processing\idea 2\data\processed\faceforensics\FaceSwap\794_779\000009.jpg,1,794,FaceSwap,FaceForensics++,0.17585980892181396,0
C:\Users\Rohith Syam\Documents\UTS SEMESTER 3\image processing\idea 2\data\processed\faceforensics\FaceSwap\794_779\000010.jpg,1,794,FaceSwap,FaceForensics++,0.5425339341163635,1
C:\Users\Rohith Syam\Documents\UTS SEMESTER 3\image processing\idea 2\data\processed\faceforensics\FaceSwap\794_779\000011.jpg,1,794,FaceSwap,FaceForensics++,0.8199928402900696,1
C:\Users\Rohith Syam\Documents\UTS SEMESTER 3\image processing\idea 2\data\processed\faceforensics\FaceSwap\794_779\000012.jpg,1,794,FaceSwap,FaceForensics++,0.6063119769096375,1
C:\Users\Rohith Syam\Documents\UTS SEMESTER 3\image processing\idea 2\data\processed\faceforensics\FaceSwap\794_779\000013.jpg,1,794,FaceSwap,FaceForensics++,0.3705526888370514,0
C:\Users\Rohith Syam\Documents\UTS SEMESTER 3\image processing\idea 2\data\processed\faceforensics\FaceSwap\794_779\000014.jpg,1,794,FaceSwap,FaceForensics++,0.19541959464550018,0
C:\Users\Rohith Syam\Documents\UTS SEMESTER 3\image processing\idea 2\data\processed\faceforensics\FaceSwap\794_779\000015.jpg,1,794,FaceSwap,FaceForensics++,0.5293842554092407,1
C:\Users\Rohith Syam\Documents\UTS SEMESTER 3\image processing\idea 2\data\processed\faceforensics\FaceSwap\794_779\000016.jpg,1,794,FaceSwap,FaceForensics++,0.5380248427391052,1
C:\Users\Rohith Syam\Documents\UTS SEMESTER 3\image processing\idea 2\data\processed\faceforensics\FaceSwap\794_779\000017.jpg,1,794,FaceSwap,FaceForensics++,0.28890460729599,0
C:\Users\Rohith Syam\Documents\UTS SEMESTER 3\image processing\idea 2\data\processed\faceforensics\FaceSwap\794_779\000018.jpg,1,794,FaceSwap,FaceForensics++,0.0597115159034729,0
C:\Users\Rohith Syam\Documents\UTS SEMESTER 3\image processing\idea 2\data\processed\faceforensics\FaceSwap\794_779\000019.jpg,1,794,FaceSwap,FaceForensics++,0.6284211277961731,1
C:\Users\Rohith Syam\Documents\UTS SEMESTER 3\image processing\idea 2\data\processed\faceforensics\FaceSwap\794_779\000020.jpg,1,794,FaceSwap,FaceForensics++,0.1110583171248436,0
C:\Users\Rohith Syam\Documents\UTS SEMESTER 3\image processing\idea 2\data\processed\faceforensics\FaceSwap\794_779\000021.jpg,1,794,FaceSwap,FaceForensics++,0.6531473398208618,1
C:\Users\Rohith Syam\Documents\UTS SEMESTER 3\image processing\idea 2\data\processed\faceforensics\FaceSwap\794_779\000022.jpg,1,794,FaceSwap,FaceForensics++,0.480477899312973,0
C:\Users\Rohith Syam\Documents\UTS SEMESTER 3\image processing\idea 2\data\processed\faceforensics\FaceSwap\794_779\000023.jpg,1,794,FaceSwap,FaceForensics++,0.108216792345047,0
C:\Users\Rohith Syam\Documents\UTS SEMESTER 3\image processing\idea 2\data\processed\faceforensics\FaceSwap\794_779\000024.jpg,1,794,FaceSwap,FaceForensics++,0.49545207619667053,0
C:\Users\Rohith Syam\Documents\UTS SEMESTER 3\image processing\idea 2\data\processed\faceforensics\FaceSwap\794_779\000025.jpg,1,794,FaceSwap,FaceForensics++,0.6265071630477905,1
C:\Users\Rohith Syam\Documents\UTS SEMESTER 3\image processing\idea 2\data\processed\faceforensics\FaceSwap\794_779\000026.jpg,1,794,FaceSwap,FaceForensics++,0.19561056792736053,0
C:\Users\Rohith Syam\Documents\UTS SEMESTER 3\image processing\idea 2\data\processed\faceforensics\FaceSwap\794_779\000027.jpg,1,794,FaceSwap,FaceForensics++,0.7211647629737854,1
C:\Users\Rohith Syam\Documents\UTS SEMESTER 3\image processing\idea 2\data\processed\faceforensics\FaceSwap\794_779\000028.jpg,1,794,FaceSwap,FaceForensics++,0.36955147981643677,0
C:\Users\Rohith Syam\Documents\UTS SEMESTER 3\image processing\idea 2\data\processed\faceforensics\FaceSwap\794_779\000029.jpg,1,794,FaceSwap,FaceForensics++,0.49896228313446045,0
C:\Users\Rohith Syam\Documents\UTS SEMESTER 3\image processing\idea 2\data\processed\faceforensics\FaceSwap\811_920\000000.jpg,1,811,FaceSwap,FaceForensics++,0.977477490901947,1
C:\Users\Rohith Syam\Documents\UTS SEMESTER 3\image processing\idea 2\data\processed\faceforensics\FaceSwap\811_920\000001.jpg,1,811,FaceSwap,FaceForensics++,0.997252881526947,1
C:\Users\Rohith Syam\Documents\UTS SEMESTER 3\image processing\idea 2\data\processed\faceforensics\FaceSwap\811_920\000002.jpg,1,811,FaceSwap,FaceForensics++,0.8004048466682434,1
C:\Users\Rohith Syam\Documents\UTS SEMESTER 3\image processing\idea 2\data\processed\faceforensics\FaceSwap\811_920\000003.jpg,1,811,FaceSwap,FaceForensics++,0.9747235178947449,1
C:\Users\Rohith Syam\Documents\UTS SEMESTER 3\image processing\idea 2\data\processed\faceforensics\FaceSwap\811_920\000004.jpg,1,811,FaceSwap,FaceForensics++,0.9837468266487122,1
C:\Users\Rohith Syam\Documents\UTS SEMESTER 3\image processing\idea 2\data\processed\faceforensics\FaceSwap\811_920\000005.jpg,1,811,FaceSwap,FaceForensics++,0.9680809378623962,1
C:\Users\Rohith Syam\Documents\UTS SEMESTER 3\image processing\idea 2\data\processed\faceforensics\FaceSwap\811_920\000006.jpg,1,811,FaceSwap,FaceForensics++,0.9844629764556885,1
C:\Users\Rohith Syam\Documents\UTS SEMESTER 3\image processing\idea 2\data\processed\faceforensics\FaceSwap\811_920\000007.jpg,1,811,FaceSwap,FaceForensics++,0.9983356595039368,1
C:\Users\Rohith Syam\Documents\UTS SEMESTER 3\image processing\idea 2\data\processed\faceforensics\FaceSwap\811_920\000008.jpg,1,811,FaceSwap,FaceForensics++,0.9840739965438843,1
C:\Users\Rohith Syam\Documents\UTS SEMESTER 3\image processing\idea 2\data\processed\faceforensics\FaceSwap\811_920\000009.jpg,1,811,FaceSwap,FaceForensics++,0.9974932670593262,1
C:\Users\Rohith Syam\Documents\UTS SEMESTER 3\image processing\idea 2\data\processed\faceforensics\FaceSwap\811_920\000010.jpg,1,811,FaceSwap,FaceForensics++,0.9971815347671509,1
C:\Users\Rohith Syam\Documents\UTS SEMESTER 3\image processing\idea 2\data\processed\faceforensics\FaceSwap\811_920\000011.jpg,1,811,FaceSwap,FaceForensics++,0.9367119669914246,1
C:\Users\Rohith Syam\Documents\UTS SEMESTER 3\image processing\idea 2\data\processed\faceforensics\FaceSwap\811_920\000012.jpg,1,811,FaceSwap,FaceForensics++,0.9992384910583496,1
C:\Users\Rohith Syam\Documents\UTS SEMESTER 3\image processing\idea 2\data\processed\faceforensics\FaceSwap\811_920\000013.jpg,1,811,FaceSwap,FaceForensics++,0.9990065693855286,1
C:\Users\Rohith Syam\Documents\UTS SEMESTER 3\image processing\idea 2\data\processed\faceforensics\FaceSwap\811_920\000014.jpg,1,811,FaceSwap,FaceForensics++,0.9952757358551025,1
C:\Users\Rohith Syam\Documents\UTS SEMESTER 3\image processing\idea 2\data\processed\faceforensics\FaceSwap\811_920\000015.jpg,1,811,FaceSwap,FaceForensics++,0.9990530610084534,1
C:\Users\Rohith Syam\Documents\UTS SEMESTER 3\image processing\idea 2\data\processed\faceforensics\FaceSwap\811_920\000016.jpg,1,811,FaceSwap,FaceForensics++,0.9988929629325867,1
C:\Users\Rohith Syam\Documents\UTS SEMESTER 3\image processing\idea 2\data\processed\faceforensics\FaceSwap\811_920\000017.jpg,1,811,FaceSwap,FaceForensics++,0.9943095445632935,1
C:\Users\Rohith Syam\Documents\UTS SEMESTER 3\image processing\idea 2\data\processed\faceforensics\FaceSwap\811_920\000018.jpg,1,811,FaceSwap,FaceForensics++,0.9970032572746277,1
C:\Users\Rohith Syam\Documents\UTS SEMESTER 3\image processing\idea 2\data\processed\faceforensics\FaceSwap\811_920\000019.jpg,1,811,FaceSwap,FaceForensics++,0.9966102242469788,1
C:\Users\Rohith Syam\Documents\UTS SEMESTER 3\image processing\idea 2\data\processed\faceforensics\FaceSwap\811_920\000020.jpg,1,811,FaceSwap,FaceForensics++,0.9892962574958801,1
C:\Users\Rohith Syam\Documents\UTS SEMESTER 3\image processing\idea 2\data\processed\faceforensics\FaceSwap\811_920\000021.jpg,1,811,FaceSwap,FaceForensics++,0.9883711934089661,1
C:\Users\Rohith Syam\Documents\UTS SEMESTER 3\image processing\idea 2\data\processed\faceforensics\FaceSwap\811_920\000022.jpg,1,811,FaceSwap,FaceForensics++,0.9944332242012024,1
C:\Users\Rohith Syam\Documents\UTS SEMESTER 3\image processing\idea 2\data\processed\faceforensics\FaceSwap\811_920\000023.jpg,1,811,FaceSwap,FaceForensics++,0.9949570298194885,1
C:\Users\Rohith Syam\Documents\UTS SEMESTER 3\image processing\idea 2\data\processed\faceforensics\FaceSwap\811_920\000024.jpg,1,811,FaceSwap,FaceForensics++,0.9942169189453125,1
C:\Users\Rohith Syam\Documents\UTS SEMESTER 3\image processing\idea 2\data\processed\faceforensics\FaceSwap\811_920\000025.jpg,1,811,FaceSwap,FaceForensics++,0.999000608921051,1
C:\Users\Rohith Syam\Documents\UTS SEMESTER 3\image processing\idea 2\data\processed\faceforensics\FaceSwap\811_920\000026.jpg,1,811,FaceSwap,FaceForensics++,0.9872318506240845,1
C:\Users\Rohith Syam\Documents\UTS SEMESTER 3\image processing\idea 2\data\processed\faceforensics\FaceSwap\811_920\000027.jpg,1,811,FaceSwap,FaceForensics++,0.9982596039772034,1
C:\Users\Rohith Syam\Documents\UTS SEMESTER 3\image processing\idea 2\data\processed\faceforensics\FaceSwap\811_920\000028.jpg,1,811,FaceSwap,FaceForensics++,0.99339759349823,1
C:\Users\Rohith Syam\Documents\UTS SEMESTER 3\image processing\idea 2\data\processed\faceforensics\FaceSwap\811_920\000029.jpg,1,811,FaceSwap,FaceForensics++,0.9965354204177856,1
C:\Users\Rohith Syam\Documents\UTS SEMESTER 3\image processing\idea 2\data\processed\faceforensics\FaceSwap\835_651\000000.jpg,1,835,FaceSwap,FaceForensics++,0.9335893988609314,1
C:\Users\Rohith Syam\Documents\UTS SEMESTER 3\image processing\idea 2\data\processed\faceforensics\FaceSwap\835_651\000001.jpg,1,835,FaceSwap,FaceForensics++,0.6115539073944092,1
C:\Users\Rohith Syam\Documents\UTS SEMESTER 3\image processing\idea 2\data\processed\faceforensics\FaceSwap\835_651\000002.jpg,1,835,FaceSwap,FaceForensics++,0.08275353163480759,0
C:\Users\Rohith Syam\Documents\UTS SEMESTER 3\image processing\idea 2\data\processed\faceforensics\FaceSwap\835_651\000003.jpg,1,835,FaceSwap,FaceForensics++,0.9809368252754211,1
C:\Users\Rohith Syam\Documents\UTS SEMESTER 3\image processing\idea 2\data\processed\faceforensics\FaceSwap\835_651\000004.jpg,1,835,FaceSwap,FaceForensics++,0.5410311818122864,1
C:\Users\Rohith Syam\Documents\UTS SEMESTER 3\image processing\idea 2\data\processed\faceforensics\FaceSwap\835_651\000005.jpg,1,835,FaceSwap,FaceForensics++,0.9069334268569946,1
C:\Users\Rohith Syam\Documents\UTS SEMESTER 3\image processing\idea 2\data\processed\faceforensics\FaceSwap\835_651\000006.jpg,1,835,FaceSwap,FaceForensics++,0.0996553972363472,0
C:\Users\Rohith Syam\Documents\UTS SEMESTER 3\image processing\idea 2\data\processed\faceforensics\FaceSwap\835_651\000007.jpg,1,835,FaceSwap,FaceForensics++,0.8567818403244019,1
C:\Users\Rohith Syam\Documents\UTS SEMESTER 3\image processing\idea 2\data\processed\faceforensics\FaceSwap\835_651\000008.jpg,1,835,FaceSwap,FaceForensics++,0.866811215877533,1
C:\Users\Rohith Syam\Documents\UTS SEMESTER 3\image processing\idea 2\data\processed\faceforensics\FaceSwap\835_651\000009.jpg,1,835,FaceSwap,FaceForensics++,0.5836575627326965,1
C:\Users\Rohith Syam\Documents\UTS SEMESTER 3\image processing\idea 2\data\processed\faceforensics\FaceSwap\835_651\000010.jpg,1,835,FaceSwap,FaceForensics++,0.9642885327339172,1
C:\Users\Rohith Syam\Documents\UTS SEMESTER 3\image processing\idea 2\data\processed\faceforensics\FaceSwap\835_651\000011.jpg,1,835,FaceSwap,FaceForensics++,0.8427800536155701,1
C:\Users\Rohith Syam\Documents\UTS SEMESTER 3\image processing\idea 2\data\processed\faceforensics\FaceSwap\835_651\000012.jpg,1,835,FaceSwap,FaceForensics++,0.9794546365737915,1
C:\Users\Rohith Syam\Documents\UTS SEMESTER 3\image processing\idea 2\data\processed\faceforensics\FaceSwap\835_651\000013.jpg,1,835,FaceSwap,FaceForensics++,0.4191092848777771,0
C:\Users\Rohith Syam\Documents\UTS SEMESTER 3\image processing\idea 2\data\processed\faceforensics\FaceSwap\835_651\000014.jpg,1,835,FaceSwap,FaceForensics++,0.9935477375984192,1
C:\Users\Rohith Syam\Documents\UTS SEMESTER 3\image processing\idea 2\data\processed\faceforensics\FaceSwap\835_651\000015.jpg,1,835,FaceSwap,FaceForensics++,0.9670201539993286,1
C:\Users\Rohith Syam\Documents\UTS SEMESTER 3\image processing\idea 2\data\processed\faceforensics\FaceSwap\835_651\000016.jpg,1,835,FaceSwap,FaceForensics++,0.8543644547462463,1
C:\Users\Rohith Syam\Documents\UTS SEMESTER 3\image processing\idea 2\data\processed\faceforensics\FaceSwap\835_651\000017.jpg,1,835,FaceSwap,FaceForensics++,0.37485215067863464,0
C:\Users\Rohith Syam\Documents\UTS SEMESTER 3\image processing\idea 2\data\processed\faceforensics\FaceSwap\835_651\000018.jpg,1,835,FaceSwap,FaceForensics++,0.28100165724754333,0
C:\Users\Rohith Syam\Documents\UTS SEMESTER 3\image processing\idea 2\data\processed\faceforensics\FaceSwap\835_651\000019.jpg,1,835,FaceSwap,FaceForensics++,0.072137251496315,0
C:\Users\Rohith Syam\Documents\UTS SEMESTER 3\image processing\idea 2\data\processed\faceforensics\FaceSwap\835_651\000020.jpg,1,835,FaceSwap,FaceForensics++,0.5212543606758118,1
C:\Users\Rohith Syam\Documents\UTS SEMESTER 3\image processing\idea 2\data\processed\faceforensics\FaceSwap\835_651\000021.jpg,1,835,FaceSwap,FaceForensics++,0.9885878562927246,1
C:\Users\Rohith Syam\Documents\UTS SEMESTER 3\image processing\idea 2\data\processed\faceforensics\FaceSwap\835_651\000022.jpg,1,835,FaceSwap,FaceForensics++,0.9288066029548645,1
C:\Users\Rohith Syam\Documents\UTS SEMESTER 3\image processing\idea 2\data\processed\faceforensics\FaceSwap\835_651\000023.jpg,1,835,FaceSwap,FaceForensics++,0.8379687070846558,1
C:\Users\Rohith Syam\Documents\UTS SEMESTER 3\image processing\idea 2\data\processed\faceforensics\FaceSwap\835_651\000024.jpg,1,835,FaceSwap,FaceForensics++,0.4907434284687042,0
C:\Users\Rohith Syam\Documents\UTS SEMESTER 3\image processing\idea 2\data\processed\faceforensics\FaceSwap\835_651\000025.jpg,1,835,FaceSwap,FaceForensics++,0.9647079110145569,1
C:\Users\Rohith Syam\Documents\UTS SEMESTER 3\image processing\idea 2\data\processed\faceforensics\FaceSwap\835_651\000026.jpg,1,835,FaceSwap,FaceForensics++,0.9238533973693848,1
C:\Users\Rohith Syam\Documents\UTS SEMESTER 3\image processing\idea 2\data\processed\faceforensics\FaceSwap\835_651\000027.jpg,1,835,FaceSwap,FaceForensics++,0.9802574515342712,1
C:\Users\Rohith Syam\Documents\UTS SEMESTER 3\image processing\idea 2\data\processed\faceforensics\FaceSwap\835_651\000028.jpg,1,835,FaceSwap,FaceForensics++,0.9570910334587097,1
C:\Users\Rohith Syam\Documents\UTS SEMESTER 3\image processing\idea 2\data\processed\faceforensics\FaceSwap\835_651\000029.jpg,1,835,FaceSwap,FaceForensics++,0.6049965620040894,1
C:\Users\Rohith Syam\Documents\UTS SEMESTER 3\image processing\idea 2\data\processed\faceforensics\FaceSwap\896_128\000000.jpg,1,896,FaceSwap,FaceForensics++,0.9117084741592407,1
C:\Users\Rohith Syam\Documents\UTS SEMESTER 3\image processing\idea 2\data\processed\faceforensics\FaceSwap\896_128\000001.jpg,1,896,FaceSwap,FaceForensics++,0.9940008521080017,1
C:\Users\Rohith Syam\Documents\UTS SEMESTER 3\image processing\idea 2\data\processed\faceforensics\FaceSwap\896_128\000002.jpg,1,896,FaceSwap,FaceForensics++,0.926428496837616,1
C:\Users\Rohith Syam\Documents\UTS SEMESTER 3\image processing\idea 2\data\processed\faceforensics\FaceSwap\896_128\000003.jpg,1,896,FaceSwap,FaceForensics++,0.8528984189033508,1
C:\Users\Rohith Syam\Documents\UTS SEMESTER 3\image processing\idea 2\data\processed\faceforensics\FaceSwap\896_128\000004.jpg,1,896,FaceSwap,FaceForensics++,0.9568361043930054,1
C:\Users\Rohith Syam\Documents\UTS SEMESTER 3\image processing\idea 2\data\processed\faceforensics\FaceSwap\896_128\000005.jpg,1,896,FaceSwap,FaceForensics++,0.9098044633865356,1
C:\Users\Rohith Syam\Documents\UTS SEMESTER 3\image processing\idea 2\data\processed\faceforensics\FaceSwap\896_128\000006.jpg,1,896,FaceSwap,FaceForensics++,0.9855639934539795,1
C:\Users\Rohith Syam\Documents\UTS SEMESTER 3\image processing\idea 2\data\processed\faceforensics\FaceSwap\896_128\000007.jpg,1,896,FaceSwap,FaceForensics++,0.9202146530151367,1
C:\Users\Rohith Syam\Documents\UTS SEMESTER 3\image processing\idea 2\data\processed\faceforensics\FaceSwap\896_128\000008.jpg,1,896,FaceSwap,FaceForensics++,0.8075023889541626,1
C:\Users\Rohith Syam\Documents\UTS SEMESTER 3\image processing\idea 2\data\processed\faceforensics\FaceSwap\896_128\000009.jpg,1,896,FaceSwap,FaceForensics++,0.8181339502334595,1
C:\Users\Rohith Syam\Documents\UTS SEMESTER 3\image processing\idea 2\data\processed\faceforensics\FaceSwap\896_128\000010.jpg,1,896,FaceSwap,FaceForensics++,0.9983505010604858,1
C:\Users\Rohith Syam\Documents\UTS SEMESTER 3\image processing\idea 2\data\processed\faceforensics\FaceSwap\896_128\000011.jpg,1,896,FaceSwap,FaceForensics++,0.9984672665596008,1
C:\Users\Rohith Syam\Documents\UTS SEMESTER 3\image processing\idea 2\data\processed\faceforensics\FaceSwap\896_128\000012.jpg,1,896,FaceSwap,FaceForensics++,0.9993742108345032,1
C:\Users\Rohith Syam\Documents\UTS SEMESTER 3\image processing\idea 2\data\processed\faceforensics\FaceSwap\896_128\000013.jpg,1,896,FaceSwap,FaceForensics++,0.9910739064216614,1
C:\Users\Rohith Syam\Documents\UTS SEMESTER 3\image processing\idea 2\data\processed\faceforensics\FaceSwap\896_128\000014.jpg,1,896,FaceSwap,FaceForensics++,0.941109836101532,1
C:\Users\Rohith Syam\Documents\UTS SEMESTER 3\image processing\idea 2\data\processed\faceforensics\FaceSwap\896_128\000015.jpg,1,896,FaceSwap,FaceForensics++,0.5341277718544006,1
C:\Users\Rohith Syam\Documents\UTS SEMESTER 3\image processing\idea 2\data\processed\faceforensics\FaceSwap\896_128\000016.jpg,1,896,FaceSwap,FaceForensics++,0.5517562627792358,1
C:\Users\Rohith Syam\Documents\UTS SEMESTER 3\image processing\idea 2\data\processed\faceforensics\FaceSwap\896_128\000017.jpg,1,896,FaceSwap,FaceForensics++,0.9423837065696716,1
C:\Users\Rohith Syam\Documents\UTS SEMESTER 3\image processing\idea 2\data\processed\faceforensics\FaceSwap\896_128\000018.jpg,1,896,FaceSwap,FaceForensics++,0.9973055124282837,1
C:\Users\Rohith Syam\Documents\UTS SEMESTER 3\image processing\idea 2\data\processed\faceforensics\FaceSwap\896_128\000019.jpg,1,896,FaceSwap,FaceForensics++,0.9991692304611206,1
C:\Users\Rohith Syam\Documents\UTS SEMESTER 3\image processing\idea 2\data\processed\faceforensics\FaceSwap\896_128\000020.jpg,1,896,FaceSwap,FaceForensics++,0.9456514120101929,1
C:\Users\Rohith Syam\Documents\UTS SEMESTER 3\image processing\idea 2\data\processed\faceforensics\FaceSwap\896_128\000021.jpg,1,896,FaceSwap,FaceForensics++,0.8417527079582214,1
C:\Users\Rohith Syam\Documents\UTS SEMESTER 3\image processing\idea 2\data\processed\faceforensics\FaceSwap\896_128\000022.jpg,1,896,FaceSwap,FaceForensics++,0.9879470467567444,1
C:\Users\Rohith Syam\Documents\UTS SEMESTER 3\image processing\idea 2\data\processed\faceforensics\FaceSwap\896_128\000023.jpg,1,896,FaceSwap,FaceForensics++,0.9990442395210266,1
C:\Users\Rohith Syam\Documents\UTS SEMESTER 3\image processing\idea 2\data\processed\faceforensics\FaceSwap\896_128\000024.jpg,1,896,FaceSwap,FaceForensics++,0.9990390539169312,1
C:\Users\Rohith Syam\Documents\UTS SEMESTER 3\image processing\idea 2\data\processed\faceforensics\FaceSwap\896_128\000025.jpg,1,896,FaceSwap,FaceForensics++,0.9682895541191101,1
C:\Users\Rohith Syam\Documents\UTS SEMESTER 3\image processing\idea 2\data\processed\faceforensics\FaceSwap\896_128\000026.jpg,1,896,FaceSwap,FaceForensics++,0.7036120295524597,1
C:\Users\Rohith Syam\Documents\UTS SEMESTER 3\image processing\idea 2\data\processed\faceforensics\FaceSwap\896_128\000027.jpg,1,896,FaceSwap,FaceForensics++,0.997554361820221,1
C:\Users\Rohith Syam\Documents\UTS SEMESTER 3\image processing\idea 2\data\processed\faceforensics\FaceSwap\896_128\000028.jpg,1,896,FaceSwap,FaceForensics++,0.8652268648147583,1
C:\Users\Rohith Syam\Documents\UTS SEMESTER 3\image processing\idea 2\data\processed\faceforensics\FaceSwap\896_128\000029.jpg,1,896,FaceSwap,FaceForensics++,0.981997549533844,1
C:\Users\Rohith Syam\Documents\UTS SEMESTER 3\image processing\idea 2\data\processed\faceforensics\FaceSwap\980_992\000000.jpg,1,980,FaceSwap,FaceForensics++,0.8497644662857056,1
C:\Users\Rohith Syam\Documents\UTS SEMESTER 3\image processing\idea 2\data\processed\faceforensics\FaceSwap\980_992\000001.jpg,1,980,FaceSwap,FaceForensics++,0.973063051700592,1
C:\Users\Rohith Syam\Documents\UTS SEMESTER 3\image processing\idea 2\data\processed\faceforensics\FaceSwap\980_992\000002.jpg,1,980,FaceSwap,FaceForensics++,0.9867538809776306,1
C:\Users\Rohith Syam\Documents\UTS SEMESTER 3\image processing\idea 2\data\processed\faceforensics\FaceSwap\980_992\000003.jpg,1,980,FaceSwap,FaceForensics++,0.67612224817276,1
C:\Users\Rohith Syam\Documents\UTS SEMESTER 3\image processing\idea 2\data\processed\faceforensics\FaceSwap\980_992\000004.jpg,1,980,FaceSwap,FaceForensics++,0.9892940521240234,1
C:\Users\Rohith Syam\Documents\UTS SEMESTER 3\image processing\idea 2\data\processed\faceforensics\FaceSwap\980_992\000005.jpg,1,980,FaceSwap,FaceForensics++,0.9925491809844971,1
C:\Users\Rohith Syam\Documents\UTS SEMESTER 3\image processing\idea 2\data\processed\faceforensics\FaceSwap\980_992\000006.jpg,1,980,FaceSwap,FaceForensics++,0.9748147130012512,1
C:\Users\Rohith Syam\Documents\UTS SEMESTER 3\image processing\idea 2\data\processed\faceforensics\FaceSwap\980_992\000007.jpg,1,980,FaceSwap,FaceForensics++,0.6407548189163208,1
C:\Users\Rohith Syam\Documents\UTS SEMESTER 3\image processing\idea 2\data\processed\faceforensics\FaceSwap\980_992\000008.jpg,1,980,FaceSwap,FaceForensics++,0.7589177489280701,1
C:\Users\Rohith Syam\Documents\UTS SEMESTER 3\image processing\idea 2\data\processed\faceforensics\FaceSwap\980_992\000009.jpg,1,980,FaceSwap,FaceForensics++,0.9113526940345764,1
C:\Users\Rohith Syam\Documents\UTS SEMESTER 3\image processing\idea 2\data\processed\faceforensics\FaceSwap\980_992\000010.jpg,1,980,FaceSwap,FaceForensics++,0.9204924702644348,1
C:\Users\Rohith Syam\Documents\UTS SEMESTER 3\image processing\idea 2\data\processed\faceforensics\FaceSwap\980_992\000011.jpg,1,980,FaceSwap,FaceForensics++,0.960666835308075,1
C:\Users\Rohith Syam\Documents\UTS SEMESTER 3\image processing\idea 2\data\processed\faceforensics\FaceSwap\980_992\000012.jpg,1,980,FaceSwap,FaceForensics++,0.9948374629020691,1
C:\Users\Rohith Syam\Documents\UTS SEMESTER 3\image processing\idea 2\data\processed\faceforensics\FaceSwap\980_992\000013.jpg,1,980,FaceSwap,FaceForensics++,0.9762042164802551,1
C:\Users\Rohith Syam\Documents\UTS SEMESTER 3\image processing\idea 2\data\processed\faceforensics\FaceSwap\980_992\000014.jpg,1,980,FaceSwap,FaceForensics++,0.9829724431037903,1
C:\Users\Rohith Syam\Documents\UTS SEMESTER 3\image processing\idea 2\data\processed\faceforensics\FaceSwap\980_992\000015.jpg,1,980,FaceSwap,FaceForensics++,0.9937177896499634,1
C:\Users\Rohith Syam\Documents\UTS SEMESTER 3\image processing\idea 2\data\processed\faceforensics\FaceSwap\980_992\000016.jpg,1,980,FaceSwap,FaceForensics++,0.9891684055328369,1
C:\Users\Rohith Syam\Documents\UTS SEMESTER 3\image processing\idea 2\data\processed\faceforensics\FaceSwap\980_992\000017.jpg,1,980,FaceSwap,FaceForensics++,0.9890368580818176,1
C:\Users\Rohith Syam\Documents\UTS SEMESTER 3\image processing\idea 2\data\processed\faceforensics\FaceSwap\980_992\000018.jpg,1,980,FaceSwap,FaceForensics++,0.9866393208503723,1
C:\Users\Rohith Syam\Documents\UTS SEMESTER 3\image processing\idea 2\data\processed\faceforensics\FaceSwap\980_992\000019.jpg,1,980,FaceSwap,FaceForensics++,0.9861453771591187,1
C:\Users\Rohith Syam\Documents\UTS SEMESTER 3\image processing\idea 2\data\processed\faceforensics\FaceSwap\980_992\000020.jpg,1,980,FaceSwap,FaceForensics++,0.9937068819999695,1
C:\Users\Rohith Syam\Documents\UTS SEMESTER 3\image processing\idea 2\data\processed\faceforensics\FaceSwap\980_992\000021.jpg,1,980,FaceSwap,FaceForensics++,0.8719744682312012,1
C:\Users\Rohith Syam\Documents\UTS SEMESTER 3\image processing\idea 2\data\processed\faceforensics\FaceSwap\980_992\000022.jpg,1,980,FaceSwap,FaceForensics++,0.9908220767974854,1
C:\Users\Rohith Syam\Documents\UTS SEMESTER 3\image processing\idea 2\data\processed\faceforensics\FaceSwap\980_992\000023.jpg,1,980,FaceSwap,FaceForensics++,0.9929017424583435,1
C:\Users\Rohith Syam\Documents\UTS SEMESTER 3\image processing\idea 2\data\processed\faceforensics\FaceSwap\980_992\000024.jpg,1,980,FaceSwap,FaceForensics++,0.9989060163497925,1
C:\Users\Rohith Syam\Documents\UTS SEMESTER 3\image processing\idea 2\data\processed\faceforensics\FaceSwap\980_992\000025.jpg,1,980,FaceSwap,FaceForensics++,0.9970811009407043,1
C:\Users\Rohith Syam\Documents\UTS SEMESTER 3\image processing\idea 2\data\processed\faceforensics\FaceSwap\980_992\000026.jpg,1,980,FaceSwap,FaceForensics++,0.9423727989196777,1
C:\Users\Rohith Syam\Documents\UTS SEMESTER 3\image processing\idea 2\data\processed\faceforensics\FaceSwap\980_992\000027.jpg,1,980,FaceSwap,FaceForensics++,0.9658023715019226,1
C:\Users\Rohith Syam\Documents\UTS SEMESTER 3\image processing\idea 2\data\processed\faceforensics\FaceSwap\980_992\000028.jpg,1,980,FaceSwap,FaceForensics++,0.8604406714439392,1
C:\Users\Rohith Syam\Documents\UTS SEMESTER 3\image processing\idea 2\data\processed\faceforensics\FaceSwap\980_992\000029.jpg,1,980,FaceSwap,FaceForensics++,0.8389619588851929,1
C:\Users\Rohith Syam\Documents\UTS SEMESTER 3\image processing\idea 2\data\processed\faceforensics\NeuralTextures\035_036\000000.jpg,1,35,NeuralTextures,FaceForensics++,0.9994781613349915,1
C:\Users\Rohith Syam\Documents\UTS SEMESTER 3\image processing\idea 2\data\processed\faceforensics\NeuralTextures\035_036\000001.jpg,1,35,NeuralTextures,FaceForensics++,0.992363691329956,1
C:\Users\Rohith Syam\Documents\UTS SEMESTER 3\image processing\idea 2\data\processed\faceforensics\NeuralTextures\035_036\000002.jpg,1,35,NeuralTextures,FaceForensics++,0.9774625301361084,1
C:\Users\Rohith Syam\Documents\UTS SEMESTER 3\image processing\idea 2\data\processed\faceforensics\NeuralTextures\035_036\000003.jpg,1,35,NeuralTextures,FaceForensics++,0.9726125001907349,1
C:\Users\Rohith Syam\Documents\UTS SEMESTER 3\image processing\idea 2\data\processed\faceforensics\NeuralTextures\035_036\000004.jpg,1,35,NeuralTextures,FaceForensics++,0.9987406134605408,1
C:\Users\Rohith Syam\Documents\UTS SEMESTER 3\image processing\idea 2\data\processed\faceforensics\NeuralTextures\035_036\000005.jpg,1,35,NeuralTextures,FaceForensics++,0.9992794394493103,1
C:\Users\Rohith Syam\Documents\UTS SEMESTER 3\image processing\idea 2\data\processed\faceforensics\NeuralTextures\035_036\000006.jpg,1,35,NeuralTextures,FaceForensics++,0.9772536158561707,1
C:\Users\Rohith Syam\Documents\UTS SEMESTER 3\image processing\idea 2\data\processed\faceforensics\NeuralTextures\035_036\000007.jpg,1,35,NeuralTextures,FaceForensics++,0.9810670614242554,1
C:\Users\Rohith Syam\Documents\UTS SEMESTER 3\image processing\idea 2\data\processed\faceforensics\NeuralTextures\035_036\000008.jpg,1,35,NeuralTextures,FaceForensics++,0.9644283056259155,1
C:\Users\Rohith Syam\Documents\UTS SEMESTER 3\image processing\idea 2\data\processed\faceforensics\NeuralTextures\035_036\000009.jpg,1,35,NeuralTextures,FaceForensics++,0.9916325211524963,1
C:\Users\Rohith Syam\Documents\UTS SEMESTER 3\image processing\idea 2\data\processed\faceforensics\NeuralTextures\035_036\000010.jpg,1,35,NeuralTextures,FaceForensics++,0.9533745050430298,1
C:\Users\Rohith Syam\Documents\UTS SEMESTER 3\image processing\idea 2\data\processed\faceforensics\NeuralTextures\035_036\000011.jpg,1,35,NeuralTextures,FaceForensics++,0.9960334897041321,1
C:\Users\Rohith Syam\Documents\UTS SEMESTER 3\image processing\idea 2\data\processed\faceforensics\NeuralTextures\035_036\000012.jpg,1,35,NeuralTextures,FaceForensics++,0.9931362867355347,1
C:\Users\Rohith Syam\Documents\UTS SEMESTER 3\image processing\idea 2\data\processed\faceforensics\NeuralTextures\035_036\000013.jpg,1,35,NeuralTextures,FaceForensics++,0.9457671046257019,1
C:\Users\Rohith Syam\Documents\UTS SEMESTER 3\image processing\idea 2\data\processed\faceforensics\NeuralTextures\035_036\000014.jpg,1,35,NeuralTextures,FaceForensics++,0.9881366491317749,1
C:\Users\Rohith Syam\Documents\UTS SEMESTER 3\image processing\idea 2\data\processed\faceforensics\NeuralTextures\035_036\000015.jpg,1,35,NeuralTextures,FaceForensics++,0.9956532716751099,1
C:\Users\Rohith Syam\Documents\UTS SEMESTER 3\image processing\idea 2\data\processed\faceforensics\NeuralTextures\035_036\000016.jpg,1,35,NeuralTextures,FaceForensics++,0.9971218705177307,1
C:\Users\Rohith Syam\Documents\UTS SEMESTER 3\image processing\idea 2\data\processed\faceforensics\NeuralTextures\035_036\000017.jpg,1,35,NeuralTextures,FaceForensics++,0.9944162368774414,1
C:\Users\Rohith Syam\Documents\UTS SEMESTER 3\image processing\idea 2\data\processed\faceforensics\NeuralTextures\035_036\000018.jpg,1,35,NeuralTextures,FaceForensics++,0.9947783946990967,1
C:\Users\Rohith Syam\Documents\UTS SEMESTER 3\image processing\idea 2\data\processed\faceforensics\NeuralTextures\035_036\000019.jpg,1,35,NeuralTextures,FaceForensics++,0.9961353540420532,1
C:\Users\Rohith Syam\Documents\UTS SEMESTER 3\image processing\idea 2\data\processed\faceforensics\NeuralTextures\035_036\000020.jpg,1,35,NeuralTextures,FaceForensics++,0.9986819624900818,1
C:\Users\Rohith Syam\Documents\UTS SEMESTER 3\image processing\idea 2\data\processed\faceforensics\NeuralTextures\035_036\000021.jpg,1,35,NeuralTextures,FaceForensics++,0.978206992149353,1
C:\Users\Rohith Syam\Documents\UTS SEMESTER 3\image processing\idea 2\data\processed\faceforensics\NeuralTextures\035_036\000022.jpg,1,35,NeuralTextures,FaceForensics++,0.9956015348434448,1
C:\Users\Rohith Syam\Documents\UTS SEMESTER 3\image processing\idea 2\data\processed\faceforensics\NeuralTextures\035_036\000023.jpg,1,35,NeuralTextures,FaceForensics++,0.9843813180923462,1
C:\Users\Rohith Syam\Documents\UTS SEMESTER 3\image processing\idea 2\data\processed\faceforensics\NeuralTextures\035_036\000024.jpg,1,35,NeuralTextures,FaceForensics++,0.9964796900749207,1
C:\Users\Rohith Syam\Documents\UTS SEMESTER 3\image processing\idea 2\data\processed\faceforensics\NeuralTextures\035_036\000025.jpg,1,35,NeuralTextures,FaceForensics++,0.9932346940040588,1
C:\Users\Rohith Syam\Documents\UTS SEMESTER 3\image processing\idea 2\data\processed\faceforensics\NeuralTextures\035_036\000026.jpg,1,35,NeuralTextures,FaceForensics++,0.9837456941604614,1
C:\Users\Rohith Syam\Documents\UTS SEMESTER 3\image processing\idea 2\data\processed\faceforensics\NeuralTextures\035_036\000027.jpg,1,35,NeuralTextures,FaceForensics++,0.9947250485420227,1
C:\Users\Rohith Syam\Documents\UTS SEMESTER 3\image processing\idea 2\data\processed\faceforensics\NeuralTextures\035_036\000028.jpg,1,35,NeuralTextures,FaceForensics++,0.9950462579727173,1
C:\Users\Rohith Syam\Documents\UTS SEMESTER 3\image processing\idea 2\data\processed\faceforensics\NeuralTextures\035_036\000029.jpg,1,35,NeuralTextures,FaceForensics++,0.9814445972442627,1
C:\Users\Rohith Syam\Documents\UTS SEMESTER 3\image processing\idea 2\data\processed\faceforensics\NeuralTextures\222_168\000000.jpg,1,222,NeuralTextures,FaceForensics++,0.10423928499221802,0
C:\Users\Rohith Syam\Documents\UTS SEMESTER 3\image processing\idea 2\data\processed\faceforensics\NeuralTextures\222_168\000001.jpg,1,222,NeuralTextures,FaceForensics++,0.06409621983766556,0
C:\Users\Rohith Syam\Documents\UTS SEMESTER 3\image processing\idea 2\data\processed\faceforensics\NeuralTextures\222_168\000002.jpg,1,222,NeuralTextures,FaceForensics++,0.21614156663417816,0
C:\Users\Rohith Syam\Documents\UTS SEMESTER 3\image processing\idea 2\data\processed\faceforensics\NeuralTextures\222_168\000003.jpg,1,222,NeuralTextures,FaceForensics++,0.0518595315515995,0
C:\Users\Rohith Syam\Documents\UTS SEMESTER 3\image processing\idea 2\data\processed\faceforensics\NeuralTextures\222_168\000004.jpg,1,222,NeuralTextures,FaceForensics++,0.17274285852909088,0
C:\Users\Rohith Syam\Documents\UTS SEMESTER 3\image processing\idea 2\data\processed\faceforensics\NeuralTextures\222_168\000005.jpg,1,222,NeuralTextures,FaceForensics++,0.962681233882904,1
C:\Users\Rohith Syam\Documents\UTS SEMESTER 3\image processing\idea 2\data\processed\faceforensics\NeuralTextures\222_168\000006.jpg,1,222,NeuralTextures,FaceForensics++,0.8396012187004089,1
C:\Users\Rohith Syam\Documents\UTS SEMESTER 3\image processing\idea 2\data\processed\faceforensics\NeuralTextures\222_168\000007.jpg,1,222,NeuralTextures,FaceForensics++,0.7943750619888306,1
C:\Users\Rohith Syam\Documents\UTS SEMESTER 3\image processing\idea 2\data\processed\faceforensics\NeuralTextures\222_168\000008.jpg,1,222,NeuralTextures,FaceForensics++,0.46279177069664,0
C:\Users\Rohith Syam\Documents\UTS SEMESTER 3\image processing\idea 2\data\processed\faceforensics\NeuralTextures\222_168\000009.jpg,1,222,NeuralTextures,FaceForensics++,0.6257650852203369,1
C:\Users\Rohith Syam\Documents\UTS SEMESTER 3\image processing\idea 2\data\processed\faceforensics\NeuralTextures\222_168\000010.jpg,1,222,NeuralTextures,FaceForensics++,0.39358311891555786,0
C:\Users\Rohith Syam\Documents\UTS SEMESTER 3\image processing\idea 2\data\processed\faceforensics\NeuralTextures\222_168\000011.jpg,1,222,NeuralTextures,FaceForensics++,0.30754661560058594,0
C:\Users\Rohith Syam\Documents\UTS SEMESTER 3\image processing\idea 2\data\processed\faceforensics\NeuralTextures\222_168\000012.jpg,1,222,NeuralTextures,FaceForensics++,0.2371731698513031,0
C:\Users\Rohith Syam\Documents\UTS SEMESTER 3\image processing\idea 2\data\processed\faceforensics\NeuralTextures\222_168\000013.jpg,1,222,NeuralTextures,FaceForensics++,0.4323876202106476,0
C:\Users\Rohith Syam\Documents\UTS SEMESTER 3\image processing\idea 2\data\processed\faceforensics\NeuralTextures\222_168\000014.jpg,1,222,NeuralTextures,FaceForensics++,0.5428992509841919,1
C:\Users\Rohith Syam\Documents\UTS SEMESTER 3\image processing\idea 2\data\processed\faceforensics\NeuralTextures\222_168\000015.jpg,1,222,NeuralTextures,FaceForensics++,0.15583769977092743,0
C:\Users\Rohith Syam\Documents\UTS SEMESTER 3\image processing\idea 2\data\processed\faceforensics\NeuralTextures\222_168\000016.jpg,1,222,NeuralTextures,FaceForensics++,0.8131768703460693,1
C:\Users\Rohith Syam\Documents\UTS SEMESTER 3\image processing\idea 2\data\processed\faceforensics\NeuralTextures\222_168\000017.jpg,1,222,NeuralTextures,FaceForensics++,0.9104850888252258,1
C:\Users\Rohith Syam\Documents\UTS SEMESTER 3\image processing\idea 2\data\processed\faceforensics\NeuralTextures\222_168\000018.jpg,1,222,NeuralTextures,FaceForensics++,0.7402790188789368,1
C:\Users\Rohith Syam\Documents\UTS SEMESTER 3\image processing\idea 2\data\processed\faceforensics\NeuralTextures\222_168\000019.jpg,1,222,NeuralTextures,FaceForensics++,0.8060609698295593,1
C:\Users\Rohith Syam\Documents\UTS SEMESTER 3\image processing\idea 2\data\processed\faceforensics\NeuralTextures\222_168\000020.jpg,1,222,NeuralTextures,FaceForensics++,0.9440299868583679,1
C:\Users\Rohith Syam\Documents\UTS SEMESTER 3\image processing\idea 2\data\processed\faceforensics\NeuralTextures\222_168\000021.jpg,1,222,NeuralTextures,FaceForensics++,0.5662979483604431,1
C:\Users\Rohith Syam\Documents\UTS SEMESTER 3\image processing\idea 2\data\processed\faceforensics\NeuralTextures\222_168\000022.jpg,1,222,NeuralTextures,FaceForensics++,0.7734740972518921,1
C:\Users\Rohith Syam\Documents\UTS SEMESTER 3\image processing\idea 2\data\processed\faceforensics\NeuralTextures\222_168\000023.jpg,1,222,NeuralTextures,FaceForensics++,0.17939172685146332,0
C:\Users\Rohith Syam\Documents\UTS SEMESTER 3\image processing\idea 2\data\processed\faceforensics\NeuralTextures\222_168\000024.jpg,1,222,NeuralTextures,FaceForensics++,0.8673537373542786,1
C:\Users\Rohith Syam\Documents\UTS SEMESTER 3\image processing\idea 2\data\processed\faceforensics\NeuralTextures\222_168\000025.jpg,1,222,NeuralTextures,FaceForensics++,0.5311883091926575,1
C:\Users\Rohith Syam\Documents\UTS SEMESTER 3\image processing\idea 2\data\processed\faceforensics\NeuralTextures\222_168\000026.jpg,1,222,NeuralTextures,FaceForensics++,0.8100541234016418,1
C:\Users\Rohith Syam\Documents\UTS SEMESTER 3\image processing\idea 2\data\processed\faceforensics\NeuralTextures\222_168\000027.jpg,1,222,NeuralTextures,FaceForensics++,0.06809794902801514,0
C:\Users\Rohith Syam\Documents\UTS SEMESTER 3\image processing\idea 2\data\processed\faceforensics\NeuralTextures\222_168\000028.jpg,1,222,NeuralTextures,FaceForensics++,0.09053462743759155,0
C:\Users\Rohith Syam\Documents\UTS SEMESTER 3\image processing\idea 2\data\processed\faceforensics\NeuralTextures\222_168\000029.jpg,1,222,NeuralTextures,FaceForensics++,0.030276617035269737,0
C:\Users\Rohith Syam\Documents\UTS SEMESTER 3\image processing\idea 2\data\processed\faceforensics\NeuralTextures\253_183\000000.jpg,1,253,NeuralTextures,FaceForensics++,0.315501868724823,0
C:\Users\Rohith Syam\Documents\UTS SEMESTER 3\image processing\idea 2\data\processed\faceforensics\NeuralTextures\253_183\000001.jpg,1,253,NeuralTextures,FaceForensics++,0.39092981815338135,0
C:\Users\Rohith Syam\Documents\UTS SEMESTER 3\image processing\idea 2\data\processed\faceforensics\NeuralTextures\253_183\000002.jpg,1,253,NeuralTextures,FaceForensics++,0.09245705604553223,0
C:\Users\Rohith Syam\Documents\UTS SEMESTER 3\image processing\idea 2\data\processed\faceforensics\NeuralTextures\253_183\000003.jpg,1,253,NeuralTextures,FaceForensics++,0.09499052911996841,0
C:\Users\Rohith Syam\Documents\UTS SEMESTER 3\image processing\idea 2\data\processed\faceforensics\NeuralTextures\253_183\000004.jpg,1,253,NeuralTextures,FaceForensics++,0.04893753305077553,0
C:\Users\Rohith Syam\Documents\UTS SEMESTER 3\image processing\idea 2\data\processed\faceforensics\NeuralTextures\253_183\000005.jpg,1,253,NeuralTextures,FaceForensics++,0.03005845658481121,0
C:\Users\Rohith Syam\Documents\UTS SEMESTER 3\image processing\idea 2\data\processed\faceforensics\NeuralTextures\253_183\000006.jpg,1,253,NeuralTextures,FaceForensics++,0.23077112436294556,0
C:\Users\Rohith Syam\Documents\UTS SEMESTER 3\image processing\idea 2\data\processed\faceforensics\NeuralTextures\253_183\000007.jpg,1,253,NeuralTextures,FaceForensics++,0.03948891907930374,0
C:\Users\Rohith Syam\Documents\UTS SEMESTER 3\image processing\idea 2\data\processed\faceforensics\NeuralTextures\253_183\000008.jpg,1,253,NeuralTextures,FaceForensics++,0.06260960549116135,0
C:\Users\Rohith Syam\Documents\UTS SEMESTER 3\image processing\idea 2\data\processed\faceforensics\NeuralTextures\253_183\000009.jpg,1,253,NeuralTextures,FaceForensics++,0.14387932419776917,0
C:\Users\Rohith Syam\Documents\UTS SEMESTER 3\image processing\idea 2\data\processed\faceforensics\NeuralTextures\253_183\000010.jpg,1,253,NeuralTextures,FaceForensics++,0.37148144841194153,0
C:\Users\Rohith Syam\Documents\UTS SEMESTER 3\image processing\idea 2\data\processed\faceforensics\NeuralTextures\253_183\000011.jpg,1,253,NeuralTextures,FaceForensics++,0.06210450828075409,0
C:\Users\Rohith Syam\Documents\UTS SEMESTER 3\image processing\idea 2\data\processed\faceforensics\NeuralTextures\253_183\000012.jpg,1,253,NeuralTextures,FaceForensics++,0.13893698155879974,0
C:\Users\Rohith Syam\Documents\UTS SEMESTER 3\image processing\idea 2\data\processed\faceforensics\NeuralTextures\253_183\000013.jpg,1,253,NeuralTextures,FaceForensics++,0.6438981890678406,1
C:\Users\Rohith Syam\Documents\UTS SEMESTER 3\image processing\idea 2\data\processed\faceforensics\NeuralTextures\253_183\000014.jpg,1,253,NeuralTextures,FaceForensics++,0.25893551111221313,0
C:\Users\Rohith Syam\Documents\UTS SEMESTER 3\image processing\idea 2\data\processed\faceforensics\NeuralTextures\253_183\000015.jpg,1,253,NeuralTextures,FaceForensics++,0.17189866304397583,0
C:\Users\Rohith Syam\Documents\UTS SEMESTER 3\image processing\idea 2\data\processed\faceforensics\NeuralTextures\253_183\000016.jpg,1,253,NeuralTextures,FaceForensics++,0.21959742903709412,0
C:\Users\Rohith Syam\Documents\UTS SEMESTER 3\image processing\idea 2\data\processed\faceforensics\NeuralTextures\253_183\000017.jpg,1,253,NeuralTextures,FaceForensics++,0.065948985517025,0
C:\Users\Rohith Syam\Documents\UTS SEMESTER 3\image processing\idea 2\data\processed\faceforensics\NeuralTextures\253_183\000018.jpg,1,253,NeuralTextures,FaceForensics++,0.08271095156669617,0
C:\Users\Rohith Syam\Documents\UTS SEMESTER 3\image processing\idea 2\data\processed\faceforensics\NeuralTextures\253_183\000019.jpg,1,253,NeuralTextures,FaceForensics++,0.2911853790283203,0
C:\Users\Rohith Syam\Documents\UTS SEMESTER 3\image processing\idea 2\data\processed\faceforensics\NeuralTextures\253_183\000020.jpg,1,253,NeuralTextures,FaceForensics++,0.07313508540391922,0
C:\Users\Rohith Syam\Documents\UTS SEMESTER 3\image processing\idea 2\data\processed\faceforensics\NeuralTextures\253_183\000021.jpg,1,253,NeuralTextures,FaceForensics++,0.12208095192909241,0
C:\Users\Rohith Syam\Documents\UTS SEMESTER 3\image processing\idea 2\data\processed\faceforensics\NeuralTextures\253_183\000022.jpg,1,253,NeuralTextures,FaceForensics++,0.13405102491378784,0
C:\Users\Rohith Syam\Documents\UTS SEMESTER 3\image processing\idea 2\data\processed\faceforensics\NeuralTextures\253_183\000023.jpg,1,253,NeuralTextures,FaceForensics++,0.040457673370838165,0
C:\Users\Rohith Syam\Documents\UTS SEMESTER 3\image processing\idea 2\data\processed\faceforensics\NeuralTextures\253_183\000024.jpg,1,253,NeuralTextures,FaceForensics++,0.06487652659416199,0
C:\Users\Rohith Syam\Documents\UTS SEMESTER 3\image processing\idea 2\data\processed\faceforensics\NeuralTextures\253_183\000025.jpg,1,253,NeuralTextures,FaceForensics++,0.21419933438301086,0
C:\Users\Rohith Syam\Documents\UTS SEMESTER 3\image processing\idea 2\data\processed\faceforensics\NeuralTextures\253_183\000026.jpg,1,253,NeuralTextures,FaceForensics++,0.253871351480484,0
C:\Users\Rohith Syam\Documents\UTS SEMESTER 3\image processing\idea 2\data\processed\faceforensics\NeuralTextures\253_183\000027.jpg,1,253,NeuralTextures,FaceForensics++,0.16939514875411987,0
C:\Users\Rohith Syam\Documents\UTS SEMESTER 3\image processing\idea 2\data\processed\faceforensics\NeuralTextures\253_183\000028.jpg,1,253,NeuralTextures,FaceForensics++,0.10692473500967026,0
C:\Users\Rohith Syam\Documents\UTS SEMESTER 3\image processing\idea 2\data\processed\faceforensics\NeuralTextures\253_183\000029.jpg,1,253,NeuralTextures,FaceForensics++,0.9080111384391785,1
C:\Users\Rohith Syam\Documents\UTS SEMESTER 3\image processing\idea 2\data\processed\faceforensics\NeuralTextures\263_284\000000.jpg,1,263,NeuralTextures,FaceForensics++,0.7660535573959351,1
C:\Users\Rohith Syam\Documents\UTS SEMESTER 3\image processing\idea 2\data\processed\faceforensics\NeuralTextures\263_284\000001.jpg,1,263,NeuralTextures,FaceForensics++,0.952587366104126,1
C:\Users\Rohith Syam\Documents\UTS SEMESTER 3\image processing\idea 2\data\processed\faceforensics\NeuralTextures\263_284\000002.jpg,1,263,NeuralTextures,FaceForensics++,0.9271231293678284,1
C:\Users\Rohith Syam\Documents\UTS SEMESTER 3\image processing\idea 2\data\processed\faceforensics\NeuralTextures\263_284\000003.jpg,1,263,NeuralTextures,FaceForensics++,0.3426038324832916,0
C:\Users\Rohith Syam\Documents\UTS SEMESTER 3\image processing\idea 2\data\processed\faceforensics\NeuralTextures\263_284\000004.jpg,1,263,NeuralTextures,FaceForensics++,0.19453167915344238,0
C:\Users\Rohith Syam\Documents\UTS SEMESTER 3\image processing\idea 2\data\processed\faceforensics\NeuralTextures\263_284\000005.jpg,1,263,NeuralTextures,FaceForensics++,0.40133804082870483,0
C:\Users\Rohith Syam\Documents\UTS SEMESTER 3\image processing\idea 2\data\processed\faceforensics\NeuralTextures\263_284\000006.jpg,1,263,NeuralTextures,FaceForensics++,0.4866369664669037,0
C:\Users\Rohith Syam\Documents\UTS SEMESTER 3\image processing\idea 2\data\processed\faceforensics\NeuralTextures\263_284\000007.jpg,1,263,NeuralTextures,FaceForensics++,0.6101343631744385,1
C:\Users\Rohith Syam\Documents\UTS SEMESTER 3\image processing\idea 2\data\processed\faceforensics\NeuralTextures\263_284\000008.jpg,1,263,NeuralTextures,FaceForensics++,0.18887951970100403,0
C:\Users\Rohith Syam\Documents\UTS SEMESTER 3\image processing\idea 2\data\processed\faceforensics\NeuralTextures\263_284\000009.jpg,1,263,NeuralTextures,FaceForensics++,0.07961735129356384,0
C:\Users\Rohith Syam\Documents\UTS SEMESTER 3\image processing\idea 2\data\processed\faceforensics\NeuralTextures\263_284\000010.jpg,1,263,NeuralTextures,FaceForensics++,0.8021067976951599,1
C:\Users\Rohith Syam\Documents\UTS SEMESTER 3\image processing\idea 2\data\processed\faceforensics\NeuralTextures\263_284\000011.jpg,1,263,NeuralTextures,FaceForensics++,0.35081785917282104,0
C:\Users\Rohith Syam\Documents\UTS SEMESTER 3\image processing\idea 2\data\processed\faceforensics\NeuralTextures\263_284\000012.jpg,1,263,NeuralTextures,FaceForensics++,0.31664252281188965,0
C:\Users\Rohith Syam\Documents\UTS SEMESTER 3\image processing\idea 2\data\processed\faceforensics\NeuralTextures\263_284\000013.jpg,1,263,NeuralTextures,FaceForensics++,0.1617947220802307,0
C:\Users\Rohith Syam\Documents\UTS SEMESTER 3\image processing\idea 2\data\processed\faceforensics\NeuralTextures\263_284\000014.jpg,1,263,NeuralTextures,FaceForensics++,0.10406257957220078,0
C:\Users\Rohith Syam\Documents\UTS SEMESTER 3\image processing\idea 2\data\processed\faceforensics\NeuralTextures\263_284\000015.jpg,1,263,NeuralTextures,FaceForensics++,0.24053317308425903,0
C:\Users\Rohith Syam\Documents\UTS SEMESTER 3\image processing\idea 2\data\processed\faceforensics\NeuralTextures\263_284\000016.jpg,1,263,NeuralTextures,FaceForensics++,0.29340794682502747,0
C:\Users\Rohith Syam\Documents\UTS SEMESTER 3\image processing\idea 2\data\processed\faceforensics\NeuralTextures\263_284\000017.jpg,1,263,NeuralTextures,FaceForensics++,0.8176723718643188,1
C:\Users\Rohith Syam\Documents\UTS SEMESTER 3\image processing\idea 2\data\processed\faceforensics\NeuralTextures\263_284\000018.jpg,1,263,NeuralTextures,FaceForensics++,0.2887984812259674,0
C:\Users\Rohith Syam\Documents\UTS SEMESTER 3\image processing\idea 2\data\processed\faceforensics\NeuralTextures\263_284\000019.jpg,1,263,NeuralTextures,FaceForensics++,0.3165486454963684,0
C:\Users\Rohith Syam\Documents\UTS SEMESTER 3\image processing\idea 2\data\processed\faceforensics\NeuralTextures\263_284\000020.jpg,1,263,NeuralTextures,FaceForensics++,0.5909242630004883,1
C:\Users\Rohith Syam\Documents\UTS SEMESTER 3\image processing\idea 2\data\processed\faceforensics\NeuralTextures\263_284\000021.jpg,1,263,NeuralTextures,FaceForensics++,0.13211345672607422,0
C:\Users\Rohith Syam\Documents\UTS SEMESTER 3\image processing\idea 2\data\processed\faceforensics\NeuralTextures\263_284\000022.jpg,1,263,NeuralTextures,FaceForensics++,0.35411012172698975,0
C:\Users\Rohith Syam\Documents\UTS SEMESTER 3\image processing\idea 2\data\processed\faceforensics\NeuralTextures\263_284\000023.jpg,1,263,NeuralTextures,FaceForensics++,0.9776840209960938,1
C:\Users\Rohith Syam\Documents\UTS SEMESTER 3\image processing\idea 2\data\processed\faceforensics\NeuralTextures\263_284\000024.jpg,1,263,NeuralTextures,FaceForensics++,0.8913900852203369,1
C:\Users\Rohith Syam\Documents\UTS SEMESTER 3\image processing\idea 2\data\processed\faceforensics\NeuralTextures\263_284\000025.jpg,1,263,NeuralTextures,FaceForensics++,0.9146105647087097,1
C:\Users\Rohith Syam\Documents\UTS SEMESTER 3\image processing\idea 2\data\processed\faceforensics\NeuralTextures\263_284\000026.jpg,1,263,NeuralTextures,FaceForensics++,0.9955410361289978,1
C:\Users\Rohith Syam\Documents\UTS SEMESTER 3\image processing\idea 2\data\processed\faceforensics\NeuralTextures\263_284\000027.jpg,1,263,NeuralTextures,FaceForensics++,0.9960108995437622,1
C:\Users\Rohith Syam\Documents\UTS SEMESTER 3\image processing\idea 2\data\processed\faceforensics\NeuralTextures\263_284\000028.jpg,1,263,NeuralTextures,FaceForensics++,0.9838687777519226,1
C:\Users\Rohith Syam\Documents\UTS SEMESTER 3\image processing\idea 2\data\processed\faceforensics\NeuralTextures\263_284\000029.jpg,1,263,NeuralTextures,FaceForensics++,0.1565788835287094,0
C:\Users\Rohith Syam\Documents\UTS SEMESTER 3\image processing\idea 2\data\processed\faceforensics\NeuralTextures\288_321\000000.jpg,1,288,NeuralTextures,FaceForensics++,0.9998019337654114,1
C:\Users\Rohith Syam\Documents\UTS SEMESTER 3\image processing\idea 2\data\processed\faceforensics\NeuralTextures\288_321\000001.jpg,1,288,NeuralTextures,FaceForensics++,0.9996542930603027,1
C:\Users\Rohith Syam\Documents\UTS SEMESTER 3\image processing\idea 2\data\processed\faceforensics\NeuralTextures\288_321\000002.jpg,1,288,NeuralTextures,FaceForensics++,0.9999707937240601,1
C:\Users\Rohith Syam\Documents\UTS SEMESTER 3\image processing\idea 2\data\processed\faceforensics\NeuralTextures\288_321\000003.jpg,1,288,NeuralTextures,FaceForensics++,0.9998177886009216,1
C:\Users\Rohith Syam\Documents\UTS SEMESTER 3\image processing\idea 2\data\processed\faceforensics\NeuralTextures\288_321\000004.jpg,1,288,NeuralTextures,FaceForensics++,0.9996753931045532,1
C:\Users\Rohith Syam\Documents\UTS SEMESTER 3\image processing\idea 2\data\processed\faceforensics\NeuralTextures\288_321\000005.jpg,1,288,NeuralTextures,FaceForensics++,0.9999144077301025,1
C:\Users\Rohith Syam\Documents\UTS SEMESTER 3\image processing\idea 2\data\processed\faceforensics\NeuralTextures\288_321\000006.jpg,1,288,NeuralTextures,FaceForensics++,0.9986257553100586,1
C:\Users\Rohith Syam\Documents\UTS SEMESTER 3\image processing\idea 2\data\processed\faceforensics\NeuralTextures\288_321\000007.jpg,1,288,NeuralTextures,FaceForensics++,0.9991052746772766,1
C:\Users\Rohith Syam\Documents\UTS SEMESTER 3\image processing\idea 2\data\processed\faceforensics\NeuralTextures\288_321\000008.jpg,1,288,NeuralTextures,FaceForensics++,0.9992080330848694,1
C:\Users\Rohith Syam\Documents\UTS SEMESTER 3\image processing\idea 2\data\processed\faceforensics\NeuralTextures\288_321\000009.jpg,1,288,NeuralTextures,FaceForensics++,0.995543897151947,1
C:\Users\Rohith Syam\Documents\UTS SEMESTER 3\image processing\idea 2\data\processed\faceforensics\NeuralTextures\288_321\000010.jpg,1,288,NeuralTextures,FaceForensics++,0.9985042810440063,1
C:\Users\Rohith Syam\Documents\UTS SEMESTER 3\image processing\idea 2\data\processed\faceforensics\NeuralTextures\288_321\000011.jpg,1,288,NeuralTextures,FaceForensics++,0.9992789626121521,1
C:\Users\Rohith Syam\Documents\UTS SEMESTER 3\image processing\idea 2\data\processed\faceforensics\NeuralTextures\288_321\000012.jpg,1,288,NeuralTextures,FaceForensics++,0.9994024038314819,1
C:\Users\Rohith Syam\Documents\UTS SEMESTER 3\image processing\idea 2\data\processed\faceforensics\NeuralTextures\288_321\000013.jpg,1,288,NeuralTextures,FaceForensics++,0.9998395442962646,1
C:\Users\Rohith Syam\Documents\UTS SEMESTER 3\image processing\idea 2\data\processed\faceforensics\NeuralTextures\288_321\000014.jpg,1,288,NeuralTextures,FaceForensics++,0.9998440742492676,1
C:\Users\Rohith Syam\Documents\UTS SEMESTER 3\image processing\idea 2\data\processed\faceforensics\NeuralTextures\288_321\000015.jpg,1,288,NeuralTextures,FaceForensics++,0.9999172687530518,1
C:\Users\Rohith Syam\Documents\UTS SEMESTER 3\image processing\idea 2\data\processed\faceforensics\NeuralTextures\288_321\000016.jpg,1,288,NeuralTextures,FaceForensics++,0.9964051246643066,1
C:\Users\Rohith Syam\Documents\UTS SEMESTER 3\image processing\idea 2\data\processed\faceforensics\NeuralTextures\288_321\000017.jpg,1,288,NeuralTextures,FaceForensics++,0.9992074370384216,1
C:\Users\Rohith Syam\Documents\UTS SEMESTER 3\image processing\idea 2\data\processed\faceforensics\NeuralTextures\288_321\000018.jpg,1,288,NeuralTextures,FaceForensics++,0.9998643398284912,1
C:\Users\Rohith Syam\Documents\UTS SEMESTER 3\image processing\idea 2\data\processed\faceforensics\NeuralTextures\288_321\000019.jpg,1,288,NeuralTextures,FaceForensics++,0.9996236562728882,1
C:\Users\Rohith Syam\Documents\UTS SEMESTER 3\image processing\idea 2\data\processed\faceforensics\NeuralTextures\288_321\000020.jpg,1,288,NeuralTextures,FaceForensics++,0.9994162321090698,1
C:\Users\Rohith Syam\Documents\UTS SEMESTER 3\image processing\idea 2\data\processed\faceforensics\NeuralTextures\288_321\000021.jpg,1,288,NeuralTextures,FaceForensics++,0.998957633972168,1
C:\Users\Rohith Syam\Documents\UTS SEMESTER 3\image processing\idea 2\data\processed\faceforensics\NeuralTextures\288_321\000022.jpg,1,288,NeuralTextures,FaceForensics++,0.9984263181686401,1
C:\Users\Rohith Syam\Documents\UTS SEMESTER 3\image processing\idea 2\data\processed\faceforensics\NeuralTextures\288_321\000023.jpg,1,288,NeuralTextures,FaceForensics++,0.9984958171844482,1
C:\Users\Rohith Syam\Documents\UTS SEMESTER 3\image processing\idea 2\data\processed\faceforensics\NeuralTextures\288_321\000024.jpg,1,288,NeuralTextures,FaceForensics++,0.9642287492752075,1
C:\Users\Rohith Syam\Documents\UTS SEMESTER 3\image processing\idea 2\data\processed\faceforensics\NeuralTextures\288_321\000025.jpg,1,288,NeuralTextures,FaceForensics++,0.9341201186180115,1
C:\Users\Rohith Syam\Documents\UTS SEMESTER 3\image processing\idea 2\data\processed\faceforensics\NeuralTextures\288_321\000026.jpg,1,288,NeuralTextures,FaceForensics++,0.9987069368362427,1
C:\Users\Rohith Syam\Documents\UTS SEMESTER 3\image processing\idea 2\data\processed\faceforensics\NeuralTextures\288_321\000027.jpg,1,288,NeuralTextures,FaceForensics++,0.9998666048049927,1
C:\Users\Rohith Syam\Documents\UTS SEMESTER 3\image processing\idea 2\data\processed\faceforensics\NeuralTextures\288_321\000028.jpg,1,288,NeuralTextures,FaceForensics++,0.9984971284866333,1
C:\Users\Rohith Syam\Documents\UTS SEMESTER 3\image processing\idea 2\data\processed\faceforensics\NeuralTextures\288_321\000029.jpg,1,288,NeuralTextures,FaceForensics++,0.3938182294368744,0
C:\Users\Rohith Syam\Documents\UTS SEMESTER 3\image processing\idea 2\data\processed\faceforensics\NeuralTextures\339_392\000000.jpg,1,339,NeuralTextures,FaceForensics++,0.40195849537849426,0
C:\Users\Rohith Syam\Documents\UTS SEMESTER 3\image processing\idea 2\data\processed\faceforensics\NeuralTextures\339_392\000001.jpg,1,339,NeuralTextures,FaceForensics++,0.4675362706184387,0
C:\Users\Rohith Syam\Documents\UTS SEMESTER 3\image processing\idea 2\data\processed\faceforensics\NeuralTextures\339_392\000002.jpg,1,339,NeuralTextures,FaceForensics++,0.5322971940040588,1
C:\Users\Rohith Syam\Documents\UTS SEMESTER 3\image processing\idea 2\data\processed\faceforensics\NeuralTextures\339_392\000003.jpg,1,339,NeuralTextures,FaceForensics++,0.48647740483283997,0
C:\Users\Rohith Syam\Documents\UTS SEMESTER 3\image processing\idea 2\data\processed\faceforensics\NeuralTextures\339_392\000004.jpg,1,339,NeuralTextures,FaceForensics++,0.03881822153925896,0
C:\Users\Rohith Syam\Documents\UTS SEMESTER 3\image processing\idea 2\data\processed\faceforensics\NeuralTextures\339_392\000005.jpg,1,339,NeuralTextures,FaceForensics++,0.841411292552948,1
C:\Users\Rohith Syam\Documents\UTS SEMESTER 3\image processing\idea 2\data\processed\faceforensics\NeuralTextures\339_392\000006.jpg,1,339,NeuralTextures,FaceForensics++,0.7400467991828918,1
C:\Users\Rohith Syam\Documents\UTS SEMESTER 3\image processing\idea 2\data\processed\faceforensics\NeuralTextures\339_392\000007.jpg,1,339,NeuralTextures,FaceForensics++,0.8742453455924988,1
C:\Users\Rohith Syam\Documents\UTS SEMESTER 3\image processing\idea 2\data\processed\faceforensics\NeuralTextures\339_392\000008.jpg,1,339,NeuralTextures,FaceForensics++,0.7343708276748657,1
C:\Users\Rohith Syam\Documents\UTS SEMESTER 3\image processing\idea 2\data\processed\faceforensics\NeuralTextures\339_392\000009.jpg,1,339,NeuralTextures,FaceForensics++,0.4572236239910126,0
C:\Users\Rohith Syam\Documents\UTS SEMESTER 3\image processing\idea 2\data\processed\faceforensics\NeuralTextures\339_392\000010.jpg,1,339,NeuralTextures,FaceForensics++,0.6090944409370422,1
C:\Users\Rohith Syam\Documents\UTS SEMESTER 3\image processing\idea 2\data\processed\faceforensics\NeuralTextures\339_392\000011.jpg,1,339,NeuralTextures,FaceForensics++,0.1495305597782135,0
C:\Users\Rohith Syam\Documents\UTS SEMESTER 3\image processing\idea 2\data\processed\faceforensics\NeuralTextures\339_392\000012.jpg,1,339,NeuralTextures,FaceForensics++,0.7099408507347107,1
C:\Users\Rohith Syam\Documents\UTS SEMESTER 3\image processing\idea 2\data\processed\faceforensics\NeuralTextures\339_392\000013.jpg,1,339,NeuralTextures,FaceForensics++,0.14709590375423431,0
C:\Users\Rohith Syam\Documents\UTS SEMESTER 3\image processing\idea 2\data\processed\faceforensics\NeuralTextures\339_392\000014.jpg,1,339,NeuralTextures,FaceForensics++,0.1640128791332245,0
C:\Users\Rohith Syam\Documents\UTS SEMESTER 3\image processing\idea 2\data\processed\faceforensics\NeuralTextures\339_392\000015.jpg,1,339,NeuralTextures,FaceForensics++,0.8903377056121826,1
C:\Users\Rohith Syam\Documents\UTS SEMESTER 3\image processing\idea 2\data\processed\faceforensics\NeuralTextures\339_392\000016.jpg,1,339,NeuralTextures,FaceForensics++,0.3442002832889557,0
C:\Users\Rohith Syam\Documents\UTS SEMESTER 3\image processing\idea 2\data\processed\faceforensics\NeuralTextures\339_392\000017.jpg,1,339,NeuralTextures,FaceForensics++,0.6138716340065002,1
C:\Users\Rohith Syam\Documents\UTS SEMESTER 3\image processing\idea 2\data\processed\faceforensics\NeuralTextures\339_392\000018.jpg,1,339,NeuralTextures,FaceForensics++,0.10005153715610504,0
C:\Users\Rohith Syam\Documents\UTS SEMESTER 3\image processing\idea 2\data\processed\faceforensics\NeuralTextures\339_392\000019.jpg,1,339,NeuralTextures,FaceForensics++,0.24582917988300323,0
C:\Users\Rohith Syam\Documents\UTS SEMESTER 3\image processing\idea 2\data\processed\faceforensics\NeuralTextures\339_392\000020.jpg,1,339,NeuralTextures,FaceForensics++,0.5052540898323059,1
C:\Users\Rohith Syam\Documents\UTS SEMESTER 3\image processing\idea 2\data\processed\faceforensics\NeuralTextures\339_392\000021.jpg,1,339,NeuralTextures,FaceForensics++,0.39147236943244934,0
C:\Users\Rohith Syam\Documents\UTS SEMESTER 3\image processing\idea 2\data\processed\faceforensics\NeuralTextures\339_392\000022.jpg,1,339,NeuralTextures,FaceForensics++,0.8030279278755188,1
C:\Users\Rohith Syam\Documents\UTS SEMESTER 3\image processing\idea 2\data\processed\faceforensics\NeuralTextures\339_392\000023.jpg,1,339,NeuralTextures,FaceForensics++,0.6107327342033386,1
C:\Users\Rohith Syam\Documents\UTS SEMESTER 3\image processing\idea 2\data\processed\faceforensics\NeuralTextures\339_392\000024.jpg,1,339,NeuralTextures,FaceForensics++,0.15090374648571014,0
C:\Users\Rohith Syam\Documents\UTS SEMESTER 3\image processing\idea 2\data\processed\faceforensics\NeuralTextures\339_392\000025.jpg,1,339,NeuralTextures,FaceForensics++,0.29667899012565613,0
C:\Users\Rohith Syam\Documents\UTS SEMESTER 3\image processing\idea 2\data\processed\faceforensics\NeuralTextures\339_392\000026.jpg,1,339,NeuralTextures,FaceForensics++,0.08224000036716461,0
C:\Users\Rohith Syam\Documents\UTS SEMESTER 3\image processing\idea 2\data\processed\faceforensics\NeuralTextures\339_392\000027.jpg,1,339,NeuralTextures,FaceForensics++,0.6804913282394409,1
C:\Users\Rohith Syam\Documents\UTS SEMESTER 3\image processing\idea 2\data\processed\faceforensics\NeuralTextures\339_392\000028.jpg,1,339,NeuralTextures,FaceForensics++,0.19476290047168732,0
C:\Users\Rohith Syam\Documents\UTS SEMESTER 3\image processing\idea 2\data\processed\faceforensics\NeuralTextures\339_392\000029.jpg,1,339,NeuralTextures,FaceForensics++,0.15173102915287018,0
C:\Users\Rohith Syam\Documents\UTS SEMESTER 3\image processing\idea 2\data\processed\faceforensics\NeuralTextures\437_360\000000.jpg,1,437,NeuralTextures,FaceForensics++,0.4560260474681854,0
C:\Users\Rohith Syam\Documents\UTS SEMESTER 3\image processing\idea 2\data\processed\faceforensics\NeuralTextures\437_360\000001.jpg,1,437,NeuralTextures,FaceForensics++,0.5862230658531189,1
C:\Users\Rohith Syam\Documents\UTS SEMESTER 3\image processing\idea 2\data\processed\faceforensics\NeuralTextures\437_360\000002.jpg,1,437,NeuralTextures,FaceForensics++,0.7914718985557556,1
C:\Users\Rohith Syam\Documents\UTS SEMESTER 3\image processing\idea 2\data\processed\faceforensics\NeuralTextures\437_360\000003.jpg,1,437,NeuralTextures,FaceForensics++,0.38815009593963623,0
C:\Users\Rohith Syam\Documents\UTS SEMESTER 3\image processing\idea 2\data\processed\faceforensics\NeuralTextures\437_360\000004.jpg,1,437,NeuralTextures,FaceForensics++,0.879160463809967,1
C:\Users\Rohith Syam\Documents\UTS SEMESTER 3\image processing\idea 2\data\processed\faceforensics\NeuralTextures\437_360\000005.jpg,1,437,NeuralTextures,FaceForensics++,0.2093581259250641,0
C:\Users\Rohith Syam\Documents\UTS SEMESTER 3\image processing\idea 2\data\processed\faceforensics\NeuralTextures\437_360\000006.jpg,1,437,NeuralTextures,FaceForensics++,0.7576897740364075,1
C:\Users\Rohith Syam\Documents\UTS SEMESTER 3\image processing\idea 2\data\processed\faceforensics\NeuralTextures\437_360\000007.jpg,1,437,NeuralTextures,FaceForensics++,0.3308909833431244,0
C:\Users\Rohith Syam\Documents\UTS SEMESTER 3\image processing\idea 2\data\processed\faceforensics\NeuralTextures\437_360\000008.jpg,1,437,NeuralTextures,FaceForensics++,0.2129543274641037,0
C:\Users\Rohith Syam\Documents\UTS SEMESTER 3\image processing\idea 2\data\processed\faceforensics\NeuralTextures\437_360\000009.jpg,1,437,NeuralTextures,FaceForensics++,0.41602638363838196,0
C:\Users\Rohith Syam\Documents\UTS SEMESTER 3\image processing\idea 2\data\processed\faceforensics\NeuralTextures\437_360\000010.jpg,1,437,NeuralTextures,FaceForensics++,0.8295485973358154,1
C:\Users\Rohith Syam\Documents\UTS SEMESTER 3\image processing\idea 2\data\processed\faceforensics\NeuralTextures\437_360\000011.jpg,1,437,NeuralTextures,FaceForensics++,0.4888143837451935,0
C:\Users\Rohith Syam\Documents\UTS SEMESTER 3\image processing\idea 2\data\processed\faceforensics\NeuralTextures\437_360\000012.jpg,1,437,NeuralTextures,FaceForensics++,0.1237475648522377,0
C:\Users\Rohith Syam\Documents\UTS SEMESTER 3\image processing\idea 2\data\processed\faceforensics\NeuralTextures\437_360\000013.jpg,1,437,NeuralTextures,FaceForensics++,0.7155237793922424,1
C:\Users\Rohith Syam\Documents\UTS SEMESTER 3\image processing\idea 2\data\processed\faceforensics\NeuralTextures\437_360\000014.jpg,1,437,NeuralTextures,FaceForensics++,0.25493401288986206,0
C:\Users\Rohith Syam\Documents\UTS SEMESTER 3\image processing\idea 2\data\processed\faceforensics\NeuralTextures\437_360\000015.jpg,1,437,NeuralTextures,FaceForensics++,0.3673950731754303,0
C:\Users\Rohith Syam\Documents\UTS SEMESTER 3\image processing\idea 2\data\processed\faceforensics\NeuralTextures\437_360\000016.jpg,1,437,NeuralTextures,FaceForensics++,0.4067715108394623,0
C:\Users\Rohith Syam\Documents\UTS SEMESTER 3\image processing\idea 2\data\processed\faceforensics\NeuralTextures\437_360\000017.jpg,1,437,NeuralTextures,FaceForensics++,0.43774330615997314,0
C:\Users\Rohith Syam\Documents\UTS SEMESTER 3\image processing\idea 2\data\processed\faceforensics\NeuralTextures\437_360\000018.jpg,1,437,NeuralTextures,FaceForensics++,0.8744122385978699,1
C:\Users\Rohith Syam\Documents\UTS SEMESTER 3\image processing\idea 2\data\processed\faceforensics\NeuralTextures\437_360\000019.jpg,1,437,NeuralTextures,FaceForensics++,0.8723175525665283,1
C:\Users\Rohith Syam\Documents\UTS SEMESTER 3\image processing\idea 2\data\processed\faceforensics\NeuralTextures\437_360\000020.jpg,1,437,NeuralTextures,FaceForensics++,0.8565197587013245,1
C:\Users\Rohith Syam\Documents\UTS SEMESTER 3\image processing\idea 2\data\processed\faceforensics\NeuralTextures\437_360\000021.jpg,1,437,NeuralTextures,FaceForensics++,0.2814939320087433,0
C:\Users\Rohith Syam\Documents\UTS SEMESTER 3\image processing\idea 2\data\processed\faceforensics\NeuralTextures\437_360\000022.jpg,1,437,NeuralTextures,FaceForensics++,0.5284495949745178,1
C:\Users\Rohith Syam\Documents\UTS SEMESTER 3\image processing\idea 2\data\processed\faceforensics\NeuralTextures\437_360\000023.jpg,1,437,NeuralTextures,FaceForensics++,0.8324466347694397,1
C:\Users\Rohith Syam\Documents\UTS SEMESTER 3\image processing\idea 2\data\processed\faceforensics\NeuralTextures\437_360\000024.jpg,1,437,NeuralTextures,FaceForensics++,0.6496627330780029,1
C:\Users\Rohith Syam\Documents\UTS SEMESTER 3\image processing\idea 2\data\processed\faceforensics\NeuralTextures\437_360\000025.jpg,1,437,NeuralTextures,FaceForensics++,0.9116531014442444,1
C:\Users\Rohith Syam\Documents\UTS SEMESTER 3\image processing\idea 2\data\processed\faceforensics\NeuralTextures\437_360\000026.jpg,1,437,NeuralTextures,FaceForensics++,0.2892560064792633,0
C:\Users\Rohith Syam\Documents\UTS SEMESTER 3\image processing\idea 2\data\processed\faceforensics\NeuralTextures\437_360\000027.jpg,1,437,NeuralTextures,FaceForensics++,0.4248112142086029,0
C:\Users\Rohith Syam\Documents\UTS SEMESTER 3\image processing\idea 2\data\processed\faceforensics\NeuralTextures\437_360\000028.jpg,1,437,NeuralTextures,FaceForensics++,0.9642537832260132,1
C:\Users\Rohith Syam\Documents\UTS SEMESTER 3\image processing\idea 2\data\processed\faceforensics\NeuralTextures\437_360\000029.jpg,1,437,NeuralTextures,FaceForensics++,0.8846780061721802,1
C:\Users\Rohith Syam\Documents\UTS SEMESTER 3\image processing\idea 2\data\processed\faceforensics\NeuralTextures\438_434\000000.jpg,1,438,NeuralTextures,FaceForensics++,0.9958298802375793,1
C:\Users\Rohith Syam\Documents\UTS SEMESTER 3\image processing\idea 2\data\processed\faceforensics\NeuralTextures\438_434\000001.jpg,1,438,NeuralTextures,FaceForensics++,0.9977188110351562,1
C:\Users\Rohith Syam\Documents\UTS SEMESTER 3\image processing\idea 2\data\processed\faceforensics\NeuralTextures\438_434\000002.jpg,1,438,NeuralTextures,FaceForensics++,0.9973229765892029,1
C:\Users\Rohith Syam\Documents\UTS SEMESTER 3\image processing\idea 2\data\processed\faceforensics\NeuralTextures\438_434\000003.jpg,1,438,NeuralTextures,FaceForensics++,0.9968618154525757,1
C:\Users\Rohith Syam\Documents\UTS SEMESTER 3\image processing\idea 2\data\processed\faceforensics\NeuralTextures\438_434\000004.jpg,1,438,NeuralTextures,FaceForensics++,0.9674149751663208,1
C:\Users\Rohith Syam\Documents\UTS SEMESTER 3\image processing\idea 2\data\processed\faceforensics\NeuralTextures\438_434\000005.jpg,1,438,NeuralTextures,FaceForensics++,0.9793927073478699,1
C:\Users\Rohith Syam\Documents\UTS SEMESTER 3\image processing\idea 2\data\processed\faceforensics\NeuralTextures\438_434\000006.jpg,1,438,NeuralTextures,FaceForensics++,0.9990286827087402,1
C:\Users\Rohith Syam\Documents\UTS SEMESTER 3\image processing\idea 2\data\processed\faceforensics\NeuralTextures\438_434\000007.jpg,1,438,NeuralTextures,FaceForensics++,0.995751142501831,1
C:\Users\Rohith Syam\Documents\UTS SEMESTER 3\image processing\idea 2\data\processed\faceforensics\NeuralTextures\438_434\000008.jpg,1,438,NeuralTextures,FaceForensics++,0.9920080900192261,1
C:\Users\Rohith Syam\Documents\UTS SEMESTER 3\image processing\idea 2\data\processed\faceforensics\NeuralTextures\438_434\000009.jpg,1,438,NeuralTextures,FaceForensics++,0.9829137921333313,1
C:\Users\Rohith Syam\Documents\UTS SEMESTER 3\image processing\idea 2\data\processed\faceforensics\NeuralTextures\438_434\000010.jpg,1,438,NeuralTextures,FaceForensics++,0.9973573088645935,1
C:\Users\Rohith Syam\Documents\UTS SEMESTER 3\image processing\idea 2\data\processed\faceforensics\NeuralTextures\438_434\000011.jpg,1,438,NeuralTextures,FaceForensics++,0.9507171511650085,1
C:\Users\Rohith Syam\Documents\UTS SEMESTER 3\image processing\idea 2\data\processed\faceforensics\NeuralTextures\438_434\000012.jpg,1,438,NeuralTextures,FaceForensics++,0.5896239876747131,1
C:\Users\Rohith Syam\Documents\UTS SEMESTER 3\image processing\idea 2\data\processed\faceforensics\NeuralTextures\438_434\000013.jpg,1,438,NeuralTextures,FaceForensics++,0.7167303562164307,1
C:\Users\Rohith Syam\Documents\UTS SEMESTER 3\image processing\idea 2\data\processed\faceforensics\NeuralTextures\438_434\000014.jpg,1,438,NeuralTextures,FaceForensics++,0.9912283420562744,1
C:\Users\Rohith Syam\Documents\UTS SEMESTER 3\image processing\idea 2\data\processed\faceforensics\NeuralTextures\438_434\000015.jpg,1,438,NeuralTextures,FaceForensics++,0.9982278943061829,1
C:\Users\Rohith Syam\Documents\UTS SEMESTER 3\image processing\idea 2\data\processed\faceforensics\NeuralTextures\438_434\000016.jpg,1,438,NeuralTextures,FaceForensics++,0.999097466468811,1
C:\Users\Rohith Syam\Documents\UTS SEMESTER 3\image processing\idea 2\data\processed\faceforensics\NeuralTextures\438_434\000017.jpg,1,438,NeuralTextures,FaceForensics++,0.9933919310569763,1
C:\Users\Rohith Syam\Documents\UTS SEMESTER 3\image processing\idea 2\data\processed\faceforensics\NeuralTextures\438_434\000018.jpg,1,438,NeuralTextures,FaceForensics++,0.9909762740135193,1
C:\Users\Rohith Syam\Documents\UTS SEMESTER 3\image processing\idea 2\data\processed\faceforensics\NeuralTextures\438_434\000019.jpg,1,438,NeuralTextures,FaceForensics++,0.9984886646270752,1
C:\Users\Rohith Syam\Documents\UTS SEMESTER 3\image processing\idea 2\data\processed\faceforensics\NeuralTextures\438_434\000020.jpg,1,438,NeuralTextures,FaceForensics++,0.9974256157875061,1
C:\Users\Rohith Syam\Documents\UTS SEMESTER 3\image processing\idea 2\data\processed\faceforensics\NeuralTextures\438_434\000021.jpg,1,438,NeuralTextures,FaceForensics++,0.9924561977386475,1
C:\Users\Rohith Syam\Documents\UTS SEMESTER 3\image processing\idea 2\data\processed\faceforensics\NeuralTextures\438_434\000022.jpg,1,438,NeuralTextures,FaceForensics++,0.9846628904342651,1
C:\Users\Rohith Syam\Documents\UTS SEMESTER 3\image processing\idea 2\data\processed\faceforensics\NeuralTextures\438_434\000023.jpg,1,438,NeuralTextures,FaceForensics++,0.9592036604881287,1
C:\Users\Rohith Syam\Documents\UTS SEMESTER 3\image processing\idea 2\data\processed\faceforensics\NeuralTextures\438_434\000024.jpg,1,438,NeuralTextures,FaceForensics++,0.7977681756019592,1
C:\Users\Rohith Syam\Documents\UTS SEMESTER 3\image processing\idea 2\data\processed\faceforensics\NeuralTextures\438_434\000025.jpg,1,438,NeuralTextures,FaceForensics++,0.9910286068916321,1
C:\Users\Rohith Syam\Documents\UTS SEMESTER 3\image processing\idea 2\data\processed\faceforensics\NeuralTextures\438_434\000026.jpg,1,438,NeuralTextures,FaceForensics++,0.9870703220367432,1
C:\Users\Rohith Syam\Documents\UTS SEMESTER 3\image processing\idea 2\data\processed\faceforensics\NeuralTextures\438_434\000027.jpg,1,438,NeuralTextures,FaceForensics++,0.992198646068573,1
C:\Users\Rohith Syam\Documents\UTS SEMESTER 3\image processing\idea 2\data\processed\faceforensics\NeuralTextures\438_434\000028.jpg,1,438,NeuralTextures,FaceForensics++,0.9924553632736206,1
C:\Users\Rohith Syam\Documents\UTS SEMESTER 3\image processing\idea 2\data\processed\faceforensics\NeuralTextures\438_434\000029.jpg,1,438,NeuralTextures,FaceForensics++,0.9966117739677429,1
C:\Users\Rohith Syam\Documents\UTS SEMESTER 3\image processing\idea 2\data\processed\faceforensics\NeuralTextures\677_671\000000.jpg,1,677,NeuralTextures,FaceForensics++,0.9696606397628784,1
C:\Users\Rohith Syam\Documents\UTS SEMESTER 3\image processing\idea 2\data\processed\faceforensics\NeuralTextures\677_671\000001.jpg,1,677,NeuralTextures,FaceForensics++,0.9998353719711304,1
C:\Users\Rohith Syam\Documents\UTS SEMESTER 3\image processing\idea 2\data\processed\faceforensics\NeuralTextures\677_671\000002.jpg,1,677,NeuralTextures,FaceForensics++,0.9997749924659729,1
C:\Users\Rohith Syam\Documents\UTS SEMESTER 3\image processing\idea 2\data\processed\faceforensics\NeuralTextures\677_671\000003.jpg,1,677,NeuralTextures,FaceForensics++,0.9322652220726013,1
C:\Users\Rohith Syam\Documents\UTS SEMESTER 3\image processing\idea 2\data\processed\faceforensics\NeuralTextures\677_671\000004.jpg,1,677,NeuralTextures,FaceForensics++,0.9997150301933289,1
C:\Users\Rohith Syam\Documents\UTS SEMESTER 3\image processing\idea 2\data\processed\faceforensics\NeuralTextures\677_671\000005.jpg,1,677,NeuralTextures,FaceForensics++,0.9999245405197144,1
C:\Users\Rohith Syam\Documents\UTS SEMESTER 3\image processing\idea 2\data\processed\faceforensics\NeuralTextures\677_671\000006.jpg,1,677,NeuralTextures,FaceForensics++,0.9982141256332397,1
C:\Users\Rohith Syam\Documents\UTS SEMESTER 3\image processing\idea 2\data\processed\faceforensics\NeuralTextures\677_671\000007.jpg,1,677,NeuralTextures,FaceForensics++,0.9995649456977844,1
C:\Users\Rohith Syam\Documents\UTS SEMESTER 3\image processing\idea 2\data\processed\faceforensics\NeuralTextures\677_671\000008.jpg,1,677,NeuralTextures,FaceForensics++,0.9981874823570251,1
C:\Users\Rohith Syam\Documents\UTS SEMESTER 3\image processing\idea 2\data\processed\faceforensics\NeuralTextures\677_671\000009.jpg,1,677,NeuralTextures,FaceForensics++,0.9992235898971558,1
C:\Users\Rohith Syam\Documents\UTS SEMESTER 3\image processing\idea 2\data\processed\faceforensics\NeuralTextures\677_671\000010.jpg,1,677,NeuralTextures,FaceForensics++,0.9999860525131226,1
C:\Users\Rohith Syam\Documents\UTS SEMESTER 3\image processing\idea 2\data\processed\faceforensics\NeuralTextures\677_671\000011.jpg,1,677,NeuralTextures,FaceForensics++,0.999862790107727,1
C:\Users\Rohith Syam\Documents\UTS SEMESTER 3\image processing\idea 2\data\processed\faceforensics\NeuralTextures\677_671\000012.jpg,1,677,NeuralTextures,FaceForensics++,0.9983874559402466,1
C:\Users\Rohith Syam\Documents\UTS SEMESTER 3\image processing\idea 2\data\processed\faceforensics\NeuralTextures\677_671\000013.jpg,1,677,NeuralTextures,FaceForensics++,0.9999887943267822,1
C:\Users\Rohith Syam\Documents\UTS SEMESTER 3\image processing\idea 2\data\processed\faceforensics\NeuralTextures\677_671\000014.jpg,1,677,NeuralTextures,FaceForensics++,0.9998149275779724,1
C:\Users\Rohith Syam\Documents\UTS SEMESTER 3\image processing\idea 2\data\processed\faceforensics\NeuralTextures\677_671\000015.jpg,1,677,NeuralTextures,FaceForensics++,0.9999390840530396,1
C:\Users\Rohith Syam\Documents\UTS SEMESTER 3\image processing\idea 2\data\processed\faceforensics\NeuralTextures\677_671\000016.jpg,1,677,NeuralTextures,FaceForensics++,0.9998239874839783,1
C:\Users\Rohith Syam\Documents\UTS SEMESTER 3\image processing\idea 2\data\processed\faceforensics\NeuralTextures\677_671\000017.jpg,1,677,NeuralTextures,FaceForensics++,0.9999830722808838,1
C:\Users\Rohith Syam\Documents\UTS SEMESTER 3\image processing\idea 2\data\processed\faceforensics\NeuralTextures\677_671\000018.jpg,1,677,NeuralTextures,FaceForensics++,0.9912936091423035,1
C:\Users\Rohith Syam\Documents\UTS SEMESTER 3\image processing\idea 2\data\processed\faceforensics\NeuralTextures\677_671\000019.jpg,1,677,NeuralTextures,FaceForensics++,0.9961844086647034,1
C:\Users\Rohith Syam\Documents\UTS SEMESTER 3\image processing\idea 2\data\processed\faceforensics\NeuralTextures\677_671\000020.jpg,1,677,NeuralTextures,FaceForensics++,0.9987930059432983,1
C:\Users\Rohith Syam\Documents\UTS SEMESTER 3\image processing\idea 2\data\processed\faceforensics\NeuralTextures\677_671\000021.jpg,1,677,NeuralTextures,FaceForensics++,0.9996131062507629,1
C:\Users\Rohith Syam\Documents\UTS SEMESTER 3\image processing\idea 2\data\processed\faceforensics\NeuralTextures\677_671\000022.jpg,1,677,NeuralTextures,FaceForensics++,0.9999791383743286,1
C:\Users\Rohith Syam\Documents\UTS SEMESTER 3\image processing\idea 2\data\processed\faceforensics\NeuralTextures\677_671\000023.jpg,1,677,NeuralTextures,FaceForensics++,0.999929666519165,1
C:\Users\Rohith Syam\Documents\UTS SEMESTER 3\image processing\idea 2\data\processed\faceforensics\NeuralTextures\677_671\000024.jpg,1,677,NeuralTextures,FaceForensics++,0.9999667406082153,1
C:\Users\Rohith Syam\Documents\UTS SEMESTER 3\image processing\idea 2\data\processed\faceforensics\NeuralTextures\677_671\000025.jpg,1,677,NeuralTextures,FaceForensics++,0.9904599189758301,1
C:\Users\Rohith Syam\Documents\UTS SEMESTER 3\image processing\idea 2\data\processed\faceforensics\NeuralTextures\677_671\000026.jpg,1,677,NeuralTextures,FaceForensics++,0.9997943043708801,1
C:\Users\Rohith Syam\Documents\UTS SEMESTER 3\image processing\idea 2\data\processed\faceforensics\NeuralTextures\677_671\000027.jpg,1,677,NeuralTextures,FaceForensics++,0.999799907207489,1
C:\Users\Rohith Syam\Documents\UTS SEMESTER 3\image processing\idea 2\data\processed\faceforensics\NeuralTextures\677_671\000028.jpg,1,677,NeuralTextures,FaceForensics++,0.9999020099639893,1
C:\Users\Rohith Syam\Documents\UTS SEMESTER 3\image processing\idea 2\data\processed\faceforensics\NeuralTextures\677_671\000029.jpg,1,677,NeuralTextures,FaceForensics++,0.9995304346084595,1
C:\Users\Rohith Syam\Documents\UTS SEMESTER 3\image processing\idea 2\data\processed\faceforensics\NeuralTextures\716_712\000000.jpg,1,716,NeuralTextures,FaceForensics++,0.9978109002113342,1
C:\Users\Rohith Syam\Documents\UTS SEMESTER 3\image processing\idea 2\data\processed\faceforensics\NeuralTextures\716_712\000001.jpg,1,716,NeuralTextures,FaceForensics++,0.9993976354598999,1
C:\Users\Rohith Syam\Documents\UTS SEMESTER 3\image processing\idea 2\data\processed\faceforensics\NeuralTextures\716_712\000002.jpg,1,716,NeuralTextures,FaceForensics++,0.9997772574424744,1
C:\Users\Rohith Syam\Documents\UTS SEMESTER 3\image processing\idea 2\data\processed\faceforensics\NeuralTextures\716_712\000003.jpg,1,716,NeuralTextures,FaceForensics++,0.9748178720474243,1
C:\Users\Rohith Syam\Documents\UTS SEMESTER 3\image processing\idea 2\data\processed\faceforensics\NeuralTextures\716_712\000004.jpg,1,716,NeuralTextures,FaceForensics++,0.9942455887794495,1
C:\Users\Rohith Syam\Documents\UTS SEMESTER 3\image processing\idea 2\data\processed\faceforensics\NeuralTextures\716_712\000005.jpg,1,716,NeuralTextures,FaceForensics++,0.998272180557251,1
C:\Users\Rohith Syam\Documents\UTS SEMESTER 3\image processing\idea 2\data\processed\faceforensics\NeuralTextures\716_712\000006.jpg,1,716,NeuralTextures,FaceForensics++,0.9809179306030273,1
C:\Users\Rohith Syam\Documents\UTS SEMESTER 3\image processing\idea 2\data\processed\faceforensics\NeuralTextures\716_712\000007.jpg,1,716,NeuralTextures,FaceForensics++,0.9996858835220337,1
C:\Users\Rohith Syam\Documents\UTS SEMESTER 3\image processing\idea 2\data\processed\faceforensics\NeuralTextures\716_712\000008.jpg,1,716,NeuralTextures,FaceForensics++,0.9997102618217468,1
C:\Users\Rohith Syam\Documents\UTS SEMESTER 3\image processing\idea 2\data\processed\faceforensics\NeuralTextures\716_712\000009.jpg,1,716,NeuralTextures,FaceForensics++,0.9995123147964478,1
C:\Users\Rohith Syam\Documents\UTS SEMESTER 3\image processing\idea 2\data\processed\faceforensics\NeuralTextures\716_712\000010.jpg,1,716,NeuralTextures,FaceForensics++,0.998004138469696,1
C:\Users\Rohith Syam\Documents\UTS SEMESTER 3\image processing\idea 2\data\processed\faceforensics\NeuralTextures\716_712\000011.jpg,1,716,NeuralTextures,FaceForensics++,0.9982262253761292,1
C:\Users\Rohith Syam\Documents\UTS SEMESTER 3\image processing\idea 2\data\processed\faceforensics\NeuralTextures\716_712\000012.jpg,1,716,NeuralTextures,FaceForensics++,0.9998359680175781,1
C:\Users\Rohith Syam\Documents\UTS SEMESTER 3\image processing\idea 2\data\processed\faceforensics\NeuralTextures\716_712\000013.jpg,1,716,NeuralTextures,FaceForensics++,0.997312605381012,1
C:\Users\Rohith Syam\Documents\UTS SEMESTER 3\image processing\idea 2\data\processed\faceforensics\NeuralTextures\716_712\000014.jpg,1,716,NeuralTextures,FaceForensics++,0.9858586192131042,1
C:\Users\Rohith Syam\Documents\UTS SEMESTER 3\image processing\idea 2\data\processed\faceforensics\NeuralTextures\716_712\000015.jpg,1,716,NeuralTextures,FaceForensics++,0.9988752007484436,1
C:\Users\Rohith Syam\Documents\UTS SEMESTER 3\image processing\idea 2\data\processed\faceforensics\NeuralTextures\716_712\000016.jpg,1,716,NeuralTextures,FaceForensics++,0.9967576861381531,1
C:\Users\Rohith Syam\Documents\UTS SEMESTER 3\image processing\idea 2\data\processed\faceforensics\NeuralTextures\716_712\000017.jpg,1,716,NeuralTextures,FaceForensics++,0.9953790903091431,1
C:\Users\Rohith Syam\Documents\UTS SEMESTER 3\image processing\idea 2\data\processed\faceforensics\NeuralTextures\716_712\000018.jpg,1,716,NeuralTextures,FaceForensics++,0.9998518228530884,1
C:\Users\Rohith Syam\Documents\UTS SEMESTER 3\image processing\idea 2\data\processed\faceforensics\NeuralTextures\716_712\000019.jpg,1,716,NeuralTextures,FaceForensics++,0.9952937960624695,1
C:\Users\Rohith Syam\Documents\UTS SEMESTER 3\image processing\idea 2\data\processed\faceforensics\NeuralTextures\716_712\000020.jpg,1,716,NeuralTextures,FaceForensics++,0.9998629093170166,1
C:\Users\Rohith Syam\Documents\UTS SEMESTER 3\image processing\idea 2\data\processed\faceforensics\NeuralTextures\716_712\000021.jpg,1,716,NeuralTextures,FaceForensics++,0.9978932738304138,1
C:\Users\Rohith Syam\Documents\UTS SEMESTER 3\image processing\idea 2\data\processed\faceforensics\NeuralTextures\716_712\000022.jpg,1,716,NeuralTextures,FaceForensics++,0.9983111619949341,1
C:\Users\Rohith Syam\Documents\UTS SEMESTER 3\image processing\idea 2\data\processed\faceforensics\NeuralTextures\716_712\000023.jpg,1,716,NeuralTextures,FaceForensics++,0.9992371797561646,1
C:\Users\Rohith Syam\Documents\UTS SEMESTER 3\image processing\idea 2\data\processed\faceforensics\NeuralTextures\716_712\000024.jpg,1,716,NeuralTextures,FaceForensics++,0.9998600482940674,1
C:\Users\Rohith Syam\Documents\UTS SEMESTER 3\image processing\idea 2\data\processed\faceforensics\NeuralTextures\716_712\000025.jpg,1,716,NeuralTextures,FaceForensics++,0.9994613528251648,1
C:\Users\Rohith Syam\Documents\UTS SEMESTER 3\image processing\idea 2\data\processed\faceforensics\NeuralTextures\716_712\000026.jpg,1,716,NeuralTextures,FaceForensics++,0.9994600415229797,1
C:\Users\Rohith Syam\Documents\UTS SEMESTER 3\image processing\idea 2\data\processed\faceforensics\NeuralTextures\716_712\000027.jpg,1,716,NeuralTextures,FaceForensics++,0.9814954400062561,1
C:\Users\Rohith Syam\Documents\UTS SEMESTER 3\image processing\idea 2\data\processed\faceforensics\NeuralTextures\716_712\000028.jpg,1,716,NeuralTextures,FaceForensics++,0.9993033409118652,1
C:\Users\Rohith Syam\Documents\UTS SEMESTER 3\image processing\idea 2\data\processed\faceforensics\NeuralTextures\716_712\000029.jpg,1,716,NeuralTextures,FaceForensics++,0.9977893829345703,1
C:\Users\Rohith Syam\Documents\UTS SEMESTER 3\image processing\idea 2\data\processed\faceforensics\NeuralTextures\794_779\000000.jpg,1,794,NeuralTextures,FaceForensics++,0.0014727181987836957,0
C:\Users\Rohith Syam\Documents\UTS SEMESTER 3\image processing\idea 2\data\processed\faceforensics\NeuralTextures\794_779\000001.jpg,1,794,NeuralTextures,FaceForensics++,0.0011856118217110634,0
C:\Users\Rohith Syam\Documents\UTS SEMESTER 3\image processing\idea 2\data\processed\faceforensics\NeuralTextures\794_779\000002.jpg,1,794,NeuralTextures,FaceForensics++,0.021263694390654564,0
C:\Users\Rohith Syam\Documents\UTS SEMESTER 3\image processing\idea 2\data\processed\faceforensics\NeuralTextures\794_779\000003.jpg,1,794,NeuralTextures,FaceForensics++,0.03469017520546913,0
C:\Users\Rohith Syam\Documents\UTS SEMESTER 3\image processing\idea 2\data\processed\faceforensics\NeuralTextures\794_779\000004.jpg,1,794,NeuralTextures,FaceForensics++,0.0012452109949663281,0
C:\Users\Rohith Syam\Documents\UTS SEMESTER 3\image processing\idea 2\data\processed\faceforensics\NeuralTextures\794_779\000005.jpg,1,794,NeuralTextures,FaceForensics++,0.005521597806364298,0
C:\Users\Rohith Syam\Documents\UTS SEMESTER 3\image processing\idea 2\data\processed\faceforensics\NeuralTextures\794_779\000006.jpg,1,794,NeuralTextures,FaceForensics++,0.002025056630373001,0
C:\Users\Rohith Syam\Documents\UTS SEMESTER 3\image processing\idea 2\data\processed\faceforensics\NeuralTextures\794_779\000007.jpg,1,794,NeuralTextures,FaceForensics++,0.008486165665090084,0
C:\Users\Rohith Syam\Documents\UTS SEMESTER 3\image processing\idea 2\data\processed\faceforensics\NeuralTextures\794_779\000008.jpg,1,794,NeuralTextures,FaceForensics++,0.0026448017451912165,0
C:\Users\Rohith Syam\Documents\UTS SEMESTER 3\image processing\idea 2\data\processed\faceforensics\NeuralTextures\794_779\000009.jpg,1,794,NeuralTextures,FaceForensics++,0.0004018055333290249,0
C:\Users\Rohith Syam\Documents\UTS SEMESTER 3\image processing\idea 2\data\processed\faceforensics\NeuralTextures\794_779\000010.jpg,1,794,NeuralTextures,FaceForensics++,0.0002596145204734057,0
C:\Users\Rohith Syam\Documents\UTS SEMESTER 3\image processing\idea 2\data\processed\faceforensics\NeuralTextures\794_779\000011.jpg,1,794,NeuralTextures,FaceForensics++,0.09464216977357864,0
C:\Users\Rohith Syam\Documents\UTS SEMESTER 3\image processing\idea 2\data\processed\faceforensics\NeuralTextures\794_779\000012.jpg,1,794,NeuralTextures,FaceForensics++,0.05117638036608696,0
C:\Users\Rohith Syam\Documents\UTS SEMESTER 3\image processing\idea 2\data\processed\faceforensics\NeuralTextures\794_779\000013.jpg,1,794,NeuralTextures,FaceForensics++,0.006803061347454786,0
C:\Users\Rohith Syam\Documents\UTS SEMESTER 3\image processing\idea 2\data\processed\faceforensics\NeuralTextures\794_779\000014.jpg,1,794,NeuralTextures,FaceForensics++,0.007720293942838907,0
C:\Users\Rohith Syam\Documents\UTS SEMESTER 3\image processing\idea 2\data\processed\faceforensics\NeuralTextures\794_779\000015.jpg,1,794,NeuralTextures,FaceForensics++,0.02942899987101555,0
C:\Users\Rohith Syam\Documents\UTS SEMESTER 3\image processing\idea 2\data\processed\faceforensics\NeuralTextures\794_779\000016.jpg,1,794,NeuralTextures,FaceForensics++,0.0031341298017650843,0
C:\Users\Rohith Syam\Documents\UTS SEMESTER 3\image processing\idea 2\data\processed\faceforensics\NeuralTextures\794_779\000017.jpg,1,794,NeuralTextures,FaceForensics++,0.06247567757964134,0
C:\Users\Rohith Syam\Documents\UTS SEMESTER 3\image processing\idea 2\data\processed\faceforensics\NeuralTextures\794_779\000018.jpg,1,794,NeuralTextures,FaceForensics++,0.0229180920869112,0
C:\Users\Rohith Syam\Documents\UTS SEMESTER 3\image processing\idea 2\data\processed\faceforensics\NeuralTextures\794_779\000019.jpg,1,794,NeuralTextures,FaceForensics++,0.05615827068686485,0
C:\Users\Rohith Syam\Documents\UTS SEMESTER 3\image processing\idea 2\data\processed\faceforensics\NeuralTextures\794_779\000020.jpg,1,794,NeuralTextures,FaceForensics++,0.026332959532737732,0
C:\Users\Rohith Syam\Documents\UTS SEMESTER 3\image processing\idea 2\data\processed\faceforensics\NeuralTextures\794_779\000021.jpg,1,794,NeuralTextures,FaceForensics++,0.0014548675389960408,0
C:\Users\Rohith Syam\Documents\UTS SEMESTER 3\image processing\idea 2\data\processed\faceforensics\NeuralTextures\794_779\000022.jpg,1,794,NeuralTextures,FaceForensics++,0.0058425418101251125,0
C:\Users\Rohith Syam\Documents\UTS SEMESTER 3\image processing\idea 2\data\processed\faceforensics\NeuralTextures\794_779\000023.jpg,1,794,NeuralTextures,FaceForensics++,0.010363372974097729,0
C:\Users\Rohith Syam\Documents\UTS SEMESTER 3\image processing\idea 2\data\processed\faceforensics\NeuralTextures\794_779\000024.jpg,1,794,NeuralTextures,FaceForensics++,0.0006272645550779998,0
C:\Users\Rohith Syam\Documents\UTS SEMESTER 3\image processing\idea 2\data\processed\faceforensics\NeuralTextures\794_779\000025.jpg,1,794,NeuralTextures,FaceForensics++,0.056217607110738754,0
C:\Users\Rohith Syam\Documents\UTS SEMESTER 3\image processing\idea 2\data\processed\faceforensics\NeuralTextures\794_779\000026.jpg,1,794,NeuralTextures,FaceForensics++,0.0007215830264613032,0
C:\Users\Rohith Syam\Documents\UTS SEMESTER 3\image processing\idea 2\data\processed\faceforensics\NeuralTextures\794_779\000027.jpg,1,794,NeuralTextures,FaceForensics++,0.014598866924643517,0
C:\Users\Rohith Syam\Documents\UTS SEMESTER 3\image processing\idea 2\data\processed\faceforensics\NeuralTextures\794_779\000028.jpg,1,794,NeuralTextures,FaceForensics++,0.0003953158447984606,0
C:\Users\Rohith Syam\Documents\UTS SEMESTER 3\image processing\idea 2\data\processed\faceforensics\NeuralTextures\794_779\000029.jpg,1,794,NeuralTextures,FaceForensics++,0.011605137027800083,0
C:\Users\Rohith Syam\Documents\UTS SEMESTER 3\image processing\idea 2\data\processed\faceforensics\NeuralTextures\811_920\000000.jpg,1,811,NeuralTextures,FaceForensics++,0.6486142873764038,1
C:\Users\Rohith Syam\Documents\UTS SEMESTER 3\image processing\idea 2\data\processed\faceforensics\NeuralTextures\811_920\000001.jpg,1,811,NeuralTextures,FaceForensics++,0.5107536911964417,1
C:\Users\Rohith Syam\Documents\UTS SEMESTER 3\image processing\idea 2\data\processed\faceforensics\NeuralTextures\811_920\000002.jpg,1,811,NeuralTextures,FaceForensics++,0.8709884285926819,1
C:\Users\Rohith Syam\Documents\UTS SEMESTER 3\image processing\idea 2\data\processed\faceforensics\NeuralTextures\811_920\000003.jpg,1,811,NeuralTextures,FaceForensics++,0.7836254239082336,1
C:\Users\Rohith Syam\Documents\UTS SEMESTER 3\image processing\idea 2\data\processed\faceforensics\NeuralTextures\811_920\000004.jpg,1,811,NeuralTextures,FaceForensics++,0.8574158549308777,1
C:\Users\Rohith Syam\Documents\UTS SEMESTER 3\image processing\idea 2\data\processed\faceforensics\NeuralTextures\811_920\000005.jpg,1,811,NeuralTextures,FaceForensics++,0.9606267809867859,1
C:\Users\Rohith Syam\Documents\UTS SEMESTER 3\image processing\idea 2\data\processed\faceforensics\NeuralTextures\811_920\000006.jpg,1,811,NeuralTextures,FaceForensics++,0.9518081545829773,1
C:\Users\Rohith Syam\Documents\UTS SEMESTER 3\image processing\idea 2\data\processed\faceforensics\NeuralTextures\811_920\000007.jpg,1,811,NeuralTextures,FaceForensics++,0.914008378982544,1
C:\Users\Rohith Syam\Documents\UTS SEMESTER 3\image processing\idea 2\data\processed\faceforensics\NeuralTextures\811_920\000008.jpg,1,811,NeuralTextures,FaceForensics++,0.8992719054222107,1
C:\Users\Rohith Syam\Documents\UTS SEMESTER 3\image processing\idea 2\data\processed\faceforensics\NeuralTextures\811_920\000009.jpg,1,811,NeuralTextures,FaceForensics++,0.9012346267700195,1
C:\Users\Rohith Syam\Documents\UTS SEMESTER 3\image processing\idea 2\data\processed\faceforensics\NeuralTextures\811_920\000010.jpg,1,811,NeuralTextures,FaceForensics++,0.7748566269874573,1
C:\Users\Rohith Syam\Documents\UTS SEMESTER 3\image processing\idea 2\data\processed\faceforensics\NeuralTextures\811_920\000011.jpg,1,811,NeuralTextures,FaceForensics++,0.7039027214050293,1
C:\Users\Rohith Syam\Documents\UTS SEMESTER 3\image processing\idea 2\data\processed\faceforensics\NeuralTextures\811_920\000012.jpg,1,811,NeuralTextures,FaceForensics++,0.4708516299724579,0
C:\Users\Rohith Syam\Documents\UTS SEMESTER 3\image processing\idea 2\data\processed\faceforensics\NeuralTextures\811_920\000013.jpg,1,811,NeuralTextures,FaceForensics++,0.7133262157440186,1
C:\Users\Rohith Syam\Documents\UTS SEMESTER 3\image processing\idea 2\data\processed\faceforensics\NeuralTextures\811_920\000014.jpg,1,811,NeuralTextures,FaceForensics++,0.7665963768959045,1
C:\Users\Rohith Syam\Documents\UTS SEMESTER 3\image processing\idea 2\data\processed\faceforensics\NeuralTextures\811_920\000015.jpg,1,811,NeuralTextures,FaceForensics++,0.7353588938713074,1
C:\Users\Rohith Syam\Documents\UTS SEMESTER 3\image processing\idea 2\data\processed\faceforensics\NeuralTextures\811_920\000016.jpg,1,811,NeuralTextures,FaceForensics++,0.7630155086517334,1
C:\Users\Rohith Syam\Documents\UTS SEMESTER 3\image processing\idea 2\data\processed\faceforensics\NeuralTextures\811_920\000017.jpg,1,811,NeuralTextures,FaceForensics++,0.8968212604522705,1
C:\Users\Rohith Syam\Documents\UTS SEMESTER 3\image processing\idea 2\data\processed\faceforensics\NeuralTextures\811_920\000018.jpg,1,811,NeuralTextures,FaceForensics++,0.8019717335700989,1
C:\Users\Rohith Syam\Documents\UTS SEMESTER 3\image processing\idea 2\data\processed\faceforensics\NeuralTextures\811_920\000019.jpg,1,811,NeuralTextures,FaceForensics++,0.8581340909004211,1
C:\Users\Rohith Syam\Documents\UTS SEMESTER 3\image processing\idea 2\data\processed\faceforensics\NeuralTextures\811_920\000020.jpg,1,811,NeuralTextures,FaceForensics++,0.8965489864349365,1
C:\Users\Rohith Syam\Documents\UTS SEMESTER 3\image processing\idea 2\data\processed\faceforensics\NeuralTextures\811_920\000021.jpg,1,811,NeuralTextures,FaceForensics++,0.9842588901519775,1
C:\Users\Rohith Syam\Documents\UTS SEMESTER 3\image processing\idea 2\data\processed\faceforensics\NeuralTextures\811_920\000022.jpg,1,811,NeuralTextures,FaceForensics++,0.9246577620506287,1
C:\Users\Rohith Syam\Documents\UTS SEMESTER 3\image processing\idea 2\data\processed\faceforensics\NeuralTextures\811_920\000023.jpg,1,811,NeuralTextures,FaceForensics++,0.9312431216239929,1
C:\Users\Rohith Syam\Documents\UTS SEMESTER 3\image processing\idea 2\data\processed\faceforensics\NeuralTextures\811_920\000024.jpg,1,811,NeuralTextures,FaceForensics++,0.8919390439987183,1
C:\Users\Rohith Syam\Documents\UTS SEMESTER 3\image processing\idea 2\data\processed\faceforensics\NeuralTextures\811_920\000025.jpg,1,811,NeuralTextures,FaceForensics++,0.569452166557312,1
C:\Users\Rohith Syam\Documents\UTS SEMESTER 3\image processing\idea 2\data\processed\faceforensics\NeuralTextures\811_920\000026.jpg,1,811,NeuralTextures,FaceForensics++,0.8161619305610657,1
C:\Users\Rohith Syam\Documents\UTS SEMESTER 3\image processing\idea 2\data\processed\faceforensics\NeuralTextures\811_920\000027.jpg,1,811,NeuralTextures,FaceForensics++,0.7724424600601196,1
C:\Users\Rohith Syam\Documents\UTS SEMESTER 3\image processing\idea 2\data\processed\faceforensics\NeuralTextures\811_920\000028.jpg,1,811,NeuralTextures,FaceForensics++,0.4005589485168457,0
C:\Users\Rohith Syam\Documents\UTS SEMESTER 3\image processing\idea 2\data\processed\faceforensics\NeuralTextures\811_920\000029.jpg,1,811,NeuralTextures,FaceForensics++,0.8983563184738159,1
C:\Users\Rohith Syam\Documents\UTS SEMESTER 3\image processing\idea 2\data\processed\faceforensics\NeuralTextures\835_651\000000.jpg,1,835,NeuralTextures,FaceForensics++,0.9993243217468262,1
C:\Users\Rohith Syam\Documents\UTS SEMESTER 3\image processing\idea 2\data\processed\faceforensics\NeuralTextures\835_651\000001.jpg,1,835,NeuralTextures,FaceForensics++,0.9906157851219177,1
C:\Users\Rohith Syam\Documents\UTS SEMESTER 3\image processing\idea 2\data\processed\faceforensics\NeuralTextures\835_651\000002.jpg,1,835,NeuralTextures,FaceForensics++,0.9975963234901428,1
C:\Users\Rohith Syam\Documents\UTS SEMESTER 3\image processing\idea 2\data\processed\faceforensics\NeuralTextures\835_651\000003.jpg,1,835,NeuralTextures,FaceForensics++,0.9762402772903442,1
C:\Users\Rohith Syam\Documents\UTS SEMESTER 3\image processing\idea 2\data\processed\faceforensics\NeuralTextures\835_651\000004.jpg,1,835,NeuralTextures,FaceForensics++,0.993636965751648,1
C:\Users\Rohith Syam\Documents\UTS SEMESTER 3\image processing\idea 2\data\processed\faceforensics\NeuralTextures\835_651\000005.jpg,1,835,NeuralTextures,FaceForensics++,0.9988343119621277,1
C:\Users\Rohith Syam\Documents\UTS SEMESTER 3\image processing\idea 2\data\processed\faceforensics\NeuralTextures\835_651\000006.jpg,1,835,NeuralTextures,FaceForensics++,0.9895222783088684,1
C:\Users\Rohith Syam\Documents\UTS SEMESTER 3\image processing\idea 2\data\processed\faceforensics\NeuralTextures\835_651\000007.jpg,1,835,NeuralTextures,FaceForensics++,0.9952796697616577,1
C:\Users\Rohith Syam\Documents\UTS SEMESTER 3\image processing\idea 2\data\processed\faceforensics\NeuralTextures\835_651\000008.jpg,1,835,NeuralTextures,FaceForensics++,0.9961000680923462,1
C:\Users\Rohith Syam\Documents\UTS SEMESTER 3\image processing\idea 2\data\processed\faceforensics\NeuralTextures\835_651\000009.jpg,1,835,NeuralTextures,FaceForensics++,0.9946486353874207,1
C:\Users\Rohith Syam\Documents\UTS SEMESTER 3\image processing\idea 2\data\processed\faceforensics\NeuralTextures\835_651\000010.jpg,1,835,NeuralTextures,FaceForensics++,0.9846674203872681,1
C:\Users\Rohith Syam\Documents\UTS SEMESTER 3\image processing\idea 2\data\processed\faceforensics\NeuralTextures\835_651\000011.jpg,1,835,NeuralTextures,FaceForensics++,0.9185249209403992,1
C:\Users\Rohith Syam\Documents\UTS SEMESTER 3\image processing\idea 2\data\processed\faceforensics\NeuralTextures\835_651\000012.jpg,1,835,NeuralTextures,FaceForensics++,0.9672872424125671,1
C:\Users\Rohith Syam\Documents\UTS SEMESTER 3\image processing\idea 2\data\processed\faceforensics\NeuralTextures\835_651\000013.jpg,1,835,NeuralTextures,FaceForensics++,0.9971910119056702,1
C:\Users\Rohith Syam\Documents\UTS SEMESTER 3\image processing\idea 2\data\processed\faceforensics\NeuralTextures\835_651\000014.jpg,1,835,NeuralTextures,FaceForensics++,0.9930984377861023,1
C:\Users\Rohith Syam\Documents\UTS SEMESTER 3\image processing\idea 2\data\processed\faceforensics\NeuralTextures\835_651\000015.jpg,1,835,NeuralTextures,FaceForensics++,0.9972814321517944,1
C:\Users\Rohith Syam\Documents\UTS SEMESTER 3\image processing\idea 2\data\processed\faceforensics\NeuralTextures\835_651\000016.jpg,1,835,NeuralTextures,FaceForensics++,0.9970219731330872,1
C:\Users\Rohith Syam\Documents\UTS SEMESTER 3\image processing\idea 2\data\processed\faceforensics\NeuralTextures\835_651\000017.jpg,1,835,NeuralTextures,FaceForensics++,0.9966758489608765,1
C:\Users\Rohith Syam\Documents\UTS SEMESTER 3\image processing\idea 2\data\processed\faceforensics\NeuralTextures\835_651\000018.jpg,1,835,NeuralTextures,FaceForensics++,0.7072107791900635,1
C:\Users\Rohith Syam\Documents\UTS SEMESTER 3\image processing\idea 2\data\processed\faceforensics\NeuralTextures\835_651\000019.jpg,1,835,NeuralTextures,FaceForensics++,0.7955998778343201,1
C:\Users\Rohith Syam\Documents\UTS SEMESTER 3\image processing\idea 2\data\processed\faceforensics\NeuralTextures\835_651\000020.jpg,1,835,NeuralTextures,FaceForensics++,0.9778128862380981,1
C:\Users\Rohith Syam\Documents\UTS SEMESTER 3\image processing\idea 2\data\processed\faceforensics\NeuralTextures\835_651\000021.jpg,1,835,NeuralTextures,FaceForensics++,0.9890905022621155,1
C:\Users\Rohith Syam\Documents\UTS SEMESTER 3\image processing\idea 2\data\processed\faceforensics\NeuralTextures\835_651\000022.jpg,1,835,NeuralTextures,FaceForensics++,0.3672374486923218,0
C:\Users\Rohith Syam\Documents\UTS SEMESTER 3\image processing\idea 2\data\processed\faceforensics\NeuralTextures\835_651\000023.jpg,1,835,NeuralTextures,FaceForensics++,0.9949451088905334,1
C:\Users\Rohith Syam\Documents\UTS SEMESTER 3\image processing\idea 2\data\processed\faceforensics\NeuralTextures\835_651\000024.jpg,1,835,NeuralTextures,FaceForensics++,0.9140461087226868,1
C:\Users\Rohith Syam\Documents\UTS SEMESTER 3\image processing\idea 2\data\processed\faceforensics\NeuralTextures\835_651\000025.jpg,1,835,NeuralTextures,FaceForensics++,0.9980574250221252,1
C:\Users\Rohith Syam\Documents\UTS SEMESTER 3\image processing\idea 2\data\processed\faceforensics\NeuralTextures\835_651\000026.jpg,1,835,NeuralTextures,FaceForensics++,0.9156478643417358,1
C:\Users\Rohith Syam\Documents\UTS SEMESTER 3\image processing\idea 2\data\processed\faceforensics\NeuralTextures\835_651\000027.jpg,1,835,NeuralTextures,FaceForensics++,0.9946379065513611,1
C:\Users\Rohith Syam\Documents\UTS SEMESTER 3\image processing\idea 2\data\processed\faceforensics\NeuralTextures\835_651\000028.jpg,1,835,NeuralTextures,FaceForensics++,0.9939151406288147,1
C:\Users\Rohith Syam\Documents\UTS SEMESTER 3\image processing\idea 2\data\processed\faceforensics\NeuralTextures\835_651\000029.jpg,1,835,NeuralTextures,FaceForensics++,0.969965398311615,1
C:\Users\Rohith Syam\Documents\UTS SEMESTER 3\image processing\idea 2\data\processed\faceforensics\NeuralTextures\896_128\000000.jpg,1,896,NeuralTextures,FaceForensics++,0.9579334855079651,1
C:\Users\Rohith Syam\Documents\UTS SEMESTER 3\image processing\idea 2\data\processed\faceforensics\NeuralTextures\896_128\000001.jpg,1,896,NeuralTextures,FaceForensics++,0.9721885919570923,1
C:\Users\Rohith Syam\Documents\UTS SEMESTER 3\image processing\idea 2\data\processed\faceforensics\NeuralTextures\896_128\000002.jpg,1,896,NeuralTextures,FaceForensics++,0.7253363728523254,1
C:\Users\Rohith Syam\Documents\UTS SEMESTER 3\image processing\idea 2\data\processed\faceforensics\NeuralTextures\896_128\000003.jpg,1,896,NeuralTextures,FaceForensics++,0.5450933575630188,1
C:\Users\Rohith Syam\Documents\UTS SEMESTER 3\image processing\idea 2\data\processed\faceforensics\NeuralTextures\896_128\000004.jpg,1,896,NeuralTextures,FaceForensics++,0.39734360575675964,0
C:\Users\Rohith Syam\Documents\UTS SEMESTER 3\image processing\idea 2\data\processed\faceforensics\NeuralTextures\896_128\000005.jpg,1,896,NeuralTextures,FaceForensics++,0.7187977433204651,1
C:\Users\Rohith Syam\Documents\UTS SEMESTER 3\image processing\idea 2\data\processed\faceforensics\NeuralTextures\896_128\000006.jpg,1,896,NeuralTextures,FaceForensics++,0.9399582743644714,1
C:\Users\Rohith Syam\Documents\UTS SEMESTER 3\image processing\idea 2\data\processed\faceforensics\NeuralTextures\896_128\000007.jpg,1,896,NeuralTextures,FaceForensics++,0.5495054125785828,1
C:\Users\Rohith Syam\Documents\UTS SEMESTER 3\image processing\idea 2\data\processed\faceforensics\NeuralTextures\896_128\000008.jpg,1,896,NeuralTextures,FaceForensics++,0.17302300035953522,0
C:\Users\Rohith Syam\Documents\UTS SEMESTER 3\image processing\idea 2\data\processed\faceforensics\NeuralTextures\896_128\000009.jpg,1,896,NeuralTextures,FaceForensics++,0.5083361864089966,1
C:\Users\Rohith Syam\Documents\UTS SEMESTER 3\image processing\idea 2\data\processed\faceforensics\NeuralTextures\896_128\000010.jpg,1,896,NeuralTextures,FaceForensics++,0.3837333023548126,0
C:\Users\Rohith Syam\Documents\UTS SEMESTER 3\image processing\idea 2\data\processed\faceforensics\NeuralTextures\896_128\000011.jpg,1,896,NeuralTextures,FaceForensics++,0.20528040826320648,0
C:\Users\Rohith Syam\Documents\UTS SEMESTER 3\image processing\idea 2\data\processed\faceforensics\NeuralTextures\896_128\000012.jpg,1,896,NeuralTextures,FaceForensics++,0.9319729208946228,1
C:\Users\Rohith Syam\Documents\UTS SEMESTER 3\image processing\idea 2\data\processed\faceforensics\NeuralTextures\896_128\000013.jpg,1,896,NeuralTextures,FaceForensics++,0.7644273638725281,1
C:\Users\Rohith Syam\Documents\UTS SEMESTER 3\image processing\idea 2\data\processed\faceforensics\NeuralTextures\896_128\000014.jpg,1,896,NeuralTextures,FaceForensics++,0.9596714377403259,1
C:\Users\Rohith Syam\Documents\UTS SEMESTER 3\image processing\idea 2\data\processed\faceforensics\NeuralTextures\896_128\000015.jpg,1,896,NeuralTextures,FaceForensics++,0.812613844871521,1
C:\Users\Rohith Syam\Documents\UTS SEMESTER 3\image processing\idea 2\data\processed\faceforensics\NeuralTextures\896_128\000016.jpg,1,896,NeuralTextures,FaceForensics++,0.7515475153923035,1
C:\Users\Rohith Syam\Documents\UTS SEMESTER 3\image processing\idea 2\data\processed\faceforensics\NeuralTextures\896_128\000017.jpg,1,896,NeuralTextures,FaceForensics++,0.3330182135105133,0
C:\Users\Rohith Syam\Documents\UTS SEMESTER 3\image processing\idea 2\data\processed\faceforensics\NeuralTextures\896_128\000018.jpg,1,896,NeuralTextures,FaceForensics++,0.9151903390884399,1
C:\Users\Rohith Syam\Documents\UTS SEMESTER 3\image processing\idea 2\data\processed\faceforensics\NeuralTextures\896_128\000019.jpg,1,896,NeuralTextures,FaceForensics++,0.9863786697387695,1
C:\Users\Rohith Syam\Documents\UTS SEMESTER 3\image processing\idea 2\data\processed\faceforensics\NeuralTextures\896_128\000020.jpg,1,896,NeuralTextures,FaceForensics++,0.7760794758796692,1
C:\Users\Rohith Syam\Documents\UTS SEMESTER 3\image processing\idea 2\data\processed\faceforensics\NeuralTextures\896_128\000021.jpg,1,896,NeuralTextures,FaceForensics++,0.7650080919265747,1
C:\Users\Rohith Syam\Documents\UTS SEMESTER 3\image processing\idea 2\data\processed\faceforensics\NeuralTextures\896_128\000022.jpg,1,896,NeuralTextures,FaceForensics++,0.6004765033721924,1
C:\Users\Rohith Syam\Documents\UTS SEMESTER 3\image processing\idea 2\data\processed\faceforensics\NeuralTextures\896_128\000023.jpg,1,896,NeuralTextures,FaceForensics++,0.4189615845680237,0
C:\Users\Rohith Syam\Documents\UTS SEMESTER 3\image processing\idea 2\data\processed\faceforensics\NeuralTextures\896_128\000024.jpg,1,896,NeuralTextures,FaceForensics++,0.33182311058044434,0
C:\Users\Rohith Syam\Documents\UTS SEMESTER 3\image processing\idea 2\data\processed\faceforensics\NeuralTextures\896_128\000025.jpg,1,896,NeuralTextures,FaceForensics++,0.9850463271141052,1
C:\Users\Rohith Syam\Documents\UTS SEMESTER 3\image processing\idea 2\data\processed\faceforensics\NeuralTextures\896_128\000026.jpg,1,896,NeuralTextures,FaceForensics++,0.7258403897285461,1
C:\Users\Rohith Syam\Documents\UTS SEMESTER 3\image processing\idea 2\data\processed\faceforensics\NeuralTextures\896_128\000027.jpg,1,896,NeuralTextures,FaceForensics++,0.7069593071937561,1
C:\Users\Rohith Syam\Documents\UTS SEMESTER 3\image processing\idea 2\data\processed\faceforensics\NeuralTextures\896_128\000028.jpg,1,896,NeuralTextures,FaceForensics++,0.4013743996620178,0
C:\Users\Rohith Syam\Documents\UTS SEMESTER 3\image processing\idea 2\data\processed\faceforensics\NeuralTextures\896_128\000029.jpg,1,896,NeuralTextures,FaceForensics++,0.7512293457984924,1
C:\Users\Rohith Syam\Documents\UTS SEMESTER 3\image processing\idea 2\data\processed\faceforensics\NeuralTextures\980_992\000000.jpg,1,980,NeuralTextures,FaceForensics++,0.9592000246047974,1
C:\Users\Rohith Syam\Documents\UTS SEMESTER 3\image processing\idea 2\data\processed\faceforensics\NeuralTextures\980_992\000001.jpg,1,980,NeuralTextures,FaceForensics++,0.9993322491645813,1
C:\Users\Rohith Syam\Documents\UTS SEMESTER 3\image processing\idea 2\data\processed\faceforensics\NeuralTextures\980_992\000002.jpg,1,980,NeuralTextures,FaceForensics++,0.9970282912254333,1
C:\Users\Rohith Syam\Documents\UTS SEMESTER 3\image processing\idea 2\data\processed\faceforensics\NeuralTextures\980_992\000003.jpg,1,980,NeuralTextures,FaceForensics++,0.9988460540771484,1
C:\Users\Rohith Syam\Documents\UTS SEMESTER 3\image processing\idea 2\data\processed\faceforensics\NeuralTextures\980_992\000004.jpg,1,980,NeuralTextures,FaceForensics++,0.99957674741745,1
C:\Users\Rohith Syam\Documents\UTS SEMESTER 3\image processing\idea 2\data\processed\faceforensics\NeuralTextures\980_992\000005.jpg,1,980,NeuralTextures,FaceForensics++,0.9996528625488281,1
C:\Users\Rohith Syam\Documents\UTS SEMESTER 3\image processing\idea 2\data\processed\faceforensics\NeuralTextures\980_992\000006.jpg,1,980,NeuralTextures,FaceForensics++,0.9985519051551819,1
C:\Users\Rohith Syam\Documents\UTS SEMESTER 3\image processing\idea 2\data\processed\faceforensics\NeuralTextures\980_992\000007.jpg,1,980,NeuralTextures,FaceForensics++,0.9933483004570007,1
C:\Users\Rohith Syam\Documents\UTS SEMESTER 3\image processing\idea 2\data\processed\faceforensics\NeuralTextures\980_992\000008.jpg,1,980,NeuralTextures,FaceForensics++,0.9959904551506042,1
C:\Users\Rohith Syam\Documents\UTS SEMESTER 3\image processing\idea 2\data\processed\faceforensics\NeuralTextures\980_992\000009.jpg,1,980,NeuralTextures,FaceForensics++,0.9962814450263977,1
C:\Users\Rohith Syam\Documents\UTS SEMESTER 3\image processing\idea 2\data\processed\faceforensics\NeuralTextures\980_992\000010.jpg,1,980,NeuralTextures,FaceForensics++,0.9972878694534302,1
C:\Users\Rohith Syam\Documents\UTS SEMESTER 3\image processing\idea 2\data\processed\faceforensics\NeuralTextures\980_992\000011.jpg,1,980,NeuralTextures,FaceForensics++,0.99394690990448,1
C:\Users\Rohith Syam\Documents\UTS SEMESTER 3\image processing\idea 2\data\processed\faceforensics\NeuralTextures\980_992\000012.jpg,1,980,NeuralTextures,FaceForensics++,0.9991770386695862,1
C:\Users\Rohith Syam\Documents\UTS SEMESTER 3\image processing\idea 2\data\processed\faceforensics\NeuralTextures\980_992\000013.jpg,1,980,NeuralTextures,FaceForensics++,0.9999063014984131,1
C:\Users\Rohith Syam\Documents\UTS SEMESTER 3\image processing\idea 2\data\processed\faceforensics\NeuralTextures\980_992\000014.jpg,1,980,NeuralTextures,FaceForensics++,0.9999775886535645,1
C:\Users\Rohith Syam\Documents\UTS SEMESTER 3\image processing\idea 2\data\processed\faceforensics\NeuralTextures\980_992\000015.jpg,1,980,NeuralTextures,FaceForensics++,0.9988178610801697,1
C:\Users\Rohith Syam\Documents\UTS SEMESTER 3\image processing\idea 2\data\processed\faceforensics\NeuralTextures\980_992\000016.jpg,1,980,NeuralTextures,FaceForensics++,0.9953024387359619,1
C:\Users\Rohith Syam\Documents\UTS SEMESTER 3\image processing\idea 2\data\processed\faceforensics\NeuralTextures\980_992\000017.jpg,1,980,NeuralTextures,FaceForensics++,0.9979609251022339,1
C:\Users\Rohith Syam\Documents\UTS SEMESTER 3\image processing\idea 2\data\processed\faceforensics\NeuralTextures\980_992\000018.jpg,1,980,NeuralTextures,FaceForensics++,0.9996668100357056,1
C:\Users\Rohith Syam\Documents\UTS SEMESTER 3\image processing\idea 2\data\processed\faceforensics\NeuralTextures\980_992\000019.jpg,1,980,NeuralTextures,FaceForensics++,0.9977583885192871,1
C:\Users\Rohith Syam\Documents\UTS SEMESTER 3\image processing\idea 2\data\processed\faceforensics\NeuralTextures\980_992\000020.jpg,1,980,NeuralTextures,FaceForensics++,0.9985606074333191,1
C:\Users\Rohith Syam\Documents\UTS SEMESTER 3\image processing\idea 2\data\processed\faceforensics\NeuralTextures\980_992\000021.jpg,1,980,NeuralTextures,FaceForensics++,0.997590184211731,1
C:\Users\Rohith Syam\Documents\UTS SEMESTER 3\image processing\idea 2\data\processed\faceforensics\NeuralTextures\980_992\000022.jpg,1,980,NeuralTextures,FaceForensics++,0.9983880519866943,1
C:\Users\Rohith Syam\Documents\UTS SEMESTER 3\image processing\idea 2\data\processed\faceforensics\NeuralTextures\980_992\000023.jpg,1,980,NeuralTextures,FaceForensics++,0.9985042810440063,1
C:\Users\Rohith Syam\Documents\UTS SEMESTER 3\image processing\idea 2\data\processed\faceforensics\NeuralTextures\980_992\000024.jpg,1,980,NeuralTextures,FaceForensics++,0.9967617988586426,1
C:\Users\Rohith Syam\Documents\UTS SEMESTER 3\image processing\idea 2\data\processed\faceforensics\NeuralTextures\980_992\000025.jpg,1,980,NeuralTextures,FaceForensics++,0.9976423382759094,1
C:\Users\Rohith Syam\Documents\UTS SEMESTER 3\image processing\idea 2\data\processed\faceforensics\NeuralTextures\980_992\000026.jpg,1,980,NeuralTextures,FaceForensics++,0.9956890940666199,1
C:\Users\Rohith Syam\Documents\UTS SEMESTER 3\image processing\idea 2\data\processed\faceforensics\NeuralTextures\980_992\000027.jpg,1,980,NeuralTextures,FaceForensics++,0.9989126920700073,1
C:\Users\Rohith Syam\Documents\UTS SEMESTER 3\image processing\idea 2\data\processed\faceforensics\NeuralTextures\980_992\000028.jpg,1,980,NeuralTextures,FaceForensics++,0.9886608123779297,1
C:\Users\Rohith Syam\Documents\UTS SEMESTER 3\image processing\idea 2\data\processed\faceforensics\NeuralTextures\980_992\000029.jpg,1,980,NeuralTextures,FaceForensics++,0.9992172718048096,1
