image_path,label,video_id,method,dataset,sample_id,target_group,source_video_ids,actual_video_id,split,protocol_id,prob_fake,domain,group,Index,tsne_x,tsne_y
faceforensics/real/062/000010.jpg,0,62,real,FaceForensics++,faceforensics/real/062/000010.jpg,62.0,62,062,test,source_video_disjoint_v1,0.9997141,FF++,FF++ real,,8.518698,-4.728949
faceforensics/real/938/000017.jpg,0,938,real,FaceForensics++,faceforensics/real/938/000017.jpg,938.0,938,938,test,source_video_disjoint_v1,6.809984e-07,FF++,FF++ real,,-37.210033,-2.981037
faceforensics/real/257/000021.jpg,0,257,real,FaceForensics++,faceforensics/real/257/000021.jpg,257.0,257,257,test,source_video_disjoint_v1,0.9872543,FF++,FF++ real,,2.1583073,-18.593199
faceforensics/real/672/000018.jpg,0,672,real,FaceForensics++,faceforensics/real/672/000018.jpg,672.0,672,672,test,source_video_disjoint_v1,0.9297132,FF++,FF++ real,,-1.8044885,-17.131536
faceforensics/real/008/000009.jpg,0,8,real,FaceForensics++,faceforensics/real/008/000009.jpg,8.0,8,008,test,source_video_disjoint_v1,0.005294434,FF++,FF++ real,,-7.7921505,-15.717224
faceforensics/real/779/000011.jpg,0,779,real,FaceForensics++,faceforensics/real/779/000011.jpg,779.0,779,779,test,source_video_disjoint_v1,0.15542172,FF++,FF++ real,,-30.964567,7.752336
faceforensics/real/438/000029.jpg,0,438,real,FaceForensics++,faceforensics/real/438/000029.jpg,438.0,438,438,test,source_video_disjoint_v1,0.06535538,FF++,FF++ real,,1.7365036,-9.456869
faceforensics/real/096/000020.jpg,0,96,real,FaceForensics++,faceforensics/real/096/000020.jpg,96.0,96,096,test,source_video_disjoint_v1,0.013934133,FF++,FF++ real,,-10.0983515,-22.033672
faceforensics/real/192/000019.jpg,0,192,real,FaceForensics++,faceforensics/real/192/000019.jpg,192.0,192,192,test,source_video_disjoint_v1,9.419879e-05,FF++,FF++ real,,-20.39471,-20.282127
faceforensics/real/599/000023.jpg,0,599,real,FaceForensics++,faceforensics/real/599/000023.jpg,599.0,599,599,test,source_video_disjoint_v1,0.44741315,FF++,FF++ real,,-10.732507,-17.965069
faceforensics/real/876/000021.jpg,0,876,real,FaceForensics++,faceforensics/real/876/000021.jpg,876.0,876,876,test,source_video_disjoint_v1,3.589647e-05,FF++,FF++ real,,-36.518116,0.7120445
faceforensics/real/737/000021.jpg,0,737,real,FaceForensics++,faceforensics/real/737/000021.jpg,737.0,737,737,test,source_video_disjoint_v1,0.00021306888,FF++,FF++ real,,-27.80082,20.857365
faceforensics/real/210/000018.jpg,0,210,real,FaceForensics++,faceforensics/real/210/000018.jpg,210.0,210,210,test,source_video_disjoint_v1,0.9990901,FF++,FF++ real,,5.284696,7.9872074
faceforensics/real/488/000002.jpg,0,488,real,FaceForensics++,faceforensics/real/488/000002.jpg,488.0,488,488,test,source_video_disjoint_v1,0.003265046,FF++,FF++ real,,-1.8786454,-11.487692
faceforensics/real/719/000028.jpg,0,719,real,FaceForensics++,faceforensics/real/719/000028.jpg,719.0,719,719,test,source_video_disjoint_v1,0.954209,FF++,FF++ real,,-9.52572,37.79451
faceforensics/real/448/000003.jpg,0,448,real,FaceForensics++,faceforensics/real/448/000003.jpg,448.0,448,448,test,source_video_disjoint_v1,0.0004905938,FF++,FF++ real,,-32.01089,4.8205647
faceforensics/real/651/000002.jpg,0,651,real,FaceForensics++,faceforensics/real/651/000002.jpg,651.0,651,651,test,source_video_disjoint_v1,0.00021875581,FF++,FF++ real,,-19.165062,-20.435278
faceforensics/real/683/000028.jpg,0,683,real,FaceForensics++,faceforensics/real/683/000028.jpg,683.0,683,683,test,source_video_disjoint_v1,0.91331494,FF++,FF++ real,,-4.1522794,-13.0727825
faceforensics/real/258/000020.jpg,0,258,real,FaceForensics++,faceforensics/real/258/000020.jpg,258.0,258,258,test,source_video_disjoint_v1,0.005933451,FF++,FF++ real,,-15.938823,-21.337961
faceforensics/real/835/000006.jpg,0,835,real,FaceForensics++,faceforensics/real/835/000006.jpg,835.0,835,835,test,source_video_disjoint_v1,0.032886602,FF++,FF++ real,,-5.635544,-20.872976
faceforensics/real/677/000015.jpg,0,677,real,FaceForensics++,faceforensics/real/677/000015.jpg,677.0,677,677,test,source_video_disjoint_v1,0.07779844,FF++,FF++ real,,4.34051,1.0875944
faceforensics/real/004/000023.jpg,0,4,real,FaceForensics++,faceforensics/real/004/000023.jpg,4.0,4,004,test,source_video_disjoint_v1,0.22829847,FF++,FF++ real,,-8.229437,11.045257
faceforensics/real/246/000029.jpg,0,246,real,FaceForensics++,faceforensics/real/246/000029.jpg,246.0,246,246,test,source_video_disjoint_v1,0.0006044023,FF++,FF++ real,,-16.23775,-24.097486
faceforensics/real/468/000010.jpg,0,468,real,FaceForensics++,faceforensics/real/468/000010.jpg,468.0,468,468,test,source_video_disjoint_v1,0.00039308416,FF++,FF++ real,,5.907752,29.551533
faceforensics/real/598/000014.jpg,0,598,real,FaceForensics++,faceforensics/real/598/000014.jpg,598.0,598,598,test,source_video_disjoint_v1,0.99613684,FF++,FF++ real,,5.1268997,-5.3783193
faceforensics/real/554/000003.jpg,0,554,real,FaceForensics++,faceforensics/real/554/000003.jpg,554.0,554,554,test,source_video_disjoint_v1,0.58206767,FF++,FF++ real,,-1.6777294,14.39108
faceforensics/real/470/000006.jpg,0,470,real,FaceForensics++,faceforensics/real/470/000006.jpg,470.0,470,470,test,source_video_disjoint_v1,0.3055498,FF++,FF++ real,,13.255948,11.948681
faceforensics/real/439/000002.jpg,0,439,real,FaceForensics++,faceforensics/real/439/000002.jpg,439.0,439,439,test,source_video_disjoint_v1,0.9211706,FF++,FF++ real,,5.3928304,-12.870881
faceforensics/real/942/000003.jpg,0,942,real,FaceForensics++,faceforensics/real/942/000003.jpg,942.0,942,942,test,source_video_disjoint_v1,0.0028197675,FF++,FF++ real,,-4.419534,34.72706
faceforensics/real/969/000025.jpg,0,969,real,FaceForensics++,faceforensics/real/969/000025.jpg,969.0,969,969,test,source_video_disjoint_v1,0.58594954,FF++,FF++ real,,1.3617598,-22.470713
faceforensics/real/062/000012.jpg,0,62,real,FaceForensics++,faceforensics/real/062/000012.jpg,62.0,62,062,test,source_video_disjoint_v1,0.99916184,FF++,FF++ real,,8.345786,-4.7465606
faceforensics/real/192/000000.jpg,0,192,real,FaceForensics++,faceforensics/real/192/000000.jpg,192.0,192,192,test,source_video_disjoint_v1,0.00013030613,FF++,FF++ real,,-20.099102,-19.759842
faceforensics/real/672/000020.jpg,0,672,real,FaceForensics++,faceforensics/real/672/000020.jpg,672.0,672,672,test,source_video_disjoint_v1,0.009340876,FF++,FF++ real,,-4.0382633,-16.927921
faceforensics/real/488/000027.jpg,0,488,real,FaceForensics++,faceforensics/real/488/000027.jpg,488.0,488,488,test,source_video_disjoint_v1,0.13298868,FF++,FF++ real,,-1.3538494,-11.160183
faceforensics/real/257/000001.jpg,0,257,real,FaceForensics++,faceforensics/real/257/000001.jpg,257.0,257,257,test,source_video_disjoint_v1,0.01658071,FF++,FF++ real,,-6.800287,-16.92123
faceforensics/real/779/000021.jpg,0,779,real,FaceForensics++,faceforensics/real/779/000021.jpg,779.0,779,779,test,source_video_disjoint_v1,0.042649362,FF++,FF++ real,,-31.04477,7.577356
faceforensics/real/448/000014.jpg,0,448,real,FaceForensics++,faceforensics/real/448/000014.jpg,448.0,448,448,test,source_video_disjoint_v1,0.00021546507,FF++,FF++ real,,-31.880096,4.7333493
faceforensics/real/008/000000.jpg,0,8,real,FaceForensics++,faceforensics/real/008/000000.jpg,8.0,8,008,test,source_video_disjoint_v1,0.0053955107,FF++,FF++ real,,-7.9349217,-15.7090225
faceforensics/real/938/000027.jpg,0,938,real,FaceForensics++,faceforensics/real/938/000027.jpg,938.0,938,938,test,source_video_disjoint_v1,7.8810655e-07,FF++,FF++ real,,-37.20289,-2.9921882
faceforensics/real/599/000012.jpg,0,599,real,FaceForensics++,faceforensics/real/599/000012.jpg,599.0,599,599,test,source_video_disjoint_v1,0.0060585267,FF++,FF++ real,,-8.88064,-18.605883
faceforensics/real/438/000028.jpg,0,438,real,FaceForensics++,faceforensics/real/438/000028.jpg,438.0,438,438,test,source_video_disjoint_v1,0.08312334,FF++,FF++ real,,1.755606,-9.4108305
faceforensics/real/719/000015.jpg,0,719,real,FaceForensics++,faceforensics/real/719/000015.jpg,719.0,719,719,test,source_video_disjoint_v1,0.30688128,FF++,FF++ real,,-6.481516,37.256382
faceforensics/real/683/000022.jpg,0,683,real,FaceForensics++,faceforensics/real/683/000022.jpg,683.0,683,683,test,source_video_disjoint_v1,0.369559,FF++,FF++ real,,-4.302057,-13.440407
faceforensics/real/677/000025.jpg,0,677,real,FaceForensics++,faceforensics/real/677/000025.jpg,677.0,677,677,test,source_video_disjoint_v1,0.9949831,FF++,FF++ real,,5.1149583,0.42118207
faceforensics/real/651/000009.jpg,0,651,real,FaceForensics++,faceforensics/real/651/000009.jpg,651.0,651,651,test,source_video_disjoint_v1,0.00015236609,FF++,FF++ real,,-19.114647,-20.091291
faceforensics/real/258/000007.jpg,0,258,real,FaceForensics++,faceforensics/real/258/000007.jpg,258.0,258,258,test,source_video_disjoint_v1,0.0068660444,FF++,FF++ real,,-15.894784,-21.35743
faceforensics/real/470/000000.jpg,0,470,real,FaceForensics++,faceforensics/real/470/000000.jpg,470.0,470,470,test,source_video_disjoint_v1,0.031197228,FF++,FF++ real,,12.784384,12.505595
faceforensics/real/246/000028.jpg,0,246,real,FaceForensics++,faceforensics/real/246/000028.jpg,246.0,246,246,test,source_video_disjoint_v1,0.00024722368,FF++,FF++ real,,-16.193106,-24.095446
faceforensics/real/439/000028.jpg,0,439,real,FaceForensics++,faceforensics/real/439/000028.jpg,439.0,439,439,test,source_video_disjoint_v1,0.35359487,FF++,FF++ real,,4.855541,-12.702059
faceforensics/real/468/000001.jpg,0,468,real,FaceForensics++,faceforensics/real/468/000001.jpg,468.0,468,468,test,source_video_disjoint_v1,0.01643611,FF++,FF++ real,,7.869116,27.723757
faceforensics/real/598/000013.jpg,0,598,real,FaceForensics++,faceforensics/real/598/000013.jpg,598.0,598,598,test,source_video_disjoint_v1,0.9989152,FF++,FF++ real,,5.260804,-5.3817916
faceforensics/real/210/000024.jpg,0,210,real,FaceForensics++,faceforensics/real/210/000024.jpg,210.0,210,210,test,source_video_disjoint_v1,0.99795246,FF++,FF++ real,,5.159104,7.9500937
faceforensics/real/835/000027.jpg,0,835,real,FaceForensics++,faceforensics/real/835/000027.jpg,835.0,835,835,test,source_video_disjoint_v1,0.0027072574,FF++,FF++ real,,-6.4048986,-20.443663
faceforensics/real/876/000020.jpg,0,876,real,FaceForensics++,faceforensics/real/876/000020.jpg,876.0,876,876,test,source_video_disjoint_v1,1.1562751e-05,FF++,FF++ real,,-36.5118,0.6146406
faceforensics/real/969/000004.jpg,0,969,real,FaceForensics++,faceforensics/real/969/000004.jpg,969.0,969,969,test,source_video_disjoint_v1,0.43392828,FF++,FF++ real,,0.90057427,-22.474047
faceforensics/real/554/000015.jpg,0,554,real,FaceForensics++,faceforensics/real/554/000015.jpg,554.0,554,554,test,source_video_disjoint_v1,0.9617993,FF++,FF++ real,,-1.6148232,14.354578
faceforensics/real/096/000006.jpg,0,96,real,FaceForensics++,faceforensics/real/096/000006.jpg,96.0,96,096,test,source_video_disjoint_v1,0.00034326542,FF++,FF++ real,,-10.410131,-22.037216
faceforensics/real/942/000017.jpg,0,942,real,FaceForensics++,faceforensics/real/942/000017.jpg,942.0,942,942,test,source_video_disjoint_v1,0.01317642,FF++,FF++ real,,-4.435201,34.79892
faceforensics/real/737/000019.jpg,0,737,real,FaceForensics++,faceforensics/real/737/000019.jpg,737.0,737,737,test,source_video_disjoint_v1,0.000120047625,FF++,FF++ real,,-27.807384,20.829683
faceforensics/real/004/000005.jpg,0,4,real,FaceForensics++,faceforensics/real/004/000005.jpg,4.0,4,004,test,source_video_disjoint_v1,0.00026298696,FF++,FF++ real,,-34.12226,1.5208539
faceforensics/real/062/000026.jpg,0,62,real,FaceForensics++,faceforensics/real/062/000026.jpg,62.0,62,062,test,source_video_disjoint_v1,0.98554754,FF++,FF++ real,,8.285164,-4.6786647
faceforensics/real/599/000021.jpg,0,599,real,FaceForensics++,faceforensics/real/599/000021.jpg,599.0,599,599,test,source_video_disjoint_v1,0.007780293,FF++,FF++ real,,-8.91217,-18.633413
faceforensics/real/672/000019.jpg,0,672,real,FaceForensics++,faceforensics/real/672/000019.jpg,672.0,672,672,test,source_video_disjoint_v1,0.0041775024,FF++,FF++ real,,-4.023642,-16.898449
faceforensics/real/488/000011.jpg,0,488,real,FaceForensics++,faceforensics/real/488/000011.jpg,488.0,488,488,test,source_video_disjoint_v1,0.118522994,FF++,FF++ real,,-1.2665852,-11.134986
faceforensics/real/257/000029.jpg,0,257,real,FaceForensics++,faceforensics/real/257/000029.jpg,257.0,257,257,test,source_video_disjoint_v1,0.028210016,FF++,FF++ real,,-7.13587,-16.520388
faceforensics/real/779/000024.jpg,0,779,real,FaceForensics++,faceforensics/real/779/000024.jpg,779.0,779,779,test,source_video_disjoint_v1,0.0020874518,FF++,FF++ real,,-31.369827,6.834358
faceforensics/real/938/000022.jpg,0,938,real,FaceForensics++,faceforensics/real/938/000022.jpg,938.0,938,938,test,source_video_disjoint_v1,1.1702391e-06,FF++,FF++ real,,-37.208645,-2.9717588
faceforensics/real/448/000022.jpg,0,448,real,FaceForensics++,faceforensics/real/448/000022.jpg,448.0,448,448,test,source_video_disjoint_v1,0.0003096162,FF++,FF++ real,,-31.801111,4.671732
faceforensics/real/438/000010.jpg,0,438,real,FaceForensics++,faceforensics/real/438/000010.jpg,438.0,438,438,test,source_video_disjoint_v1,0.87521124,FF++,FF++ real,,2.761882,-8.189013
faceforensics/real/192/000017.jpg,0,192,real,FaceForensics++,faceforensics/real/192/000017.jpg,192.0,192,192,test,source_video_disjoint_v1,0.00010536987,FF++,FF++ real,,-20.268858,-20.314667
faceforensics/real/651/000003.jpg,0,651,real,FaceForensics++,faceforensics/real/651/000003.jpg,651.0,651,651,test,source_video_disjoint_v1,0.00018897539,FF++,FF++ real,,-18.718597,-20.799776
faceforensics/real/008/000014.jpg,0,8,real,FaceForensics++,faceforensics/real/008/000014.jpg,8.0,8,008,test,source_video_disjoint_v1,0.11355808,FF++,FF++ real,,-7.0119095,-15.392034
faceforensics/real/246/000018.jpg,0,246,real,FaceForensics++,faceforensics/real/246/000018.jpg,246.0,246,246,test,source_video_disjoint_v1,0.0029835834,FF++,FF++ real,,-15.926536,-24.312916
faceforensics/real/719/000008.jpg,0,719,real,FaceForensics++,faceforensics/real/719/000008.jpg,719.0,719,719,test,source_video_disjoint_v1,0.10101221,FF++,FF++ real,,-6.1106863,36.92944
faceforensics/real/677/000026.jpg,0,677,real,FaceForensics++,faceforensics/real/677/000026.jpg,677.0,677,677,test,source_video_disjoint_v1,0.9937756,FF++,FF++ real,,5.076804,0.45740825
faceforensics/real/439/000014.jpg,0,439,real,FaceForensics++,faceforensics/real/439/000014.jpg,439.0,439,439,test,source_video_disjoint_v1,0.14128147,FF++,FF++ real,,4.826371,-12.700411
faceforensics/real/468/000021.jpg,0,468,real,FaceForensics++,faceforensics/real/468/000021.jpg,468.0,468,468,test,source_video_disjoint_v1,0.0006649328,FF++,FF++ real,,6.173853,29.819296
faceforensics/real/598/000005.jpg,0,598,real,FaceForensics++,faceforensics/real/598/000005.jpg,598.0,598,598,test,source_video_disjoint_v1,0.9969645,FF++,FF++ real,,5.2834396,-5.327641
faceforensics/real/876/000029.jpg,0,876,real,FaceForensics++,faceforensics/real/876/000029.jpg,876.0,876,876,test,source_video_disjoint_v1,3.751089e-05,FF++,FF++ real,,-36.51831,0.76917076
faceforensics/real/835/000028.jpg,0,835,real,FaceForensics++,faceforensics/real/835/000028.jpg,835.0,835,835,test,source_video_disjoint_v1,0.0025518432,FF++,FF++ real,,-6.423252,-20.635132
faceforensics/real/470/000008.jpg,0,470,real,FaceForensics++,faceforensics/real/470/000008.jpg,470.0,470,470,test,source_video_disjoint_v1,0.022580024,FF++,FF++ real,,12.656906,12.53058
faceforensics/real/683/000001.jpg,0,683,real,FaceForensics++,faceforensics/real/683/000001.jpg,683.0,683,683,test,source_video_disjoint_v1,0.019085193,FF++,FF++ real,,-4.5196824,-14.783183
faceforensics/real/969/000015.jpg,0,969,real,FaceForensics++,faceforensics/real/969/000015.jpg,969.0,969,969,test,source_video_disjoint_v1,0.84813166,FF++,FF++ real,,1.5661814,-22.482367
faceforensics/real/258/000025.jpg,0,258,real,FaceForensics++,faceforensics/real/258/000025.jpg,258.0,258,258,test,source_video_disjoint_v1,0.0023707072,FF++,FF++ real,,-16.084288,-21.263464
faceforensics/real/210/000015.jpg,0,210,real,FaceForensics++,faceforensics/real/210/000015.jpg,210.0,210,210,test,source_video_disjoint_v1,0.99537176,FF++,FF++ real,,5.0916095,7.9290137
faceforensics/real/096/000019.jpg,0,96,real,FaceForensics++,faceforensics/real/096/000019.jpg,96.0,96,096,test,source_video_disjoint_v1,0.8315253,FF++,FF++ real,,3.5728836,-19.26912
faceforensics/real/737/000003.jpg,0,737,real,FaceForensics++,faceforensics/real/737/000003.jpg,737.0,737,737,test,source_video_disjoint_v1,0.0001710314,FF++,FF++ real,,-27.322624,21.453064
faceforensics/real/554/000014.jpg,0,554,real,FaceForensics++,faceforensics/real/554/000014.jpg,554.0,554,554,test,source_video_disjoint_v1,0.82854366,FF++,FF++ real,,-1.6447226,14.367195
faceforensics/real/004/000025.jpg,0,4,real,FaceForensics++,faceforensics/real/004/000025.jpg,4.0,4,004,test,source_video_disjoint_v1,0.23922712,FF++,FF++ real,,-8.229016,11.047016
faceforensics/real/942/000010.jpg,0,942,real,FaceForensics++,faceforensics/real/942/000010.jpg,942.0,942,942,test,source_video_disjoint_v1,0.013093989,FF++,FF++ real,,-4.463472,34.801167
faceforensics/real/062/000007.jpg,0,62,real,FaceForensics++,faceforensics/real/062/000007.jpg,62.0,62,062,test,source_video_disjoint_v1,0.9977502,FF++,FF++ real,,8.323008,-4.7157702
faceforensics/real/257/000005.jpg,0,257,real,FaceForensics++,faceforensics/real/257/000005.jpg,257.0,257,257,test,source_video_disjoint_v1,0.13148427,FF++,FF++ real,,-6.786892,-16.774748
faceforensics/real/599/000009.jpg,0,599,real,FaceForensics++,faceforensics/real/599/000009.jpg,599.0,599,599,test,source_video_disjoint_v1,0.012948282,FF++,FF++ real,,-9.968194,-18.209702
faceforensics/real/779/000019.jpg,0,779,real,FaceForensics++,faceforensics/real/779/000019.jpg,779.0,779,779,test,source_video_disjoint_v1,0.0009669486,FF++,FF++ real,,-31.472458,6.609945
faceforensics/real/488/000028.jpg,0,488,real,FaceForensics++,faceforensics/real/488/000028.jpg,488.0,488,488,test,source_video_disjoint_v1,0.96611786,FF++,FF++ real,,-0.56323737,-10.509284
faceforensics/real/672/000013.jpg,0,672,real,FaceForensics++,faceforensics/real/672/000013.jpg,672.0,672,672,test,source_video_disjoint_v1,0.5200769,FF++,FF++ real,,-2.2896204,-16.92991
faceforensics/real/938/000016.jpg,0,938,real,FaceForensics++,faceforensics/real/938/000016.jpg,938.0,938,938,test,source_video_disjoint_v1,8.38907e-07,FF++,FF++ real,,-37.211494,-2.9470227
faceforensics/real/192/000016.jpg,0,192,real,FaceForensics++,faceforensics/real/192/000016.jpg,192.0,192,192,test,source_video_disjoint_v1,3.9818475e-05,FF++,FF++ real,,-20.67552,-20.416033
faceforensics/real/719/000004.jpg,0,719,real,FaceForensics++,faceforensics/real/719/000004.jpg,719.0,719,719,test,source_video_disjoint_v1,0.17929953,FF++,FF++ real,,-6.674437,37.354298
faceforensics/real/448/000016.jpg,0,448,real,FaceForensics++,faceforensics/real/448/000016.jpg,448.0,448,448,test,source_video_disjoint_v1,0.0020017675,FF++,FF++ real,,-32.121315,4.8751645
faceforensics/real/651/000005.jpg,0,651,real,FaceForensics++,faceforensics/real/651/000005.jpg,651.0,651,651,test,source_video_disjoint_v1,0.00011546934,FF++,FF++ real,,-19.336313,-20.373642
faceforensics/real/246/000016.jpg,0,246,real,FaceForensics++,faceforensics/real/246/000016.jpg,246.0,246,246,test,source_video_disjoint_v1,0.0029702347,FF++,FF++ real,,-15.89245,-24.348438
faceforensics/real/835/000001.jpg,0,835,real,FaceForensics++,faceforensics/real/835/000001.jpg,835.0,835,835,test,source_video_disjoint_v1,0.0013502539,FF++,FF++ real,,-6.4727015,-20.784912
faceforensics/real/470/000015.jpg,0,470,real,FaceForensics++,faceforensics/real/470/000015.jpg,470.0,470,470,test,source_video_disjoint_v1,0.08806259,FF++,FF++ real,,12.746017,12.204806
faceforensics/real/876/000014.jpg,0,876,real,FaceForensics++,faceforensics/real/876/000014.jpg,876.0,876,876,test,source_video_disjoint_v1,0.0008018532,FF++,FF++ real,,-36.60279,1.0106267
faceforensics/real/598/000001.jpg,0,598,real,FaceForensics++,faceforensics/real/598/000001.jpg,598.0,598,598,test,source_video_disjoint_v1,0.99889696,FF++,FF++ real,,5.1879816,-5.415988
faceforensics/real/969/000021.jpg,0,969,real,FaceForensics++,faceforensics/real/969/000021.jpg,969.0,969,969,test,source_video_disjoint_v1,0.9063615,FF++,FF++ real,,1.6888391,-22.492666
faceforensics/real/439/000026.jpg,0,439,real,FaceForensics++,faceforensics/real/439/000026.jpg,439.0,439,439,test,source_video_disjoint_v1,0.9840209,FF++,FF++ real,,5.5686126,-12.928769
faceforensics/real/438/000024.jpg,0,438,real,FaceForensics++,faceforensics/real/438/000024.jpg,438.0,438,438,test,source_video_disjoint_v1,0.98199856,FF++,FF++ real,,2.9736593,-7.826117
faceforensics/real/468/000003.jpg,0,468,real,FaceForensics++,faceforensics/real/468/000003.jpg,468.0,468,468,test,source_video_disjoint_v1,0.0011621258,FF++,FF++ real,,5.9550333,30.050245
faceforensics/real/677/000003.jpg,0,677,real,FaceForensics++,faceforensics/real/677/000003.jpg,677.0,677,677,test,source_video_disjoint_v1,0.49528918,FF++,FF++ real,,4.399437,1.0407268
faceforensics/real/258/000010.jpg,0,258,real,FaceForensics++,faceforensics/real/258/000010.jpg,258.0,258,258,test,source_video_disjoint_v1,0.008134437,FF++,FF++ real,,-15.868628,-21.328718
faceforensics/real/008/000019.jpg,0,8,real,FaceForensics++,faceforensics/real/008/000019.jpg,8.0,8,008,test,source_video_disjoint_v1,0.29748496,FF++,FF++ real,,-6.7780023,-15.180861
faceforensics/real/683/000027.jpg,0,683,real,FaceForensics++,faceforensics/real/683/000027.jpg,683.0,683,683,test,source_video_disjoint_v1,0.023330491,FF++,FF++ real,,-4.504804,-14.82917
faceforensics/real/554/000012.jpg,0,554,real,FaceForensics++,faceforensics/real/554/000012.jpg,554.0,554,554,test,source_video_disjoint_v1,0.98847544,FF++,FF++ real,,-1.5244619,14.321903
faceforensics/real/096/000007.jpg,0,96,real,FaceForensics++,faceforensics/real/096/000007.jpg,96.0,96,096,test,source_video_disjoint_v1,0.009476215,FF++,FF++ real,,-10.120326,-22.057907
faceforensics/real/004/000010.jpg,0,4,real,FaceForensics++,faceforensics/real/004/000010.jpg,4.0,4,004,test,source_video_disjoint_v1,9.908629e-05,FF++,FF++ real,,-34.170654,1.5030103
faceforensics/real/942/000022.jpg,0,942,real,FaceForensics++,faceforensics/real/942/000022.jpg,942.0,942,942,test,source_video_disjoint_v1,0.00648191,FF++,FF++ real,,-4.4827294,34.833138
faceforensics/real/737/000007.jpg,0,737,real,FaceForensics++,faceforensics/real/737/000007.jpg,737.0,737,737,test,source_video_disjoint_v1,0.00017885256,FF++,FF++ real,,-27.654425,20.922165
faceforensics/real/210/000005.jpg,0,210,real,FaceForensics++,faceforensics/real/210/000005.jpg,210.0,210,210,test,source_video_disjoint_v1,0.605215,FF++,FF++ real,,4.4937587,7.828651
faceforensics/real/062/000003.jpg,0,62,real,FaceForensics++,faceforensics/real/062/000003.jpg,62.0,62,062,test,source_video_disjoint_v1,0.99638164,FF++,FF++ real,,8.343312,-4.727099
faceforensics/real/257/000003.jpg,0,257,real,FaceForensics++,faceforensics/real/257/000003.jpg,257.0,257,257,test,source_video_disjoint_v1,0.9610397,FF++,FF++ real,,2.0992665,-18.725725
faceforensics/real/599/000006.jpg,0,599,real,FaceForensics++,faceforensics/real/599/000006.jpg,599.0,599,599,test,source_video_disjoint_v1,0.05656808,FF++,FF++ real,,-10.728784,-17.91257
faceforensics/real/488/000029.jpg,0,488,real,FaceForensics++,faceforensics/real/488/000029.jpg,488.0,488,488,test,source_video_disjoint_v1,0.5892128,FF++,FF++ real,,-0.8298555,-10.746921
faceforensics/real/938/000010.jpg,0,938,real,FaceForensics++,faceforensics/real/938/000010.jpg,938.0,938,938,test,source_video_disjoint_v1,1.095239e-06,FF++,FF++ real,,-37.19889,-2.9990158
faceforensics/real/672/000005.jpg,0,672,real,FaceForensics++,faceforensics/real/672/000005.jpg,672.0,672,672,test,source_video_disjoint_v1,0.20659798,FF++,FF++ real,,-2.6103828,-16.772425
faceforensics/real/448/000008.jpg,0,448,real,FaceForensics++,faceforensics/real/448/000008.jpg,448.0,448,448,test,source_video_disjoint_v1,0.0047357306,FF++,FF++ real,,-33.011192,4.844912
faceforensics/real/719/000009.jpg,0,719,real,FaceForensics++,faceforensics/real/719/000009.jpg,719.0,719,719,test,source_video_disjoint_v1,0.02584185,FF++,FF++ real,,-5.841163,36.71559
faceforensics/real/246/000024.jpg,0,246,real,FaceForensics++,faceforensics/real/246/000024.jpg,246.0,246,246,test,source_video_disjoint_v1,0.10159604,FF++,FF++ real,,-14.9581,-24.900356
faceforensics/real/779/000025.jpg,0,779,real,FaceForensics++,faceforensics/real/779/000025.jpg,779.0,779,779,test,source_video_disjoint_v1,0.00036748304,FF++,FF++ real,,-31.445078,6.7109847
faceforensics/real/835/000024.jpg,0,835,real,FaceForensics++,faceforensics/real/835/000024.jpg,835.0,835,835,test,source_video_disjoint_v1,0.012548755,FF++,FF++ real,,-5.891772,-20.26596
faceforensics/real/876/000027.jpg,0,876,real,FaceForensics++,faceforensics/real/876/000027.jpg,876.0,876,876,test,source_video_disjoint_v1,4.9120197e-05,FF++,FF++ real,,-36.533443,0.7596872
faceforensics/real/192/000021.jpg,0,192,real,FaceForensics++,faceforensics/real/192/000021.jpg,192.0,192,192,test,source_video_disjoint_v1,0.00022239855,FF++,FF++ real,,-19.98312,-20.067616
faceforensics/real/438/000021.jpg,0,438,real,FaceForensics++,faceforensics/real/438/000021.jpg,438.0,438,438,test,source_video_disjoint_v1,0.0012264492,FF++,FF++ real,,-14.427455,-17.787737
faceforensics/real/598/000006.jpg,0,598,real,FaceForensics++,faceforensics/real/598/000006.jpg,598.0,598,598,test,source_video_disjoint_v1,0.9894131,FF++,FF++ real,,5.0019536,-5.3784466
faceforensics/real/439/000009.jpg,0,439,real,FaceForensics++,faceforensics/real/439/000009.jpg,439.0,439,439,test,source_video_disjoint_v1,0.7428918,FF++,FF++ real,,5.183595,-12.805447
faceforensics/real/969/000024.jpg,0,969,real,FaceForensics++,faceforensics/real/969/000024.jpg,969.0,969,969,test,source_video_disjoint_v1,0.9227573,FF++,FF++ real,,1.7785038,-22.509216
faceforensics/real/008/000003.jpg,0,8,real,FaceForensics++,faceforensics/real/008/000003.jpg,8.0,8,008,test,source_video_disjoint_v1,0.49666017,FF++,FF++ real,,-6.7652025,-15.141567
faceforensics/real/470/000014.jpg,0,470,real,FaceForensics++,faceforensics/real/470/000014.jpg,470.0,470,470,test,source_video_disjoint_v1,0.20949829,FF++,FF++ real,,13.351542,12.1549
faceforensics/real/683/000019.jpg,0,683,real,FaceForensics++,faceforensics/real/683/000019.jpg,683.0,683,683,test,source_video_disjoint_v1,0.26871952,FF++,FF++ real,,-4.342027,-13.6630745
faceforensics/real/468/000000.jpg,0,468,real,FaceForensics++,faceforensics/real/468/000000.jpg,468.0,468,468,test,source_video_disjoint_v1,0.0006869271,FF++,FF++ real,,6.2859273,28.975082
faceforensics/real/258/000004.jpg,0,258,real,FaceForensics++,faceforensics/real/258/000004.jpg,258.0,258,258,test,source_video_disjoint_v1,0.0076647396,FF++,FF++ real,,-15.822227,-21.38307
faceforensics/real/096/000028.jpg,0,96,real,FaceForensics++,faceforensics/real/096/000028.jpg,96.0,96,096,test,source_video_disjoint_v1,0.86818784,FF++,FF++ real,,3.599554,-19.293406
faceforensics/real/004/000029.jpg,0,4,real,FaceForensics++,faceforensics/real/004/000029.jpg,4.0,4,004,test,source_video_disjoint_v1,0.14782022,FF++,FF++ real,,-8.233324,11.051178
faceforensics/real/677/000029.jpg,0,677,real,FaceForensics++,faceforensics/real/677/000029.jpg,677.0,677,677,test,source_video_disjoint_v1,0.969934,FF++,FF++ real,,5.1274595,0.41731846
faceforensics/real/651/000029.jpg,0,651,real,FaceForensics++,faceforensics/real/651/000029.jpg,651.0,651,651,test,source_video_disjoint_v1,0.0004961156,FF++,FF++ real,,-19.14707,-19.982483
faceforensics/real/737/000024.jpg,0,737,real,FaceForensics++,faceforensics/real/737/000024.jpg,737.0,737,737,test,source_video_disjoint_v1,0.00016206915,FF++,FF++ real,,-27.630304,20.980433
faceforensics/real/942/000005.jpg,0,942,real,FaceForensics++,faceforensics/real/942/000005.jpg,942.0,942,942,test,source_video_disjoint_v1,0.0015765212,FF++,FF++ real,,-4.5061183,34.793343
faceforensics/real/554/000023.jpg,0,554,real,FaceForensics++,faceforensics/real/554/000023.jpg,554.0,554,554,test,source_video_disjoint_v1,0.8816561,FF++,FF++ real,,-1.6198388,14.375346
faceforensics/real/210/000008.jpg,0,210,real,FaceForensics++,faceforensics/real/210/000008.jpg,210.0,210,210,test,source_video_disjoint_v1,0.98427457,FF++,FF++ real,,4.9706492,7.916487
faceforensics/real/062/000000.jpg,0,62,real,FaceForensics++,faceforensics/real/062/000000.jpg,62.0,62,062,test,source_video_disjoint_v1,0.9972791,FF++,FF++ real,,8.209608,-4.7674522
faceforensics/real/599/000015.jpg,0,599,real,FaceForensics++,faceforensics/real/599/000015.jpg,599.0,599,599,test,source_video_disjoint_v1,0.42574963,FF++,FF++ real,,-9.728389,-18.794964
faceforensics/real/257/000008.jpg,0,257,real,FaceForensics++,faceforensics/real/257/000008.jpg,257.0,257,257,test,source_video_disjoint_v1,0.980548,FF++,FF++ real,,2.1458435,-18.662542
faceforensics/real/672/000000.jpg,0,672,real,FaceForensics++,faceforensics/real/672/000000.jpg,672.0,672,672,test,source_video_disjoint_v1,0.13514747,FF++,FF++ real,,-2.6151361,-16.887497
faceforensics/real/246/000012.jpg,0,246,real,FaceForensics++,faceforensics/real/246/000012.jpg,246.0,246,246,test,source_video_disjoint_v1,0.013475582,FF++,FF++ real,,-15.385105,-24.638557
faceforensics/real/938/000024.jpg,0,938,real,FaceForensics++,faceforensics/real/938/000024.jpg,938.0,938,938,test,source_video_disjoint_v1,3.6465454e-07,FF++,FF++ real,,-37.204105,-3.025442
faceforensics/real/488/000020.jpg,0,488,real,FaceForensics++,faceforensics/real/488/000020.jpg,488.0,488,488,test,source_video_disjoint_v1,0.63051283,FF++,FF++ real,,-0.9318106,-10.867396
faceforensics/real/876/000003.jpg,0,876,real,FaceForensics++,faceforensics/real/876/000003.jpg,876.0,876,876,test,source_video_disjoint_v1,0.00010159137,FF++,FF++ real,,-36.561417,0.79081166
faceforensics/real/779/000023.jpg,0,779,real,FaceForensics++,faceforensics/real/779/000023.jpg,779.0,779,779,test,source_video_disjoint_v1,0.12226391,FF++,FF++ real,,-30.981628,7.7248173
faceforensics/real/438/000005.jpg,0,438,real,FaceForensics++,faceforensics/real/438/000005.jpg,438.0,438,438,test,source_video_disjoint_v1,0.9988951,FF++,FF++ real,,3.1603463,-7.523763
faceforensics/real/008/000001.jpg,0,8,real,FaceForensics++,faceforensics/real/008/000001.jpg,8.0,8,008,test,source_video_disjoint_v1,0.00505767,FF++,FF++ real,,-8.237536,-15.667664
faceforensics/real/719/000013.jpg,0,719,real,FaceForensics++,faceforensics/real/719/000013.jpg,719.0,719,719,test,source_video_disjoint_v1,0.0048396327,FF++,FF++ real,,-5.6446486,36.476814
faceforensics/real/470/000022.jpg,0,470,real,FaceForensics++,faceforensics/real/470/000022.jpg,470.0,470,470,test,source_video_disjoint_v1,0.30207837,FF++,FF++ real,,13.710882,12.107633
faceforensics/real/439/000012.jpg,0,439,real,FaceForensics++,faceforensics/real/439/000012.jpg,439.0,439,439,test,source_video_disjoint_v1,0.34121102,FF++,FF++ real,,4.9752746,-12.7420845
faceforensics/real/598/000007.jpg,0,598,real,FaceForensics++,faceforensics/real/598/000007.jpg,598.0,598,598,test,source_video_disjoint_v1,0.98868495,FF++,FF++ real,,5.0090466,-5.3501496
faceforensics/real/468/000007.jpg,0,468,real,FaceForensics++,faceforensics/real/468/000007.jpg,468.0,468,468,test,source_video_disjoint_v1,0.0021542513,FF++,FF++ real,,6.6648364,29.707058
faceforensics/real/969/000027.jpg,0,969,real,FaceForensics++,faceforensics/real/969/000027.jpg,969.0,969,969,test,source_video_disjoint_v1,0.3806936,FF++,FF++ real,,1.1753948,-22.514538
faceforensics/real/835/000029.jpg,0,835,real,FaceForensics++,faceforensics/real/835/000029.jpg,835.0,835,835,test,source_video_disjoint_v1,0.0016579429,FF++,FF++ real,,-6.710075,-20.818974
faceforensics/real/448/000004.jpg,0,448,real,FaceForensics++,faceforensics/real/448/000004.jpg,448.0,448,448,test,source_video_disjoint_v1,0.00028695993,FF++,FF++ real,,-31.94534,4.792728
faceforensics/real/737/000028.jpg,0,737,real,FaceForensics++,faceforensics/real/737/000028.jpg,737.0,737,737,test,source_video_disjoint_v1,7.97437e-05,FF++,FF++ real,,-27.616665,20.92953
faceforensics/real/004/000007.jpg,0,4,real,FaceForensics++,faceforensics/real/004/000007.jpg,4.0,4,004,test,source_video_disjoint_v1,9.646287e-05,FF++,FF++ real,,-34.0907,1.5017749
faceforensics/real/554/000001.jpg,0,554,real,FaceForensics++,faceforensics/real/554/000001.jpg,554.0,554,554,test,source_video_disjoint_v1,0.89139354,FF++,FF++ real,,-1.6423813,14.372408
faceforensics/real/096/000011.jpg,0,96,real,FaceForensics++,faceforensics/real/096/000011.jpg,96.0,96,096,test,source_video_disjoint_v1,0.021237839,FF++,FF++ real,,-9.989808,-22.085573
faceforensics/real/677/000013.jpg,0,677,real,FaceForensics++,faceforensics/real/677/000013.jpg,677.0,677,677,test,source_video_disjoint_v1,0.9867923,FF++,FF++ real,,5.025843,0.49908543
faceforensics/real/258/000014.jpg,0,258,real,FaceForensics++,faceforensics/real/258/000014.jpg,258.0,258,258,test,source_video_disjoint_v1,0.2006472,FF++,FF++ real,,12.200558,-32.147003
faceforensics/real/651/000027.jpg,0,651,real,FaceForensics++,faceforensics/real/651/000027.jpg,651.0,651,651,test,source_video_disjoint_v1,0.00055824016,FF++,FF++ real,,-18.280663,-20.977318
faceforensics/real/683/000025.jpg,0,683,real,FaceForensics++,faceforensics/real/683/000025.jpg,683.0,683,683,test,source_video_disjoint_v1,0.3321539,FF++,FF++ real,,-4.314486,-13.438244
faceforensics/real/192/000028.jpg,0,192,real,FaceForensics++,faceforensics/real/192/000028.jpg,192.0,192,192,test,source_video_disjoint_v1,5.97676e-05,FF++,FF++ real,,-20.376358,-20.004267
faceforensics/real/942/000002.jpg,0,942,real,FaceForensics++,faceforensics/real/942/000002.jpg,942.0,942,942,test,source_video_disjoint_v1,0.0038794905,FF++,FF++ real,,-4.4128065,34.70026
faceforensics/real/210/000022.jpg,0,210,real,FaceForensics++,faceforensics/real/210/000022.jpg,210.0,210,210,test,source_video_disjoint_v1,0.8457944,FF++,FF++ real,,4.6782384,7.8536897
faceforensics/real/599/000026.jpg,0,599,real,FaceForensics++,faceforensics/real/599/000026.jpg,599.0,599,599,test,source_video_disjoint_v1,0.008547897,FF++,FF++ real,,-8.905152,-18.664158
faceforensics/real/062/000006.jpg,0,62,real,FaceForensics++,faceforensics/real/062/000006.jpg,62.0,62,062,test,source_video_disjoint_v1,0.99530596,FF++,FF++ real,,8.400827,-4.6781406
faceforensics/real/257/000017.jpg,0,257,real,FaceForensics++,faceforensics/real/257/000017.jpg,257.0,257,257,test,source_video_disjoint_v1,0.39311343,FF++,FF++ real,,1.5771786,-19.118498
faceforensics/real/938/000019.jpg,0,938,real,FaceForensics++,faceforensics/real/938/000019.jpg,938.0,938,938,test,source_video_disjoint_v1,3.2474026e-07,FF++,FF++ real,,-37.205654,-2.9713674
faceforensics/real/488/000008.jpg,0,488,real,FaceForensics++,faceforensics/real/488/000008.jpg,488.0,488,488,test,source_video_disjoint_v1,0.561009,FF++,FF++ real,,-0.8685101,-10.762225
faceforensics/real/672/000012.jpg,0,672,real,FaceForensics++,faceforensics/real/672/000012.jpg,672.0,672,672,test,source_video_disjoint_v1,0.7226586,FF++,FF++ real,,-2.0454156,-17.04992
faceforensics/real/876/000009.jpg,0,876,real,FaceForensics++,faceforensics/real/876/000009.jpg,876.0,876,876,test,source_video_disjoint_v1,7.004863e-05,FF++,FF++ real,,-36.606953,0.7217894
faceforensics/real/439/000021.jpg,0,439,real,FaceForensics++,faceforensics/real/439/000021.jpg,439.0,439,439,test,source_video_disjoint_v1,0.01590843,FF++,FF++ real,,4.6811943,-12.673925
faceforensics/real/008/000024.jpg,0,8,real,FaceForensics++,faceforensics/real/008/000024.jpg,8.0,8,008,test,source_video_disjoint_v1,0.00085887074,FF++,FF++ real,,-8.49425,-15.5616665
faceforensics/real/779/000014.jpg,0,779,real,FaceForensics++,faceforensics/real/779/000014.jpg,779.0,779,779,test,source_video_disjoint_v1,0.0002757259,FF++,FF++ real,,-31.43705,6.7627068
faceforensics/real/719/000018.jpg,0,719,real,FaceForensics++,faceforensics/real/719/000018.jpg,719.0,719,719,test,source_video_disjoint_v1,0.064486526,FF++,FF++ real,,-5.9470243,36.797825
faceforensics/real/438/000020.jpg,0,438,real,FaceForensics++,faceforensics/real/438/000020.jpg,438.0,438,438,test,source_video_disjoint_v1,0.38320902,FF++,FF++ real,,1.9229479,-9.05952
faceforensics/real/470/000027.jpg,0,470,real,FaceForensics++,faceforensics/real/470/000027.jpg,470.0,470,470,test,source_video_disjoint_v1,0.042354763,FF++,FF++ real,,13.062983,12.554984
faceforensics/real/468/000008.jpg,0,468,real,FaceForensics++,faceforensics/real/468/000008.jpg,468.0,468,468,test,source_video_disjoint_v1,0.00039993323,FF++,FF++ real,,5.947606,29.33786
faceforensics/real/448/000027.jpg,0,448,real,FaceForensics++,faceforensics/real/448/000027.jpg,448.0,448,448,test,source_video_disjoint_v1,0.004414181,FF++,FF++ real,,-31.984482,5.0095553
faceforensics/real/835/000018.jpg,0,835,real,FaceForensics++,faceforensics/real/835/000018.jpg,835.0,835,835,test,source_video_disjoint_v1,0.001449722,FF++,FF++ real,,-6.631247,-20.635809
faceforensics/real/598/000020.jpg,0,598,real,FaceForensics++,faceforensics/real/598/000020.jpg,598.0,598,598,test,source_video_disjoint_v1,0.9995728,FF++,FF++ real,,5.3164463,-5.4091563
faceforensics/real/246/000019.jpg,0,246,real,FaceForensics++,faceforensics/real/246/000019.jpg,246.0,246,246,test,source_video_disjoint_v1,0.0003637823,FF++,FF++ real,,-16.34812,-23.98787
faceforensics/real/969/000008.jpg,0,969,real,FaceForensics++,faceforensics/real/969/000008.jpg,969.0,969,969,test,source_video_disjoint_v1,0.41711366,FF++,FF++ real,,1.1627563,-22.491447
faceforensics/real/004/000002.jpg,0,4,real,FaceForensics++,faceforensics/real/004/000002.jpg,4.0,4,004,test,source_video_disjoint_v1,0.00012302343,FF++,FF++ real,,-34.11189,1.5097017
faceforensics/real/258/000026.jpg,0,258,real,FaceForensics++,faceforensics/real/258/000026.jpg,258.0,258,258,test,source_video_disjoint_v1,0.17142272,FF++,FF++ real,,12.108219,-32.15644
faceforensics/real/683/000029.jpg,0,683,real,FaceForensics++,faceforensics/real/683/000029.jpg,683.0,683,683,test,source_video_disjoint_v1,0.017127587,FF++,FF++ real,,-4.5054107,-14.852352
faceforensics/real/192/000013.jpg,0,192,real,FaceForensics++,faceforensics/real/192/000013.jpg,192.0,192,192,test,source_video_disjoint_v1,4.88761e-05,FF++,FF++ real,,-20.435072,-20.311104
faceforensics/real/554/000018.jpg,0,554,real,FaceForensics++,faceforensics/real/554/000018.jpg,554.0,554,554,test,source_video_disjoint_v1,0.47469452,FF++,FF++ real,,-1.6753554,14.405928
faceforensics/real/651/000008.jpg,0,651,real,FaceForensics++,faceforensics/real/651/000008.jpg,651.0,651,651,test,source_video_disjoint_v1,8.300226e-05,FF++,FF++ real,,-19.107286,-20.064535
faceforensics/real/737/000015.jpg,0,737,real,FaceForensics++,faceforensics/real/737/000015.jpg,737.0,737,737,test,source_video_disjoint_v1,0.00020035761,FF++,FF++ real,,-27.626757,21.098269
faceforensics/real/942/000023.jpg,0,942,real,FaceForensics++,faceforensics/real/942/000023.jpg,942.0,942,942,test,source_video_disjoint_v1,0.0028938693,FF++,FF++ real,,-4.46218,34.779423
faceforensics/real/096/000000.jpg,0,96,real,FaceForensics++,faceforensics/real/096/000000.jpg,96.0,96,096,test,source_video_disjoint_v1,0.00039749153,FF++,FF++ real,,-10.404836,-22.028307
faceforensics/real/210/000014.jpg,0,210,real,FaceForensics++,faceforensics/real/210/000014.jpg,210.0,210,210,test,source_video_disjoint_v1,0.9948132,FF++,FF++ real,,5.1595087,7.942465
faceforensics/real/677/000018.jpg,0,677,real,FaceForensics++,faceforensics/real/677/000018.jpg,677.0,677,677,test,source_video_disjoint_v1,0.655631,FF++,FF++ real,,4.557176,0.89619917
faceforensics/real/062/000016.jpg,0,62,real,FaceForensics++,faceforensics/real/062/000016.jpg,62.0,62,062,test,source_video_disjoint_v1,0.038247727,FF++,FF++ real,,-20.551968,23.643463
faceforensics/real/599/000002.jpg,0,599,real,FaceForensics++,faceforensics/real/599/000002.jpg,599.0,599,599,test,source_video_disjoint_v1,0.052985005,FF++,FF++ real,,-10.776434,-17.894604
faceforensics/real/257/000000.jpg,0,257,real,FaceForensics++,faceforensics/real/257/000000.jpg,257.0,257,257,test,source_video_disjoint_v1,0.9420803,FF++,FF++ real,,2.0236447,-18.772015
faceforensics/real/488/000010.jpg,0,488,real,FaceForensics++,faceforensics/real/488/000010.jpg,488.0,488,488,test,source_video_disjoint_v1,0.1316927,FF++,FF++ real,,-1.3584689,-11.163165
faceforensics/real/439/000023.jpg,0,439,real,FaceForensics++,faceforensics/real/439/000023.jpg,439.0,439,439,test,source_video_disjoint_v1,0.46539015,FF++,FF++ real,,4.8847003,-12.703215
faceforensics/real/672/000006.jpg,0,672,real,FaceForensics++,faceforensics/real/672/000006.jpg,672.0,672,672,test,source_video_disjoint_v1,0.75311935,FF++,FF++ real,,-2.0483594,-17.006567
faceforensics/real/008/000025.jpg,0,8,real,FaceForensics++,faceforensics/real/008/000025.jpg,8.0,8,008,test,source_video_disjoint_v1,0.0028175856,FF++,FF++ real,,-8.661435,-15.385301
faceforensics/real/468/000015.jpg,0,468,real,FaceForensics++,faceforensics/real/468/000015.jpg,468.0,468,468,test,source_video_disjoint_v1,0.00045670648,FF++,FF++ real,,6.2081785,29.037216
faceforensics/real/876/000007.jpg,0,876,real,FaceForensics++,faceforensics/real/876/000007.jpg,876.0,876,876,test,source_video_disjoint_v1,4.5138033e-05,FF++,FF++ real,,-36.558533,0.6743425
faceforensics/real/438/000016.jpg,0,438,real,FaceForensics++,faceforensics/real/438/000016.jpg,438.0,438,438,test,source_video_disjoint_v1,0.979813,FF++,FF++ real,,2.8430202,-8.022695
faceforensics/real/470/000004.jpg,0,470,real,FaceForensics++,faceforensics/real/470/000004.jpg,470.0,470,470,test,source_video_disjoint_v1,0.75575775,FF++,FF++ real,,14.461678,11.023508
faceforensics/real/779/000010.jpg,0,779,real,FaceForensics++,faceforensics/real/779/000010.jpg,779.0,779,779,test,source_video_disjoint_v1,0.009530737,FF++,FF++ real,,-31.141449,7.369832
faceforensics/real/598/000002.jpg,0,598,real,FaceForensics++,faceforensics/real/598/000002.jpg,598.0,598,598,test,source_video_disjoint_v1,0.99811673,FF++,FF++ real,,5.195534,-5.378337
faceforensics/real/448/000021.jpg,0,448,real,FaceForensics++,faceforensics/real/448/000021.jpg,448.0,448,448,test,source_video_disjoint_v1,0.0008163899,FF++,FF++ real,,-31.91986,4.8265953
faceforensics/real/938/000005.jpg,0,938,real,FaceForensics++,faceforensics/real/938/000005.jpg,938.0,938,938,test,source_video_disjoint_v1,9.0869895e-07,FF++,FF++ real,,-37.20852,-2.9727228
faceforensics/real/969/000023.jpg,0,969,real,FaceForensics++,faceforensics/real/969/000023.jpg,969.0,969,969,test,source_video_disjoint_v1,0.86967963,FF++,FF++ real,,1.6773887,-22.489378
faceforensics/real/258/000019.jpg,0,258,real,FaceForensics++,faceforensics/real/258/000019.jpg,258.0,258,258,test,source_video_disjoint_v1,0.0016892739,FF++,FF++ real,,-16.20133,-21.280777
faceforensics/real/683/000023.jpg,0,683,real,FaceForensics++,faceforensics/real/683/000023.jpg,683.0,683,683,test,source_video_disjoint_v1,0.9597563,FF++,FF++ real,,-4.0628223,-12.906324
faceforensics/real/835/000002.jpg,0,835,real,FaceForensics++,faceforensics/real/835/000002.jpg,835.0,835,835,test,source_video_disjoint_v1,0.0027683605,FF++,FF++ real,,-6.392329,-20.77341
faceforensics/real/719/000027.jpg,0,719,real,FaceForensics++,faceforensics/real/719/000027.jpg,719.0,719,719,test,source_video_disjoint_v1,0.10246297,FF++,FF++ real,,-6.1673756,36.986
faceforensics/real/554/000017.jpg,0,554,real,FaceForensics++,faceforensics/real/554/000017.jpg,554.0,554,554,test,source_video_disjoint_v1,0.6734521,FF++,FF++ real,,-1.6642627,14.387176
faceforensics/real/942/000001.jpg,0,942,real,FaceForensics++,faceforensics/real/942/000001.jpg,942.0,942,942,test,source_video_disjoint_v1,0.031192252,FF++,FF++ real,,-4.418508,34.796814
faceforensics/real/246/000001.jpg,0,246,real,FaceForensics++,faceforensics/real/246/000001.jpg,246.0,246,246,test,source_video_disjoint_v1,0.0056449724,FF++,FF++ real,,-15.755144,-24.360813
faceforensics/real/192/000011.jpg,0,192,real,FaceForensics++,faceforensics/real/192/000011.jpg,192.0,192,192,test,source_video_disjoint_v1,4.364729e-05,FF++,FF++ real,,-20.250927,-20.33787
faceforensics/real/004/000028.jpg,0,4,real,FaceForensics++,faceforensics/real/004/000028.jpg,4.0,4,004,test,source_video_disjoint_v1,0.14963707,FF++,FF++ real,,-8.233396,11.051167
faceforensics/real/210/000023.jpg,0,210,real,FaceForensics++,faceforensics/real/210/000023.jpg,210.0,210,210,test,source_video_disjoint_v1,0.99878305,FF++,FF++ real,,5.2465186,7.9760313
faceforensics/real/651/000011.jpg,0,651,real,FaceForensics++,faceforensics/real/651/000011.jpg,651.0,651,651,test,source_video_disjoint_v1,0.0001878782,FF++,FF++ real,,-18.924494,-20.642412
faceforensics/real/096/000018.jpg,0,96,real,FaceForensics++,faceforensics/real/096/000018.jpg,96.0,96,096,test,source_video_disjoint_v1,0.00011430994,FF++,FF++ real,,-10.620098,-21.996342
faceforensics/real/677/000002.jpg,0,677,real,FaceForensics++,faceforensics/real/677/000002.jpg,677.0,677,677,test,source_video_disjoint_v1,0.088014916,FF++,FF++ real,,4.25122,1.1742547
faceforensics/real/737/000002.jpg,0,737,real,FaceForensics++,faceforensics/real/737/000002.jpg,737.0,737,737,test,source_video_disjoint_v1,4.495564e-05,FF++,FF++ real,,-27.605762,20.900995
faceforensics/Deepfakes/246_258/000024.jpg,1,246,Deepfakes,FaceForensics++,faceforensics/Deepfakes/246_258/000024.jpg,246.0,246|258,246_258,test,source_video_disjoint_v1,0.999863,FF++,FF++ Deepfakes,,41.203705,-5.0768037
faceforensics/Deepfakes/470_468/000003.jpg,1,470,Deepfakes,FaceForensics++,faceforensics/Deepfakes/470_468/000003.jpg,470.0,470|468,470_468,test,source_video_disjoint_v1,0.73070264,FF++,FF++ Deepfakes,,27.835613,36.557217
faceforensics/Deepfakes/719_737/000022.jpg,1,719,Deepfakes,FaceForensics++,faceforensics/Deepfakes/719_737/000022.jpg,719.0,719|737,719_737,test,source_video_disjoint_v1,0.067466766,FF++,FF++ Deepfakes,,2.4729111,42.023796
faceforensics/Deepfakes/835_651/000023.jpg,1,835,Deepfakes,FaceForensics++,faceforensics/Deepfakes/835_651/000023.jpg,835.0,835|651,835_651,test,source_video_disjoint_v1,0.99995875,FF++,FF++ Deepfakes,,35.677685,-23.287825
faceforensics/Deepfakes/468_470/000026.jpg,1,468,Deepfakes,FaceForensics++,faceforensics/Deepfakes/468_470/000026.jpg,468.0,468|470,468_470,test,source_video_disjoint_v1,0.96695197,FF++,FF++ Deepfakes,,9.538513,19.815636
faceforensics/Deepfakes/651_835/000023.jpg,1,651,Deepfakes,FaceForensics++,faceforensics/Deepfakes/651_835/000023.jpg,651.0,651|835,651_835,test,source_video_disjoint_v1,0.008999881,FF++,FF++ Deepfakes,,-3.4769843,-31.4477
faceforensics/Deepfakes/258_246/000015.jpg,1,258,Deepfakes,FaceForensics++,faceforensics/Deepfakes/258_246/000015.jpg,258.0,258|246,258_246,test,source_video_disjoint_v1,0.9997273,FF++,FF++ Deepfakes,,20.779377,-37.762993
faceforensics/Deepfakes/737_719/000026.jpg,1,737,Deepfakes,FaceForensics++,faceforensics/Deepfakes/737_719/000026.jpg,737.0,737|719,737_719,test,source_video_disjoint_v1,0.012319924,FF++,FF++ Deepfakes,,-22.951632,25.178175
faceforensics/Deepfakes/246_258/000006.jpg,1,246,Deepfakes,FaceForensics++,faceforensics/Deepfakes/246_258/000006.jpg,246.0,246|258,246_258,test,source_video_disjoint_v1,0.9998275,FF++,FF++ Deepfakes,,40.76003,-5.741348
faceforensics/Deepfakes/470_468/000019.jpg,1,470,Deepfakes,FaceForensics++,faceforensics/Deepfakes/470_468/000019.jpg,470.0,470|468,470_468,test,source_video_disjoint_v1,0.67690897,FF++,FF++ Deepfakes,,28.791399,36.17559
faceforensics/Deepfakes/719_737/000018.jpg,1,719,Deepfakes,FaceForensics++,faceforensics/Deepfakes/719_737/000018.jpg,719.0,719|737,719_737,test,source_video_disjoint_v1,0.014105203,FF++,FF++ Deepfakes,,2.566776,41.377747
faceforensics/Deepfakes/835_651/000020.jpg,1,835,Deepfakes,FaceForensics++,faceforensics/Deepfakes/835_651/000020.jpg,835.0,835|651,835_651,test,source_video_disjoint_v1,0.9998215,FF++,FF++ Deepfakes,,35.236057,-22.741898
faceforensics/Deepfakes/737_719/000005.jpg,1,737,Deepfakes,FaceForensics++,faceforensics/Deepfakes/737_719/000005.jpg,737.0,737|719,737_719,test,source_video_disjoint_v1,0.6478728,FF++,FF++ Deepfakes,,-20.714525,27.076817
faceforensics/Deepfakes/651_835/000005.jpg,1,651,Deepfakes,FaceForensics++,faceforensics/Deepfakes/651_835/000005.jpg,651.0,651|835,651_835,test,source_video_disjoint_v1,0.9549416,FF++,FF++ Deepfakes,,-2.6538122,-35.708282
faceforensics/Deepfakes/258_246/000000.jpg,1,258,Deepfakes,FaceForensics++,faceforensics/Deepfakes/258_246/000000.jpg,258.0,258|246,258_246,test,source_video_disjoint_v1,0.9999728,FF++,FF++ Deepfakes,,22.362778,-37.58617
faceforensics/Deepfakes/468_470/000009.jpg,1,468,Deepfakes,FaceForensics++,faceforensics/Deepfakes/468_470/000009.jpg,468.0,468|470,468_470,test,source_video_disjoint_v1,0.87867624,FF++,FF++ Deepfakes,,11.547388,20.165964
faceforensics/Deepfakes/470_468/000014.jpg,1,470,Deepfakes,FaceForensics++,faceforensics/Deepfakes/470_468/000014.jpg,470.0,470|468,470_468,test,source_video_disjoint_v1,0.98505026,FF++,FF++ Deepfakes,,28.513071,35.450386
faceforensics/Deepfakes/246_258/000009.jpg,1,246,Deepfakes,FaceForensics++,faceforensics/Deepfakes/246_258/000009.jpg,246.0,246|258,246_258,test,source_video_disjoint_v1,0.9997751,FF++,FF++ Deepfakes,,40.454117,-6.2810016
faceforensics/Deepfakes/719_737/000002.jpg,1,719,Deepfakes,FaceForensics++,faceforensics/Deepfakes/719_737/000002.jpg,719.0,719|737,719_737,test,source_video_disjoint_v1,0.035852514,FF++,FF++ Deepfakes,,1.5302503,42.339993
faceforensics/Deepfakes/651_835/000007.jpg,1,651,Deepfakes,FaceForensics++,faceforensics/Deepfakes/651_835/000007.jpg,651.0,651|835,651_835,test,source_video_disjoint_v1,0.464016,FF++,FF++ Deepfakes,,-3.1835914,-33.69213
faceforensics/Deepfakes/835_651/000025.jpg,1,835,Deepfakes,FaceForensics++,faceforensics/Deepfakes/835_651/000025.jpg,835.0,835|651,835_651,test,source_video_disjoint_v1,0.999982,FF++,FF++ Deepfakes,,35.862892,-23.737032
faceforensics/Deepfakes/737_719/000021.jpg,1,737,Deepfakes,FaceForensics++,faceforensics/Deepfakes/737_719/000021.jpg,737.0,737|719,737_719,test,source_video_disjoint_v1,0.17430504,FF++,FF++ Deepfakes,,-21.304205,25.892794
faceforensics/Deepfakes/258_246/000025.jpg,1,258,Deepfakes,FaceForensics++,faceforensics/Deepfakes/258_246/000025.jpg,258.0,258|246,258_246,test,source_video_disjoint_v1,0.9967637,FF++,FF++ Deepfakes,,19.922104,-37.953163
faceforensics/Deepfakes/468_470/000019.jpg,1,468,Deepfakes,FaceForensics++,faceforensics/Deepfakes/468_470/000019.jpg,468.0,468|470,468_470,test,source_video_disjoint_v1,0.9045428,FF++,FF++ Deepfakes,,10.2309675,20.174807
faceforensics/Deepfakes/470_468/000024.jpg,1,470,Deepfakes,FaceForensics++,faceforensics/Deepfakes/470_468/000024.jpg,470.0,470|468,470_468,test,source_video_disjoint_v1,0.093577445,FF++,FF++ Deepfakes,,28.443146,37.5887
faceforensics/Deepfakes/246_258/000015.jpg,1,246,Deepfakes,FaceForensics++,faceforensics/Deepfakes/246_258/000015.jpg,246.0,246|258,246_258,test,source_video_disjoint_v1,0.99544215,FF++,FF++ Deepfakes,,38.458355,-5.395233
faceforensics/Deepfakes/719_737/000026.jpg,1,719,Deepfakes,FaceForensics++,faceforensics/Deepfakes/719_737/000026.jpg,719.0,719|737,719_737,test,source_video_disjoint_v1,0.9295344,FF++,FF++ Deepfakes,,2.856524,44.00146
faceforensics/Deepfakes/835_651/000027.jpg,1,835,Deepfakes,FaceForensics++,faceforensics/Deepfakes/835_651/000027.jpg,835.0,835|651,835_651,test,source_video_disjoint_v1,0.9999933,FF++,FF++ Deepfakes,,35.9892,-24.218058
faceforensics/Deepfakes/737_719/000002.jpg,1,737,Deepfakes,FaceForensics++,faceforensics/Deepfakes/737_719/000002.jpg,737.0,737|719,737_719,test,source_video_disjoint_v1,0.27493274,FF++,FF++ Deepfakes,,-20.924957,25.970295
faceforensics/Deepfakes/468_470/000006.jpg,1,468,Deepfakes,FaceForensics++,faceforensics/Deepfakes/468_470/000006.jpg,468.0,468|470,468_470,test,source_video_disjoint_v1,0.7706232,FF++,FF++ Deepfakes,,10.177805,20.864042
faceforensics/Deepfakes/258_246/000008.jpg,1,258,Deepfakes,FaceForensics++,faceforensics/Deepfakes/258_246/000008.jpg,258.0,258|246,258_246,test,source_video_disjoint_v1,0.99964404,FF++,FF++ Deepfakes,,20.692959,-38.221085
faceforensics/Deepfakes/651_835/000019.jpg,1,651,Deepfakes,FaceForensics++,faceforensics/Deepfakes/651_835/000019.jpg,651.0,651|835,651_835,test,source_video_disjoint_v1,0.9518491,FF++,FF++ Deepfakes,,-2.4070935,-35.61203
faceforensics/Deepfakes/470_468/000023.jpg,1,470,Deepfakes,FaceForensics++,faceforensics/Deepfakes/470_468/000023.jpg,470.0,470|468,470_468,test,source_video_disjoint_v1,0.10592491,FF++,FF++ Deepfakes,,28.699406,37.621742
faceforensics/Deepfakes/246_258/000019.jpg,1,246,Deepfakes,FaceForensics++,faceforensics/Deepfakes/246_258/000019.jpg,246.0,246|258,246_258,test,source_video_disjoint_v1,0.99982965,FF++,FF++ Deepfakes,,40.545376,-5.9300365
faceforensics/Deepfakes/719_737/000000.jpg,1,719,Deepfakes,FaceForensics++,faceforensics/Deepfakes/719_737/000000.jpg,719.0,719|737,719_737,test,source_video_disjoint_v1,0.037831247,FF++,FF++ Deepfakes,,2.3571289,41.672256
faceforensics/Deepfakes/835_651/000018.jpg,1,835,Deepfakes,FaceForensics++,faceforensics/Deepfakes/835_651/000018.jpg,835.0,835|651,835_651,test,source_video_disjoint_v1,0.99952984,FF++,FF++ Deepfakes,,34.384007,-22.527798
faceforensics/Deepfakes/737_719/000012.jpg,1,737,Deepfakes,FaceForensics++,faceforensics/Deepfakes/737_719/000012.jpg,737.0,737|719,737_719,test,source_video_disjoint_v1,0.2513119,FF++,FF++ Deepfakes,,-21.253532,26.752995
faceforensics/Deepfakes/468_470/000000.jpg,1,468,Deepfakes,FaceForensics++,faceforensics/Deepfakes/468_470/000000.jpg,468.0,468|470,468_470,test,source_video_disjoint_v1,0.92621666,FF++,FF++ Deepfakes,,10.194929,20.12487
faceforensics/Deepfakes/651_835/000016.jpg,1,651,Deepfakes,FaceForensics++,faceforensics/Deepfakes/651_835/000016.jpg,651.0,651|835,651_835,test,source_video_disjoint_v1,0.19085242,FF++,FF++ Deepfakes,,-2.9289472,-32.41867
faceforensics/Deepfakes/258_246/000026.jpg,1,258,Deepfakes,FaceForensics++,faceforensics/Deepfakes/258_246/000026.jpg,258.0,258|246,258_246,test,source_video_disjoint_v1,0.99873966,FF++,FF++ Deepfakes,,20.223526,-38.019703
faceforensics/Deepfakes/246_258/000010.jpg,1,246,Deepfakes,FaceForensics++,faceforensics/Deepfakes/246_258/000010.jpg,246.0,246|258,246_258,test,source_video_disjoint_v1,0.9999403,FF++,FF++ Deepfakes,,40.85802,-6.4511023
faceforensics/Deepfakes/719_737/000003.jpg,1,719,Deepfakes,FaceForensics++,faceforensics/Deepfakes/719_737/000003.jpg,719.0,719|737,719_737,test,source_video_disjoint_v1,0.8033361,FF++,FF++ Deepfakes,,2.518489,43.86204
faceforensics/Deepfakes/470_468/000006.jpg,1,470,Deepfakes,FaceForensics++,faceforensics/Deepfakes/470_468/000006.jpg,470.0,470|468,470_468,test,source_video_disjoint_v1,0.032429088,FF++,FF++ Deepfakes,,28.371971,38.271748
faceforensics/Deepfakes/835_651/000017.jpg,1,835,Deepfakes,FaceForensics++,faceforensics/Deepfakes/835_651/000017.jpg,835.0,835|651,835_651,test,source_video_disjoint_v1,0.9986181,FF++,FF++ Deepfakes,,35.627987,-21.913586
faceforensics/Deepfakes/737_719/000024.jpg,1,737,Deepfakes,FaceForensics++,faceforensics/Deepfakes/737_719/000024.jpg,737.0,737|719,737_719,test,source_video_disjoint_v1,0.9680627,FF++,FF++ Deepfakes,,-19.660614,27.62579
faceforensics/Deepfakes/468_470/000013.jpg,1,468,Deepfakes,FaceForensics++,faceforensics/Deepfakes/468_470/000013.jpg,468.0,468|470,468_470,test,source_video_disjoint_v1,0.8346784,FF++,FF++ Deepfakes,,9.683384,20.584663
faceforensics/Deepfakes/651_835/000006.jpg,1,651,Deepfakes,FaceForensics++,faceforensics/Deepfakes/651_835/000006.jpg,651.0,651|835,651_835,test,source_video_disjoint_v1,0.24885915,FF++,FF++ Deepfakes,,-3.4328692,-33.057194
faceforensics/Deepfakes/258_246/000001.jpg,1,258,Deepfakes,FaceForensics++,faceforensics/Deepfakes/258_246/000001.jpg,258.0,258|246,258_246,test,source_video_disjoint_v1,0.99994123,FF++,FF++ Deepfakes,,22.056345,-37.539623
faceforensics/Deepfakes/246_258/000025.jpg,1,246,Deepfakes,FaceForensics++,faceforensics/Deepfakes/246_258/000025.jpg,246.0,246|258,246_258,test,source_video_disjoint_v1,0.99966836,FF++,FF++ Deepfakes,,40.738483,-4.913744
faceforensics/Deepfakes/719_737/000025.jpg,1,719,Deepfakes,FaceForensics++,faceforensics/Deepfakes/719_737/000025.jpg,719.0,719|737,719_737,test,source_video_disjoint_v1,0.3894469,FF++,FF++ Deepfakes,,2.1152825,43.367397
faceforensics/Deepfakes/470_468/000022.jpg,1,470,Deepfakes,FaceForensics++,faceforensics/Deepfakes/470_468/000022.jpg,470.0,470|468,470_468,test,source_video_disjoint_v1,0.046040803,FF++,FF++ Deepfakes,,28.883692,38.01697
faceforensics/Deepfakes/835_651/000011.jpg,1,835,Deepfakes,FaceForensics++,faceforensics/Deepfakes/835_651/000011.jpg,835.0,835|651,835_651,test,source_video_disjoint_v1,0.96021926,FF++,FF++ Deepfakes,,35.43938,-21.09938
faceforensics/Deepfakes/737_719/000006.jpg,1,737,Deepfakes,FaceForensics++,faceforensics/Deepfakes/737_719/000006.jpg,737.0,737|719,737_719,test,source_video_disjoint_v1,0.9958763,FF++,FF++ Deepfakes,,-19.278994,27.962313
faceforensics/Deepfakes/651_835/000000.jpg,1,651,Deepfakes,FaceForensics++,faceforensics/Deepfakes/651_835/000000.jpg,651.0,651|835,651_835,test,source_video_disjoint_v1,0.9788816,FF++,FF++ Deepfakes,,-2.0813093,-36.382084
faceforensics/Deepfakes/468_470/000007.jpg,1,468,Deepfakes,FaceForensics++,faceforensics/Deepfakes/468_470/000007.jpg,468.0,468|470,468_470,test,source_video_disjoint_v1,0.8103153,FF++,FF++ Deepfakes,,11.746753,20.305359
faceforensics/Deepfakes/258_246/000005.jpg,1,258,Deepfakes,FaceForensics++,faceforensics/Deepfakes/258_246/000005.jpg,258.0,258|246,258_246,test,source_video_disjoint_v1,0.55187726,FF++,FF++ Deepfakes,,-5.2175612,9.449978
faceforensics/Deepfakes/246_258/000018.jpg,1,246,Deepfakes,FaceForensics++,faceforensics/Deepfakes/246_258/000018.jpg,246.0,246|258,246_258,test,source_video_disjoint_v1,0.99913883,FF++,FF++ Deepfakes,,39.786526,-5.7160087
faceforensics/Deepfakes/719_737/000006.jpg,1,719,Deepfakes,FaceForensics++,faceforensics/Deepfakes/719_737/000006.jpg,719.0,719|737,719_737,test,source_video_disjoint_v1,0.43227732,FF++,FF++ Deepfakes,,2.2966583,43.13903
faceforensics/Deepfakes/737_719/000027.jpg,1,737,Deepfakes,FaceForensics++,faceforensics/Deepfakes/737_719/000027.jpg,737.0,737|719,737_719,test,source_video_disjoint_v1,0.028111933,FF++,FF++ Deepfakes,,-22.127687,25.605886
faceforensics/Deepfakes/835_651/000014.jpg,1,835,Deepfakes,FaceForensics++,faceforensics/Deepfakes/835_651/000014.jpg,835.0,835|651,835_651,test,source_video_disjoint_v1,0.9999745,FF++,FF++ Deepfakes,,35.18839,-23.801548
faceforensics/Deepfakes/470_468/000025.jpg,1,470,Deepfakes,FaceForensics++,faceforensics/Deepfakes/470_468/000025.jpg,470.0,470|468,470_468,test,source_video_disjoint_v1,0.07033936,FF++,FF++ Deepfakes,,27.9534,37.943
faceforensics/Deepfakes/468_470/000008.jpg,1,468,Deepfakes,FaceForensics++,faceforensics/Deepfakes/468_470/000008.jpg,468.0,468|470,468_470,test,source_video_disjoint_v1,0.9963671,FF++,FF++ Deepfakes,,11.21823,18.61728
faceforensics/Deepfakes/651_835/000004.jpg,1,651,Deepfakes,FaceForensics++,faceforensics/Deepfakes/651_835/000004.jpg,651.0,651|835,651_835,test,source_video_disjoint_v1,0.9851944,FF++,FF++ Deepfakes,,-2.4042816,-36.182365
faceforensics/Deepfakes/258_246/000012.jpg,1,258,Deepfakes,FaceForensics++,faceforensics/Deepfakes/258_246/000012.jpg,258.0,258|246,258_246,test,source_video_disjoint_v1,0.9994747,FF++,FF++ Deepfakes,,21.625212,-39.166813
faceforensics/Deepfakes/246_258/000016.jpg,1,246,Deepfakes,FaceForensics++,faceforensics/Deepfakes/246_258/000016.jpg,246.0,246|258,246_258,test,source_video_disjoint_v1,0.99993706,FF++,FF++ Deepfakes,,41.30286,-6.326504
faceforensics/Deepfakes/719_737/000015.jpg,1,719,Deepfakes,FaceForensics++,faceforensics/Deepfakes/719_737/000015.jpg,719.0,719|737,719_737,test,source_video_disjoint_v1,0.17132857,FF++,FF++ Deepfakes,,1.9541066,42.894478
faceforensics/Deepfakes/737_719/000013.jpg,1,737,Deepfakes,FaceForensics++,faceforensics/Deepfakes/737_719/000013.jpg,737.0,737|719,737_719,test,source_video_disjoint_v1,0.62668633,FF++,FF++ Deepfakes,,-20.700233,26.604465
faceforensics/Deepfakes/835_651/000009.jpg,1,835,Deepfakes,FaceForensics++,faceforensics/Deepfakes/835_651/000009.jpg,835.0,835|651,835_651,test,source_video_disjoint_v1,0.9999497,FF++,FF++ Deepfakes,,34.732685,-23.658152
faceforensics/Deepfakes/470_468/000005.jpg,1,470,Deepfakes,FaceForensics++,faceforensics/Deepfakes/470_468/000005.jpg,470.0,470|468,470_468,test,source_video_disjoint_v1,0.32244074,FF++,FF++ Deepfakes,,28.808628,36.94035
faceforensics/Deepfakes/468_470/000024.jpg,1,468,Deepfakes,FaceForensics++,faceforensics/Deepfakes/468_470/000024.jpg,468.0,468|470,468_470,test,source_video_disjoint_v1,0.97887176,FF++,FF++ Deepfakes,,9.715928,19.685625
faceforensics/Deepfakes/651_835/000022.jpg,1,651,Deepfakes,FaceForensics++,faceforensics/Deepfakes/651_835/000022.jpg,651.0,651|835,651_835,test,source_video_disjoint_v1,0.10388674,FF++,FF++ Deepfakes,,-3.1828227,-32.46786
faceforensics/Deepfakes/258_246/000021.jpg,1,258,Deepfakes,FaceForensics++,faceforensics/Deepfakes/258_246/000021.jpg,258.0,258|246,258_246,test,source_video_disjoint_v1,0.99979514,FF++,FF++ Deepfakes,,21.401728,-37.923496
faceforensics/Deepfakes/737_719/000029.jpg,1,737,Deepfakes,FaceForensics++,faceforensics/Deepfakes/737_719/000029.jpg,737.0,737|719,737_719,test,source_video_disjoint_v1,0.83565104,FF++,FF++ Deepfakes,,-20.231287,27.092014
faceforensics/Deepfakes/470_468/000011.jpg,1,470,Deepfakes,FaceForensics++,faceforensics/Deepfakes/470_468/000011.jpg,470.0,470|468,470_468,test,source_video_disjoint_v1,0.9610145,FF++,FF++ Deepfakes,,28.02276,35.898445
faceforensics/Deepfakes/719_737/000027.jpg,1,719,Deepfakes,FaceForensics++,faceforensics/Deepfakes/719_737/000027.jpg,719.0,719|737,719_737,test,source_video_disjoint_v1,0.027321907,FF++,FF++ Deepfakes,,1.7921323,41.793987
faceforensics/Deepfakes/246_258/000029.jpg,1,246,Deepfakes,FaceForensics++,faceforensics/Deepfakes/246_258/000029.jpg,246.0,246|258,246_258,test,source_video_disjoint_v1,0.999355,FF++,FF++ Deepfakes,,39.745876,-5.850532
faceforensics/Deepfakes/468_470/000015.jpg,1,468,Deepfakes,FaceForensics++,faceforensics/Deepfakes/468_470/000015.jpg,468.0,468|470,468_470,test,source_video_disjoint_v1,0.6769159,FF++,FF++ Deepfakes,,10.199315,21.3349
faceforensics/Deepfakes/835_651/000002.jpg,1,835,Deepfakes,FaceForensics++,faceforensics/Deepfakes/835_651/000002.jpg,835.0,835|651,835_651,test,source_video_disjoint_v1,0.99997973,FF++,FF++ Deepfakes,,36.03577,-23.537645
faceforensics/Deepfakes/651_835/000028.jpg,1,651,Deepfakes,FaceForensics++,faceforensics/Deepfakes/651_835/000028.jpg,651.0,651|835,651_835,test,source_video_disjoint_v1,0.94581753,FF++,FF++ Deepfakes,,-2.3575516,-35.582848
faceforensics/Deepfakes/258_246/000011.jpg,1,258,Deepfakes,FaceForensics++,faceforensics/Deepfakes/258_246/000011.jpg,258.0,258|246,258_246,test,source_video_disjoint_v1,0.17397979,FF++,FF++ Deepfakes,,-7.6141677,8.01609
faceforensics/Deepfakes/470_468/000018.jpg,1,470,Deepfakes,FaceForensics++,faceforensics/Deepfakes/470_468/000018.jpg,470.0,470|468,470_468,test,source_video_disjoint_v1,0.9640622,FF++,FF++ Deepfakes,,27.55088,35.89984
faceforensics/Deepfakes/737_719/000014.jpg,1,737,Deepfakes,FaceForensics++,faceforensics/Deepfakes/737_719/000014.jpg,737.0,737|719,737_719,test,source_video_disjoint_v1,0.9165181,FF++,FF++ Deepfakes,,-20.01562,27.286465
faceforensics/Deepfakes/468_470/000022.jpg,1,468,Deepfakes,FaceForensics++,faceforensics/Deepfakes/468_470/000022.jpg,468.0,468|470,468_470,test,source_video_disjoint_v1,0.96415615,FF++,FF++ Deepfakes,,11.904082,19.624147
faceforensics/Deepfakes/246_258/000005.jpg,1,246,Deepfakes,FaceForensics++,faceforensics/Deepfakes/246_258/000005.jpg,246.0,246|258,246_258,test,source_video_disjoint_v1,0.99958426,FF++,FF++ Deepfakes,,39.97551,-5.0428014
faceforensics/Deepfakes/719_737/000014.jpg,1,719,Deepfakes,FaceForensics++,faceforensics/Deepfakes/719_737/000014.jpg,719.0,719|737,719_737,test,source_video_disjoint_v1,0.39393133,FF++,FF++ Deepfakes,,1.9912184,43.21944
faceforensics/Deepfakes/835_651/000013.jpg,1,835,Deepfakes,FaceForensics++,faceforensics/Deepfakes/835_651/000013.jpg,835.0,835|651,835_651,test,source_video_disjoint_v1,0.99991584,FF++,FF++ Deepfakes,,35.94855,-22.98885
faceforensics/Deepfakes/651_835/000017.jpg,1,651,Deepfakes,FaceForensics++,faceforensics/Deepfakes/651_835/000017.jpg,651.0,651|835,651_835,test,source_video_disjoint_v1,0.9781286,FF++,FF++ Deepfakes,,-2.7654014,-36.2144
faceforensics/Deepfakes/258_246/000016.jpg,1,258,Deepfakes,FaceForensics++,faceforensics/Deepfakes/258_246/000016.jpg,258.0,258|246,258_246,test,source_video_disjoint_v1,0.99982005,FF++,FF++ Deepfakes,,21.50158,-38.13194
faceforensics/Deepfakes/470_468/000027.jpg,1,470,Deepfakes,FaceForensics++,faceforensics/Deepfakes/470_468/000027.jpg,470.0,470|468,470_468,test,source_video_disjoint_v1,0.03146883,FF++,FF++ Deepfakes,,27.994053,38.158207
faceforensics/Deepfakes/719_737/000009.jpg,1,719,Deepfakes,FaceForensics++,faceforensics/Deepfakes/719_737/000009.jpg,719.0,719|737,719_737,test,source_video_disjoint_v1,0.04247353,FF++,FF++ Deepfakes,,2.0364513,41.969894
faceforensics/Deepfakes/468_470/000005.jpg,1,468,Deepfakes,FaceForensics++,faceforensics/Deepfakes/468_470/000005.jpg,468.0,468|470,468_470,test,source_video_disjoint_v1,0.3074848,FF++,FF++ Deepfakes,,10.57039,21.504381
faceforensics/Deepfakes/737_719/000028.jpg,1,737,Deepfakes,FaceForensics++,faceforensics/Deepfakes/737_719/000028.jpg,737.0,737|719,737_719,test,source_video_disjoint_v1,0.117766745,FF++,FF++ Deepfakes,,-21.630903,26.265821
faceforensics/Deepfakes/246_258/000012.jpg,1,246,Deepfakes,FaceForensics++,faceforensics/Deepfakes/246_258/000012.jpg,246.0,246|258,246_258,test,source_video_disjoint_v1,0.99979883,FF++,FF++ Deepfakes,,40.589283,-5.6213155
faceforensics/Deepfakes/651_835/000026.jpg,1,651,Deepfakes,FaceForensics++,faceforensics/Deepfakes/651_835/000026.jpg,651.0,651|835,651_835,test,source_video_disjoint_v1,0.9976682,FF++,FF++ Deepfakes,,-1.7400379,-37.05486
faceforensics/Deepfakes/835_651/000021.jpg,1,835,Deepfakes,FaceForensics++,faceforensics/Deepfakes/835_651/000021.jpg,835.0,835|651,835_651,test,source_video_disjoint_v1,0.9986908,FF++,FF++ Deepfakes,,35.940807,-22.021837
faceforensics/Deepfakes/258_246/000006.jpg,1,258,Deepfakes,FaceForensics++,faceforensics/Deepfakes/258_246/000006.jpg,258.0,258|246,258_246,test,source_video_disjoint_v1,0.9999219,FF++,FF++ Deepfakes,,21.568644,-38.51717
faceforensics/Deepfakes/470_468/000021.jpg,1,470,Deepfakes,FaceForensics++,faceforensics/Deepfakes/470_468/000021.jpg,470.0,470|468,470_468,test,source_video_disjoint_v1,0.96659684,FF++,FF++ Deepfakes,,28.218729,35.715088
faceforensics/Deepfakes/246_258/000028.jpg,1,246,Deepfakes,FaceForensics++,faceforensics/Deepfakes/246_258/000028.jpg,246.0,246|258,246_258,test,source_video_disjoint_v1,0.98961174,FF++,FF++ Deepfakes,,38.380054,-5.3335857
faceforensics/Deepfakes/719_737/000011.jpg,1,719,Deepfakes,FaceForensics++,faceforensics/Deepfakes/719_737/000011.jpg,719.0,719|737,719_737,test,source_video_disjoint_v1,0.17844556,FF++,FF++ Deepfakes,,2.3825064,42.609806
faceforensics/Deepfakes/737_719/000010.jpg,1,737,Deepfakes,FaceForensics++,faceforensics/Deepfakes/737_719/000010.jpg,737.0,737|719,737_719,test,source_video_disjoint_v1,0.08711744,FF++,FF++ Deepfakes,,-21.420364,25.092041
faceforensics/Deepfakes/468_470/000016.jpg,1,468,Deepfakes,FaceForensics++,faceforensics/Deepfakes/468_470/000016.jpg,468.0,468|470,468_470,test,source_video_disjoint_v1,0.49816912,FF++,FF++ Deepfakes,,10.14025,21.349018
faceforensics/Deepfakes/651_835/000021.jpg,1,651,Deepfakes,FaceForensics++,faceforensics/Deepfakes/651_835/000021.jpg,651.0,651|835,651_835,test,source_video_disjoint_v1,0.82832956,FF++,FF++ Deepfakes,,-1.647067,-34.752544
faceforensics/Deepfakes/835_651/000005.jpg,1,835,Deepfakes,FaceForensics++,faceforensics/Deepfakes/835_651/000005.jpg,835.0,835|651,835_651,test,source_video_disjoint_v1,0.9999851,FF++,FF++ Deepfakes,,35.5318,-23.91625
faceforensics/Deepfakes/258_246/000003.jpg,1,258,Deepfakes,FaceForensics++,faceforensics/Deepfakes/258_246/000003.jpg,258.0,258|246,258_246,test,source_video_disjoint_v1,0.99996567,FF++,FF++ Deepfakes,,22.394548,-37.248608
faceforensics/Deepfakes/470_468/000007.jpg,1,470,Deepfakes,FaceForensics++,faceforensics/Deepfakes/470_468/000007.jpg,470.0,470|468,470_468,test,source_video_disjoint_v1,0.30649355,FF++,FF++ Deepfakes,,29.355911,37.106224
faceforensics/Deepfakes/719_737/000012.jpg,1,719,Deepfakes,FaceForensics++,faceforensics/Deepfakes/719_737/000012.jpg,719.0,719|737,719_737,test,source_video_disjoint_v1,0.09942217,FF++,FF++ Deepfakes,,2.1453044,42.465878
faceforensics/Deepfakes/468_470/000018.jpg,1,468,Deepfakes,FaceForensics++,faceforensics/Deepfakes/468_470/000018.jpg,468.0,468|470,468_470,test,source_video_disjoint_v1,0.6468703,FF++,FF++ Deepfakes,,9.867559,21.11099
faceforensics/Deepfakes/246_258/000026.jpg,1,246,Deepfakes,FaceForensics++,faceforensics/Deepfakes/246_258/000026.jpg,246.0,246|258,246_258,test,source_video_disjoint_v1,0.9997906,FF++,FF++ Deepfakes,,41.05353,-4.8057714
faceforensics/Deepfakes/835_651/000028.jpg,1,835,Deepfakes,FaceForensics++,faceforensics/Deepfakes/835_651/000028.jpg,835.0,835|651,835_651,test,source_video_disjoint_v1,0.9999894,FF++,FF++ Deepfakes,,35.98931,-24.20767
faceforensics/Deepfakes/651_835/000012.jpg,1,651,Deepfakes,FaceForensics++,faceforensics/Deepfakes/651_835/000012.jpg,651.0,651|835,651_835,test,source_video_disjoint_v1,0.23992832,FF++,FF++ Deepfakes,,-3.0257146,-33.078888
faceforensics/Deepfakes/737_719/000016.jpg,1,737,Deepfakes,FaceForensics++,faceforensics/Deepfakes/737_719/000016.jpg,737.0,737|719,737_719,test,source_video_disjoint_v1,0.003752737,FF++,FF++ Deepfakes,,-23.131035,24.678604
faceforensics/Deepfakes/258_246/000002.jpg,1,258,Deepfakes,FaceForensics++,faceforensics/Deepfakes/258_246/000002.jpg,258.0,258|246,258_246,test,source_video_disjoint_v1,0.9998066,FF++,FF++ Deepfakes,,21.033588,-37.484356
faceforensics/Deepfakes/246_258/000000.jpg,1,246,Deepfakes,FaceForensics++,faceforensics/Deepfakes/246_258/000000.jpg,246.0,246|258,246_258,test,source_video_disjoint_v1,0.99952865,FF++,FF++ Deepfakes,,39.838165,-6.102773
faceforensics/Deepfakes/468_470/000017.jpg,1,468,Deepfakes,FaceForensics++,faceforensics/Deepfakes/468_470/000017.jpg,468.0,468|470,468_470,test,source_video_disjoint_v1,0.8047931,FF++,FF++ Deepfakes,,9.6529,20.669704
faceforensics/Deepfakes/470_468/000010.jpg,1,470,Deepfakes,FaceForensics++,faceforensics/Deepfakes/470_468/000010.jpg,470.0,470|468,470_468,test,source_video_disjoint_v1,0.0025611594,FF++,FF++ Deepfakes,,28.537289,38.837116
faceforensics/Deepfakes/651_835/000024.jpg,1,651,Deepfakes,FaceForensics++,faceforensics/Deepfakes/651_835/000024.jpg,651.0,651|835,651_835,test,source_video_disjoint_v1,0.114328876,FF++,FF++ Deepfakes,,-3.1912446,-32.481102
faceforensics/Deepfakes/719_737/000023.jpg,1,719,Deepfakes,FaceForensics++,faceforensics/Deepfakes/719_737/000023.jpg,719.0,719|737,719_737,test,source_video_disjoint_v1,0.67279226,FF++,FF++ Deepfakes,,2.911888,43.205154
faceforensics/Deepfakes/835_651/000024.jpg,1,835,Deepfakes,FaceForensics++,faceforensics/Deepfakes/835_651/000024.jpg,835.0,835|651,835_651,test,source_video_disjoint_v1,0.99980265,FF++,FF++ Deepfakes,,34.550007,-23.044209
faceforensics/Deepfakes/737_719/000000.jpg,1,737,Deepfakes,FaceForensics++,faceforensics/Deepfakes/737_719/000000.jpg,737.0,737|719,737_719,test,source_video_disjoint_v1,0.45959052,FF++,FF++ Deepfakes,,-20.459286,26.00925
faceforensics/Deepfakes/258_246/000014.jpg,1,258,Deepfakes,FaceForensics++,faceforensics/Deepfakes/258_246/000014.jpg,258.0,258|246,258_246,test,source_video_disjoint_v1,0.9968665,FF++,FF++ Deepfakes,,19.597124,-37.80628
faceforensics/Deepfakes/246_258/000002.jpg,1,246,Deepfakes,FaceForensics++,faceforensics/Deepfakes/246_258/000002.jpg,246.0,246|258,246_258,test,source_video_disjoint_v1,0.9997707,FF++,FF++ Deepfakes,,40.232,-6.350015
faceforensics/Deepfakes/470_468/000029.jpg,1,470,Deepfakes,FaceForensics++,faceforensics/Deepfakes/470_468/000029.jpg,470.0,470|468,470_468,test,source_video_disjoint_v1,0.0047023944,FF++,FF++ Deepfakes,,28.569672,38.87833
faceforensics/Deepfakes/468_470/000025.jpg,1,468,Deepfakes,FaceForensics++,faceforensics/Deepfakes/468_470/000025.jpg,468.0,468|470,468_470,test,source_video_disjoint_v1,0.9949993,FF++,FF++ Deepfakes,,10.211799,18.994402
faceforensics/Deepfakes/719_737/000017.jpg,1,719,Deepfakes,FaceForensics++,faceforensics/Deepfakes/719_737/000017.jpg,719.0,719|737,719_737,test,source_video_disjoint_v1,0.7944032,FF++,FF++ Deepfakes,,3.3690164,43.239933
faceforensics/Deepfakes/651_835/000020.jpg,1,651,Deepfakes,FaceForensics++,faceforensics/Deepfakes/651_835/000020.jpg,651.0,651|835,651_835,test,source_video_disjoint_v1,0.2187544,FF++,FF++ Deepfakes,,-3.007324,-33.093983
faceforensics/Deepfakes/835_651/000006.jpg,1,835,Deepfakes,FaceForensics++,faceforensics/Deepfakes/835_651/000006.jpg,835.0,835|651,835_651,test,source_video_disjoint_v1,0.99977154,FF++,FF++ Deepfakes,,34.267128,-23.18332
faceforensics/Deepfakes/737_719/000003.jpg,1,737,Deepfakes,FaceForensics++,faceforensics/Deepfakes/737_719/000003.jpg,737.0,737|719,737_719,test,source_video_disjoint_v1,0.8408821,FF++,FF++ Deepfakes,,-20.119379,27.212389
faceforensics/Deepfakes/258_246/000010.jpg,1,258,Deepfakes,FaceForensics++,faceforensics/Deepfakes/258_246/000010.jpg,258.0,258|246,258_246,test,source_video_disjoint_v1,0.99994314,FF++,FF++ Deepfakes,,21.803812,-37.461617
faceforensics/Deepfakes/470_468/000000.jpg,1,470,Deepfakes,FaceForensics++,faceforensics/Deepfakes/470_468/000000.jpg,470.0,470|468,470_468,test,source_video_disjoint_v1,0.005430888,FF++,FF++ Deepfakes,,28.20183,38.9686
faceforensics/Deepfakes/719_737/000008.jpg,1,719,Deepfakes,FaceForensics++,faceforensics/Deepfakes/719_737/000008.jpg,719.0,719|737,719_737,test,source_video_disjoint_v1,0.00779099,FF++,FF++ Deepfakes,,1.733079,41.413727
faceforensics/Deepfakes/468_470/000001.jpg,1,468,Deepfakes,FaceForensics++,faceforensics/Deepfakes/468_470/000001.jpg,468.0,468|470,468_470,test,source_video_disjoint_v1,0.648845,FF++,FF++ Deepfakes,,9.679184,20.99369
faceforensics/Deepfakes/246_258/000022.jpg,1,246,Deepfakes,FaceForensics++,faceforensics/Deepfakes/246_258/000022.jpg,246.0,246|258,246_258,test,source_video_disjoint_v1,0.9999112,FF++,FF++ Deepfakes,,41.287872,-5.4338603
faceforensics/Deepfakes/651_835/000027.jpg,1,651,Deepfakes,FaceForensics++,faceforensics/Deepfakes/651_835/000027.jpg,651.0,651|835,651_835,test,source_video_disjoint_v1,0.9035711,FF++,FF++ Deepfakes,,-2.1915245,-35.407177
faceforensics/Deepfakes/737_719/000017.jpg,1,737,Deepfakes,FaceForensics++,faceforensics/Deepfakes/737_719/000017.jpg,737.0,737|719,737_719,test,source_video_disjoint_v1,0.17955783,FF++,FF++ Deepfakes,,-21.046082,25.519484
faceforensics/Deepfakes/258_246/000009.jpg,1,258,Deepfakes,FaceForensics++,faceforensics/Deepfakes/258_246/000009.jpg,258.0,258|246,258_246,test,source_video_disjoint_v1,0.5461896,FF++,FF++ Deepfakes,,-5.2374463,3.8822029
faceforensics/Deepfakes/835_651/000016.jpg,1,835,Deepfakes,FaceForensics++,faceforensics/Deepfakes/835_651/000016.jpg,835.0,835|651,835_651,test,source_video_disjoint_v1,0.9999945,FF++,FF++ Deepfakes,,36.33051,-24.01918
faceforensics/Deepfakes/470_468/000008.jpg,1,470,Deepfakes,FaceForensics++,faceforensics/Deepfakes/470_468/000008.jpg,470.0,470|468,470_468,test,source_video_disjoint_v1,0.04544121,FF++,FF++ Deepfakes,,28.79116,38.4529
faceforensics/Deepfakes/719_737/000005.jpg,1,719,Deepfakes,FaceForensics++,faceforensics/Deepfakes/719_737/000005.jpg,719.0,719|737,719_737,test,source_video_disjoint_v1,0.5726064,FF++,FF++ Deepfakes,,2.2607708,43.5915
faceforensics/Deepfakes/246_258/000011.jpg,1,246,Deepfakes,FaceForensics++,faceforensics/Deepfakes/246_258/000011.jpg,246.0,246|258,246_258,test,source_video_disjoint_v1,0.9997156,FF++,FF++ Deepfakes,,40.51584,-5.6743865
faceforensics/Deepfakes/651_835/000002.jpg,1,651,Deepfakes,FaceForensics++,faceforensics/Deepfakes/651_835/000002.jpg,651.0,651|835,651_835,test,source_video_disjoint_v1,0.47793496,FF++,FF++ Deepfakes,,-2.952328,-33.708263
faceforensics/Deepfakes/468_470/000002.jpg,1,468,Deepfakes,FaceForensics++,faceforensics/Deepfakes/468_470/000002.jpg,468.0,468|470,468_470,test,source_video_disjoint_v1,0.8874633,FF++,FF++ Deepfakes,,9.599756,20.509932
faceforensics/Deepfakes/737_719/000020.jpg,1,737,Deepfakes,FaceForensics++,faceforensics/Deepfakes/737_719/000020.jpg,737.0,737|719,737_719,test,source_video_disjoint_v1,0.42732644,FF++,FF++ Deepfakes,,-20.81404,26.095453
faceforensics/Deepfakes/258_246/000017.jpg,1,258,Deepfakes,FaceForensics++,faceforensics/Deepfakes/258_246/000017.jpg,258.0,258|246,258_246,test,source_video_disjoint_v1,0.9999614,FF++,FF++ Deepfakes,,21.57472,-38.509388
faceforensics/Deepfakes/835_651/000007.jpg,1,835,Deepfakes,FaceForensics++,faceforensics/Deepfakes/835_651/000007.jpg,835.0,835|651,835_651,test,source_video_disjoint_v1,0.99988306,FF++,FF++ Deepfakes,,35.395336,-23.037848
faceforensics/Deepfakes/470_468/000028.jpg,1,470,Deepfakes,FaceForensics++,faceforensics/Deepfakes/470_468/000028.jpg,470.0,470|468,470_468,test,source_video_disjoint_v1,0.91391426,FF++,FF++ Deepfakes,,28.383207,36.012844
faceforensics/Deepfakes/246_258/000027.jpg,1,246,Deepfakes,FaceForensics++,faceforensics/Deepfakes/246_258/000027.jpg,246.0,246|258,246_258,test,source_video_disjoint_v1,0.9999101,FF++,FF++ Deepfakes,,41.13072,-6.0369096
faceforensics/Deepfakes/651_835/000018.jpg,1,651,Deepfakes,FaceForensics++,faceforensics/Deepfakes/651_835/000018.jpg,651.0,651|835,651_835,test,source_video_disjoint_v1,0.799226,FF++,FF++ Deepfakes,,-3.2982023,-34.822475
faceforensics/Deepfakes/719_737/000020.jpg,1,719,Deepfakes,FaceForensics++,faceforensics/Deepfakes/719_737/000020.jpg,719.0,719|737,719_737,test,source_video_disjoint_v1,0.15478453,FF++,FF++ Deepfakes,,2.9556828,42.048225
faceforensics/Deepfakes/468_470/000010.jpg,1,468,Deepfakes,FaceForensics++,faceforensics/Deepfakes/468_470/000010.jpg,468.0,468|470,468_470,test,source_video_disjoint_v1,0.7798993,FF++,FF++ Deepfakes,,11.837232,20.152224
faceforensics/Deepfakes/737_719/000001.jpg,1,737,Deepfakes,FaceForensics++,faceforensics/Deepfakes/737_719/000001.jpg,737.0,737|719,737_719,test,source_video_disjoint_v1,0.118361436,FF++,FF++ Deepfakes,,-21.625093,25.816418
faceforensics/Deepfakes/258_246/000013.jpg,1,258,Deepfakes,FaceForensics++,faceforensics/Deepfakes/258_246/000013.jpg,258.0,258|246,258_246,test,source_video_disjoint_v1,0.99996924,FF++,FF++ Deepfakes,,22.303135,-38.810287
faceforensics/Deepfakes/835_651/000012.jpg,1,835,Deepfakes,FaceForensics++,faceforensics/Deepfakes/835_651/000012.jpg,835.0,835|651,835_651,test,source_video_disjoint_v1,0.99747247,FF++,FF++ Deepfakes,,35.219658,-21.668413
faceforensics/Deepfakes/246_258/000004.jpg,1,246,Deepfakes,FaceForensics++,faceforensics/Deepfakes/246_258/000004.jpg,246.0,246|258,246_258,test,source_video_disjoint_v1,0.9943979,FF++,FF++ Deepfakes,,38.694942,-5.509164
faceforensics/Deepfakes/651_835/000015.jpg,1,651,Deepfakes,FaceForensics++,faceforensics/Deepfakes/651_835/000015.jpg,651.0,651|835,651_835,test,source_video_disjoint_v1,0.027464844,FF++,FF++ Deepfakes,,-3.8410742,-31.765661
faceforensics/Deepfakes/468_470/000004.jpg,1,468,Deepfakes,FaceForensics++,faceforensics/Deepfakes/468_470/000004.jpg,468.0,468|470,468_470,test,source_video_disjoint_v1,0.8716759,FF++,FF++ Deepfakes,,10.652855,20.631882
faceforensics/Deepfakes/719_737/000004.jpg,1,719,Deepfakes,FaceForensics++,faceforensics/Deepfakes/719_737/000004.jpg,719.0,719|737,719_737,test,source_video_disjoint_v1,0.18264353,FF++,FF++ Deepfakes,,1.7329473,42.855213
faceforensics/Deepfakes/470_468/000004.jpg,1,470,Deepfakes,FaceForensics++,faceforensics/Deepfakes/470_468/000004.jpg,470.0,470|468,470_468,test,source_video_disjoint_v1,0.099294744,FF++,FF++ Deepfakes,,27.860018,37.680515
faceforensics/Deepfakes/258_246/000023.jpg,1,258,Deepfakes,FaceForensics++,faceforensics/Deepfakes/258_246/000023.jpg,258.0,258|246,258_246,test,source_video_disjoint_v1,0.99930656,FF++,FF++ Deepfakes,,20.387053,-37.659138
faceforensics/Deepfakes/737_719/000004.jpg,1,737,Deepfakes,FaceForensics++,faceforensics/Deepfakes/737_719/000004.jpg,737.0,737|719,737_719,test,source_video_disjoint_v1,0.985157,FF++,FF++ Deepfakes,,-19.273945,27.957808
faceforensics/Deepfakes/835_651/000003.jpg,1,835,Deepfakes,FaceForensics++,faceforensics/Deepfakes/835_651/000003.jpg,835.0,835|651,835_651,test,source_video_disjoint_v1,0.9999709,FF++,FF++ Deepfakes,,35.359863,-23.618513
faceforensics/Deepfakes/651_835/000008.jpg,1,651,Deepfakes,FaceForensics++,faceforensics/Deepfakes/651_835/000008.jpg,651.0,651|835,651_835,test,source_video_disjoint_v1,0.91253895,FF++,FF++ Deepfakes,,-3.03669,-35.50124
faceforensics/Deepfakes/246_258/000023.jpg,1,246,Deepfakes,FaceForensics++,faceforensics/Deepfakes/246_258/000023.jpg,246.0,246|258,246_258,test,source_video_disjoint_v1,0.9998597,FF++,FF++ Deepfakes,,41.10117,-5.1040955
faceforensics/Deepfakes/719_737/000028.jpg,1,719,Deepfakes,FaceForensics++,faceforensics/Deepfakes/719_737/000028.jpg,719.0,719|737,719_737,test,source_video_disjoint_v1,0.088744126,FF++,FF++ Deepfakes,,2.1862373,40.87349
faceforensics/Deepfakes/468_470/000021.jpg,1,468,Deepfakes,FaceForensics++,faceforensics/Deepfakes/468_470/000021.jpg,468.0,468|470,468_470,test,source_video_disjoint_v1,0.9902726,FF++,FF++ Deepfakes,,11.501224,19.064344
faceforensics/Deepfakes/470_468/000015.jpg,1,470,Deepfakes,FaceForensics++,faceforensics/Deepfakes/470_468/000015.jpg,470.0,470|468,470_468,test,source_video_disjoint_v1,0.7665933,FF++,FF++ Deepfakes,,28.413366,36.335663
faceforensics/Deepfakes/258_246/000019.jpg,1,258,Deepfakes,FaceForensics++,faceforensics/Deepfakes/258_246/000019.jpg,258.0,258|246,258_246,test,source_video_disjoint_v1,0.99909556,FF++,FF++ Deepfakes,,20.352884,-38.70534
faceforensics/Deepfakes/835_651/000008.jpg,1,835,Deepfakes,FaceForensics++,faceforensics/Deepfakes/835_651/000008.jpg,835.0,835|651,835_651,test,source_video_disjoint_v1,0.99996936,FF++,FF++ Deepfakes,,35.226456,-23.8208
faceforensics/Deepfakes/737_719/000025.jpg,1,737,Deepfakes,FaceForensics++,faceforensics/Deepfakes/737_719/000025.jpg,737.0,737|719,737_719,test,source_video_disjoint_v1,0.024377482,FF++,FF++ Deepfakes,,-22.25164,25.616037
faceforensics/Deepfakes/651_835/000003.jpg,1,651,Deepfakes,FaceForensics++,faceforensics/Deepfakes/651_835/000003.jpg,651.0,651|835,651_835,test,source_video_disjoint_v1,0.7387147,FF++,FF++ Deepfakes,,-2.7352257,-34.439728
faceforensics/Deepfakes/246_258/000003.jpg,1,246,Deepfakes,FaceForensics++,faceforensics/Deepfakes/246_258/000003.jpg,246.0,246|258,246_258,test,source_video_disjoint_v1,0.9999653,FF++,FF++ Deepfakes,,40.874474,-7.0075645
faceforensics/Deepfakes/719_737/000013.jpg,1,719,Deepfakes,FaceForensics++,faceforensics/Deepfakes/719_737/000013.jpg,719.0,719|737,719_737,test,source_video_disjoint_v1,0.19288509,FF++,FF++ Deepfakes,,2.2648528,42.788708
faceforensics/Deepfakes/468_470/000020.jpg,1,468,Deepfakes,FaceForensics++,faceforensics/Deepfakes/468_470/000020.jpg,468.0,468|470,468_470,test,source_video_disjoint_v1,0.33722937,FF++,FF++ Deepfakes,,10.341252,21.520504
faceforensics/Deepfakes/258_246/000004.jpg,1,258,Deepfakes,FaceForensics++,faceforensics/Deepfakes/258_246/000004.jpg,258.0,258|246,258_246,test,source_video_disjoint_v1,0.9998149,FF++,FF++ Deepfakes,,21.256805,-38.569073
faceforensics/Deepfakes/470_468/000020.jpg,1,470,Deepfakes,FaceForensics++,faceforensics/Deepfakes/470_468/000020.jpg,470.0,470|468,470_468,test,source_video_disjoint_v1,0.9079306,FF++,FF++ Deepfakes,,28.677288,35.9765
faceforensics/Deepfakes/835_651/000019.jpg,1,835,Deepfakes,FaceForensics++,faceforensics/Deepfakes/835_651/000019.jpg,835.0,835|651,835_651,test,source_video_disjoint_v1,0.9998115,FF++,FF++ Deepfakes,,36.393898,-22.608852
faceforensics/Deepfakes/737_719/000015.jpg,1,737,Deepfakes,FaceForensics++,faceforensics/Deepfakes/737_719/000015.jpg,737.0,737|719,737_719,test,source_video_disjoint_v1,0.40125108,FF++,FF++ Deepfakes,,-20.87343,26.613535
faceforensics/Deepfakes/651_835/000025.jpg,1,651,Deepfakes,FaceForensics++,faceforensics/Deepfakes/651_835/000025.jpg,651.0,651|835,651_835,test,source_video_disjoint_v1,0.043558832,FF++,FF++ Deepfakes,,-3.5548275,-32.36053
faceforensics/Deepfakes/246_258/000007.jpg,1,246,Deepfakes,FaceForensics++,faceforensics/Deepfakes/246_258/000007.jpg,246.0,246|258,246_258,test,source_video_disjoint_v1,0.99795353,FF++,FF++ Deepfakes,,39.196766,-5.0386195
faceforensics/Deepfakes/719_737/000021.jpg,1,719,Deepfakes,FaceForensics++,faceforensics/Deepfakes/719_737/000021.jpg,719.0,719|737,719_737,test,source_video_disjoint_v1,0.60678494,FF++,FF++ Deepfakes,,3.2211945,42.784134
faceforensics/Deepfakes/470_468/000001.jpg,1,470,Deepfakes,FaceForensics++,faceforensics/Deepfakes/470_468/000001.jpg,470.0,470|468,470_468,test,source_video_disjoint_v1,0.07112767,FF++,FF++ Deepfakes,,27.92294,37.750122
faceforensics/Deepfakes/468_470/000023.jpg,1,468,Deepfakes,FaceForensics++,faceforensics/Deepfakes/468_470/000023.jpg,468.0,468|470,468_470,test,source_video_disjoint_v1,0.9860097,FF++,FF++ Deepfakes,,10.129693,19.466093
faceforensics/Deepfakes/258_246/000029.jpg,1,258,Deepfakes,FaceForensics++,faceforensics/Deepfakes/258_246/000029.jpg,258.0,258|246,258_246,test,source_video_disjoint_v1,0.99005073,FF++,FF++ Deepfakes,,18.880358,-37.206673
faceforensics/Deepfakes/835_651/000010.jpg,1,835,Deepfakes,FaceForensics++,faceforensics/Deepfakes/835_651/000010.jpg,835.0,835|651,835_651,test,source_video_disjoint_v1,0.9997596,FF++,FF++ Deepfakes,,34.981133,-22.612974
faceforensics/Deepfakes/737_719/000018.jpg,1,737,Deepfakes,FaceForensics++,faceforensics/Deepfakes/737_719/000018.jpg,737.0,737|719,737_719,test,source_video_disjoint_v1,0.01854187,FF++,FF++ Deepfakes,,-22.32403,25.324032
faceforensics/Deepfakes/651_835/000013.jpg,1,651,Deepfakes,FaceForensics++,faceforensics/Deepfakes/651_835/000013.jpg,651.0,651|835,651_835,test,source_video_disjoint_v1,0.87178206,FF++,FF++ Deepfakes,,-2.72123,-35.028862
faceforensics/Deepfakes/468_470/000029.jpg,1,468,Deepfakes,FaceForensics++,faceforensics/Deepfakes/468_470/000029.jpg,468.0,468|470,468_470,test,source_video_disjoint_v1,0.9986739,FF++,FF++ Deepfakes,,10.497707,18.56741
faceforensics/Deepfakes/246_258/000008.jpg,1,246,Deepfakes,FaceForensics++,faceforensics/Deepfakes/246_258/000008.jpg,246.0,246|258,246_258,test,source_video_disjoint_v1,0.9995782,FF++,FF++ Deepfakes,,40.000084,-6.394163
faceforensics/Deepfakes/719_737/000016.jpg,1,719,Deepfakes,FaceForensics++,faceforensics/Deepfakes/719_737/000016.jpg,719.0,719|737,719_737,test,source_video_disjoint_v1,0.92845917,FF++,FF++ Deepfakes,,3.213896,43.815956
faceforensics/Deepfakes/258_246/000024.jpg,1,258,Deepfakes,FaceForensics++,faceforensics/Deepfakes/258_246/000024.jpg,258.0,258|246,258_246,test,source_video_disjoint_v1,0.99993837,FF++,FF++ Deepfakes,,21.243553,-37.44579
faceforensics/Deepfakes/470_468/000017.jpg,1,470,Deepfakes,FaceForensics++,faceforensics/Deepfakes/470_468/000017.jpg,470.0,470|468,470_468,test,source_video_disjoint_v1,0.86148024,FF++,FF++ Deepfakes,,28.331167,36.08151
faceforensics/Deepfakes/737_719/000019.jpg,1,737,Deepfakes,FaceForensics++,faceforensics/Deepfakes/737_719/000019.jpg,737.0,737|719,737_719,test,source_video_disjoint_v1,0.0010668986,FF++,FF++ Deepfakes,,-23.320408,24.895224
faceforensics/Deepfakes/835_651/000026.jpg,1,835,Deepfakes,FaceForensics++,faceforensics/Deepfakes/835_651/000026.jpg,835.0,835|651,835_651,test,source_video_disjoint_v1,0.9986952,FF++,FF++ Deepfakes,,35.862648,-22.017876
faceforensics/Deepfakes/246_258/000013.jpg,1,246,Deepfakes,FaceForensics++,faceforensics/Deepfakes/246_258/000013.jpg,246.0,246|258,246_258,test,source_video_disjoint_v1,0.9993284,FF++,FF++ Deepfakes,,39.53516,-5.4078026
faceforensics/Deepfakes/651_835/000011.jpg,1,651,Deepfakes,FaceForensics++,faceforensics/Deepfakes/651_835/000011.jpg,651.0,651|835,651_835,test,source_video_disjoint_v1,0.12198585,FF++,FF++ Deepfakes,,-3.0399938,-32.27891
faceforensics/Deepfakes/468_470/000012.jpg,1,468,Deepfakes,FaceForensics++,faceforensics/Deepfakes/468_470/000012.jpg,468.0,468|470,468_470,test,source_video_disjoint_v1,0.993407,FF++,FF++ Deepfakes,,9.907064,18.99963
faceforensics/Deepfakes/258_246/000020.jpg,1,258,Deepfakes,FaceForensics++,faceforensics/Deepfakes/258_246/000020.jpg,258.0,258|246,258_246,test,source_video_disjoint_v1,0.99990094,FF++,FF++ Deepfakes,,21.044615,-37.98161
faceforensics/Deepfakes/719_737/000024.jpg,1,719,Deepfakes,FaceForensics++,faceforensics/Deepfakes/719_737/000024.jpg,719.0,719|737,719_737,test,source_video_disjoint_v1,0.04870725,FF++,FF++ Deepfakes,,1.7051097,42.43409
faceforensics/Deepfakes/737_719/000009.jpg,1,737,Deepfakes,FaceForensics++,faceforensics/Deepfakes/737_719/000009.jpg,737.0,737|719,737_719,test,source_video_disjoint_v1,0.6608775,FF++,FF++ Deepfakes,,-20.16122,26.596087
faceforensics/Deepfakes/835_651/000001.jpg,1,835,Deepfakes,FaceForensics++,faceforensics/Deepfakes/835_651/000001.jpg,835.0,835|651,835_651,test,source_video_disjoint_v1,0.9997137,FF++,FF++ Deepfakes,,34.636288,-22.442268
faceforensics/Deepfakes/470_468/000013.jpg,1,470,Deepfakes,FaceForensics++,faceforensics/Deepfakes/470_468/000013.jpg,470.0,470|468,470_468,test,source_video_disjoint_v1,0.0043738126,FF++,FF++ Deepfakes,,28.085657,38.837543
faceforensics/Deepfakes/246_258/000017.jpg,1,246,Deepfakes,FaceForensics++,faceforensics/Deepfakes/246_258/000017.jpg,246.0,246|258,246_258,test,source_video_disjoint_v1,0.9987784,FF++,FF++ Deepfakes,,39.4362,-6.442239
faceforensics/Deepfakes/651_835/000014.jpg,1,651,Deepfakes,FaceForensics++,faceforensics/Deepfakes/651_835/000014.jpg,651.0,651|835,651_835,test,source_video_disjoint_v1,0.8041781,FF++,FF++ Deepfakes,,-2.7589364,-34.55757
faceforensics/Deepfakes/468_470/000003.jpg,1,468,Deepfakes,FaceForensics++,faceforensics/Deepfakes/468_470/000003.jpg,468.0,468|470,468_470,test,source_video_disjoint_v1,0.9515445,FF++,FF++ Deepfakes,,11.841608,19.681253
faceforensics/Deepfakes/719_737/000019.jpg,1,719,Deepfakes,FaceForensics++,faceforensics/Deepfakes/719_737/000019.jpg,719.0,719|737,719_737,test,source_video_disjoint_v1,0.8905089,FF++,FF++ Deepfakes,,3.4724436,43.44384
faceforensics/Deepfakes/258_246/000028.jpg,1,258,Deepfakes,FaceForensics++,faceforensics/Deepfakes/258_246/000028.jpg,258.0,258|246,258_246,test,source_video_disjoint_v1,0.99884284,FF++,FF++ Deepfakes,,20.278091,-38.305473
faceforensics/Deepfakes/737_719/000023.jpg,1,737,Deepfakes,FaceForensics++,faceforensics/Deepfakes/737_719/000023.jpg,737.0,737|719,737_719,test,source_video_disjoint_v1,0.9961604,FF++,FF++ Deepfakes,,-19.243694,27.979216
faceforensics/Deepfakes/835_651/000022.jpg,1,835,Deepfakes,FaceForensics++,faceforensics/Deepfakes/835_651/000022.jpg,835.0,835|651,835_651,test,source_video_disjoint_v1,0.99991274,FF++,FF++ Deepfakes,,34.446377,-23.344858
faceforensics/Deepfakes/470_468/000009.jpg,1,470,Deepfakes,FaceForensics++,faceforensics/Deepfakes/470_468/000009.jpg,470.0,470|468,470_468,test,source_video_disjoint_v1,0.78076416,FF++,FF++ Deepfakes,,28.869987,36.081394
faceforensics/Deepfakes/258_246/000018.jpg,1,258,Deepfakes,FaceForensics++,faceforensics/Deepfakes/258_246/000018.jpg,258.0,258|246,258_246,test,source_video_disjoint_v1,0.9994466,FF++,FF++ Deepfakes,,20.643612,-38.699684
faceforensics/Deepfakes/468_470/000028.jpg,1,468,Deepfakes,FaceForensics++,faceforensics/Deepfakes/468_470/000028.jpg,468.0,468|470,468_470,test,source_video_disjoint_v1,0.9778456,FF++,FF++ Deepfakes,,9.436041,19.718187
faceforensics/Deepfakes/246_258/000021.jpg,1,246,Deepfakes,FaceForensics++,faceforensics/Deepfakes/246_258/000021.jpg,246.0,246|258,246_258,test,source_video_disjoint_v1,0.9999534,FF++,FF++ Deepfakes,,41.282127,-6.1566525
faceforensics/Deepfakes/719_737/000010.jpg,1,719,Deepfakes,FaceForensics++,faceforensics/Deepfakes/719_737/000010.jpg,719.0,719|737,719_737,test,source_video_disjoint_v1,0.028271366,FF++,FF++ Deepfakes,,1.6060923,41.91345
faceforensics/Deepfakes/737_719/000007.jpg,1,737,Deepfakes,FaceForensics++,faceforensics/Deepfakes/737_719/000007.jpg,737.0,737|719,737_719,test,source_video_disjoint_v1,0.10255308,FF++,FF++ Deepfakes,,-21.673561,26.273306
faceforensics/Deepfakes/651_835/000009.jpg,1,651,Deepfakes,FaceForensics++,faceforensics/Deepfakes/651_835/000009.jpg,651.0,651|835,651_835,test,source_video_disjoint_v1,0.9795166,FF++,FF++ Deepfakes,,-2.5947702,-36.000816
faceforensics/Deepfakes/835_651/000015.jpg,1,835,Deepfakes,FaceForensics++,faceforensics/Deepfakes/835_651/000015.jpg,835.0,835|651,835_651,test,source_video_disjoint_v1,0.99988115,FF++,FF++ Deepfakes,,34.911633,-23.219175
faceforensics/Deepfakes/470_468/000026.jpg,1,470,Deepfakes,FaceForensics++,faceforensics/Deepfakes/470_468/000026.jpg,470.0,470|468,470_468,test,source_video_disjoint_v1,0.09129945,FF++,FF++ Deepfakes,,28.283045,37.79793
faceforensics/Deepfakes/258_246/000027.jpg,1,258,Deepfakes,FaceForensics++,faceforensics/Deepfakes/258_246/000027.jpg,258.0,258|246,258_246,test,source_video_disjoint_v1,0.99973994,FF++,FF++ Deepfakes,,20.99955,-38.667107
faceforensics/Deepfakes/737_719/000011.jpg,1,737,Deepfakes,FaceForensics++,faceforensics/Deepfakes/737_719/000011.jpg,737.0,737|719,737_719,test,source_video_disjoint_v1,0.034381203,FF++,FF++ Deepfakes,,-22.262096,25.246536
faceforensics/Deepfakes/719_737/000007.jpg,1,719,Deepfakes,FaceForensics++,faceforensics/Deepfakes/719_737/000007.jpg,719.0,719|737,719_737,test,source_video_disjoint_v1,0.95097464,FF++,FF++ Deepfakes,,2.869322,44.141834
faceforensics/Deepfakes/246_258/000001.jpg,1,246,Deepfakes,FaceForensics++,faceforensics/Deepfakes/246_258/000001.jpg,246.0,246|258,246_258,test,source_video_disjoint_v1,0.99998295,FF++,FF++ Deepfakes,,41.23928,-6.7867656
faceforensics/Deepfakes/651_835/000029.jpg,1,651,Deepfakes,FaceForensics++,faceforensics/Deepfakes/651_835/000029.jpg,651.0,651|835,651_835,test,source_video_disjoint_v1,0.99815696,FF++,FF++ Deepfakes,,-1.7802233,-37.142178
faceforensics/Deepfakes/468_470/000027.jpg,1,468,Deepfakes,FaceForensics++,faceforensics/Deepfakes/468_470/000027.jpg,468.0,468|470,468_470,test,source_video_disjoint_v1,0.9728497,FF++,FF++ Deepfakes,,9.672926,19.489046
faceforensics/Deepfakes/835_651/000004.jpg,1,835,Deepfakes,FaceForensics++,faceforensics/Deepfakes/835_651/000004.jpg,835.0,835|651,835_651,test,source_video_disjoint_v1,0.99977857,FF++,FF++ Deepfakes,,34.456455,-23.085857
faceforensics/Deepfakes/470_468/000016.jpg,1,470,Deepfakes,FaceForensics++,faceforensics/Deepfakes/470_468/000016.jpg,470.0,470|468,470_468,test,source_video_disjoint_v1,0.12614013,FF++,FF++ Deepfakes,,28.636606,37.43762
faceforensics/Deepfakes/258_246/000007.jpg,1,258,Deepfakes,FaceForensics++,faceforensics/Deepfakes/258_246/000007.jpg,258.0,258|246,258_246,test,source_video_disjoint_v1,0.99986875,FF++,FF++ Deepfakes,,21.387472,-38.698395
faceforensics/Deepfakes/651_835/000010.jpg,1,651,Deepfakes,FaceForensics++,faceforensics/Deepfakes/651_835/000010.jpg,651.0,651|835,651_835,test,source_video_disjoint_v1,0.06582016,FF++,FF++ Deepfakes,,-3.1079173,-32.06429
faceforensics/Deepfakes/719_737/000001.jpg,1,719,Deepfakes,FaceForensics++,faceforensics/Deepfakes/719_737/000001.jpg,719.0,719|737,719_737,test,source_video_disjoint_v1,0.9583788,FF++,FF++ Deepfakes,,3.3640363,43.820465
faceforensics/Deepfakes/737_719/000022.jpg,1,737,Deepfakes,FaceForensics++,faceforensics/Deepfakes/737_719/000022.jpg,737.0,737|719,737_719,test,source_video_disjoint_v1,0.32873678,FF++,FF++ Deepfakes,,-21.007427,26.35759
faceforensics/Deepfakes/468_470/000014.jpg,1,468,Deepfakes,FaceForensics++,faceforensics/Deepfakes/468_470/000014.jpg,468.0,468|470,468_470,test,source_video_disjoint_v1,0.99850166,FF++,FF++ Deepfakes,,11.016549,18.634735
faceforensics/Deepfakes/835_651/000000.jpg,1,835,Deepfakes,FaceForensics++,faceforensics/Deepfakes/835_651/000000.jpg,835.0,835|651,835_651,test,source_video_disjoint_v1,0.9999794,FF++,FF++ Deepfakes,,36.297626,-23.460659
faceforensics/Deepfakes/246_258/000020.jpg,1,246,Deepfakes,FaceForensics++,faceforensics/Deepfakes/246_258/000020.jpg,246.0,246|258,246_258,test,source_video_disjoint_v1,0.99949956,FF++,FF++ Deepfakes,,40.137043,-5.2397566
faceforensics/Deepfakes/470_468/000002.jpg,1,470,Deepfakes,FaceForensics++,faceforensics/Deepfakes/470_468/000002.jpg,470.0,470|468,470_468,test,source_video_disjoint_v1,0.11381191,FF++,FF++ Deepfakes,,29.477163,37.46479
faceforensics/Deepfakes/258_246/000022.jpg,1,258,Deepfakes,FaceForensics++,faceforensics/Deepfakes/258_246/000022.jpg,258.0,258|246,258_246,test,source_video_disjoint_v1,0.99998677,FF++,FF++ Deepfakes,,22.288021,-37.870697
faceforensics/Deepfakes/651_835/000001.jpg,1,651,Deepfakes,FaceForensics++,faceforensics/Deepfakes/651_835/000001.jpg,651.0,651|835,651_835,test,source_video_disjoint_v1,0.69372874,FF++,FF++ Deepfakes,,-2.5446868,-34.333786
faceforensics/Deepfakes/835_651/000029.jpg,1,835,Deepfakes,FaceForensics++,faceforensics/Deepfakes/835_651/000029.jpg,835.0,835|651,835_651,test,source_video_disjoint_v1,0.99999094,FF++,FF++ Deepfakes,,36.14828,-23.90799
faceforensics/Deepfakes/737_719/000008.jpg,1,737,Deepfakes,FaceForensics++,faceforensics/Deepfakes/737_719/000008.jpg,737.0,737|719,737_719,test,source_video_disjoint_v1,0.9883901,FF++,FF++ Deepfakes,,-19.50886,27.767962
faceforensics/Deepfakes/468_470/000011.jpg,1,468,Deepfakes,FaceForensics++,faceforensics/Deepfakes/468_470/000011.jpg,468.0,468|470,468_470,test,source_video_disjoint_v1,0.9976907,FF++,FF++ Deepfakes,,10.601896,18.528557
faceforensics/Deepfakes/246_258/000014.jpg,1,246,Deepfakes,FaceForensics++,faceforensics/Deepfakes/246_258/000014.jpg,246.0,246|258,246_258,test,source_video_disjoint_v1,0.9725887,FF++,FF++ Deepfakes,,36.87329,-4.7862434
faceforensics/Deepfakes/719_737/000029.jpg,1,719,Deepfakes,FaceForensics++,faceforensics/Deepfakes/719_737/000029.jpg,719.0,719|737,719_737,test,source_video_disjoint_v1,0.036571547,FF++,FF++ Deepfakes,,2.1409185,40.693096
faceforensics/Deepfakes/470_468/000012.jpg,1,470,Deepfakes,FaceForensics++,faceforensics/Deepfakes/470_468/000012.jpg,470.0,470|468,470_468,test,source_video_disjoint_v1,0.4269647,FF++,FF++ Deepfakes,,28.415789,36.778305
faceforensics/Face2Face/246_258/000024.jpg,1,246,Face2Face,FaceForensics++,faceforensics/Face2Face/246_258/000024.jpg,246.0,246|258,246_258,test,source_video_disjoint_v1,0.99983346,FF++,FF++ Face2Face,,31.568121,-10.214261
faceforensics/Face2Face/470_468/000003.jpg,1,470,Face2Face,FaceForensics++,faceforensics/Face2Face/470_468/000003.jpg,470.0,470|468,470_468,test,source_video_disjoint_v1,0.9999206,FF++,FF++ Face2Face,,21.460993,12.700584
faceforensics/Face2Face/719_737/000022.jpg,1,719,Face2Face,FaceForensics++,faceforensics/Face2Face/719_737/000022.jpg,719.0,719|737,719_737,test,source_video_disjoint_v1,0.99373627,FF++,FF++ Face2Face,,-11.2993145,39.4651
faceforensics/Face2Face/835_651/000023.jpg,1,835,Face2Face,FaceForensics++,faceforensics/Face2Face/835_651/000023.jpg,835.0,835|651,835_651,test,source_video_disjoint_v1,0.99997497,FF++,FF++ Face2Face,,23.136011,-16.042707
faceforensics/Face2Face/468_470/000026.jpg,1,468,Face2Face,FaceForensics++,faceforensics/Face2Face/468_470/000026.jpg,468.0,468|470,468_470,test,source_video_disjoint_v1,0.9999076,FF++,FF++ Face2Face,,20.811022,23.0207
faceforensics/Face2Face/651_835/000023.jpg,1,651,Face2Face,FaceForensics++,faceforensics/Face2Face/651_835/000023.jpg,651.0,651|835,651_835,test,source_video_disjoint_v1,0.9103342,FF++,FF++ Face2Face,,0.7902804,-35.631348
faceforensics/Face2Face/258_246/000015.jpg,1,258,Face2Face,FaceForensics++,faceforensics/Face2Face/258_246/000015.jpg,258.0,258|246,258_246,test,source_video_disjoint_v1,0.9999721,FF++,FF++ Face2Face,,25.602709,-32.943512
faceforensics/Face2Face/737_719/000026.jpg,1,737,Face2Face,FaceForensics++,faceforensics/Face2Face/737_719/000026.jpg,737.0,737|719,737_719,test,source_video_disjoint_v1,0.19412696,FF++,FF++ Face2Face,,-33.914772,33.23317
faceforensics/Face2Face/246_258/000006.jpg,1,246,Face2Face,FaceForensics++,faceforensics/Face2Face/246_258/000006.jpg,246.0,246|258,246_258,test,source_video_disjoint_v1,0.99873334,FF++,FF++ Face2Face,,31.320738,-8.957911
faceforensics/Face2Face/470_468/000019.jpg,1,470,Face2Face,FaceForensics++,faceforensics/Face2Face/470_468/000019.jpg,470.0,470|468,470_468,test,source_video_disjoint_v1,0.9991715,FF++,FF++ Face2Face,,19.356352,10.52755
faceforensics/Face2Face/719_737/000018.jpg,1,719,Face2Face,FaceForensics++,faceforensics/Face2Face/719_737/000018.jpg,719.0,719|737,719_737,test,source_video_disjoint_v1,0.94408417,FF++,FF++ Face2Face,,-9.642181,38.676353
faceforensics/Face2Face/835_651/000020.jpg,1,835,Face2Face,FaceForensics++,faceforensics/Face2Face/835_651/000020.jpg,835.0,835|651,835_651,test,source_video_disjoint_v1,0.99997973,FF++,FF++ Face2Face,,23.449875,-15.755836
faceforensics/Face2Face/737_719/000005.jpg,1,737,Face2Face,FaceForensics++,faceforensics/Face2Face/737_719/000005.jpg,737.0,737|719,737_719,test,source_video_disjoint_v1,0.8693179,FF++,FF++ Face2Face,,-34.567993,34.363483
faceforensics/Face2Face/651_835/000005.jpg,1,651,Face2Face,FaceForensics++,faceforensics/Face2Face/651_835/000005.jpg,651.0,651|835,651_835,test,source_video_disjoint_v1,0.87890947,FF++,FF++ Face2Face,,1.9412988,-35.92088
faceforensics/Face2Face/258_246/000000.jpg,1,258,Face2Face,FaceForensics++,faceforensics/Face2Face/258_246/000000.jpg,258.0,258|246,258_246,test,source_video_disjoint_v1,0.99958557,FF++,FF++ Face2Face,,23.76627,-32.80363
faceforensics/Face2Face/468_470/000009.jpg,1,468,Face2Face,FaceForensics++,faceforensics/Face2Face/468_470/000009.jpg,468.0,468|470,468_470,test,source_video_disjoint_v1,0.9995467,FF++,FF++ Face2Face,,21.78409,23.446844
faceforensics/Face2Face/470_468/000014.jpg,1,470,Face2Face,FaceForensics++,faceforensics/Face2Face/470_468/000014.jpg,470.0,470|468,470_468,test,source_video_disjoint_v1,0.9992747,FF++,FF++ Face2Face,,19.69523,12.089397
faceforensics/Face2Face/246_258/000009.jpg,1,246,Face2Face,FaceForensics++,faceforensics/Face2Face/246_258/000009.jpg,246.0,246|258,246_258,test,source_video_disjoint_v1,0.9771294,FF++,FF++ Face2Face,,32.183575,-6.6639705
faceforensics/Face2Face/719_737/000002.jpg,1,719,Face2Face,FaceForensics++,faceforensics/Face2Face/719_737/000002.jpg,719.0,719|737,719_737,test,source_video_disjoint_v1,0.9336654,FF++,FF++ Face2Face,,-8.832441,39.614067
faceforensics/Face2Face/651_835/000007.jpg,1,651,Face2Face,FaceForensics++,faceforensics/Face2Face/651_835/000007.jpg,651.0,651|835,651_835,test,source_video_disjoint_v1,0.9760765,FF++,FF++ Face2Face,,2.2553558,-36.46591
faceforensics/Face2Face/835_651/000025.jpg,1,835,Face2Face,FaceForensics++,faceforensics/Face2Face/835_651/000025.jpg,835.0,835|651,835_651,test,source_video_disjoint_v1,0.9999981,FF++,FF++ Face2Face,,22.286345,-17.33249
faceforensics/Face2Face/737_719/000021.jpg,1,737,Face2Face,FaceForensics++,faceforensics/Face2Face/737_719/000021.jpg,737.0,737|719,737_719,test,source_video_disjoint_v1,0.994802,FF++,FF++ Face2Face,,-34.62724,35.621895
faceforensics/Face2Face/258_246/000025.jpg,1,258,Face2Face,FaceForensics++,faceforensics/Face2Face/258_246/000025.jpg,258.0,258|246,258_246,test,source_video_disjoint_v1,0.9999583,FF++,FF++ Face2Face,,25.199966,-33.035828
faceforensics/Face2Face/468_470/000019.jpg,1,468,Face2Face,FaceForensics++,faceforensics/Face2Face/468_470/000019.jpg,468.0,468|470,468_470,test,source_video_disjoint_v1,0.99986553,FF++,FF++ Face2Face,,21.674866,22.778889
faceforensics/Face2Face/470_468/000024.jpg,1,470,Face2Face,FaceForensics++,faceforensics/Face2Face/470_468/000024.jpg,470.0,470|468,470_468,test,source_video_disjoint_v1,0.9999912,FF++,FF++ Face2Face,,21.884914,10.969594
faceforensics/Face2Face/246_258/000015.jpg,1,246,Face2Face,FaceForensics++,faceforensics/Face2Face/246_258/000015.jpg,246.0,246|258,246_258,test,source_video_disjoint_v1,0.999876,FF++,FF++ Face2Face,,31.420828,-10.042185
faceforensics/Face2Face/719_737/000026.jpg,1,719,Face2Face,FaceForensics++,faceforensics/Face2Face/719_737/000026.jpg,719.0,719|737,719_737,test,source_video_disjoint_v1,0.99741286,FF++,FF++ Face2Face,,-11.773456,39.68376
faceforensics/Face2Face/835_651/000027.jpg,1,835,Face2Face,FaceForensics++,faceforensics/Face2Face/835_651/000027.jpg,835.0,835|651,835_651,test,source_video_disjoint_v1,0.9999933,FF++,FF++ Face2Face,,22.729647,-16.866047
faceforensics/Face2Face/737_719/000002.jpg,1,737,Face2Face,FaceForensics++,faceforensics/Face2Face/737_719/000002.jpg,737.0,737|719,737_719,test,source_video_disjoint_v1,0.8557783,FF++,FF++ Face2Face,,-33.4571,34.593536
faceforensics/Face2Face/468_470/000006.jpg,1,468,Face2Face,FaceForensics++,faceforensics/Face2Face/468_470/000006.jpg,468.0,468|470,468_470,test,source_video_disjoint_v1,0.99985886,FF++,FF++ Face2Face,,22.367537,22.502377
faceforensics/Face2Face/258_246/000008.jpg,1,258,Face2Face,FaceForensics++,faceforensics/Face2Face/258_246/000008.jpg,258.0,258|246,258_246,test,source_video_disjoint_v1,0.99990857,FF++,FF++ Face2Face,,24.273153,-34.16034
faceforensics/Face2Face/651_835/000019.jpg,1,651,Face2Face,FaceForensics++,faceforensics/Face2Face/651_835/000019.jpg,651.0,651|835,651_835,test,source_video_disjoint_v1,0.99996626,FF++,FF++ Face2Face,,5.654112,-38.956985
faceforensics/Face2Face/470_468/000023.jpg,1,470,Face2Face,FaceForensics++,faceforensics/Face2Face/470_468/000023.jpg,470.0,470|468,470_468,test,source_video_disjoint_v1,0.9998863,FF++,FF++ Face2Face,,20.858545,11.440214
faceforensics/Face2Face/246_258/000019.jpg,1,246,Face2Face,FaceForensics++,faceforensics/Face2Face/246_258/000019.jpg,246.0,246|258,246_258,test,source_video_disjoint_v1,0.99825305,FF++,FF++ Face2Face,,32.097187,-8.440231
faceforensics/Face2Face/719_737/000000.jpg,1,719,Face2Face,FaceForensics++,faceforensics/Face2Face/719_737/000000.jpg,719.0,719|737,719_737,test,source_video_disjoint_v1,0.9547102,FF++,FF++ Face2Face,,-9.591314,38.68454
faceforensics/Face2Face/835_651/000018.jpg,1,835,Face2Face,FaceForensics++,faceforensics/Face2Face/835_651/000018.jpg,835.0,835|651,835_651,test,source_video_disjoint_v1,0.9999641,FF++,FF++ Face2Face,,22.840696,-15.825887
faceforensics/Face2Face/737_719/000012.jpg,1,737,Face2Face,FaceForensics++,faceforensics/Face2Face/737_719/000012.jpg,737.0,737|719,737_719,test,source_video_disjoint_v1,0.9911918,FF++,FF++ Face2Face,,-33.531322,35.51196
faceforensics/Face2Face/468_470/000000.jpg,1,468,Face2Face,FaceForensics++,faceforensics/Face2Face/468_470/000000.jpg,468.0,468|470,468_470,test,source_video_disjoint_v1,0.9978807,FF++,FF++ Face2Face,,21.55337,23.91623
faceforensics/Face2Face/651_835/000016.jpg,1,651,Face2Face,FaceForensics++,faceforensics/Face2Face/651_835/000016.jpg,651.0,651|835,651_835,test,source_video_disjoint_v1,0.99602854,FF++,FF++ Face2Face,,2.4877627,-37.411213
faceforensics/Face2Face/258_246/000026.jpg,1,258,Face2Face,FaceForensics++,faceforensics/Face2Face/258_246/000026.jpg,258.0,258|246,258_246,test,source_video_disjoint_v1,0.9999925,FF++,FF++ Face2Face,,26.151312,-32.509514
faceforensics/Face2Face/246_258/000010.jpg,1,246,Face2Face,FaceForensics++,faceforensics/Face2Face/246_258/000010.jpg,246.0,246|258,246_258,test,source_video_disjoint_v1,0.98534596,FF++,FF++ Face2Face,,32.036404,-7.219876
faceforensics/Face2Face/719_737/000003.jpg,1,719,Face2Face,FaceForensics++,faceforensics/Face2Face/719_737/000003.jpg,719.0,719|737,719_737,test,source_video_disjoint_v1,0.9998721,FF++,FF++ Face2Face,,-10.135525,43.171024
faceforensics/Face2Face/470_468/000006.jpg,1,470,Face2Face,FaceForensics++,faceforensics/Face2Face/470_468/000006.jpg,470.0,470|468,470_468,test,source_video_disjoint_v1,0.97714365,FF++,FF++ Face2Face,,16.4302,11.003971
faceforensics/Face2Face/835_651/000017.jpg,1,835,Face2Face,FaceForensics++,faceforensics/Face2Face/835_651/000017.jpg,835.0,835|651,835_651,test,source_video_disjoint_v1,0.9999831,FF++,FF++ Face2Face,,22.29779,-16.170963
faceforensics/Face2Face/737_719/000024.jpg,1,737,Face2Face,FaceForensics++,faceforensics/Face2Face/737_719/000024.jpg,737.0,737|719,737_719,test,source_video_disjoint_v1,0.95119643,FF++,FF++ Face2Face,,-34.15959,34.85175
faceforensics/Face2Face/468_470/000013.jpg,1,468,Face2Face,FaceForensics++,faceforensics/Face2Face/468_470/000013.jpg,468.0,468|470,468_470,test,source_video_disjoint_v1,0.9870645,FF++,FF++ Face2Face,,21.01534,24.777922
faceforensics/Face2Face/651_835/000006.jpg,1,651,Face2Face,FaceForensics++,faceforensics/Face2Face/651_835/000006.jpg,651.0,651|835,651_835,test,source_video_disjoint_v1,0.95983595,FF++,FF++ Face2Face,,2.0299664,-36.35353
faceforensics/Face2Face/258_246/000001.jpg,1,258,Face2Face,FaceForensics++,faceforensics/Face2Face/258_246/000001.jpg,258.0,258|246,258_246,test,source_video_disjoint_v1,0.9999267,FF++,FF++ Face2Face,,25.185068,-32.48023
faceforensics/Face2Face/246_258/000025.jpg,1,246,Face2Face,FaceForensics++,faceforensics/Face2Face/246_258/000025.jpg,246.0,246|258,246_258,test,source_video_disjoint_v1,0.9999633,FF++,FF++ Face2Face,,31.904936,-10.163816
faceforensics/Face2Face/719_737/000025.jpg,1,719,Face2Face,FaceForensics++,faceforensics/Face2Face/719_737/000025.jpg,719.0,719|737,719_737,test,source_video_disjoint_v1,0.7687144,FF++,FF++ Face2Face,,-8.670762,38.230408
faceforensics/Face2Face/470_468/000022.jpg,1,470,Face2Face,FaceForensics++,faceforensics/Face2Face/470_468/000022.jpg,470.0,470|468,470_468,test,source_video_disjoint_v1,0.999962,FF++,FF++ Face2Face,,21.06196,10.992659
faceforensics/Face2Face/835_651/000011.jpg,1,835,Face2Face,FaceForensics++,faceforensics/Face2Face/835_651/000011.jpg,835.0,835|651,835_651,test,source_video_disjoint_v1,0.99895966,FF++,FF++ Face2Face,,20.31348,-15.166775
faceforensics/Face2Face/737_719/000006.jpg,1,737,Face2Face,FaceForensics++,faceforensics/Face2Face/737_719/000006.jpg,737.0,737|719,737_719,test,source_video_disjoint_v1,0.99524176,FF++,FF++ Face2Face,,-34.247795,35.59819
faceforensics/Face2Face/651_835/000000.jpg,1,651,Face2Face,FaceForensics++,faceforensics/Face2Face/651_835/000000.jpg,651.0,651|835,651_835,test,source_video_disjoint_v1,0.9999716,FF++,FF++ Face2Face,,4.666474,-39.684166
faceforensics/Face2Face/468_470/000007.jpg,1,468,Face2Face,FaceForensics++,faceforensics/Face2Face/468_470/000007.jpg,468.0,468|470,468_470,test,source_video_disjoint_v1,0.9999815,FF++,FF++ Face2Face,,21.641352,22.285818
faceforensics/Face2Face/258_246/000005.jpg,1,258,Face2Face,FaceForensics++,faceforensics/Face2Face/258_246/000005.jpg,258.0,258|246,258_246,test,source_video_disjoint_v1,0.9998827,FF++,FF++ Face2Face,,24.294067,-34.43522
faceforensics/Face2Face/246_258/000018.jpg,1,246,Face2Face,FaceForensics++,faceforensics/Face2Face/246_258/000018.jpg,246.0,246|258,246_258,test,source_video_disjoint_v1,0.6270269,FF++,FF++ Face2Face,,31.800014,-3.576309
faceforensics/Face2Face/719_737/000006.jpg,1,719,Face2Face,FaceForensics++,faceforensics/Face2Face/719_737/000006.jpg,719.0,719|737,719_737,test,source_video_disjoint_v1,0.9968959,FF++,FF++ Face2Face,,-10.122132,41.25256
faceforensics/Face2Face/737_719/000027.jpg,1,737,Face2Face,FaceForensics++,faceforensics/Face2Face/737_719/000027.jpg,737.0,737|719,737_719,test,source_video_disjoint_v1,0.6908061,FF++,FF++ Face2Face,,-34.25364,34.0433
faceforensics/Face2Face/835_651/000014.jpg,1,835,Face2Face,FaceForensics++,faceforensics/Face2Face/835_651/000014.jpg,835.0,835|651,835_651,test,source_video_disjoint_v1,0.9996629,FF++,FF++ Face2Face,,20.78762,-15.739054
faceforensics/Face2Face/470_468/000025.jpg,1,470,Face2Face,FaceForensics++,faceforensics/Face2Face/470_468/000025.jpg,470.0,470|468,470_468,test,source_video_disjoint_v1,0.99515367,FF++,FF++ Face2Face,,17.586226,11.016644
faceforensics/Face2Face/468_470/000008.jpg,1,468,Face2Face,FaceForensics++,faceforensics/Face2Face/468_470/000008.jpg,468.0,468|470,468_470,test,source_video_disjoint_v1,0.99408096,FF++,FF++ Face2Face,,20.61795,24.911135
faceforensics/Face2Face/651_835/000004.jpg,1,651,Face2Face,FaceForensics++,faceforensics/Face2Face/651_835/000004.jpg,651.0,651|835,651_835,test,source_video_disjoint_v1,0.995037,FF++,FF++ Face2Face,,2.4771235,-36.93945
faceforensics/Face2Face/258_246/000012.jpg,1,258,Face2Face,FaceForensics++,faceforensics/Face2Face/258_246/000012.jpg,258.0,258|246,258_246,test,source_video_disjoint_v1,0.999954,FF++,FF++ Face2Face,,25.749466,-33.61083
faceforensics/Face2Face/246_258/000016.jpg,1,246,Face2Face,FaceForensics++,faceforensics/Face2Face/246_258/000016.jpg,246.0,246|258,246_258,test,source_video_disjoint_v1,0.99244386,FF++,FF++ Face2Face,,31.101988,-7.941883
faceforensics/Face2Face/719_737/000015.jpg,1,719,Face2Face,FaceForensics++,faceforensics/Face2Face/719_737/000015.jpg,719.0,719|737,719_737,test,source_video_disjoint_v1,0.92944026,FF++,FF++ Face2Face,,-8.783254,39.8024
faceforensics/Face2Face/737_719/000013.jpg,1,737,Face2Face,FaceForensics++,faceforensics/Face2Face/737_719/000013.jpg,737.0,737|719,737_719,test,source_video_disjoint_v1,0.9496652,FF++,FF++ Face2Face,,-33.621223,34.99785
faceforensics/Face2Face/835_651/000009.jpg,1,835,Face2Face,FaceForensics++,faceforensics/Face2Face/835_651/000009.jpg,835.0,835|651,835_651,test,source_video_disjoint_v1,0.9999511,FF++,FF++ Face2Face,,21.494196,-16.066114
faceforensics/Face2Face/470_468/000005.jpg,1,470,Face2Face,FaceForensics++,faceforensics/Face2Face/470_468/000005.jpg,470.0,470|468,470_468,test,source_video_disjoint_v1,0.84869486,FF++,FF++ Face2Face,,15.037233,11.612527
faceforensics/Face2Face/468_470/000024.jpg,1,468,Face2Face,FaceForensics++,faceforensics/Face2Face/468_470/000024.jpg,468.0,468|470,468_470,test,source_video_disjoint_v1,0.9996679,FF++,FF++ Face2Face,,22.6459,22.815186
faceforensics/Face2Face/651_835/000022.jpg,1,651,Face2Face,FaceForensics++,faceforensics/Face2Face/651_835/000022.jpg,651.0,651|835,651_835,test,source_video_disjoint_v1,0.99997485,FF++,FF++ Face2Face,,5.2580333,-39.766304
faceforensics/Face2Face/258_246/000021.jpg,1,258,Face2Face,FaceForensics++,faceforensics/Face2Face/258_246/000021.jpg,258.0,258|246,258_246,test,source_video_disjoint_v1,0.9999802,FF++,FF++ Face2Face,,25.1424,-33.642876
faceforensics/Face2Face/737_719/000029.jpg,1,737,Face2Face,FaceForensics++,faceforensics/Face2Face/737_719/000029.jpg,737.0,737|719,737_719,test,source_video_disjoint_v1,0.98055935,FF++,FF++ Face2Face,,-34.109158,35.2024
faceforensics/Face2Face/470_468/000011.jpg,1,470,Face2Face,FaceForensics++,faceforensics/Face2Face/470_468/000011.jpg,470.0,470|468,470_468,test,source_video_disjoint_v1,0.9979486,FF++,FF++ Face2Face,,18.556086,11.382036
faceforensics/Face2Face/719_737/000027.jpg,1,719,Face2Face,FaceForensics++,faceforensics/Face2Face/719_737/000027.jpg,719.0,719|737,719_737,test,source_video_disjoint_v1,0.87330574,FF++,FF++ Face2Face,,-8.610546,39.672623
faceforensics/Face2Face/246_258/000029.jpg,1,246,Face2Face,FaceForensics++,faceforensics/Face2Face/246_258/000029.jpg,246.0,246|258,246_258,test,source_video_disjoint_v1,0.99952376,FF++,FF++ Face2Face,,31.795837,-9.193947
faceforensics/Face2Face/468_470/000015.jpg,1,468,Face2Face,FaceForensics++,faceforensics/Face2Face/468_470/000015.jpg,468.0,468|470,468_470,test,source_video_disjoint_v1,0.9999528,FF++,FF++ Face2Face,,20.89999,22.586903
faceforensics/Face2Face/835_651/000002.jpg,1,835,Face2Face,FaceForensics++,faceforensics/Face2Face/835_651/000002.jpg,835.0,835|651,835_651,test,source_video_disjoint_v1,0.9999982,FF++,FF++ Face2Face,,22.7007,-17.426565
faceforensics/Face2Face/651_835/000028.jpg,1,651,Face2Face,FaceForensics++,faceforensics/Face2Face/651_835/000028.jpg,651.0,651|835,651_835,test,source_video_disjoint_v1,0.9425067,FF++,FF++ Face2Face,,2.3036792,-35.469154
faceforensics/Face2Face/258_246/000011.jpg,1,258,Face2Face,FaceForensics++,faceforensics/Face2Face/258_246/000011.jpg,258.0,258|246,258_246,test,source_video_disjoint_v1,0.37421525,FF++,FF++ Face2Face,,-7.5363326,7.992839
faceforensics/Face2Face/470_468/000018.jpg,1,470,Face2Face,FaceForensics++,faceforensics/Face2Face/470_468/000018.jpg,470.0,470|468,470_468,test,source_video_disjoint_v1,0.9995789,FF++,FF++ Face2Face,,19.545923,11.660568
faceforensics/Face2Face/737_719/000014.jpg,1,737,Face2Face,FaceForensics++,faceforensics/Face2Face/737_719/000014.jpg,737.0,737|719,737_719,test,source_video_disjoint_v1,0.9449916,FF++,FF++ Face2Face,,-34.68074,34.66945
faceforensics/Face2Face/468_470/000022.jpg,1,468,Face2Face,FaceForensics++,faceforensics/Face2Face/468_470/000022.jpg,468.0,468|470,468_470,test,source_video_disjoint_v1,0.99995375,FF++,FF++ Face2Face,,21.698483,22.52207
faceforensics/Face2Face/246_258/000005.jpg,1,246,Face2Face,FaceForensics++,faceforensics/Face2Face/246_258/000005.jpg,246.0,246|258,246_258,test,source_video_disjoint_v1,0.9997329,FF++,FF++ Face2Face,,30.891884,-10.130515
faceforensics/Face2Face/719_737/000014.jpg,1,719,Face2Face,FaceForensics++,faceforensics/Face2Face/719_737/000014.jpg,719.0,719|737,719_737,test,source_video_disjoint_v1,0.99909496,FF++,FF++ Face2Face,,-10.419517,41.700134
faceforensics/Face2Face/835_651/000013.jpg,1,835,Face2Face,FaceForensics++,faceforensics/Face2Face/835_651/000013.jpg,835.0,835|651,835_651,test,source_video_disjoint_v1,0.99995685,FF++,FF++ Face2Face,,21.220877,-16.447147
faceforensics/Face2Face/651_835/000017.jpg,1,651,Face2Face,FaceForensics++,faceforensics/Face2Face/651_835/000017.jpg,651.0,651|835,651_835,test,source_video_disjoint_v1,0.9998281,FF++,FF++ Face2Face,,4.2756376,-38.870537
faceforensics/Face2Face/258_246/000016.jpg,1,258,Face2Face,FaceForensics++,faceforensics/Face2Face/258_246/000016.jpg,258.0,258|246,258_246,test,source_video_disjoint_v1,0.9997495,FF++,FF++ Face2Face,,23.862871,-34.023212
faceforensics/Face2Face/470_468/000027.jpg,1,470,Face2Face,FaceForensics++,faceforensics/Face2Face/470_468/000027.jpg,470.0,470|468,470_468,test,source_video_disjoint_v1,0.9999957,FF++,FF++ Face2Face,,22.111238,11.271788
faceforensics/Face2Face/719_737/000009.jpg,1,719,Face2Face,FaceForensics++,faceforensics/Face2Face/719_737/000009.jpg,719.0,719|737,719_737,test,source_video_disjoint_v1,0.99729997,FF++,FF++ Face2Face,,-11.535901,39.926872
faceforensics/Face2Face/468_470/000005.jpg,1,468,Face2Face,FaceForensics++,faceforensics/Face2Face/468_470/000005.jpg,468.0,468|470,468_470,test,source_video_disjoint_v1,0.9999906,FF++,FF++ Face2Face,,22.190521,21.995329
faceforensics/Face2Face/737_719/000028.jpg,1,737,Face2Face,FaceForensics++,faceforensics/Face2Face/737_719/000028.jpg,737.0,737|719,737_719,test,source_video_disjoint_v1,0.9949243,FF++,FF++ Face2Face,,-34.90585,35.661682
faceforensics/Face2Face/246_258/000012.jpg,1,246,Face2Face,FaceForensics++,faceforensics/Face2Face/246_258/000012.jpg,246.0,246|258,246_258,test,source_video_disjoint_v1,0.9955532,FF++,FF++ Face2Face,,31.563793,-8.025233
faceforensics/Face2Face/651_835/000026.jpg,1,651,Face2Face,FaceForensics++,faceforensics/Face2Face/651_835/000026.jpg,651.0,651|835,651_835,test,source_video_disjoint_v1,0.9999895,FF++,FF++ Face2Face,,4.634093,-40.049843
faceforensics/Face2Face/835_651/000021.jpg,1,835,Face2Face,FaceForensics++,faceforensics/Face2Face/835_651/000021.jpg,835.0,835|651,835_651,test,source_video_disjoint_v1,0.99989593,FF++,FF++ Face2Face,,23.007446,-15.385581
faceforensics/Face2Face/258_246/000006.jpg,1,258,Face2Face,FaceForensics++,faceforensics/Face2Face/258_246/000006.jpg,258.0,258|246,258_246,test,source_video_disjoint_v1,0.9999553,FF++,FF++ Face2Face,,24.75629,-34.2785
faceforensics/Face2Face/470_468/000021.jpg,1,470,Face2Face,FaceForensics++,faceforensics/Face2Face/470_468/000021.jpg,470.0,470|468,470_468,test,source_video_disjoint_v1,0.9936008,FF++,FF++ Face2Face,,17.25009,10.861432
faceforensics/Face2Face/246_258/000028.jpg,1,246,Face2Face,FaceForensics++,faceforensics/Face2Face/246_258/000028.jpg,246.0,246|258,246_258,test,source_video_disjoint_v1,0.999511,FF++,FF++ Face2Face,,32.288544,-9.206005
faceforensics/Face2Face/719_737/000011.jpg,1,719,Face2Face,FaceForensics++,faceforensics/Face2Face/719_737/000011.jpg,719.0,719|737,719_737,test,source_video_disjoint_v1,0.8906252,FF++,FF++ Face2Face,,-8.913097,38.73935
faceforensics/Face2Face/737_719/000010.jpg,1,737,Face2Face,FaceForensics++,faceforensics/Face2Face/737_719/000010.jpg,737.0,737|719,737_719,test,source_video_disjoint_v1,0.17945167,FF++,FF++ Face2Face,,-33.48874,33.09986
faceforensics/Face2Face/468_470/000016.jpg,1,468,Face2Face,FaceForensics++,faceforensics/Face2Face/468_470/000016.jpg,468.0,468|470,468_470,test,source_video_disjoint_v1,0.99725854,FF++,FF++ Face2Face,,20.710573,24.347736
faceforensics/Face2Face/651_835/000021.jpg,1,651,Face2Face,FaceForensics++,faceforensics/Face2Face/651_835/000021.jpg,651.0,651|835,651_835,test,source_video_disjoint_v1,0.9829606,FF++,FF++ Face2Face,,2.3710523,-36.35313
faceforensics/Face2Face/835_651/000005.jpg,1,835,Face2Face,FaceForensics++,faceforensics/Face2Face/835_651/000005.jpg,835.0,835|651,835_651,test,source_video_disjoint_v1,0.99999547,FF++,FF++ Face2Face,,23.012684,-16.932117
faceforensics/Face2Face/258_246/000003.jpg,1,258,Face2Face,FaceForensics++,faceforensics/Face2Face/258_246/000003.jpg,258.0,258|246,258_246,test,source_video_disjoint_v1,0.9997491,FF++,FF++ Face2Face,,24.301712,-33.335587
faceforensics/Face2Face/470_468/000007.jpg,1,470,Face2Face,FaceForensics++,faceforensics/Face2Face/470_468/000007.jpg,470.0,470|468,470_468,test,source_video_disjoint_v1,0.999539,FF++,FF++ Face2Face,,19.603529,10.357259
faceforensics/Face2Face/719_737/000012.jpg,1,719,Face2Face,FaceForensics++,faceforensics/Face2Face/719_737/000012.jpg,719.0,719|737,719_737,test,source_video_disjoint_v1,0.9952173,FF++,FF++ Face2Face,,-9.743823,41.20961
faceforensics/Face2Face/468_470/000018.jpg,1,468,Face2Face,FaceForensics++,faceforensics/Face2Face/468_470/000018.jpg,468.0,468|470,468_470,test,source_video_disjoint_v1,0.96870875,FF++,FF++ Face2Face,,20.982885,25.484436
faceforensics/Face2Face/246_258/000026.jpg,1,246,Face2Face,FaceForensics++,faceforensics/Face2Face/246_258/000026.jpg,246.0,246|258,246_258,test,source_video_disjoint_v1,0.9907223,FF++,FF++ Face2Face,,33.193134,-6.850992
faceforensics/Face2Face/835_651/000028.jpg,1,835,Face2Face,FaceForensics++,faceforensics/Face2Face/835_651/000028.jpg,835.0,835|651,835_651,test,source_video_disjoint_v1,0.9999906,FF++,FF++ Face2Face,,23.367327,-16.801882
faceforensics/Face2Face/651_835/000012.jpg,1,651,Face2Face,FaceForensics++,faceforensics/Face2Face/651_835/000012.jpg,651.0,651|835,651_835,test,source_video_disjoint_v1,0.9979254,FF++,FF++ Face2Face,,2.8380096,-37.17703
faceforensics/Face2Face/737_719/000016.jpg,1,737,Face2Face,FaceForensics++,faceforensics/Face2Face/737_719/000016.jpg,737.0,737|719,737_719,test,source_video_disjoint_v1,0.562298,FF++,FF++ Face2Face,,-33.39754,33.915268
faceforensics/Face2Face/258_246/000002.jpg,1,258,Face2Face,FaceForensics++,faceforensics/Face2Face/258_246/000002.jpg,258.0,258|246,258_246,test,source_video_disjoint_v1,0.99976367,FF++,FF++ Face2Face,,24.763186,-32.809643
faceforensics/Face2Face/246_258/000000.jpg,1,246,Face2Face,FaceForensics++,faceforensics/Face2Face/246_258/000000.jpg,246.0,246|258,246_258,test,source_video_disjoint_v1,0.9858418,FF++,FF++ Face2Face,,31.908602,-7.4465127
faceforensics/Face2Face/468_470/000017.jpg,1,468,Face2Face,FaceForensics++,faceforensics/Face2Face/468_470/000017.jpg,468.0,468|470,468_470,test,source_video_disjoint_v1,0.999241,FF++,FF++ Face2Face,,21.79075,23.541866
faceforensics/Face2Face/470_468/000010.jpg,1,470,Face2Face,FaceForensics++,faceforensics/Face2Face/470_468/000010.jpg,470.0,470|468,470_468,test,source_video_disjoint_v1,0.9999856,FF++,FF++ Face2Face,,21.824228,12.099144
faceforensics/Face2Face/651_835/000024.jpg,1,651,Face2Face,FaceForensics++,faceforensics/Face2Face/651_835/000024.jpg,651.0,651|835,651_835,test,source_video_disjoint_v1,0.9999529,FF++,FF++ Face2Face,,5.0386105,-39.139797
faceforensics/Face2Face/719_737/000023.jpg,1,719,Face2Face,FaceForensics++,faceforensics/Face2Face/719_737/000023.jpg,719.0,719|737,719_737,test,source_video_disjoint_v1,0.98136145,FF++,FF++ Face2Face,,-10.114033,38.98097
faceforensics/Face2Face/835_651/000024.jpg,1,835,Face2Face,FaceForensics++,faceforensics/Face2Face/835_651/000024.jpg,835.0,835|651,835_651,test,source_video_disjoint_v1,0.99997485,FF++,FF++ Face2Face,,22.183977,-15.735714
faceforensics/Face2Face/737_719/000000.jpg,1,737,Face2Face,FaceForensics++,faceforensics/Face2Face/737_719/000000.jpg,737.0,737|719,737_719,test,source_video_disjoint_v1,0.012265244,FF++,FF++ Face2Face,,-33.373585,32.16969
faceforensics/Face2Face/258_246/000014.jpg,1,258,Face2Face,FaceForensics++,faceforensics/Face2Face/258_246/000014.jpg,258.0,258|246,258_246,test,source_video_disjoint_v1,0.8981852,FF++,FF++ Face2Face,,14.255457,-34.807224
faceforensics/Face2Face/246_258/000002.jpg,1,246,Face2Face,FaceForensics++,faceforensics/Face2Face/246_258/000002.jpg,246.0,246|258,246_258,test,source_video_disjoint_v1,0.9818887,FF++,FF++ Face2Face,,31.691006,-7.4602814
faceforensics/Face2Face/470_468/000029.jpg,1,470,Face2Face,FaceForensics++,faceforensics/Face2Face/470_468/000029.jpg,470.0,470|468,470_468,test,source_video_disjoint_v1,0.99999654,FF++,FF++ Face2Face,,21.945276,11.32659
faceforensics/Face2Face/468_470/000025.jpg,1,468,Face2Face,FaceForensics++,faceforensics/Face2Face/468_470/000025.jpg,468.0,468|470,468_470,test,source_video_disjoint_v1,0.9999318,FF++,FF++ Face2Face,,20.98497,22.772568
faceforensics/Face2Face/719_737/000017.jpg,1,719,Face2Face,FaceForensics++,faceforensics/Face2Face/719_737/000017.jpg,719.0,719|737,719_737,test,source_video_disjoint_v1,0.82901883,FF++,FF++ Face2Face,,-8.687207,38.88661
faceforensics/Face2Face/651_835/000020.jpg,1,651,Face2Face,FaceForensics++,faceforensics/Face2Face/651_835/000020.jpg,651.0,651|835,651_835,test,source_video_disjoint_v1,0.9928669,FF++,FF++ Face2Face,,2.802511,-36.597397
faceforensics/Face2Face/835_651/000006.jpg,1,835,Face2Face,FaceForensics++,faceforensics/Face2Face/835_651/000006.jpg,835.0,835|651,835_651,test,source_video_disjoint_v1,0.9999447,FF++,FF++ Face2Face,,21.81341,-15.754368
faceforensics/Face2Face/737_719/000003.jpg,1,737,Face2Face,FaceForensics++,faceforensics/Face2Face/737_719/000003.jpg,737.0,737|719,737_719,test,source_video_disjoint_v1,0.99101865,FF++,FF++ Face2Face,,-34.441402,35.475838
faceforensics/Face2Face/258_246/000010.jpg,1,258,Face2Face,FaceForensics++,faceforensics/Face2Face/258_246/000010.jpg,258.0,258|246,258_246,test,source_video_disjoint_v1,0.9999964,FF++,FF++ Face2Face,,25.987215,-33.061295
faceforensics/Face2Face/470_468/000000.jpg,1,470,Face2Face,FaceForensics++,faceforensics/Face2Face/470_468/000000.jpg,470.0,470|468,470_468,test,source_video_disjoint_v1,0.9997547,FF++,FF++ Face2Face,,20.157862,12.066847
faceforensics/Face2Face/719_737/000008.jpg,1,719,Face2Face,FaceForensics++,faceforensics/Face2Face/719_737/000008.jpg,719.0,719|737,719_737,test,source_video_disjoint_v1,0.99649054,FF++,FF++ Face2Face,,-11.315809,39.80748
faceforensics/Face2Face/468_470/000001.jpg,1,468,Face2Face,FaceForensics++,faceforensics/Face2Face/468_470/000001.jpg,468.0,468|470,468_470,test,source_video_disjoint_v1,0.997279,FF++,FF++ Face2Face,,20.789587,24.437899
faceforensics/Face2Face/246_258/000022.jpg,1,246,Face2Face,FaceForensics++,faceforensics/Face2Face/246_258/000022.jpg,246.0,246|258,246_258,test,source_video_disjoint_v1,0.9999665,FF++,FF++ Face2Face,,31.0354,-10.768625
faceforensics/Face2Face/651_835/000027.jpg,1,651,Face2Face,FaceForensics++,faceforensics/Face2Face/651_835/000027.jpg,651.0,651|835,651_835,test,source_video_disjoint_v1,0.9998723,FF++,FF++ Face2Face,,4.2956614,-39.35278
faceforensics/Face2Face/737_719/000017.jpg,1,737,Face2Face,FaceForensics++,faceforensics/Face2Face/737_719/000017.jpg,737.0,737|719,737_719,test,source_video_disjoint_v1,0.78987896,FF++,FF++ Face2Face,,-33.109463,34.154926
faceforensics/Face2Face/258_246/000009.jpg,1,258,Face2Face,FaceForensics++,faceforensics/Face2Face/258_246/000009.jpg,258.0,258|246,258_246,test,source_video_disjoint_v1,0.9998764,FF++,FF++ Face2Face,,24.446543,-33.789333
faceforensics/Face2Face/835_651/000016.jpg,1,835,Face2Face,FaceForensics++,faceforensics/Face2Face/835_651/000016.jpg,835.0,835|651,835_651,test,source_video_disjoint_v1,0.9999789,FF++,FF++ Face2Face,,23.202986,-16.129852
faceforensics/Face2Face/470_468/000008.jpg,1,470,Face2Face,FaceForensics++,faceforensics/Face2Face/470_468/000008.jpg,470.0,470|468,470_468,test,source_video_disjoint_v1,0.9999516,FF++,FF++ Face2Face,,21.092468,11.850904
faceforensics/Face2Face/719_737/000005.jpg,1,719,Face2Face,FaceForensics++,faceforensics/Face2Face/719_737/000005.jpg,719.0,719|737,719_737,test,source_video_disjoint_v1,0.99994314,FF++,FF++ Face2Face,,-10.080611,43.316116
faceforensics/Face2Face/246_258/000011.jpg,1,246,Face2Face,FaceForensics++,faceforensics/Face2Face/246_258/000011.jpg,246.0,246|258,246_258,test,source_video_disjoint_v1,0.9792225,FF++,FF++ Face2Face,,32.368965,-6.8241897
faceforensics/Face2Face/651_835/000002.jpg,1,651,Face2Face,FaceForensics++,faceforensics/Face2Face/651_835/000002.jpg,651.0,651|835,651_835,test,source_video_disjoint_v1,0.99997056,FF++,FF++ Face2Face,,4.903484,-39.815983
faceforensics/Face2Face/468_470/000002.jpg,1,468,Face2Face,FaceForensics++,faceforensics/Face2Face/468_470/000002.jpg,468.0,468|470,468_470,test,source_video_disjoint_v1,0.99192506,FF++,FF++ Face2Face,,23.015284,23.571123
faceforensics/Face2Face/737_719/000020.jpg,1,737,Face2Face,FaceForensics++,faceforensics/Face2Face/737_719/000020.jpg,737.0,737|719,737_719,test,source_video_disjoint_v1,0.9977108,FF++,FF++ Face2Face,,-33.84539,35.826122
faceforensics/Face2Face/258_246/000017.jpg,1,258,Face2Face,FaceForensics++,faceforensics/Face2Face/258_246/000017.jpg,258.0,258|246,258_246,test,source_video_disjoint_v1,0.9997894,FF++,FF++ Face2Face,,24.272255,-33.80778
faceforensics/Face2Face/835_651/000007.jpg,1,835,Face2Face,FaceForensics++,faceforensics/Face2Face/835_651/000007.jpg,835.0,835|651,835_651,test,source_video_disjoint_v1,0.9999845,FF++,FF++ Face2Face,,21.393118,-16.70526
faceforensics/Face2Face/470_468/000028.jpg,1,470,Face2Face,FaceForensics++,faceforensics/Face2Face/470_468/000028.jpg,470.0,470|468,470_468,test,source_video_disjoint_v1,0.99998295,FF++,FF++ Face2Face,,21.574226,11.927765
faceforensics/Face2Face/246_258/000027.jpg,1,246,Face2Face,FaceForensics++,faceforensics/Face2Face/246_258/000027.jpg,246.0,246|258,246_258,test,source_video_disjoint_v1,0.9996171,FF++,FF++ Face2Face,,32.157627,-9.224732
faceforensics/Face2Face/651_835/000018.jpg,1,651,Face2Face,FaceForensics++,faceforensics/Face2Face/651_835/000018.jpg,651.0,651|835,651_835,test,source_video_disjoint_v1,0.99996877,FF++,FF++ Face2Face,,5.3558216,-39.396843
faceforensics/Face2Face/719_737/000020.jpg,1,719,Face2Face,FaceForensics++,faceforensics/Face2Face/719_737/000020.jpg,719.0,719|737,719_737,test,source_video_disjoint_v1,0.9940023,FF++,FF++ Face2Face,,-11.135157,38.985676
faceforensics/Face2Face/468_470/000010.jpg,1,468,Face2Face,FaceForensics++,faceforensics/Face2Face/468_470/000010.jpg,468.0,468|470,468_470,test,source_video_disjoint_v1,0.99404126,FF++,FF++ Face2Face,,21.13088,24.56572
faceforensics/Face2Face/737_719/000001.jpg,1,737,Face2Face,FaceForensics++,faceforensics/Face2Face/737_719/000001.jpg,737.0,737|719,737_719,test,source_video_disjoint_v1,0.93171734,FF++,FF++ Face2Face,,-33.789886,34.736916
faceforensics/Face2Face/258_246/000013.jpg,1,258,Face2Face,FaceForensics++,faceforensics/Face2Face/258_246/000013.jpg,258.0,258|246,258_246,test,source_video_disjoint_v1,0.99986887,FF++,FF++ Face2Face,,25.627245,-34.307995
faceforensics/Face2Face/835_651/000012.jpg,1,835,Face2Face,FaceForensics++,faceforensics/Face2Face/835_651/000012.jpg,835.0,835|651,835_651,test,source_video_disjoint_v1,0.99998665,FF++,FF++ Face2Face,,22.058231,-16.921753
faceforensics/Face2Face/246_258/000004.jpg,1,246,Face2Face,FaceForensics++,faceforensics/Face2Face/246_258/000004.jpg,246.0,246|258,246_258,test,source_video_disjoint_v1,0.9950588,FF++,FF++ Face2Face,,32.013012,-7.9853854
faceforensics/Face2Face/651_835/000015.jpg,1,651,Face2Face,FaceForensics++,faceforensics/Face2Face/651_835/000015.jpg,651.0,651|835,651_835,test,source_video_disjoint_v1,0.9997148,FF++,FF++ Face2Face,,3.9008327,-39.07371
faceforensics/Face2Face/468_470/000004.jpg,1,468,Face2Face,FaceForensics++,faceforensics/Face2Face/468_470/000004.jpg,468.0,468|470,468_470,test,source_video_disjoint_v1,0.99487174,FF++,FF++ Face2Face,,21.413498,25.115866
faceforensics/Face2Face/719_737/000004.jpg,1,719,Face2Face,FaceForensics++,faceforensics/Face2Face/719_737/000004.jpg,719.0,719|737,719_737,test,source_video_disjoint_v1,0.9999857,FF++,FF++ Face2Face,,-10.028417,43.483253
faceforensics/Face2Face/470_468/000004.jpg,1,470,Face2Face,FaceForensics++,faceforensics/Face2Face/470_468/000004.jpg,470.0,470|468,470_468,test,source_video_disjoint_v1,0.9990687,FF++,FF++ Face2Face,,20.00874,11.967154
faceforensics/Face2Face/258_246/000023.jpg,1,258,Face2Face,FaceForensics++,faceforensics/Face2Face/258_246/000023.jpg,258.0,258|246,258_246,test,source_video_disjoint_v1,0.99991477,FF++,FF++ Face2Face,,24.194542,-33.57338
faceforensics/Face2Face/737_719/000004.jpg,1,737,Face2Face,FaceForensics++,faceforensics/Face2Face/737_719/000004.jpg,737.0,737|719,737_719,test,source_video_disjoint_v1,0.99839056,FF++,FF++ Face2Face,,-34.370605,35.978855
faceforensics/Face2Face/835_651/000003.jpg,1,835,Face2Face,FaceForensics++,faceforensics/Face2Face/835_651/000003.jpg,835.0,835|651,835_651,test,source_video_disjoint_v1,0.9998374,FF++,FF++ Face2Face,,21.635805,-15.458007
faceforensics/Face2Face/651_835/000008.jpg,1,651,Face2Face,FaceForensics++,faceforensics/Face2Face/651_835/000008.jpg,651.0,651|835,651_835,test,source_video_disjoint_v1,0.9999515,FF++,FF++ Face2Face,,4.5725307,-39.470104
faceforensics/Face2Face/246_258/000023.jpg,1,246,Face2Face,FaceForensics++,faceforensics/Face2Face/246_258/000023.jpg,246.0,246|258,246_258,test,source_video_disjoint_v1,0.99904615,FF++,FF++ Face2Face,,33.276157,-8.232108
faceforensics/Face2Face/719_737/000028.jpg,1,719,Face2Face,FaceForensics++,faceforensics/Face2Face/719_737/000028.jpg,719.0,719|737,719_737,test,source_video_disjoint_v1,0.9992429,FF++,FF++ Face2Face,,-10.302073,42.024433
faceforensics/Face2Face/468_470/000021.jpg,1,468,Face2Face,FaceForensics++,faceforensics/Face2Face/468_470/000021.jpg,468.0,468|470,468_470,test,source_video_disjoint_v1,0.9999403,FF++,FF++ Face2Face,,21.798855,22.640696
faceforensics/Face2Face/470_468/000015.jpg,1,470,Face2Face,FaceForensics++,faceforensics/Face2Face/470_468/000015.jpg,470.0,470|468,470_468,test,source_video_disjoint_v1,0.99987185,FF++,FF++ Face2Face,,19.964344,10.433045
faceforensics/Face2Face/258_246/000019.jpg,1,258,Face2Face,FaceForensics++,faceforensics/Face2Face/258_246/000019.jpg,258.0,258|246,258_246,test,source_video_disjoint_v1,0.9999175,FF++,FF++ Face2Face,,24.77509,-33.938896
faceforensics/Face2Face/835_651/000008.jpg,1,835,Face2Face,FaceForensics++,faceforensics/Face2Face/835_651/000008.jpg,835.0,835|651,835_651,test,source_video_disjoint_v1,0.9999912,FF++,FF++ Face2Face,,22.126219,-16.78102
faceforensics/Face2Face/737_719/000025.jpg,1,737,Face2Face,FaceForensics++,faceforensics/Face2Face/737_719/000025.jpg,737.0,737|719,737_719,test,source_video_disjoint_v1,0.59649354,FF++,FF++ Face2Face,,-33.85561,33.85856
faceforensics/Face2Face/651_835/000003.jpg,1,651,Face2Face,FaceForensics++,faceforensics/Face2Face/651_835/000003.jpg,651.0,651|835,651_835,test,source_video_disjoint_v1,0.93300545,FF++,FF++ Face2Face,,1.1390032,-35.81219
faceforensics/Face2Face/246_258/000003.jpg,1,246,Face2Face,FaceForensics++,faceforensics/Face2Face/246_258/000003.jpg,246.0,246|258,246_258,test,source_video_disjoint_v1,0.9959174,FF++,FF++ Face2Face,,31.953415,-8.108238
faceforensics/Face2Face/719_737/000013.jpg,1,719,Face2Face,FaceForensics++,faceforensics/Face2Face/719_737/000013.jpg,719.0,719|737,719_737,test,source_video_disjoint_v1,0.98712033,FF++,FF++ Face2Face,,-10.304658,39.42658
faceforensics/Face2Face/468_470/000020.jpg,1,468,Face2Face,FaceForensics++,faceforensics/Face2Face/468_470/000020.jpg,468.0,468|470,468_470,test,source_video_disjoint_v1,0.9734108,FF++,FF++ Face2Face,,20.70557,25.243755
faceforensics/Face2Face/258_246/000004.jpg,1,258,Face2Face,FaceForensics++,faceforensics/Face2Face/258_246/000004.jpg,258.0,258|246,258_246,test,source_video_disjoint_v1,0.9998603,FF++,FF++ Face2Face,,24.129742,-34.644184
faceforensics/Face2Face/470_468/000020.jpg,1,470,Face2Face,FaceForensics++,faceforensics/Face2Face/470_468/000020.jpg,470.0,470|468,470_468,test,source_video_disjoint_v1,0.99998605,FF++,FF++ Face2Face,,21.607292,12.151013
faceforensics/Face2Face/835_651/000019.jpg,1,835,Face2Face,FaceForensics++,faceforensics/Face2Face/835_651/000019.jpg,835.0,835|651,835_651,test,source_video_disjoint_v1,0.9999716,FF++,FF++ Face2Face,,22.617659,-15.688069
faceforensics/Face2Face/737_719/000015.jpg,1,737,Face2Face,FaceForensics++,faceforensics/Face2Face/737_719/000015.jpg,737.0,737|719,737_719,test,source_video_disjoint_v1,0.003920076,FF++,FF++ Face2Face,,-33.29626,31.923609
faceforensics/Face2Face/651_835/000025.jpg,1,651,Face2Face,FaceForensics++,faceforensics/Face2Face/651_835/000025.jpg,651.0,651|835,651_835,test,source_video_disjoint_v1,0.99627185,FF++,FF++ Face2Face,,1.6122423,-37.356876
faceforensics/Face2Face/246_258/000007.jpg,1,246,Face2Face,FaceForensics++,faceforensics/Face2Face/246_258/000007.jpg,246.0,246|258,246_258,test,source_video_disjoint_v1,0.99969983,FF++,FF++ Face2Face,,30.651878,-9.921915
faceforensics/Face2Face/719_737/000021.jpg,1,719,Face2Face,FaceForensics++,faceforensics/Face2Face/719_737/000021.jpg,719.0,719|737,719_737,test,source_video_disjoint_v1,0.9957424,FF++,FF++ Face2Face,,-11.359143,39.499687
faceforensics/Face2Face/470_468/000001.jpg,1,470,Face2Face,FaceForensics++,faceforensics/Face2Face/470_468/000001.jpg,470.0,470|468,470_468,test,source_video_disjoint_v1,0.9999509,FF++,FF++ Face2Face,,21.162048,10.857114
faceforensics/Face2Face/468_470/000023.jpg,1,468,Face2Face,FaceForensics++,faceforensics/Face2Face/468_470/000023.jpg,468.0,468|470,468_470,test,source_video_disjoint_v1,0.9999155,FF++,FF++ Face2Face,,21.314987,23.05992
faceforensics/Face2Face/258_246/000029.jpg,1,258,Face2Face,FaceForensics++,faceforensics/Face2Face/258_246/000029.jpg,258.0,258|246,258_246,test,source_video_disjoint_v1,0.99971265,FF++,FF++ Face2Face,,22.68252,-33.40529
faceforensics/Face2Face/835_651/000010.jpg,1,835,Face2Face,FaceForensics++,faceforensics/Face2Face/835_651/000010.jpg,835.0,835|651,835_651,test,source_video_disjoint_v1,0.9999474,FF++,FF++ Face2Face,,21.936827,-15.605318
faceforensics/Face2Face/737_719/000018.jpg,1,737,Face2Face,FaceForensics++,faceforensics/Face2Face/737_719/000018.jpg,737.0,737|719,737_719,test,source_video_disjoint_v1,0.9527731,FF++,FF++ Face2Face,,-34.672985,35.055176
faceforensics/Face2Face/651_835/000013.jpg,1,651,Face2Face,FaceForensics++,faceforensics/Face2Face/651_835/000013.jpg,651.0,651|835,651_835,test,source_video_disjoint_v1,0.9790455,FF++,FF++ Face2Face,,2.0239308,-36.748703
faceforensics/Face2Face/468_470/000029.jpg,1,468,Face2Face,FaceForensics++,faceforensics/Face2Face/468_470/000029.jpg,468.0,468|470,468_470,test,source_video_disjoint_v1,0.99752754,FF++,FF++ Face2Face,,23.082712,23.514511
faceforensics/Face2Face/246_258/000008.jpg,1,246,Face2Face,FaceForensics++,faceforensics/Face2Face/246_258/000008.jpg,246.0,246|258,246_258,test,source_video_disjoint_v1,0.9944758,FF++,FF++ Face2Face,,31.175938,-8.215776
faceforensics/Face2Face/719_737/000016.jpg,1,719,Face2Face,FaceForensics++,faceforensics/Face2Face/719_737/000016.jpg,719.0,719|737,719_737,test,source_video_disjoint_v1,0.9935934,FF++,FF++ Face2Face,,-9.713871,40.930393
faceforensics/Face2Face/258_246/000024.jpg,1,258,Face2Face,FaceForensics++,faceforensics/Face2Face/258_246/000024.jpg,258.0,258|246,258_246,test,source_video_disjoint_v1,0.9999145,FF++,FF++ Face2Face,,25.479776,-32.4425
faceforensics/Face2Face/470_468/000017.jpg,1,470,Face2Face,FaceForensics++,faceforensics/Face2Face/470_468/000017.jpg,470.0,470|468,470_468,test,source_video_disjoint_v1,0.9974916,FF++,FF++ Face2Face,,18.183874,11.074494
faceforensics/Face2Face/737_719/000019.jpg,1,737,Face2Face,FaceForensics++,faceforensics/Face2Face/737_719/000019.jpg,737.0,737|719,737_719,test,source_video_disjoint_v1,0.7276451,FF++,FF++ Face2Face,,-33.637318,34.202595
faceforensics/Face2Face/835_651/000026.jpg,1,835,Face2Face,FaceForensics++,faceforensics/Face2Face/835_651/000026.jpg,835.0,835|651,835_651,test,source_video_disjoint_v1,0.9999943,FF++,FF++ Face2Face,,23.204386,-16.782398
faceforensics/Face2Face/246_258/000013.jpg,1,246,Face2Face,FaceForensics++,faceforensics/Face2Face/246_258/000013.jpg,246.0,246|258,246_258,test,source_video_disjoint_v1,0.999806,FF++,FF++ Face2Face,,31.560194,-9.639942
faceforensics/Face2Face/651_835/000011.jpg,1,651,Face2Face,FaceForensics++,faceforensics/Face2Face/651_835/000011.jpg,651.0,651|835,651_835,test,source_video_disjoint_v1,0.18156974,FF++,FF++ Face2Face,,-1.794237,-30.434359
faceforensics/Face2Face/468_470/000012.jpg,1,468,Face2Face,FaceForensics++,faceforensics/Face2Face/468_470/000012.jpg,468.0,468|470,468_470,test,source_video_disjoint_v1,0.999783,FF++,FF++ Face2Face,,21.870173,22.974775
faceforensics/Face2Face/258_246/000020.jpg,1,258,Face2Face,FaceForensics++,faceforensics/Face2Face/258_246/000020.jpg,258.0,258|246,258_246,test,source_video_disjoint_v1,0.99997795,FF++,FF++ Face2Face,,25.64277,-32.907074
faceforensics/Face2Face/719_737/000024.jpg,1,719,Face2Face,FaceForensics++,faceforensics/Face2Face/719_737/000024.jpg,719.0,719|737,719_737,test,source_video_disjoint_v1,0.9980902,FF++,FF++ Face2Face,,-10.380475,40.509647
faceforensics/Face2Face/737_719/000009.jpg,1,737,Face2Face,FaceForensics++,faceforensics/Face2Face/737_719/000009.jpg,737.0,737|719,737_719,test,source_video_disjoint_v1,0.53647614,FF++,FF++ Face2Face,,-34.13421,33.626076
faceforensics/Face2Face/835_651/000001.jpg,1,835,Face2Face,FaceForensics++,faceforensics/Face2Face/835_651/000001.jpg,835.0,835|651,835_651,test,source_video_disjoint_v1,0.9999852,FF++,FF++ Face2Face,,22.44384,-16.529728
faceforensics/Face2Face/470_468/000013.jpg,1,470,Face2Face,FaceForensics++,faceforensics/Face2Face/470_468/000013.jpg,470.0,470|468,470_468,test,source_video_disjoint_v1,0.9999746,FF++,FF++ Face2Face,,21.345304,11.445438
faceforensics/Face2Face/246_258/000017.jpg,1,246,Face2Face,FaceForensics++,faceforensics/Face2Face/246_258/000017.jpg,246.0,246|258,246_258,test,source_video_disjoint_v1,0.99958235,FF++,FF++ Face2Face,,30.76458,-9.194994
faceforensics/Face2Face/651_835/000014.jpg,1,651,Face2Face,FaceForensics++,faceforensics/Face2Face/651_835/000014.jpg,651.0,651|835,651_835,test,source_video_disjoint_v1,0.9950193,FF++,FF++ Face2Face,,2.4530537,-37.06202
faceforensics/Face2Face/468_470/000003.jpg,1,468,Face2Face,FaceForensics++,faceforensics/Face2Face/468_470/000003.jpg,468.0,468|470,468_470,test,source_video_disjoint_v1,0.9997477,FF++,FF++ Face2Face,,21.219181,23.53119
faceforensics/Face2Face/719_737/000019.jpg,1,719,Face2Face,FaceForensics++,faceforensics/Face2Face/719_737/000019.jpg,719.0,719|737,719_737,test,source_video_disjoint_v1,0.9981054,FF++,FF++ Face2Face,,-10.956842,40.294292
faceforensics/Face2Face/258_246/000028.jpg,1,258,Face2Face,FaceForensics++,faceforensics/Face2Face/258_246/000028.jpg,258.0,258|246,258_246,test,source_video_disjoint_v1,0.9993961,FF++,FF++ Face2Face,,23.921213,-33.06511
faceforensics/Face2Face/737_719/000023.jpg,1,737,Face2Face,FaceForensics++,faceforensics/Face2Face/737_719/000023.jpg,737.0,737|719,737_719,test,source_video_disjoint_v1,0.99435186,FF++,FF++ Face2Face,,-34.026733,35.741497
faceforensics/Face2Face/835_651/000022.jpg,1,835,Face2Face,FaceForensics++,faceforensics/Face2Face/835_651/000022.jpg,835.0,835|651,835_651,test,source_video_disjoint_v1,0.9997459,FF++,FF++ Face2Face,,23.019512,-14.971462
faceforensics/Face2Face/470_468/000009.jpg,1,470,Face2Face,FaceForensics++,faceforensics/Face2Face/470_468/000009.jpg,470.0,470|468,470_468,test,source_video_disjoint_v1,0.99629813,FF++,FF++ Face2Face,,19.28403,11.915292
faceforensics/Face2Face/258_246/000018.jpg,1,258,Face2Face,FaceForensics++,faceforensics/Face2Face/258_246/000018.jpg,258.0,258|246,258_246,test,source_video_disjoint_v1,0.99997663,FF++,FF++ Face2Face,,24.972258,-34.536278
faceforensics/Face2Face/468_470/000028.jpg,1,468,Face2Face,FaceForensics++,faceforensics/Face2Face/468_470/000028.jpg,468.0,468|470,468_470,test,source_video_disjoint_v1,0.99122286,FF++,FF++ Face2Face,,21.219137,25.254562
faceforensics/Face2Face/246_258/000021.jpg,1,246,Face2Face,FaceForensics++,faceforensics/Face2Face/246_258/000021.jpg,246.0,246|258,246_258,test,source_video_disjoint_v1,0.9997372,FF++,FF++ Face2Face,,31.008154,-10.518449
faceforensics/Face2Face/719_737/000010.jpg,1,719,Face2Face,FaceForensics++,faceforensics/Face2Face/719_737/000010.jpg,719.0,719|737,719_737,test,source_video_disjoint_v1,0.8866543,FF++,FF++ Face2Face,,-8.778215,39.472347
faceforensics/Face2Face/737_719/000007.jpg,1,737,Face2Face,FaceForensics++,faceforensics/Face2Face/737_719/000007.jpg,737.0,737|719,737_719,test,source_video_disjoint_v1,0.66589844,FF++,FF++ Face2Face,,-34.59128,33.951065
faceforensics/Face2Face/651_835/000009.jpg,1,651,Face2Face,FaceForensics++,faceforensics/Face2Face/651_835/000009.jpg,651.0,651|835,651_835,test,source_video_disjoint_v1,0.99996305,FF++,FF++ Face2Face,,4.4891014,-39.620262
faceforensics/Face2Face/835_651/000015.jpg,1,835,Face2Face,FaceForensics++,faceforensics/Face2Face/835_651/000015.jpg,835.0,835|651,835_651,test,source_video_disjoint_v1,0.9999714,FF++,FF++ Face2Face,,22.178177,-16.095175
faceforensics/Face2Face/470_468/000026.jpg,1,470,Face2Face,FaceForensics++,faceforensics/Face2Face/470_468/000026.jpg,470.0,470|468,470_468,test,source_video_disjoint_v1,0.9999633,FF++,FF++ Face2Face,,20.26729,10.241101
faceforensics/Face2Face/258_246/000027.jpg,1,258,Face2Face,FaceForensics++,faceforensics/Face2Face/258_246/000027.jpg,258.0,258|246,258_246,test,source_video_disjoint_v1,0.99996006,FF++,FF++ Face2Face,,24.918596,-33.8057
faceforensics/Face2Face/737_719/000011.jpg,1,737,Face2Face,FaceForensics++,faceforensics/Face2Face/737_719/000011.jpg,737.0,737|719,737_719,test,source_video_disjoint_v1,0.86895955,FF++,FF++ Face2Face,,-33.359726,34.637253
faceforensics/Face2Face/719_737/000007.jpg,1,719,Face2Face,FaceForensics++,faceforensics/Face2Face/719_737/000007.jpg,719.0,719|737,719_737,test,source_video_disjoint_v1,0.9984371,FF++,FF++ Face2Face,,-10.370798,41.62656
faceforensics/Face2Face/246_258/000001.jpg,1,246,Face2Face,FaceForensics++,faceforensics/Face2Face/246_258/000001.jpg,246.0,246|258,246_258,test,source_video_disjoint_v1,0.99979025,FF++,FF++ Face2Face,,31.6247,-9.584836
faceforensics/Face2Face/651_835/000029.jpg,1,651,Face2Face,FaceForensics++,faceforensics/Face2Face/651_835/000029.jpg,651.0,651|835,651_835,test,source_video_disjoint_v1,0.15304533,FF++,FF++ Face2Face,,-1.855714,-30.293482
faceforensics/Face2Face/468_470/000027.jpg,1,468,Face2Face,FaceForensics++,faceforensics/Face2Face/468_470/000027.jpg,468.0,468|470,468_470,test,source_video_disjoint_v1,0.9993098,FF++,FF++ Face2Face,,20.616451,23.722605
faceforensics/Face2Face/835_651/000004.jpg,1,835,Face2Face,FaceForensics++,faceforensics/Face2Face/835_651/000004.jpg,835.0,835|651,835_651,test,source_video_disjoint_v1,0.9999621,FF++,FF++ Face2Face,,21.928398,-16.0741
faceforensics/Face2Face/470_468/000016.jpg,1,470,Face2Face,FaceForensics++,faceforensics/Face2Face/470_468/000016.jpg,470.0,470|468,470_468,test,source_video_disjoint_v1,0.9993736,FF++,FF++ Face2Face,,18.868456,10.686502
faceforensics/Face2Face/258_246/000007.jpg,1,258,Face2Face,FaceForensics++,faceforensics/Face2Face/258_246/000007.jpg,258.0,258|246,258_246,test,source_video_disjoint_v1,0.9999629,FF++,FF++ Face2Face,,24.771944,-34.31784
faceforensics/Face2Face/651_835/000010.jpg,1,651,Face2Face,FaceForensics++,faceforensics/Face2Face/651_835/000010.jpg,651.0,651|835,651_835,test,source_video_disjoint_v1,0.99923277,FF++,FF++ Face2Face,,3.0905344,-37.842407
faceforensics/Face2Face/719_737/000001.jpg,1,719,Face2Face,FaceForensics++,faceforensics/Face2Face/719_737/000001.jpg,719.0,719|737,719_737,test,source_video_disjoint_v1,0.9977272,FF++,FF++ Face2Face,,-11.663963,40.099674
faceforensics/Face2Face/737_719/000022.jpg,1,737,Face2Face,FaceForensics++,faceforensics/Face2Face/737_719/000022.jpg,737.0,737|719,737_719,test,source_video_disjoint_v1,0.7555539,FF++,FF++ Face2Face,,-34.35852,33.94197
faceforensics/Face2Face/468_470/000014.jpg,1,468,Face2Face,FaceForensics++,faceforensics/Face2Face/468_470/000014.jpg,468.0,468|470,468_470,test,source_video_disjoint_v1,0.9999361,FF++,FF++ Face2Face,,22.411701,22.427597
faceforensics/Face2Face/835_651/000000.jpg,1,835,Face2Face,FaceForensics++,faceforensics/Face2Face/835_651/000000.jpg,835.0,835|651,835_651,test,source_video_disjoint_v1,0.99996674,FF++,FF++ Face2Face,,22.6227,-16.282845
faceforensics/Face2Face/246_258/000020.jpg,1,246,Face2Face,FaceForensics++,faceforensics/Face2Face/246_258/000020.jpg,246.0,246|258,246_258,test,source_video_disjoint_v1,0.99975544,FF++,FF++ Face2Face,,31.826056,-9.455566
faceforensics/Face2Face/470_468/000002.jpg,1,470,Face2Face,FaceForensics++,faceforensics/Face2Face/470_468/000002.jpg,470.0,470|468,470_468,test,source_video_disjoint_v1,0.9999597,FF++,FF++ Face2Face,,21.437801,10.927706
faceforensics/Face2Face/258_246/000022.jpg,1,258,Face2Face,FaceForensics++,faceforensics/Face2Face/258_246/000022.jpg,258.0,258|246,258_246,test,source_video_disjoint_v1,0.99998534,FF++,FF++ Face2Face,,25.7971,-32.69558
faceforensics/Face2Face/651_835/000001.jpg,1,651,Face2Face,FaceForensics++,faceforensics/Face2Face/651_835/000001.jpg,651.0,651|835,651_835,test,source_video_disjoint_v1,0.9995239,FF++,FF++ Face2Face,,4.230261,-38.432945
faceforensics/Face2Face/835_651/000029.jpg,1,835,Face2Face,FaceForensics++,faceforensics/Face2Face/835_651/000029.jpg,835.0,835|651,835_651,test,source_video_disjoint_v1,0.999966,FF++,FF++ Face2Face,,20.704334,-16.59682
faceforensics/Face2Face/737_719/000008.jpg,1,737,Face2Face,FaceForensics++,faceforensics/Face2Face/737_719/000008.jpg,737.0,737|719,737_719,test,source_video_disjoint_v1,0.9165041,FF++,FF++ Face2Face,,-34.567616,34.44141
faceforensics/Face2Face/468_470/000011.jpg,1,468,Face2Face,FaceForensics++,faceforensics/Face2Face/468_470/000011.jpg,468.0,468|470,468_470,test,source_video_disjoint_v1,0.984318,FF++,FF++ Face2Face,,21.027403,25.1576
faceforensics/Face2Face/246_258/000014.jpg,1,246,Face2Face,FaceForensics++,faceforensics/Face2Face/246_258/000014.jpg,246.0,246|258,246_258,test,source_video_disjoint_v1,0.9997384,FF++,FF++ Face2Face,,31.098974,-9.729056
faceforensics/Face2Face/719_737/000029.jpg,1,719,Face2Face,FaceForensics++,faceforensics/Face2Face/719_737/000029.jpg,719.0,719|737,719_737,test,source_video_disjoint_v1,0.9947411,FF++,FF++ Face2Face,,-10.745851,39.792152
faceforensics/Face2Face/470_468/000012.jpg,1,470,Face2Face,FaceForensics++,faceforensics/Face2Face/470_468/000012.jpg,470.0,470|468,470_468,test,source_video_disjoint_v1,0.99825794,FF++,FF++ Face2Face,,18.760118,11.05583
faceforensics/FaceSwap/246_258/000024.jpg,1,246,FaceSwap,FaceForensics++,faceforensics/FaceSwap/246_258/000024.jpg,246.0,246|258,246_258,test,source_video_disjoint_v1,0.9999572,FF++,FF++ FaceSwap,,38.095825,7.294992
faceforensics/FaceSwap/470_468/000003.jpg,1,470,FaceSwap,FaceForensics++,faceforensics/FaceSwap/470_468/000003.jpg,470.0,470|468,470_468,test,source_video_disjoint_v1,0.002167531,FF++,FF++ FaceSwap,,27.392544,39.49788
faceforensics/FaceSwap/719_737/000022.jpg,1,719,FaceSwap,FaceForensics++,faceforensics/FaceSwap/719_737/000022.jpg,719.0,719|737,719_737,test,source_video_disjoint_v1,0.9983646,FF++,FF++ FaceSwap,,10.589966,45.475517
faceforensics/FaceSwap/835_651/000023.jpg,1,835,FaceSwap,FaceForensics++,faceforensics/FaceSwap/835_651/000023.jpg,835.0,835|651,835_651,test,source_video_disjoint_v1,0.004325035,FF++,FF++ FaceSwap,,-6.8497643,-20.509695
faceforensics/FaceSwap/468_470/000026.jpg,1,468,FaceSwap,FaceForensics++,faceforensics/FaceSwap/468_470/000026.jpg,468.0,468|470,468_470,test,source_video_disjoint_v1,0.965143,FF++,FF++ FaceSwap,,15.633714,24.15155
faceforensics/FaceSwap/651_835/000023.jpg,1,651,FaceSwap,FaceForensics++,faceforensics/FaceSwap/651_835/000023.jpg,651.0,651|835,651_835,test,source_video_disjoint_v1,0.9998679,FF++,FF++ FaceSwap,,5.747854,-37.91542
faceforensics/FaceSwap/258_246/000015.jpg,1,258,FaceSwap,FaceForensics++,faceforensics/FaceSwap/258_246/000015.jpg,258.0,258|246,258_246,test,source_video_disjoint_v1,0.9859703,FF++,FF++ FaceSwap,,15.843692,-33.496563
faceforensics/FaceSwap/737_719/000026.jpg,1,737,FaceSwap,FaceForensics++,faceforensics/FaceSwap/737_719/000026.jpg,737.0,737|719,737_719,test,source_video_disjoint_v1,0.82137054,FF++,FF++ FaceSwap,,-28.081902,26.236609
faceforensics/FaceSwap/246_258/000006.jpg,1,246,FaceSwap,FaceForensics++,faceforensics/FaceSwap/246_258/000006.jpg,246.0,246|258,246_258,test,source_video_disjoint_v1,0.99997115,FF++,FF++ FaceSwap,,37.206657,7.6353235
faceforensics/FaceSwap/470_468/000019.jpg,1,470,FaceSwap,FaceForensics++,faceforensics/FaceSwap/470_468/000019.jpg,470.0,470|468,470_468,test,source_video_disjoint_v1,0.9992471,FF++,FF++ FaceSwap,,18.857601,42.903706
faceforensics/FaceSwap/719_737/000018.jpg,1,719,FaceSwap,FaceForensics++,faceforensics/FaceSwap/719_737/000018.jpg,719.0,719|737,719_737,test,source_video_disjoint_v1,0.7901219,FF++,FF++ FaceSwap,,8.827447,45.081173
faceforensics/FaceSwap/835_651/000020.jpg,1,835,FaceSwap,FaceForensics++,faceforensics/FaceSwap/835_651/000020.jpg,835.0,835|651,835_651,test,source_video_disjoint_v1,0.014769004,FF++,FF++ FaceSwap,,-6.554603,-20.026571
faceforensics/FaceSwap/737_719/000005.jpg,1,737,FaceSwap,FaceForensics++,faceforensics/FaceSwap/737_719/000005.jpg,737.0,737|719,737_719,test,source_video_disjoint_v1,0.00406995,FF++,FF++ FaceSwap,,-25.738638,23.966042
faceforensics/FaceSwap/651_835/000005.jpg,1,651,FaceSwap,FaceForensics++,faceforensics/FaceSwap/651_835/000005.jpg,651.0,651|835,651_835,test,source_video_disjoint_v1,0.99992967,FF++,FF++ FaceSwap,,6.0549474,-37.636475
faceforensics/FaceSwap/258_246/000000.jpg,1,258,FaceSwap,FaceForensics++,faceforensics/FaceSwap/258_246/000000.jpg,258.0,258|246,258_246,test,source_video_disjoint_v1,0.9999385,FF++,FF++ FaceSwap,,18.181286,-32.87234
faceforensics/FaceSwap/468_470/000009.jpg,1,468,FaceSwap,FaceForensics++,faceforensics/FaceSwap/468_470/000009.jpg,468.0,468|470,468_470,test,source_video_disjoint_v1,0.9996388,FF++,FF++ FaceSwap,,17.988688,22.729012
faceforensics/FaceSwap/470_468/000014.jpg,1,470,FaceSwap,FaceForensics++,faceforensics/FaceSwap/470_468/000014.jpg,470.0,470|468,470_468,test,source_video_disjoint_v1,0.9996088,FF++,FF++ FaceSwap,,18.22548,43.644604
faceforensics/FaceSwap/246_258/000009.jpg,1,246,FaceSwap,FaceForensics++,faceforensics/FaceSwap/246_258/000009.jpg,246.0,246|258,246_258,test,source_video_disjoint_v1,0.9985,FF++,FF++ FaceSwap,,36.659824,6.2376747
faceforensics/FaceSwap/719_737/000002.jpg,1,719,FaceSwap,FaceForensics++,faceforensics/FaceSwap/719_737/000002.jpg,719.0,719|737,719_737,test,source_video_disjoint_v1,0.86364096,FF++,FF++ FaceSwap,,8.506913,45.72085
faceforensics/FaceSwap/651_835/000007.jpg,1,651,FaceSwap,FaceForensics++,faceforensics/FaceSwap/651_835/000007.jpg,651.0,651|835,651_835,test,source_video_disjoint_v1,0.9962559,FF++,FF++ FaceSwap,,5.5157237,-36.57363
faceforensics/FaceSwap/835_651/000025.jpg,1,835,FaceSwap,FaceForensics++,faceforensics/FaceSwap/835_651/000025.jpg,835.0,835|651,835_651,test,source_video_disjoint_v1,0.9995245,FF++,FF++ FaceSwap,,15.628851,-16.997555
faceforensics/FaceSwap/737_719/000021.jpg,1,737,FaceSwap,FaceForensics++,faceforensics/FaceSwap/737_719/000021.jpg,737.0,737|719,737_719,test,source_video_disjoint_v1,0.02328467,FF++,FF++ FaceSwap,,-26.616379,24.570147
faceforensics/FaceSwap/258_246/000025.jpg,1,258,FaceSwap,FaceForensics++,faceforensics/FaceSwap/258_246/000025.jpg,258.0,258|246,258_246,test,source_video_disjoint_v1,0.7968322,FF++,FF++ FaceSwap,,14.094192,-32.52789
faceforensics/FaceSwap/468_470/000019.jpg,1,468,FaceSwap,FaceForensics++,faceforensics/FaceSwap/468_470/000019.jpg,468.0,468|470,468_470,test,source_video_disjoint_v1,0.99996316,FF++,FF++ FaceSwap,,18.434977,22.566275
faceforensics/FaceSwap/470_468/000024.jpg,1,470,FaceSwap,FaceForensics++,faceforensics/FaceSwap/470_468/000024.jpg,470.0,470|468,470_468,test,source_video_disjoint_v1,0.99631834,FF++,FF++ FaceSwap,,19.69318,43.04136
faceforensics/FaceSwap/246_258/000015.jpg,1,246,FaceSwap,FaceForensics++,faceforensics/FaceSwap/246_258/000015.jpg,246.0,246|258,246_258,test,source_video_disjoint_v1,0.98712116,FF++,FF++ FaceSwap,,36.588913,5.521922
faceforensics/FaceSwap/719_737/000026.jpg,1,719,FaceSwap,FaceForensics++,faceforensics/FaceSwap/719_737/000026.jpg,719.0,719|737,719_737,test,source_video_disjoint_v1,0.99819833,FF++,FF++ FaceSwap,,10.804863,45.940105
faceforensics/FaceSwap/835_651/000027.jpg,1,835,FaceSwap,FaceForensics++,faceforensics/FaceSwap/835_651/000027.jpg,835.0,835|651,835_651,test,source_video_disjoint_v1,0.99999297,FF++,FF++ FaceSwap,,16.672527,-17.38611
faceforensics/FaceSwap/737_719/000002.jpg,1,737,FaceSwap,FaceForensics++,faceforensics/FaceSwap/737_719/000002.jpg,737.0,737|719,737_719,test,source_video_disjoint_v1,0.0010816457,FF++,FF++ FaceSwap,,-26.813644,23.330664
faceforensics/FaceSwap/468_470/000006.jpg,1,468,FaceSwap,FaceForensics++,faceforensics/FaceSwap/468_470/000006.jpg,468.0,468|470,468_470,test,source_video_disjoint_v1,0.5604334,FF++,FF++ FaceSwap,,13.732082,24.250694
faceforensics/FaceSwap/258_246/000008.jpg,1,258,FaceSwap,FaceForensics++,faceforensics/FaceSwap/258_246/000008.jpg,258.0,258|246,258_246,test,source_video_disjoint_v1,0.90926707,FF++,FF++ FaceSwap,,14.708216,-32.955482
faceforensics/FaceSwap/651_835/000019.jpg,1,651,FaceSwap,FaceForensics++,faceforensics/FaceSwap/651_835/000019.jpg,651.0,651|835,651_835,test,source_video_disjoint_v1,0.032759957,FF++,FF++ FaceSwap,,-3.6332643,-29.301176
faceforensics/FaceSwap/470_468/000023.jpg,1,470,FaceSwap,FaceForensics++,faceforensics/FaceSwap/470_468/000023.jpg,470.0,470|468,470_468,test,source_video_disjoint_v1,0.99982315,FF++,FF++ FaceSwap,,18.49662,42.784004
faceforensics/FaceSwap/246_258/000019.jpg,1,246,FaceSwap,FaceForensics++,faceforensics/FaceSwap/246_258/000019.jpg,246.0,246|258,246_258,test,source_video_disjoint_v1,0.9574451,FF++,FF++ FaceSwap,,36.268986,5.5613666
faceforensics/FaceSwap/719_737/000000.jpg,1,719,FaceSwap,FaceForensics++,faceforensics/FaceSwap/719_737/000000.jpg,719.0,719|737,719_737,test,source_video_disjoint_v1,0.23653981,FF++,FF++ FaceSwap,,7.6899405,45.076057
faceforensics/FaceSwap/835_651/000018.jpg,1,835,FaceSwap,FaceForensics++,faceforensics/FaceSwap/835_651/000018.jpg,835.0,835|651,835_651,test,source_video_disjoint_v1,0.4076842,FF++,FF++ FaceSwap,,10.400311,-15.283834
faceforensics/FaceSwap/737_719/000012.jpg,1,737,FaceSwap,FaceForensics++,faceforensics/FaceSwap/737_719/000012.jpg,737.0,737|719,737_719,test,source_video_disjoint_v1,0.009553203,FF++,FF++ FaceSwap,,-27.392206,24.248766
faceforensics/FaceSwap/468_470/000000.jpg,1,468,FaceSwap,FaceForensics++,faceforensics/FaceSwap/468_470/000000.jpg,468.0,468|470,468_470,test,source_video_disjoint_v1,0.97756004,FF++,FF++ FaceSwap,,15.314335,24.019318
faceforensics/FaceSwap/651_835/000016.jpg,1,651,FaceSwap,FaceForensics++,faceforensics/FaceSwap/651_835/000016.jpg,651.0,651|835,651_835,test,source_video_disjoint_v1,0.99807906,FF++,FF++ FaceSwap,,5.407134,-36.59011
faceforensics/FaceSwap/258_246/000026.jpg,1,258,FaceSwap,FaceForensics++,faceforensics/FaceSwap/258_246/000026.jpg,258.0,258|246,258_246,test,source_video_disjoint_v1,0.97462726,FF++,FF++ FaceSwap,,15.025362,-32.720505
faceforensics/FaceSwap/246_258/000010.jpg,1,246,FaceSwap,FaceForensics++,faceforensics/FaceSwap/246_258/000010.jpg,246.0,246|258,246_258,test,source_video_disjoint_v1,0.75214875,FF++,FF++ FaceSwap,,36.02628,4.583956
faceforensics/FaceSwap/719_737/000003.jpg,1,719,FaceSwap,FaceForensics++,faceforensics/FaceSwap/719_737/000003.jpg,719.0,719|737,719_737,test,source_video_disjoint_v1,0.99531883,FF++,FF++ FaceSwap,,10.085831,46.634865
faceforensics/FaceSwap/470_468/000006.jpg,1,470,FaceSwap,FaceForensics++,faceforensics/FaceSwap/470_468/000006.jpg,470.0,470|468,470_468,test,source_video_disjoint_v1,0.9998659,FF++,FF++ FaceSwap,,18.501154,43.432858
faceforensics/FaceSwap/835_651/000017.jpg,1,835,FaceSwap,FaceForensics++,faceforensics/FaceSwap/835_651/000017.jpg,835.0,835|651,835_651,test,source_video_disjoint_v1,0.3411564,FF++,FF++ FaceSwap,,10.358928,-15.377376
faceforensics/FaceSwap/737_719/000024.jpg,1,737,FaceSwap,FaceForensics++,faceforensics/FaceSwap/737_719/000024.jpg,737.0,737|719,737_719,test,source_video_disjoint_v1,0.015080268,FF++,FF++ FaceSwap,,-25.78353,24.585192
faceforensics/FaceSwap/468_470/000013.jpg,1,468,FaceSwap,FaceForensics++,faceforensics/FaceSwap/468_470/000013.jpg,468.0,468|470,468_470,test,source_video_disjoint_v1,0.99361575,FF++,FF++ FaceSwap,,16.971268,24.014753
faceforensics/FaceSwap/651_835/000006.jpg,1,651,FaceSwap,FaceForensics++,faceforensics/FaceSwap/651_835/000006.jpg,651.0,651|835,651_835,test,source_video_disjoint_v1,0.99991035,FF++,FF++ FaceSwap,,6.0516148,-37.657646
faceforensics/FaceSwap/258_246/000001.jpg,1,258,FaceSwap,FaceForensics++,faceforensics/FaceSwap/258_246/000001.jpg,258.0,258|246,258_246,test,source_video_disjoint_v1,0.9998085,FF++,FF++ FaceSwap,,17.7434,-33.03395
faceforensics/FaceSwap/246_258/000025.jpg,1,246,FaceSwap,FaceForensics++,faceforensics/FaceSwap/246_258/000025.jpg,246.0,246|258,246_258,test,source_video_disjoint_v1,0.99995506,FF++,FF++ FaceSwap,,38.052567,7.237684
faceforensics/FaceSwap/719_737/000025.jpg,1,719,FaceSwap,FaceForensics++,faceforensics/FaceSwap/719_737/000025.jpg,719.0,719|737,719_737,test,source_video_disjoint_v1,0.9956792,FF++,FF++ FaceSwap,,10.242876,45.181614
faceforensics/FaceSwap/470_468/000022.jpg,1,470,FaceSwap,FaceForensics++,faceforensics/FaceSwap/470_468/000022.jpg,470.0,470|468,470_468,test,source_video_disjoint_v1,0.99995685,FF++,FF++ FaceSwap,,17.518492,43.454056
faceforensics/FaceSwap/835_651/000011.jpg,1,835,FaceSwap,FaceForensics++,faceforensics/FaceSwap/835_651/000011.jpg,835.0,835|651,835_651,test,source_video_disjoint_v1,0.99983096,FF++,FF++ FaceSwap,,16.195396,-16.522114
faceforensics/FaceSwap/737_719/000006.jpg,1,737,FaceSwap,FaceForensics++,faceforensics/FaceSwap/737_719/000006.jpg,737.0,737|719,737_719,test,source_video_disjoint_v1,0.0008197942,FF++,FF++ FaceSwap,,-25.714449,23.398119
faceforensics/FaceSwap/651_835/000000.jpg,1,651,FaceSwap,FaceForensics++,faceforensics/FaceSwap/651_835/000000.jpg,651.0,651|835,651_835,test,source_video_disjoint_v1,0.7583855,FF++,FF++ FaceSwap,,-0.16685227,-32.99518
faceforensics/FaceSwap/468_470/000007.jpg,1,468,FaceSwap,FaceForensics++,faceforensics/FaceSwap/468_470/000007.jpg,468.0,468|470,468_470,test,source_video_disjoint_v1,0.9996111,FF++,FF++ FaceSwap,,17.992859,22.544928
faceforensics/FaceSwap/258_246/000005.jpg,1,258,FaceSwap,FaceForensics++,faceforensics/FaceSwap/258_246/000005.jpg,258.0,258|246,258_246,test,source_video_disjoint_v1,0.6150877,FF++,FF++ FaceSwap,,-5.216303,9.44829
faceforensics/FaceSwap/246_258/000018.jpg,1,246,FaceSwap,FaceForensics++,faceforensics/FaceSwap/246_258/000018.jpg,246.0,246|258,246_258,test,source_video_disjoint_v1,0.9991522,FF++,FF++ FaceSwap,,37.16711,6.432816
faceforensics/FaceSwap/719_737/000006.jpg,1,719,FaceSwap,FaceForensics++,faceforensics/FaceSwap/719_737/000006.jpg,719.0,719|737,719_737,test,source_video_disjoint_v1,0.9953171,FF++,FF++ FaceSwap,,9.995267,46.577785
faceforensics/FaceSwap/737_719/000027.jpg,1,737,FaceSwap,FaceForensics++,faceforensics/FaceSwap/737_719/000027.jpg,737.0,737|719,737_719,test,source_video_disjoint_v1,0.001863981,FF++,FF++ FaceSwap,,-26.831856,23.188208
faceforensics/FaceSwap/835_651/000014.jpg,1,835,FaceSwap,FaceForensics++,faceforensics/FaceSwap/835_651/000014.jpg,835.0,835|651,835_651,test,source_video_disjoint_v1,0.9999627,FF++,FF++ FaceSwap,,16.278208,-17.4599
faceforensics/FaceSwap/470_468/000025.jpg,1,470,FaceSwap,FaceForensics++,faceforensics/FaceSwap/470_468/000025.jpg,470.0,470|468,470_468,test,source_video_disjoint_v1,0.9998882,FF++,FF++ FaceSwap,,17.9016,43.659573
faceforensics/FaceSwap/468_470/000008.jpg,1,468,FaceSwap,FaceForensics++,faceforensics/FaceSwap/468_470/000008.jpg,468.0,468|470,468_470,test,source_video_disjoint_v1,0.99966717,FF++,FF++ FaceSwap,,17.873247,22.93969
faceforensics/FaceSwap/651_835/000004.jpg,1,651,FaceSwap,FaceForensics++,faceforensics/FaceSwap/651_835/000004.jpg,651.0,651|835,651_835,test,source_video_disjoint_v1,0.99545646,FF++,FF++ FaceSwap,,5.707304,-36.24697
faceforensics/FaceSwap/258_246/000012.jpg,1,258,FaceSwap,FaceForensics++,faceforensics/FaceSwap/258_246/000012.jpg,258.0,258|246,258_246,test,source_video_disjoint_v1,0.08505855,FF++,FF++ FaceSwap,,12.725176,-32.903805
faceforensics/FaceSwap/246_258/000016.jpg,1,246,FaceSwap,FaceForensics++,faceforensics/FaceSwap/246_258/000016.jpg,246.0,246|258,246_258,test,source_video_disjoint_v1,0.9999459,FF++,FF++ FaceSwap,,37.329132,7.251317
faceforensics/FaceSwap/719_737/000015.jpg,1,719,FaceSwap,FaceForensics++,faceforensics/FaceSwap/719_737/000015.jpg,719.0,719|737,719_737,test,source_video_disjoint_v1,0.9231468,FF++,FF++ FaceSwap,,8.8871565,45.59506
faceforensics/FaceSwap/737_719/000013.jpg,1,737,FaceSwap,FaceForensics++,faceforensics/FaceSwap/737_719/000013.jpg,737.0,737|719,737_719,test,source_video_disjoint_v1,0.018869445,FF++,FF++ FaceSwap,,-26.746807,24.442081
faceforensics/FaceSwap/835_651/000009.jpg,1,835,FaceSwap,FaceForensics++,faceforensics/FaceSwap/835_651/000009.jpg,835.0,835|651,835_651,test,source_video_disjoint_v1,0.3788256,FF++,FF++ FaceSwap,,10.575301,-15.753159
faceforensics/FaceSwap/470_468/000005.jpg,1,470,FaceSwap,FaceForensics++,faceforensics/FaceSwap/470_468/000005.jpg,470.0,470|468,470_468,test,source_video_disjoint_v1,0.9998841,FF++,FF++ FaceSwap,,18.012484,43.94866
faceforensics/FaceSwap/468_470/000024.jpg,1,468,FaceSwap,FaceForensics++,faceforensics/FaceSwap/468_470/000024.jpg,468.0,468|470,468_470,test,source_video_disjoint_v1,0.054561704,FF++,FF++ FaceSwap,,12.333275,24.9994
faceforensics/FaceSwap/651_835/000022.jpg,1,651,FaceSwap,FaceForensics++,faceforensics/FaceSwap/651_835/000022.jpg,651.0,651|835,651_835,test,source_video_disjoint_v1,0.45873895,FF++,FF++ FaceSwap,,0.4083553,-32.285988
faceforensics/FaceSwap/258_246/000021.jpg,1,258,FaceSwap,FaceForensics++,faceforensics/FaceSwap/258_246/000021.jpg,258.0,258|246,258_246,test,source_video_disjoint_v1,0.99866974,FF++,FF++ FaceSwap,,19.787855,-35.76298
faceforensics/FaceSwap/737_719/000029.jpg,1,737,FaceSwap,FaceForensics++,faceforensics/FaceSwap/737_719/000029.jpg,737.0,737|719,737_719,test,source_video_disjoint_v1,0.014625769,FF++,FF++ FaceSwap,,-25.847866,24.211676
faceforensics/FaceSwap/470_468/000011.jpg,1,470,FaceSwap,FaceForensics++,faceforensics/FaceSwap/470_468/000011.jpg,470.0,470|468,470_468,test,source_video_disjoint_v1,0.6481528,FF++,FF++ FaceSwap,,26.228542,38.562252
faceforensics/FaceSwap/719_737/000027.jpg,1,719,FaceSwap,FaceForensics++,faceforensics/FaceSwap/719_737/000027.jpg,719.0,719|737,719_737,test,source_video_disjoint_v1,0.9969902,FF++,FF++ FaceSwap,,10.031514,46.446625
faceforensics/FaceSwap/246_258/000029.jpg,1,246,FaceSwap,FaceForensics++,faceforensics/FaceSwap/246_258/000029.jpg,246.0,246|258,246_258,test,source_video_disjoint_v1,0.99945456,FF++,FF++ FaceSwap,,38.702034,6.1642275
faceforensics/FaceSwap/468_470/000015.jpg,1,468,FaceSwap,FaceForensics++,faceforensics/FaceSwap/468_470/000015.jpg,468.0,468|470,468_470,test,source_video_disjoint_v1,0.105652146,FF++,FF++ FaceSwap,,13.307565,24.798014
faceforensics/FaceSwap/835_651/000002.jpg,1,835,FaceSwap,FaceForensics++,faceforensics/FaceSwap/835_651/000002.jpg,835.0,835|651,835_651,test,source_video_disjoint_v1,0.7516464,FF++,FF++ FaceSwap,,10.9096575,-15.563061
faceforensics/FaceSwap/651_835/000028.jpg,1,651,FaceSwap,FaceForensics++,faceforensics/FaceSwap/651_835/000028.jpg,651.0,651|835,651_835,test,source_video_disjoint_v1,0.5015795,FF++,FF++ FaceSwap,,-0.2980002,-32.388645
faceforensics/FaceSwap/258_246/000011.jpg,1,258,FaceSwap,FaceForensics++,faceforensics/FaceSwap/258_246/000011.jpg,258.0,258|246,258_246,test,source_video_disjoint_v1,0.4982077,FF++,FF++ FaceSwap,,-7.5414863,8.024327
faceforensics/FaceSwap/470_468/000018.jpg,1,470,FaceSwap,FaceForensics++,faceforensics/FaceSwap/470_468/000018.jpg,470.0,470|468,470_468,test,source_video_disjoint_v1,0.999613,FF++,FF++ FaceSwap,,18.737343,43.57174
faceforensics/FaceSwap/737_719/000014.jpg,1,737,FaceSwap,FaceForensics++,faceforensics/FaceSwap/737_719/000014.jpg,737.0,737|719,737_719,test,source_video_disjoint_v1,0.69644016,FF++,FF++ FaceSwap,,-27.638067,26.182207
faceforensics/FaceSwap/468_470/000022.jpg,1,468,FaceSwap,FaceForensics++,faceforensics/FaceSwap/468_470/000022.jpg,468.0,468|470,468_470,test,source_video_disjoint_v1,0.9999486,FF++,FF++ FaceSwap,,18.468449,22.272865
faceforensics/FaceSwap/246_258/000005.jpg,1,246,FaceSwap,FaceForensics++,faceforensics/FaceSwap/246_258/000005.jpg,246.0,246|258,246_258,test,source_video_disjoint_v1,0.99989855,FF++,FF++ FaceSwap,,37.28735,7.369148
faceforensics/FaceSwap/719_737/000014.jpg,1,719,FaceSwap,FaceForensics++,faceforensics/FaceSwap/719_737/000014.jpg,719.0,719|737,719_737,test,source_video_disjoint_v1,0.9917373,FF++,FF++ FaceSwap,,9.806049,46.176674
faceforensics/FaceSwap/835_651/000013.jpg,1,835,FaceSwap,FaceForensics++,faceforensics/FaceSwap/835_651/000013.jpg,835.0,835|651,835_651,test,source_video_disjoint_v1,0.881793,FF++,FF++ FaceSwap,,10.81586,-14.788636
faceforensics/FaceSwap/651_835/000017.jpg,1,651,FaceSwap,FaceForensics++,faceforensics/FaceSwap/651_835/000017.jpg,651.0,651|835,651_835,test,source_video_disjoint_v1,0.9974361,FF++,FF++ FaceSwap,,4.93786,-36.708984
faceforensics/FaceSwap/258_246/000016.jpg,1,258,FaceSwap,FaceForensics++,faceforensics/FaceSwap/258_246/000016.jpg,258.0,258|246,258_246,test,source_video_disjoint_v1,0.31671217,FF++,FF++ FaceSwap,,13.879027,-33.09734
faceforensics/FaceSwap/470_468/000027.jpg,1,470,FaceSwap,FaceForensics++,faceforensics/FaceSwap/470_468/000027.jpg,470.0,470|468,470_468,test,source_video_disjoint_v1,0.9979036,FF++,FF++ FaceSwap,,19.091228,42.462032
faceforensics/FaceSwap/719_737/000009.jpg,1,719,FaceSwap,FaceForensics++,faceforensics/FaceSwap/719_737/000009.jpg,719.0,719|737,719_737,test,source_video_disjoint_v1,0.99495727,FF++,FF++ FaceSwap,,10.1437435,45.89668
faceforensics/FaceSwap/468_470/000005.jpg,1,468,FaceSwap,FaceForensics++,faceforensics/FaceSwap/468_470/000005.jpg,468.0,468|470,468_470,test,source_video_disjoint_v1,0.99978334,FF++,FF++ FaceSwap,,18.048798,23.35253
faceforensics/FaceSwap/737_719/000028.jpg,1,737,FaceSwap,FaceForensics++,faceforensics/FaceSwap/737_719/000028.jpg,737.0,737|719,737_719,test,source_video_disjoint_v1,0.008729154,FF++,FF++ FaceSwap,,-25.565107,24.39325
faceforensics/FaceSwap/246_258/000012.jpg,1,246,FaceSwap,FaceForensics++,faceforensics/FaceSwap/246_258/000012.jpg,246.0,246|258,246_258,test,source_video_disjoint_v1,0.930917,FF++,FF++ FaceSwap,,36.44018,5.0125613
faceforensics/FaceSwap/651_835/000026.jpg,1,651,FaceSwap,FaceForensics++,faceforensics/FaceSwap/651_835/000026.jpg,651.0,651|835,651_835,test,source_video_disjoint_v1,0.9778317,FF++,FF++ FaceSwap,,0.95396125,-33.579983
faceforensics/FaceSwap/835_651/000021.jpg,1,835,FaceSwap,FaceForensics++,faceforensics/FaceSwap/835_651/000021.jpg,835.0,835|651,835_651,test,source_video_disjoint_v1,0.64850783,FF++,FF++ FaceSwap,,10.38133,-14.74905
faceforensics/FaceSwap/258_246/000006.jpg,1,258,FaceSwap,FaceForensics++,faceforensics/FaceSwap/258_246/000006.jpg,258.0,258|246,258_246,test,source_video_disjoint_v1,0.92369306,FF++,FF++ FaceSwap,,14.730406,-33.184193
faceforensics/FaceSwap/470_468/000021.jpg,1,470,FaceSwap,FaceForensics++,faceforensics/FaceSwap/470_468/000021.jpg,470.0,470|468,470_468,test,source_video_disjoint_v1,0.99782395,FF++,FF++ FaceSwap,,18.891577,43.96979
faceforensics/FaceSwap/246_258/000028.jpg,1,246,FaceSwap,FaceForensics++,faceforensics/FaceSwap/246_258/000028.jpg,246.0,246|258,246_258,test,source_video_disjoint_v1,0.9996681,FF++,FF++ FaceSwap,,37.28075,6.57596
faceforensics/FaceSwap/719_737/000011.jpg,1,719,FaceSwap,FaceForensics++,faceforensics/FaceSwap/719_737/000011.jpg,719.0,719|737,719_737,test,source_video_disjoint_v1,0.22522278,FF++,FF++ FaceSwap,,7.77441,45.145576
faceforensics/FaceSwap/737_719/000010.jpg,1,737,FaceSwap,FaceForensics++,faceforensics/FaceSwap/737_719/000010.jpg,737.0,737|719,737_719,test,source_video_disjoint_v1,0.03401222,FF++,FF++ FaceSwap,,-27.555182,24.974705
faceforensics/FaceSwap/468_470/000016.jpg,1,468,FaceSwap,FaceForensics++,faceforensics/FaceSwap/468_470/000016.jpg,468.0,468|470,468_470,test,source_video_disjoint_v1,0.68259346,FF++,FF++ FaceSwap,,14.468147,24.326717
faceforensics/FaceSwap/651_835/000021.jpg,1,651,FaceSwap,FaceForensics++,faceforensics/FaceSwap/651_835/000021.jpg,651.0,651|835,651_835,test,source_video_disjoint_v1,0.77016544,FF++,FF++ FaceSwap,,0.752234,-32.53383
faceforensics/FaceSwap/835_651/000005.jpg,1,835,FaceSwap,FaceForensics++,faceforensics/FaceSwap/835_651/000005.jpg,835.0,835|651,835_651,test,source_video_disjoint_v1,0.9996486,FF++,FF++ FaceSwap,,16.001738,-16.237848
faceforensics/FaceSwap/258_246/000003.jpg,1,258,FaceSwap,FaceForensics++,faceforensics/FaceSwap/258_246/000003.jpg,258.0,258|246,258_246,test,source_video_disjoint_v1,0.983084,FF++,FF++ FaceSwap,,16.305468,-33.55561
faceforensics/FaceSwap/470_468/000007.jpg,1,470,FaceSwap,FaceForensics++,faceforensics/FaceSwap/470_468/000007.jpg,470.0,470|468,470_468,test,source_video_disjoint_v1,0.9978828,FF++,FF++ FaceSwap,,18.551659,44.067604
faceforensics/FaceSwap/719_737/000012.jpg,1,719,FaceSwap,FaceForensics++,faceforensics/FaceSwap/719_737/000012.jpg,719.0,719|737,719_737,test,source_video_disjoint_v1,0.96209896,FF++,FF++ FaceSwap,,9.64817,45.513035
faceforensics/FaceSwap/468_470/000018.jpg,1,468,FaceSwap,FaceForensics++,faceforensics/FaceSwap/468_470/000018.jpg,468.0,468|470,468_470,test,source_video_disjoint_v1,0.99765235,FF++,FF++ FaceSwap,,17.242123,23.567106
faceforensics/FaceSwap/246_258/000026.jpg,1,246,FaceSwap,FaceForensics++,faceforensics/FaceSwap/246_258/000026.jpg,246.0,246|258,246_258,test,source_video_disjoint_v1,0.99995863,FF++,FF++ FaceSwap,,38.11889,7.0281076
faceforensics/FaceSwap/835_651/000028.jpg,1,835,FaceSwap,FaceForensics++,faceforensics/FaceSwap/835_651/000028.jpg,835.0,835|651,835_651,test,source_video_disjoint_v1,0.99987125,FF++,FF++ FaceSwap,,16.173681,-17.377142
faceforensics/FaceSwap/651_835/000012.jpg,1,651,FaceSwap,FaceForensics++,faceforensics/FaceSwap/651_835/000012.jpg,651.0,651|835,651_835,test,source_video_disjoint_v1,0.036285065,FF++,FF++ FaceSwap,,-4.7824607,-29.55914
faceforensics/FaceSwap/737_719/000016.jpg,1,737,FaceSwap,FaceForensics++,faceforensics/FaceSwap/737_719/000016.jpg,737.0,737|719,737_719,test,source_video_disjoint_v1,0.0028503323,FF++,FF++ FaceSwap,,-27.445255,22.74258
faceforensics/FaceSwap/258_246/000002.jpg,1,258,FaceSwap,FaceForensics++,faceforensics/FaceSwap/258_246/000002.jpg,258.0,258|246,258_246,test,source_video_disjoint_v1,0.97795606,FF++,FF++ FaceSwap,,16.469337,-32.841026
faceforensics/FaceSwap/246_258/000000.jpg,1,246,FaceSwap,FaceForensics++,faceforensics/FaceSwap/246_258/000000.jpg,246.0,246|258,246_258,test,source_video_disjoint_v1,0.9999274,FF++,FF++ FaceSwap,,38.010414,7.4984856
faceforensics/FaceSwap/468_470/000017.jpg,1,468,FaceSwap,FaceForensics++,faceforensics/FaceSwap/468_470/000017.jpg,468.0,468|470,468_470,test,source_video_disjoint_v1,0.9392556,FF++,FF++ FaceSwap,,15.428264,24.362112
faceforensics/FaceSwap/470_468/000010.jpg,1,470,FaceSwap,FaceForensics++,faceforensics/FaceSwap/470_468/000010.jpg,470.0,470|468,470_468,test,source_video_disjoint_v1,0.090440966,FF++,FF++ FaceSwap,,27.158873,39.433235
faceforensics/FaceSwap/651_835/000024.jpg,1,651,FaceSwap,FaceForensics++,faceforensics/FaceSwap/651_835/000024.jpg,651.0,651|835,651_835,test,source_video_disjoint_v1,0.05622445,FF++,FF++ FaceSwap,,-4.8390164,-29.593948
faceforensics/FaceSwap/719_737/000023.jpg,1,719,FaceSwap,FaceForensics++,faceforensics/FaceSwap/719_737/000023.jpg,719.0,719|737,719_737,test,source_video_disjoint_v1,0.2110978,FF++,FF++ FaceSwap,,7.827867,45.17079
faceforensics/FaceSwap/835_651/000024.jpg,1,835,FaceSwap,FaceForensics++,faceforensics/FaceSwap/835_651/000024.jpg,835.0,835|651,835_651,test,source_video_disjoint_v1,0.11137507,FF++,FF++ FaceSwap,,10.0399885,-15.943441
faceforensics/FaceSwap/737_719/000000.jpg,1,737,FaceSwap,FaceForensics++,faceforensics/FaceSwap/737_719/000000.jpg,737.0,737|719,737_719,test,source_video_disjoint_v1,0.66177505,FF++,FF++ FaceSwap,,-28.06211,26.318653
faceforensics/FaceSwap/258_246/000014.jpg,1,258,FaceSwap,FaceForensics++,faceforensics/FaceSwap/258_246/000014.jpg,258.0,258|246,258_246,test,source_video_disjoint_v1,0.9814736,FF++,FF++ FaceSwap,,16.74554,-32.74635
faceforensics/FaceSwap/246_258/000002.jpg,1,246,FaceSwap,FaceForensics++,faceforensics/FaceSwap/246_258/000002.jpg,246.0,246|258,246_258,test,source_video_disjoint_v1,0.9999658,FF++,FF++ FaceSwap,,37.637997,7.1480436
faceforensics/FaceSwap/470_468/000029.jpg,1,470,FaceSwap,FaceForensics++,faceforensics/FaceSwap/470_468/000029.jpg,470.0,470|468,470_468,test,source_video_disjoint_v1,0.07902446,FF++,FF++ FaceSwap,,26.38004,38.895073
faceforensics/FaceSwap/468_470/000025.jpg,1,468,FaceSwap,FaceForensics++,faceforensics/FaceSwap/468_470/000025.jpg,468.0,468|470,468_470,test,source_video_disjoint_v1,0.99981076,FF++,FF++ FaceSwap,,18.155306,23.420876
faceforensics/FaceSwap/719_737/000017.jpg,1,719,FaceSwap,FaceForensics++,faceforensics/FaceSwap/719_737/000017.jpg,719.0,719|737,719_737,test,source_video_disjoint_v1,0.96107614,FF++,FF++ FaceSwap,,9.151897,45.79953
faceforensics/FaceSwap/651_835/000020.jpg,1,651,FaceSwap,FaceForensics++,faceforensics/FaceSwap/651_835/000020.jpg,651.0,651|835,651_835,test,source_video_disjoint_v1,0.26663533,FF++,FF++ FaceSwap,,0.1208258,-32.284237
faceforensics/FaceSwap/835_651/000006.jpg,1,835,FaceSwap,FaceForensics++,faceforensics/FaceSwap/835_651/000006.jpg,835.0,835|651,835_651,test,source_video_disjoint_v1,0.9999839,FF++,FF++ FaceSwap,,16.544842,-17.26954
faceforensics/FaceSwap/737_719/000003.jpg,1,737,FaceSwap,FaceForensics++,faceforensics/FaceSwap/737_719/000003.jpg,737.0,737|719,737_719,test,source_video_disjoint_v1,0.0034649854,FF++,FF++ FaceSwap,,-25.854654,23.757458
faceforensics/FaceSwap/258_246/000010.jpg,1,258,FaceSwap,FaceForensics++,faceforensics/FaceSwap/258_246/000010.jpg,258.0,258|246,258_246,test,source_video_disjoint_v1,0.99259806,FF++,FF++ FaceSwap,,16.726957,-33.17318
faceforensics/FaceSwap/470_468/000000.jpg,1,470,FaceSwap,FaceForensics++,faceforensics/FaceSwap/470_468/000000.jpg,470.0,470|468,470_468,test,source_video_disjoint_v1,0.9998629,FF++,FF++ FaceSwap,,17.759083,43.36371
faceforensics/FaceSwap/719_737/000008.jpg,1,719,FaceSwap,FaceForensics++,faceforensics/FaceSwap/719_737/000008.jpg,719.0,719|737,719_737,test,source_video_disjoint_v1,0.95360494,FF++,FF++ FaceSwap,,9.222048,45.18721
faceforensics/FaceSwap/468_470/000001.jpg,1,468,FaceSwap,FaceForensics++,faceforensics/FaceSwap/468_470/000001.jpg,468.0,468|470,468_470,test,source_video_disjoint_v1,0.99962354,FF++,FF++ FaceSwap,,17.97472,23.664345
faceforensics/FaceSwap/246_258/000022.jpg,1,246,FaceSwap,FaceForensics++,faceforensics/FaceSwap/246_258/000022.jpg,246.0,246|258,246_258,test,source_video_disjoint_v1,0.9957695,FF++,FF++ FaceSwap,,37.056877,5.310874
faceforensics/FaceSwap/651_835/000027.jpg,1,651,FaceSwap,FaceForensics++,faceforensics/FaceSwap/651_835/000027.jpg,651.0,651|835,651_835,test,source_video_disjoint_v1,0.70122355,FF++,FF++ FaceSwap,,0.4022595,-32.68567
faceforensics/FaceSwap/737_719/000017.jpg,1,737,FaceSwap,FaceForensics++,faceforensics/FaceSwap/737_719/000017.jpg,737.0,737|719,737_719,test,source_video_disjoint_v1,0.08007619,FF++,FF++ FaceSwap,,-27.455557,24.772444
faceforensics/FaceSwap/258_246/000009.jpg,1,258,FaceSwap,FaceForensics++,faceforensics/FaceSwap/258_246/000009.jpg,258.0,258|246,258_246,test,source_video_disjoint_v1,0.86474395,FF++,FF++ FaceSwap,,14.4193,-32.730846
faceforensics/FaceSwap/835_651/000016.jpg,1,835,FaceSwap,FaceForensics++,faceforensics/FaceSwap/835_651/000016.jpg,835.0,835|651,835_651,test,source_video_disjoint_v1,0.6652851,FF++,FF++ FaceSwap,,10.720758,-15.3487835
faceforensics/FaceSwap/470_468/000008.jpg,1,470,FaceSwap,FaceForensics++,faceforensics/FaceSwap/470_468/000008.jpg,470.0,470|468,470_468,test,source_video_disjoint_v1,0.99995744,FF++,FF++ FaceSwap,,17.5858,43.211967
faceforensics/FaceSwap/719_737/000005.jpg,1,719,FaceSwap,FaceForensics++,faceforensics/FaceSwap/719_737/000005.jpg,719.0,719|737,719_737,test,source_video_disjoint_v1,0.9994962,FF++,FF++ FaceSwap,,10.662272,46.863712
faceforensics/FaceSwap/246_258/000011.jpg,1,246,FaceSwap,FaceForensics++,faceforensics/FaceSwap/246_258/000011.jpg,246.0,246|258,246_258,test,source_video_disjoint_v1,0.8734793,FF++,FF++ FaceSwap,,33.61635,-0.97764844
faceforensics/FaceSwap/651_835/000002.jpg,1,651,FaceSwap,FaceForensics++,faceforensics/FaceSwap/651_835/000002.jpg,651.0,651|835,651_835,test,source_video_disjoint_v1,0.9995315,FF++,FF++ FaceSwap,,5.836882,-36.879227
faceforensics/FaceSwap/468_470/000002.jpg,1,468,FaceSwap,FaceForensics++,faceforensics/FaceSwap/468_470/000002.jpg,468.0,468|470,468_470,test,source_video_disjoint_v1,0.1303727,FF++,FF++ FaceSwap,,12.688039,24.66712
faceforensics/FaceSwap/737_719/000020.jpg,1,737,FaceSwap,FaceForensics++,faceforensics/FaceSwap/737_719/000020.jpg,737.0,737|719,737_719,test,source_video_disjoint_v1,0.0032355508,FF++,FF++ FaceSwap,,-26.387892,23.66245
faceforensics/FaceSwap/258_246/000017.jpg,1,258,FaceSwap,FaceForensics++,faceforensics/FaceSwap/258_246/000017.jpg,258.0,258|246,258_246,test,source_video_disjoint_v1,0.9997286,FF++,FF++ FaceSwap,,20.218931,-35.70926
faceforensics/FaceSwap/835_651/000007.jpg,1,835,FaceSwap,FaceForensics++,faceforensics/FaceSwap/835_651/000007.jpg,835.0,835|651,835_651,test,source_video_disjoint_v1,0.9999366,FF++,FF++ FaceSwap,,16.300793,-16.910246
faceforensics/FaceSwap/470_468/000028.jpg,1,470,FaceSwap,FaceForensics++,faceforensics/FaceSwap/470_468/000028.jpg,470.0,470|468,470_468,test,source_video_disjoint_v1,0.9979381,FF++,FF++ FaceSwap,,19.202385,42.509525
faceforensics/FaceSwap/246_258/000027.jpg,1,246,FaceSwap,FaceForensics++,faceforensics/FaceSwap/246_258/000027.jpg,246.0,246|258,246_258,test,source_video_disjoint_v1,0.99998534,FF++,FF++ FaceSwap,,37.806683,7.5753365
faceforensics/FaceSwap/651_835/000018.jpg,1,651,FaceSwap,FaceForensics++,faceforensics/FaceSwap/651_835/000018.jpg,651.0,651|835,651_835,test,source_video_disjoint_v1,0.9930091,FF++,FF++ FaceSwap,,4.992689,-36.40581
faceforensics/FaceSwap/719_737/000020.jpg,1,719,FaceSwap,FaceForensics++,faceforensics/FaceSwap/719_737/000020.jpg,719.0,719|737,719_737,test,source_video_disjoint_v1,0.9989667,FF++,FF++ FaceSwap,,10.915126,45.543327
faceforensics/FaceSwap/468_470/000010.jpg,1,468,FaceSwap,FaceForensics++,faceforensics/FaceSwap/468_470/000010.jpg,468.0,468|470,468_470,test,source_video_disjoint_v1,0.67551744,FF++,FF++ FaceSwap,,14.20161,25.47573
faceforensics/FaceSwap/737_719/000001.jpg,1,737,FaceSwap,FaceForensics++,faceforensics/FaceSwap/737_719/000001.jpg,737.0,737|719,737_719,test,source_video_disjoint_v1,0.6527346,FF++,FF++ FaceSwap,,-28.190266,26.449524
faceforensics/FaceSwap/258_246/000013.jpg,1,258,FaceSwap,FaceForensics++,faceforensics/FaceSwap/258_246/000013.jpg,258.0,258|246,258_246,test,source_video_disjoint_v1,0.2125903,FF++,FF++ FaceSwap,,12.759484,-32.929436
faceforensics/FaceSwap/835_651/000012.jpg,1,835,FaceSwap,FaceForensics++,faceforensics/FaceSwap/835_651/000012.jpg,835.0,835|651,835_651,test,source_video_disjoint_v1,0.9995022,FF++,FF++ FaceSwap,,15.626078,-17.182663
faceforensics/FaceSwap/246_258/000004.jpg,1,246,FaceSwap,FaceForensics++,faceforensics/FaceSwap/246_258/000004.jpg,246.0,246|258,246_258,test,source_video_disjoint_v1,0.99977094,FF++,FF++ FaceSwap,,37.076748,7.2351885
faceforensics/FaceSwap/651_835/000015.jpg,1,651,FaceSwap,FaceForensics++,faceforensics/FaceSwap/651_835/000015.jpg,651.0,651|835,651_835,test,source_video_disjoint_v1,0.9959157,FF++,FF++ FaceSwap,,5.2449927,-36.298355
faceforensics/FaceSwap/468_470/000004.jpg,1,468,FaceSwap,FaceForensics++,faceforensics/FaceSwap/468_470/000004.jpg,468.0,468|470,468_470,test,source_video_disjoint_v1,0.26421484,FF++,FF++ FaceSwap,,13.638226,24.856361
faceforensics/FaceSwap/719_737/000004.jpg,1,719,FaceSwap,FaceForensics++,faceforensics/FaceSwap/719_737/000004.jpg,719.0,719|737,719_737,test,source_video_disjoint_v1,0.941109,FF++,FF++ FaceSwap,,9.179691,46.607307
faceforensics/FaceSwap/470_468/000004.jpg,1,470,FaceSwap,FaceForensics++,faceforensics/FaceSwap/470_468/000004.jpg,470.0,470|468,470_468,test,source_video_disjoint_v1,0.9481041,FF++,FF++ FaceSwap,,19.967249,42.47105
faceforensics/FaceSwap/258_246/000023.jpg,1,258,FaceSwap,FaceForensics++,faceforensics/FaceSwap/258_246/000023.jpg,258.0,258|246,258_246,test,source_video_disjoint_v1,0.49647298,FF++,FF++ FaceSwap,,13.677639,-32.439175
faceforensics/FaceSwap/737_719/000004.jpg,1,737,FaceSwap,FaceForensics++,faceforensics/FaceSwap/737_719/000004.jpg,737.0,737|719,737_719,test,source_video_disjoint_v1,0.6628802,FF++,FF++ FaceSwap,,-26.380579,26.040525
faceforensics/FaceSwap/835_651/000003.jpg,1,835,FaceSwap,FaceForensics++,faceforensics/FaceSwap/835_651/000003.jpg,835.0,835|651,835_651,test,source_video_disjoint_v1,0.9972953,FF++,FF++ FaceSwap,,14.978895,-16.726643
faceforensics/FaceSwap/651_835/000008.jpg,1,651,FaceSwap,FaceForensics++,faceforensics/FaceSwap/651_835/000008.jpg,651.0,651|835,651_835,test,source_video_disjoint_v1,0.9999573,FF++,FF++ FaceSwap,,6.3632317,-37.757576
faceforensics/FaceSwap/246_258/000023.jpg,1,246,FaceSwap,FaceForensics++,faceforensics/FaceSwap/246_258/000023.jpg,246.0,246|258,246_258,test,source_video_disjoint_v1,0.9975285,FF++,FF++ FaceSwap,,37.573906,5.923259
faceforensics/FaceSwap/719_737/000028.jpg,1,719,FaceSwap,FaceForensics++,faceforensics/FaceSwap/719_737/000028.jpg,719.0,719|737,719_737,test,source_video_disjoint_v1,0.9981035,FF++,FF++ FaceSwap,,10.68634,45.93988
faceforensics/FaceSwap/468_470/000021.jpg,1,468,FaceSwap,FaceForensics++,faceforensics/FaceSwap/468_470/000021.jpg,468.0,468|470,468_470,test,source_video_disjoint_v1,0.99999595,FF++,FF++ FaceSwap,,18.643972,22.122784
faceforensics/FaceSwap/470_468/000015.jpg,1,470,FaceSwap,FaceForensics++,faceforensics/FaceSwap/470_468/000015.jpg,470.0,470|468,470_468,test,source_video_disjoint_v1,0.999803,FF++,FF++ FaceSwap,,18.066624,43.484383
faceforensics/FaceSwap/258_246/000019.jpg,1,258,FaceSwap,FaceForensics++,faceforensics/FaceSwap/258_246/000019.jpg,258.0,258|246,258_246,test,source_video_disjoint_v1,0.9662396,FF++,FF++ FaceSwap,,15.69302,-33.078682
faceforensics/FaceSwap/835_651/000008.jpg,1,835,FaceSwap,FaceForensics++,faceforensics/FaceSwap/835_651/000008.jpg,835.0,835|651,835_651,test,source_video_disjoint_v1,0.90063965,FF++,FF++ FaceSwap,,11.978178,-16.100346
faceforensics/FaceSwap/737_719/000025.jpg,1,737,FaceSwap,FaceForensics++,faceforensics/FaceSwap/737_719/000025.jpg,737.0,737|719,737_719,test,source_video_disjoint_v1,0.38593864,FF++,FF++ FaceSwap,,-27.835062,25.892485
faceforensics/FaceSwap/651_835/000003.jpg,1,651,FaceSwap,FaceForensics++,faceforensics/FaceSwap/651_835/000003.jpg,651.0,651|835,651_835,test,source_video_disjoint_v1,0.9941877,FF++,FF++ FaceSwap,,5.6465354,-35.937798
faceforensics/FaceSwap/246_258/000003.jpg,1,246,FaceSwap,FaceForensics++,faceforensics/FaceSwap/246_258/000003.jpg,246.0,246|258,246_258,test,source_video_disjoint_v1,0.91938907,FF++,FF++ FaceSwap,,36.162857,4.5905313
faceforensics/FaceSwap/719_737/000013.jpg,1,719,FaceSwap,FaceForensics++,faceforensics/FaceSwap/719_737/000013.jpg,719.0,719|737,719_737,test,source_video_disjoint_v1,0.9930507,FF++,FF++ FaceSwap,,10.122203,45.859768
faceforensics/FaceSwap/468_470/000020.jpg,1,468,FaceSwap,FaceForensics++,faceforensics/FaceSwap/468_470/000020.jpg,468.0,468|470,468_470,test,source_video_disjoint_v1,0.87711954,FF++,FF++ FaceSwap,,14.590132,24.31497
faceforensics/FaceSwap/258_246/000004.jpg,1,258,FaceSwap,FaceForensics++,faceforensics/FaceSwap/258_246/000004.jpg,258.0,258|246,258_246,test,source_video_disjoint_v1,0.9849668,FF++,FF++ FaceSwap,,15.750062,-33.328053
faceforensics/FaceSwap/470_468/000020.jpg,1,470,FaceSwap,FaceForensics++,faceforensics/FaceSwap/470_468/000020.jpg,470.0,470|468,470_468,test,source_video_disjoint_v1,0.95706505,FF++,FF++ FaceSwap,,19.88605,42.32821
faceforensics/FaceSwap/835_651/000019.jpg,1,835,FaceSwap,FaceForensics++,faceforensics/FaceSwap/835_651/000019.jpg,835.0,835|651,835_651,test,source_video_disjoint_v1,0.0032547708,FF++,FF++ FaceSwap,,-6.559422,-20.213388
faceforensics/FaceSwap/737_719/000015.jpg,1,737,FaceSwap,FaceForensics++,faceforensics/FaceSwap/737_719/000015.jpg,737.0,737|719,737_719,test,source_video_disjoint_v1,0.0018034617,FF++,FF++ FaceSwap,,-25.856384,23.50886
faceforensics/FaceSwap/651_835/000025.jpg,1,651,FaceSwap,FaceForensics++,faceforensics/FaceSwap/651_835/000025.jpg,651.0,651|835,651_835,test,source_video_disjoint_v1,0.9115413,FF++,FF++ FaceSwap,,0.82109857,-33.50513
faceforensics/FaceSwap/246_258/000007.jpg,1,246,FaceSwap,FaceForensics++,faceforensics/FaceSwap/246_258/000007.jpg,246.0,246|258,246_258,test,source_video_disjoint_v1,0.999673,FF++,FF++ FaceSwap,,36.837418,7.5204296
faceforensics/FaceSwap/719_737/000021.jpg,1,719,FaceSwap,FaceForensics++,faceforensics/FaceSwap/719_737/000021.jpg,719.0,719|737,719_737,test,source_video_disjoint_v1,0.99477357,FF++,FF++ FaceSwap,,10.294431,45.231224
faceforensics/FaceSwap/470_468/000001.jpg,1,470,FaceSwap,FaceForensics++,faceforensics/FaceSwap/470_468/000001.jpg,470.0,470|468,470_468,test,source_video_disjoint_v1,0.999033,FF++,FF++ FaceSwap,,18.853676,42.634647
faceforensics/FaceSwap/468_470/000023.jpg,1,468,FaceSwap,FaceForensics++,faceforensics/FaceSwap/468_470/000023.jpg,468.0,468|470,468_470,test,source_video_disjoint_v1,0.1179852,FF++,FF++ FaceSwap,,12.946563,24.945477
faceforensics/FaceSwap/258_246/000029.jpg,1,258,FaceSwap,FaceForensics++,faceforensics/FaceSwap/258_246/000029.jpg,258.0,258|246,258_246,test,source_video_disjoint_v1,0.9990127,FF++,FF++ FaceSwap,,19.17991,-34.724075
faceforensics/FaceSwap/835_651/000010.jpg,1,835,FaceSwap,FaceForensics++,faceforensics/FaceSwap/835_651/000010.jpg,835.0,835|651,835_651,test,source_video_disjoint_v1,0.9997279,FF++,FF++ FaceSwap,,15.9383135,-16.605427
faceforensics/FaceSwap/737_719/000018.jpg,1,737,FaceSwap,FaceForensics++,faceforensics/FaceSwap/737_719/000018.jpg,737.0,737|719,737_719,test,source_video_disjoint_v1,0.037530817,FF++,FF++ FaceSwap,,-27.528532,24.444052
faceforensics/FaceSwap/651_835/000013.jpg,1,651,FaceSwap,FaceForensics++,faceforensics/FaceSwap/651_835/000013.jpg,651.0,651|835,651_835,test,source_video_disjoint_v1,0.9998611,FF++,FF++ FaceSwap,,6.928426,-36.84064
faceforensics/FaceSwap/468_470/000029.jpg,1,468,FaceSwap,FaceForensics++,faceforensics/FaceSwap/468_470/000029.jpg,468.0,468|470,468_470,test,source_video_disjoint_v1,0.9942861,FF++,FF++ FaceSwap,,17.13336,23.704515
faceforensics/FaceSwap/246_258/000008.jpg,1,246,FaceSwap,FaceForensics++,faceforensics/FaceSwap/246_258/000008.jpg,246.0,246|258,246_258,test,source_video_disjoint_v1,0.9999738,FF++,FF++ FaceSwap,,37.39556,7.787336
faceforensics/FaceSwap/719_737/000016.jpg,1,719,FaceSwap,FaceForensics++,faceforensics/FaceSwap/719_737/000016.jpg,719.0,719|737,719_737,test,source_video_disjoint_v1,0.9974745,FF++,FF++ FaceSwap,,10.765618,45.38593
faceforensics/FaceSwap/258_246/000024.jpg,1,258,FaceSwap,FaceForensics++,faceforensics/FaceSwap/258_246/000024.jpg,258.0,258|246,258_246,test,source_video_disjoint_v1,0.84899884,FF++,FF++ FaceSwap,,14.89516,-32.593567
faceforensics/FaceSwap/470_468/000017.jpg,1,470,FaceSwap,FaceForensics++,faceforensics/FaceSwap/470_468/000017.jpg,470.0,470|468,470_468,test,source_video_disjoint_v1,0.025051758,FF++,FF++ FaceSwap,,26.528027,38.724407
faceforensics/FaceSwap/737_719/000019.jpg,1,737,FaceSwap,FaceForensics++,faceforensics/FaceSwap/737_719/000019.jpg,737.0,737|719,737_719,test,source_video_disjoint_v1,0.07694255,FF++,FF++ FaceSwap,,-27.50265,24.988836
faceforensics/FaceSwap/835_651/000026.jpg,1,835,FaceSwap,FaceForensics++,faceforensics/FaceSwap/835_651/000026.jpg,835.0,835|651,835_651,test,source_video_disjoint_v1,0.9992237,FF++,FF++ FaceSwap,,15.363554,-17.554283
faceforensics/FaceSwap/246_258/000013.jpg,1,246,FaceSwap,FaceForensics++,faceforensics/FaceSwap/246_258/000013.jpg,246.0,246|258,246_258,test,source_video_disjoint_v1,0.96532536,FF++,FF++ FaceSwap,,36.422905,5.112344
faceforensics/FaceSwap/651_835/000011.jpg,1,651,FaceSwap,FaceForensics++,faceforensics/FaceSwap/651_835/000011.jpg,651.0,651|835,651_835,test,source_video_disjoint_v1,0.9981294,FF++,FF++ FaceSwap,,4.969749,-36.71202
faceforensics/FaceSwap/468_470/000012.jpg,1,468,FaceSwap,FaceForensics++,faceforensics/FaceSwap/468_470/000012.jpg,468.0,468|470,468_470,test,source_video_disjoint_v1,0.9981635,FF++,FF++ FaceSwap,,17.549845,24.211897
faceforensics/FaceSwap/258_246/000020.jpg,1,258,FaceSwap,FaceForensics++,faceforensics/FaceSwap/258_246/000020.jpg,258.0,258|246,258_246,test,source_video_disjoint_v1,0.96459275,FF++,FF++ FaceSwap,,15.854893,-32.986057
faceforensics/FaceSwap/719_737/000024.jpg,1,719,FaceSwap,FaceForensics++,faceforensics/FaceSwap/719_737/000024.jpg,719.0,719|737,719_737,test,source_video_disjoint_v1,0.9913924,FF++,FF++ FaceSwap,,9.932308,45.56756
faceforensics/FaceSwap/737_719/000009.jpg,1,737,FaceSwap,FaceForensics++,faceforensics/FaceSwap/737_719/000009.jpg,737.0,737|719,737_719,test,source_video_disjoint_v1,0.0216739,FF++,FF++ FaceSwap,,-26.077139,25.052559
faceforensics/FaceSwap/835_651/000001.jpg,1,835,FaceSwap,FaceForensics++,faceforensics/FaceSwap/835_651/000001.jpg,835.0,835|651,835_651,test,source_video_disjoint_v1,0.9949768,FF++,FF++ FaceSwap,,14.85352,-16.446753
faceforensics/FaceSwap/470_468/000013.jpg,1,470,FaceSwap,FaceForensics++,faceforensics/FaceSwap/470_468/000013.jpg,470.0,470|468,470_468,test,source_video_disjoint_v1,0.9970277,FF++,FF++ FaceSwap,,19.487131,42.80498
faceforensics/FaceSwap/246_258/000017.jpg,1,246,FaceSwap,FaceForensics++,faceforensics/FaceSwap/246_258/000017.jpg,246.0,246|258,246_258,test,source_video_disjoint_v1,0.99996877,FF++,FF++ FaceSwap,,37.455837,7.9788203
faceforensics/FaceSwap/651_835/000014.jpg,1,651,FaceSwap,FaceForensics++,faceforensics/FaceSwap/651_835/000014.jpg,651.0,651|835,651_835,test,source_video_disjoint_v1,0.9916067,FF++,FF++ FaceSwap,,-0.88699216,-36.500637
faceforensics/FaceSwap/468_470/000003.jpg,1,468,FaceSwap,FaceForensics++,faceforensics/FaceSwap/468_470/000003.jpg,468.0,468|470,468_470,test,source_video_disjoint_v1,0.6733001,FF++,FF++ FaceSwap,,14.263911,25.56722
faceforensics/FaceSwap/719_737/000019.jpg,1,719,FaceSwap,FaceForensics++,faceforensics/FaceSwap/719_737/000019.jpg,719.0,719|737,719_737,test,source_video_disjoint_v1,0.9022473,FF++,FF++ FaceSwap,,8.8307705,45.11043
faceforensics/FaceSwap/258_246/000028.jpg,1,258,FaceSwap,FaceForensics++,faceforensics/FaceSwap/258_246/000028.jpg,258.0,258|246,258_246,test,source_video_disjoint_v1,0.99468863,FF++,FF++ FaceSwap,,16.252853,-33.396584
faceforensics/FaceSwap/737_719/000023.jpg,1,737,FaceSwap,FaceForensics++,faceforensics/FaceSwap/737_719/000023.jpg,737.0,737|719,737_719,test,source_video_disjoint_v1,0.008986332,FF++,FF++ FaceSwap,,-26.00799,24.125975
faceforensics/FaceSwap/835_651/000022.jpg,1,835,FaceSwap,FaceForensics++,faceforensics/FaceSwap/835_651/000022.jpg,835.0,835|651,835_651,test,source_video_disjoint_v1,0.9985153,FF++,FF++ FaceSwap,,15.181522,-17.240088
faceforensics/FaceSwap/470_468/000009.jpg,1,470,FaceSwap,FaceForensics++,faceforensics/FaceSwap/470_468/000009.jpg,470.0,470|468,470_468,test,source_video_disjoint_v1,0.9997942,FF++,FF++ FaceSwap,,18.051664,42.958515
faceforensics/FaceSwap/258_246/000018.jpg,1,258,FaceSwap,FaceForensics++,faceforensics/FaceSwap/258_246/000018.jpg,258.0,258|246,258_246,test,source_video_disjoint_v1,0.9691291,FF++,FF++ FaceSwap,,15.34847,-33.21305
faceforensics/FaceSwap/468_470/000028.jpg,1,468,FaceSwap,FaceForensics++,faceforensics/FaceSwap/468_470/000028.jpg,468.0,468|470,468_470,test,source_video_disjoint_v1,0.13119084,FF++,FF++ FaceSwap,,12.072105,24.663582
faceforensics/FaceSwap/246_258/000021.jpg,1,246,FaceSwap,FaceForensics++,faceforensics/FaceSwap/246_258/000021.jpg,246.0,246|258,246_258,test,source_video_disjoint_v1,0.9976526,FF++,FF++ FaceSwap,,36.99591,5.728456
faceforensics/FaceSwap/719_737/000010.jpg,1,719,FaceSwap,FaceForensics++,faceforensics/FaceSwap/719_737/000010.jpg,719.0,719|737,719_737,test,source_video_disjoint_v1,0.999858,FF++,FF++ FaceSwap,,11.40386,45.647774
faceforensics/FaceSwap/737_719/000007.jpg,1,737,FaceSwap,FaceForensics++,faceforensics/FaceSwap/737_719/000007.jpg,737.0,737|719,737_719,test,source_video_disjoint_v1,0.0003537177,FF++,FF++ FaceSwap,,-26.121038,22.586899
faceforensics/FaceSwap/651_835/000009.jpg,1,651,FaceSwap,FaceForensics++,faceforensics/FaceSwap/651_835/000009.jpg,651.0,651|835,651_835,test,source_video_disjoint_v1,0.9998863,FF++,FF++ FaceSwap,,6.194227,-37.255554
faceforensics/FaceSwap/835_651/000015.jpg,1,835,FaceSwap,FaceForensics++,faceforensics/FaceSwap/835_651/000015.jpg,835.0,835|651,835_651,test,source_video_disjoint_v1,0.8377831,FF++,FF++ FaceSwap,,11.166695,-15.7842455
faceforensics/FaceSwap/470_468/000026.jpg,1,470,FaceSwap,FaceForensics++,faceforensics/FaceSwap/470_468/000026.jpg,470.0,470|468,470_468,test,source_video_disjoint_v1,0.999853,FF++,FF++ FaceSwap,,18.441147,43.02735
faceforensics/FaceSwap/258_246/000027.jpg,1,258,FaceSwap,FaceForensics++,faceforensics/FaceSwap/258_246/000027.jpg,258.0,258|246,258_246,test,source_video_disjoint_v1,0.9980546,FF++,FF++ FaceSwap,,16.627869,-33.942955
faceforensics/FaceSwap/737_719/000011.jpg,1,737,FaceSwap,FaceForensics++,faceforensics/FaceSwap/737_719/000011.jpg,737.0,737|719,737_719,test,source_video_disjoint_v1,0.0016748273,FF++,FF++ FaceSwap,,-27.134033,22.876095
faceforensics/FaceSwap/719_737/000007.jpg,1,719,FaceSwap,FaceForensics++,faceforensics/FaceSwap/719_737/000007.jpg,719.0,719|737,719_737,test,source_video_disjoint_v1,0.9494938,FF++,FF++ FaceSwap,,9.080711,46.110172
faceforensics/FaceSwap/246_258/000001.jpg,1,246,FaceSwap,FaceForensics++,faceforensics/FaceSwap/246_258/000001.jpg,246.0,246|258,246_258,test,source_video_disjoint_v1,0.9991283,FF++,FF++ FaceSwap,,37.523228,6.3988748
faceforensics/FaceSwap/651_835/000029.jpg,1,651,FaceSwap,FaceForensics++,faceforensics/FaceSwap/651_835/000029.jpg,651.0,651|835,651_835,test,source_video_disjoint_v1,0.9983198,FF++,FF++ FaceSwap,,-1.3725469,-37.25166
faceforensics/FaceSwap/468_470/000027.jpg,1,468,FaceSwap,FaceForensics++,faceforensics/FaceSwap/468_470/000027.jpg,468.0,468|470,468_470,test,source_video_disjoint_v1,0.99931383,FF++,FF++ FaceSwap,,17.899027,23.776066
faceforensics/FaceSwap/835_651/000004.jpg,1,835,FaceSwap,FaceForensics++,faceforensics/FaceSwap/835_651/000004.jpg,835.0,835|651,835_651,test,source_video_disjoint_v1,0.9981375,FF++,FF++ FaceSwap,,15.173263,-16.64029
faceforensics/FaceSwap/470_468/000016.jpg,1,470,FaceSwap,FaceForensics++,faceforensics/FaceSwap/470_468/000016.jpg,470.0,470|468,470_468,test,source_video_disjoint_v1,0.9989893,FF++,FF++ FaceSwap,,18.930511,43.403694
faceforensics/FaceSwap/258_246/000007.jpg,1,258,FaceSwap,FaceForensics++,faceforensics/FaceSwap/258_246/000007.jpg,258.0,258|246,258_246,test,source_video_disjoint_v1,0.93399405,FF++,FF++ FaceSwap,,15.111699,-33.323456
faceforensics/FaceSwap/651_835/000010.jpg,1,651,FaceSwap,FaceForensics++,faceforensics/FaceSwap/651_835/000010.jpg,651.0,651|835,651_835,test,source_video_disjoint_v1,0.99965954,FF++,FF++ FaceSwap,,5.927701,-37.19842
faceforensics/FaceSwap/719_737/000001.jpg,1,719,FaceSwap,FaceForensics++,faceforensics/FaceSwap/719_737/000001.jpg,719.0,719|737,719_737,test,source_video_disjoint_v1,0.958567,FF++,FF++ FaceSwap,,9.407223,45.122913
faceforensics/FaceSwap/737_719/000022.jpg,1,737,FaceSwap,FaceForensics++,faceforensics/FaceSwap/737_719/000022.jpg,737.0,737|719,737_719,test,source_video_disjoint_v1,0.10884496,FF++,FF++ FaceSwap,,-26.541546,25.27235
faceforensics/FaceSwap/468_470/000014.jpg,1,468,FaceSwap,FaceForensics++,faceforensics/FaceSwap/468_470/000014.jpg,468.0,468|470,468_470,test,source_video_disjoint_v1,0.9999299,FF++,FF++ FaceSwap,,18.379784,22.732048
faceforensics/FaceSwap/835_651/000000.jpg,1,835,FaceSwap,FaceForensics++,faceforensics/FaceSwap/835_651/000000.jpg,835.0,835|651,835_651,test,source_video_disjoint_v1,0.9981325,FF++,FF++ FaceSwap,,15.152516,-16.664417
faceforensics/FaceSwap/246_258/000020.jpg,1,246,FaceSwap,FaceForensics++,faceforensics/FaceSwap/246_258/000020.jpg,246.0,246|258,246_258,test,source_video_disjoint_v1,0.9815776,FF++,FF++ FaceSwap,,36.451366,5.480989
faceforensics/FaceSwap/470_468/000002.jpg,1,470,FaceSwap,FaceForensics++,faceforensics/FaceSwap/470_468/000002.jpg,470.0,470|468,470_468,test,source_video_disjoint_v1,0.9909629,FF++,FF++ FaceSwap,,19.539083,42.597996
faceforensics/FaceSwap/258_246/000022.jpg,1,258,FaceSwap,FaceForensics++,faceforensics/FaceSwap/258_246/000022.jpg,258.0,258|246,258_246,test,source_video_disjoint_v1,0.91847223,FF++,FF++ FaceSwap,,14.579472,-32.833076
faceforensics/FaceSwap/651_835/000001.jpg,1,651,FaceSwap,FaceForensics++,faceforensics/FaceSwap/651_835/000001.jpg,651.0,651|835,651_835,test,source_video_disjoint_v1,0.33527705,FF++,FF++ FaceSwap,,-0.28568116,-32.415794
faceforensics/FaceSwap/835_651/000029.jpg,1,835,FaceSwap,FaceForensics++,faceforensics/FaceSwap/835_651/000029.jpg,835.0,835|651,835_651,test,source_video_disjoint_v1,0.44315833,FF++,FF++ FaceSwap,,10.322889,-14.730707
faceforensics/FaceSwap/737_719/000008.jpg,1,737,FaceSwap,FaceForensics++,faceforensics/FaceSwap/737_719/000008.jpg,737.0,737|719,737_719,test,source_video_disjoint_v1,0.02581404,FF++,FF++ FaceSwap,,-26.214233,24.80023
faceforensics/FaceSwap/468_470/000011.jpg,1,468,FaceSwap,FaceForensics++,faceforensics/FaceSwap/468_470/000011.jpg,468.0,468|470,468_470,test,source_video_disjoint_v1,0.98082286,FF++,FF++ FaceSwap,,15.602336,24.342947
faceforensics/FaceSwap/246_258/000014.jpg,1,246,FaceSwap,FaceForensics++,faceforensics/FaceSwap/246_258/000014.jpg,246.0,246|258,246_258,test,source_video_disjoint_v1,0.99974734,FF++,FF++ FaceSwap,,38.18519,6.350844
faceforensics/FaceSwap/719_737/000029.jpg,1,719,FaceSwap,FaceForensics++,faceforensics/FaceSwap/719_737/000029.jpg,719.0,719|737,719_737,test,source_video_disjoint_v1,0.84255123,FF++,FF++ FaceSwap,,8.758705,45.72931
faceforensics/FaceSwap/470_468/000012.jpg,1,470,FaceSwap,FaceForensics++,faceforensics/FaceSwap/470_468/000012.jpg,470.0,470|468,470_468,test,source_video_disjoint_v1,0.9992169,FF++,FF++ FaceSwap,,19.431108,43.342136
faceforensics/NeuralTextures/246_258/000024.jpg,1,246,NeuralTextures,FaceForensics++,faceforensics/NeuralTextures/246_258/000024.jpg,246.0,246|258,246_258,test,source_video_disjoint_v1,0.96293694,FF++,FF++ NeuralTextures,,34.88705,-3.8103216
faceforensics/NeuralTextures/470_468/000003.jpg,1,470,NeuralTextures,FaceForensics++,faceforensics/NeuralTextures/470_468/000003.jpg,470.0,470|468,470_468,test,source_video_disjoint_v1,0.9984427,FF++,FF++ NeuralTextures,,15.856855,7.577347
faceforensics/NeuralTextures/719_737/000022.jpg,1,719,NeuralTextures,FaceForensics++,faceforensics/NeuralTextures/719_737/000022.jpg,719.0,719|737,719_737,test,source_video_disjoint_v1,0.9994198,FF++,FF++ NeuralTextures,,-14.667963,40.037697
faceforensics/NeuralTextures/835_651/000023.jpg,1,835,NeuralTextures,FaceForensics++,faceforensics/NeuralTextures/835_651/000023.jpg,835.0,835|651,835_651,test,source_video_disjoint_v1,0.68687063,FF++,FF++ NeuralTextures,,10.803799,-13.784909
faceforensics/NeuralTextures/468_470/000026.jpg,1,468,NeuralTextures,FaceForensics++,faceforensics/NeuralTextures/468_470/000026.jpg,468.0,468|470,468_470,test,source_video_disjoint_v1,0.019458668,FF++,FF++ NeuralTextures,,8.312035,28.406038
faceforensics/NeuralTextures/651_835/000023.jpg,1,651,NeuralTextures,FaceForensics++,faceforensics/NeuralTextures/651_835/000023.jpg,651.0,651|835,651_835,test,source_video_disjoint_v1,0.7542613,FF++,FF++ NeuralTextures,,0.44335636,-28.530384
faceforensics/NeuralTextures/258_246/000015.jpg,1,258,NeuralTextures,FaceForensics++,faceforensics/NeuralTextures/258_246/000015.jpg,258.0,258|246,258_246,test,source_video_disjoint_v1,0.9979169,FF++,FF++ NeuralTextures,,14.366558,-26.540731
faceforensics/NeuralTextures/737_719/000026.jpg,1,737,NeuralTextures,FaceForensics++,faceforensics/NeuralTextures/737_719/000026.jpg,737.0,737|719,737_719,test,source_video_disjoint_v1,0.054060694,FF++,FF++ NeuralTextures,,-33.987267,25.1479
faceforensics/NeuralTextures/246_258/000006.jpg,1,246,NeuralTextures,FaceForensics++,faceforensics/NeuralTextures/246_258/000006.jpg,246.0,246|258,246_258,test,source_video_disjoint_v1,0.98409075,FF++,FF++ NeuralTextures,,34.344822,-4.4808116
faceforensics/NeuralTextures/470_468/000019.jpg,1,470,NeuralTextures,FaceForensics++,faceforensics/NeuralTextures/470_468/000019.jpg,470.0,470|468,470_468,test,source_video_disjoint_v1,0.93246996,FF++,FF++ NeuralTextures,,14.7728195,9.834493
faceforensics/NeuralTextures/719_737/000018.jpg,1,719,NeuralTextures,FaceForensics++,faceforensics/NeuralTextures/719_737/000018.jpg,719.0,719|737,719_737,test,source_video_disjoint_v1,0.9985386,FF++,FF++ NeuralTextures,,-13.6156225,39.217243
faceforensics/NeuralTextures/835_651/000020.jpg,1,835,NeuralTextures,FaceForensics++,faceforensics/NeuralTextures/835_651/000020.jpg,835.0,835|651,835_651,test,source_video_disjoint_v1,0.9734578,FF++,FF++ NeuralTextures,,11.759129,-11.950925
faceforensics/NeuralTextures/737_719/000005.jpg,1,737,NeuralTextures,FaceForensics++,faceforensics/NeuralTextures/737_719/000005.jpg,737.0,737|719,737_719,test,source_video_disjoint_v1,0.41586542,FF++,FF++ NeuralTextures,,-35.39584,24.930471
faceforensics/NeuralTextures/651_835/000005.jpg,1,651,NeuralTextures,FaceForensics++,faceforensics/NeuralTextures/651_835/000005.jpg,651.0,651|835,651_835,test,source_video_disjoint_v1,0.78918344,FF++,FF++ NeuralTextures,,0.2905354,-28.460403
faceforensics/NeuralTextures/258_246/000000.jpg,1,258,NeuralTextures,FaceForensics++,faceforensics/NeuralTextures/258_246/000000.jpg,258.0,258|246,258_246,test,source_video_disjoint_v1,0.99098843,FF++,FF++ NeuralTextures,,14.753217,-27.594337
faceforensics/NeuralTextures/468_470/000009.jpg,1,468,NeuralTextures,FaceForensics++,faceforensics/NeuralTextures/468_470/000009.jpg,468.0,468|470,468_470,test,source_video_disjoint_v1,0.018716058,FF++,FF++ NeuralTextures,,7.6969347,29.845476
faceforensics/NeuralTextures/470_468/000014.jpg,1,470,NeuralTextures,FaceForensics++,faceforensics/NeuralTextures/470_468/000014.jpg,470.0,470|468,470_468,test,source_video_disjoint_v1,0.98776746,FF++,FF++ NeuralTextures,,16.104557,9.994687
faceforensics/NeuralTextures/246_258/000009.jpg,1,246,NeuralTextures,FaceForensics++,faceforensics/NeuralTextures/246_258/000009.jpg,246.0,246|258,246_258,test,source_video_disjoint_v1,0.112074554,FF++,FF++ NeuralTextures,,31.724533,-2.677572
faceforensics/NeuralTextures/719_737/000002.jpg,1,719,NeuralTextures,FaceForensics++,faceforensics/NeuralTextures/719_737/000002.jpg,719.0,719|737,719_737,test,source_video_disjoint_v1,0.99759966,FF++,FF++ NeuralTextures,,-13.426144,40.275406
faceforensics/NeuralTextures/651_835/000007.jpg,1,651,NeuralTextures,FaceForensics++,faceforensics/NeuralTextures/651_835/000007.jpg,651.0,651|835,651_835,test,source_video_disjoint_v1,0.38948095,FF++,FF++ NeuralTextures,,-1.1376327,-28.18828
faceforensics/NeuralTextures/835_651/000025.jpg,1,835,NeuralTextures,FaceForensics++,faceforensics/NeuralTextures/835_651/000025.jpg,835.0,835|651,835_651,test,source_video_disjoint_v1,0.9991634,FF++,FF++ NeuralTextures,,13.096188,-10.365926
faceforensics/NeuralTextures/737_719/000021.jpg,1,737,NeuralTextures,FaceForensics++,faceforensics/NeuralTextures/737_719/000021.jpg,737.0,737|719,737_719,test,source_video_disjoint_v1,0.1662832,FF++,FF++ NeuralTextures,,-33.547672,26.447397
faceforensics/NeuralTextures/258_246/000025.jpg,1,258,NeuralTextures,FaceForensics++,faceforensics/NeuralTextures/258_246/000025.jpg,258.0,258|246,258_246,test,source_video_disjoint_v1,0.99925643,FF++,FF++ NeuralTextures,,14.981426,-25.59272
faceforensics/NeuralTextures/468_470/000019.jpg,1,468,NeuralTextures,FaceForensics++,faceforensics/NeuralTextures/468_470/000019.jpg,468.0,468|470,468_470,test,source_video_disjoint_v1,0.053157758,FF++,FF++ NeuralTextures,,8.483309,28.81476
faceforensics/NeuralTextures/470_468/000024.jpg,1,470,NeuralTextures,FaceForensics++,faceforensics/NeuralTextures/470_468/000024.jpg,470.0,470|468,470_468,test,source_video_disjoint_v1,0.9942964,FF++,FF++ NeuralTextures,,15.76371,8.685575
faceforensics/NeuralTextures/246_258/000015.jpg,1,246,NeuralTextures,FaceForensics++,faceforensics/NeuralTextures/246_258/000015.jpg,246.0,246|258,246_258,test,source_video_disjoint_v1,0.90409213,FF++,FF++ NeuralTextures,,33.220078,-4.011549
faceforensics/NeuralTextures/719_737/000026.jpg,1,719,NeuralTextures,FaceForensics++,faceforensics/NeuralTextures/719_737/000026.jpg,719.0,719|737,719_737,test,source_video_disjoint_v1,0.99664766,FF++,FF++ NeuralTextures,,-12.254561,39.74905
faceforensics/NeuralTextures/835_651/000027.jpg,1,835,NeuralTextures,FaceForensics++,faceforensics/NeuralTextures/835_651/000027.jpg,835.0,835|651,835_651,test,source_video_disjoint_v1,0.99897563,FF++,FF++ NeuralTextures,,13.728379,-11.176829
faceforensics/NeuralTextures/737_719/000002.jpg,1,737,NeuralTextures,FaceForensics++,faceforensics/NeuralTextures/737_719/000002.jpg,737.0,737|719,737_719,test,source_video_disjoint_v1,0.8190086,FF++,FF++ NeuralTextures,,-35.49284,26.304964
faceforensics/NeuralTextures/468_470/000006.jpg,1,468,NeuralTextures,FaceForensics++,faceforensics/NeuralTextures/468_470/000006.jpg,468.0,468|470,468_470,test,source_video_disjoint_v1,0.012978715,FF++,FF++ NeuralTextures,,8.503417,27.304457
faceforensics/NeuralTextures/258_246/000008.jpg,1,258,NeuralTextures,FaceForensics++,faceforensics/NeuralTextures/258_246/000008.jpg,258.0,258|246,258_246,test,source_video_disjoint_v1,0.9969722,FF++,FF++ NeuralTextures,,14.168191,-26.544294
faceforensics/NeuralTextures/651_835/000019.jpg,1,651,NeuralTextures,FaceForensics++,faceforensics/NeuralTextures/651_835/000019.jpg,651.0,651|835,651_835,test,source_video_disjoint_v1,0.06675603,FF++,FF++ NeuralTextures,,-2.4024901,-29.113104
faceforensics/NeuralTextures/470_468/000023.jpg,1,470,NeuralTextures,FaceForensics++,faceforensics/NeuralTextures/470_468/000023.jpg,470.0,470|468,470_468,test,source_video_disjoint_v1,0.9951687,FF++,FF++ NeuralTextures,,15.774081,8.861015
faceforensics/NeuralTextures/246_258/000019.jpg,1,246,NeuralTextures,FaceForensics++,faceforensics/NeuralTextures/246_258/000019.jpg,246.0,246|258,246_258,test,source_video_disjoint_v1,0.9171092,FF++,FF++ NeuralTextures,,33.64355,-4.1196127
faceforensics/NeuralTextures/719_737/000000.jpg,1,719,NeuralTextures,FaceForensics++,faceforensics/NeuralTextures/719_737/000000.jpg,719.0,719|737,719_737,test,source_video_disjoint_v1,0.99917775,FF++,FF++ NeuralTextures,,-14.404936,40.13642
faceforensics/NeuralTextures/835_651/000018.jpg,1,835,NeuralTextures,FaceForensics++,faceforensics/NeuralTextures/835_651/000018.jpg,835.0,835|651,835_651,test,source_video_disjoint_v1,0.99902475,FF++,FF++ NeuralTextures,,13.065923,-10.746504
faceforensics/NeuralTextures/737_719/000012.jpg,1,737,NeuralTextures,FaceForensics++,faceforensics/NeuralTextures/737_719/000012.jpg,737.0,737|719,737_719,test,source_video_disjoint_v1,0.8788723,FF++,FF++ NeuralTextures,,-35.821384,26.14826
faceforensics/NeuralTextures/468_470/000000.jpg,1,468,NeuralTextures,FaceForensics++,faceforensics/NeuralTextures/468_470/000000.jpg,468.0,468|470,468_470,test,source_video_disjoint_v1,0.051126968,FF++,FF++ NeuralTextures,,8.725511,27.91417
faceforensics/NeuralTextures/651_835/000016.jpg,1,651,NeuralTextures,FaceForensics++,faceforensics/NeuralTextures/651_835/000016.jpg,651.0,651|835,651_835,test,source_video_disjoint_v1,0.21276079,FF++,FF++ NeuralTextures,,-1.7481349,-28.794735
faceforensics/NeuralTextures/258_246/000026.jpg,1,258,NeuralTextures,FaceForensics++,faceforensics/NeuralTextures/258_246/000026.jpg,258.0,258|246,258_246,test,source_video_disjoint_v1,0.99773633,FF++,FF++ NeuralTextures,,14.084507,-25.54303
faceforensics/NeuralTextures/246_258/000010.jpg,1,246,NeuralTextures,FaceForensics++,faceforensics/NeuralTextures/246_258/000010.jpg,246.0,246|258,246_258,test,source_video_disjoint_v1,0.9511859,FF++,FF++ NeuralTextures,,32.922806,-4.368729
faceforensics/NeuralTextures/719_737/000003.jpg,1,719,NeuralTextures,FaceForensics++,faceforensics/NeuralTextures/719_737/000003.jpg,719.0,719|737,719_737,test,source_video_disjoint_v1,0.99573946,FF++,FF++ NeuralTextures,,-12.477745,41.55929
faceforensics/NeuralTextures/470_468/000006.jpg,1,470,NeuralTextures,FaceForensics++,faceforensics/NeuralTextures/470_468/000006.jpg,470.0,470|468,470_468,test,source_video_disjoint_v1,0.992834,FF++,FF++ NeuralTextures,,15.982256,9.507906
faceforensics/NeuralTextures/835_651/000017.jpg,1,835,NeuralTextures,FaceForensics++,faceforensics/NeuralTextures/835_651/000017.jpg,835.0,835|651,835_651,test,source_video_disjoint_v1,0.93017334,FF++,FF++ NeuralTextures,,11.906813,-12.698286
faceforensics/NeuralTextures/737_719/000024.jpg,1,737,NeuralTextures,FaceForensics++,faceforensics/NeuralTextures/737_719/000024.jpg,737.0,737|719,737_719,test,source_video_disjoint_v1,0.9613463,FF++,FF++ NeuralTextures,,-36.210205,26.077826
faceforensics/NeuralTextures/468_470/000013.jpg,1,468,NeuralTextures,FaceForensics++,faceforensics/NeuralTextures/468_470/000013.jpg,468.0,468|470,468_470,test,source_video_disjoint_v1,0.03032247,FF++,FF++ NeuralTextures,,8.735614,27.938574
faceforensics/NeuralTextures/651_835/000006.jpg,1,651,NeuralTextures,FaceForensics++,faceforensics/NeuralTextures/651_835/000006.jpg,651.0,651|835,651_835,test,source_video_disjoint_v1,0.5244533,FF++,FF++ NeuralTextures,,-0.6044878,-28.396154
faceforensics/NeuralTextures/258_246/000001.jpg,1,258,NeuralTextures,FaceForensics++,faceforensics/NeuralTextures/258_246/000001.jpg,258.0,258|246,258_246,test,source_video_disjoint_v1,0.99954647,FF++,FF++ NeuralTextures,,15.631144,-26.03844
faceforensics/NeuralTextures/246_258/000025.jpg,1,246,NeuralTextures,FaceForensics++,faceforensics/NeuralTextures/246_258/000025.jpg,246.0,246|258,246_258,test,source_video_disjoint_v1,0.9658424,FF++,FF++ NeuralTextures,,34.453907,-3.8695462
faceforensics/NeuralTextures/719_737/000025.jpg,1,719,NeuralTextures,FaceForensics++,faceforensics/NeuralTextures/719_737/000025.jpg,719.0,719|737,719_737,test,source_video_disjoint_v1,0.9995183,FF++,FF++ NeuralTextures,,-14.782146,40.234802
faceforensics/NeuralTextures/470_468/000022.jpg,1,470,NeuralTextures,FaceForensics++,faceforensics/NeuralTextures/470_468/000022.jpg,470.0,470|468,470_468,test,source_video_disjoint_v1,0.9629634,FF++,FF++ NeuralTextures,,14.968347,10.110016
faceforensics/NeuralTextures/835_651/000011.jpg,1,835,NeuralTextures,FaceForensics++,faceforensics/NeuralTextures/835_651/000011.jpg,835.0,835|651,835_651,test,source_video_disjoint_v1,0.9994585,FF++,FF++ NeuralTextures,,13.25582,-10.339486
faceforensics/NeuralTextures/737_719/000006.jpg,1,737,NeuralTextures,FaceForensics++,faceforensics/NeuralTextures/737_719/000006.jpg,737.0,737|719,737_719,test,source_video_disjoint_v1,0.3739646,FF++,FF++ NeuralTextures,,-35.14098,25.352617
faceforensics/NeuralTextures/651_835/000000.jpg,1,651,NeuralTextures,FaceForensics++,faceforensics/NeuralTextures/651_835/000000.jpg,651.0,651|835,651_835,test,source_video_disjoint_v1,0.315203,FF++,FF++ NeuralTextures,,-1.3040506,-29.724707
faceforensics/NeuralTextures/468_470/000007.jpg,1,468,NeuralTextures,FaceForensics++,faceforensics/NeuralTextures/468_470/000007.jpg,468.0,468|470,468_470,test,source_video_disjoint_v1,0.015311422,FF++,FF++ NeuralTextures,,7.400301,30.049026
faceforensics/NeuralTextures/258_246/000005.jpg,1,258,NeuralTextures,FaceForensics++,faceforensics/NeuralTextures/258_246/000005.jpg,258.0,258|246,258_246,test,source_video_disjoint_v1,0.62704784,FF++,FF++ NeuralTextures,,-5.216212,9.447487
faceforensics/NeuralTextures/246_258/000018.jpg,1,246,NeuralTextures,FaceForensics++,faceforensics/NeuralTextures/246_258/000018.jpg,246.0,246|258,246_258,test,source_video_disjoint_v1,0.95978737,FF++,FF++ NeuralTextures,,33.82638,-4.963858
faceforensics/NeuralTextures/719_737/000006.jpg,1,719,NeuralTextures,FaceForensics++,faceforensics/NeuralTextures/719_737/000006.jpg,719.0,719|737,719_737,test,source_video_disjoint_v1,0.99869627,FF++,FF++ NeuralTextures,,-12.895279,40.19163
faceforensics/NeuralTextures/737_719/000027.jpg,1,737,NeuralTextures,FaceForensics++,faceforensics/NeuralTextures/737_719/000027.jpg,737.0,737|719,737_719,test,source_video_disjoint_v1,0.015968245,FF++,FF++ NeuralTextures,,-33.513103,25.353481
faceforensics/NeuralTextures/835_651/000014.jpg,1,835,NeuralTextures,FaceForensics++,faceforensics/NeuralTextures/835_651/000014.jpg,835.0,835|651,835_651,test,source_video_disjoint_v1,0.99961984,FF++,FF++ NeuralTextures,,14.123567,-10.83859
faceforensics/NeuralTextures/470_468/000025.jpg,1,470,NeuralTextures,FaceForensics++,faceforensics/NeuralTextures/470_468/000025.jpg,470.0,470|468,470_468,test,source_video_disjoint_v1,0.809085,FF++,FF++ NeuralTextures,,14.399625,10.938849
faceforensics/NeuralTextures/468_470/000008.jpg,1,468,NeuralTextures,FaceForensics++,faceforensics/NeuralTextures/468_470/000008.jpg,468.0,468|470,468_470,test,source_video_disjoint_v1,0.011902437,FF++,FF++ NeuralTextures,,7.569607,29.772568
faceforensics/NeuralTextures/651_835/000004.jpg,1,651,NeuralTextures,FaceForensics++,faceforensics/NeuralTextures/651_835/000004.jpg,651.0,651|835,651_835,test,source_video_disjoint_v1,0.87568057,FF++,FF++ NeuralTextures,,0.71790916,-28.476955
faceforensics/NeuralTextures/258_246/000012.jpg,1,258,NeuralTextures,FaceForensics++,faceforensics/NeuralTextures/258_246/000012.jpg,258.0,258|246,258_246,test,source_video_disjoint_v1,0.9729532,FF++,FF++ NeuralTextures,,13.073619,-26.262165
faceforensics/NeuralTextures/246_258/000016.jpg,1,246,NeuralTextures,FaceForensics++,faceforensics/NeuralTextures/246_258/000016.jpg,246.0,246|258,246_258,test,source_video_disjoint_v1,0.7123712,FF++,FF++ NeuralTextures,,33.244305,-3.0039067
faceforensics/NeuralTextures/719_737/000015.jpg,1,719,NeuralTextures,FaceForensics++,faceforensics/NeuralTextures/719_737/000015.jpg,719.0,719|737,719_737,test,source_video_disjoint_v1,0.99742657,FF++,FF++ NeuralTextures,,-12.812104,40.821384
faceforensics/NeuralTextures/737_719/000013.jpg,1,737,NeuralTextures,FaceForensics++,faceforensics/NeuralTextures/737_719/000013.jpg,737.0,737|719,737_719,test,source_video_disjoint_v1,0.7679768,FF++,FF++ NeuralTextures,,-35.192963,26.651363
faceforensics/NeuralTextures/835_651/000009.jpg,1,835,NeuralTextures,FaceForensics++,faceforensics/NeuralTextures/835_651/000009.jpg,835.0,835|651,835_651,test,source_video_disjoint_v1,0.9998179,FF++,FF++ NeuralTextures,,13.767717,-9.805727
faceforensics/NeuralTextures/470_468/000005.jpg,1,470,NeuralTextures,FaceForensics++,faceforensics/NeuralTextures/470_468/000005.jpg,470.0,470|468,470_468,test,source_video_disjoint_v1,0.96757674,FF++,FF++ NeuralTextures,,15.637699,10.528999
faceforensics/NeuralTextures/468_470/000024.jpg,1,468,NeuralTextures,FaceForensics++,faceforensics/NeuralTextures/468_470/000024.jpg,468.0,468|470,468_470,test,source_video_disjoint_v1,0.01246372,FF++,FF++ NeuralTextures,,8.466048,27.67401
faceforensics/NeuralTextures/651_835/000022.jpg,1,651,NeuralTextures,FaceForensics++,faceforensics/NeuralTextures/651_835/000022.jpg,651.0,651|835,651_835,test,source_video_disjoint_v1,0.74058574,FF++,FF++ NeuralTextures,,0.024670526,-27.802368
faceforensics/NeuralTextures/258_246/000021.jpg,1,258,NeuralTextures,FaceForensics++,faceforensics/NeuralTextures/258_246/000021.jpg,258.0,258|246,258_246,test,source_video_disjoint_v1,0.9974381,FF++,FF++ NeuralTextures,,14.580873,-26.654396
faceforensics/NeuralTextures/737_719/000029.jpg,1,737,NeuralTextures,FaceForensics++,faceforensics/NeuralTextures/737_719/000029.jpg,737.0,737|719,737_719,test,source_video_disjoint_v1,0.24486303,FF++,FF++ NeuralTextures,,-34.8154,24.929998
faceforensics/NeuralTextures/470_468/000011.jpg,1,470,NeuralTextures,FaceForensics++,faceforensics/NeuralTextures/470_468/000011.jpg,470.0,470|468,470_468,test,source_video_disjoint_v1,0.9362692,FF++,FF++ NeuralTextures,,15.331435,11.225234
faceforensics/NeuralTextures/719_737/000027.jpg,1,719,NeuralTextures,FaceForensics++,faceforensics/NeuralTextures/719_737/000027.jpg,719.0,719|737,719_737,test,source_video_disjoint_v1,0.9993426,FF++,FF++ NeuralTextures,,-14.405957,40.964096
faceforensics/NeuralTextures/246_258/000029.jpg,1,246,NeuralTextures,FaceForensics++,faceforensics/NeuralTextures/246_258/000029.jpg,246.0,246|258,246_258,test,source_video_disjoint_v1,0.39908102,FF++,FF++ NeuralTextures,,32.072124,-3.045912
faceforensics/NeuralTextures/468_470/000015.jpg,1,468,NeuralTextures,FaceForensics++,faceforensics/NeuralTextures/468_470/000015.jpg,468.0,468|470,468_470,test,source_video_disjoint_v1,0.006827307,FF++,FF++ NeuralTextures,,7.614187,27.991348
faceforensics/NeuralTextures/835_651/000002.jpg,1,835,NeuralTextures,FaceForensics++,faceforensics/NeuralTextures/835_651/000002.jpg,835.0,835|651,835_651,test,source_video_disjoint_v1,0.99980956,FF++,FF++ NeuralTextures,,13.576521,-9.958662
faceforensics/NeuralTextures/651_835/000028.jpg,1,651,NeuralTextures,FaceForensics++,faceforensics/NeuralTextures/651_835/000028.jpg,651.0,651|835,651_835,test,source_video_disjoint_v1,0.8695481,FF++,FF++ NeuralTextures,,0.7515661,-27.853815
faceforensics/NeuralTextures/258_246/000011.jpg,1,258,NeuralTextures,FaceForensics++,faceforensics/NeuralTextures/258_246/000011.jpg,258.0,258|246,258_246,test,source_video_disjoint_v1,0.2906713,FF++,FF++ NeuralTextures,,-7.5561886,8.019987
faceforensics/NeuralTextures/470_468/000018.jpg,1,470,NeuralTextures,FaceForensics++,faceforensics/NeuralTextures/470_468/000018.jpg,470.0,470|468,470_468,test,source_video_disjoint_v1,0.89647204,FF++,FF++ NeuralTextures,,15.164321,11.417154
faceforensics/NeuralTextures/737_719/000014.jpg,1,737,NeuralTextures,FaceForensics++,faceforensics/NeuralTextures/737_719/000014.jpg,737.0,737|719,737_719,test,source_video_disjoint_v1,0.18104239,FF++,FF++ NeuralTextures,,-34.67952,25.96101
faceforensics/NeuralTextures/468_470/000022.jpg,1,468,NeuralTextures,FaceForensics++,faceforensics/NeuralTextures/468_470/000022.jpg,468.0,468|470,468_470,test,source_video_disjoint_v1,0.0014496916,FF++,FF++ NeuralTextures,,6.608737,30.029612
faceforensics/NeuralTextures/246_258/000005.jpg,1,246,NeuralTextures,FaceForensics++,faceforensics/NeuralTextures/246_258/000005.jpg,246.0,246|258,246_258,test,source_video_disjoint_v1,0.73600656,FF++,FF++ NeuralTextures,,32.924934,-2.9648035
faceforensics/NeuralTextures/719_737/000014.jpg,1,719,NeuralTextures,FaceForensics++,faceforensics/NeuralTextures/719_737/000014.jpg,719.0,719|737,719_737,test,source_video_disjoint_v1,0.99898285,FF++,FF++ NeuralTextures,,-13.477432,40.76697
faceforensics/NeuralTextures/835_651/000013.jpg,1,835,NeuralTextures,FaceForensics++,faceforensics/NeuralTextures/835_651/000013.jpg,835.0,835|651,835_651,test,source_video_disjoint_v1,0.99990904,FF++,FF++ NeuralTextures,,13.488181,-9.20986
faceforensics/NeuralTextures/651_835/000017.jpg,1,651,NeuralTextures,FaceForensics++,faceforensics/NeuralTextures/651_835/000017.jpg,651.0,651|835,651_835,test,source_video_disjoint_v1,0.20454033,FF++,FF++ NeuralTextures,,-1.5990655,-27.93539
faceforensics/NeuralTextures/258_246/000016.jpg,1,258,NeuralTextures,FaceForensics++,faceforensics/NeuralTextures/258_246/000016.jpg,258.0,258|246,258_246,test,source_video_disjoint_v1,0.9721033,FF++,FF++ NeuralTextures,,13.554194,-27.010485
faceforensics/NeuralTextures/470_468/000027.jpg,1,470,NeuralTextures,FaceForensics++,faceforensics/NeuralTextures/470_468/000027.jpg,470.0,470|468,470_468,test,source_video_disjoint_v1,0.9985549,FF++,FF++ NeuralTextures,,16.170944,8.137308
faceforensics/NeuralTextures/719_737/000009.jpg,1,719,NeuralTextures,FaceForensics++,faceforensics/NeuralTextures/719_737/000009.jpg,719.0,719|737,719_737,test,source_video_disjoint_v1,0.9992223,FF++,FF++ NeuralTextures,,-14.216642,39.534298
faceforensics/NeuralTextures/468_470/000005.jpg,1,468,NeuralTextures,FaceForensics++,faceforensics/NeuralTextures/468_470/000005.jpg,468.0,468|470,468_470,test,source_video_disjoint_v1,0.01422423,FF++,FF++ NeuralTextures,,7.7779174,28.283636
faceforensics/NeuralTextures/737_719/000028.jpg,1,737,NeuralTextures,FaceForensics++,faceforensics/NeuralTextures/737_719/000028.jpg,737.0,737|719,737_719,test,source_video_disjoint_v1,0.3609508,FF++,FF++ NeuralTextures,,-35.036106,25.11399
faceforensics/NeuralTextures/246_258/000012.jpg,1,246,NeuralTextures,FaceForensics++,faceforensics/NeuralTextures/246_258/000012.jpg,246.0,246|258,246_258,test,source_video_disjoint_v1,0.9512664,FF++,FF++ NeuralTextures,,33.781097,-3.8882997
faceforensics/NeuralTextures/651_835/000026.jpg,1,651,NeuralTextures,FaceForensics++,faceforensics/NeuralTextures/651_835/000026.jpg,651.0,651|835,651_835,test,source_video_disjoint_v1,0.97511303,FF++,FF++ NeuralTextures,,1.4760256,-27.97222
faceforensics/NeuralTextures/835_651/000021.jpg,1,835,NeuralTextures,FaceForensics++,faceforensics/NeuralTextures/835_651/000021.jpg,835.0,835|651,835_651,test,source_video_disjoint_v1,0.9889204,FF++,FF++ NeuralTextures,,11.889753,-11.571639
faceforensics/NeuralTextures/258_246/000006.jpg,1,258,NeuralTextures,FaceForensics++,faceforensics/NeuralTextures/258_246/000006.jpg,258.0,258|246,258_246,test,source_video_disjoint_v1,0.9976178,FF++,FF++ NeuralTextures,,14.179314,-25.758612
faceforensics/NeuralTextures/470_468/000021.jpg,1,470,NeuralTextures,FaceForensics++,faceforensics/NeuralTextures/470_468/000021.jpg,470.0,470|468,470_468,test,source_video_disjoint_v1,0.9755703,FF++,FF++ NeuralTextures,,15.374817,10.758182
faceforensics/NeuralTextures/246_258/000028.jpg,1,246,NeuralTextures,FaceForensics++,faceforensics/NeuralTextures/246_258/000028.jpg,246.0,246|258,246_258,test,source_video_disjoint_v1,0.9150528,FF++,FF++ NeuralTextures,,33.7661,-3.6170475
faceforensics/NeuralTextures/719_737/000011.jpg,1,719,NeuralTextures,FaceForensics++,faceforensics/NeuralTextures/719_737/000011.jpg,719.0,719|737,719_737,test,source_video_disjoint_v1,0.99632853,FF++,FF++ NeuralTextures,,-12.636429,40.60774
faceforensics/NeuralTextures/737_719/000010.jpg,1,737,NeuralTextures,FaceForensics++,faceforensics/NeuralTextures/737_719/000010.jpg,737.0,737|719,737_719,test,source_video_disjoint_v1,0.03210856,FF++,FF++ NeuralTextures,,-33.46118,26.095243
faceforensics/NeuralTextures/468_470/000016.jpg,1,468,NeuralTextures,FaceForensics++,faceforensics/NeuralTextures/468_470/000016.jpg,468.0,468|470,468_470,test,source_video_disjoint_v1,0.01452451,FF++,FF++ NeuralTextures,,8.209041,27.90179
faceforensics/NeuralTextures/651_835/000021.jpg,1,651,NeuralTextures,FaceForensics++,faceforensics/NeuralTextures/651_835/000021.jpg,651.0,651|835,651_835,test,source_video_disjoint_v1,0.29439735,FF++,FF++ NeuralTextures,,-2.2025478,-28.394556
faceforensics/NeuralTextures/835_651/000005.jpg,1,835,NeuralTextures,FaceForensics++,faceforensics/NeuralTextures/835_651/000005.jpg,835.0,835|651,835_651,test,source_video_disjoint_v1,0.9998492,FF++,FF++ NeuralTextures,,14.100753,-10.16671
faceforensics/NeuralTextures/258_246/000003.jpg,1,258,NeuralTextures,FaceForensics++,faceforensics/NeuralTextures/258_246/000003.jpg,258.0,258|246,258_246,test,source_video_disjoint_v1,0.99847895,FF++,FF++ NeuralTextures,,15.16603,-26.708908
faceforensics/NeuralTextures/470_468/000007.jpg,1,470,NeuralTextures,FaceForensics++,faceforensics/NeuralTextures/470_468/000007.jpg,470.0,470|468,470_468,test,source_video_disjoint_v1,0.47749603,FF++,FF++ NeuralTextures,,13.870796,11.859643
faceforensics/NeuralTextures/719_737/000012.jpg,1,719,NeuralTextures,FaceForensics++,faceforensics/NeuralTextures/719_737/000012.jpg,719.0,719|737,719_737,test,source_video_disjoint_v1,0.99587786,FF++,FF++ NeuralTextures,,-12.14455,40.536613
faceforensics/NeuralTextures/468_470/000018.jpg,1,468,NeuralTextures,FaceForensics++,faceforensics/NeuralTextures/468_470/000018.jpg,468.0,468|470,468_470,test,source_video_disjoint_v1,0.18429229,FF++,FF++ NeuralTextures,,9.029179,29.128511
faceforensics/NeuralTextures/246_258/000026.jpg,1,246,NeuralTextures,FaceForensics++,faceforensics/NeuralTextures/246_258/000026.jpg,246.0,246|258,246_258,test,source_video_disjoint_v1,0.9918029,FF++,FF++ NeuralTextures,,34.74786,-4.4203496
faceforensics/NeuralTextures/835_651/000028.jpg,1,835,NeuralTextures,FaceForensics++,faceforensics/NeuralTextures/835_651/000028.jpg,835.0,835|651,835_651,test,source_video_disjoint_v1,0.993149,FF++,FF++ NeuralTextures,,12.853642,-11.980754
faceforensics/NeuralTextures/651_835/000012.jpg,1,651,NeuralTextures,FaceForensics++,faceforensics/NeuralTextures/651_835/000012.jpg,651.0,651|835,651_835,test,source_video_disjoint_v1,0.24535617,FF++,FF++ NeuralTextures,,-1.5077137,-28.90575
faceforensics/NeuralTextures/737_719/000016.jpg,1,737,NeuralTextures,FaceForensics++,faceforensics/NeuralTextures/737_719/000016.jpg,737.0,737|719,737_719,test,source_video_disjoint_v1,0.7566261,FF++,FF++ NeuralTextures,,-35.034203,26.917189
faceforensics/NeuralTextures/258_246/000002.jpg,1,258,NeuralTextures,FaceForensics++,faceforensics/NeuralTextures/258_246/000002.jpg,258.0,258|246,258_246,test,source_video_disjoint_v1,0.9991524,FF++,FF++ NeuralTextures,,15.166631,-25.969128
faceforensics/NeuralTextures/246_258/000000.jpg,1,246,NeuralTextures,FaceForensics++,faceforensics/NeuralTextures/246_258/000000.jpg,246.0,246|258,246_258,test,source_video_disjoint_v1,0.8785041,FF++,FF++ NeuralTextures,,32.626904,-4.1826987
faceforensics/NeuralTextures/468_470/000017.jpg,1,468,NeuralTextures,FaceForensics++,faceforensics/NeuralTextures/468_470/000017.jpg,468.0,468|470,468_470,test,source_video_disjoint_v1,0.087334305,FF++,FF++ NeuralTextures,,9.453321,27.600515
faceforensics/NeuralTextures/470_468/000010.jpg,1,470,NeuralTextures,FaceForensics++,faceforensics/NeuralTextures/470_468/000010.jpg,470.0,470|468,470_468,test,source_video_disjoint_v1,0.9061119,FF++,FF++ NeuralTextures,,14.976855,8.091954
faceforensics/NeuralTextures/651_835/000024.jpg,1,651,NeuralTextures,FaceForensics++,faceforensics/NeuralTextures/651_835/000024.jpg,651.0,651|835,651_835,test,source_video_disjoint_v1,0.35529318,FF++,FF++ NeuralTextures,,-1.0647907,-28.249247
faceforensics/NeuralTextures/719_737/000023.jpg,1,719,NeuralTextures,FaceForensics++,faceforensics/NeuralTextures/719_737/000023.jpg,719.0,719|737,719_737,test,source_video_disjoint_v1,0.99708277,FF++,FF++ NeuralTextures,,-13.13191,39.46271
faceforensics/NeuralTextures/835_651/000024.jpg,1,835,NeuralTextures,FaceForensics++,faceforensics/NeuralTextures/835_651/000024.jpg,835.0,835|651,835_651,test,source_video_disjoint_v1,0.9989962,FF++,FF++ NeuralTextures,,12.8933735,-10.397115
faceforensics/NeuralTextures/737_719/000000.jpg,1,737,NeuralTextures,FaceForensics++,faceforensics/NeuralTextures/737_719/000000.jpg,737.0,737|719,737_719,test,source_video_disjoint_v1,0.10823389,FF++,FF++ NeuralTextures,,-33.615276,26.089045
faceforensics/NeuralTextures/258_246/000014.jpg,1,258,NeuralTextures,FaceForensics++,faceforensics/NeuralTextures/258_246/000014.jpg,258.0,258|246,258_246,test,source_video_disjoint_v1,0.60559773,FF++,FF++ NeuralTextures,,13.621452,-31.837603
faceforensics/NeuralTextures/246_258/000002.jpg,1,246,NeuralTextures,FaceForensics++,faceforensics/NeuralTextures/246_258/000002.jpg,246.0,246|258,246_258,test,source_video_disjoint_v1,0.8996467,FF++,FF++ NeuralTextures,,33.237934,-4.2885456
faceforensics/NeuralTextures/470_468/000029.jpg,1,470,NeuralTextures,FaceForensics++,faceforensics/NeuralTextures/470_468/000029.jpg,470.0,470|468,470_468,test,source_video_disjoint_v1,0.9974782,FF++,FF++ NeuralTextures,,16.120739,8.639388
faceforensics/NeuralTextures/468_470/000025.jpg,1,468,NeuralTextures,FaceForensics++,faceforensics/NeuralTextures/468_470/000025.jpg,468.0,468|470,468_470,test,source_video_disjoint_v1,0.014451193,FF++,FF++ NeuralTextures,,8.0344515,28.630018
faceforensics/NeuralTextures/719_737/000017.jpg,1,719,NeuralTextures,FaceForensics++,faceforensics/NeuralTextures/719_737/000017.jpg,719.0,719|737,719_737,test,source_video_disjoint_v1,0.99857926,FF++,FF++ NeuralTextures,,-13.894438,40.31915
faceforensics/NeuralTextures/651_835/000020.jpg,1,651,NeuralTextures,FaceForensics++,faceforensics/NeuralTextures/651_835/000020.jpg,651.0,651|835,651_835,test,source_video_disjoint_v1,0.27492687,FF++,FF++ NeuralTextures,,-1.6148549,-28.530384
faceforensics/NeuralTextures/835_651/000006.jpg,1,835,NeuralTextures,FaceForensics++,faceforensics/NeuralTextures/835_651/000006.jpg,835.0,835|651,835_651,test,source_video_disjoint_v1,0.9995844,FF++,FF++ NeuralTextures,,13.79205,-10.62398
faceforensics/NeuralTextures/737_719/000003.jpg,1,737,NeuralTextures,FaceForensics++,faceforensics/NeuralTextures/737_719/000003.jpg,737.0,737|719,737_719,test,source_video_disjoint_v1,0.2194201,FF++,FF++ NeuralTextures,,-34.869717,25.399221
faceforensics/NeuralTextures/258_246/000010.jpg,1,258,NeuralTextures,FaceForensics++,faceforensics/NeuralTextures/258_246/000010.jpg,258.0,258|246,258_246,test,source_video_disjoint_v1,0.9980876,FF++,FF++ NeuralTextures,,14.903091,-26.506842
faceforensics/NeuralTextures/470_468/000000.jpg,1,470,NeuralTextures,FaceForensics++,faceforensics/NeuralTextures/470_468/000000.jpg,470.0,470|468,470_468,test,source_video_disjoint_v1,0.97157764,FF++,FF++ NeuralTextures,,15.845721,10.338991
faceforensics/NeuralTextures/719_737/000008.jpg,1,719,NeuralTextures,FaceForensics++,faceforensics/NeuralTextures/719_737/000008.jpg,719.0,719|737,719_737,test,source_video_disjoint_v1,0.99915993,FF++,FF++ NeuralTextures,,-13.743091,39.45778
faceforensics/NeuralTextures/468_470/000001.jpg,1,468,NeuralTextures,FaceForensics++,faceforensics/NeuralTextures/468_470/000001.jpg,468.0,468|470,468_470,test,source_video_disjoint_v1,0.08379718,FF++,FF++ NeuralTextures,,9.163229,28.029657
faceforensics/NeuralTextures/246_258/000022.jpg,1,246,NeuralTextures,FaceForensics++,faceforensics/NeuralTextures/246_258/000022.jpg,246.0,246|258,246_258,test,source_video_disjoint_v1,0.9879893,FF++,FF++ NeuralTextures,,34.80423,-4.3757534
faceforensics/NeuralTextures/651_835/000027.jpg,1,651,NeuralTextures,FaceForensics++,faceforensics/NeuralTextures/651_835/000027.jpg,651.0,651|835,651_835,test,source_video_disjoint_v1,0.52559817,FF++,FF++ NeuralTextures,,-0.48453203,-28.78986
faceforensics/NeuralTextures/737_719/000017.jpg,1,737,NeuralTextures,FaceForensics++,faceforensics/NeuralTextures/737_719/000017.jpg,737.0,737|719,737_719,test,source_video_disjoint_v1,0.43086106,FF++,FF++ NeuralTextures,,-34.438576,26.538994
faceforensics/NeuralTextures/258_246/000009.jpg,1,258,NeuralTextures,FaceForensics++,faceforensics/NeuralTextures/258_246/000009.jpg,258.0,258|246,258_246,test,source_video_disjoint_v1,0.99764013,FF++,FF++ NeuralTextures,,14.026864,-26.156574
faceforensics/NeuralTextures/835_651/000016.jpg,1,835,NeuralTextures,FaceForensics++,faceforensics/NeuralTextures/835_651/000016.jpg,835.0,835|651,835_651,test,source_video_disjoint_v1,0.9886341,FF++,FF++ NeuralTextures,,12.500854,-11.741182
faceforensics/NeuralTextures/470_468/000008.jpg,1,470,NeuralTextures,FaceForensics++,faceforensics/NeuralTextures/470_468/000008.jpg,470.0,470|468,470_468,test,source_video_disjoint_v1,0.98589444,FF++,FF++ NeuralTextures,,15.564634,9.963136
faceforensics/NeuralTextures/719_737/000005.jpg,1,719,NeuralTextures,FaceForensics++,faceforensics/NeuralTextures/719_737/000005.jpg,719.0,719|737,719_737,test,source_video_disjoint_v1,0.9985965,FF++,FF++ NeuralTextures,,-13.407825,41.593212
faceforensics/NeuralTextures/246_258/000011.jpg,1,246,NeuralTextures,FaceForensics++,faceforensics/NeuralTextures/246_258/000011.jpg,246.0,246|258,246_258,test,source_video_disjoint_v1,0.92928576,FF++,FF++ NeuralTextures,,33.576077,-3.7755888
faceforensics/NeuralTextures/651_835/000002.jpg,1,651,NeuralTextures,FaceForensics++,faceforensics/NeuralTextures/651_835/000002.jpg,651.0,651|835,651_835,test,source_video_disjoint_v1,0.74931693,FF++,FF++ NeuralTextures,,0.23111065,-28.181164
faceforensics/NeuralTextures/468_470/000002.jpg,1,468,NeuralTextures,FaceForensics++,faceforensics/NeuralTextures/468_470/000002.jpg,468.0,468|470,468_470,test,source_video_disjoint_v1,0.27640218,FF++,FF++ NeuralTextures,,9.663109,28.42097
faceforensics/NeuralTextures/737_719/000020.jpg,1,737,NeuralTextures,FaceForensics++,faceforensics/NeuralTextures/737_719/000020.jpg,737.0,737|719,737_719,test,source_video_disjoint_v1,0.25778055,FF++,FF++ NeuralTextures,,-34.33956,26.117682
faceforensics/NeuralTextures/258_246/000017.jpg,1,258,NeuralTextures,FaceForensics++,faceforensics/NeuralTextures/258_246/000017.jpg,258.0,258|246,258_246,test,source_video_disjoint_v1,0.99875844,FF++,FF++ NeuralTextures,,14.752222,-25.484512
faceforensics/NeuralTextures/835_651/000007.jpg,1,835,NeuralTextures,FaceForensics++,faceforensics/NeuralTextures/835_651/000007.jpg,835.0,835|651,835_651,test,source_video_disjoint_v1,0.99979883,FF++,FF++ NeuralTextures,,13.851928,-10.17568
faceforensics/NeuralTextures/470_468/000028.jpg,1,470,NeuralTextures,FaceForensics++,faceforensics/NeuralTextures/470_468/000028.jpg,470.0,470|468,470_468,test,source_video_disjoint_v1,0.9988236,FF++,FF++ NeuralTextures,,16.42117,8.285647
faceforensics/NeuralTextures/246_258/000027.jpg,1,246,NeuralTextures,FaceForensics++,faceforensics/NeuralTextures/246_258/000027.jpg,246.0,246|258,246_258,test,source_video_disjoint_v1,0.9981351,FF++,FF++ NeuralTextures,,35.02547,-5.375063
faceforensics/NeuralTextures/651_835/000018.jpg,1,651,NeuralTextures,FaceForensics++,faceforensics/NeuralTextures/651_835/000018.jpg,651.0,651|835,651_835,test,source_video_disjoint_v1,0.24522848,FF++,FF++ NeuralTextures,,-1.3117685,-28.530022
faceforensics/NeuralTextures/719_737/000020.jpg,1,719,NeuralTextures,FaceForensics++,faceforensics/NeuralTextures/719_737/000020.jpg,719.0,719|737,719_737,test,source_video_disjoint_v1,0.9992422,FF++,FF++ NeuralTextures,,-14.024641,40.00039
faceforensics/NeuralTextures/468_470/000010.jpg,1,468,NeuralTextures,FaceForensics++,faceforensics/NeuralTextures/468_470/000010.jpg,468.0,468|470,468_470,test,source_video_disjoint_v1,0.0057753874,FF++,FF++ NeuralTextures,,7.104778,29.740894
faceforensics/NeuralTextures/737_719/000001.jpg,1,737,NeuralTextures,FaceForensics++,faceforensics/NeuralTextures/737_719/000001.jpg,737.0,737|719,737_719,test,source_video_disjoint_v1,0.07612597,FF++,FF++ NeuralTextures,,-33.733658,25.745594
faceforensics/NeuralTextures/258_246/000013.jpg,1,258,NeuralTextures,FaceForensics++,faceforensics/NeuralTextures/258_246/000013.jpg,258.0,258|246,258_246,test,source_video_disjoint_v1,0.9972892,FF++,FF++ NeuralTextures,,13.398911,-25.802044
faceforensics/NeuralTextures/835_651/000012.jpg,1,835,NeuralTextures,FaceForensics++,faceforensics/NeuralTextures/835_651/000012.jpg,835.0,835|651,835_651,test,source_video_disjoint_v1,0.9962804,FF++,FF++ NeuralTextures,,12.578618,-11.150544
faceforensics/NeuralTextures/246_258/000004.jpg,1,246,NeuralTextures,FaceForensics++,faceforensics/NeuralTextures/246_258/000004.jpg,246.0,246|258,246_258,test,source_video_disjoint_v1,0.8622392,FF++,FF++ NeuralTextures,,32.993637,-3.8846838
faceforensics/NeuralTextures/651_835/000015.jpg,1,651,NeuralTextures,FaceForensics++,faceforensics/NeuralTextures/651_835/000015.jpg,651.0,651|835,651_835,test,source_video_disjoint_v1,0.9402966,FF++,FF++ NeuralTextures,,1.0983518,-27.912672
faceforensics/NeuralTextures/468_470/000004.jpg,1,468,NeuralTextures,FaceForensics++,faceforensics/NeuralTextures/468_470/000004.jpg,468.0,468|470,468_470,test,source_video_disjoint_v1,0.1642525,FF++,FF++ NeuralTextures,,8.773197,29.609285
faceforensics/NeuralTextures/719_737/000004.jpg,1,719,NeuralTextures,FaceForensics++,faceforensics/NeuralTextures/719_737/000004.jpg,719.0,719|737,719_737,test,source_video_disjoint_v1,0.9945017,FF++,FF++ NeuralTextures,,-12.742934,41.772213
faceforensics/NeuralTextures/470_468/000004.jpg,1,470,NeuralTextures,FaceForensics++,faceforensics/NeuralTextures/470_468/000004.jpg,470.0,470|468,470_468,test,source_video_disjoint_v1,0.9814786,FF++,FF++ NeuralTextures,,15.145882,9.087783
faceforensics/NeuralTextures/258_246/000023.jpg,1,258,NeuralTextures,FaceForensics++,faceforensics/NeuralTextures/258_246/000023.jpg,258.0,258|246,258_246,test,source_video_disjoint_v1,0.99775237,FF++,FF++ NeuralTextures,,14.042696,-25.538208
faceforensics/NeuralTextures/737_719/000004.jpg,1,737,NeuralTextures,FaceForensics++,faceforensics/NeuralTextures/737_719/000004.jpg,737.0,737|719,737_719,test,source_video_disjoint_v1,0.44470626,FF++,FF++ NeuralTextures,,-35.469994,25.284029
faceforensics/NeuralTextures/835_651/000003.jpg,1,835,NeuralTextures,FaceForensics++,faceforensics/NeuralTextures/835_651/000003.jpg,835.0,835|651,835_651,test,source_video_disjoint_v1,0.9994024,FF++,FF++ NeuralTextures,,13.827504,-10.865162
faceforensics/NeuralTextures/651_835/000008.jpg,1,651,NeuralTextures,FaceForensics++,faceforensics/NeuralTextures/651_835/000008.jpg,651.0,651|835,651_835,test,source_video_disjoint_v1,0.313464,FF++,FF++ NeuralTextures,,-1.4171082,-29.17326
faceforensics/NeuralTextures/246_258/000023.jpg,1,246,NeuralTextures,FaceForensics++,faceforensics/NeuralTextures/246_258/000023.jpg,246.0,246|258,246_258,test,source_video_disjoint_v1,0.9505324,FF++,FF++ NeuralTextures,,35.25146,-3.8008459
faceforensics/NeuralTextures/719_737/000028.jpg,1,719,NeuralTextures,FaceForensics++,faceforensics/NeuralTextures/719_737/000028.jpg,719.0,719|737,719_737,test,source_video_disjoint_v1,0.9991327,FF++,FF++ NeuralTextures,,-13.913931,41.01949
faceforensics/NeuralTextures/468_470/000021.jpg,1,468,NeuralTextures,FaceForensics++,faceforensics/NeuralTextures/468_470/000021.jpg,468.0,468|470,468_470,test,source_video_disjoint_v1,0.017185904,FF++,FF++ NeuralTextures,,7.488928,30.34706
faceforensics/NeuralTextures/470_468/000015.jpg,1,470,NeuralTextures,FaceForensics++,faceforensics/NeuralTextures/470_468/000015.jpg,470.0,470|468,470_468,test,source_video_disjoint_v1,0.8502945,FF++,FF++ NeuralTextures,,14.230804,10.885397
faceforensics/NeuralTextures/258_246/000019.jpg,1,258,NeuralTextures,FaceForensics++,faceforensics/NeuralTextures/258_246/000019.jpg,258.0,258|246,258_246,test,source_video_disjoint_v1,0.9959086,FF++,FF++ NeuralTextures,,14.370441,-25.938475
faceforensics/NeuralTextures/835_651/000008.jpg,1,835,NeuralTextures,FaceForensics++,faceforensics/NeuralTextures/835_651/000008.jpg,835.0,835|651,835_651,test,source_video_disjoint_v1,0.9997955,FF++,FF++ NeuralTextures,,14.073001,-10.438618
faceforensics/NeuralTextures/737_719/000025.jpg,1,737,NeuralTextures,FaceForensics++,faceforensics/NeuralTextures/737_719/000025.jpg,737.0,737|719,737_719,test,source_video_disjoint_v1,0.1313763,FF++,FF++ NeuralTextures,,-34.465767,25.615864
faceforensics/NeuralTextures/651_835/000003.jpg,1,651,NeuralTextures,FaceForensics++,faceforensics/NeuralTextures/651_835/000003.jpg,651.0,651|835,651_835,test,source_video_disjoint_v1,0.60998684,FF++,FF++ NeuralTextures,,-0.20508039,-28.829206
faceforensics/NeuralTextures/246_258/000003.jpg,1,246,NeuralTextures,FaceForensics++,faceforensics/NeuralTextures/246_258/000003.jpg,246.0,246|258,246_258,test,source_video_disjoint_v1,0.5573539,FF++,FF++ NeuralTextures,,32.258755,-3.3329866
faceforensics/NeuralTextures/719_737/000013.jpg,1,719,NeuralTextures,FaceForensics++,faceforensics/NeuralTextures/719_737/000013.jpg,719.0,719|737,719_737,test,source_video_disjoint_v1,0.9931427,FF++,FF++ NeuralTextures,,-11.666226,39.003353
faceforensics/NeuralTextures/468_470/000020.jpg,1,468,NeuralTextures,FaceForensics++,faceforensics/NeuralTextures/468_470/000020.jpg,468.0,468|470,468_470,test,source_video_disjoint_v1,0.10544777,FF++,FF++ NeuralTextures,,9.231148,28.83695
faceforensics/NeuralTextures/258_246/000004.jpg,1,258,NeuralTextures,FaceForensics++,faceforensics/NeuralTextures/258_246/000004.jpg,258.0,258|246,258_246,test,source_video_disjoint_v1,0.9972791,FF++,FF++ NeuralTextures,,14.176484,-26.324358
faceforensics/NeuralTextures/470_468/000020.jpg,1,470,NeuralTextures,FaceForensics++,faceforensics/NeuralTextures/470_468/000020.jpg,470.0,470|468,470_468,test,source_video_disjoint_v1,0.9933114,FF++,FF++ NeuralTextures,,15.682883,8.134324
faceforensics/NeuralTextures/835_651/000019.jpg,1,835,NeuralTextures,FaceForensics++,faceforensics/NeuralTextures/835_651/000019.jpg,835.0,835|651,835_651,test,source_video_disjoint_v1,0.99814177,FF++,FF++ NeuralTextures,,12.519652,-10.651384
faceforensics/NeuralTextures/737_719/000015.jpg,1,737,NeuralTextures,FaceForensics++,faceforensics/NeuralTextures/737_719/000015.jpg,737.0,737|719,737_719,test,source_video_disjoint_v1,0.48205593,FF++,FF++ NeuralTextures,,-35.07253,26.22147
faceforensics/NeuralTextures/651_835/000025.jpg,1,651,NeuralTextures,FaceForensics++,faceforensics/NeuralTextures/651_835/000025.jpg,651.0,651|835,651_835,test,source_video_disjoint_v1,0.87396365,FF++,FF++ NeuralTextures,,0.7137289,-28.407888
faceforensics/NeuralTextures/246_258/000007.jpg,1,246,NeuralTextures,FaceForensics++,faceforensics/NeuralTextures/246_258/000007.jpg,246.0,246|258,246_258,test,source_video_disjoint_v1,0.05493397,FF++,FF++ NeuralTextures,,-15.128029,-24.852175
faceforensics/NeuralTextures/719_737/000021.jpg,1,719,NeuralTextures,FaceForensics++,faceforensics/NeuralTextures/719_737/000021.jpg,719.0,719|737,719_737,test,source_video_disjoint_v1,0.99044573,FF++,FF++ NeuralTextures,,-12.197022,39.107662
faceforensics/NeuralTextures/470_468/000001.jpg,1,470,NeuralTextures,FaceForensics++,faceforensics/NeuralTextures/470_468/000001.jpg,470.0,470|468,470_468,test,source_video_disjoint_v1,0.089553155,FF++,FF++ NeuralTextures,,12.604706,12.2036
faceforensics/NeuralTextures/468_470/000023.jpg,1,468,NeuralTextures,FaceForensics++,faceforensics/NeuralTextures/468_470/000023.jpg,468.0,468|470,468_470,test,source_video_disjoint_v1,0.047731202,FF++,FF++ NeuralTextures,,8.321416,29.00185
faceforensics/NeuralTextures/258_246/000029.jpg,1,258,NeuralTextures,FaceForensics++,faceforensics/NeuralTextures/258_246/000029.jpg,258.0,258|246,258_246,test,source_video_disjoint_v1,0.975827,FF++,FF++ NeuralTextures,,13.895193,-30.224775
faceforensics/NeuralTextures/835_651/000010.jpg,1,835,NeuralTextures,FaceForensics++,faceforensics/NeuralTextures/835_651/000010.jpg,835.0,835|651,835_651,test,source_video_disjoint_v1,0.9969319,FF++,FF++ NeuralTextures,,13.018641,-11.366087
faceforensics/NeuralTextures/737_719/000018.jpg,1,737,NeuralTextures,FaceForensics++,faceforensics/NeuralTextures/737_719/000018.jpg,737.0,737|719,737_719,test,source_video_disjoint_v1,0.17539424,FF++,FF++ NeuralTextures,,-34.060326,26.27226
faceforensics/NeuralTextures/651_835/000013.jpg,1,651,NeuralTextures,FaceForensics++,faceforensics/NeuralTextures/651_835/000013.jpg,651.0,651|835,651_835,test,source_video_disjoint_v1,0.34060892,FF++,FF++ NeuralTextures,,-1.1131513,-29.017658
faceforensics/NeuralTextures/468_470/000029.jpg,1,468,NeuralTextures,FaceForensics++,faceforensics/NeuralTextures/468_470/000029.jpg,468.0,468|470,468_470,test,source_video_disjoint_v1,0.0059430045,FF++,FF++ NeuralTextures,,7.3962355,28.709173
faceforensics/NeuralTextures/246_258/000008.jpg,1,246,NeuralTextures,FaceForensics++,faceforensics/NeuralTextures/246_258/000008.jpg,246.0,246|258,246_258,test,source_video_disjoint_v1,0.9176657,FF++,FF++ NeuralTextures,,31.904146,-4.339262
faceforensics/NeuralTextures/719_737/000016.jpg,1,719,NeuralTextures,FaceForensics++,faceforensics/NeuralTextures/719_737/000016.jpg,719.0,719|737,719_737,test,source_video_disjoint_v1,0.9990464,FF++,FF++ NeuralTextures,,-13.339433,40.625584
faceforensics/NeuralTextures/258_246/000024.jpg,1,258,NeuralTextures,FaceForensics++,faceforensics/NeuralTextures/258_246/000024.jpg,258.0,258|246,258_246,test,source_video_disjoint_v1,0.9982191,FF++,FF++ NeuralTextures,,15.01889,-26.138617
faceforensics/NeuralTextures/470_468/000017.jpg,1,470,NeuralTextures,FaceForensics++,faceforensics/NeuralTextures/470_468/000017.jpg,470.0,470|468,470_468,test,source_video_disjoint_v1,0.9129171,FF++,FF++ NeuralTextures,,14.77269,10.923365
faceforensics/NeuralTextures/737_719/000019.jpg,1,737,NeuralTextures,FaceForensics++,faceforensics/NeuralTextures/737_719/000019.jpg,737.0,737|719,737_719,test,source_video_disjoint_v1,0.065303825,FF++,FF++ NeuralTextures,,-33.446507,26.18177
faceforensics/NeuralTextures/835_651/000026.jpg,1,835,NeuralTextures,FaceForensics++,faceforensics/NeuralTextures/835_651/000026.jpg,835.0,835|651,835_651,test,source_video_disjoint_v1,0.9990497,FF++,FF++ NeuralTextures,,13.1228695,-10.871932
faceforensics/NeuralTextures/246_258/000013.jpg,1,246,NeuralTextures,FaceForensics++,faceforensics/NeuralTextures/246_258/000013.jpg,246.0,246|258,246_258,test,source_video_disjoint_v1,0.5800615,FF++,FF++ NeuralTextures,,32.783108,-3.0282373
faceforensics/NeuralTextures/651_835/000011.jpg,1,651,NeuralTextures,FaceForensics++,faceforensics/NeuralTextures/651_835/000011.jpg,651.0,651|835,651_835,test,source_video_disjoint_v1,0.8218501,FF++,FF++ NeuralTextures,,0.44431648,-27.85657
faceforensics/NeuralTextures/468_470/000012.jpg,1,468,NeuralTextures,FaceForensics++,faceforensics/NeuralTextures/468_470/000012.jpg,468.0,468|470,468_470,test,source_video_disjoint_v1,0.16902764,FF++,FF++ NeuralTextures,,9.452754,27.368395
faceforensics/NeuralTextures/258_246/000020.jpg,1,258,NeuralTextures,FaceForensics++,faceforensics/NeuralTextures/258_246/000020.jpg,258.0,258|246,258_246,test,source_video_disjoint_v1,0.9986958,FF++,FF++ NeuralTextures,,14.612413,-26.100845
faceforensics/NeuralTextures/719_737/000024.jpg,1,719,NeuralTextures,FaceForensics++,faceforensics/NeuralTextures/719_737/000024.jpg,719.0,719|737,719_737,test,source_video_disjoint_v1,0.99957067,FF++,FF++ NeuralTextures,,-14.739761,39.661034
faceforensics/NeuralTextures/737_719/000009.jpg,1,737,NeuralTextures,FaceForensics++,faceforensics/NeuralTextures/737_719/000009.jpg,737.0,737|719,737_719,test,source_video_disjoint_v1,0.98240095,FF++,FF++ NeuralTextures,,-36.22673,26.40631
faceforensics/NeuralTextures/835_651/000001.jpg,1,835,NeuralTextures,FaceForensics++,faceforensics/NeuralTextures/835_651/000001.jpg,835.0,835|651,835_651,test,source_video_disjoint_v1,0.9982874,FF++,FF++ NeuralTextures,,13.822797,-11.44174
faceforensics/NeuralTextures/470_468/000013.jpg,1,470,NeuralTextures,FaceForensics++,faceforensics/NeuralTextures/470_468/000013.jpg,470.0,470|468,470_468,test,source_video_disjoint_v1,0.95264286,FF++,FF++ NeuralTextures,,14.846317,9.385126
faceforensics/NeuralTextures/246_258/000017.jpg,1,246,NeuralTextures,FaceForensics++,faceforensics/NeuralTextures/246_258/000017.jpg,246.0,246|258,246_258,test,source_video_disjoint_v1,0.64289993,FF++,FF++ NeuralTextures,,31.270287,-4.415687
faceforensics/NeuralTextures/651_835/000014.jpg,1,651,NeuralTextures,FaceForensics++,faceforensics/NeuralTextures/651_835/000014.jpg,651.0,651|835,651_835,test,source_video_disjoint_v1,0.69456035,FF++,FF++ NeuralTextures,,-0.0369495,-28.001184
faceforensics/NeuralTextures/468_470/000003.jpg,1,468,NeuralTextures,FaceForensics++,faceforensics/NeuralTextures/468_470/000003.jpg,468.0,468|470,468_470,test,source_video_disjoint_v1,0.0070555722,FF++,FF++ NeuralTextures,,7.0035896,30.380342
faceforensics/NeuralTextures/719_737/000019.jpg,1,719,NeuralTextures,FaceForensics++,faceforensics/NeuralTextures/719_737/000019.jpg,719.0,719|737,719_737,test,source_video_disjoint_v1,0.9989266,FF++,FF++ NeuralTextures,,-13.919696,39.786537
faceforensics/NeuralTextures/258_246/000028.jpg,1,258,NeuralTextures,FaceForensics++,faceforensics/NeuralTextures/258_246/000028.jpg,258.0,258|246,258_246,test,source_video_disjoint_v1,0.9866976,FF++,FF++ NeuralTextures,,13.922396,-27.302492
faceforensics/NeuralTextures/737_719/000023.jpg,1,737,NeuralTextures,FaceForensics++,faceforensics/NeuralTextures/737_719/000023.jpg,737.0,737|719,737_719,test,source_video_disjoint_v1,0.83395666,FF++,FF++ NeuralTextures,,-35.764343,25.906647
faceforensics/NeuralTextures/835_651/000022.jpg,1,835,NeuralTextures,FaceForensics++,faceforensics/NeuralTextures/835_651/000022.jpg,835.0,835|651,835_651,test,source_video_disjoint_v1,0.975943,FF++,FF++ NeuralTextures,,11.717101,-12.005733
faceforensics/NeuralTextures/470_468/000009.jpg,1,470,NeuralTextures,FaceForensics++,faceforensics/NeuralTextures/470_468/000009.jpg,470.0,470|468,470_468,test,source_video_disjoint_v1,0.84934914,FF++,FF++ NeuralTextures,,14.3422,11.242068
faceforensics/NeuralTextures/258_246/000018.jpg,1,258,NeuralTextures,FaceForensics++,faceforensics/NeuralTextures/258_246/000018.jpg,258.0,258|246,258_246,test,source_video_disjoint_v1,0.99800605,FF++,FF++ NeuralTextures,,14.651564,-26.568977
faceforensics/NeuralTextures/468_470/000028.jpg,1,468,NeuralTextures,FaceForensics++,faceforensics/NeuralTextures/468_470/000028.jpg,468.0,468|470,468_470,test,source_video_disjoint_v1,0.115362205,FF++,FF++ NeuralTextures,,9.303166,28.623129
faceforensics/NeuralTextures/246_258/000021.jpg,1,246,NeuralTextures,FaceForensics++,faceforensics/NeuralTextures/246_258/000021.jpg,246.0,246|258,246_258,test,source_video_disjoint_v1,0.8330265,FF++,FF++ NeuralTextures,,34.05573,-2.9966028
faceforensics/NeuralTextures/719_737/000010.jpg,1,719,NeuralTextures,FaceForensics++,faceforensics/NeuralTextures/719_737/000010.jpg,719.0,719|737,719_737,test,source_video_disjoint_v1,0.99717486,FF++,FF++ NeuralTextures,,-12.421556,40.722885
faceforensics/NeuralTextures/737_719/000007.jpg,1,737,NeuralTextures,FaceForensics++,faceforensics/NeuralTextures/737_719/000007.jpg,737.0,737|719,737_719,test,source_video_disjoint_v1,0.28027362,FF++,FF++ NeuralTextures,,-34.63714,25.293531
faceforensics/NeuralTextures/651_835/000009.jpg,1,651,NeuralTextures,FaceForensics++,faceforensics/NeuralTextures/651_835/000009.jpg,651.0,651|835,651_835,test,source_video_disjoint_v1,0.3884306,FF++,FF++ NeuralTextures,,-0.8916799,-28.221308
faceforensics/NeuralTextures/835_651/000015.jpg,1,835,NeuralTextures,FaceForensics++,faceforensics/NeuralTextures/835_651/000015.jpg,835.0,835|651,835_651,test,source_video_disjoint_v1,0.96052885,FF++,FF++ NeuralTextures,,12.270707,-12.516736
faceforensics/NeuralTextures/470_468/000026.jpg,1,470,NeuralTextures,FaceForensics++,faceforensics/NeuralTextures/470_468/000026.jpg,470.0,470|468,470_468,test,source_video_disjoint_v1,0.9884035,FF++,FF++ NeuralTextures,,15.452607,9.753054
faceforensics/NeuralTextures/258_246/000027.jpg,1,258,NeuralTextures,FaceForensics++,faceforensics/NeuralTextures/258_246/000027.jpg,258.0,258|246,258_246,test,source_video_disjoint_v1,0.9958514,FF++,FF++ NeuralTextures,,13.7323,-26.07943
faceforensics/NeuralTextures/737_719/000011.jpg,1,737,NeuralTextures,FaceForensics++,faceforensics/NeuralTextures/737_719/000011.jpg,737.0,737|719,737_719,test,source_video_disjoint_v1,0.2876906,FF++,FF++ NeuralTextures,,-34.08092,26.432257
faceforensics/NeuralTextures/719_737/000007.jpg,1,719,NeuralTextures,FaceForensics++,faceforensics/NeuralTextures/719_737/000007.jpg,719.0,719|737,719_737,test,source_video_disjoint_v1,0.99922,FF++,FF++ NeuralTextures,,-14.03115,40.95177
faceforensics/NeuralTextures/246_258/000001.jpg,1,246,NeuralTextures,FaceForensics++,faceforensics/NeuralTextures/246_258/000001.jpg,246.0,246|258,246_258,test,source_video_disjoint_v1,0.9534709,FF++,FF++ NeuralTextures,,33.71817,-4.5009313
faceforensics/NeuralTextures/651_835/000029.jpg,1,651,NeuralTextures,FaceForensics++,faceforensics/NeuralTextures/651_835/000029.jpg,651.0,651|835,651_835,test,source_video_disjoint_v1,0.45793703,FF++,FF++ NeuralTextures,,-0.841506,-27.37939
faceforensics/NeuralTextures/468_470/000027.jpg,1,468,NeuralTextures,FaceForensics++,faceforensics/NeuralTextures/468_470/000027.jpg,468.0,468|470,468_470,test,source_video_disjoint_v1,0.030250445,FF++,FF++ NeuralTextures,,8.841493,28.2469
faceforensics/NeuralTextures/835_651/000004.jpg,1,835,NeuralTextures,FaceForensics++,faceforensics/NeuralTextures/835_651/000004.jpg,835.0,835|651,835_651,test,source_video_disjoint_v1,0.99986744,FF++,FF++ NeuralTextures,,14.190818,-10.127052
faceforensics/NeuralTextures/470_468/000016.jpg,1,470,NeuralTextures,FaceForensics++,faceforensics/NeuralTextures/470_468/000016.jpg,470.0,470|468,470_468,test,source_video_disjoint_v1,0.99718046,FF++,FF++ NeuralTextures,,16.151081,9.3211355
faceforensics/NeuralTextures/258_246/000007.jpg,1,258,NeuralTextures,FaceForensics++,faceforensics/NeuralTextures/258_246/000007.jpg,258.0,258|246,258_246,test,source_video_disjoint_v1,0.9978917,FF++,FF++ NeuralTextures,,14.669079,-25.609894
faceforensics/NeuralTextures/651_835/000010.jpg,1,651,NeuralTextures,FaceForensics++,faceforensics/NeuralTextures/651_835/000010.jpg,651.0,651|835,651_835,test,source_video_disjoint_v1,0.48450303,FF++,FF++ NeuralTextures,,-0.58787054,-28.025705
faceforensics/NeuralTextures/719_737/000001.jpg,1,719,NeuralTextures,FaceForensics++,faceforensics/NeuralTextures/719_737/000001.jpg,719.0,719|737,719_737,test,source_video_disjoint_v1,0.99787354,FF++,FF++ NeuralTextures,,-13.25012,39.494724
faceforensics/NeuralTextures/737_719/000022.jpg,1,737,NeuralTextures,FaceForensics++,faceforensics/NeuralTextures/737_719/000022.jpg,737.0,737|719,737_719,test,source_video_disjoint_v1,0.9428072,FF++,FF++ NeuralTextures,,-35.904167,26.385515
faceforensics/NeuralTextures/468_470/000014.jpg,1,468,NeuralTextures,FaceForensics++,faceforensics/NeuralTextures/468_470/000014.jpg,468.0,468|470,468_470,test,source_video_disjoint_v1,0.08472305,FF++,FF++ NeuralTextures,,8.187482,29.945988
faceforensics/NeuralTextures/835_651/000000.jpg,1,835,NeuralTextures,FaceForensics++,faceforensics/NeuralTextures/835_651/000000.jpg,835.0,835|651,835_651,test,source_video_disjoint_v1,0.9996921,FF++,FF++ NeuralTextures,,14.426539,-10.759447
faceforensics/NeuralTextures/246_258/000020.jpg,1,246,NeuralTextures,FaceForensics++,faceforensics/NeuralTextures/246_258/000020.jpg,246.0,246|258,246_258,test,source_video_disjoint_v1,0.95196813,FF++,FF++ NeuralTextures,,33.98228,-4.602756
faceforensics/NeuralTextures/470_468/000002.jpg,1,470,NeuralTextures,FaceForensics++,faceforensics/NeuralTextures/470_468/000002.jpg,470.0,470|468,470_468,test,source_video_disjoint_v1,0.9692329,FF++,FF++ NeuralTextures,,15.085963,9.724272
faceforensics/NeuralTextures/258_246/000022.jpg,1,258,NeuralTextures,FaceForensics++,faceforensics/NeuralTextures/258_246/000022.jpg,258.0,258|246,258_246,test,source_video_disjoint_v1,0.99854016,FF++,FF++ NeuralTextures,,15.090068,-26.388655
faceforensics/NeuralTextures/651_835/000001.jpg,1,651,NeuralTextures,FaceForensics++,faceforensics/NeuralTextures/651_835/000001.jpg,651.0,651|835,651_835,test,source_video_disjoint_v1,0.46876317,FF++,FF++ NeuralTextures,,-0.62589186,-28.962446
faceforensics/NeuralTextures/835_651/000029.jpg,1,835,NeuralTextures,FaceForensics++,faceforensics/NeuralTextures/835_651/000029.jpg,835.0,835|651,835_651,test,source_video_disjoint_v1,0.8972864,FF++,FF++ NeuralTextures,,11.259287,-13.2717285
faceforensics/NeuralTextures/737_719/000008.jpg,1,737,NeuralTextures,FaceForensics++,faceforensics/NeuralTextures/737_719/000008.jpg,737.0,737|719,737_719,test,source_video_disjoint_v1,0.11182727,FF++,FF++ NeuralTextures,,-34.38039,25.368717
faceforensics/NeuralTextures/468_470/000011.jpg,1,468,NeuralTextures,FaceForensics++,faceforensics/NeuralTextures/468_470/000011.jpg,468.0,468|470,468_470,test,source_video_disjoint_v1,0.011851768,FF++,FF++ NeuralTextures,,8.04092,28.80803
faceforensics/NeuralTextures/246_258/000014.jpg,1,246,NeuralTextures,FaceForensics++,faceforensics/NeuralTextures/246_258/000014.jpg,246.0,246|258,246_258,test,source_video_disjoint_v1,0.94099486,FF++,FF++ NeuralTextures,,33.738365,-4.0480757
faceforensics/NeuralTextures/719_737/000029.jpg,1,719,NeuralTextures,FaceForensics++,faceforensics/NeuralTextures/719_737/000029.jpg,719.0,719|737,719_737,test,source_video_disjoint_v1,0.9996364,FF++,FF++ NeuralTextures,,-14.552447,40.569668
faceforensics/NeuralTextures/470_468/000012.jpg,1,470,NeuralTextures,FaceForensics++,faceforensics/NeuralTextures/470_468/000012.jpg,470.0,470|468,470_468,test,source_video_disjoint_v1,0.9345006,FF++,FF++ NeuralTextures,,14.959867,10.466801
C:\Users\Rohith Syam\Documents\UTS SEMESTER 3\image processing\idea 2\outputs\generalization_upgrade\02_external_bias_audit\normalized_external\real\03\32442803_1991-09-14_2012.jpg,0,03/32442803_1991-09-14_2012.jpg,real,deepfakeface,deepfakeface_sd15/real/03/32442803_1991-09-14_2012.jpg,,,,,,0.00024042293,External,External real,45.0,-20.005325,-19.176865
C:\Users\Rohith Syam\Documents\UTS SEMESTER 3\image processing\idea 2\outputs\generalization_upgrade\02_external_bias_audit\normalized_external\real\35\1566935_1953-09-11_2010.jpg,0,35/1566935_1953-09-11_2010.jpg,real,deepfakeface,deepfakeface_sd15/real/35/1566935_1953-09-11_2010.jpg,,,,,,0.66353947,External,External real,157.0,-5.2443066,2.9160874
C:\Users\Rohith Syam\Documents\UTS SEMESTER 3\image processing\idea 2\outputs\generalization_upgrade\02_external_bias_audit\normalized_external\real\73\9311273_1979-08-24_2010.jpg,0,73/9311273_1979-08-24_2010.jpg,real,deepfakeface,deepfakeface_sd15/real/73/9311273_1979-08-24_2010.jpg,,,,,,0.00039019375,External,External real,256.0,-25.09872,-1.8174378
C:\Users\Rohith Syam\Documents\UTS SEMESTER 3\image processing\idea 2\outputs\generalization_upgrade\02_external_bias_audit\normalized_external\real\03\2740303_1974-11-03_1999.jpg,0,03/2740303_1974-11-03_1999.jpg,real,deepfakeface,deepfakeface_sd15/real/03/2740303_1974-11-03_1999.jpg,,,,,,0.0007851271,External,External real,42.0,-17.487007,-5.9541817
C:\Users\Rohith Syam\Documents\UTS SEMESTER 3\image processing\idea 2\outputs\generalization_upgrade\02_external_bias_audit\normalized_external\real\55\1349055_1974-02-24_2009.jpg,0,55/1349055_1974-02-24_2009.jpg,real,deepfakeface,deepfakeface_sd15/real/55/1349055_1974-02-24_2009.jpg,,,,,,0.3231652,External,External real,181.0,-6.904243,-0.84284234
C:\Users\Rohith Syam\Documents\UTS SEMESTER 3\image processing\idea 2\outputs\generalization_upgrade\02_external_bias_audit\normalized_external\real\00\28886000_1928-01-17_2009.jpg,0,00/28886000_1928-01-17_2009.jpg,real,deepfakeface,deepfakeface_sd15/real/00/28886000_1928-01-17_2009.jpg,,,,,,0.011157862,External,External real,9.0,-19.73888,-0.06698646
C:\Users\Rohith Syam\Documents\UTS SEMESTER 3\image processing\idea 2\outputs\generalization_upgrade\02_external_bias_audit\normalized_external\real\03\34807003_1990-05-29_2013.jpg,0,03/34807003_1990-05-29_2013.jpg,real,deepfakeface,deepfakeface_sd15/real/03/34807003_1990-05-29_2013.jpg,,,,,,0.015071029,External,External real,46.0,-13.135162,5.176852
C:\Users\Rohith Syam\Documents\UTS SEMESTER 3\image processing\idea 2\outputs\generalization_upgrade\02_external_bias_audit\normalized_external\real\35\34163535_1988-04-03_2011.jpg,0,35/34163535_1988-04-03_2011.jpg,real,deepfakeface,deepfakeface_sd15/real/35/34163535_1988-04-03_2011.jpg,,,,,,0.8360655,External,External real,172.0,-7.826964,3.0614688
C:\Users\Rohith Syam\Documents\UTS SEMESTER 3\image processing\idea 2\outputs\generalization_upgrade\02_external_bias_audit\normalized_external\real\14\36573714_1984-12-01_2012.jpg,0,14/36573714_1984-12-01_2012.jpg,real,deepfakeface,deepfakeface_sd15/real/14/36573714_1984-12-01_2012.jpg,,,,,,0.06955177,External,External real,77.0,-5.156918,4.5155835
C:\Users\Rohith Syam\Documents\UTS SEMESTER 3\image processing\idea 2\outputs\generalization_upgrade\02_external_bias_audit\normalized_external\real\55\3566855_1977-08-09_2010.jpg,0,55/3566855_1977-08-09_2010.jpg,real,deepfakeface,deepfakeface_sd15/real/55/3566855_1977-08-09_2010.jpg,,,,,,0.6768514,External,External real,195.0,-3.659949,0.5031655
C:\Users\Rohith Syam\Documents\UTS SEMESTER 3\image processing\idea 2\outputs\generalization_upgrade\02_external_bias_audit\normalized_external\real\71\3312671_1985-08-02_2008.jpg,0,71/3312671_1985-08-02_2008.jpg,real,deepfakeface,deepfakeface_sd15/real/71/3312671_1985-08-02_2008.jpg,,,,,,0.2882105,External,External real,222.0,-5.6734486,0.390984
C:\Users\Rohith Syam\Documents\UTS SEMESTER 3\image processing\idea 2\outputs\generalization_upgrade\02_external_bias_audit\normalized_external\real\03\14926103_1928-01-13_1958.jpg,0,03/14926103_1928-01-13_1958.jpg,real,deepfakeface,deepfakeface_sd15/real/03/14926103_1928-01-13_1958.jpg,,,,,,0.11582592,External,External real,33.0,-7.2461495,-2.3971038
C:\Users\Rohith Syam\Documents\UTS SEMESTER 3\image processing\idea 2\outputs\generalization_upgrade\02_external_bias_audit\normalized_external\real\21\8789221_1983-08-14_2012.jpg,0,21/8789221_1983-08-14_2012.jpg,real,deepfakeface,deepfakeface_sd15/real/21/8789221_1983-08-14_2012.jpg,,,,,,0.0042414055,External,External real,116.0,-11.06144,3.247991
C:\Users\Rohith Syam\Documents\UTS SEMESTER 3\image processing\idea 2\outputs\generalization_upgrade\02_external_bias_audit\normalized_external\real\98\45298998_1988-08-17_2012.jpg,0,98/45298998_1988-08-17_2012.jpg,real,deepfakeface,deepfakeface_sd15/real/98/45298998_1988-08-17_2012.jpg,,,,,,0.9526528,External,External real,279.0,-1.8802174,4.927055
C:\Users\Rohith Syam\Documents\UTS SEMESTER 3\image processing\idea 2\outputs\generalization_upgrade\02_external_bias_audit\normalized_external\real\03\9000703_1982-07-16_2008.jpg,0,03/9000703_1982-07-16_2008.jpg,real,deepfakeface,deepfakeface_sd15/real/03/9000703_1982-07-16_2008.jpg,,,,,,0.5812104,External,External real,56.0,-2.410518,0.3673261
C:\Users\Rohith Syam\Documents\UTS SEMESTER 3\image processing\idea 2\outputs\generalization_upgrade\02_external_bias_audit\normalized_external\real\71\27164771_1990-09-17_2009.jpg,0,71/27164771_1990-09-17_2009.jpg,real,deepfakeface,deepfakeface_sd15/real/71/27164771_1990-09-17_2009.jpg,,,,,,0.0005998868,External,External real,216.0,-22.651693,-10.507488
C:\Users\Rohith Syam\Documents\UTS SEMESTER 3\image processing\idea 2\outputs\generalization_upgrade\02_external_bias_audit\normalized_external\real\00\2669900_1933-07-29_1968.jpg,0,00/2669900_1933-07-29_1968.jpg,real,deepfakeface,deepfakeface_sd15/real/00/2669900_1933-07-29_1968.jpg,,,,,,0.0013129526,External,External real,5.0,-18.319887,-8.843916
C:\Users\Rohith Syam\Documents\UTS SEMESTER 3\image processing\idea 2\outputs\generalization_upgrade\02_external_bias_audit\normalized_external\real\71\42650171_1946-12-10_2013.jpg,0,71/42650171_1946-12-10_2013.jpg,real,deepfakeface,deepfakeface_sd15/real/71/42650171_1946-12-10_2013.jpg,,,,,,4.0852403e-05,External,External real,224.0,-24.024454,-12.371354
C:\Users\Rohith Syam\Documents\UTS SEMESTER 3\image processing\idea 2\outputs\generalization_upgrade\02_external_bias_audit\normalized_external\real\73\18933173_1984-05-13_2011.jpg,0,73/18933173_1984-05-13_2011.jpg,real,deepfakeface,deepfakeface_sd15/real/73/18933173_1984-05-13_2011.jpg,,,,,,0.3853103,External,External real,237.0,-7.0668135,3.509814
C:\Users\Rohith Syam\Documents\UTS SEMESTER 3\image processing\idea 2\outputs\generalization_upgrade\02_external_bias_audit\normalized_external\real\14\35642014_1989-04-27_2012.jpg,0,14/35642014_1989-04-27_2012.jpg,real,deepfakeface,deepfakeface_sd15/real/14/35642014_1989-04-27_2012.jpg,,,,,,0.00015583177,External,External real,75.0,-21.177084,3.633544
C:\Users\Rohith Syam\Documents\UTS SEMESTER 3\image processing\idea 2\outputs\generalization_upgrade\02_external_bias_audit\normalized_external\real\98\23428298_1982-12-22_2009.jpg,0,98/23428298_1982-12-22_2009.jpg,real,deepfakeface,deepfakeface_sd15/real/98/23428298_1982-12-22_2009.jpg,,,,,,0.061768185,External,External real,267.0,-9.91356,4.134136
C:\Users\Rohith Syam\Documents\UTS SEMESTER 3\image processing\idea 2\outputs\generalization_upgrade\02_external_bias_audit\normalized_external\real\14\5923814_1958-08-28_1991.jpg,0,14/5923814_1958-08-28_1991.jpg,real,deepfakeface,deepfakeface_sd15/real/14/5923814_1958-08-28_1991.jpg,,,,,,0.9837141,External,External real,84.0,-1.1456572,2.6533031
C:\Users\Rohith Syam\Documents\UTS SEMESTER 3\image processing\idea 2\outputs\generalization_upgrade\02_external_bias_audit\normalized_external\real\21\7623721_1978-03-01_2010.jpg,0,21/7623721_1978-03-01_2010.jpg,real,deepfakeface,deepfakeface_sd15/real/21/7623721_1978-03-01_2010.jpg,,,,,,0.0003659844,External,External real,113.0,-21.710182,3.5432692
C:\Users\Rohith Syam\Documents\UTS SEMESTER 3\image processing\idea 2\outputs\generalization_upgrade\02_external_bias_audit\normalized_external\real\98\670098_1974-07-29_2009.jpg,0,98/670098_1974-07-29_2009.jpg,real,deepfakeface,deepfakeface_sd15/real/98/670098_1974-07-29_2009.jpg,,,,,,0.41211057,External,External real,286.0,-8.679785,5.54128
C:\Users\Rohith Syam\Documents\UTS SEMESTER 3\image processing\idea 2\outputs\generalization_upgrade\02_external_bias_audit\normalized_external\real\14\28819114_1961-06-26_2009.jpg,0,14/28819114_1961-06-26_2009.jpg,real,deepfakeface,deepfakeface_sd15/real/14/28819114_1961-06-26_2009.jpg,,,,,,0.21624333,External,External real,73.0,-10.304834,0.77664113
C:\Users\Rohith Syam\Documents\UTS SEMESTER 3\image processing\idea 2\outputs\generalization_upgrade\02_external_bias_audit\normalized_external\real\73\41639973_1876-12-25_1940.jpg,0,73/41639973_1876-12-25_1940.jpg,real,deepfakeface,deepfakeface_sd15/real/73/41639973_1876-12-25_1940.jpg,,,,,,0.11562266,External,External real,250.0,-14.785457,-10.580238
C:\Users\Rohith Syam\Documents\UTS SEMESTER 3\image processing\idea 2\outputs\generalization_upgrade\02_external_bias_audit\normalized_external\real\34\42708434_1996-03-11_2013.jpg,0,34/42708434_1996-03-11_2013.jpg,real,deepfakeface,deepfakeface_sd15/real/34/42708434_1996-03-11_2013.jpg,,,,,,0.1906321,External,External real,140.0,-13.956472,0.81898487
C:\Users\Rohith Syam\Documents\UTS SEMESTER 3\image processing\idea 2\outputs\generalization_upgrade\02_external_bias_audit\normalized_external\real\34\78834_1970-04-29_2014.jpg,0,34/78834_1970-04-29_2014.jpg,real,deepfakeface,deepfakeface_sd15/real/34/78834_1970-04-29_2014.jpg,,,,,,0.003785661,External,External real,147.0,-13.109021,-10.799395
C:\Users\Rohith Syam\Documents\UTS SEMESTER 3\image processing\idea 2\outputs\generalization_upgrade\02_external_bias_audit\normalized_external\real\21\6574321_1982-08-10_2012.jpg,0,21/6574321_1982-08-10_2012.jpg,real,deepfakeface,deepfakeface_sd15/real/21/6574321_1982-08-10_2012.jpg,,,,,,0.18292935,External,External real,111.0,-3.45587,6.502514
C:\Users\Rohith Syam\Documents\UTS SEMESTER 3\image processing\idea 2\outputs\generalization_upgrade\02_external_bias_audit\normalized_external\real\14\12041214_1955-03-25_2012.jpg,0,14/12041214_1955-03-25_2012.jpg,real,deepfakeface,deepfakeface_sd15/real/14/12041214_1955-03-25_2012.jpg,,,,,,0.00021925716,External,External real,60.0,-30.391611,-8.110711
C:\Users\Rohith Syam\Documents\UTS SEMESTER 3\image processing\idea 2\outputs\generalization_upgrade\02_external_bias_audit\normalized_external\real\21\29126821_1986-10-07_2014.jpg,0,21/29126821_1986-10-07_2014.jpg,real,deepfakeface,deepfakeface_sd15/real/21/29126821_1986-10-07_2014.jpg,,,,,,4.669201e-06,External,External real,101.0,-22.26377,-16.453283
C:\Users\Rohith Syam\Documents\UTS SEMESTER 3\image processing\idea 2\outputs\generalization_upgrade\02_external_bias_audit\normalized_external\real\55\1941155_1993-07-26_2010.jpg,0,55/1941155_1993-07-26_2010.jpg,real,deepfakeface,deepfakeface_sd15/real/55/1941155_1993-07-26_2010.jpg,,,,,,0.10750202,External,External real,185.0,-10.16504,-0.52515876
C:\Users\Rohith Syam\Documents\UTS SEMESTER 3\image processing\idea 2\outputs\generalization_upgrade\02_external_bias_audit\normalized_external\real\35\14347235_1959-06-15_2013.jpg,0,35/14347235_1959-06-15_2013.jpg,real,deepfakeface,deepfakeface_sd15/real/35/14347235_1959-06-15_2013.jpg,,,,,,0.39201856,External,External real,154.0,-8.334191,5.598193
C:\Users\Rohith Syam\Documents\UTS SEMESTER 3\image processing\idea 2\outputs\generalization_upgrade\02_external_bias_audit\normalized_external\real\73\16855173_1937-10-21_2008.jpg,0,73/16855173_1937-10-21_2008.jpg,real,deepfakeface,deepfakeface_sd15/real/73/16855173_1937-10-21_2008.jpg,,,,,,0.052729573,External,External real,236.0,-3.7302008,5.6272573
C:\Users\Rohith Syam\Documents\UTS SEMESTER 3\image processing\idea 2\outputs\generalization_upgrade\02_external_bias_audit\normalized_external\real\55\14904555_1915-05-08_1941.jpg,0,55/14904555_1915-05-08_1941.jpg,real,deepfakeface,deepfakeface_sd15/real/55/14904555_1915-05-08_1941.jpg,,,,,,9.9824596e-05,External,External real,183.0,-19.424002,-11.746981
C:\Users\Rohith Syam\Documents\UTS SEMESTER 3\image processing\idea 2\outputs\generalization_upgrade\02_external_bias_audit\normalized_external\real\35\31663335_1976-06-05_2013.jpg,0,35/31663335_1976-06-05_2013.jpg,real,deepfakeface,deepfakeface_sd15/real/35/31663335_1976-06-05_2013.jpg,,,,,,0.0007020627,External,External real,168.0,-28.674881,-1.5441278
C:\Users\Rohith Syam\Documents\UTS SEMESTER 3\image processing\idea 2\outputs\generalization_upgrade\02_external_bias_audit\normalized_external\real\71\967871_1972-12-15_2008.jpg,0,71/967871_1972-12-15_2008.jpg,real,deepfakeface,deepfakeface_sd15/real/71/967871_1972-12-15_2008.jpg,,,,,,0.04474247,External,External real,231.0,-10.181861,-5.484666
C:\Users\Rohith Syam\Documents\UTS SEMESTER 3\image processing\idea 2\outputs\generalization_upgrade\02_external_bias_audit\normalized_external\real\34\4413434_1984-01-21_2013.jpg,0,34/4413434_1984-01-21_2013.jpg,real,deepfakeface,deepfakeface_sd15/real/34/4413434_1984-01-21_2013.jpg,,,,,,0.976982,External,External real,143.0,-7.2416043,2.0406456
C:\Users\Rohith Syam\Documents\UTS SEMESTER 3\image processing\idea 2\outputs\generalization_upgrade\02_external_bias_audit\normalized_external\real\55\46238055_1947-10-19_1980.jpg,0,55/46238055_1947-10-19_1980.jpg,real,deepfakeface,deepfakeface_sd15/real/55/46238055_1947-10-19_1980.jpg,,,,,,5.566472e-05,External,External real,202.0,-28.072006,1.8390956
C:\Users\Rohith Syam\Documents\UTS SEMESTER 3\image processing\idea 2\outputs\generalization_upgrade\02_external_bias_audit\normalized_external\real\21\9404921_1978-07-09_2009.jpg,0,21/9404921_1978-07-09_2009.jpg,real,deepfakeface,deepfakeface_sd15/real/21/9404921_1978-07-09_2009.jpg,,,,,,0.037479956,External,External real,117.0,-12.702515,2.375234
C:\Users\Rohith Syam\Documents\UTS SEMESTER 3\image processing\idea 2\outputs\generalization_upgrade\02_external_bias_audit\normalized_external\real\35\28265335_1988-06-22_2013.jpg,0,35/28265335_1988-06-22_2013.jpg,real,deepfakeface,deepfakeface_sd15/real/35/28265335_1988-06-22_2013.jpg,,,,,,0.00034448516,External,External real,165.0,-23.303755,-9.406915
C:\Users\Rohith Syam\Documents\UTS SEMESTER 3\image processing\idea 2\outputs\generalization_upgrade\02_external_bias_audit\normalized_external\real\73\5332173_1935-09-06_2008.jpg,0,73/5332173_1935-09-06_2008.jpg,real,deepfakeface,deepfakeface_sd15/real/73/5332173_1935-09-06_2008.jpg,,,,,,0.0001305748,External,External real,254.0,-30.513838,-2.287308
C:\Users\Rohith Syam\Documents\UTS SEMESTER 3\image processing\idea 2\outputs\generalization_upgrade\02_external_bias_audit\normalized_external\real\35\1437535_1935-02-22_2010.jpg,0,35/1437535_1935-02-22_2010.jpg,real,deepfakeface,deepfakeface_sd15/real/35/1437535_1935-02-22_2010.jpg,,,,,,0.39052862,External,External real,155.0,-6.446167,-2.8659108
C:\Users\Rohith Syam\Documents\UTS SEMESTER 3\image processing\idea 2\outputs\generalization_upgrade\02_external_bias_audit\normalized_external\real\34\25905034_1992-04-05_2009.jpg,0,34/25905034_1992-04-05_2009.jpg,real,deepfakeface,deepfakeface_sd15/real/34/25905034_1992-04-05_2009.jpg,,,,,,0.9872088,External,External real,132.0,-0.4677764,-5.8456535
C:\Users\Rohith Syam\Documents\UTS SEMESTER 3\image processing\idea 2\outputs\generalization_upgrade\02_external_bias_audit\normalized_external\real\03\10970703_1984-05-21_2011.jpg,0,03/10970703_1984-05-21_2011.jpg,real,deepfakeface,deepfakeface_sd15/real/03/10970703_1984-05-21_2011.jpg,,,,,,0.11397558,External,External real,30.0,-3.410706,6.5220904
C:\Users\Rohith Syam\Documents\UTS SEMESTER 3\image processing\idea 2\outputs\generalization_upgrade\02_external_bias_audit\normalized_external\real\00\67000_1947-05-13_2007.jpg,0,00/67000_1947-05-13_2007.jpg,real,deepfakeface,deepfakeface_sd15/real/00/67000_1947-05-13_2007.jpg,,,,,,0.46785915,External,External real,22.0,-3.7358997,5.452527
C:\Users\Rohith Syam\Documents\UTS SEMESTER 3\image processing\idea 2\outputs\generalization_upgrade\02_external_bias_audit\normalized_external\real\00\8222200_1941-05-15_1964.jpg,0,00/8222200_1941-05-15_1964.jpg,real,deepfakeface,deepfakeface_sd15/real/00/8222200_1941-05-15_1964.jpg,,,,,,0.8065256,External,External real,24.0,-4.6260624,1.549054
C:\Users\Rohith Syam\Documents\UTS SEMESTER 3\image processing\idea 2\outputs\generalization_upgrade\02_external_bias_audit\normalized_external\real\35\16105135_1980-04-18_2012.jpg,0,35/16105135_1980-04-18_2012.jpg,real,deepfakeface,deepfakeface_sd15/real/35/16105135_1980-04-18_2012.jpg,,,,,,0.7918515,External,External real,158.0,-7.305839,0.9154222
C:\Users\Rohith Syam\Documents\UTS SEMESTER 3\image processing\idea 2\outputs\generalization_upgrade\02_external_bias_audit\normalized_external\real\34\4998434_1979-05-16_2005.jpg,0,34/4998434_1979-05-16_2005.jpg,real,deepfakeface,deepfakeface_sd15/real/34/4998434_1979-05-16_2005.jpg,,,,,,0.00015373615,External,External real,144.0,-25.76163,-1.2454153
C:\Users\Rohith Syam\Documents\UTS SEMESTER 3\image processing\idea 2\outputs\generalization_upgrade\02_external_bias_audit\normalized_external\real\35\3110335_1948-04-03_2012.jpg,0,35/3110335_1948-04-03_2012.jpg,real,deepfakeface,deepfakeface_sd15/real/35/3110335_1948-04-03_2012.jpg,,,,,,0.0020991387,External,External real,167.0,-17.984676,1.6887612
C:\Users\Rohith Syam\Documents\UTS SEMESTER 3\image processing\idea 2\outputs\generalization_upgrade\02_external_bias_audit\normalized_external\real\73\21741673_1995-03-01_2009.jpg,0,73/21741673_1995-03-01_2009.jpg,real,deepfakeface,deepfakeface_sd15/real/73/21741673_1995-03-01_2009.jpg,,,,,,0.43283567,External,External real,239.0,-3.5607617,-2.4613762
C:\Users\Rohith Syam\Documents\UTS SEMESTER 3\image processing\idea 2\outputs\generalization_upgrade\02_external_bias_audit\normalized_external\real\73\502973_1958-03-25_2012.jpg,0,73/502973_1958-03-25_2012.jpg,real,deepfakeface,deepfakeface_sd15/real/73/502973_1958-03-25_2012.jpg,,,,,,0.0046586394,External,External real,253.0,-8.203878,-3.7964594
C:\Users\Rohith Syam\Documents\UTS SEMESTER 3\image processing\idea 2\outputs\generalization_upgrade\02_external_bias_audit\normalized_external\real\21\20599521_1967-08-09_2012.jpg,0,21/20599521_1967-08-09_2012.jpg,real,deepfakeface,deepfakeface_sd15/real/21/20599521_1967-08-09_2012.jpg,,,,,,0.00011196804,External,External real,97.0,-25.924482,-4.5218725
C:\Users\Rohith Syam\Documents\UTS SEMESTER 3\image processing\idea 2\outputs\generalization_upgrade\02_external_bias_audit\normalized_external\real\71\14220271_1972-11-30_2008.jpg,0,71/14220271_1972-11-30_2008.jpg,real,deepfakeface,deepfakeface_sd15/real/71/14220271_1972-11-30_2008.jpg,,,,,,1.14218765e-05,External,External real,207.0,-27.139587,-5.0977836
C:\Users\Rohith Syam\Documents\UTS SEMESTER 3\image processing\idea 2\outputs\generalization_upgrade\02_external_bias_audit\normalized_external\real\35\36702535_1992-07-04_2012.jpg,0,35/36702535_1992-07-04_2012.jpg,real,deepfakeface,deepfakeface_sd15/real/35/36702535_1992-07-04_2012.jpg,,,,,,0.7968808,External,External real,173.0,-5.0878606,1.9634835
C:\Users\Rohith Syam\Documents\UTS SEMESTER 3\image processing\idea 2\outputs\generalization_upgrade\02_external_bias_audit\normalized_external\real\55\1196855_1923-06-24_2009.jpg,0,55/1196855_1923-06-24_2009.jpg,real,deepfakeface,deepfakeface_sd15/real/55/1196855_1923-06-24_2009.jpg,,,,,,0.08750583,External,External real,179.0,-18.139357,4.350309
C:\Users\Rohith Syam\Documents\UTS SEMESTER 3\image processing\idea 2\outputs\generalization_upgrade\02_external_bias_audit\normalized_external\real\98\40883698_1972-01-26_2014.jpg,0,98/40883698_1972-01-26_2014.jpg,real,deepfakeface,deepfakeface_sd15/real/98/40883698_1972-01-26_2014.jpg,,,,,,0.2421851,External,External real,277.0,-13.17441,6.885327
C:\Users\Rohith Syam\Documents\UTS SEMESTER 3\image processing\idea 2\outputs\generalization_upgrade\02_external_bias_audit\normalized_external\real\00\26771200_1988-08-13_2009.jpg,0,00/26771200_1988-08-13_2009.jpg,real,deepfakeface,deepfakeface_sd15/real/00/26771200_1988-08-13_2009.jpg,,,,,,0.6836617,External,External real,6.0,-6.4356523,2.3990989
C:\Users\Rohith Syam\Documents\UTS SEMESTER 3\image processing\idea 2\outputs\generalization_upgrade\02_external_bias_audit\normalized_external\real\21\15905321_1990-01-06_2009.jpg,0,21/15905321_1990-01-06_2009.jpg,real,deepfakeface,deepfakeface_sd15/real/21/15905321_1990-01-06_2009.jpg,,,,,,0.112872325,External,External real,93.0,-14.622174,6.677862
C:\Users\Rohith Syam\Documents\UTS SEMESTER 3\image processing\idea 2\outputs\generalization_upgrade\02_external_bias_audit\normalized_external\real\14\1995914_1928-11-21_1976.jpg,0,14/1995914_1928-11-21_1976.jpg,real,deepfakeface,deepfakeface_sd15/real/14/1995914_1928-11-21_1976.jpg,,,,,,0.00022500641,External,External real,66.0,-28.25462,1.2892684
C:\Users\Rohith Syam\Documents\UTS SEMESTER 3\image processing\idea 2\outputs\generalization_upgrade\02_external_bias_audit\normalized_external\real\14\170514_1963-03-06_1970.jpg,0,14/170514_1963-03-06_1970.jpg,real,deepfakeface,deepfakeface_sd15/real/14/170514_1963-03-06_1970.jpg,,,,,,0.0005940285,External,External real,63.0,-19.516832,-13.287837
C:\Users\Rohith Syam\Documents\UTS SEMESTER 3\image processing\idea 2\outputs\generalization_upgrade\02_external_bias_audit\normalized_external\real\14\41732014_1943-06-18_1969.jpg,0,14/41732014_1943-06-18_1969.jpg,real,deepfakeface,deepfakeface_sd15/real/14/41732014_1943-06-18_1969.jpg,,,,,,0.7595321,External,External real,79.0,-4.1113935,-2.8277159
C:\Users\Rohith Syam\Documents\UTS SEMESTER 3\image processing\idea 2\outputs\generalization_upgrade\02_external_bias_audit\normalized_external\real\00\836500_1977-03-04_2007.jpg,0,00/836500_1977-03-04_2007.jpg,real,deepfakeface,deepfakeface_sd15/real/00/836500_1977-03-04_2007.jpg,,,,,,0.2851318,External,External real,25.0,-4.5206203,5.0238876
C:\Users\Rohith Syam\Documents\UTS SEMESTER 3\image processing\idea 2\outputs\generalization_upgrade\02_external_bias_audit\normalized_external\real\55\3523055_1984-05-01_2014.jpg,0,55/3523055_1984-05-01_2014.jpg,real,deepfakeface,deepfakeface_sd15/real/55/3523055_1984-05-01_2014.jpg,,,,,,0.14656022,External,External real,194.0,-11.467078,4.4301744
C:\Users\Rohith Syam\Documents\UTS SEMESTER 3\image processing\idea 2\outputs\generalization_upgrade\02_external_bias_audit\normalized_external\real\34\603934_1963-12-04_2013.jpg,0,34/603934_1963-12-04_2013.jpg,real,deepfakeface,deepfakeface_sd15/real/34/603934_1963-12-04_2013.jpg,,,,,,0.0006344404,External,External real,146.0,-22.989714,-9.467692
C:\Users\Rohith Syam\Documents\UTS SEMESTER 3\image processing\idea 2\outputs\generalization_upgrade\02_external_bias_audit\normalized_external\real\73\666973_1960-09-19_2005.jpg,0,73/666973_1960-09-19_2005.jpg,real,deepfakeface,deepfakeface_sd15/real/73/666973_1960-09-19_2005.jpg,,,,,,0.0014200893,External,External real,255.0,-24.386106,3.198522
C:\Users\Rohith Syam\Documents\UTS SEMESTER 3\image processing\idea 2\outputs\generalization_upgrade\02_external_bias_audit\normalized_external\real\00\46667800_1978-03-16_2014.jpg,0,00/46667800_1978-03-16_2014.jpg,real,deepfakeface,deepfakeface_sd15/real/00/46667800_1978-03-16_2014.jpg,,,,,,3.1200187e-05,External,External real,19.0,-29.07183,-4.020994
C:\Users\Rohith Syam\Documents\UTS SEMESTER 3\image processing\idea 2\outputs\generalization_upgrade\02_external_bias_audit\normalized_external\real\98\4691798_1977-09-15_2005.jpg,0,98/4691798_1977-09-15_2005.jpg,real,deepfakeface,deepfakeface_sd15/real/98/4691798_1977-09-15_2005.jpg,,,,,,0.10227246,External,External real,280.0,-12.24468,4.2898436
C:\Users\Rohith Syam\Documents\UTS SEMESTER 3\image processing\idea 2\outputs\generalization_upgrade\02_external_bias_audit\normalized_external\real\21\15872621_1922-08-28_1952.jpg,0,21/15872621_1922-08-28_1952.jpg,real,deepfakeface,deepfakeface_sd15/real/21/15872621_1922-08-28_1952.jpg,,,,,,0.16993646,External,External real,92.0,-14.983822,-8.961572
C:\Users\Rohith Syam\Documents\UTS SEMESTER 3\image processing\idea 2\outputs\generalization_upgrade\02_external_bias_audit\normalized_external\real\00\38882500_1940-10-04_1977.jpg,0,00/38882500_1940-10-04_1977.jpg,real,deepfakeface,deepfakeface_sd15/real/00/38882500_1940-10-04_1977.jpg,,,,,,0.11135369,External,External real,15.0,-7.7670045,-2.7992196
C:\Users\Rohith Syam\Documents\UTS SEMESTER 3\image processing\idea 2\outputs\generalization_upgrade\02_external_bias_audit\normalized_external\real\00\3293900_1973-09-23_2004.jpg,0,00/3293900_1973-09-23_2004.jpg,real,deepfakeface,deepfakeface_sd15/real/00/3293900_1973-09-23_2004.jpg,,,,,,0.6724813,External,External real,10.0,-5.135789,2.1182375
C:\Users\Rohith Syam\Documents\UTS SEMESTER 3\image processing\idea 2\outputs\generalization_upgrade\02_external_bias_audit\normalized_external\real\71\12738371_1985-05-25_2015.jpg,0,71/12738371_1985-05-25_2015.jpg,real,deepfakeface,deepfakeface_sd15/real/71/12738371_1985-05-25_2015.jpg,,,,,,0.38754928,External,External real,206.0,-7.999001,0.56646067
C:\Users\Rohith Syam\Documents\UTS SEMESTER 3\image processing\idea 2\outputs\generalization_upgrade\02_external_bias_audit\normalized_external\real\14\21538614_1990-11-01_2015.jpg,0,14/21538614_1990-11-01_2015.jpg,real,deepfakeface,deepfakeface_sd15/real/14/21538614_1990-11-01_2015.jpg,,,,,,0.009571155,External,External real,68.0,-12.752695,-3.1247694
C:\Users\Rohith Syam\Documents\UTS SEMESTER 3\image processing\idea 2\outputs\generalization_upgrade\02_external_bias_audit\normalized_external\real\21\40783721_1958-04-16_2013.jpg,0,21/40783721_1958-04-16_2013.jpg,real,deepfakeface,deepfakeface_sd15/real/21/40783721_1958-04-16_2013.jpg,,,,,,0.0431818,External,External real,108.0,-13.495999,-0.04190473
C:\Users\Rohith Syam\Documents\UTS SEMESTER 3\image processing\idea 2\outputs\generalization_upgrade\02_external_bias_audit\normalized_external\real\03\21296103_1982-04-25_2011.jpg,0,03/21296103_1982-04-25_2011.jpg,real,deepfakeface,deepfakeface_sd15/real/03/21296103_1982-04-25_2011.jpg,,,,,,0.9987608,External,External real,37.0,-0.37703982,2.0619996
C:\Users\Rohith Syam\Documents\UTS SEMESTER 3\image processing\idea 2\outputs\generalization_upgrade\02_external_bias_audit\normalized_external\real\00\3982800_1988-01-29_2012.jpg,0,00/3982800_1988-01-29_2012.jpg,real,deepfakeface,deepfakeface_sd15/real/00/3982800_1988-01-29_2012.jpg,,,,,,0.20417666,External,External real,16.0,-9.032217,1.9001207
C:\Users\Rohith Syam\Documents\UTS SEMESTER 3\image processing\idea 2\outputs\generalization_upgrade\02_external_bias_audit\normalized_external\real\71\23399171_1991-05-22_2009.jpg,0,71/23399171_1991-05-22_2009.jpg,real,deepfakeface,deepfakeface_sd15/real/71/23399171_1991-05-22_2009.jpg,,,,,,0.0001850492,External,External real,213.0,-20.746222,3.389098
C:\Users\Rohith Syam\Documents\UTS SEMESTER 3\image processing\idea 2\outputs\generalization_upgrade\02_external_bias_audit\normalized_external\real\98\32664798_1990-03-03_2014.jpg,0,98/32664798_1990-03-03_2014.jpg,real,deepfakeface,deepfakeface_sd15/real/98/32664798_1990-03-03_2014.jpg,,,,,,0.008380096,External,External real,274.0,-15.33541,2.9979856
C:\Users\Rohith Syam\Documents\UTS SEMESTER 3\image processing\idea 2\outputs\generalization_upgrade\02_external_bias_audit\normalized_external\real\98\10760998_1937-01-14_1968.jpg,0,98/10760998_1937-01-14_1968.jpg,real,deepfakeface,deepfakeface_sd15/real/98/10760998_1937-01-14_1968.jpg,,,,,,1.3277259e-05,External,External real,260.0,-20.741404,-9.489859
C:\Users\Rohith Syam\Documents\UTS SEMESTER 3\image processing\idea 2\outputs\generalization_upgrade\02_external_bias_audit\normalized_external\real\14\2009614_1964-05-13_2008.jpg,0,14/2009614_1964-05-13_2008.jpg,real,deepfakeface,deepfakeface_sd15/real/14/2009614_1964-05-13_2008.jpg,,,,,,0.00020064955,External,External real,67.0,-31.866568,-3.6513724
C:\Users\Rohith Syam\Documents\UTS SEMESTER 3\image processing\idea 2\outputs\generalization_upgrade\02_external_bias_audit\normalized_external\real\14\448514_1959-03-06_2007.jpg,0,14/448514_1959-03-06_2007.jpg,real,deepfakeface,deepfakeface_sd15/real/14/448514_1959-03-06_2007.jpg,,,,,,0.00021980872,External,External real,82.0,-26.51101,-8.988112
C:\Users\Rohith Syam\Documents\UTS SEMESTER 3\image processing\idea 2\outputs\generalization_upgrade\02_external_bias_audit\normalized_external\real\24\2968824_1963-05-26_2011.jpg,0,24/2968824_1963-05-26_2011.jpg,real,deepfakeface,deepfakeface_sd15/real/24/2968824_1963-05-26_2011.jpg,,,,,,0.0007250803,External,External real,118.0,-19.349768,-17.65783
C:\Users\Rohith Syam\Documents\UTS SEMESTER 3\image processing\idea 2\outputs\generalization_upgrade\02_external_bias_audit\normalized_external\real\71\17112571_1992-02-27_2012.jpg,0,71/17112571_1992-02-27_2012.jpg,real,deepfakeface,deepfakeface_sd15/real/71/17112571_1992-02-27_2012.jpg,,,,,,0.9890654,External,External real,209.0,0.8818583,-0.6383327
C:\Users\Rohith Syam\Documents\UTS SEMESTER 3\image processing\idea 2\outputs\generalization_upgrade\02_external_bias_audit\normalized_external\real\21\4137921_1965-08-22_2013.jpg,0,21/4137921_1965-08-22_2013.jpg,real,deepfakeface,deepfakeface_sd15/real/21/4137921_1965-08-22_2013.jpg,,,,,,0.13268937,External,External real,109.0,-8.102886,5.729571
C:\Users\Rohith Syam\Documents\UTS SEMESTER 3\image processing\idea 2\outputs\generalization_upgrade\02_external_bias_audit\normalized_external\real\55\870155_1962-12-01_2010.jpg,0,55/870155_1962-12-01_2010.jpg,real,deepfakeface,deepfakeface_sd15/real/55/870155_1962-12-01_2010.jpg,,,,,,0.00018733654,External,External real,204.0,-24.196033,-5.954318
C:\Users\Rohith Syam\Documents\UTS SEMESTER 3\image processing\idea 2\outputs\generalization_upgrade\02_external_bias_audit\normalized_external\real\21\1176621_1966-05-16_2010.jpg,0,21/1176621_1966-05-16_2010.jpg,real,deepfakeface,deepfakeface_sd15/real/21/1176621_1966-05-16_2010.jpg,,,,,,0.0039056987,External,External real,90.0,-15.256573,3.483115
C:\Users\Rohith Syam\Documents\UTS SEMESTER 3\image processing\idea 2\outputs\generalization_upgrade\02_external_bias_audit\normalized_external\real\00\4236500_1977-10-18_2005.jpg,0,00/4236500_1977-10-18_2005.jpg,real,deepfakeface,deepfakeface_sd15/real/00/4236500_1977-10-18_2005.jpg,,,,,,0.050796676,External,External real,18.0,-5.657997,6.444445
C:\Users\Rohith Syam\Documents\UTS SEMESTER 3\image processing\idea 2\outputs\generalization_upgrade\02_external_bias_audit\normalized_external\real\71\9845271_1955-09-16_2001.jpg,0,71/9845271_1955-09-16_2001.jpg,real,deepfakeface,deepfakeface_sd15/real/71/9845271_1955-09-16_2001.jpg,,,,,,0.19964902,External,External real,232.0,-7.2901053,4.597979
C:\Users\Rohith Syam\Documents\UTS SEMESTER 3\image processing\idea 2\outputs\generalization_upgrade\02_external_bias_audit\normalized_external\real\14\852514_1980-01-18_2013.jpg,0,14/852514_1980-01-18_2013.jpg,real,deepfakeface,deepfakeface_sd15/real/14/852514_1980-01-18_2013.jpg,,,,,,0.40857202,External,External real,86.0,-11.691885,5.60095
C:\Users\Rohith Syam\Documents\UTS SEMESTER 3\image processing\idea 2\outputs\generalization_upgrade\02_external_bias_audit\normalized_external\real\71\35188571_1983-09-18_2009.jpg,0,71/35188571_1983-09-18_2009.jpg,real,deepfakeface,deepfakeface_sd15/real/71/35188571_1983-09-18_2009.jpg,,,,,,1.7037417e-05,External,External real,223.0,-26.264069,-6.783368
C:\Users\Rohith Syam\Documents\UTS SEMESTER 3\image processing\idea 2\outputs\generalization_upgrade\02_external_bias_audit\normalized_external\real\73\3365773_1949-06-24_1985.jpg,0,73/3365773_1949-06-24_1985.jpg,real,deepfakeface,deepfakeface_sd15/real/73/3365773_1949-06-24_1985.jpg,,,,,,0.54617023,External,External real,244.0,-8.826774,-1.9837843
C:\Users\Rohith Syam\Documents\UTS SEMESTER 3\image processing\idea 2\outputs\generalization_upgrade\02_external_bias_audit\normalized_external\real\21\7170221_1933-03-27_1983.jpg,0,21/7170221_1933-03-27_1983.jpg,real,deepfakeface,deepfakeface_sd15/real/21/7170221_1933-03-27_1983.jpg,,,,,,0.07827255,External,External real,112.0,-9.634545,-1.6834899
C:\Users\Rohith Syam\Documents\UTS SEMESTER 3\image processing\idea 2\outputs\generalization_upgrade\02_external_bias_audit\normalized_external\real\98\6548698_1964-02-27_2010.jpg,0,98/6548698_1964-02-27_2010.jpg,real,deepfakeface,deepfakeface_sd15/real/98/6548698_1964-02-27_2010.jpg,,,,,,0.00025588294,External,External real,285.0,-27.411987,-1.1831399
C:\Users\Rohith Syam\Documents\UTS SEMESTER 3\image processing\idea 2\outputs\generalization_upgrade\02_external_bias_audit\normalized_external\real\55\20025755_1979-03-10_2009.jpg,0,55/20025755_1979-03-10_2009.jpg,real,deepfakeface,deepfakeface_sd15/real/55/20025755_1979-03-10_2009.jpg,,,,,,5.4140517e-05,External,External real,186.0,-28.771858,-1.9343671
C:\Users\Rohith Syam\Documents\UTS SEMESTER 3\image processing\idea 2\outputs\generalization_upgrade\02_external_bias_audit\normalized_external\real\03\8902703_1978-09-20_2007.jpg,0,03/8902703_1978-09-20_2007.jpg,real,deepfakeface,deepfakeface_sd15/real/03/8902703_1978-09-20_2007.jpg,,,,,,0.66967195,External,External real,55.0,-8.389374,5.558162
C:\Users\Rohith Syam\Documents\UTS SEMESTER 3\image processing\idea 2\outputs\generalization_upgrade\02_external_bias_audit\normalized_external\real\34\12829834_1950-08-15_2002.jpg,0,34/12829834_1950-08-15_2002.jpg,real,deepfakeface,deepfakeface_sd15/real/34/12829834_1950-08-15_2002.jpg,,,,,,0.7476017,External,External real,124.0,-5.1134615,0.26610833
C:\Users\Rohith Syam\Documents\UTS SEMESTER 3\image processing\idea 2\outputs\generalization_upgrade\02_external_bias_audit\normalized_external\real\71\775271_1959-09-16_2011.jpg,0,71/775271_1959-09-16_2011.jpg,real,deepfakeface,deepfakeface_sd15/real/71/775271_1959-09-16_2011.jpg,,,,,,0.002076878,External,External real,228.0,-15.599662,6.6816716
C:\Users\Rohith Syam\Documents\UTS SEMESTER 3\image processing\idea 2\outputs\generalization_upgrade\02_external_bias_audit\normalized_external\real\03\2220103_1954-05-18_2009.jpg,0,03/2220103_1954-05-18_2009.jpg,real,deepfakeface,deepfakeface_sd15/real/03/2220103_1954-05-18_2009.jpg,,,,,,0.0034052038,External,External real,38.0,-22.33319,0.32879996
C:\Users\Rohith Syam\Documents\UTS SEMESTER 3\image processing\idea 2\outputs\generalization_upgrade\02_external_bias_audit\normalized_external\real\35\6232035_1987-09-07_2013.jpg,0,35/6232035_1987-09-07_2013.jpg,real,deepfakeface,deepfakeface_sd15/real/35/6232035_1987-09-07_2013.jpg,,,,,,0.007495075,External,External real,175.0,-11.198793,3.463513
C:\Users\Rohith Syam\Documents\UTS SEMESTER 3\image processing\idea 2\outputs\generalization_upgrade\02_external_bias_audit\normalized_external\real\26\503926_1976-12-31_2009.jpg,0,26/503926_1976-12-31_2009.jpg,real,deepfakeface,deepfakeface_sd15/real/26/503926_1976-12-31_2009.jpg,,,,,,0.0008549026,External,External real,119.0,-15.162743,-16.473917
C:\Users\Rohith Syam\Documents\UTS SEMESTER 3\image processing\idea 2\outputs\generalization_upgrade\02_external_bias_audit\normalized_external\real\03\9729003_1988-05-18_2011.jpg,0,03/9729003_1988-05-18_2011.jpg,real,deepfakeface,deepfakeface_sd15/real/03/9729003_1988-05-18_2011.jpg,,,,,,0.32415426,External,External real,57.0,-7.1386137,0.83264977
C:\Users\Rohith Syam\Documents\UTS SEMESTER 3\image processing\idea 2\outputs\generalization_upgrade\02_external_bias_audit\normalized_external\real\21\8194621_1986-02-16_2009.jpg,0,21/8194621_1986-02-16_2009.jpg,real,deepfakeface,deepfakeface_sd15/real/21/8194621_1986-02-16_2009.jpg,,,,,,0.16368538,External,External real,114.0,-1.5629503,-0.6439157
C:\Users\Rohith Syam\Documents\UTS SEMESTER 3\image processing\idea 2\outputs\generalization_upgrade\02_external_bias_audit\normalized_external\real\98\40219898_1975-03-11_2013.jpg,0,98/40219898_1975-03-11_2013.jpg,real,deepfakeface,deepfakeface_sd15/real/98/40219898_1975-03-11_2013.jpg,,,,,,0.00091563247,External,External real,276.0,-22.619453,-8.792481
C:\Users\Rohith Syam\Documents\UTS SEMESTER 3\image processing\idea 2\outputs\generalization_upgrade\02_external_bias_audit\normalized_external\real\98\27687598_1957-10-28_2009.jpg,0,98/27687598_1957-10-28_2009.jpg,real,deepfakeface,deepfakeface_sd15/real/98/27687598_1957-10-28_2009.jpg,,,,,,0.094903864,External,External real,272.0,-7.5132856,4.603735
C:\Users\Rohith Syam\Documents\UTS SEMESTER 3\image processing\idea 2\outputs\generalization_upgrade\02_external_bias_audit\normalized_external\real\73\20989373_1938-09-15_1988.jpg,0,73/20989373_1938-09-15_1988.jpg,real,deepfakeface,deepfakeface_sd15/real/73/20989373_1938-09-15_1988.jpg,,,,,,0.097002484,External,External real,238.0,-9.999653,3.84083
C:\Users\Rohith Syam\Documents\UTS SEMESTER 3\image processing\idea 2\outputs\generalization_upgrade\02_external_bias_audit\normalized_external\real\03\1142203_1949-03-03_2008.jpg,0,03/1142203_1949-03-03_2008.jpg,real,deepfakeface,deepfakeface_sd15/real/03/1142203_1949-03-03_2008.jpg,,,,,,0.00014024161,External,External real,31.0,-29.29862,-3.0401566
C:\Users\Rohith Syam\Documents\UTS SEMESTER 3\image processing\idea 2\outputs\generalization_upgrade\02_external_bias_audit\normalized_external\real\98\22298398_1962-09-19_2011.jpg,0,98/22298398_1962-09-19_2011.jpg,real,deepfakeface,deepfakeface_sd15/real/98/22298398_1962-09-19_2011.jpg,,,,,,7.634259e-06,External,External real,266.0,-27.63268,-8.082505
C:\Users\Rohith Syam\Documents\UTS SEMESTER 3\image processing\idea 2\outputs\generalization_upgrade\02_external_bias_audit\normalized_external\real\14\3772814_1978-02-28_2008.jpg,0,14/3772814_1978-02-28_2008.jpg,real,deepfakeface,deepfakeface_sd15/real/14/3772814_1978-02-28_2008.jpg,,,,,,0.0034634334,External,External real,78.0,-18.964235,-1.4564213
C:\Users\Rohith Syam\Documents\UTS SEMESTER 3\image processing\idea 2\outputs\generalization_upgrade\02_external_bias_audit\normalized_external\real\55\72655_1975-10-12_2004.jpg,0,55/72655_1975-10-12_2004.jpg,real,deepfakeface,deepfakeface_sd15/real/55/72655_1975-10-12_2004.jpg,,,,,,0.41702986,External,External real,203.0,-3.1030362,3.8358011
C:\Users\Rohith Syam\Documents\UTS SEMESTER 3\image processing\idea 2\outputs\generalization_upgrade\02_external_bias_audit\normalized_external\real\55\10095655_1985-07-10_2012.jpg,0,55/10095655_1985-07-10_2012.jpg,real,deepfakeface,deepfakeface_sd15/real/55/10095655_1985-07-10_2012.jpg,,,,,,0.0005981503,External,External real,177.0,-25.608583,-0.6737564
C:\Users\Rohith Syam\Documents\UTS SEMESTER 3\image processing\idea 2\outputs\generalization_upgrade\02_external_bias_audit\normalized_external\real\71\5081071_1925-11-13_1953.jpg,0,71/5081071_1925-11-13_1953.jpg,real,deepfakeface,deepfakeface_sd15/real/71/5081071_1925-11-13_1953.jpg,,,,,,0.04868026,External,External real,225.0,-7.6723027,-2.7478418
C:\Users\Rohith Syam\Documents\UTS SEMESTER 3\image processing\idea 2\outputs\generalization_upgrade\02_external_bias_audit\normalized_external\real\98\13664298_1989-04-27_2014.jpg,0,98/13664298_1989-04-27_2014.jpg,real,deepfakeface,deepfakeface_sd15/real/98/13664298_1989-04-27_2014.jpg,,,,,,0.046338152,External,External real,261.0,-13.040238,4.3480425
C:\Users\Rohith Syam\Documents\UTS SEMESTER 3\image processing\idea 2\outputs\generalization_upgrade\02_external_bias_audit\normalized_external\real\21\1825621_1945-09-08_2008.jpg,0,21/1825621_1945-09-08_2008.jpg,real,deepfakeface,deepfakeface_sd15/real/21/1825621_1945-09-08_2008.jpg,,,,,,0.8554052,External,External real,96.0,-10.864855,5.9639473
C:\Users\Rohith Syam\Documents\UTS SEMESTER 3\image processing\idea 2\outputs\generalization_upgrade\02_external_bias_audit\normalized_external\real\98\176998_1933-08-16_1965.jpg,0,98/176998_1933-08-16_1965.jpg,real,deepfakeface,deepfakeface_sd15/real/98/176998_1933-08-16_1965.jpg,,,,,,0.21870485,External,External real,265.0,-15.442304,-11.320095
C:\Users\Rohith Syam\Documents\UTS SEMESTER 3\image processing\idea 2\outputs\generalization_upgrade\02_external_bias_audit\normalized_external\real\34\13846034_1977-08-30_2009.jpg,0,34/13846034_1977-08-30_2009.jpg,real,deepfakeface,deepfakeface_sd15/real/34/13846034_1977-08-30_2009.jpg,,,,,,0.3031482,External,External real,125.0,-11.838853,-11.598708
C:\Users\Rohith Syam\Documents\UTS SEMESTER 3\image processing\idea 2\outputs\generalization_upgrade\02_external_bias_audit\normalized_external\real\55\30781355_1963-07-29_2015.jpg,0,55/30781355_1963-07-29_2015.jpg,real,deepfakeface,deepfakeface_sd15/real/55/30781355_1963-07-29_2015.jpg,,,,,,0.98778987,External,External real,192.0,-2.4926376,2.0366433
C:\Users\Rohith Syam\Documents\UTS SEMESTER 3\image processing\idea 2\outputs\generalization_upgrade\02_external_bias_audit\normalized_external\real\34\1386234_1952-04-25_2004.jpg,0,34/1386234_1952-04-25_2004.jpg,real,deepfakeface,deepfakeface_sd15/real/34/1386234_1952-04-25_2004.jpg,,,,,,0.425377,External,External real,126.0,-9.629306,4.7472486
C:\Users\Rohith Syam\Documents\UTS SEMESTER 3\image processing\idea 2\outputs\generalization_upgrade\02_external_bias_audit\normalized_external\real\35\89835_1951-04-07_1981.jpg,0,35/89835_1951-04-07_1981.jpg,real,deepfakeface,deepfakeface_sd15/real/35/89835_1951-04-07_1981.jpg,,,,,,0.30889502,External,External real,176.0,-8.833459,5.196527
C:\Users\Rohith Syam\Documents\UTS SEMESTER 3\image processing\idea 2\outputs\generalization_upgrade\02_external_bias_audit\normalized_external\real\14\22037414_1987-06-05_2013.jpg,0,14/22037414_1987-06-05_2013.jpg,real,deepfakeface,deepfakeface_sd15/real/14/22037414_1987-06-05_2013.jpg,,,,,,0.0026400175,External,External real,69.0,-25.037014,-0.896891
C:\Users\Rohith Syam\Documents\UTS SEMESTER 3\image processing\idea 2\outputs\generalization_upgrade\02_external_bias_audit\normalized_external\real\98\2705698_1958-12-06_2007.jpg,0,98/2705698_1958-12-06_2007.jpg,real,deepfakeface,deepfakeface_sd15/real/98/2705698_1958-12-06_2007.jpg,,,,,,1.8032255e-05,External,External real,271.0,-29.176422,-3.7054732
C:\Users\Rohith Syam\Documents\UTS SEMESTER 3\image processing\idea 2\outputs\generalization_upgrade\02_external_bias_audit\normalized_external\real\00\18407100_1917-10-18_1958.jpg,0,00/18407100_1917-10-18_1958.jpg,real,deepfakeface,deepfakeface_sd15/real/00/18407100_1917-10-18_1958.jpg,,,,,,0.00017957385,External,External real,2.0,-25.718302,-2.2033875
C:\Users\Rohith Syam\Documents\UTS SEMESTER 3\image processing\idea 2\outputs\generalization_upgrade\02_external_bias_audit\normalized_external\real\21\3003021_1956-12-23_2014.jpg,0,21/3003021_1956-12-23_2014.jpg,real,deepfakeface,deepfakeface_sd15/real/21/3003021_1956-12-23_2014.jpg,,,,,,0.20821042,External,External real,104.0,-5.1988673,-1.227418
C:\Users\Rohith Syam\Documents\UTS SEMESTER 3\image processing\idea 2\outputs\generalization_upgrade\02_external_bias_audit\normalized_external\real\14\36566914_1988-08-11_2014.jpg,0,14/36566914_1988-08-11_2014.jpg,real,deepfakeface,deepfakeface_sd15/real/14/36566914_1988-08-11_2014.jpg,,,,,,0.0402354,External,External real,76.0,-14.759741,6.5375032
C:\Users\Rohith Syam\Documents\UTS SEMESTER 3\image processing\idea 2\outputs\generalization_upgrade\02_external_bias_audit\normalized_external\real\21\8774721_1967-04-29_2010.jpg,0,21/8774721_1967-04-29_2010.jpg,real,deepfakeface,deepfakeface_sd15/real/21/8774721_1967-04-29_2010.jpg,,,,,,2.0495549e-05,External,External real,115.0,-27.015667,-8.544202
C:\Users\Rohith Syam\Documents\UTS SEMESTER 3\image processing\idea 2\outputs\generalization_upgrade\02_external_bias_audit\normalized_external\real\35\2667535_1937-12-16_1985.jpg,0,35/2667535_1937-12-16_1985.jpg,real,deepfakeface,deepfakeface_sd15/real/35/2667535_1937-12-16_1985.jpg,,,,,,0.32897845,External,External real,164.0,-9.491143,4.442105
C:\Users\Rohith Syam\Documents\UTS SEMESTER 3\image processing\idea 2\outputs\generalization_upgrade\02_external_bias_audit\normalized_external\real\34\398734_1932-05-04_1955.jpg,0,34/398734_1932-05-04_1955.jpg,real,deepfakeface,deepfakeface_sd15/real/34/398734_1932-05-04_1955.jpg,,,,,,0.79929274,External,External real,139.0,-2.5764585,-2.4233255
C:\Users\Rohith Syam\Documents\UTS SEMESTER 3\image processing\idea 2\outputs\generalization_upgrade\02_external_bias_audit\normalized_external\real\35\17974235_1973-06-13_2009.jpg,0,35/17974235_1973-06-13_2009.jpg,real,deepfakeface,deepfakeface_sd15/real/35/17974235_1973-06-13_2009.jpg,,,,,,0.002597493,External,External real,159.0,-32.210148,-3.7565389
C:\Users\Rohith Syam\Documents\UTS SEMESTER 3\image processing\idea 2\outputs\generalization_upgrade\02_external_bias_audit\normalized_external\real\30\11772430_1938-04-14_2008.jpg,0,30/11772430_1938-04-14_2008.jpg,real,deepfakeface,deepfakeface_sd15/real/30/11772430_1938-04-14_2008.jpg,,,,,,0.00024226426,External,External real,120.0,-24.083403,-12.534447
C:\Users\Rohith Syam\Documents\UTS SEMESTER 3\image processing\idea 2\outputs\generalization_upgrade\02_external_bias_audit\normalized_external\real\71\33021371_1988-02-18_2013.jpg,0,71/33021371_1988-02-18_2013.jpg,real,deepfakeface,deepfakeface_sd15/real/71/33021371_1988-02-18_2013.jpg,,,,,,0.2007438,External,External real,221.0,-9.53241,-6.5246086
C:\Users\Rohith Syam\Documents\UTS SEMESTER 3\image processing\idea 2\outputs\generalization_upgrade\02_external_bias_audit\normalized_external\real\73\25286273_1990-11-02_2013.jpg,0,73/25286273_1990-11-02_2013.jpg,real,deepfakeface,deepfakeface_sd15/real/73/25286273_1990-11-02_2013.jpg,,,,,,0.98821646,External,External real,242.0,-3.1897705,-4.4439864
C:\Users\Rohith Syam\Documents\UTS SEMESTER 3\image processing\idea 2\outputs\generalization_upgrade\02_external_bias_audit\normalized_external\real\34\19258134_1986-05-13_2009.jpg,0,34/19258134_1986-05-13_2009.jpg,real,deepfakeface,deepfakeface_sd15/real/34/19258134_1986-05-13_2009.jpg,,,,,,0.13756219,External,External real,127.0,-14.161014,7.4451947
C:\Users\Rohith Syam\Documents\UTS SEMESTER 3\image processing\idea 2\outputs\generalization_upgrade\02_external_bias_audit\normalized_external\real\14\33258714_1979-05-30_2011.jpg,0,14/33258714_1979-05-30_2011.jpg,real,deepfakeface,deepfakeface_sd15/real/14/33258714_1979-05-30_2011.jpg,,,,,,0.72030616,External,External real,74.0,-1.6505857,-0.4228221
C:\Users\Rohith Syam\Documents\UTS SEMESTER 3\image processing\idea 2\outputs\generalization_upgrade\02_external_bias_audit\normalized_external\real\02\4539602_1977-04-26_2010.jpg,0,02/4539602_1977-04-26_2010.jpg,real,deepfakeface,deepfakeface_sd15/real/02/4539602_1977-04-26_2010.jpg,,,,,,0.0043298877,External,External real,29.0,-23.268755,1.8818885
C:\Users\Rohith Syam\Documents\UTS SEMESTER 3\image processing\idea 2\outputs\generalization_upgrade\02_external_bias_audit\normalized_external\real\80\9076080_1971-09-21_2011.jpg,0,80/9076080_1971-09-21_2011.jpg,real,deepfakeface,deepfakeface_sd15/real/80/9076080_1971-09-21_2011.jpg,,,,,,0.0054978067,External,External real,259.0,-21.015064,-1.4197178
C:\Users\Rohith Syam\Documents\UTS SEMESTER 3\image processing\idea 2\outputs\generalization_upgrade\02_external_bias_audit\normalized_external\real\71\29084271_1991-09-22_2014.jpg,0,71/29084271_1991-09-22_2014.jpg,real,deepfakeface,deepfakeface_sd15/real/71/29084271_1991-09-22_2014.jpg,,,,,,0.7145874,External,External real,218.0,-3.0996225,3.0046883
C:\Users\Rohith Syam\Documents\UTS SEMESTER 3\image processing\idea 2\outputs\generalization_upgrade\02_external_bias_audit\normalized_external\real\21\35191121_1990-01-18_2014.jpg,0,21/35191121_1990-01-18_2014.jpg,real,deepfakeface,deepfakeface_sd15/real/21/35191121_1990-01-18_2014.jpg,,,,,,0.781141,External,External real,107.0,-5.2212677,2.5863938
C:\Users\Rohith Syam\Documents\UTS SEMESTER 3\image processing\idea 2\outputs\generalization_upgrade\02_external_bias_audit\normalized_external\real\34\36722334_1937-08-31_2005.jpg,0,34/36722334_1937-08-31_2005.jpg,real,deepfakeface,deepfakeface_sd15/real/34/36722334_1937-08-31_2005.jpg,,,,,,0.015842335,External,External real,137.0,-24.091236,3.2224026
C:\Users\Rohith Syam\Documents\UTS SEMESTER 3\image processing\idea 2\outputs\generalization_upgrade\02_external_bias_audit\normalized_external\real\34\9326434_1987-05-02_2006.jpg,0,34/9326434_1987-05-02_2006.jpg,real,deepfakeface,deepfakeface_sd15/real/34/9326434_1987-05-02_2006.jpg,,,,,,0.7074892,External,External real,148.0,-5.3878603,2.3459306
C:\Users\Rohith Syam\Documents\UTS SEMESTER 3\image processing\idea 2\outputs\generalization_upgrade\02_external_bias_audit\normalized_external\real\71\703371_1918-03-12_1980.jpg,0,71/703371_1918-03-12_1980.jpg,real,deepfakeface,deepfakeface_sd15/real/71/703371_1918-03-12_1980.jpg,,,,,,0.0031512668,External,External real,227.0,-26.555891,2.8048522
C:\Users\Rohith Syam\Documents\UTS SEMESTER 3\image processing\idea 2\outputs\generalization_upgrade\02_external_bias_audit\normalized_external\real\35\33199835_1985-06-12_2011.jpg,0,35/33199835_1985-06-12_2011.jpg,real,deepfakeface,deepfakeface_sd15/real/35/33199835_1985-06-12_2011.jpg,,,,,,0.017981013,External,External real,170.0,-8.813395,1.5986685
C:\Users\Rohith Syam\Documents\UTS SEMESTER 3\image processing\idea 2\outputs\generalization_upgrade\02_external_bias_audit\normalized_external\real\55\36326355_1990-10-27_2014.jpg,0,55/36326355_1990-10-27_2014.jpg,real,deepfakeface,deepfakeface_sd15/real/55/36326355_1990-10-27_2014.jpg,,,,,,3.907509e-05,External,External real,196.0,-30.260418,-1.4086198
C:\Users\Rohith Syam\Documents\UTS SEMESTER 3\image processing\idea 2\outputs\generalization_upgrade\02_external_bias_audit\normalized_external\real\14\19894914_1989-10-19_2012.jpg,0,14/19894914_1989-10-19_2012.jpg,real,deepfakeface,deepfakeface_sd15/real/14/19894914_1989-10-19_2012.jpg,,,,,,0.91918206,External,External real,65.0,-5.0319924,1.354815
C:\Users\Rohith Syam\Documents\UTS SEMESTER 3\image processing\idea 2\outputs\generalization_upgrade\02_external_bias_audit\normalized_external\real\55\10486955_1937-11-18_1975.jpg,0,55/10486955_1937-11-18_1975.jpg,real,deepfakeface,deepfakeface_sd15/real/55/10486955_1937-11-18_1975.jpg,,,,,,0.027337737,External,External real,178.0,-8.99996,-0.23753919
C:\Users\Rohith Syam\Documents\UTS SEMESTER 3\image processing\idea 2\outputs\generalization_upgrade\02_external_bias_audit\normalized_external\real\14\5965014_1981-12-21_2013.jpg,0,14/5965014_1981-12-21_2013.jpg,real,deepfakeface,deepfakeface_sd15/real/14/5965014_1981-12-21_2013.jpg,,,,,,0.4613242,External,External real,85.0,-11.012578,5.8566823
C:\Users\Rohith Syam\Documents\UTS SEMESTER 3\image processing\idea 2\outputs\generalization_upgrade\02_external_bias_audit\normalized_external\real\55\31689055_1988-03-014_2013.jpg,0,55/31689055_1988-03-014_2013.jpg,real,deepfakeface,deepfakeface_sd15/real/55/31689055_1988-03-014_2013.jpg,,,,,,0.15597786,External,External real,193.0,-3.394823,6.5413113
C:\Users\Rohith Syam\Documents\UTS SEMESTER 3\image processing\idea 2\outputs\generalization_upgrade\02_external_bias_audit\normalized_external\real\00\34316600_1994-11-15_2013.jpg,0,00/34316600_1994-11-15_2013.jpg,real,deepfakeface,deepfakeface_sd15/real/00/34316600_1994-11-15_2013.jpg,,,,,,0.5899083,External,External real,12.0,-8.455236,2.532191
C:\Users\Rohith Syam\Documents\UTS SEMESTER 3\image processing\idea 2\outputs\generalization_upgrade\02_external_bias_audit\normalized_external\real\03\18388503_1942-09-14_2007.jpg,0,03/18388503_1942-09-14_2007.jpg,real,deepfakeface,deepfakeface_sd15/real/03/18388503_1942-09-14_2007.jpg,,,,,,0.55066395,External,External real,35.0,-4.495924,2.2680137
C:\Users\Rohith Syam\Documents\UTS SEMESTER 3\image processing\idea 2\outputs\generalization_upgrade\02_external_bias_audit\normalized_external\real\00\9801700_1969-10-11_2012.jpg,0,00/9801700_1969-10-11_2012.jpg,real,deepfakeface,deepfakeface_sd15/real/00/9801700_1969-10-11_2012.jpg,,,,,,0.056189127,External,External real,28.0,-10.567214,3.7465508
C:\Users\Rohith Syam\Documents\UTS SEMESTER 3\image processing\idea 2\outputs\generalization_upgrade\02_external_bias_audit\normalized_external\real\34\440034_1924-04-29_1963.jpg,0,34/440034_1924-04-29_1963.jpg,real,deepfakeface,deepfakeface_sd15/real/34/440034_1924-04-29_1963.jpg,,,,,,0.1597028,External,External real,142.0,-14.748576,-9.730269
C:\Users\Rohith Syam\Documents\UTS SEMESTER 3\image processing\idea 2\outputs\generalization_upgrade\02_external_bias_audit\normalized_external\real\71\8334671_1931-02-14_1966.jpg,0,71/8334671_1931-02-14_1966.jpg,real,deepfakeface,deepfakeface_sd15/real/71/8334671_1931-02-14_1966.jpg,,,,,,0.02551623,External,External real,229.0,-15.846772,-9.401043
C:\Users\Rohith Syam\Documents\UTS SEMESTER 3\image processing\idea 2\outputs\generalization_upgrade\02_external_bias_audit\normalized_external\real\35\13774535_1942-06-09_1957.jpg,0,35/13774535_1942-06-09_1957.jpg,real,deepfakeface,deepfakeface_sd15/real/35/13774535_1942-06-09_1957.jpg,,,,,,0.29452193,External,External real,152.0,-4.7599587,3.5905027
C:\Users\Rohith Syam\Documents\UTS SEMESTER 3\image processing\idea 2\outputs\generalization_upgrade\02_external_bias_audit\normalized_external\real\03\555703_1913-07-13_1970.jpg,0,03/555703_1913-07-13_1970.jpg,real,deepfakeface,deepfakeface_sd15/real/03/555703_1913-07-13_1970.jpg,,,,,,2.263433e-05,External,External real,51.0,-27.47326,-9.918228
C:\Users\Rohith Syam\Documents\UTS SEMESTER 3\image processing\idea 2\outputs\generalization_upgrade\02_external_bias_audit\normalized_external\real\21\174821_1961-09-25_1993.jpg,0,21/174821_1961-09-25_1993.jpg,real,deepfakeface,deepfakeface_sd15/real/21/174821_1961-09-25_1993.jpg,,,,,,0.0007019215,External,External real,95.0,-18.600086,-18.26725
C:\Users\Rohith Syam\Documents\UTS SEMESTER 3\image processing\idea 2\outputs\generalization_upgrade\02_external_bias_audit\normalized_external\real\98\591698_1968-01-15_2000.jpg,0,98/591698_1968-01-15_2000.jpg,real,deepfakeface,deepfakeface_sd15/real/98/591698_1968-01-15_2000.jpg,,,,,,0.7283372,External,External real,283.0,-5.074072,1.724381
C:\Users\Rohith Syam\Documents\UTS SEMESTER 3\image processing\idea 2\outputs\generalization_upgrade\02_external_bias_audit\normalized_external\real\55\43284855_1980-08-11_2012.jpg,0,55/43284855_1980-08-11_2012.jpg,real,deepfakeface,deepfakeface_sd15/real/55/43284855_1980-08-11_2012.jpg,,,,,,0.001030302,External,External real,200.0,-22.788527,-1.4753886
C:\Users\Rohith Syam\Documents\UTS SEMESTER 3\image processing\idea 2\outputs\generalization_upgrade\02_external_bias_audit\normalized_external\real\03\2420403_1964-03-18_2007.jpg,0,03/2420403_1964-03-18_2007.jpg,real,deepfakeface,deepfakeface_sd15/real/03/2420403_1964-03-18_2007.jpg,,,,,,0.0003559225,External,External real,41.0,-23.770823,-11.140006
C:\Users\Rohith Syam\Documents\UTS SEMESTER 3\image processing\idea 2\outputs\generalization_upgrade\02_external_bias_audit\normalized_external\real\73\3517073_1984-09-10_2011.jpg,0,73/3517073_1984-09-10_2011.jpg,real,deepfakeface,deepfakeface_sd15/real/73/3517073_1984-09-10_2011.jpg,,,,,,0.14814848,External,External real,246.0,-8.278649,1.6540661
C:\Users\Rohith Syam\Documents\UTS SEMESTER 3\image processing\idea 2\outputs\generalization_upgrade\02_external_bias_audit\normalized_external\real\55\38909755_1989-02-21_2013.jpg,0,55/38909755_1989-02-21_2013.jpg,real,deepfakeface,deepfakeface_sd15/real/55/38909755_1989-02-21_2013.jpg,,,,,,0.57443756,External,External real,197.0,-4.305762,3.9212995
C:\Users\Rohith Syam\Documents\UTS SEMESTER 3\image processing\idea 2\outputs\generalization_upgrade\02_external_bias_audit\normalized_external\real\34\33682634_1989-09-15_2011.jpg,0,34/33682634_1989-09-15_2011.jpg,real,deepfakeface,deepfakeface_sd15/real/34/33682634_1989-09-15_2011.jpg,,,,,,0.6971947,External,External real,136.0,-6.595277,1.9049904
C:\Users\Rohith Syam\Documents\UTS SEMESTER 3\image processing\idea 2\outputs\generalization_upgrade\02_external_bias_audit\normalized_external\real\00\9210500_1912-02-06_1942.jpg,0,00/9210500_1912-02-06_1942.jpg,real,deepfakeface,deepfakeface_sd15/real/00/9210500_1912-02-06_1942.jpg,,,,,,0.13558841,External,External real,26.0,-8.602052,-2.0124943
C:\Users\Rohith Syam\Documents\UTS SEMESTER 3\image processing\idea 2\outputs\generalization_upgrade\02_external_bias_audit\normalized_external\real\98\46974698_1942-02-22_1968.jpg,0,98/46974698_1942-02-22_1968.jpg,real,deepfakeface,deepfakeface_sd15/real/98/46974698_1942-02-22_1968.jpg,,,,,,0.16051283,External,External real,281.0,-7.207326,-2.3828015
C:\Users\Rohith Syam\Documents\UTS SEMESTER 3\image processing\idea 2\outputs\generalization_upgrade\02_external_bias_audit\normalized_external\real\34\43639934_1912-04-03_2003.jpg,0,34/43639934_1912-04-03_2003.jpg,real,deepfakeface,deepfakeface_sd15/real/34/43639934_1912-04-03_2003.jpg,,,,,,0.011541476,External,External real,141.0,-8.141893,-3.5663984
C:\Users\Rohith Syam\Documents\UTS SEMESTER 3\image processing\idea 2\outputs\generalization_upgrade\02_external_bias_audit\normalized_external\real\55\12428755_1982-12-09_2012.jpg,0,55/12428755_1982-12-09_2012.jpg,real,deepfakeface,deepfakeface_sd15/real/55/12428755_1982-12-09_2012.jpg,,,,,,0.090582706,External,External real,180.0,-9.158067,-6.226145
C:\Users\Rohith Syam\Documents\UTS SEMESTER 3\image processing\idea 2\outputs\generalization_upgrade\02_external_bias_audit\normalized_external\real\00\12596800_1920-10-18_1955.jpg,0,00/12596800_1920-10-18_1955.jpg,real,deepfakeface,deepfakeface_sd15/real/00/12596800_1920-10-18_1955.jpg,,,,,,0.057103876,External,External real,0.0,-15.391318,-11.338765
C:\Users\Rohith Syam\Documents\UTS SEMESTER 3\image processing\idea 2\outputs\generalization_upgrade\02_external_bias_audit\normalized_external\real\80\6049880_1985-02-26_2013.jpg,0,80/6049880_1985-02-26_2013.jpg,real,deepfakeface,deepfakeface_sd15/real/80/6049880_1985-02-26_2013.jpg,,,,,,0.5078884,External,External real,258.0,-7.918448,1.8206317
C:\Users\Rohith Syam\Documents\UTS SEMESTER 3\image processing\idea 2\outputs\generalization_upgrade\02_external_bias_audit\normalized_external\real\21\2797621_1960-03-15_2011.jpg,0,21/2797621_1960-03-15_2011.jpg,real,deepfakeface,deepfakeface_sd15/real/21/2797621_1960-03-15_2011.jpg,,,,,,2.4058358e-05,External,External real,100.0,-30.265528,-3.9146283
C:\Users\Rohith Syam\Documents\UTS SEMESTER 3\image processing\idea 2\outputs\generalization_upgrade\02_external_bias_audit\normalized_external\real\98\23560198_1992-06-20_2014.jpg,0,98/23560198_1992-06-20_2014.jpg,real,deepfakeface,deepfakeface_sd15/real/98/23560198_1992-06-20_2014.jpg,,,,,,0.0003385145,External,External real,268.0,-21.045773,2.110734
C:\Users\Rohith Syam\Documents\UTS SEMESTER 3\image processing\idea 2\outputs\generalization_upgrade\02_external_bias_audit\normalized_external\real\71\9069371_1986-03-19_2013.jpg,0,71/9069371_1986-03-19_2013.jpg,real,deepfakeface,deepfakeface_sd15/real/71/9069371_1986-03-19_2013.jpg,,,,,,0.9017627,External,External real,230.0,-7.3972807,2.259995
C:\Users\Rohith Syam\Documents\UTS SEMESTER 3\image processing\idea 2\outputs\generalization_upgrade\02_external_bias_audit\normalized_external\real\21\24644621_1964-12-15_2010.jpg,0,21/24644621_1964-12-15_2010.jpg,real,deepfakeface,deepfakeface_sd15/real/21/24644621_1964-12-15_2010.jpg,,,,,,0.004808995,External,External real,98.0,-20.146278,-5.595796
C:\Users\Rohith Syam\Documents\UTS SEMESTER 3\image processing\idea 2\outputs\generalization_upgrade\02_external_bias_audit\normalized_external\real\03\19966503_1974-03-04_2011.jpg,0,03/19966503_1974-03-04_2011.jpg,real,deepfakeface,deepfakeface_sd15/real/03/19966503_1974-03-04_2011.jpg,,,,,,0.8422519,External,External real,36.0,-5.856825,4.7786474
C:\Users\Rohith Syam\Documents\UTS SEMESTER 3\image processing\idea 2\outputs\generalization_upgrade\02_external_bias_audit\normalized_external\real\14\12461914_1975-12-14_2007.jpg,0,14/12461914_1975-12-14_2007.jpg,real,deepfakeface,deepfakeface_sd15/real/14/12461914_1975-12-14_2007.jpg,,,,,,0.000923555,External,External real,61.0,-15.054494,-17.714457
C:\Users\Rohith Syam\Documents\UTS SEMESTER 3\image processing\idea 2\outputs\generalization_upgrade\02_external_bias_audit\normalized_external\real\35\12523735_1981-04-21_2014.jpg,0,35/12523735_1981-04-21_2014.jpg,real,deepfakeface,deepfakeface_sd15/real/35/12523735_1981-04-21_2014.jpg,,,,,,0.005052648,External,External real,150.0,-15.370615,5.039336
C:\Users\Rohith Syam\Documents\UTS SEMESTER 3\image processing\idea 2\outputs\generalization_upgrade\02_external_bias_audit\normalized_external\real\71\19476171_1989-08-02_2014.jpg,0,71/19476171_1989-08-02_2014.jpg,real,deepfakeface,deepfakeface_sd15/real/71/19476171_1989-08-02_2014.jpg,,,,,,0.33918443,External,External real,212.0,-8.512779,2.4887414
C:\Users\Rohith Syam\Documents\UTS SEMESTER 3\image processing\idea 2\outputs\generalization_upgrade\02_external_bias_audit\normalized_external\real\55\14640255_1980-09-24_2006.jpg,0,55/14640255_1980-09-24_2006.jpg,real,deepfakeface,deepfakeface_sd15/real/55/14640255_1980-09-24_2006.jpg,,,,,,0.12995207,External,External real,182.0,-13.155044,6.6819515
C:\Users\Rohith Syam\Documents\UTS SEMESTER 3\image processing\idea 2\outputs\generalization_upgrade\02_external_bias_audit\normalized_external\real\71\30657971_1992-05-11_2014.jpg,0,71/30657971_1992-05-11_2014.jpg,real,deepfakeface,deepfakeface_sd15/real/71/30657971_1992-05-11_2014.jpg,,,,,,0.10377943,External,External real,219.0,-12.80209,2.060135
C:\Users\Rohith Syam\Documents\UTS SEMESTER 3\image processing\idea 2\outputs\generalization_upgrade\02_external_bias_audit\normalized_external\real\00\34199700_1921-05-23_1946.jpg,0,00/34199700_1921-05-23_1946.jpg,real,deepfakeface,deepfakeface_sd15/real/00/34199700_1921-05-23_1946.jpg,,,,,,0.00019065096,External,External real,11.0,-28.402103,1.2075056
C:\Users\Rohith Syam\Documents\UTS SEMESTER 3\image processing\idea 2\outputs\generalization_upgrade\02_external_bias_audit\normalized_external\real\98\609598_1929-11-08_2007.jpg,0,98/609598_1929-11-08_2007.jpg,real,deepfakeface,deepfakeface_sd15/real/98/609598_1929-11-08_2007.jpg,,,,,,0.03403025,External,External real,284.0,-10.443436,1.9292761
C:\Users\Rohith Syam\Documents\UTS SEMESTER 3\image processing\idea 2\outputs\generalization_upgrade\02_external_bias_audit\normalized_external\real\98\30789098_1986-05-13_2012.jpg,0,98/30789098_1986-05-13_2012.jpg,real,deepfakeface,deepfakeface_sd15/real/98/30789098_1986-05-13_2012.jpg,,,,,,0.004261756,External,External real,273.0,-14.732509,-16.11373
C:\Users\Rohith Syam\Documents\UTS SEMESTER 3\image processing\idea 2\outputs\generalization_upgrade\02_external_bias_audit\normalized_external\real\00\944600_1968-02-05_2006.jpg,0,00/944600_1968-02-05_2006.jpg,real,deepfakeface,deepfakeface_sd15/real/00/944600_1968-02-05_2006.jpg,,,,,,0.20503637,External,External real,27.0,-18.16694,4.9361467
C:\Users\Rohith Syam\Documents\UTS SEMESTER 3\image processing\idea 2\outputs\generalization_upgrade\02_external_bias_audit\normalized_external\real\71\1854071_1958-08-14_1991.jpg,0,71/1854071_1958-08-14_1991.jpg,real,deepfakeface,deepfakeface_sd15/real/71/1854071_1958-08-14_1991.jpg,,,,,,0.989795,External,External real,210.0,-0.20910683,1.8896968
C:\Users\Rohith Syam\Documents\UTS SEMESTER 3\image processing\idea 2\outputs\generalization_upgrade\02_external_bias_audit\normalized_external\real\00\2540500_1970-10-10_2008.jpg,0,00/2540500_1970-10-10_2008.jpg,real,deepfakeface,deepfakeface_sd15/real/00/2540500_1970-10-10_2008.jpg,,,,,,0.20131218,External,External real,4.0,-9.5695305,2.9190757
C:\Users\Rohith Syam\Documents\UTS SEMESTER 3\image processing\idea 2\outputs\generalization_upgrade\02_external_bias_audit\normalized_external\real\34\11653234_1986-12-23_2012.jpg,0,34/11653234_1986-12-23_2012.jpg,real,deepfakeface,deepfakeface_sd15/real/34/11653234_1986-12-23_2012.jpg,,,,,,0.0022202907,External,External real,122.0,-15.998984,3.027229
C:\Users\Rohith Syam\Documents\UTS SEMESTER 3\image processing\idea 2\outputs\generalization_upgrade\02_external_bias_audit\normalized_external\real\03\13181303_1944-01-11_1971.jpg,0,03/13181303_1944-01-11_1971.jpg,real,deepfakeface,deepfakeface_sd15/real/03/13181303_1944-01-11_1971.jpg,,,,,,0.0008895658,External,External real,32.0,-20.497028,1.8027632
C:\Users\Rohith Syam\Documents\UTS SEMESTER 3\image processing\idea 2\outputs\generalization_upgrade\02_external_bias_audit\normalized_external\real\55\15890555_1987-12-03_2014.jpg,0,55/15890555_1987-12-03_2014.jpg,real,deepfakeface,deepfakeface_sd15/real/55/15890555_1987-12-03_2014.jpg,,,,,,0.13892071,External,External real,184.0,-3.3605783,6.618673
C:\Users\Rohith Syam\Documents\UTS SEMESTER 3\image processing\idea 2\outputs\generalization_upgrade\02_external_bias_audit\normalized_external\real\35\2357835_1982-06-16_2014.jpg,0,35/2357835_1982-06-16_2014.jpg,real,deepfakeface,deepfakeface_sd15/real/35/2357835_1982-06-16_2014.jpg,,,,,,6.947916e-06,External,External real,162.0,-25.19786,-11.709049
C:\Users\Rohith Syam\Documents\UTS SEMESTER 3\image processing\idea 2\outputs\generalization_upgrade\02_external_bias_audit\normalized_external\real\71\165871_1942-09-30_1950.jpg,0,71/165871_1942-09-30_1950.jpg,real,deepfakeface,deepfakeface_sd15/real/71/165871_1942-09-30_1950.jpg,,,,,,7.4695636e-05,External,External real,208.0,-28.707,0.9014205
C:\Users\Rohith Syam\Documents\UTS SEMESTER 3\image processing\idea 2\outputs\generalization_upgrade\02_external_bias_audit\normalized_external\real\73\1013073_1978-05-24_2010.jpg,0,73/1013073_1978-05-24_2010.jpg,real,deepfakeface,deepfakeface_sd15/real/73/1013073_1978-05-24_2010.jpg,,,,,,0.045303684,External,External real,233.0,-10.874998,1.7350422
C:\Users\Rohith Syam\Documents\UTS SEMESTER 3\image processing\idea 2\outputs\generalization_upgrade\02_external_bias_audit\normalized_external\real\34\39718934_1987-12-07_2013.jpg,0,34/39718934_1987-12-07_2013.jpg,real,deepfakeface,deepfakeface_sd15/real/34/39718934_1987-12-07_2013.jpg,,,,,,0.0024892704,External,External real,138.0,-23.883673,-2.0631552
C:\Users\Rohith Syam\Documents\UTS SEMESTER 3\image processing\idea 2\outputs\generalization_upgrade\02_external_bias_audit\normalized_external\real\14\14307714_1977-01-29_2013.jpg,0,14/14307714_1977-01-29_2013.jpg,real,deepfakeface,deepfakeface_sd15/real/14/14307714_1977-01-29_2013.jpg,,,,,,0.0015233982,External,External real,62.0,-21.82999,-1.1712413
C:\Users\Rohith Syam\Documents\UTS SEMESTER 3\image processing\idea 2\outputs\generalization_upgrade\02_external_bias_audit\normalized_external\real\34\32670934_1973-08-28_2013.jpg,0,34/32670934_1973-08-28_2013.jpg,real,deepfakeface,deepfakeface_sd15/real/34/32670934_1973-08-28_2013.jpg,,,,,,2.2003227e-05,External,External real,135.0,-27.594324,-7.301431
C:\Users\Rohith Syam\Documents\UTS SEMESTER 3\image processing\idea 2\outputs\generalization_upgrade\02_external_bias_audit\normalized_external\real\34\19354934_1986-10-18_2009.jpg,0,34/19354934_1986-10-18_2009.jpg,real,deepfakeface,deepfakeface_sd15/real/34/19354934_1986-10-18_2009.jpg,,,,,,0.9321761,External,External real,128.0,-3.1552064,1.4616644
C:\Users\Rohith Syam\Documents\UTS SEMESTER 3\image processing\idea 2\outputs\generalization_upgrade\02_external_bias_audit\normalized_external\real\98\4276598_1950-10-14_1975.jpg,0,98/4276598_1950-10-14_1975.jpg,real,deepfakeface,deepfakeface_sd15/real/98/4276598_1950-10-14_1975.jpg,,,,,,9.411376e-05,External,External real,278.0,-21.02419,-13.002507
C:\Users\Rohith Syam\Documents\UTS SEMESTER 3\image processing\idea 2\outputs\generalization_upgrade\02_external_bias_audit\normalized_external\real\73\36499973_1985-09-06_2011.jpg,0,73/36499973_1985-09-06_2011.jpg,real,deepfakeface,deepfakeface_sd15/real/73/36499973_1985-09-06_2011.jpg,,,,,,0.037133113,External,External real,247.0,-11.064196,2.228072
C:\Users\Rohith Syam\Documents\UTS SEMESTER 3\image processing\idea 2\outputs\generalization_upgrade\02_external_bias_audit\normalized_external\real\14\23420614_1974-04-16_2008.jpg,0,14/23420614_1974-04-16_2008.jpg,real,deepfakeface,deepfakeface_sd15/real/14/23420614_1974-04-16_2008.jpg,,,,,,0.7487416,External,External real,70.0,-5.6254683,3.312732
C:\Users\Rohith Syam\Documents\UTS SEMESTER 3\image processing\idea 2\outputs\generalization_upgrade\02_external_bias_audit\normalized_external\real\73\46452873_1906-12-20_1945.jpg,0,73/46452873_1906-12-20_1945.jpg,real,deepfakeface,deepfakeface_sd15/real/73/46452873_1906-12-20_1945.jpg,,,,,,0.93934655,External,External real,251.0,-1.4660494,-2.4288342
C:\Users\Rohith Syam\Documents\UTS SEMESTER 3\image processing\idea 2\outputs\generalization_upgrade\02_external_bias_audit\normalized_external\real\14\1830414_1971-07-01_2013.jpg,0,14/1830414_1971-07-01_2013.jpg,real,deepfakeface,deepfakeface_sd15/real/14/1830414_1971-07-01_2013.jpg,,,,,,0.60762864,External,External real,64.0,-3.9372163,1.2430248
C:\Users\Rohith Syam\Documents\UTS SEMESTER 3\image processing\idea 2\outputs\generalization_upgrade\02_external_bias_audit\normalized_external\real\03\317803_1920-03-03_2011.jpg,0,03/317803_1920-03-03_2011.jpg,real,deepfakeface,deepfakeface_sd15/real/03/317803_1920-03-03_2011.jpg,,,,,,0.012038651,External,External real,44.0,-17.71391,-1.1663883
C:\Users\Rohith Syam\Documents\UTS SEMESTER 3\image processing\idea 2\outputs\generalization_upgrade\02_external_bias_audit\normalized_external\real\71\18720671_1986-06-23_2012.jpg,0,71/18720671_1986-06-23_2012.jpg,real,deepfakeface,deepfakeface_sd15/real/71/18720671_1986-06-23_2012.jpg,,,,,,0.8008168,External,External real,211.0,-3.5758586,-0.6560847
C:\Users\Rohith Syam\Documents\UTS SEMESTER 3\image processing\idea 2\outputs\generalization_upgrade\02_external_bias_audit\normalized_external\real\35\14619035_1990-02-25_2014.jpg,0,35/14619035_1990-02-25_2014.jpg,real,deepfakeface,deepfakeface_sd15/real/35/14619035_1990-02-25_2014.jpg,,,,,,0.00029070134,External,External real,156.0,-23.494871,-5.9702086
C:\Users\Rohith Syam\Documents\UTS SEMESTER 3\image processing\idea 2\outputs\generalization_upgrade\02_external_bias_audit\normalized_external\real\03\2395003_1940-06-21_1977.jpg,0,03/2395003_1940-06-21_1977.jpg,real,deepfakeface,deepfakeface_sd15/real/03/2395003_1940-06-21_1977.jpg,,,,,,0.000114553484,External,External real,40.0,-27.95612,2.8542304
C:\Users\Rohith Syam\Documents\UTS SEMESTER 3\image processing\idea 2\outputs\generalization_upgrade\02_external_bias_audit\normalized_external\real\34\1266534_1975-11-03_2011.jpg,0,34/1266534_1975-11-03_2011.jpg,real,deepfakeface,deepfakeface_sd15/real/34/1266534_1975-11-03_2011.jpg,,,,,,9.69239e-05,External,External real,123.0,-26.607206,-7.348751
C:\Users\Rohith Syam\Documents\UTS SEMESTER 3\image processing\idea 2\outputs\generalization_upgrade\02_external_bias_audit\normalized_external\real\73\2210573_1958-04-04_2007.jpg,0,73/2210573_1958-04-04_2007.jpg,real,deepfakeface,deepfakeface_sd15/real/73/2210573_1958-04-04_2007.jpg,,,,,,0.057377324,External,External real,240.0,-18.07055,4.937994
C:\Users\Rohith Syam\Documents\UTS SEMESTER 3\image processing\idea 2\outputs\generalization_upgrade\02_external_bias_audit\normalized_external\real\35\14180235_1985-10-27_2015.jpg,0,35/14180235_1985-10-27_2015.jpg,real,deepfakeface,deepfakeface_sd15/real/35/14180235_1985-10-27_2015.jpg,,,,,,0.023508532,External,External real,153.0,-12.438117,-3.4833872
C:\Users\Rohith Syam\Documents\UTS SEMESTER 3\image processing\idea 2\outputs\generalization_upgrade\02_external_bias_audit\normalized_external\real\00\7567200_1932-07-31_1966.jpg,0,00/7567200_1932-07-31_1966.jpg,real,deepfakeface,deepfakeface_sd15/real/00/7567200_1932-07-31_1966.jpg,,,,,,0.6198015,External,External real,23.0,-7.052397,-2.110974
C:\Users\Rohith Syam\Documents\UTS SEMESTER 3\image processing\idea 2\outputs\generalization_upgrade\02_external_bias_audit\normalized_external\real\73\34239373_1994-11-30_2014.jpg,0,73/34239373_1994-11-30_2014.jpg,real,deepfakeface,deepfakeface_sd15/real/73/34239373_1994-11-30_2014.jpg,,,,,,0.92149705,External,External real,245.0,-1.87288,3.9605718
C:\Users\Rohith Syam\Documents\UTS SEMESTER 3\image processing\idea 2\outputs\generalization_upgrade\02_external_bias_audit\normalized_external\real\73\37985373_1988-12-05_2014.jpg,0,73/37985373_1988-12-05_2014.jpg,real,deepfakeface,deepfakeface_sd15/real/73/37985373_1988-12-05_2014.jpg,,,,,,0.09545477,External,External real,248.0,-12.149475,-3.7969372
C:\Users\Rohith Syam\Documents\UTS SEMESTER 3\image processing\idea 2\outputs\generalization_upgrade\02_external_bias_audit\normalized_external\real\14\44096714_1964-06-29_2012.jpg,0,14/44096714_1964-06-29_2012.jpg,real,deepfakeface,deepfakeface_sd15/real/14/44096714_1964-06-29_2012.jpg,,,,,,0.010571057,External,External real,81.0,-20.210562,-2.4645023
C:\Users\Rohith Syam\Documents\UTS SEMESTER 3\image processing\idea 2\outputs\generalization_upgrade\02_external_bias_audit\normalized_external\real\03\225903_1935-04-21_2007.jpg,0,03/225903_1935-04-21_2007.jpg,real,deepfakeface,deepfakeface_sd15/real/03/225903_1935-04-21_2007.jpg,,,,,,0.031989902,External,External real,39.0,-9.562867,6.2350397
C:\Users\Rohith Syam\Documents\UTS SEMESTER 3\image processing\idea 2\outputs\generalization_upgrade\02_external_bias_audit\normalized_external\real\71\25422271_1990-09-11_2014.jpg,0,71/25422271_1990-09-11_2014.jpg,real,deepfakeface,deepfakeface_sd15/real/71/25422271_1990-09-11_2014.jpg,,,,,,0.13097179,External,External real,215.0,-10.31097,3.2080705
C:\Users\Rohith Syam\Documents\UTS SEMESTER 3\image processing\idea 2\outputs\generalization_upgrade\02_external_bias_audit\normalized_external\real\73\12464473_1935-03-06_1958.jpg,0,73/12464473_1935-03-06_1958.jpg,real,deepfakeface,deepfakeface_sd15/real/73/12464473_1935-03-06_1958.jpg,,,,,,0.00028626504,External,External real,234.0,-18.970713,-10.103188
C:\Users\Rohith Syam\Documents\UTS SEMESTER 3\image processing\idea 2\outputs\generalization_upgrade\02_external_bias_audit\normalized_external\real\55\42718155_1946-01-25_2006.jpg,0,55/42718155_1946-01-25_2006.jpg,real,deepfakeface,deepfakeface_sd15/real/55/42718155_1946-01-25_2006.jpg,,,,,,7.8185636e-05,External,External real,199.0,-30.81766,-2.5635548
C:\Users\Rohith Syam\Documents\UTS SEMESTER 3\image processing\idea 2\outputs\generalization_upgrade\02_external_bias_audit\normalized_external\real\00\36606300_1984-08-03_2014.jpg,0,00/36606300_1984-08-03_2014.jpg,real,deepfakeface,deepfakeface_sd15/real/00/36606300_1984-08-03_2014.jpg,,,,,,0.024964971,External,External real,14.0,-12.97068,2.799456
C:\Users\Rohith Syam\Documents\UTS SEMESTER 3\image processing\idea 2\outputs\generalization_upgrade\02_external_bias_audit\normalized_external\real\03\37970303_1977-07-09_2013.jpg,0,03/37970303_1977-07-09_2013.jpg,real,deepfakeface,deepfakeface_sd15/real/03/37970303_1977-07-09_2013.jpg,,,,,,0.23624238,External,External real,47.0,-13.633553,7.1119537
C:\Users\Rohith Syam\Documents\UTS SEMESTER 3\image processing\idea 2\outputs\generalization_upgrade\02_external_bias_audit\normalized_external\real\21\16521_1938-12-29_2011.jpg,0,21/16521_1938-12-29_2011.jpg,real,deepfakeface,deepfakeface_sd15/real/21/16521_1938-12-29_2011.jpg,,,,,,6.3777156e-06,External,External real,94.0,-30.104574,-3.520171
C:\Users\Rohith Syam\Documents\UTS SEMESTER 3\image processing\idea 2\outputs\generalization_upgrade\02_external_bias_audit\normalized_external\real\73\38089073_1988-06-26_2014.jpg,0,73/38089073_1988-06-26_2014.jpg,real,deepfakeface,deepfakeface_sd15/real/73/38089073_1988-06-26_2014.jpg,,,,,,7.539747e-05,External,External real,249.0,-20.834509,-17.884415
C:\Users\Rohith Syam\Documents\UTS SEMESTER 3\image processing\idea 2\outputs\generalization_upgrade\02_external_bias_audit\normalized_external\real\98\142698_1939-09-01_2014.jpg,0,98/142698_1939-09-01_2014.jpg,real,deepfakeface,deepfakeface_sd15/real/98/142698_1939-09-01_2014.jpg,,,,,,0.00035840092,External,External real,263.0,-30.005056,-2.623698
C:\Users\Rohith Syam\Documents\UTS SEMESTER 3\image processing\idea 2\outputs\generalization_upgrade\02_external_bias_audit\normalized_external\real\55\45263455_1979-05-12_2015.jpg,0,55/45263455_1979-05-12_2015.jpg,real,deepfakeface,deepfakeface_sd15/real/55/45263455_1979-05-12_2015.jpg,,,,,,0.0075599737,External,External real,201.0,-19.397858,4.865706
C:\Users\Rohith Syam\Documents\UTS SEMESTER 3\image processing\idea 2\outputs\generalization_upgrade\02_external_bias_audit\normalized_external\real\35\19966435_1968-04-03_2012.jpg,0,35/19966435_1968-04-03_2012.jpg,real,deepfakeface,deepfakeface_sd15/real/35/19966435_1968-04-03_2012.jpg,,,,,,0.000105898296,External,External real,161.0,-30.240162,-6.1253433
C:\Users\Rohith Syam\Documents\UTS SEMESTER 3\image processing\idea 2\outputs\generalization_upgrade\02_external_bias_audit\normalized_external\real\03\2779203_1965-10-01_2008.jpg,0,03/2779203_1965-10-01_2008.jpg,real,deepfakeface,deepfakeface_sd15/real/03/2779203_1965-10-01_2008.jpg,,,,,,0.75420153,External,External real,43.0,-4.195071,1.8932412
C:\Users\Rohith Syam\Documents\UTS SEMESTER 3\image processing\idea 2\outputs\generalization_upgrade\02_external_bias_audit\normalized_external\real\71\27987171_1987-05-10_2013.jpg,0,71/27987171_1987-05-10_2013.jpg,real,deepfakeface,deepfakeface_sd15/real/71/27987171_1987-05-10_2013.jpg,,,,,,0.026068093,External,External real,217.0,-14.781959,2.9324865
C:\Users\Rohith Syam\Documents\UTS SEMESTER 3\image processing\idea 2\outputs\generalization_upgrade\02_external_bias_audit\normalized_external\real\34\5354734_1976-10-17_1995.jpg,0,34/5354734_1976-10-17_1995.jpg,real,deepfakeface,deepfakeface_sd15/real/34/5354734_1976-10-17_1995.jpg,,,,,,0.98247117,External,External real,145.0,-1.4859523,3.3456879
C:\Users\Rohith Syam\Documents\UTS SEMESTER 3\image processing\idea 2\outputs\generalization_upgrade\02_external_bias_audit\normalized_external\real\55\295555_1950-07-15_2012.jpg,0,55/295555_1950-07-15_2012.jpg,real,deepfakeface,deepfakeface_sd15/real/55/295555_1950-07-15_2012.jpg,,,,,,9.951931e-05,External,External real,190.0,-23.13005,-11.974486
C:\Users\Rohith Syam\Documents\UTS SEMESTER 3\image processing\idea 2\outputs\generalization_upgrade\02_external_bias_audit\normalized_external\real\71\31706371_1989-01-14_2011.jpg,0,71/31706371_1989-01-14_2011.jpg,real,deepfakeface,deepfakeface_sd15/real/71/31706371_1989-01-14_2011.jpg,,,,,,0.011838062,External,External real,220.0,-13.328733,2.7570386
C:\Users\Rohith Syam\Documents\UTS SEMESTER 3\image processing\idea 2\outputs\generalization_upgrade\02_external_bias_audit\normalized_external\real\71\566471_1971-05-18_2011.jpg,0,71/566471_1971-05-18_2011.jpg,real,deepfakeface,deepfakeface_sd15/real/71/566471_1971-05-18_2011.jpg,,,,,,0.4240581,External,External real,226.0,-11.234705,0.7447656
C:\Users\Rohith Syam\Documents\UTS SEMESTER 3\image processing\idea 2\outputs\generalization_upgrade\02_external_bias_audit\normalized_external\real\00\23804200_1950-03-31_2013.jpg,0,00/23804200_1950-03-31_2013.jpg,real,deepfakeface,deepfakeface_sd15/real/00/23804200_1950-03-31_2013.jpg,,,,,,9.332116e-05,External,External real,3.0,-25.903448,-4.910834
C:\Users\Rohith Syam\Documents\UTS SEMESTER 3\image processing\idea 2\outputs\generalization_upgrade\02_external_bias_audit\normalized_external\real\21\30496921_1916-02-13_1977.jpg,0,21/30496921_1916-02-13_1977.jpg,real,deepfakeface,deepfakeface_sd15/real/21/30496921_1916-02-13_1977.jpg,,,,,,0.9879752,External,External real,105.0,-1.3306015,1.8663034
C:\Users\Rohith Syam\Documents\UTS SEMESTER 3\image processing\idea 2\outputs\generalization_upgrade\02_external_bias_audit\normalized_external\real\03\7100903_1961-03-15_2010.jpg,0,03/7100903_1961-03-15_2010.jpg,real,deepfakeface,deepfakeface_sd15/real/03/7100903_1961-03-15_2010.jpg,,,,,,0.78592515,External,External real,53.0,-3.6043162,2.769696
C:\Users\Rohith Syam\Documents\UTS SEMESTER 3\image processing\idea 2\outputs\generalization_upgrade\02_external_bias_audit\normalized_external\real\34\276834_1928-01-30_2010.jpg,0,34/276834_1928-01-30_2010.jpg,real,deepfakeface,deepfakeface_sd15/real/34/276834_1928-01-30_2010.jpg,,,,,,0.049042106,External,External real,133.0,-13.568928,4.33586
C:\Users\Rohith Syam\Documents\UTS SEMESTER 3\image processing\idea 2\outputs\generalization_upgrade\02_external_bias_audit\normalized_external\real\00\15550600_1973-11-01_2000.jpg,0,00/15550600_1973-11-01_2000.jpg,real,deepfakeface,deepfakeface_sd15/real/00/15550600_1973-11-01_2000.jpg,,,,,,6.285333e-06,External,External real,1.0,-27.276278,-5.3570595
C:\Users\Rohith Syam\Documents\UTS SEMESTER 3\image processing\idea 2\outputs\generalization_upgrade\02_external_bias_audit\normalized_external\real\98\25616698_1980-08-12_2012.jpg,0,98/25616698_1980-08-12_2012.jpg,real,deepfakeface,deepfakeface_sd15/real/98/25616698_1980-08-12_2012.jpg,,,,,,0.015405939,External,External real,269.0,-22.165716,-0.073750146
C:\Users\Rohith Syam\Documents\UTS SEMESTER 3\image processing\idea 2\outputs\generalization_upgrade\02_external_bias_audit\normalized_external\real\21\295321_1904-08-23_1955.jpg,0,21/295321_1904-08-23_1955.jpg,real,deepfakeface,deepfakeface_sd15/real/21/295321_1904-08-23_1955.jpg,,,,,,0.00020422945,External,External real,103.0,-19.246859,-12.226986
C:\Users\Rohith Syam\Documents\UTS SEMESTER 3\image processing\idea 2\outputs\generalization_upgrade\02_external_bias_audit\normalized_external\real\03\39918103_1988-09-29_2012.jpg,0,03/39918103_1988-09-29_2012.jpg,real,deepfakeface,deepfakeface_sd15/real/03/39918103_1988-09-29_2012.jpg,,,,,,0.99843067,External,External real,49.0,3.2526112,-6.016033
C:\Users\Rohith Syam\Documents\UTS SEMESTER 3\image processing\idea 2\outputs\generalization_upgrade\02_external_bias_audit\normalized_external\real\35\2663135_1941-03-20_2008.jpg,0,35/2663135_1941-03-20_2008.jpg,real,deepfakeface,deepfakeface_sd15/real/35/2663135_1941-03-20_2008.jpg,,,,,,0.723545,External,External real,163.0,-13.400267,7.096675
C:\Users\Rohith Syam\Documents\UTS SEMESTER 3\image processing\idea 2\outputs\generalization_upgrade\02_external_bias_audit\normalized_external\real\14\4295614_1924-09-15_1987.jpg,0,14/4295614_1924-09-15_1987.jpg,real,deepfakeface,deepfakeface_sd15/real/14/4295614_1924-09-15_1987.jpg,,,,,,0.0048891506,External,External real,80.0,-19.342054,-8.431677
C:\Users\Rohith Syam\Documents\UTS SEMESTER 3\image processing\idea 2\outputs\generalization_upgrade\02_external_bias_audit\normalized_external\real\69\41427969_1939-03-30_1972.jpg,0,69/41427969_1939-03-30_1972.jpg,real,deepfakeface,deepfakeface_sd15/real/69/41427969_1939-03-30_1972.jpg,,,,,,0.49007455,External,External real,205.0,-8.458732,-2.036524
C:\Users\Rohith Syam\Documents\UTS SEMESTER 3\image processing\idea 2\outputs\generalization_upgrade\02_external_bias_audit\normalized_external\real\03\16103_1907-05-26_1965.jpg,0,03/16103_1907-05-26_1965.jpg,real,deepfakeface,deepfakeface_sd15/real/03/16103_1907-05-26_1965.jpg,,,,,,0.00059516536,External,External real,34.0,-19.233805,-7.990622
C:\Users\Rohith Syam\Documents\UTS SEMESTER 3\image processing\idea 2\outputs\generalization_upgrade\02_external_bias_audit\normalized_external\real\98\14073598_1892-03-06_1943.jpg,0,98/14073598_1892-03-06_1943.jpg,real,deepfakeface,deepfakeface_sd15/real/98/14073598_1892-03-06_1943.jpg,,,,,,0.5392281,External,External real,262.0,-8.000302,-0.79547757
C:\Users\Rohith Syam\Documents\UTS SEMESTER 3\image processing\idea 2\outputs\generalization_upgrade\02_external_bias_audit\normalized_external\real\00\2690900_1963-03-12_2010.jpg,0,00/2690900_1963-03-12_2010.jpg,real,deepfakeface,deepfakeface_sd15/real/00/2690900_1963-03-12_2010.jpg,,,,,,0.00092813943,External,External real,7.0,-27.996101,-0.7650498
C:\Users\Rohith Syam\Documents\UTS SEMESTER 3\image processing\idea 2\outputs\generalization_upgrade\02_external_bias_audit\normalized_external\real\35\3338735_1981-11-16_2013.jpg,0,35/3338735_1981-11-16_2013.jpg,real,deepfakeface,deepfakeface_sd15/real/35/3338735_1981-11-16_2013.jpg,,,,,,0.056713168,External,External real,171.0,-13.526857,-11.362815
C:\Users\Rohith Syam\Documents\UTS SEMESTER 3\image processing\idea 2\outputs\generalization_upgrade\02_external_bias_audit\normalized_external\real\55\39790655_2013-07-22_2014.jpg,0,55/39790655_2013-07-22_2014.jpg,real,deepfakeface,deepfakeface_sd15/real/55/39790655_2013-07-22_2014.jpg,,,,,,0.6365484,External,External real,198.0,-4.357852,3.0738428
C:\Users\Rohith Syam\Documents\UTS SEMESTER 3\image processing\idea 2\outputs\generalization_upgrade\02_external_bias_audit\normalized_external\fake\03\32442803_1991-09-14_2012.jpg,1,03/32442803_1991-09-14_2012.jpg,StableDiffusion_v1_5,deepfakeface,deepfakeface_sd15/fake/03/32442803_1991-09-14_2012.jpg,,,,,,0.006589391,External,External StableDiffusion_v1_5,333.0,-17.408432,-2.0627513
C:\Users\Rohith Syam\Documents\UTS SEMESTER 3\image processing\idea 2\outputs\generalization_upgrade\02_external_bias_audit\normalized_external\fake\35\1566935_1953-09-11_2010.jpg,1,35/1566935_1953-09-11_2010.jpg,StableDiffusion_v1_5,deepfakeface,deepfakeface_sd15/fake/35/1566935_1953-09-11_2010.jpg,,,,,,0.0001303827,External,External StableDiffusion_v1_5,445.0,-26.357325,-2.936279
C:\Users\Rohith Syam\Documents\UTS SEMESTER 3\image processing\idea 2\outputs\generalization_upgrade\02_external_bias_audit\normalized_external\fake\73\9311273_1979-08-24_2010.jpg,1,73/9311273_1979-08-24_2010.jpg,StableDiffusion_v1_5,deepfakeface,deepfakeface_sd15/fake/73/9311273_1979-08-24_2010.jpg,,,,,,0.0005269025,External,External StableDiffusion_v1_5,544.0,-19.168371,-8.441708
C:\Users\Rohith Syam\Documents\UTS SEMESTER 3\image processing\idea 2\outputs\generalization_upgrade\02_external_bias_audit\normalized_external\fake\03\2740303_1974-11-03_1999.jpg,1,03/2740303_1974-11-03_1999.jpg,StableDiffusion_v1_5,deepfakeface,deepfakeface_sd15/fake/03/2740303_1974-11-03_1999.jpg,,,,,,0.00016231783,External,External StableDiffusion_v1_5,330.0,-24.654415,-4.9964705
C:\Users\Rohith Syam\Documents\UTS SEMESTER 3\image processing\idea 2\outputs\generalization_upgrade\02_external_bias_audit\normalized_external\fake\55\1349055_1974-02-24_2009.jpg,1,55/1349055_1974-02-24_2009.jpg,StableDiffusion_v1_5,deepfakeface,deepfakeface_sd15/fake/55/1349055_1974-02-24_2009.jpg,,,,,,0.59726554,External,External StableDiffusion_v1_5,469.0,-13.230504,-0.113224216
C:\Users\Rohith Syam\Documents\UTS SEMESTER 3\image processing\idea 2\outputs\generalization_upgrade\02_external_bias_audit\normalized_external\fake\00\28886000_1928-01-17_2009.jpg,1,00/28886000_1928-01-17_2009.jpg,StableDiffusion_v1_5,deepfakeface,deepfakeface_sd15/fake/00/28886000_1928-01-17_2009.jpg,,,,,,0.03233207,External,External StableDiffusion_v1_5,297.0,-13.301296,-5.136632
C:\Users\Rohith Syam\Documents\UTS SEMESTER 3\image processing\idea 2\outputs\generalization_upgrade\02_external_bias_audit\normalized_external\fake\03\34807003_1990-05-29_2013.jpg,1,03/34807003_1990-05-29_2013.jpg,StableDiffusion_v1_5,deepfakeface,deepfakeface_sd15/fake/03/34807003_1990-05-29_2013.jpg,,,,,,0.00363126,External,External StableDiffusion_v1_5,334.0,-19.99863,-4.963771
C:\Users\Rohith Syam\Documents\UTS SEMESTER 3\image processing\idea 2\outputs\generalization_upgrade\02_external_bias_audit\normalized_external\fake\35\34163535_1988-04-03_2011.jpg,1,35/34163535_1988-04-03_2011.jpg,StableDiffusion_v1_5,deepfakeface,deepfakeface_sd15/fake/35/34163535_1988-04-03_2011.jpg,,,,,,0.95963925,External,External StableDiffusion_v1_5,460.0,-2.2865658,-2.4821982
C:\Users\Rohith Syam\Documents\UTS SEMESTER 3\image processing\idea 2\outputs\generalization_upgrade\02_external_bias_audit\normalized_external\fake\14\36573714_1984-12-01_2012.jpg,1,14/36573714_1984-12-01_2012.jpg,StableDiffusion_v1_5,deepfakeface,deepfakeface_sd15/fake/14/36573714_1984-12-01_2012.jpg,,,,,,0.00033059492,External,External StableDiffusion_v1_5,365.0,-23.910526,-4.44399
C:\Users\Rohith Syam\Documents\UTS SEMESTER 3\image processing\idea 2\outputs\generalization_upgrade\02_external_bias_audit\normalized_external\fake\55\3566855_1977-08-09_2010.jpg,1,55/3566855_1977-08-09_2010.jpg,StableDiffusion_v1_5,deepfakeface,deepfakeface_sd15/fake/55/3566855_1977-08-09_2010.jpg,,,,,,0.14317448,External,External StableDiffusion_v1_5,483.0,-11.199413,-10.677649
C:\Users\Rohith Syam\Documents\UTS SEMESTER 3\image processing\idea 2\outputs\generalization_upgrade\02_external_bias_audit\normalized_external\fake\71\3312671_1985-08-02_2008.jpg,1,71/3312671_1985-08-02_2008.jpg,StableDiffusion_v1_5,deepfakeface,deepfakeface_sd15/fake/71/3312671_1985-08-02_2008.jpg,,,,,,8.773092e-05,External,External StableDiffusion_v1_5,510.0,-25.182404,-4.990801
C:\Users\Rohith Syam\Documents\UTS SEMESTER 3\image processing\idea 2\outputs\generalization_upgrade\02_external_bias_audit\normalized_external\fake\03\14926103_1928-01-13_1958.jpg,1,03/14926103_1928-01-13_1958.jpg,StableDiffusion_v1_5,deepfakeface,deepfakeface_sd15/fake/03/14926103_1928-01-13_1958.jpg,,,,,,1.36889785e-05,External,External StableDiffusion_v1_5,321.0,-30.425713,-4.304348
C:\Users\Rohith Syam\Documents\UTS SEMESTER 3\image processing\idea 2\outputs\generalization_upgrade\02_external_bias_audit\normalized_external\fake\21\8789221_1983-08-14_2012.jpg,1,21/8789221_1983-08-14_2012.jpg,StableDiffusion_v1_5,deepfakeface,deepfakeface_sd15/fake/21/8789221_1983-08-14_2012.jpg,,,,,,0.5829789,External,External StableDiffusion_v1_5,404.0,-6.0441833,1.1807172
C:\Users\Rohith Syam\Documents\UTS SEMESTER 3\image processing\idea 2\outputs\generalization_upgrade\02_external_bias_audit\normalized_external\fake\98\45298998_1988-08-17_2012.jpg,1,98/45298998_1988-08-17_2012.jpg,StableDiffusion_v1_5,deepfakeface,deepfakeface_sd15/fake/98/45298998_1988-08-17_2012.jpg,,,,,,0.0005576924,External,External StableDiffusion_v1_5,567.0,-19.454565,-8.9862
C:\Users\Rohith Syam\Documents\UTS SEMESTER 3\image processing\idea 2\outputs\generalization_upgrade\02_external_bias_audit\normalized_external\fake\03\9000703_1982-07-16_2008.jpg,1,03/9000703_1982-07-16_2008.jpg,StableDiffusion_v1_5,deepfakeface,deepfakeface_sd15/fake/03/9000703_1982-07-16_2008.jpg,,,,,,0.00475063,External,External StableDiffusion_v1_5,344.0,-20.637503,-4.8636756
C:\Users\Rohith Syam\Documents\UTS SEMESTER 3\image processing\idea 2\outputs\generalization_upgrade\02_external_bias_audit\normalized_external\fake\71\27164771_1990-09-17_2009.jpg,1,71/27164771_1990-09-17_2009.jpg,StableDiffusion_v1_5,deepfakeface,deepfakeface_sd15/fake/71/27164771_1990-09-17_2009.jpg,,,,,,0.754977,External,External StableDiffusion_v1_5,504.0,-10.395468,-10.546576
C:\Users\Rohith Syam\Documents\UTS SEMESTER 3\image processing\idea 2\outputs\generalization_upgrade\02_external_bias_audit\normalized_external\fake\00\2669900_1933-07-29_1968.jpg,1,00/2669900_1933-07-29_1968.jpg,StableDiffusion_v1_5,deepfakeface,deepfakeface_sd15/fake/00/2669900_1933-07-29_1968.jpg,,,,,,0.042501967,External,External StableDiffusion_v1_5,293.0,-16.68592,-1.2027042
C:\Users\Rohith Syam\Documents\UTS SEMESTER 3\image processing\idea 2\outputs\generalization_upgrade\02_external_bias_audit\normalized_external\fake\71\42650171_1946-12-10_2013.jpg,1,71/42650171_1946-12-10_2013.jpg,StableDiffusion_v1_5,deepfakeface,deepfakeface_sd15/fake/71/42650171_1946-12-10_2013.jpg,,,,,,0.04045127,External,External StableDiffusion_v1_5,512.0,-14.128365,-12.767664
C:\Users\Rohith Syam\Documents\UTS SEMESTER 3\image processing\idea 2\outputs\generalization_upgrade\02_external_bias_audit\normalized_external\fake\73\18933173_1984-05-13_2011.jpg,1,73/18933173_1984-05-13_2011.jpg,StableDiffusion_v1_5,deepfakeface,deepfakeface_sd15/fake/73/18933173_1984-05-13_2011.jpg,,,,,,0.0014293805,External,External StableDiffusion_v1_5,525.0,-17.14613,-11.633427
C:\Users\Rohith Syam\Documents\UTS SEMESTER 3\image processing\idea 2\outputs\generalization_upgrade\02_external_bias_audit\normalized_external\fake\14\35642014_1989-04-27_2012.jpg,1,14/35642014_1989-04-27_2012.jpg,StableDiffusion_v1_5,deepfakeface,deepfakeface_sd15/fake/14/35642014_1989-04-27_2012.jpg,,,,,,0.06973381,External,External StableDiffusion_v1_5,363.0,-15.492787,-1.9858205
C:\Users\Rohith Syam\Documents\UTS SEMESTER 3\image processing\idea 2\outputs\generalization_upgrade\02_external_bias_audit\normalized_external\fake\98\23428298_1982-12-22_2009.jpg,1,98/23428298_1982-12-22_2009.jpg,StableDiffusion_v1_5,deepfakeface,deepfakeface_sd15/fake/98/23428298_1982-12-22_2009.jpg,,,,,,0.75285417,External,External StableDiffusion_v1_5,555.0,-1.2254851,0.30950046
C:\Users\Rohith Syam\Documents\UTS SEMESTER 3\image processing\idea 2\outputs\generalization_upgrade\02_external_bias_audit\normalized_external\fake\14\5923814_1958-08-28_1991.jpg,1,14/5923814_1958-08-28_1991.jpg,StableDiffusion_v1_5,deepfakeface,deepfakeface_sd15/fake/14/5923814_1958-08-28_1991.jpg,,,,,,0.09933695,External,External StableDiffusion_v1_5,372.0,-15.906697,-0.39549553
C:\Users\Rohith Syam\Documents\UTS SEMESTER 3\image processing\idea 2\outputs\generalization_upgrade\02_external_bias_audit\normalized_external\fake\21\7623721_1978-03-01_2010.jpg,1,21/7623721_1978-03-01_2010.jpg,StableDiffusion_v1_5,deepfakeface,deepfakeface_sd15/fake/21/7623721_1978-03-01_2010.jpg,,,,,,0.00069837546,External,External StableDiffusion_v1_5,401.0,-21.567863,-5.2565875
C:\Users\Rohith Syam\Documents\UTS SEMESTER 3\image processing\idea 2\outputs\generalization_upgrade\02_external_bias_audit\normalized_external\fake\98\670098_1974-07-29_2009.jpg,1,98/670098_1974-07-29_2009.jpg,StableDiffusion_v1_5,deepfakeface,deepfakeface_sd15/fake/98/670098_1974-07-29_2009.jpg,,,,,,0.99953675,External,External StableDiffusion_v1_5,574.0,0.32094154,-5.0501266
C:\Users\Rohith Syam\Documents\UTS SEMESTER 3\image processing\idea 2\outputs\generalization_upgrade\02_external_bias_audit\normalized_external\fake\14\28819114_1961-06-26_2009.jpg,1,14/28819114_1961-06-26_2009.jpg,StableDiffusion_v1_5,deepfakeface,deepfakeface_sd15/fake/14/28819114_1961-06-26_2009.jpg,,,,,,0.03196905,External,External StableDiffusion_v1_5,361.0,-14.217719,-8.398055
C:\Users\Rohith Syam\Documents\UTS SEMESTER 3\image processing\idea 2\outputs\generalization_upgrade\02_external_bias_audit\normalized_external\fake\73\41639973_1876-12-25_1940.jpg,1,73/41639973_1876-12-25_1940.jpg,StableDiffusion_v1_5,deepfakeface,deepfakeface_sd15/fake/73/41639973_1876-12-25_1940.jpg,,,,,,0.00015403563,External,External StableDiffusion_v1_5,538.0,-21.209604,-17.018856
C:\Users\Rohith Syam\Documents\UTS SEMESTER 3\image processing\idea 2\outputs\generalization_upgrade\02_external_bias_audit\normalized_external\fake\34\42708434_1996-03-11_2013.jpg,1,34/42708434_1996-03-11_2013.jpg,StableDiffusion_v1_5,deepfakeface,deepfakeface_sd15/fake/34/42708434_1996-03-11_2013.jpg,,,,,,0.0019331998,External,External StableDiffusion_v1_5,428.0,-19.403328,-7.1478086
C:\Users\Rohith Syam\Documents\UTS SEMESTER 3\image processing\idea 2\outputs\generalization_upgrade\02_external_bias_audit\normalized_external\fake\34\78834_1970-04-29_2014.jpg,1,34/78834_1970-04-29_2014.jpg,StableDiffusion_v1_5,deepfakeface,deepfakeface_sd15/fake/34/78834_1970-04-29_2014.jpg,,,,,,0.0012977016,External,External StableDiffusion_v1_5,435.0,-19.551647,-18.814552
C:\Users\Rohith Syam\Documents\UTS SEMESTER 3\image processing\idea 2\outputs\generalization_upgrade\02_external_bias_audit\normalized_external\fake\21\6574321_1982-08-10_2012.jpg,1,21/6574321_1982-08-10_2012.jpg,StableDiffusion_v1_5,deepfakeface,deepfakeface_sd15/fake/21/6574321_1982-08-10_2012.jpg,,,,,,0.031306956,External,External StableDiffusion_v1_5,399.0,-18.589245,2.5895228
C:\Users\Rohith Syam\Documents\UTS SEMESTER 3\image processing\idea 2\outputs\generalization_upgrade\02_external_bias_audit\normalized_external\fake\14\12041214_1955-03-25_2012.jpg,1,14/12041214_1955-03-25_2012.jpg,StableDiffusion_v1_5,deepfakeface,deepfakeface_sd15/fake/14/12041214_1955-03-25_2012.jpg,,,,,,3.1650827e-06,External,External StableDiffusion_v1_5,348.0,-23.285517,-14.709579
C:\Users\Rohith Syam\Documents\UTS SEMESTER 3\image processing\idea 2\outputs\generalization_upgrade\02_external_bias_audit\normalized_external\fake\21\29126821_1986-10-07_2014.jpg,1,21/29126821_1986-10-07_2014.jpg,StableDiffusion_v1_5,deepfakeface,deepfakeface_sd15/fake/21/29126821_1986-10-07_2014.jpg,,,,,,0.040956583,External,External StableDiffusion_v1_5,389.0,-9.666716,-9.623789
C:\Users\Rohith Syam\Documents\UTS SEMESTER 3\image processing\idea 2\outputs\generalization_upgrade\02_external_bias_audit\normalized_external\fake\55\1941155_1993-07-26_2010.jpg,1,55/1941155_1993-07-26_2010.jpg,StableDiffusion_v1_5,deepfakeface,deepfakeface_sd15/fake/55/1941155_1993-07-26_2010.jpg,,,,,,0.029539002,External,External StableDiffusion_v1_5,473.0,-12.457005,-7.085107
C:\Users\Rohith Syam\Documents\UTS SEMESTER 3\image processing\idea 2\outputs\generalization_upgrade\02_external_bias_audit\normalized_external\fake\35\14347235_1959-06-15_2013.jpg,1,35/14347235_1959-06-15_2013.jpg,StableDiffusion_v1_5,deepfakeface,deepfakeface_sd15/fake/35/14347235_1959-06-15_2013.jpg,,,,,,0.91056013,External,External StableDiffusion_v1_5,442.0,-1.4610617,-4.1312656
C:\Users\Rohith Syam\Documents\UTS SEMESTER 3\image processing\idea 2\outputs\generalization_upgrade\02_external_bias_audit\normalized_external\fake\73\16855173_1937-10-21_2008.jpg,1,73/16855173_1937-10-21_2008.jpg,StableDiffusion_v1_5,deepfakeface,deepfakeface_sd15/fake/73/16855173_1937-10-21_2008.jpg,,,,,,0.5022438,External,External StableDiffusion_v1_5,524.0,-5.2992163,2.046277
C:\Users\Rohith Syam\Documents\UTS SEMESTER 3\image processing\idea 2\outputs\generalization_upgrade\02_external_bias_audit\normalized_external\fake\55\14904555_1915-05-08_1941.jpg,1,55/14904555_1915-05-08_1941.jpg,StableDiffusion_v1_5,deepfakeface,deepfakeface_sd15/fake/55/14904555_1915-05-08_1941.jpg,,,,,,0.00021310261,External,External StableDiffusion_v1_5,471.0,-19.675371,-18.088099
C:\Users\Rohith Syam\Documents\UTS SEMESTER 3\image processing\idea 2\outputs\generalization_upgrade\02_external_bias_audit\normalized_external\fake\35\31663335_1976-06-05_2013.jpg,1,35/31663335_1976-06-05_2013.jpg,StableDiffusion_v1_5,deepfakeface,deepfakeface_sd15/fake/35/31663335_1976-06-05_2013.jpg,,,,,,0.20288551,External,External StableDiffusion_v1_5,456.0,-9.8368025,-9.3240795
C:\Users\Rohith Syam\Documents\UTS SEMESTER 3\image processing\idea 2\outputs\generalization_upgrade\02_external_bias_audit\normalized_external\fake\71\967871_1972-12-15_2008.jpg,1,71/967871_1972-12-15_2008.jpg,StableDiffusion_v1_5,deepfakeface,deepfakeface_sd15/fake/71/967871_1972-12-15_2008.jpg,,,,,,0.004490219,External,External StableDiffusion_v1_5,519.0,-20.795336,-0.37311137
C:\Users\Rohith Syam\Documents\UTS SEMESTER 3\image processing\idea 2\outputs\generalization_upgrade\02_external_bias_audit\normalized_external\fake\34\4413434_1984-01-21_2013.jpg,1,34/4413434_1984-01-21_2013.jpg,StableDiffusion_v1_5,deepfakeface,deepfakeface_sd15/fake/34/4413434_1984-01-21_2013.jpg,,,,,,0.9647075,External,External StableDiffusion_v1_5,431.0,-0.92710334,-5.153866
C:\Users\Rohith Syam\Documents\UTS SEMESTER 3\image processing\idea 2\outputs\generalization_upgrade\02_external_bias_audit\normalized_external\fake\55\46238055_1947-10-19_1980.jpg,1,55/46238055_1947-10-19_1980.jpg,StableDiffusion_v1_5,deepfakeface,deepfakeface_sd15/fake/55/46238055_1947-10-19_1980.jpg,,,,,,0.008185908,External,External StableDiffusion_v1_5,490.0,-22.48219,-2.265439
C:\Users\Rohith Syam\Documents\UTS SEMESTER 3\image processing\idea 2\outputs\generalization_upgrade\02_external_bias_audit\normalized_external\fake\21\9404921_1978-07-09_2009.jpg,1,21/9404921_1978-07-09_2009.jpg,StableDiffusion_v1_5,deepfakeface,deepfakeface_sd15/fake/21/9404921_1978-07-09_2009.jpg,,,,,,0.91970426,External,External StableDiffusion_v1_5,405.0,-2.9293344,-7.006146
C:\Users\Rohith Syam\Documents\UTS SEMESTER 3\image processing\idea 2\outputs\generalization_upgrade\02_external_bias_audit\normalized_external\fake\35\28265335_1988-06-22_2013.jpg,1,35/28265335_1988-06-22_2013.jpg,StableDiffusion_v1_5,deepfakeface,deepfakeface_sd15/fake/35/28265335_1988-06-22_2013.jpg,,,,,,0.039057005,External,External StableDiffusion_v1_5,453.0,-9.696183,-6.203764
C:\Users\Rohith Syam\Documents\UTS SEMESTER 3\image processing\idea 2\outputs\generalization_upgrade\02_external_bias_audit\normalized_external\fake\73\5332173_1935-09-06_2008.jpg,1,73/5332173_1935-09-06_2008.jpg,StableDiffusion_v1_5,deepfakeface,deepfakeface_sd15/fake/73/5332173_1935-09-06_2008.jpg,,,,,,3.603095e-05,External,External StableDiffusion_v1_5,542.0,-21.594069,-18.271164
C:\Users\Rohith Syam\Documents\UTS SEMESTER 3\image processing\idea 2\outputs\generalization_upgrade\02_external_bias_audit\normalized_external\fake\35\1437535_1935-02-22_2010.jpg,1,35/1437535_1935-02-22_2010.jpg,StableDiffusion_v1_5,deepfakeface,deepfakeface_sd15/fake/35/1437535_1935-02-22_2010.jpg,,,,,,0.00014027933,External,External StableDiffusion_v1_5,443.0,-24.834637,-4.561544
C:\Users\Rohith Syam\Documents\UTS SEMESTER 3\image processing\idea 2\outputs\generalization_upgrade\02_external_bias_audit\normalized_external\fake\34\25905034_1992-04-05_2009.jpg,1,34/25905034_1992-04-05_2009.jpg,StableDiffusion_v1_5,deepfakeface,deepfakeface_sd15/fake/34/25905034_1992-04-05_2009.jpg,,,,,,0.013507588,External,External StableDiffusion_v1_5,420.0,-16.806925,-11.616
C:\Users\Rohith Syam\Documents\UTS SEMESTER 3\image processing\idea 2\outputs\generalization_upgrade\02_external_bias_audit\normalized_external\fake\03\10970703_1984-05-21_2011.jpg,1,03/10970703_1984-05-21_2011.jpg,StableDiffusion_v1_5,deepfakeface,deepfakeface_sd15/fake/03/10970703_1984-05-21_2011.jpg,,,,,,3.2096868e-06,External,External StableDiffusion_v1_5,318.0,-21.448877,-13.3872795
C:\Users\Rohith Syam\Documents\UTS SEMESTER 3\image processing\idea 2\outputs\generalization_upgrade\02_external_bias_audit\normalized_external\fake\00\67000_1947-05-13_2007.jpg,1,00/67000_1947-05-13_2007.jpg,StableDiffusion_v1_5,deepfakeface,deepfakeface_sd15/fake/00/67000_1947-05-13_2007.jpg,,,,,,0.00044997575,External,External StableDiffusion_v1_5,310.0,-26.946257,-1.6249936
C:\Users\Rohith Syam\Documents\UTS SEMESTER 3\image processing\idea 2\outputs\generalization_upgrade\02_external_bias_audit\normalized_external\fake\00\8222200_1941-05-15_1964.jpg,1,00/8222200_1941-05-15_1964.jpg,StableDiffusion_v1_5,deepfakeface,deepfakeface_sd15/fake/00/8222200_1941-05-15_1964.jpg,,,,,,0.012995279,External,External StableDiffusion_v1_5,312.0,-13.803787,-5.151374
C:\Users\Rohith Syam\Documents\UTS SEMESTER 3\image processing\idea 2\outputs\generalization_upgrade\02_external_bias_audit\normalized_external\fake\35\16105135_1980-04-18_2012.jpg,1,35/16105135_1980-04-18_2012.jpg,StableDiffusion_v1_5,deepfakeface,deepfakeface_sd15/fake/35/16105135_1980-04-18_2012.jpg,,,,,,6.313033e-05,External,External StableDiffusion_v1_5,446.0,-26.181604,-8.975718
C:\Users\Rohith Syam\Documents\UTS SEMESTER 3\image processing\idea 2\outputs\generalization_upgrade\02_external_bias_audit\normalized_external\fake\34\4998434_1979-05-16_2005.jpg,1,34/4998434_1979-05-16_2005.jpg,StableDiffusion_v1_5,deepfakeface,deepfakeface_sd15/fake/34/4998434_1979-05-16_2005.jpg,,,,,,0.0023952422,External,External StableDiffusion_v1_5,432.0,-13.083536,-16.462086
C:\Users\Rohith Syam\Documents\UTS SEMESTER 3\image processing\idea 2\outputs\generalization_upgrade\02_external_bias_audit\normalized_external\fake\35\3110335_1948-04-03_2012.jpg,1,35/3110335_1948-04-03_2012.jpg,StableDiffusion_v1_5,deepfakeface,deepfakeface_sd15/fake/35/3110335_1948-04-03_2012.jpg,,,,,,0.00019746556,External,External StableDiffusion_v1_5,455.0,-19.466576,-11.753801
C:\Users\Rohith Syam\Documents\UTS SEMESTER 3\image processing\idea 2\outputs\generalization_upgrade\02_external_bias_audit\normalized_external\fake\73\21741673_1995-03-01_2009.jpg,1,73/21741673_1995-03-01_2009.jpg,StableDiffusion_v1_5,deepfakeface,deepfakeface_sd15/fake/73/21741673_1995-03-01_2009.jpg,,,,,,0.00045859147,External,External StableDiffusion_v1_5,527.0,-26.790663,0.1972214
C:\Users\Rohith Syam\Documents\UTS SEMESTER 3\image processing\idea 2\outputs\generalization_upgrade\02_external_bias_audit\normalized_external\fake\73\502973_1958-03-25_2012.jpg,1,73/502973_1958-03-25_2012.jpg,StableDiffusion_v1_5,deepfakeface,deepfakeface_sd15/fake/73/502973_1958-03-25_2012.jpg,,,,,,0.00019100103,External,External StableDiffusion_v1_5,541.0,-20.591225,-17.137169
C:\Users\Rohith Syam\Documents\UTS SEMESTER 3\image processing\idea 2\outputs\generalization_upgrade\02_external_bias_audit\normalized_external\fake\21\20599521_1967-08-09_2012.jpg,1,21/20599521_1967-08-09_2012.jpg,StableDiffusion_v1_5,deepfakeface,deepfakeface_sd15/fake/21/20599521_1967-08-09_2012.jpg,,,,,,0.00017972766,External,External StableDiffusion_v1_5,385.0,-20.045042,-9.420133
C:\Users\Rohith Syam\Documents\UTS SEMESTER 3\image processing\idea 2\outputs\generalization_upgrade\02_external_bias_audit\normalized_external\fake\71\14220271_1972-11-30_2008.jpg,1,71/14220271_1972-11-30_2008.jpg,StableDiffusion_v1_5,deepfakeface,deepfakeface_sd15/fake/71/14220271_1972-11-30_2008.jpg,,,,,,0.021791039,External,External StableDiffusion_v1_5,495.0,-11.089011,-7.3432164
C:\Users\Rohith Syam\Documents\UTS SEMESTER 3\image processing\idea 2\outputs\generalization_upgrade\02_external_bias_audit\normalized_external\fake\35\36702535_1992-07-04_2012.jpg,1,35/36702535_1992-07-04_2012.jpg,StableDiffusion_v1_5,deepfakeface,deepfakeface_sd15/fake/35/36702535_1992-07-04_2012.jpg,,,,,,0.8774423,External,External StableDiffusion_v1_5,461.0,-2.613925,-5.3867397
C:\Users\Rohith Syam\Documents\UTS SEMESTER 3\image processing\idea 2\outputs\generalization_upgrade\02_external_bias_audit\normalized_external\fake\55\1196855_1923-06-24_2009.jpg,1,55/1196855_1923-06-24_2009.jpg,StableDiffusion_v1_5,deepfakeface,deepfakeface_sd15/fake/55/1196855_1923-06-24_2009.jpg,,,,,,0.98186386,External,External StableDiffusion_v1_5,467.0,-1.5081577,-5.2554812
C:\Users\Rohith Syam\Documents\UTS SEMESTER 3\image processing\idea 2\outputs\generalization_upgrade\02_external_bias_audit\normalized_external\fake\98\40883698_1972-01-26_2014.jpg,1,98/40883698_1972-01-26_2014.jpg,StableDiffusion_v1_5,deepfakeface,deepfakeface_sd15/fake/98/40883698_1972-01-26_2014.jpg,,,,,,3.795174e-05,External,External StableDiffusion_v1_5,565.0,-29.689596,-6.235102
C:\Users\Rohith Syam\Documents\UTS SEMESTER 3\image processing\idea 2\outputs\generalization_upgrade\02_external_bias_audit\normalized_external\fake\00\26771200_1988-08-13_2009.jpg,1,00/26771200_1988-08-13_2009.jpg,StableDiffusion_v1_5,deepfakeface,deepfakeface_sd15/fake/00/26771200_1988-08-13_2009.jpg,,,,,,0.00038944828,External,External StableDiffusion_v1_5,294.0,-27.07332,-1.7265968
C:\Users\Rohith Syam\Documents\UTS SEMESTER 3\image processing\idea 2\outputs\generalization_upgrade\02_external_bias_audit\normalized_external\fake\21\15905321_1990-01-06_2009.jpg,1,21/15905321_1990-01-06_2009.jpg,StableDiffusion_v1_5,deepfakeface,deepfakeface_sd15/fake/21/15905321_1990-01-06_2009.jpg,,,,,,0.00066351966,External,External StableDiffusion_v1_5,381.0,-25.193628,-3.518799
C:\Users\Rohith Syam\Documents\UTS SEMESTER 3\image processing\idea 2\outputs\generalization_upgrade\02_external_bias_audit\normalized_external\fake\14\1995914_1928-11-21_1976.jpg,1,14/1995914_1928-11-21_1976.jpg,StableDiffusion_v1_5,deepfakeface,deepfakeface_sd15/fake/14/1995914_1928-11-21_1976.jpg,,,,,,1.0263268e-05,External,External StableDiffusion_v1_5,354.0,-27.499384,-6.737345
C:\Users\Rohith Syam\Documents\UTS SEMESTER 3\image processing\idea 2\outputs\generalization_upgrade\02_external_bias_audit\normalized_external\fake\14\170514_1963-03-06_1970.jpg,1,14/170514_1963-03-06_1970.jpg,StableDiffusion_v1_5,deepfakeface,deepfakeface_sd15/fake/14/170514_1963-03-06_1970.jpg,,,,,,0.006797625,External,External StableDiffusion_v1_5,351.0,-13.473501,-9.756489
C:\Users\Rohith Syam\Documents\UTS SEMESTER 3\image processing\idea 2\outputs\generalization_upgrade\02_external_bias_audit\normalized_external\fake\14\41732014_1943-06-18_1969.jpg,1,14/41732014_1943-06-18_1969.jpg,StableDiffusion_v1_5,deepfakeface,deepfakeface_sd15/fake/14/41732014_1943-06-18_1969.jpg,,,,,,1.2711809e-05,External,External StableDiffusion_v1_5,367.0,-22.905928,-15.343113
C:\Users\Rohith Syam\Documents\UTS SEMESTER 3\image processing\idea 2\outputs\generalization_upgrade\02_external_bias_audit\normalized_external\fake\00\836500_1977-03-04_2007.jpg,1,00/836500_1977-03-04_2007.jpg,StableDiffusion_v1_5,deepfakeface,deepfakeface_sd15/fake/00/836500_1977-03-04_2007.jpg,,,,,,0.0034253367,External,External StableDiffusion_v1_5,313.0,-17.11848,-15.336974
C:\Users\Rohith Syam\Documents\UTS SEMESTER 3\image processing\idea 2\outputs\generalization_upgrade\02_external_bias_audit\normalized_external\fake\55\3523055_1984-05-01_2014.jpg,1,55/3523055_1984-05-01_2014.jpg,StableDiffusion_v1_5,deepfakeface,deepfakeface_sd15/fake/55/3523055_1984-05-01_2014.jpg,,,,,,0.00935803,External,External StableDiffusion_v1_5,482.0,-24.884972,0.61288357
C:\Users\Rohith Syam\Documents\UTS SEMESTER 3\image processing\idea 2\outputs\generalization_upgrade\02_external_bias_audit\normalized_external\fake\34\603934_1963-12-04_2013.jpg,1,34/603934_1963-12-04_2013.jpg,StableDiffusion_v1_5,deepfakeface,deepfakeface_sd15/fake/34/603934_1963-12-04_2013.jpg,,,,,,0.00013994666,External,External StableDiffusion_v1_5,434.0,-26.231796,-10.453047
C:\Users\Rohith Syam\Documents\UTS SEMESTER 3\image processing\idea 2\outputs\generalization_upgrade\02_external_bias_audit\normalized_external\fake\73\666973_1960-09-19_2005.jpg,1,73/666973_1960-09-19_2005.jpg,StableDiffusion_v1_5,deepfakeface,deepfakeface_sd15/fake/73/666973_1960-09-19_2005.jpg,,,,,,0.817428,External,External StableDiffusion_v1_5,543.0,-5.204989,0.3335329
C:\Users\Rohith Syam\Documents\UTS SEMESTER 3\image processing\idea 2\outputs\generalization_upgrade\02_external_bias_audit\normalized_external\fake\00\46667800_1978-03-16_2014.jpg,1,00/46667800_1978-03-16_2014.jpg,StableDiffusion_v1_5,deepfakeface,deepfakeface_sd15/fake/00/46667800_1978-03-16_2014.jpg,,,,,,0.000533921,External,External StableDiffusion_v1_5,307.0,-23.05538,-9.937667
C:\Users\Rohith Syam\Documents\UTS SEMESTER 3\image processing\idea 2\outputs\generalization_upgrade\02_external_bias_audit\normalized_external\fake\98\4691798_1977-09-15_2005.jpg,1,98/4691798_1977-09-15_2005.jpg,StableDiffusion_v1_5,deepfakeface,deepfakeface_sd15/fake/98/4691798_1977-09-15_2005.jpg,,,,,,0.00014384188,External,External StableDiffusion_v1_5,568.0,-25.443151,-3.972983
C:\Users\Rohith Syam\Documents\UTS SEMESTER 3\image processing\idea 2\outputs\generalization_upgrade\02_external_bias_audit\normalized_external\fake\21\15872621_1922-08-28_1952.jpg,1,21/15872621_1922-08-28_1952.jpg,StableDiffusion_v1_5,deepfakeface,deepfakeface_sd15/fake/21/15872621_1922-08-28_1952.jpg,,,,,,0.00017698226,External,External StableDiffusion_v1_5,380.0,-25.902529,-11.153735
C:\Users\Rohith Syam\Documents\UTS SEMESTER 3\image processing\idea 2\outputs\generalization_upgrade\02_external_bias_audit\normalized_external\fake\00\38882500_1940-10-04_1977.jpg,1,00/38882500_1940-10-04_1977.jpg,StableDiffusion_v1_5,deepfakeface,deepfakeface_sd15/fake/00/38882500_1940-10-04_1977.jpg,,,,,,0.0009682623,External,External StableDiffusion_v1_5,303.0,-23.55442,-4.8705626
C:\Users\Rohith Syam\Documents\UTS SEMESTER 3\image processing\idea 2\outputs\generalization_upgrade\02_external_bias_audit\normalized_external\fake\00\3293900_1973-09-23_2004.jpg,1,00/3293900_1973-09-23_2004.jpg,StableDiffusion_v1_5,deepfakeface,deepfakeface_sd15/fake/00/3293900_1973-09-23_2004.jpg,,,,,,0.0002724716,External,External StableDiffusion_v1_5,298.0,-19.883558,-9.712983
C:\Users\Rohith Syam\Documents\UTS SEMESTER 3\image processing\idea 2\outputs\generalization_upgrade\02_external_bias_audit\normalized_external\fake\71\12738371_1985-05-25_2015.jpg,1,71/12738371_1985-05-25_2015.jpg,StableDiffusion_v1_5,deepfakeface,deepfakeface_sd15/fake/71/12738371_1985-05-25_2015.jpg,,,,,,2.0529156e-05,External,External StableDiffusion_v1_5,494.0,-28.481525,-6.924383
C:\Users\Rohith Syam\Documents\UTS SEMESTER 3\image processing\idea 2\outputs\generalization_upgrade\02_external_bias_audit\normalized_external\fake\14\21538614_1990-11-01_2015.jpg,1,14/21538614_1990-11-01_2015.jpg,StableDiffusion_v1_5,deepfakeface,deepfakeface_sd15/fake/14/21538614_1990-11-01_2015.jpg,,,,,,0.07635621,External,External StableDiffusion_v1_5,356.0,-16.283762,-0.9168555
C:\Users\Rohith Syam\Documents\UTS SEMESTER 3\image processing\idea 2\outputs\generalization_upgrade\02_external_bias_audit\normalized_external\fake\21\40783721_1958-04-16_2013.jpg,1,21/40783721_1958-04-16_2013.jpg,StableDiffusion_v1_5,deepfakeface,deepfakeface_sd15/fake/21/40783721_1958-04-16_2013.jpg,,,,,,0.00012376106,External,External StableDiffusion_v1_5,396.0,-30.74473,-6.310683
C:\Users\Rohith Syam\Documents\UTS SEMESTER 3\image processing\idea 2\outputs\generalization_upgrade\02_external_bias_audit\normalized_external\fake\03\21296103_1982-04-25_2011.jpg,1,03/21296103_1982-04-25_2011.jpg,StableDiffusion_v1_5,deepfakeface,deepfakeface_sd15/fake/03/21296103_1982-04-25_2011.jpg,,,,,,0.023954274,External,External StableDiffusion_v1_5,325.0,-16.536524,-1.7730505
C:\Users\Rohith Syam\Documents\UTS SEMESTER 3\image processing\idea 2\outputs\generalization_upgrade\02_external_bias_audit\normalized_external\fake\00\3982800_1988-01-29_2012.jpg,1,00/3982800_1988-01-29_2012.jpg,StableDiffusion_v1_5,deepfakeface,deepfakeface_sd15/fake/00/3982800_1988-01-29_2012.jpg,,,,,,0.0020041133,External,External StableDiffusion_v1_5,304.0,-24.442192,-8.339845
C:\Users\Rohith Syam\Documents\UTS SEMESTER 3\image processing\idea 2\outputs\generalization_upgrade\02_external_bias_audit\normalized_external\fake\71\23399171_1991-05-22_2009.jpg,1,71/23399171_1991-05-22_2009.jpg,StableDiffusion_v1_5,deepfakeface,deepfakeface_sd15/fake/71/23399171_1991-05-22_2009.jpg,,,,,,0.004409213,External,External StableDiffusion_v1_5,501.0,-27.67129,3.0242798
C:\Users\Rohith Syam\Documents\UTS SEMESTER 3\image processing\idea 2\outputs\generalization_upgrade\02_external_bias_audit\normalized_external\fake\98\32664798_1990-03-03_2014.jpg,1,98/32664798_1990-03-03_2014.jpg,StableDiffusion_v1_5,deepfakeface,deepfakeface_sd15/fake/98/32664798_1990-03-03_2014.jpg,,,,,,0.018728176,External,External StableDiffusion_v1_5,562.0,-16.031385,-10.224318
C:\Users\Rohith Syam\Documents\UTS SEMESTER 3\image processing\idea 2\outputs\generalization_upgrade\02_external_bias_audit\normalized_external\fake\98\10760998_1937-01-14_1968.jpg,1,98/10760998_1937-01-14_1968.jpg,StableDiffusion_v1_5,deepfakeface,deepfakeface_sd15/fake/98/10760998_1937-01-14_1968.jpg,,,,,,0.22302374,External,External StableDiffusion_v1_5,548.0,-15.33032,-0.5340001
C:\Users\Rohith Syam\Documents\UTS SEMESTER 3\image processing\idea 2\outputs\generalization_upgrade\02_external_bias_audit\normalized_external\fake\14\2009614_1964-05-13_2008.jpg,1,14/2009614_1964-05-13_2008.jpg,StableDiffusion_v1_5,deepfakeface,deepfakeface_sd15/fake/14/2009614_1964-05-13_2008.jpg,,,,,,2.560824e-05,External,External StableDiffusion_v1_5,355.0,-28.07427,-6.616289
C:\Users\Rohith Syam\Documents\UTS SEMESTER 3\image processing\idea 2\outputs\generalization_upgrade\02_external_bias_audit\normalized_external\fake\14\448514_1959-03-06_2007.jpg,1,14/448514_1959-03-06_2007.jpg,StableDiffusion_v1_5,deepfakeface,deepfakeface_sd15/fake/14/448514_1959-03-06_2007.jpg,,,,,,0.0035171607,External,External StableDiffusion_v1_5,370.0,-16.849888,-4.488579
C:\Users\Rohith Syam\Documents\UTS SEMESTER 3\image processing\idea 2\outputs\generalization_upgrade\02_external_bias_audit\normalized_external\fake\24\2968824_1963-05-26_2011.jpg,1,24/2968824_1963-05-26_2011.jpg,StableDiffusion_v1_5,deepfakeface,deepfakeface_sd15/fake/24/2968824_1963-05-26_2011.jpg,,,,,,0.00032968973,External,External StableDiffusion_v1_5,406.0,-23.815039,-3.6599476
C:\Users\Rohith Syam\Documents\UTS SEMESTER 3\image processing\idea 2\outputs\generalization_upgrade\02_external_bias_audit\normalized_external\fake\71\17112571_1992-02-27_2012.jpg,1,71/17112571_1992-02-27_2012.jpg,StableDiffusion_v1_5,deepfakeface,deepfakeface_sd15/fake/71/17112571_1992-02-27_2012.jpg,,,,,,0.0006680889,External,External StableDiffusion_v1_5,497.0,-21.936472,-4.2327714
C:\Users\Rohith Syam\Documents\UTS SEMESTER 3\image processing\idea 2\outputs\generalization_upgrade\02_external_bias_audit\normalized_external\fake\21\4137921_1965-08-22_2013.jpg,1,21/4137921_1965-08-22_2013.jpg,StableDiffusion_v1_5,deepfakeface,deepfakeface_sd15/fake/21/4137921_1965-08-22_2013.jpg,,,,,,2.3622306e-05,External,External StableDiffusion_v1_5,397.0,-26.063665,-10.179104
C:\Users\Rohith Syam\Documents\UTS SEMESTER 3\image processing\idea 2\outputs\generalization_upgrade\02_external_bias_audit\normalized_external\fake\55\870155_1962-12-01_2010.jpg,1,55/870155_1962-12-01_2010.jpg,StableDiffusion_v1_5,deepfakeface,deepfakeface_sd15/fake/55/870155_1962-12-01_2010.jpg,,,,,,0.0003635911,External,External StableDiffusion_v1_5,492.0,-17.83496,-5.288729
C:\Users\Rohith Syam\Documents\UTS SEMESTER 3\image processing\idea 2\outputs\generalization_upgrade\02_external_bias_audit\normalized_external\fake\21\1176621_1966-05-16_2010.jpg,1,21/1176621_1966-05-16_2010.jpg,StableDiffusion_v1_5,deepfakeface,deepfakeface_sd15/fake/21/1176621_1966-05-16_2010.jpg,,,,,,5.6836976e-05,External,External StableDiffusion_v1_5,378.0,-28.246174,-9.298171
C:\Users\Rohith Syam\Documents\UTS SEMESTER 3\image processing\idea 2\outputs\generalization_upgrade\02_external_bias_audit\normalized_external\fake\00\4236500_1977-10-18_2005.jpg,1,00/4236500_1977-10-18_2005.jpg,StableDiffusion_v1_5,deepfakeface,deepfakeface_sd15/fake/00/4236500_1977-10-18_2005.jpg,,,,,,0.0017845817,External,External StableDiffusion_v1_5,306.0,-17.097836,-6.3454204
C:\Users\Rohith Syam\Documents\UTS SEMESTER 3\image processing\idea 2\outputs\generalization_upgrade\02_external_bias_audit\normalized_external\fake\71\9845271_1955-09-16_2001.jpg,1,71/9845271_1955-09-16_2001.jpg,StableDiffusion_v1_5,deepfakeface,deepfakeface_sd15/fake/71/9845271_1955-09-16_2001.jpg,,,,,,0.00061862054,External,External StableDiffusion_v1_5,520.0,-23.063908,-4.8463597
C:\Users\Rohith Syam\Documents\UTS SEMESTER 3\image processing\idea 2\outputs\generalization_upgrade\02_external_bias_audit\normalized_external\fake\14\852514_1980-01-18_2013.jpg,1,14/852514_1980-01-18_2013.jpg,StableDiffusion_v1_5,deepfakeface,deepfakeface_sd15/fake/14/852514_1980-01-18_2013.jpg,,,,,,5.487101e-05,External,External StableDiffusion_v1_5,374.0,-24.780012,-9.533687
C:\Users\Rohith Syam\Documents\UTS SEMESTER 3\image processing\idea 2\outputs\generalization_upgrade\02_external_bias_audit\normalized_external\fake\71\35188571_1983-09-18_2009.jpg,1,71/35188571_1983-09-18_2009.jpg,StableDiffusion_v1_5,deepfakeface,deepfakeface_sd15/fake/71/35188571_1983-09-18_2009.jpg,,,,,,0.32954592,External,External StableDiffusion_v1_5,511.0,-5.653101,3.1799824
C:\Users\Rohith Syam\Documents\UTS SEMESTER 3\image processing\idea 2\outputs\generalization_upgrade\02_external_bias_audit\normalized_external\fake\73\3365773_1949-06-24_1985.jpg,1,73/3365773_1949-06-24_1985.jpg,StableDiffusion_v1_5,deepfakeface,deepfakeface_sd15/fake/73/3365773_1949-06-24_1985.jpg,,,,,,1.1265107e-05,External,External StableDiffusion_v1_5,532.0,-26.98604,-6.257398
C:\Users\Rohith Syam\Documents\UTS SEMESTER 3\image processing\idea 2\outputs\generalization_upgrade\02_external_bias_audit\normalized_external\fake\21\7170221_1933-03-27_1983.jpg,1,21/7170221_1933-03-27_1983.jpg,StableDiffusion_v1_5,deepfakeface,deepfakeface_sd15/fake/21/7170221_1933-03-27_1983.jpg,,,,,,0.005505712,External,External StableDiffusion_v1_5,400.0,-14.137525,-7.798822
C:\Users\Rohith Syam\Documents\UTS SEMESTER 3\image processing\idea 2\outputs\generalization_upgrade\02_external_bias_audit\normalized_external\fake\98\6548698_1964-02-27_2010.jpg,1,98/6548698_1964-02-27_2010.jpg,StableDiffusion_v1_5,deepfakeface,deepfakeface_sd15/fake/98/6548698_1964-02-27_2010.jpg,,,,,,1.04830415e-05,External,External StableDiffusion_v1_5,573.0,-27.975885,-4.025318
C:\Users\Rohith Syam\Documents\UTS SEMESTER 3\image processing\idea 2\outputs\generalization_upgrade\02_external_bias_audit\normalized_external\fake\55\20025755_1979-03-10_2009.jpg,1,55/20025755_1979-03-10_2009.jpg,StableDiffusion_v1_5,deepfakeface,deepfakeface_sd15/fake/55/20025755_1979-03-10_2009.jpg,,,,,,0.00010131662,External,External StableDiffusion_v1_5,474.0,-19.055235,-10.215801
C:\Users\Rohith Syam\Documents\UTS SEMESTER 3\image processing\idea 2\outputs\generalization_upgrade\02_external_bias_audit\normalized_external\fake\03\8902703_1978-09-20_2007.jpg,1,03/8902703_1978-09-20_2007.jpg,StableDiffusion_v1_5,deepfakeface,deepfakeface_sd15/fake/03/8902703_1978-09-20_2007.jpg,,,,,,4.32177e-05,External,External StableDiffusion_v1_5,343.0,-30.53979,-3.3530402
C:\Users\Rohith Syam\Documents\UTS SEMESTER 3\image processing\idea 2\outputs\generalization_upgrade\02_external_bias_audit\normalized_external\fake\34\12829834_1950-08-15_2002.jpg,1,34/12829834_1950-08-15_2002.jpg,StableDiffusion_v1_5,deepfakeface,deepfakeface_sd15/fake/34/12829834_1950-08-15_2002.jpg,,,,,,0.00912149,External,External StableDiffusion_v1_5,412.0,-17.438114,-2.987222
C:\Users\Rohith Syam\Documents\UTS SEMESTER 3\image processing\idea 2\outputs\generalization_upgrade\02_external_bias_audit\normalized_external\fake\71\775271_1959-09-16_2011.jpg,1,71/775271_1959-09-16_2011.jpg,StableDiffusion_v1_5,deepfakeface,deepfakeface_sd15/fake/71/775271_1959-09-16_2011.jpg,,,,,,3.8365775e-05,External,External StableDiffusion_v1_5,516.0,-28.017246,-9.874963
C:\Users\Rohith Syam\Documents\UTS SEMESTER 3\image processing\idea 2\outputs\generalization_upgrade\02_external_bias_audit\normalized_external\fake\03\2220103_1954-05-18_2009.jpg,1,03/2220103_1954-05-18_2009.jpg,StableDiffusion_v1_5,deepfakeface,deepfakeface_sd15/fake/03/2220103_1954-05-18_2009.jpg,,,,,,0.11000429,External,External StableDiffusion_v1_5,326.0,-12.501192,-2.1360984
C:\Users\Rohith Syam\Documents\UTS SEMESTER 3\image processing\idea 2\outputs\generalization_upgrade\02_external_bias_audit\normalized_external\fake\35\6232035_1987-09-07_2013.jpg,1,35/6232035_1987-09-07_2013.jpg,StableDiffusion_v1_5,deepfakeface,deepfakeface_sd15/fake/35/6232035_1987-09-07_2013.jpg,,,,,,0.0017833954,External,External StableDiffusion_v1_5,463.0,-26.895256,0.2139358
C:\Users\Rohith Syam\Documents\UTS SEMESTER 3\image processing\idea 2\outputs\generalization_upgrade\02_external_bias_audit\normalized_external\fake\26\503926_1976-12-31_2009.jpg,1,26/503926_1976-12-31_2009.jpg,StableDiffusion_v1_5,deepfakeface,deepfakeface_sd15/fake/26/503926_1976-12-31_2009.jpg,,,,,,0.00016291697,External,External StableDiffusion_v1_5,407.0,-15.536484,-16.516058
C:\Users\Rohith Syam\Documents\UTS SEMESTER 3\image processing\idea 2\outputs\generalization_upgrade\02_external_bias_audit\normalized_external\fake\03\9729003_1988-05-18_2011.jpg,1,03/9729003_1988-05-18_2011.jpg,StableDiffusion_v1_5,deepfakeface,deepfakeface_sd15/fake/03/9729003_1988-05-18_2011.jpg,,,,,,9.095769e-05,External,External StableDiffusion_v1_5,345.0,-28.704311,-6.063295
C:\Users\Rohith Syam\Documents\UTS SEMESTER 3\image processing\idea 2\outputs\generalization_upgrade\02_external_bias_audit\normalized_external\fake\21\8194621_1986-02-16_2009.jpg,1,21/8194621_1986-02-16_2009.jpg,StableDiffusion_v1_5,deepfakeface,deepfakeface_sd15/fake/21/8194621_1986-02-16_2009.jpg,,,,,,0.049634352,External,External StableDiffusion_v1_5,402.0,-15.355164,-3.288103
C:\Users\Rohith Syam\Documents\UTS SEMESTER 3\image processing\idea 2\outputs\generalization_upgrade\02_external_bias_audit\normalized_external\fake\98\40219898_1975-03-11_2013.jpg,1,98/40219898_1975-03-11_2013.jpg,StableDiffusion_v1_5,deepfakeface,deepfakeface_sd15/fake/98/40219898_1975-03-11_2013.jpg,,,,,,0.0037912398,External,External StableDiffusion_v1_5,564.0,-19.815294,-4.835578
C:\Users\Rohith Syam\Documents\UTS SEMESTER 3\image processing\idea 2\outputs\generalization_upgrade\02_external_bias_audit\normalized_external\fake\98\27687598_1957-10-28_2009.jpg,1,98/27687598_1957-10-28_2009.jpg,StableDiffusion_v1_5,deepfakeface,deepfakeface_sd15/fake/98/27687598_1957-10-28_2009.jpg,,,,,,8.31202e-05,External,External StableDiffusion_v1_5,560.0,-20.516014,-18.382973
C:\Users\Rohith Syam\Documents\UTS SEMESTER 3\image processing\idea 2\outputs\generalization_upgrade\02_external_bias_audit\normalized_external\fake\73\20989373_1938-09-15_1988.jpg,1,73/20989373_1938-09-15_1988.jpg,StableDiffusion_v1_5,deepfakeface,deepfakeface_sd15/fake/73/20989373_1938-09-15_1988.jpg,,,,,,0.00012228613,External,External StableDiffusion_v1_5,526.0,-27.547216,-2.5004323
C:\Users\Rohith Syam\Documents\UTS SEMESTER 3\image processing\idea 2\outputs\generalization_upgrade\02_external_bias_audit\normalized_external\fake\03\1142203_1949-03-03_2008.jpg,1,03/1142203_1949-03-03_2008.jpg,StableDiffusion_v1_5,deepfakeface,deepfakeface_sd15/fake/03/1142203_1949-03-03_2008.jpg,,,,,,0.878476,External,External StableDiffusion_v1_5,319.0,-5.2623844,-10.5075245
C:\Users\Rohith Syam\Documents\UTS SEMESTER 3\image processing\idea 2\outputs\generalization_upgrade\02_external_bias_audit\normalized_external\fake\98\22298398_1962-09-19_2011.jpg,1,98/22298398_1962-09-19_2011.jpg,StableDiffusion_v1_5,deepfakeface,deepfakeface_sd15/fake/98/22298398_1962-09-19_2011.jpg,,,,,,3.1739288e-05,External,External StableDiffusion_v1_5,554.0,-28.121464,-9.975657
C:\Users\Rohith Syam\Documents\UTS SEMESTER 3\image processing\idea 2\outputs\generalization_upgrade\02_external_bias_audit\normalized_external\fake\14\3772814_1978-02-28_2008.jpg,1,14/3772814_1978-02-28_2008.jpg,StableDiffusion_v1_5,deepfakeface,deepfakeface_sd15/fake/14/3772814_1978-02-28_2008.jpg,,,,,,0.00028633903,External,External StableDiffusion_v1_5,366.0,-27.362574,1.352749
C:\Users\Rohith Syam\Documents\UTS SEMESTER 3\image processing\idea 2\outputs\generalization_upgrade\02_external_bias_audit\normalized_external\fake\55\72655_1975-10-12_2004.jpg,1,55/72655_1975-10-12_2004.jpg,StableDiffusion_v1_5,deepfakeface,deepfakeface_sd15/fake/55/72655_1975-10-12_2004.jpg,,,,,,0.13666658,External,External StableDiffusion_v1_5,491.0,-6.31841,-8.363559
C:\Users\Rohith Syam\Documents\UTS SEMESTER 3\image processing\idea 2\outputs\generalization_upgrade\02_external_bias_audit\normalized_external\fake\55\10095655_1985-07-10_2012.jpg,1,55/10095655_1985-07-10_2012.jpg,StableDiffusion_v1_5,deepfakeface,deepfakeface_sd15/fake/55/10095655_1985-07-10_2012.jpg,,,,,,0.16072549,External,External StableDiffusion_v1_5,465.0,-5.6189466,6.7512846
C:\Users\Rohith Syam\Documents\UTS SEMESTER 3\image processing\idea 2\outputs\generalization_upgrade\02_external_bias_audit\normalized_external\fake\71\5081071_1925-11-13_1953.jpg,1,71/5081071_1925-11-13_1953.jpg,StableDiffusion_v1_5,deepfakeface,deepfakeface_sd15/fake/71/5081071_1925-11-13_1953.jpg,,,,,,0.005292684,External,External StableDiffusion_v1_5,513.0,-19.450365,-1.7621735
C:\Users\Rohith Syam\Documents\UTS SEMESTER 3\image processing\idea 2\outputs\generalization_upgrade\02_external_bias_audit\normalized_external\fake\98\13664298_1989-04-27_2014.jpg,1,98/13664298_1989-04-27_2014.jpg,StableDiffusion_v1_5,deepfakeface,deepfakeface_sd15/fake/98/13664298_1989-04-27_2014.jpg,,,,,,0.15482032,External,External StableDiffusion_v1_5,549.0,-10.218285,-0.28741145
C:\Users\Rohith Syam\Documents\UTS SEMESTER 3\image processing\idea 2\outputs\generalization_upgrade\02_external_bias_audit\normalized_external\fake\21\1825621_1945-09-08_2008.jpg,1,21/1825621_1945-09-08_2008.jpg,StableDiffusion_v1_5,deepfakeface,deepfakeface_sd15/fake/21/1825621_1945-09-08_2008.jpg,,,,,,0.00021357411,External,External StableDiffusion_v1_5,384.0,-23.701143,-3.9938061
C:\Users\Rohith Syam\Documents\UTS SEMESTER 3\image processing\idea 2\outputs\generalization_upgrade\02_external_bias_audit\normalized_external\fake\98\176998_1933-08-16_1965.jpg,1,98/176998_1933-08-16_1965.jpg,StableDiffusion_v1_5,deepfakeface,deepfakeface_sd15/fake/98/176998_1933-08-16_1965.jpg,,,,,,1.1157111e-05,External,External StableDiffusion_v1_5,553.0,-21.358671,-16.2043
C:\Users\Rohith Syam\Documents\UTS SEMESTER 3\image processing\idea 2\outputs\generalization_upgrade\02_external_bias_audit\normalized_external\fake\34\13846034_1977-08-30_2009.jpg,1,34/13846034_1977-08-30_2009.jpg,StableDiffusion_v1_5,deepfakeface,deepfakeface_sd15/fake/34/13846034_1977-08-30_2009.jpg,,,,,,0.66717136,External,External StableDiffusion_v1_5,413.0,-4.95671,-11.108899
C:\Users\Rohith Syam\Documents\UTS SEMESTER 3\image processing\idea 2\outputs\generalization_upgrade\02_external_bias_audit\normalized_external\fake\55\30781355_1963-07-29_2015.jpg,1,55/30781355_1963-07-29_2015.jpg,StableDiffusion_v1_5,deepfakeface,deepfakeface_sd15/fake/55/30781355_1963-07-29_2015.jpg,,,,,,0.00044089783,External,External StableDiffusion_v1_5,480.0,-24.46103,-3.130201
C:\Users\Rohith Syam\Documents\UTS SEMESTER 3\image processing\idea 2\outputs\generalization_upgrade\02_external_bias_audit\normalized_external\fake\34\1386234_1952-04-25_2004.jpg,1,34/1386234_1952-04-25_2004.jpg,StableDiffusion_v1_5,deepfakeface,deepfakeface_sd15/fake/34/1386234_1952-04-25_2004.jpg,,,,,,0.9918188,External,External StableDiffusion_v1_5,414.0,-0.22996601,-4.6839614
C:\Users\Rohith Syam\Documents\UTS SEMESTER 3\image processing\idea 2\outputs\generalization_upgrade\02_external_bias_audit\normalized_external\fake\35\89835_1951-04-07_1981.jpg,1,35/89835_1951-04-07_1981.jpg,StableDiffusion_v1_5,deepfakeface,deepfakeface_sd15/fake/35/89835_1951-04-07_1981.jpg,,,,,,0.00013706,External,External StableDiffusion_v1_5,464.0,-21.934519,-18.217083
C:\Users\Rohith Syam\Documents\UTS SEMESTER 3\image processing\idea 2\outputs\generalization_upgrade\02_external_bias_audit\normalized_external\fake\14\22037414_1987-06-05_2013.jpg,1,14/22037414_1987-06-05_2013.jpg,StableDiffusion_v1_5,deepfakeface,deepfakeface_sd15/fake/14/22037414_1987-06-05_2013.jpg,,,,,,9.935016e-05,External,External StableDiffusion_v1_5,357.0,-24.307684,-4.8759017
C:\Users\Rohith Syam\Documents\UTS SEMESTER 3\image processing\idea 2\outputs\generalization_upgrade\02_external_bias_audit\normalized_external\fake\98\2705698_1958-12-06_2007.jpg,1,98/2705698_1958-12-06_2007.jpg,StableDiffusion_v1_5,deepfakeface,deepfakeface_sd15/fake/98/2705698_1958-12-06_2007.jpg,,,,,,9.771643e-05,External,External StableDiffusion_v1_5,559.0,-28.100414,-3.4476743
C:\Users\Rohith Syam\Documents\UTS SEMESTER 3\image processing\idea 2\outputs\generalization_upgrade\02_external_bias_audit\normalized_external\fake\00\18407100_1917-10-18_1958.jpg,1,00/18407100_1917-10-18_1958.jpg,StableDiffusion_v1_5,deepfakeface,deepfakeface_sd15/fake/00/18407100_1917-10-18_1958.jpg,,,,,,0.97430295,External,External StableDiffusion_v1_5,290.0,-0.78373325,0.34551123
C:\Users\Rohith Syam\Documents\UTS SEMESTER 3\image processing\idea 2\outputs\generalization_upgrade\02_external_bias_audit\normalized_external\fake\21\3003021_1956-12-23_2014.jpg,1,21/3003021_1956-12-23_2014.jpg,StableDiffusion_v1_5,deepfakeface,deepfakeface_sd15/fake/21/3003021_1956-12-23_2014.jpg,,,,,,5.651092e-05,External,External StableDiffusion_v1_5,392.0,-26.404934,-3.1780143
C:\Users\Rohith Syam\Documents\UTS SEMESTER 3\image processing\idea 2\outputs\generalization_upgrade\02_external_bias_audit\normalized_external\fake\14\36566914_1988-08-11_2014.jpg,1,14/36566914_1988-08-11_2014.jpg,StableDiffusion_v1_5,deepfakeface,deepfakeface_sd15/fake/14/36566914_1988-08-11_2014.jpg,,,,,,0.013855117,External,External StableDiffusion_v1_5,364.0,-16.17414,-3.026957
C:\Users\Rohith Syam\Documents\UTS SEMESTER 3\image processing\idea 2\outputs\generalization_upgrade\02_external_bias_audit\normalized_external\fake\21\8774721_1967-04-29_2010.jpg,1,21/8774721_1967-04-29_2010.jpg,StableDiffusion_v1_5,deepfakeface,deepfakeface_sd15/fake/21/8774721_1967-04-29_2010.jpg,,,,,,1.5344081e-05,External,External StableDiffusion_v1_5,403.0,-28.578913,-9.6373415
C:\Users\Rohith Syam\Documents\UTS SEMESTER 3\image processing\idea 2\outputs\generalization_upgrade\02_external_bias_audit\normalized_external\fake\35\2667535_1937-12-16_1985.jpg,1,35/2667535_1937-12-16_1985.jpg,StableDiffusion_v1_5,deepfakeface,deepfakeface_sd15/fake/35/2667535_1937-12-16_1985.jpg,,,,,,2.1598056e-05,External,External StableDiffusion_v1_5,452.0,-22.128819,-16.412409
C:\Users\Rohith Syam\Documents\UTS SEMESTER 3\image processing\idea 2\outputs\generalization_upgrade\02_external_bias_audit\normalized_external\fake\34\398734_1932-05-04_1955.jpg,1,34/398734_1932-05-04_1955.jpg,StableDiffusion_v1_5,deepfakeface,deepfakeface_sd15/fake/34/398734_1932-05-04_1955.jpg,,,,,,0.00028780848,External,External StableDiffusion_v1_5,427.0,-25.360634,-7.5707693
C:\Users\Rohith Syam\Documents\UTS SEMESTER 3\image processing\idea 2\outputs\generalization_upgrade\02_external_bias_audit\normalized_external\fake\35\17974235_1973-06-13_2009.jpg,1,35/17974235_1973-06-13_2009.jpg,StableDiffusion_v1_5,deepfakeface,deepfakeface_sd15/fake/35/17974235_1973-06-13_2009.jpg,,,,,,0.0011446135,External,External StableDiffusion_v1_5,447.0,-22.849825,-7.3590274
C:\Users\Rohith Syam\Documents\UTS SEMESTER 3\image processing\idea 2\outputs\generalization_upgrade\02_external_bias_audit\normalized_external\fake\30\11772430_1938-04-14_2008.jpg,1,30/11772430_1938-04-14_2008.jpg,StableDiffusion_v1_5,deepfakeface,deepfakeface_sd15/fake/30/11772430_1938-04-14_2008.jpg,,,,,,0.026249947,External,External StableDiffusion_v1_5,408.0,-15.270678,-6.293012
C:\Users\Rohith Syam\Documents\UTS SEMESTER 3\image processing\idea 2\outputs\generalization_upgrade\02_external_bias_audit\normalized_external\fake\71\33021371_1988-02-18_2013.jpg,1,71/33021371_1988-02-18_2013.jpg,StableDiffusion_v1_5,deepfakeface,deepfakeface_sd15/fake/71/33021371_1988-02-18_2013.jpg,,,,,,0.0020806815,External,External StableDiffusion_v1_5,509.0,-23.31584,-2.6971595
C:\Users\Rohith Syam\Documents\UTS SEMESTER 3\image processing\idea 2\outputs\generalization_upgrade\02_external_bias_audit\normalized_external\fake\73\25286273_1990-11-02_2013.jpg,1,73/25286273_1990-11-02_2013.jpg,StableDiffusion_v1_5,deepfakeface,deepfakeface_sd15/fake/73/25286273_1990-11-02_2013.jpg,,,,,,0.00022192553,External,External StableDiffusion_v1_5,530.0,-24.122574,-5.877632
C:\Users\Rohith Syam\Documents\UTS SEMESTER 3\image processing\idea 2\outputs\generalization_upgrade\02_external_bias_audit\normalized_external\fake\34\19258134_1986-05-13_2009.jpg,1,34/19258134_1986-05-13_2009.jpg,StableDiffusion_v1_5,deepfakeface,deepfakeface_sd15/fake/34/19258134_1986-05-13_2009.jpg,,,,,,0.787974,External,External StableDiffusion_v1_5,415.0,-4.874987,-7.0399733
C:\Users\Rohith Syam\Documents\UTS SEMESTER 3\image processing\idea 2\outputs\generalization_upgrade\02_external_bias_audit\normalized_external\fake\14\33258714_1979-05-30_2011.jpg,1,14/33258714_1979-05-30_2011.jpg,StableDiffusion_v1_5,deepfakeface,deepfakeface_sd15/fake/14/33258714_1979-05-30_2011.jpg,,,,,,0.69333446,External,External StableDiffusion_v1_5,362.0,-5.956768,-1.0712367
C:\Users\Rohith Syam\Documents\UTS SEMESTER 3\image processing\idea 2\outputs\generalization_upgrade\02_external_bias_audit\normalized_external\fake\02\4539602_1977-04-26_2010.jpg,1,02/4539602_1977-04-26_2010.jpg,StableDiffusion_v1_5,deepfakeface,deepfakeface_sd15/fake/02/4539602_1977-04-26_2010.jpg,,,,,,4.9746643e-05,External,External StableDiffusion_v1_5,317.0,-25.785143,-5.9048796
C:\Users\Rohith Syam\Documents\UTS SEMESTER 3\image processing\idea 2\outputs\generalization_upgrade\02_external_bias_audit\normalized_external\fake\80\9076080_1971-09-21_2011.jpg,1,80/9076080_1971-09-21_2011.jpg,StableDiffusion_v1_5,deepfakeface,deepfakeface_sd15/fake/80/9076080_1971-09-21_2011.jpg,,,,,,0.021196824,External,External StableDiffusion_v1_5,547.0,-19.047106,1.1665099
C:\Users\Rohith Syam\Documents\UTS SEMESTER 3\image processing\idea 2\outputs\generalization_upgrade\02_external_bias_audit\normalized_external\fake\71\29084271_1991-09-22_2014.jpg,1,71/29084271_1991-09-22_2014.jpg,StableDiffusion_v1_5,deepfakeface,deepfakeface_sd15/fake/71/29084271_1991-09-22_2014.jpg,,,,,,0.004074212,External,External StableDiffusion_v1_5,506.0,-19.18871,-16.717226
C:\Users\Rohith Syam\Documents\UTS SEMESTER 3\image processing\idea 2\outputs\generalization_upgrade\02_external_bias_audit\normalized_external\fake\21\35191121_1990-01-18_2014.jpg,1,21/35191121_1990-01-18_2014.jpg,StableDiffusion_v1_5,deepfakeface,deepfakeface_sd15/fake/21/35191121_1990-01-18_2014.jpg,,,,,,0.09666402,External,External StableDiffusion_v1_5,395.0,-15.99849,-4.0887184
C:\Users\Rohith Syam\Documents\UTS SEMESTER 3\image processing\idea 2\outputs\generalization_upgrade\02_external_bias_audit\normalized_external\fake\34\36722334_1937-08-31_2005.jpg,1,34/36722334_1937-08-31_2005.jpg,StableDiffusion_v1_5,deepfakeface,deepfakeface_sd15/fake/34/36722334_1937-08-31_2005.jpg,,,,,,0.0013272106,External,External StableDiffusion_v1_5,425.0,-24.056278,-1.6728998
C:\Users\Rohith Syam\Documents\UTS SEMESTER 3\image processing\idea 2\outputs\generalization_upgrade\02_external_bias_audit\normalized_external\fake\34\9326434_1987-05-02_2006.jpg,1,34/9326434_1987-05-02_2006.jpg,StableDiffusion_v1_5,deepfakeface,deepfakeface_sd15/fake/34/9326434_1987-05-02_2006.jpg,,,,,,0.53207624,External,External StableDiffusion_v1_5,436.0,-6.0561843,-8.967607
C:\Users\Rohith Syam\Documents\UTS SEMESTER 3\image processing\idea 2\outputs\generalization_upgrade\02_external_bias_audit\normalized_external\fake\71\703371_1918-03-12_1980.jpg,1,71/703371_1918-03-12_1980.jpg,StableDiffusion_v1_5,deepfakeface,deepfakeface_sd15/fake/71/703371_1918-03-12_1980.jpg,,,,,,0.00022535016,External,External StableDiffusion_v1_5,515.0,-27.384344,2.3696182
C:\Users\Rohith Syam\Documents\UTS SEMESTER 3\image processing\idea 2\outputs\generalization_upgrade\02_external_bias_audit\normalized_external\fake\35\33199835_1985-06-12_2011.jpg,1,35/33199835_1985-06-12_2011.jpg,StableDiffusion_v1_5,deepfakeface,deepfakeface_sd15/fake/35/33199835_1985-06-12_2011.jpg,,,,,,0.0018360707,External,External StableDiffusion_v1_5,458.0,-21.992386,-6.640534
C:\Users\Rohith Syam\Documents\UTS SEMESTER 3\image processing\idea 2\outputs\generalization_upgrade\02_external_bias_audit\normalized_external\fake\55\36326355_1990-10-27_2014.jpg,1,55/36326355_1990-10-27_2014.jpg,StableDiffusion_v1_5,deepfakeface,deepfakeface_sd15/fake/55/36326355_1990-10-27_2014.jpg,,,,,,0.98229235,External,External StableDiffusion_v1_5,484.0,-2.437654,1.8699845
C:\Users\Rohith Syam\Documents\UTS SEMESTER 3\image processing\idea 2\outputs\generalization_upgrade\02_external_bias_audit\normalized_external\fake\14\19894914_1989-10-19_2012.jpg,1,14/19894914_1989-10-19_2012.jpg,StableDiffusion_v1_5,deepfakeface,deepfakeface_sd15/fake/14/19894914_1989-10-19_2012.jpg,,,,,,0.0062895473,External,External StableDiffusion_v1_5,353.0,-17.914768,1.7391448
C:\Users\Rohith Syam\Documents\UTS SEMESTER 3\image processing\idea 2\outputs\generalization_upgrade\02_external_bias_audit\normalized_external\fake\55\10486955_1937-11-18_1975.jpg,1,55/10486955_1937-11-18_1975.jpg,StableDiffusion_v1_5,deepfakeface,deepfakeface_sd15/fake/55/10486955_1937-11-18_1975.jpg,,,,,,1.1556445e-05,External,External StableDiffusion_v1_5,466.0,-27.31115,-7.637395
C:\Users\Rohith Syam\Documents\UTS SEMESTER 3\image processing\idea 2\outputs\generalization_upgrade\02_external_bias_audit\normalized_external\fake\14\5965014_1981-12-21_2013.jpg,1,14/5965014_1981-12-21_2013.jpg,StableDiffusion_v1_5,deepfakeface,deepfakeface_sd15/fake/14/5965014_1981-12-21_2013.jpg,,,,,,0.16481313,External,External StableDiffusion_v1_5,373.0,-6.44491,0.01746247
C:\Users\Rohith Syam\Documents\UTS SEMESTER 3\image processing\idea 2\outputs\generalization_upgrade\02_external_bias_audit\normalized_external\fake\55\31689055_1988-03-014_2013.jpg,1,55/31689055_1988-03-014_2013.jpg,StableDiffusion_v1_5,deepfakeface,deepfakeface_sd15/fake/55/31689055_1988-03-014_2013.jpg,,,,,,0.022785205,External,External StableDiffusion_v1_5,481.0,-12.644449,-3.0165217
C:\Users\Rohith Syam\Documents\UTS SEMESTER 3\image processing\idea 2\outputs\generalization_upgrade\02_external_bias_audit\normalized_external\fake\00\34316600_1994-11-15_2013.jpg,1,00/34316600_1994-11-15_2013.jpg,StableDiffusion_v1_5,deepfakeface,deepfakeface_sd15/fake/00/34316600_1994-11-15_2013.jpg,,,,,,0.0016675608,External,External StableDiffusion_v1_5,300.0,-19.558931,1.301083
C:\Users\Rohith Syam\Documents\UTS SEMESTER 3\image processing\idea 2\outputs\generalization_upgrade\02_external_bias_audit\normalized_external\fake\03\18388503_1942-09-14_2007.jpg,1,03/18388503_1942-09-14_2007.jpg,StableDiffusion_v1_5,deepfakeface,deepfakeface_sd15/fake/03/18388503_1942-09-14_2007.jpg,,,,,,0.00077672553,External,External StableDiffusion_v1_5,323.0,-23.310108,-4.073392
C:\Users\Rohith Syam\Documents\UTS SEMESTER 3\image processing\idea 2\outputs\generalization_upgrade\02_external_bias_audit\normalized_external\fake\00\9801700_1969-10-11_2012.jpg,1,00/9801700_1969-10-11_2012.jpg,StableDiffusion_v1_5,deepfakeface,deepfakeface_sd15/fake/00/9801700_1969-10-11_2012.jpg,,,,,,0.00012581314,External,External StableDiffusion_v1_5,316.0,-23.048964,-6.8941283
C:\Users\Rohith Syam\Documents\UTS SEMESTER 3\image processing\idea 2\outputs\generalization_upgrade\02_external_bias_audit\normalized_external\fake\34\440034_1924-04-29_1963.jpg,1,34/440034_1924-04-29_1963.jpg,StableDiffusion_v1_5,deepfakeface,deepfakeface_sd15/fake/34/440034_1924-04-29_1963.jpg,,,,,,0.01632918,External,External StableDiffusion_v1_5,430.0,-12.551617,-7.179377
C:\Users\Rohith Syam\Documents\UTS SEMESTER 3\image processing\idea 2\outputs\generalization_upgrade\02_external_bias_audit\normalized_external\fake\71\8334671_1931-02-14_1966.jpg,1,71/8334671_1931-02-14_1966.jpg,StableDiffusion_v1_5,deepfakeface,deepfakeface_sd15/fake/71/8334671_1931-02-14_1966.jpg,,,,,,0.00018244295,External,External StableDiffusion_v1_5,517.0,-24.874506,-2.805974
C:\Users\Rohith Syam\Documents\UTS SEMESTER 3\image processing\idea 2\outputs\generalization_upgrade\02_external_bias_audit\normalized_external\fake\35\13774535_1942-06-09_1957.jpg,1,35/13774535_1942-06-09_1957.jpg,StableDiffusion_v1_5,deepfakeface,deepfakeface_sd15/fake/35/13774535_1942-06-09_1957.jpg,,,,,,0.012831291,External,External StableDiffusion_v1_5,440.0,-19.102236,-16.603142
C:\Users\Rohith Syam\Documents\UTS SEMESTER 3\image processing\idea 2\outputs\generalization_upgrade\02_external_bias_audit\normalized_external\fake\03\555703_1913-07-13_1970.jpg,1,03/555703_1913-07-13_1970.jpg,StableDiffusion_v1_5,deepfakeface,deepfakeface_sd15/fake/03/555703_1913-07-13_1970.jpg,,,,,,0.00042148188,External,External StableDiffusion_v1_5,339.0,-19.154146,-3.1378345
C:\Users\Rohith Syam\Documents\UTS SEMESTER 3\image processing\idea 2\outputs\generalization_upgrade\02_external_bias_audit\normalized_external\fake\21\174821_1961-09-25_1993.jpg,1,21/174821_1961-09-25_1993.jpg,StableDiffusion_v1_5,deepfakeface,deepfakeface_sd15/fake/21/174821_1961-09-25_1993.jpg,,,,,,3.6691992e-05,External,External StableDiffusion_v1_5,383.0,-22.86529,-15.429577
C:\Users\Rohith Syam\Documents\UTS SEMESTER 3\image processing\idea 2\outputs\generalization_upgrade\02_external_bias_audit\normalized_external\fake\98\591698_1968-01-15_2000.jpg,1,98/591698_1968-01-15_2000.jpg,StableDiffusion_v1_5,deepfakeface,deepfakeface_sd15/fake/98/591698_1968-01-15_2000.jpg,,,,,,0.06766172,External,External StableDiffusion_v1_5,571.0,-15.999458,-2.502585
C:\Users\Rohith Syam\Documents\UTS SEMESTER 3\image processing\idea 2\outputs\generalization_upgrade\02_external_bias_audit\normalized_external\fake\55\43284855_1980-08-11_2012.jpg,1,55/43284855_1980-08-11_2012.jpg,StableDiffusion_v1_5,deepfakeface,deepfakeface_sd15/fake/55/43284855_1980-08-11_2012.jpg,,,,,,0.00093016453,External,External StableDiffusion_v1_5,488.0,-23.513237,0.00058726355
C:\Users\Rohith Syam\Documents\UTS SEMESTER 3\image processing\idea 2\outputs\generalization_upgrade\02_external_bias_audit\normalized_external\fake\03\2420403_1964-03-18_2007.jpg,1,03/2420403_1964-03-18_2007.jpg,StableDiffusion_v1_5,deepfakeface,deepfakeface_sd15/fake/03/2420403_1964-03-18_2007.jpg,,,,,,0.0985488,External,External StableDiffusion_v1_5,329.0,-13.323114,-7.4431276
C:\Users\Rohith Syam\Documents\UTS SEMESTER 3\image processing\idea 2\outputs\generalization_upgrade\02_external_bias_audit\normalized_external\fake\73\3517073_1984-09-10_2011.jpg,1,73/3517073_1984-09-10_2011.jpg,StableDiffusion_v1_5,deepfakeface,deepfakeface_sd15/fake/73/3517073_1984-09-10_2011.jpg,,,,,,3.7979436e-05,External,External StableDiffusion_v1_5,534.0,-28.882608,-8.116797
C:\Users\Rohith Syam\Documents\UTS SEMESTER 3\image processing\idea 2\outputs\generalization_upgrade\02_external_bias_audit\normalized_external\fake\55\38909755_1989-02-21_2013.jpg,1,55/38909755_1989-02-21_2013.jpg,StableDiffusion_v1_5,deepfakeface,deepfakeface_sd15/fake/55/38909755_1989-02-21_2013.jpg,,,,,,0.9991304,External,External StableDiffusion_v1_5,485.0,-0.55454445,2.1603336
C:\Users\Rohith Syam\Documents\UTS SEMESTER 3\image processing\idea 2\outputs\generalization_upgrade\02_external_bias_audit\normalized_external\fake\34\33682634_1989-09-15_2011.jpg,1,34/33682634_1989-09-15_2011.jpg,StableDiffusion_v1_5,deepfakeface,deepfakeface_sd15/fake/34/33682634_1989-09-15_2011.jpg,,,,,,0.022037474,External,External StableDiffusion_v1_5,424.0,-19.681154,-1.7336645
C:\Users\Rohith Syam\Documents\UTS SEMESTER 3\image processing\idea 2\outputs\generalization_upgrade\02_external_bias_audit\normalized_external\fake\00\9210500_1912-02-06_1942.jpg,1,00/9210500_1912-02-06_1942.jpg,StableDiffusion_v1_5,deepfakeface,deepfakeface_sd15/fake/00/9210500_1912-02-06_1942.jpg,,,,,,0.00026208133,External,External StableDiffusion_v1_5,314.0,-18.792778,-19.450132
C:\Users\Rohith Syam\Documents\UTS SEMESTER 3\image processing\idea 2\outputs\generalization_upgrade\02_external_bias_audit\normalized_external\fake\98\46974698_1942-02-22_1968.jpg,1,98/46974698_1942-02-22_1968.jpg,StableDiffusion_v1_5,deepfakeface,deepfakeface_sd15/fake/98/46974698_1942-02-22_1968.jpg,,,,,,0.013466115,External,External StableDiffusion_v1_5,569.0,-16.002533,2.845615
C:\Users\Rohith Syam\Documents\UTS SEMESTER 3\image processing\idea 2\outputs\generalization_upgrade\02_external_bias_audit\normalized_external\fake\34\43639934_1912-04-03_2003.jpg,1,34/43639934_1912-04-03_2003.jpg,StableDiffusion_v1_5,deepfakeface,deepfakeface_sd15/fake/34/43639934_1912-04-03_2003.jpg,,,,,,8.082652e-06,External,External StableDiffusion_v1_5,429.0,-28.85424,-10.0706005
C:\Users\Rohith Syam\Documents\UTS SEMESTER 3\image processing\idea 2\outputs\generalization_upgrade\02_external_bias_audit\normalized_external\fake\55\12428755_1982-12-09_2012.jpg,1,55/12428755_1982-12-09_2012.jpg,StableDiffusion_v1_5,deepfakeface,deepfakeface_sd15/fake/55/12428755_1982-12-09_2012.jpg,,,,,,0.27287626,External,External StableDiffusion_v1_5,468.0,-6.3590736,-8.384567
C:\Users\Rohith Syam\Documents\UTS SEMESTER 3\image processing\idea 2\outputs\generalization_upgrade\02_external_bias_audit\normalized_external\fake\00\12596800_1920-10-18_1955.jpg,1,00/12596800_1920-10-18_1955.jpg,StableDiffusion_v1_5,deepfakeface,deepfakeface_sd15/fake/00/12596800_1920-10-18_1955.jpg,,,,,,0.12444328,External,External StableDiffusion_v1_5,288.0,-15.768336,-1.3330978
C:\Users\Rohith Syam\Documents\UTS SEMESTER 3\image processing\idea 2\outputs\generalization_upgrade\02_external_bias_audit\normalized_external\fake\80\6049880_1985-02-26_2013.jpg,1,80/6049880_1985-02-26_2013.jpg,StableDiffusion_v1_5,deepfakeface,deepfakeface_sd15/fake/80/6049880_1985-02-26_2013.jpg,,,,,,0.8840284,External,External StableDiffusion_v1_5,546.0,-4.183351,2.2965233
C:\Users\Rohith Syam\Documents\UTS SEMESTER 3\image processing\idea 2\outputs\generalization_upgrade\02_external_bias_audit\normalized_external\fake\21\2797621_1960-03-15_2011.jpg,1,21/2797621_1960-03-15_2011.jpg,StableDiffusion_v1_5,deepfakeface,deepfakeface_sd15/fake/21/2797621_1960-03-15_2011.jpg,,,,,,0.00074660074,External,External StableDiffusion_v1_5,388.0,-24.976177,-8.075748
C:\Users\Rohith Syam\Documents\UTS SEMESTER 3\image processing\idea 2\outputs\generalization_upgrade\02_external_bias_audit\normalized_external\fake\98\23560198_1992-06-20_2014.jpg,1,98/23560198_1992-06-20_2014.jpg,StableDiffusion_v1_5,deepfakeface,deepfakeface_sd15/fake/98/23560198_1992-06-20_2014.jpg,,,,,,0.17779487,External,External StableDiffusion_v1_5,556.0,-5.6472597,6.2965097
C:\Users\Rohith Syam\Documents\UTS SEMESTER 3\image processing\idea 2\outputs\generalization_upgrade\02_external_bias_audit\normalized_external\fake\71\9069371_1986-03-19_2013.jpg,1,71/9069371_1986-03-19_2013.jpg,StableDiffusion_v1_5,deepfakeface,deepfakeface_sd15/fake/71/9069371_1986-03-19_2013.jpg,,,,,,0.92446905,External,External StableDiffusion_v1_5,518.0,-2.9708774,-4.725997
C:\Users\Rohith Syam\Documents\UTS SEMESTER 3\image processing\idea 2\outputs\generalization_upgrade\02_external_bias_audit\normalized_external\fake\21\24644621_1964-12-15_2010.jpg,1,21/24644621_1964-12-15_2010.jpg,StableDiffusion_v1_5,deepfakeface,deepfakeface_sd15/fake/21/24644621_1964-12-15_2010.jpg,,,,,,0.3338121,External,External StableDiffusion_v1_5,386.0,-5.7591186,5.4707484
C:\Users\Rohith Syam\Documents\UTS SEMESTER 3\image processing\idea 2\outputs\generalization_upgrade\02_external_bias_audit\normalized_external\fake\03\19966503_1974-03-04_2011.jpg,1,03/19966503_1974-03-04_2011.jpg,StableDiffusion_v1_5,deepfakeface,deepfakeface_sd15/fake/03/19966503_1974-03-04_2011.jpg,,,,,,0.010964307,External,External StableDiffusion_v1_5,324.0,-11.831994,-15.137352
C:\Users\Rohith Syam\Documents\UTS SEMESTER 3\image processing\idea 2\outputs\generalization_upgrade\02_external_bias_audit\normalized_external\fake\14\12461914_1975-12-14_2007.jpg,1,14/12461914_1975-12-14_2007.jpg,StableDiffusion_v1_5,deepfakeface,deepfakeface_sd15/fake/14/12461914_1975-12-14_2007.jpg,,,,,,0.000588746,External,External StableDiffusion_v1_5,349.0,-19.509115,-13.131042
C:\Users\Rohith Syam\Documents\UTS SEMESTER 3\image processing\idea 2\outputs\generalization_upgrade\02_external_bias_audit\normalized_external\fake\35\12523735_1981-04-21_2014.jpg,1,35/12523735_1981-04-21_2014.jpg,StableDiffusion_v1_5,deepfakeface,deepfakeface_sd15/fake/35/12523735_1981-04-21_2014.jpg,,,,,,0.00012402782,External,External StableDiffusion_v1_5,438.0,-28.521435,-5.620356
C:\Users\Rohith Syam\Documents\UTS SEMESTER 3\image processing\idea 2\outputs\generalization_upgrade\02_external_bias_audit\normalized_external\fake\71\19476171_1989-08-02_2014.jpg,1,71/19476171_1989-08-02_2014.jpg,StableDiffusion_v1_5,deepfakeface,deepfakeface_sd15/fake/71/19476171_1989-08-02_2014.jpg,,,,,,0.00045339114,External,External StableDiffusion_v1_5,500.0,-23.99686,-10.036934
C:\Users\Rohith Syam\Documents\UTS SEMESTER 3\image processing\idea 2\outputs\generalization_upgrade\02_external_bias_audit\normalized_external\fake\55\14640255_1980-09-24_2006.jpg,1,55/14640255_1980-09-24_2006.jpg,StableDiffusion_v1_5,deepfakeface,deepfakeface_sd15/fake/55/14640255_1980-09-24_2006.jpg,,,,,,6.171919e-05,External,External StableDiffusion_v1_5,470.0,-26.992697,-3.8855999
C:\Users\Rohith Syam\Documents\UTS SEMESTER 3\image processing\idea 2\outputs\generalization_upgrade\02_external_bias_audit\normalized_external\fake\71\30657971_1992-05-11_2014.jpg,1,71/30657971_1992-05-11_2014.jpg,StableDiffusion_v1_5,deepfakeface,deepfakeface_sd15/fake/71/30657971_1992-05-11_2014.jpg,,,,,,0.00026095237,External,External StableDiffusion_v1_5,507.0,-22.310081,-4.077328
C:\Users\Rohith Syam\Documents\UTS SEMESTER 3\image processing\idea 2\outputs\generalization_upgrade\02_external_bias_audit\normalized_external\fake\00\34199700_1921-05-23_1946.jpg,1,00/34199700_1921-05-23_1946.jpg,StableDiffusion_v1_5,deepfakeface,deepfakeface_sd15/fake/00/34199700_1921-05-23_1946.jpg,,,,,,1.6002716e-05,External,External StableDiffusion_v1_5,299.0,-28.753277,-6.5587363
C:\Users\Rohith Syam\Documents\UTS SEMESTER 3\image processing\idea 2\outputs\generalization_upgrade\02_external_bias_audit\normalized_external\fake\98\609598_1929-11-08_2007.jpg,1,98/609598_1929-11-08_2007.jpg,StableDiffusion_v1_5,deepfakeface,deepfakeface_sd15/fake/98/609598_1929-11-08_2007.jpg,,,,,,0.0007211482,External,External StableDiffusion_v1_5,572.0,-22.535563,-5.6141443
C:\Users\Rohith Syam\Documents\UTS SEMESTER 3\image processing\idea 2\outputs\generalization_upgrade\02_external_bias_audit\normalized_external\fake\98\30789098_1986-05-13_2012.jpg,1,98/30789098_1986-05-13_2012.jpg,StableDiffusion_v1_5,deepfakeface,deepfakeface_sd15/fake/98/30789098_1986-05-13_2012.jpg,,,,,,0.0018876394,External,External StableDiffusion_v1_5,561.0,-15.065415,-17.524689
C:\Users\Rohith Syam\Documents\UTS SEMESTER 3\image processing\idea 2\outputs\generalization_upgrade\02_external_bias_audit\normalized_external\fake\00\944600_1968-02-05_2006.jpg,1,00/944600_1968-02-05_2006.jpg,StableDiffusion_v1_5,deepfakeface,deepfakeface_sd15/fake/00/944600_1968-02-05_2006.jpg,,,,,,0.029952677,External,External StableDiffusion_v1_5,315.0,-13.474747,-5.6334305
C:\Users\Rohith Syam\Documents\UTS SEMESTER 3\image processing\idea 2\outputs\generalization_upgrade\02_external_bias_audit\normalized_external\fake\71\1854071_1958-08-14_1991.jpg,1,71/1854071_1958-08-14_1991.jpg,StableDiffusion_v1_5,deepfakeface,deepfakeface_sd15/fake/71/1854071_1958-08-14_1991.jpg,,,,,,0.00035836658,External,External StableDiffusion_v1_5,498.0,-19.649038,-6.4219036
C:\Users\Rohith Syam\Documents\UTS SEMESTER 3\image processing\idea 2\outputs\generalization_upgrade\02_external_bias_audit\normalized_external\fake\00\2540500_1970-10-10_2008.jpg,1,00/2540500_1970-10-10_2008.jpg,StableDiffusion_v1_5,deepfakeface,deepfakeface_sd15/fake/00/2540500_1970-10-10_2008.jpg,,,,,,0.0018530991,External,External StableDiffusion_v1_5,292.0,-21.74287,-8.449314
C:\Users\Rohith Syam\Documents\UTS SEMESTER 3\image processing\idea 2\outputs\generalization_upgrade\02_external_bias_audit\normalized_external\fake\34\11653234_1986-12-23_2012.jpg,1,34/11653234_1986-12-23_2012.jpg,StableDiffusion_v1_5,deepfakeface,deepfakeface_sd15/fake/34/11653234_1986-12-23_2012.jpg,,,,,,0.026219374,External,External StableDiffusion_v1_5,410.0,-12.665992,-2.2379823
C:\Users\Rohith Syam\Documents\UTS SEMESTER 3\image processing\idea 2\outputs\generalization_upgrade\02_external_bias_audit\normalized_external\fake\03\13181303_1944-01-11_1971.jpg,1,03/13181303_1944-01-11_1971.jpg,StableDiffusion_v1_5,deepfakeface,deepfakeface_sd15/fake/03/13181303_1944-01-11_1971.jpg,,,,,,5.53427e-05,External,External StableDiffusion_v1_5,320.0,-27.176521,-5.0513415
C:\Users\Rohith Syam\Documents\UTS SEMESTER 3\image processing\idea 2\outputs\generalization_upgrade\02_external_bias_audit\normalized_external\fake\55\15890555_1987-12-03_2014.jpg,1,55/15890555_1987-12-03_2014.jpg,StableDiffusion_v1_5,deepfakeface,deepfakeface_sd15/fake/55/15890555_1987-12-03_2014.jpg,,,,,,0.6660928,External,External StableDiffusion_v1_5,472.0,-5.536027,-1.1154672
C:\Users\Rohith Syam\Documents\UTS SEMESTER 3\image processing\idea 2\outputs\generalization_upgrade\02_external_bias_audit\normalized_external\fake\35\2357835_1982-06-16_2014.jpg,1,35/2357835_1982-06-16_2014.jpg,StableDiffusion_v1_5,deepfakeface,deepfakeface_sd15/fake/35/2357835_1982-06-16_2014.jpg,,,,,,0.37244973,External,External StableDiffusion_v1_5,450.0,-7.560772,-9.556808
C:\Users\Rohith Syam\Documents\UTS SEMESTER 3\image processing\idea 2\outputs\generalization_upgrade\02_external_bias_audit\normalized_external\fake\71\165871_1942-09-30_1950.jpg,1,71/165871_1942-09-30_1950.jpg,StableDiffusion_v1_5,deepfakeface,deepfakeface_sd15/fake/71/165871_1942-09-30_1950.jpg,,,,,,0.00038520206,External,External StableDiffusion_v1_5,496.0,-27.8326,-10.60993
C:\Users\Rohith Syam\Documents\UTS SEMESTER 3\image processing\idea 2\outputs\generalization_upgrade\02_external_bias_audit\normalized_external\fake\73\1013073_1978-05-24_2010.jpg,1,73/1013073_1978-05-24_2010.jpg,StableDiffusion_v1_5,deepfakeface,deepfakeface_sd15/fake/73/1013073_1978-05-24_2010.jpg,,,,,,0.0002051516,External,External StableDiffusion_v1_5,521.0,-25.950327,-8.335569
C:\Users\Rohith Syam\Documents\UTS SEMESTER 3\image processing\idea 2\outputs\generalization_upgrade\02_external_bias_audit\normalized_external\fake\34\39718934_1987-12-07_2013.jpg,1,34/39718934_1987-12-07_2013.jpg,StableDiffusion_v1_5,deepfakeface,deepfakeface_sd15/fake/34/39718934_1987-12-07_2013.jpg,,,,,,0.016290858,External,External StableDiffusion_v1_5,426.0,-24.420322,3.0961726
C:\Users\Rohith Syam\Documents\UTS SEMESTER 3\image processing\idea 2\outputs\generalization_upgrade\02_external_bias_audit\normalized_external\fake\14\14307714_1977-01-29_2013.jpg,1,14/14307714_1977-01-29_2013.jpg,StableDiffusion_v1_5,deepfakeface,deepfakeface_sd15/fake/14/14307714_1977-01-29_2013.jpg,,,,,,0.21904553,External,External StableDiffusion_v1_5,350.0,-11.917727,-0.17020415
C:\Users\Rohith Syam\Documents\UTS SEMESTER 3\image processing\idea 2\outputs\generalization_upgrade\02_external_bias_audit\normalized_external\fake\34\32670934_1973-08-28_2013.jpg,1,34/32670934_1973-08-28_2013.jpg,StableDiffusion_v1_5,deepfakeface,deepfakeface_sd15/fake/34/32670934_1973-08-28_2013.jpg,,,,,,0.0016705578,External,External StableDiffusion_v1_5,423.0,-24.976597,0.57769597
C:\Users\Rohith Syam\Documents\UTS SEMESTER 3\image processing\idea 2\outputs\generalization_upgrade\02_external_bias_audit\normalized_external\fake\34\19354934_1986-10-18_2009.jpg,1,34/19354934_1986-10-18_2009.jpg,StableDiffusion_v1_5,deepfakeface,deepfakeface_sd15/fake/34/19354934_1986-10-18_2009.jpg,,,,,,0.08311863,External,External StableDiffusion_v1_5,416.0,-14.116221,-12.905301
C:\Users\Rohith Syam\Documents\UTS SEMESTER 3\image processing\idea 2\outputs\generalization_upgrade\02_external_bias_audit\normalized_external\fake\98\4276598_1950-10-14_1975.jpg,1,98/4276598_1950-10-14_1975.jpg,StableDiffusion_v1_5,deepfakeface,deepfakeface_sd15/fake/98/4276598_1950-10-14_1975.jpg,,,,,,0.0044640806,External,External StableDiffusion_v1_5,566.0,-17.96495,-2.6373684
C:\Users\Rohith Syam\Documents\UTS SEMESTER 3\image processing\idea 2\outputs\generalization_upgrade\02_external_bias_audit\normalized_external\fake\73\36499973_1985-09-06_2011.jpg,1,73/36499973_1985-09-06_2011.jpg,StableDiffusion_v1_5,deepfakeface,deepfakeface_sd15/fake/73/36499973_1985-09-06_2011.jpg,,,,,,0.0005898415,External,External StableDiffusion_v1_5,535.0,-23.931395,-2.9024577
C:\Users\Rohith Syam\Documents\UTS SEMESTER 3\image processing\idea 2\outputs\generalization_upgrade\02_external_bias_audit\normalized_external\fake\14\23420614_1974-04-16_2008.jpg,1,14/23420614_1974-04-16_2008.jpg,StableDiffusion_v1_5,deepfakeface,deepfakeface_sd15/fake/14/23420614_1974-04-16_2008.jpg,,,,,,0.003605754,External,External StableDiffusion_v1_5,358.0,-23.430687,1.8342288
C:\Users\Rohith Syam\Documents\UTS SEMESTER 3\image processing\idea 2\outputs\generalization_upgrade\02_external_bias_audit\normalized_external\fake\73\46452873_1906-12-20_1945.jpg,1,73/46452873_1906-12-20_1945.jpg,StableDiffusion_v1_5,deepfakeface,deepfakeface_sd15/fake/73/46452873_1906-12-20_1945.jpg,,,,,,0.89397395,External,External StableDiffusion_v1_5,539.0,-1.5490396,-3.7082791
C:\Users\Rohith Syam\Documents\UTS SEMESTER 3\image processing\idea 2\outputs\generalization_upgrade\02_external_bias_audit\normalized_external\fake\14\1830414_1971-07-01_2013.jpg,1,14/1830414_1971-07-01_2013.jpg,StableDiffusion_v1_5,deepfakeface,deepfakeface_sd15/fake/14/1830414_1971-07-01_2013.jpg,,,,,,0.8165418,External,External StableDiffusion_v1_5,352.0,-1.6794206,-4.069077
C:\Users\Rohith Syam\Documents\UTS SEMESTER 3\image processing\idea 2\outputs\generalization_upgrade\02_external_bias_audit\normalized_external\fake\03\317803_1920-03-03_2011.jpg,1,03/317803_1920-03-03_2011.jpg,StableDiffusion_v1_5,deepfakeface,deepfakeface_sd15/fake/03/317803_1920-03-03_2011.jpg,,,,,,2.8437149e-05,External,External StableDiffusion_v1_5,332.0,-25.398102,-9.456697
C:\Users\Rohith Syam\Documents\UTS SEMESTER 3\image processing\idea 2\outputs\generalization_upgrade\02_external_bias_audit\normalized_external\fake\71\18720671_1986-06-23_2012.jpg,1,71/18720671_1986-06-23_2012.jpg,StableDiffusion_v1_5,deepfakeface,deepfakeface_sd15/fake/71/18720671_1986-06-23_2012.jpg,,,,,,0.017162677,External,External StableDiffusion_v1_5,499.0,-17.310118,-0.28840902
C:\Users\Rohith Syam\Documents\UTS SEMESTER 3\image processing\idea 2\outputs\generalization_upgrade\02_external_bias_audit\normalized_external\fake\35\14619035_1990-02-25_2014.jpg,1,35/14619035_1990-02-25_2014.jpg,StableDiffusion_v1_5,deepfakeface,deepfakeface_sd15/fake/35/14619035_1990-02-25_2014.jpg,,,,,,0.0012130274,External,External StableDiffusion_v1_5,444.0,-22.980486,-2.1895719
C:\Users\Rohith Syam\Documents\UTS SEMESTER 3\image processing\idea 2\outputs\generalization_upgrade\02_external_bias_audit\normalized_external\fake\03\2395003_1940-06-21_1977.jpg,1,03/2395003_1940-06-21_1977.jpg,StableDiffusion_v1_5,deepfakeface,deepfakeface_sd15/fake/03/2395003_1940-06-21_1977.jpg,,,,,,0.08548272,External,External StableDiffusion_v1_5,328.0,-7.6509004,-10.56992
C:\Users\Rohith Syam\Documents\UTS SEMESTER 3\image processing\idea 2\outputs\generalization_upgrade\02_external_bias_audit\normalized_external\fake\34\1266534_1975-11-03_2011.jpg,1,34/1266534_1975-11-03_2011.jpg,StableDiffusion_v1_5,deepfakeface,deepfakeface_sd15/fake/34/1266534_1975-11-03_2011.jpg,,,,,,0.00016970678,External,External StableDiffusion_v1_5,411.0,-22.73712,-8.538765
C:\Users\Rohith Syam\Documents\UTS SEMESTER 3\image processing\idea 2\outputs\generalization_upgrade\02_external_bias_audit\normalized_external\fake\73\2210573_1958-04-04_2007.jpg,1,73/2210573_1958-04-04_2007.jpg,StableDiffusion_v1_5,deepfakeface,deepfakeface_sd15/fake/73/2210573_1958-04-04_2007.jpg,,,,,,3.323698e-05,External,External StableDiffusion_v1_5,528.0,-28.319113,-9.152605
C:\Users\Rohith Syam\Documents\UTS SEMESTER 3\image processing\idea 2\outputs\generalization_upgrade\02_external_bias_audit\normalized_external\fake\35\14180235_1985-10-27_2015.jpg,1,35/14180235_1985-10-27_2015.jpg,StableDiffusion_v1_5,deepfakeface,deepfakeface_sd15/fake/35/14180235_1985-10-27_2015.jpg,,,,,,0.00042470355,External,External StableDiffusion_v1_5,441.0,-27.409113,1.8575578
C:\Users\Rohith Syam\Documents\UTS SEMESTER 3\image processing\idea 2\outputs\generalization_upgrade\02_external_bias_audit\normalized_external\fake\00\7567200_1932-07-31_1966.jpg,1,00/7567200_1932-07-31_1966.jpg,StableDiffusion_v1_5,deepfakeface,deepfakeface_sd15/fake/00/7567200_1932-07-31_1966.jpg,,,,,,0.020938948,External,External StableDiffusion_v1_5,311.0,-12.560378,-10.973959
C:\Users\Rohith Syam\Documents\UTS SEMESTER 3\image processing\idea 2\outputs\generalization_upgrade\02_external_bias_audit\normalized_external\fake\73\34239373_1994-11-30_2014.jpg,1,73/34239373_1994-11-30_2014.jpg,StableDiffusion_v1_5,deepfakeface,deepfakeface_sd15/fake/73/34239373_1994-11-30_2014.jpg,,,,,,0.20122959,External,External StableDiffusion_v1_5,533.0,-9.626269,0.41177294
C:\Users\Rohith Syam\Documents\UTS SEMESTER 3\image processing\idea 2\outputs\generalization_upgrade\02_external_bias_audit\normalized_external\fake\73\37985373_1988-12-05_2014.jpg,1,73/37985373_1988-12-05_2014.jpg,StableDiffusion_v1_5,deepfakeface,deepfakeface_sd15/fake/73/37985373_1988-12-05_2014.jpg,,,,,,0.00019126291,External,External StableDiffusion_v1_5,536.0,-24.672344,-4.029014
C:\Users\Rohith Syam\Documents\UTS SEMESTER 3\image processing\idea 2\outputs\generalization_upgrade\02_external_bias_audit\normalized_external\fake\14\44096714_1964-06-29_2012.jpg,1,14/44096714_1964-06-29_2012.jpg,StableDiffusion_v1_5,deepfakeface,deepfakeface_sd15/fake/14/44096714_1964-06-29_2012.jpg,,,,,,0.018972436,External,External StableDiffusion_v1_5,369.0,-19.556236,-6.160638
C:\Users\Rohith Syam\Documents\UTS SEMESTER 3\image processing\idea 2\outputs\generalization_upgrade\02_external_bias_audit\normalized_external\fake\03\225903_1935-04-21_2007.jpg,1,03/225903_1935-04-21_2007.jpg,StableDiffusion_v1_5,deepfakeface,deepfakeface_sd15/fake/03/225903_1935-04-21_2007.jpg,,,,,,0.040402975,External,External StableDiffusion_v1_5,327.0,-16.828583,-1.3069102
C:\Users\Rohith Syam\Documents\UTS SEMESTER 3\image processing\idea 2\outputs\generalization_upgrade\02_external_bias_audit\normalized_external\fake\71\25422271_1990-09-11_2014.jpg,1,71/25422271_1990-09-11_2014.jpg,StableDiffusion_v1_5,deepfakeface,deepfakeface_sd15/fake/71/25422271_1990-09-11_2014.jpg,,,,,,0.07510621,External,External StableDiffusion_v1_5,503.0,-15.429882,2.6311212
C:\Users\Rohith Syam\Documents\UTS SEMESTER 3\image processing\idea 2\outputs\generalization_upgrade\02_external_bias_audit\normalized_external\fake\73\12464473_1935-03-06_1958.jpg,1,73/12464473_1935-03-06_1958.jpg,StableDiffusion_v1_5,deepfakeface,deepfakeface_sd15/fake/73/12464473_1935-03-06_1958.jpg,,,,,,0.11658542,External,External StableDiffusion_v1_5,522.0,-11.220341,-10.624675
C:\Users\Rohith Syam\Documents\UTS SEMESTER 3\image processing\idea 2\outputs\generalization_upgrade\02_external_bias_audit\normalized_external\fake\55\42718155_1946-01-25_2006.jpg,1,55/42718155_1946-01-25_2006.jpg,StableDiffusion_v1_5,deepfakeface,deepfakeface_sd15/fake/55/42718155_1946-01-25_2006.jpg,,,,,,0.000526725,External,External StableDiffusion_v1_5,487.0,-23.32606,-4.292885
C:\Users\Rohith Syam\Documents\UTS SEMESTER 3\image processing\idea 2\outputs\generalization_upgrade\02_external_bias_audit\normalized_external\fake\00\36606300_1984-08-03_2014.jpg,1,00/36606300_1984-08-03_2014.jpg,StableDiffusion_v1_5,deepfakeface,deepfakeface_sd15/fake/00/36606300_1984-08-03_2014.jpg,,,,,,0.00018503104,External,External StableDiffusion_v1_5,302.0,-23.459276,-10.302838
C:\Users\Rohith Syam\Documents\UTS SEMESTER 3\image processing\idea 2\outputs\generalization_upgrade\02_external_bias_audit\normalized_external\fake\03\37970303_1977-07-09_2013.jpg,1,03/37970303_1977-07-09_2013.jpg,StableDiffusion_v1_5,deepfakeface,deepfakeface_sd15/fake/03/37970303_1977-07-09_2013.jpg,,,,,,0.00016659829,External,External StableDiffusion_v1_5,335.0,-25.350712,-6.832227
C:\Users\Rohith Syam\Documents\UTS SEMESTER 3\image processing\idea 2\outputs\generalization_upgrade\02_external_bias_audit\normalized_external\fake\21\16521_1938-12-29_2011.jpg,1,21/16521_1938-12-29_2011.jpg,StableDiffusion_v1_5,deepfakeface,deepfakeface_sd15/fake/21/16521_1938-12-29_2011.jpg,,,,,,0.00014528997,External,External StableDiffusion_v1_5,382.0,-23.781178,-11.024377
C:\Users\Rohith Syam\Documents\UTS SEMESTER 3\image processing\idea 2\outputs\generalization_upgrade\02_external_bias_audit\normalized_external\fake\73\38089073_1988-06-26_2014.jpg,1,73/38089073_1988-06-26_2014.jpg,StableDiffusion_v1_5,deepfakeface,deepfakeface_sd15/fake/73/38089073_1988-06-26_2014.jpg,,,,,,0.54753745,External,External StableDiffusion_v1_5,537.0,-7.677287,-10.690028
C:\Users\Rohith Syam\Documents\UTS SEMESTER 3\image processing\idea 2\outputs\generalization_upgrade\02_external_bias_audit\normalized_external\fake\98\142698_1939-09-01_2014.jpg,1,98/142698_1939-09-01_2014.jpg,StableDiffusion_v1_5,deepfakeface,deepfakeface_sd15/fake/98/142698_1939-09-01_2014.jpg,,,,,,0.07791467,External,External StableDiffusion_v1_5,551.0,-8.955338,-9.817767
C:\Users\Rohith Syam\Documents\UTS SEMESTER 3\image processing\idea 2\outputs\generalization_upgrade\02_external_bias_audit\normalized_external\fake\55\45263455_1979-05-12_2015.jpg,1,55/45263455_1979-05-12_2015.jpg,StableDiffusion_v1_5,deepfakeface,deepfakeface_sd15/fake/55/45263455_1979-05-12_2015.jpg,,,,,,0.00012713186,External,External StableDiffusion_v1_5,489.0,-25.60439,-8.974075
C:\Users\Rohith Syam\Documents\UTS SEMESTER 3\image processing\idea 2\outputs\generalization_upgrade\02_external_bias_audit\normalized_external\fake\35\19966435_1968-04-03_2012.jpg,1,35/19966435_1968-04-03_2012.jpg,StableDiffusion_v1_5,deepfakeface,deepfakeface_sd15/fake/35/19966435_1968-04-03_2012.jpg,,,,,,2.6994003e-05,External,External StableDiffusion_v1_5,449.0,-24.970373,-10.637621
C:\Users\Rohith Syam\Documents\UTS SEMESTER 3\image processing\idea 2\outputs\generalization_upgrade\02_external_bias_audit\normalized_external\fake\03\2779203_1965-10-01_2008.jpg,1,03/2779203_1965-10-01_2008.jpg,StableDiffusion_v1_5,deepfakeface,deepfakeface_sd15/fake/03/2779203_1965-10-01_2008.jpg,,,,,,0.00021475562,External,External StableDiffusion_v1_5,331.0,-23.515509,-11.347075
C:\Users\Rohith Syam\Documents\UTS SEMESTER 3\image processing\idea 2\outputs\generalization_upgrade\02_external_bias_audit\normalized_external\fake\71\27987171_1987-05-10_2013.jpg,1,71/27987171_1987-05-10_2013.jpg,StableDiffusion_v1_5,deepfakeface,deepfakeface_sd15/fake/71/27987171_1987-05-10_2013.jpg,,,,,,0.0022192302,External,External StableDiffusion_v1_5,505.0,-22.691105,-3.7672386
C:\Users\Rohith Syam\Documents\UTS SEMESTER 3\image processing\idea 2\outputs\generalization_upgrade\02_external_bias_audit\normalized_external\fake\34\5354734_1976-10-17_1995.jpg,1,34/5354734_1976-10-17_1995.jpg,StableDiffusion_v1_5,deepfakeface,deepfakeface_sd15/fake/34/5354734_1976-10-17_1995.jpg,,,,,,0.0017130001,External,External StableDiffusion_v1_5,433.0,-24.026867,-1.1050322
C:\Users\Rohith Syam\Documents\UTS SEMESTER 3\image processing\idea 2\outputs\generalization_upgrade\02_external_bias_audit\normalized_external\fake\55\295555_1950-07-15_2012.jpg,1,55/295555_1950-07-15_2012.jpg,StableDiffusion_v1_5,deepfakeface,deepfakeface_sd15/fake/55/295555_1950-07-15_2012.jpg,,,,,,0.00066364004,External,External StableDiffusion_v1_5,478.0,-15.411156,-17.33173
C:\Users\Rohith Syam\Documents\UTS SEMESTER 3\image processing\idea 2\outputs\generalization_upgrade\02_external_bias_audit\normalized_external\fake\71\31706371_1989-01-14_2011.jpg,1,71/31706371_1989-01-14_2011.jpg,StableDiffusion_v1_5,deepfakeface,deepfakeface_sd15/fake/71/31706371_1989-01-14_2011.jpg,,,,,,0.2844108,External,External StableDiffusion_v1_5,508.0,-7.4165916,-7.645557
C:\Users\Rohith Syam\Documents\UTS SEMESTER 3\image processing\idea 2\outputs\generalization_upgrade\02_external_bias_audit\normalized_external\fake\71\566471_1971-05-18_2011.jpg,1,71/566471_1971-05-18_2011.jpg,StableDiffusion_v1_5,deepfakeface,deepfakeface_sd15/fake/71/566471_1971-05-18_2011.jpg,,,,,,0.0001501648,External,External StableDiffusion_v1_5,514.0,-26.625162,-3.0890112
C:\Users\Rohith Syam\Documents\UTS SEMESTER 3\image processing\idea 2\outputs\generalization_upgrade\02_external_bias_audit\normalized_external\fake\00\23804200_1950-03-31_2013.jpg,1,00/23804200_1950-03-31_2013.jpg,StableDiffusion_v1_5,deepfakeface,deepfakeface_sd15/fake/00/23804200_1950-03-31_2013.jpg,,,,,,0.0014598235,External,External StableDiffusion_v1_5,291.0,-18.042484,-4.2396865
C:\Users\Rohith Syam\Documents\UTS SEMESTER 3\image processing\idea 2\outputs\generalization_upgrade\02_external_bias_audit\normalized_external\fake\21\30496921_1916-02-13_1977.jpg,1,21/30496921_1916-02-13_1977.jpg,StableDiffusion_v1_5,deepfakeface,deepfakeface_sd15/fake/21/30496921_1916-02-13_1977.jpg,,,,,,0.60438937,External,External StableDiffusion_v1_5,393.0,-5.745205,-9.863002
C:\Users\Rohith Syam\Documents\UTS SEMESTER 3\image processing\idea 2\outputs\generalization_upgrade\02_external_bias_audit\normalized_external\fake\03\7100903_1961-03-15_2010.jpg,1,03/7100903_1961-03-15_2010.jpg,StableDiffusion_v1_5,deepfakeface,deepfakeface_sd15/fake/03/7100903_1961-03-15_2010.jpg,,,,,,0.40665928,External,External StableDiffusion_v1_5,341.0,-4.9615984,3.9094794
C:\Users\Rohith Syam\Documents\UTS SEMESTER 3\image processing\idea 2\outputs\generalization_upgrade\02_external_bias_audit\normalized_external\fake\34\276834_1928-01-30_2010.jpg,1,34/276834_1928-01-30_2010.jpg,StableDiffusion_v1_5,deepfakeface,deepfakeface_sd15/fake/34/276834_1928-01-30_2010.jpg,,,,,,0.002121188,External,External StableDiffusion_v1_5,421.0,-21.599459,-7.8101625
C:\Users\Rohith Syam\Documents\UTS SEMESTER 3\image processing\idea 2\outputs\generalization_upgrade\02_external_bias_audit\normalized_external\fake\00\15550600_1973-11-01_2000.jpg,1,00/15550600_1973-11-01_2000.jpg,StableDiffusion_v1_5,deepfakeface,deepfakeface_sd15/fake/00/15550600_1973-11-01_2000.jpg,,,,,,0.14150679,External,External StableDiffusion_v1_5,289.0,-8.59172,-9.956467
C:\Users\Rohith Syam\Documents\UTS SEMESTER 3\image processing\idea 2\outputs\generalization_upgrade\02_external_bias_audit\normalized_external\fake\98\25616698_1980-08-12_2012.jpg,1,98/25616698_1980-08-12_2012.jpg,StableDiffusion_v1_5,deepfakeface,deepfakeface_sd15/fake/98/25616698_1980-08-12_2012.jpg,,,,,,0.0003436271,External,External StableDiffusion_v1_5,557.0,-24.373852,-7.1149235
C:\Users\Rohith Syam\Documents\UTS SEMESTER 3\image processing\idea 2\outputs\generalization_upgrade\02_external_bias_audit\normalized_external\fake\21\295321_1904-08-23_1955.jpg,1,21/295321_1904-08-23_1955.jpg,StableDiffusion_v1_5,deepfakeface,deepfakeface_sd15/fake/21/295321_1904-08-23_1955.jpg,,,,,,2.149542e-05,External,External StableDiffusion_v1_5,391.0,-23.275146,-14.85268
C:\Users\Rohith Syam\Documents\UTS SEMESTER 3\image processing\idea 2\outputs\generalization_upgrade\02_external_bias_audit\normalized_external\fake\03\39918103_1988-09-29_2012.jpg,1,03/39918103_1988-09-29_2012.jpg,StableDiffusion_v1_5,deepfakeface,deepfakeface_sd15/fake/03/39918103_1988-09-29_2012.jpg,,,,,,0.00016924123,External,External StableDiffusion_v1_5,337.0,-30.013744,-3.0183735
C:\Users\Rohith Syam\Documents\UTS SEMESTER 3\image processing\idea 2\outputs\generalization_upgrade\02_external_bias_audit\normalized_external\fake\35\2663135_1941-03-20_2008.jpg,1,35/2663135_1941-03-20_2008.jpg,StableDiffusion_v1_5,deepfakeface,deepfakeface_sd15/fake/35/2663135_1941-03-20_2008.jpg,,,,,,0.11734719,External,External StableDiffusion_v1_5,451.0,-15.082586,-9.261672
C:\Users\Rohith Syam\Documents\UTS SEMESTER 3\image processing\idea 2\outputs\generalization_upgrade\02_external_bias_audit\normalized_external\fake\14\4295614_1924-09-15_1987.jpg,1,14/4295614_1924-09-15_1987.jpg,StableDiffusion_v1_5,deepfakeface,deepfakeface_sd15/fake/14/4295614_1924-09-15_1987.jpg,,,,,,0.0010895074,External,External StableDiffusion_v1_5,368.0,-21.349533,-5.2717304
C:\Users\Rohith Syam\Documents\UTS SEMESTER 3\image processing\idea 2\outputs\generalization_upgrade\02_external_bias_audit\normalized_external\fake\69\41427969_1939-03-30_1972.jpg,1,69/41427969_1939-03-30_1972.jpg,StableDiffusion_v1_5,deepfakeface,deepfakeface_sd15/fake/69/41427969_1939-03-30_1972.jpg,,,,,,0.0014081179,External,External StableDiffusion_v1_5,493.0,-22.5457,-2.9322505
C:\Users\Rohith Syam\Documents\UTS SEMESTER 3\image processing\idea 2\outputs\generalization_upgrade\02_external_bias_audit\normalized_external\fake\03\16103_1907-05-26_1965.jpg,1,03/16103_1907-05-26_1965.jpg,StableDiffusion_v1_5,deepfakeface,deepfakeface_sd15/fake/03/16103_1907-05-26_1965.jpg,,,,,,0.0012976669,External,External StableDiffusion_v1_5,322.0,-18.370611,-3.6202137
C:\Users\Rohith Syam\Documents\UTS SEMESTER 3\image processing\idea 2\outputs\generalization_upgrade\02_external_bias_audit\normalized_external\fake\98\14073598_1892-03-06_1943.jpg,1,98/14073598_1892-03-06_1943.jpg,StableDiffusion_v1_5,deepfakeface,deepfakeface_sd15/fake/98/14073598_1892-03-06_1943.jpg,,,,,,1.8583602e-05,External,External StableDiffusion_v1_5,550.0,-27.22186,-6.3900304
C:\Users\Rohith Syam\Documents\UTS SEMESTER 3\image processing\idea 2\outputs\generalization_upgrade\02_external_bias_audit\normalized_external\fake\00\2690900_1963-03-12_2010.jpg,1,00/2690900_1963-03-12_2010.jpg,StableDiffusion_v1_5,deepfakeface,deepfakeface_sd15/fake/00/2690900_1963-03-12_2010.jpg,,,,,,5.625064e-05,External,External StableDiffusion_v1_5,295.0,-27.183,-4.061162
C:\Users\Rohith Syam\Documents\UTS SEMESTER 3\image processing\idea 2\outputs\generalization_upgrade\02_external_bias_audit\normalized_external\fake\35\3338735_1981-11-16_2013.jpg,1,35/3338735_1981-11-16_2013.jpg,StableDiffusion_v1_5,deepfakeface,deepfakeface_sd15/fake/35/3338735_1981-11-16_2013.jpg,,,,,,6.7975685e-05,External,External StableDiffusion_v1_5,459.0,-22.70055,-15.653384
C:\Users\Rohith Syam\Documents\UTS SEMESTER 3\image processing\idea 2\outputs\generalization_upgrade\02_external_bias_audit\normalized_external\fake\55\39790655_2013-07-22_2014.jpg,1,55/39790655_2013-07-22_2014.jpg,StableDiffusion_v1_5,deepfakeface,deepfakeface_sd15/fake/55/39790655_2013-07-22_2014.jpg,,,,,,5.790323e-06,External,External StableDiffusion_v1_5,486.0,-27.152565,-9.214533
