image_path,label,video_id,method,dataset,sample_id,target_group,source_video_ids,actual_video_id,split,protocol_id,mse,ssim,lpips,cluster_component
faceforensics/real/062/000010.jpg,0,62,real,FaceForensics++,faceforensics/real/062/000010.jpg,62,62,062,test,source_video_disjoint_v1,0.0002943476429209113,0.9528971314430237,0.030912060290575027,c62
faceforensics/real/938/000017.jpg,0,938,real,FaceForensics++,faceforensics/real/938/000017.jpg,938,938,938,test,source_video_disjoint_v1,0.0008059247047640383,0.9493289589881897,0.03143749013543129,c938
faceforensics/real/257/000021.jpg,0,257,real,FaceForensics++,faceforensics/real/257/000021.jpg,257,257,257,test,source_video_disjoint_v1,0.00033984673791565,0.9499555230140686,0.03963620960712433,c257
faceforensics/real/672/000018.jpg,0,672,real,FaceForensics++,faceforensics/real/672/000018.jpg,672,672,672,test,source_video_disjoint_v1,0.0003791792842093855,0.9461657404899597,0.022439071908593178,c672
faceforensics/real/008/000009.jpg,0,8,real,FaceForensics++,faceforensics/real/008/000009.jpg,8,8,008,test,source_video_disjoint_v1,0.00038829960976727307,0.9438292384147644,0.023017778992652893,c8
faceforensics/real/779/000011.jpg,0,779,real,FaceForensics++,faceforensics/real/779/000011.jpg,779,779,779,test,source_video_disjoint_v1,0.00028046054649166763,0.9609291553497314,0.018585454672574997,c779
faceforensics/real/438/000029.jpg,0,438,real,FaceForensics++,faceforensics/real/438/000029.jpg,438,438,438,test,source_video_disjoint_v1,0.0001757004501996562,0.9727314114570618,0.017113221809267998,c438
faceforensics/real/096/000020.jpg,0,96,real,FaceForensics++,faceforensics/real/096/000020.jpg,96,96,096,test,source_video_disjoint_v1,0.00034214649349451065,0.9558133482933044,0.021607285365462303,c96
faceforensics/real/192/000019.jpg,0,192,real,FaceForensics++,faceforensics/real/192/000019.jpg,192,192,192,test,source_video_disjoint_v1,0.0007718048873357475,0.9027544856071472,0.022618453949689865,c192
faceforensics/real/599/000023.jpg,0,599,real,FaceForensics++,faceforensics/real/599/000023.jpg,599,599,599,test,source_video_disjoint_v1,0.0006216391338966787,0.920141875743866,0.0188551377505064,c599
faceforensics/real/876/000021.jpg,0,876,real,FaceForensics++,faceforensics/real/876/000021.jpg,876,876,876,test,source_video_disjoint_v1,0.0008466501603834331,0.9407792091369629,0.029402706772089005,c876
faceforensics/real/737/000021.jpg,0,737,real,FaceForensics++,faceforensics/real/737/000021.jpg,737,737,737,test,source_video_disjoint_v1,0.00042124008177779615,0.9375143051147461,0.03471801429986954,c719
faceforensics/real/210/000018.jpg,0,210,real,FaceForensics++,faceforensics/real/210/000018.jpg,210,210,210,test,source_video_disjoint_v1,0.0009019713033922017,0.9279520511627197,0.03136327117681503,c210
faceforensics/real/488/000002.jpg,0,488,real,FaceForensics++,faceforensics/real/488/000002.jpg,488,488,488,test,source_video_disjoint_v1,0.00020876685448456556,0.9678207039833069,0.016666637733578682,c488
faceforensics/real/719/000028.jpg,0,719,real,FaceForensics++,faceforensics/real/719/000028.jpg,719,719,719,test,source_video_disjoint_v1,0.00035043168463744223,0.9576602578163147,0.016748804599046707,c719
faceforensics/real/448/000003.jpg,0,448,real,FaceForensics++,faceforensics/real/448/000003.jpg,448,448,448,test,source_video_disjoint_v1,0.0006777395610697567,0.9012399315834045,0.033071573823690414,c448
faceforensics/real/651/000002.jpg,0,651,real,FaceForensics++,faceforensics/real/651/000002.jpg,651,651,651,test,source_video_disjoint_v1,0.0005221898318268359,0.9214336276054382,0.0219719260931015,c835
faceforensics/real/683/000028.jpg,0,683,real,FaceForensics++,faceforensics/real/683/000028.jpg,683,683,683,test,source_video_disjoint_v1,0.0005417952197603881,0.9387874007225037,0.019072119146585464,c683
faceforensics/real/258/000020.jpg,0,258,real,FaceForensics++,faceforensics/real/258/000020.jpg,258,258,258,test,source_video_disjoint_v1,0.0007023918442428112,0.9374212622642517,0.03697125241160393,c246
faceforensics/real/835/000006.jpg,0,835,real,FaceForensics++,faceforensics/real/835/000006.jpg,835,835,835,test,source_video_disjoint_v1,0.0005014590569771826,0.931408166885376,0.019753675907850266,c835
faceforensics/real/677/000015.jpg,0,677,real,FaceForensics++,faceforensics/real/677/000015.jpg,677,677,677,test,source_video_disjoint_v1,0.00044403434731066227,0.9385836124420166,0.018367692828178406,c677
faceforensics/real/004/000023.jpg,0,4,real,FaceForensics++,faceforensics/real/004/000023.jpg,4,4,004,test,source_video_disjoint_v1,0.00030717113986611366,0.9362371563911438,0.02599843218922615,c4
faceforensics/real/246/000029.jpg,0,246,real,FaceForensics++,faceforensics/real/246/000029.jpg,246,246,246,test,source_video_disjoint_v1,0.00030436142696999013,0.9418918490409851,0.028453461825847626,c246
faceforensics/real/468/000010.jpg,0,468,real,FaceForensics++,faceforensics/real/468/000010.jpg,468,468,468,test,source_video_disjoint_v1,0.0002782321535050869,0.9617783427238464,0.016688091680407524,c470
faceforensics/real/598/000014.jpg,0,598,real,FaceForensics++,faceforensics/real/598/000014.jpg,598,598,598,test,source_video_disjoint_v1,0.0005202760803513229,0.9412904381752014,0.03566690534353256,c598
faceforensics/real/554/000003.jpg,0,554,real,FaceForensics++,faceforensics/real/554/000003.jpg,554,554,554,test,source_video_disjoint_v1,0.000510883517563343,0.9441856741905212,0.0249347947537899,c554
faceforensics/real/470/000006.jpg,0,470,real,FaceForensics++,faceforensics/real/470/000006.jpg,470,470,470,test,source_video_disjoint_v1,0.0002043058630079031,0.9726347923278809,0.017870064824819565,c470
faceforensics/real/439/000002.jpg,0,439,real,FaceForensics++,faceforensics/real/439/000002.jpg,439,439,439,test,source_video_disjoint_v1,0.00024191504053305835,0.9576603770256042,0.01810549944639206,c439
faceforensics/real/942/000003.jpg,0,942,real,FaceForensics++,faceforensics/real/942/000003.jpg,942,942,942,test,source_video_disjoint_v1,0.0003536696021910757,0.9597695469856262,0.017385169863700867,c942
faceforensics/real/969/000025.jpg,0,969,real,FaceForensics++,faceforensics/real/969/000025.jpg,969,969,969,test,source_video_disjoint_v1,0.0006627480033785105,0.9147465825080872,0.038319289684295654,c969
faceforensics/real/062/000012.jpg,0,62,real,FaceForensics++,faceforensics/real/062/000012.jpg,62,62,062,test,source_video_disjoint_v1,0.000316357531119138,0.951747477054596,0.02819165401160717,c62
faceforensics/real/192/000000.jpg,0,192,real,FaceForensics++,faceforensics/real/192/000000.jpg,192,192,192,test,source_video_disjoint_v1,0.0008603623718954623,0.8922494053840637,0.02448185160756111,c192
faceforensics/real/672/000020.jpg,0,672,real,FaceForensics++,faceforensics/real/672/000020.jpg,672,672,672,test,source_video_disjoint_v1,0.0003246767446398735,0.9483768343925476,0.020652461796998978,c672
faceforensics/real/488/000027.jpg,0,488,real,FaceForensics++,faceforensics/real/488/000027.jpg,488,488,488,test,source_video_disjoint_v1,0.0002475244691595435,0.9633938670158386,0.01808304712176323,c488
faceforensics/real/257/000001.jpg,0,257,real,FaceForensics++,faceforensics/real/257/000001.jpg,257,257,257,test,source_video_disjoint_v1,0.00034310613409616053,0.9482136368751526,0.03500742092728615,c257
faceforensics/real/779/000021.jpg,0,779,real,FaceForensics++,faceforensics/real/779/000021.jpg,779,779,779,test,source_video_disjoint_v1,0.0002714051224756986,0.9618408679962158,0.018183259293437004,c779
faceforensics/real/448/000014.jpg,0,448,real,FaceForensics++,faceforensics/real/448/000014.jpg,448,448,448,test,source_video_disjoint_v1,0.0006511678802780807,0.9087358117103577,0.0316760428249836,c448
faceforensics/real/008/000000.jpg,0,8,real,FaceForensics++,faceforensics/real/008/000000.jpg,8,8,008,test,source_video_disjoint_v1,0.00036666321102529764,0.9336119294166565,0.02433614246547222,c8
faceforensics/real/938/000027.jpg,0,938,real,FaceForensics++,faceforensics/real/938/000027.jpg,938,938,938,test,source_video_disjoint_v1,0.0007901929784566164,0.947256863117218,0.029401972889900208,c938
faceforensics/real/599/000012.jpg,0,599,real,FaceForensics++,faceforensics/real/599/000012.jpg,599,599,599,test,source_video_disjoint_v1,0.0007055821479298174,0.9154770374298096,0.019486885517835617,c599
faceforensics/real/438/000028.jpg,0,438,real,FaceForensics++,faceforensics/real/438/000028.jpg,438,438,438,test,source_video_disjoint_v1,0.0001671522477408871,0.9736826419830322,0.01615586318075657,c438
faceforensics/real/719/000015.jpg,0,719,real,FaceForensics++,faceforensics/real/719/000015.jpg,719,719,719,test,source_video_disjoint_v1,0.0003353195497766137,0.9644670486450195,0.017554352059960365,c719
faceforensics/real/683/000022.jpg,0,683,real,FaceForensics++,faceforensics/real/683/000022.jpg,683,683,683,test,source_video_disjoint_v1,0.0005245103966444731,0.942389190196991,0.016948197036981583,c683
faceforensics/real/677/000025.jpg,0,677,real,FaceForensics++,faceforensics/real/677/000025.jpg,677,677,677,test,source_video_disjoint_v1,0.00046543419011868536,0.9460476040840149,0.01854424923658371,c677
faceforensics/real/651/000009.jpg,0,651,real,FaceForensics++,faceforensics/real/651/000009.jpg,651,651,651,test,source_video_disjoint_v1,0.0006252521998248994,0.9096460342407227,0.02870594710111618,c835
faceforensics/real/258/000007.jpg,0,258,real,FaceForensics++,faceforensics/real/258/000007.jpg,258,258,258,test,source_video_disjoint_v1,0.0006542184273712337,0.9330310821533203,0.033796586096286774,c246
faceforensics/real/470/000000.jpg,0,470,real,FaceForensics++,faceforensics/real/470/000000.jpg,470,470,470,test,source_video_disjoint_v1,0.0001897334586828947,0.9748997688293457,0.01620061695575714,c470
faceforensics/real/246/000028.jpg,0,246,real,FaceForensics++,faceforensics/real/246/000028.jpg,246,246,246,test,source_video_disjoint_v1,0.00030495927785523236,0.9401625990867615,0.03390055149793625,c246
faceforensics/real/439/000028.jpg,0,439,real,FaceForensics++,faceforensics/real/439/000028.jpg,439,439,439,test,source_video_disjoint_v1,0.0003572307468857616,0.9550831317901611,0.020910723134875298,c439
faceforensics/real/468/000001.jpg,0,468,real,FaceForensics++,faceforensics/real/468/000001.jpg,468,468,468,test,source_video_disjoint_v1,0.00037491964758373797,0.9598457217216492,0.017540182918310165,c470
faceforensics/real/598/000013.jpg,0,598,real,FaceForensics++,faceforensics/real/598/000013.jpg,598,598,598,test,source_video_disjoint_v1,0.0004735544789582491,0.9428166747093201,0.037341050803661346,c598
faceforensics/real/210/000024.jpg,0,210,real,FaceForensics++,faceforensics/real/210/000024.jpg,210,210,210,test,source_video_disjoint_v1,0.0009792523924261332,0.9209395051002502,0.03232519328594208,c210
faceforensics/real/835/000027.jpg,0,835,real,FaceForensics++,faceforensics/real/835/000027.jpg,835,835,835,test,source_video_disjoint_v1,0.00034162227530032396,0.9502652287483215,0.017793074250221252,c835
faceforensics/real/876/000020.jpg,0,876,real,FaceForensics++,faceforensics/real/876/000020.jpg,876,876,876,test,source_video_disjoint_v1,0.0008498309762217104,0.939372718334198,0.03506160527467728,c876
faceforensics/real/969/000004.jpg,0,969,real,FaceForensics++,faceforensics/real/969/000004.jpg,969,969,969,test,source_video_disjoint_v1,0.0005613414105027914,0.91912841796875,0.03776227682828903,c969
faceforensics/real/554/000015.jpg,0,554,real,FaceForensics++,faceforensics/real/554/000015.jpg,554,554,554,test,source_video_disjoint_v1,0.00047142384573817253,0.9440563321113586,0.025738025084137917,c554
faceforensics/real/096/000006.jpg,0,96,real,FaceForensics++,faceforensics/real/096/000006.jpg,96,96,096,test,source_video_disjoint_v1,0.0002995122049469501,0.9599120020866394,0.015892507508397102,c96
faceforensics/real/942/000017.jpg,0,942,real,FaceForensics++,faceforensics/real/942/000017.jpg,942,942,942,test,source_video_disjoint_v1,0.0003751297772396356,0.9557899832725525,0.018365081399679184,c942
faceforensics/real/737/000019.jpg,0,737,real,FaceForensics++,faceforensics/real/737/000019.jpg,737,737,737,test,source_video_disjoint_v1,0.000451060215709731,0.9364710450172424,0.03308190405368805,c719
faceforensics/real/004/000005.jpg,0,4,real,FaceForensics++,faceforensics/real/004/000005.jpg,4,4,004,test,source_video_disjoint_v1,0.0005326844402588904,0.91554856300354,0.026171322911977768,c4
faceforensics/real/062/000026.jpg,0,62,real,FaceForensics++,faceforensics/real/062/000026.jpg,62,62,062,test,source_video_disjoint_v1,0.0002855103521142155,0.9563155174255371,0.027605539187788963,c62
faceforensics/real/599/000021.jpg,0,599,real,FaceForensics++,faceforensics/real/599/000021.jpg,599,599,599,test,source_video_disjoint_v1,0.0006997744203545153,0.9104104042053223,0.019726945087313652,c599
faceforensics/real/672/000019.jpg,0,672,real,FaceForensics++,faceforensics/real/672/000019.jpg,672,672,672,test,source_video_disjoint_v1,0.00038990264874882996,0.9431840777397156,0.01962530054152012,c672
faceforensics/real/488/000011.jpg,0,488,real,FaceForensics++,faceforensics/real/488/000011.jpg,488,488,488,test,source_video_disjoint_v1,0.00022279527911450714,0.9654019474983215,0.015864448621869087,c488
faceforensics/real/257/000029.jpg,0,257,real,FaceForensics++,faceforensics/real/257/000029.jpg,257,257,257,test,source_video_disjoint_v1,0.0003359930997248739,0.950770378112793,0.04557917267084122,c257
faceforensics/real/779/000024.jpg,0,779,real,FaceForensics++,faceforensics/real/779/000024.jpg,779,779,779,test,source_video_disjoint_v1,0.0002841053355950862,0.9601146578788757,0.0196835920214653,c779
faceforensics/real/938/000022.jpg,0,938,real,FaceForensics++,faceforensics/real/938/000022.jpg,938,938,938,test,source_video_disjoint_v1,0.0009587105014361441,0.9441316723823547,0.03380666300654411,c938
faceforensics/real/448/000022.jpg,0,448,real,FaceForensics++,faceforensics/real/448/000022.jpg,448,448,448,test,source_video_disjoint_v1,0.0007750138756819069,0.8784543871879578,0.03783000260591507,c448
faceforensics/real/438/000010.jpg,0,438,real,FaceForensics++,faceforensics/real/438/000010.jpg,438,438,438,test,source_video_disjoint_v1,0.00016274175141006708,0.9751019477844238,0.016175800934433937,c438
faceforensics/real/192/000017.jpg,0,192,real,FaceForensics++,faceforensics/real/192/000017.jpg,192,192,192,test,source_video_disjoint_v1,0.0008460728568024933,0.9019298553466797,0.024003753438591957,c192
faceforensics/real/651/000003.jpg,0,651,real,FaceForensics++,faceforensics/real/651/000003.jpg,651,651,651,test,source_video_disjoint_v1,0.000509172969032079,0.9269744753837585,0.023345552384853363,c835
faceforensics/real/008/000014.jpg,0,8,real,FaceForensics++,faceforensics/real/008/000014.jpg,8,8,008,test,source_video_disjoint_v1,0.00036031825584359467,0.9388506412506104,0.026310019195079803,c8
faceforensics/real/246/000018.jpg,0,246,real,FaceForensics++,faceforensics/real/246/000018.jpg,246,246,246,test,source_video_disjoint_v1,0.0002596490376163274,0.9488101601600647,0.025697121396660805,c246
faceforensics/real/719/000008.jpg,0,719,real,FaceForensics++,faceforensics/real/719/000008.jpg,719,719,719,test,source_video_disjoint_v1,0.0004688589833676815,0.9513314366340637,0.02089327946305275,c719
faceforensics/real/677/000026.jpg,0,677,real,FaceForensics++,faceforensics/real/677/000026.jpg,677,677,677,test,source_video_disjoint_v1,0.00042949782800860703,0.9423918724060059,0.017489755526185036,c677
faceforensics/real/439/000014.jpg,0,439,real,FaceForensics++,faceforensics/real/439/000014.jpg,439,439,439,test,source_video_disjoint_v1,0.0002445454301778227,0.9578768610954285,0.019916528835892677,c439
faceforensics/real/468/000021.jpg,0,468,real,FaceForensics++,faceforensics/real/468/000021.jpg,468,468,468,test,source_video_disjoint_v1,0.00022871012333780527,0.9645342826843262,0.015081477351486683,c470
faceforensics/real/598/000005.jpg,0,598,real,FaceForensics++,faceforensics/real/598/000005.jpg,598,598,598,test,source_video_disjoint_v1,0.00047375718713738024,0.943136990070343,0.03188473731279373,c598
faceforensics/real/876/000029.jpg,0,876,real,FaceForensics++,faceforensics/real/876/000029.jpg,876,876,876,test,source_video_disjoint_v1,0.0008459744858555496,0.941441535949707,0.03406715393066406,c876
faceforensics/real/835/000028.jpg,0,835,real,FaceForensics++,faceforensics/real/835/000028.jpg,835,835,835,test,source_video_disjoint_v1,0.00036659056786447763,0.9500625729560852,0.018719136714935303,c835
faceforensics/real/470/000008.jpg,0,470,real,FaceForensics++,faceforensics/real/470/000008.jpg,470,470,470,test,source_video_disjoint_v1,0.00019591684394981712,0.9706212878227234,0.018794460222125053,c470
faceforensics/real/683/000001.jpg,0,683,real,FaceForensics++,faceforensics/real/683/000001.jpg,683,683,683,test,source_video_disjoint_v1,0.0005368601414375007,0.9379472732543945,0.017951903864741325,c683
faceforensics/real/969/000015.jpg,0,969,real,FaceForensics++,faceforensics/real/969/000015.jpg,969,969,969,test,source_video_disjoint_v1,0.0005939615075476468,0.9176232218742371,0.03415708243846893,c969
faceforensics/real/258/000025.jpg,0,258,real,FaceForensics++,faceforensics/real/258/000025.jpg,258,258,258,test,source_video_disjoint_v1,0.0006569959223270416,0.9329779744148254,0.03997325152158737,c246
faceforensics/real/210/000015.jpg,0,210,real,FaceForensics++,faceforensics/real/210/000015.jpg,210,210,210,test,source_video_disjoint_v1,0.0009920642478391528,0.9228456616401672,0.03173565864562988,c210
faceforensics/real/096/000019.jpg,0,96,real,FaceForensics++,faceforensics/real/096/000019.jpg,96,96,096,test,source_video_disjoint_v1,0.0002901419356931001,0.9628746509552002,0.016483241692185402,c96
faceforensics/real/737/000003.jpg,0,737,real,FaceForensics++,faceforensics/real/737/000003.jpg,737,737,737,test,source_video_disjoint_v1,0.0004302618617657572,0.9419000148773193,0.03441529721021652,c719
faceforensics/real/554/000014.jpg,0,554,real,FaceForensics++,faceforensics/real/554/000014.jpg,554,554,554,test,source_video_disjoint_v1,0.000522275862749666,0.9383249878883362,0.02677401341497898,c554
faceforensics/real/004/000025.jpg,0,4,real,FaceForensics++,faceforensics/real/004/000025.jpg,4,4,004,test,source_video_disjoint_v1,0.0002719289914239198,0.942206084728241,0.027270318940281868,c4
faceforensics/real/942/000010.jpg,0,942,real,FaceForensics++,faceforensics/real/942/000010.jpg,942,942,942,test,source_video_disjoint_v1,0.0003350019978825003,0.9589594006538391,0.016722606495022774,c942
faceforensics/real/062/000007.jpg,0,62,real,FaceForensics++,faceforensics/real/062/000007.jpg,62,62,062,test,source_video_disjoint_v1,0.00031940964981913567,0.9502856135368347,0.0302890557795763,c62
faceforensics/real/257/000005.jpg,0,257,real,FaceForensics++,faceforensics/real/257/000005.jpg,257,257,257,test,source_video_disjoint_v1,0.00031099040643312037,0.9481540322303772,0.038347501307725906,c257
faceforensics/real/599/000009.jpg,0,599,real,FaceForensics++,faceforensics/real/599/000009.jpg,599,599,599,test,source_video_disjoint_v1,0.0006301504909060895,0.921019971370697,0.01947775110602379,c599
faceforensics/real/779/000019.jpg,0,779,real,FaceForensics++,faceforensics/real/779/000019.jpg,779,779,779,test,source_video_disjoint_v1,0.00028767611365765333,0.9603115916252136,0.016575397923588753,c779
faceforensics/real/488/000028.jpg,0,488,real,FaceForensics++,faceforensics/real/488/000028.jpg,488,488,488,test,source_video_disjoint_v1,0.00023475820489693433,0.9669721126556396,0.017744088545441628,c488
faceforensics/real/672/000013.jpg,0,672,real,FaceForensics++,faceforensics/real/672/000013.jpg,672,672,672,test,source_video_disjoint_v1,0.00031962431967258453,0.9462520480155945,0.01806778460741043,c672
faceforensics/real/938/000016.jpg,0,938,real,FaceForensics++,faceforensics/real/938/000016.jpg,938,938,938,test,source_video_disjoint_v1,0.0006810369086451828,0.9519187808036804,0.03019314631819725,c938
faceforensics/real/192/000016.jpg,0,192,real,FaceForensics++,faceforensics/real/192/000016.jpg,192,192,192,test,source_video_disjoint_v1,0.0006977671873755753,0.9141829013824463,0.02078273519873619,c192
faceforensics/real/719/000004.jpg,0,719,real,FaceForensics++,faceforensics/real/719/000004.jpg,719,719,719,test,source_video_disjoint_v1,0.0003477972059044987,0.964036762714386,0.01659170351922512,c719
faceforensics/real/448/000016.jpg,0,448,real,FaceForensics++,faceforensics/real/448/000016.jpg,448,448,448,test,source_video_disjoint_v1,0.0006881357985548675,0.898349940776825,0.03040640987455845,c448
faceforensics/real/651/000005.jpg,0,651,real,FaceForensics++,faceforensics/real/651/000005.jpg,651,651,651,test,source_video_disjoint_v1,0.0005354511085897684,0.9170246124267578,0.026331230998039246,c835
faceforensics/real/246/000016.jpg,0,246,real,FaceForensics++,faceforensics/real/246/000016.jpg,246,246,246,test,source_video_disjoint_v1,0.0003254852199461311,0.9397427439689636,0.026270417496562004,c246
faceforensics/real/835/000001.jpg,0,835,real,FaceForensics++,faceforensics/real/835/000001.jpg,835,835,835,test,source_video_disjoint_v1,0.00040186612750403583,0.9398137927055359,0.019372576847672462,c835
faceforensics/real/470/000015.jpg,0,470,real,FaceForensics++,faceforensics/real/470/000015.jpg,470,470,470,test,source_video_disjoint_v1,0.00021395426301751286,0.9687468409538269,0.01655343547463417,c470
faceforensics/real/876/000014.jpg,0,876,real,FaceForensics++,faceforensics/real/876/000014.jpg,876,876,876,test,source_video_disjoint_v1,0.0008376722107641399,0.9427475929260254,0.03221144899725914,c876
faceforensics/real/598/000001.jpg,0,598,real,FaceForensics++,faceforensics/real/598/000001.jpg,598,598,598,test,source_video_disjoint_v1,0.0004327805945649743,0.9441916346549988,0.03712905943393707,c598
faceforensics/real/969/000021.jpg,0,969,real,FaceForensics++,faceforensics/real/969/000021.jpg,969,969,969,test,source_video_disjoint_v1,0.000563956331461668,0.9218664169311523,0.03794514387845993,c969
faceforensics/real/439/000026.jpg,0,439,real,FaceForensics++,faceforensics/real/439/000026.jpg,439,439,439,test,source_video_disjoint_v1,0.0003093741543125361,0.9556851983070374,0.019908834248781204,c439
faceforensics/real/438/000024.jpg,0,438,real,FaceForensics++,faceforensics/real/438/000024.jpg,438,438,438,test,source_video_disjoint_v1,0.00018571596592664719,0.972681999206543,0.017355535179376602,c438
faceforensics/real/468/000003.jpg,0,468,real,FaceForensics++,faceforensics/real/468/000003.jpg,468,468,468,test,source_video_disjoint_v1,0.00022042127966415137,0.963153064250946,0.015845535323023796,c470
faceforensics/real/677/000003.jpg,0,677,real,FaceForensics++,faceforensics/real/677/000003.jpg,677,677,677,test,source_video_disjoint_v1,0.00037045133649371564,0.9473087191581726,0.014764450490474701,c677
faceforensics/real/258/000010.jpg,0,258,real,FaceForensics++,faceforensics/real/258/000010.jpg,258,258,258,test,source_video_disjoint_v1,0.0005813408060930669,0.9369328022003174,0.03408772498369217,c246
faceforensics/real/008/000019.jpg,0,8,real,FaceForensics++,faceforensics/real/008/000019.jpg,8,8,008,test,source_video_disjoint_v1,0.0004314275865908712,0.939389169216156,0.02520129829645157,c8
faceforensics/real/683/000027.jpg,0,683,real,FaceForensics++,faceforensics/real/683/000027.jpg,683,683,683,test,source_video_disjoint_v1,0.0005863842670805752,0.9355146288871765,0.018492022529244423,c683
faceforensics/real/554/000012.jpg,0,554,real,FaceForensics++,faceforensics/real/554/000012.jpg,554,554,554,test,source_video_disjoint_v1,0.00042403326369822025,0.9459514617919922,0.02351723052561283,c554
faceforensics/real/096/000007.jpg,0,96,real,FaceForensics++,faceforensics/real/096/000007.jpg,96,96,096,test,source_video_disjoint_v1,0.00028134684544056654,0.9606073498725891,0.017748665064573288,c96
faceforensics/real/004/000010.jpg,0,4,real,FaceForensics++,faceforensics/real/004/000010.jpg,4,4,004,test,source_video_disjoint_v1,0.00045837872312404215,0.9213485717773438,0.02242737077176571,c4
faceforensics/real/942/000022.jpg,0,942,real,FaceForensics++,faceforensics/real/942/000022.jpg,942,942,942,test,source_video_disjoint_v1,0.00035672695958055556,0.9582154750823975,0.016699183732271194,c942
faceforensics/real/737/000007.jpg,0,737,real,FaceForensics++,faceforensics/real/737/000007.jpg,737,737,737,test,source_video_disjoint_v1,0.0004348759539425373,0.9376756548881531,0.030395492911338806,c719
faceforensics/real/210/000005.jpg,0,210,real,FaceForensics++,faceforensics/real/210/000005.jpg,210,210,210,test,source_video_disjoint_v1,0.0032243903260678053,0.8999102115631104,0.037687186151742935,c210
faceforensics/Deepfakes/246_258/000024.jpg,1,246,Deepfakes,FaceForensics++,faceforensics/Deepfakes/246_258/000024.jpg,246,246|258,246_258,test,source_video_disjoint_v1,0.0002955375239253044,0.9529886245727539,0.020050017163157463,c246
faceforensics/Deepfakes/470_468/000003.jpg,1,470,Deepfakes,FaceForensics++,faceforensics/Deepfakes/470_468/000003.jpg,470,470|468,470_468,test,source_video_disjoint_v1,0.00020536947704385966,0.9710285663604736,0.019842535257339478,c470
faceforensics/Deepfakes/719_737/000022.jpg,1,719,Deepfakes,FaceForensics++,faceforensics/Deepfakes/719_737/000022.jpg,719,719|737,719_737,test,source_video_disjoint_v1,0.000445991987362504,0.9551714062690735,0.0211041159927845,c719
faceforensics/Deepfakes/835_651/000023.jpg,1,835,Deepfakes,FaceForensics++,faceforensics/Deepfakes/835_651/000023.jpg,835,835|651,835_651,test,source_video_disjoint_v1,0.0003504118649289012,0.9471890330314636,0.01866326667368412,c835
faceforensics/Deepfakes/468_470/000026.jpg,1,468,Deepfakes,FaceForensics++,faceforensics/Deepfakes/468_470/000026.jpg,468,468|470,468_470,test,source_video_disjoint_v1,0.00026231142692267895,0.9628245234489441,0.017537415027618408,c470
faceforensics/Deepfakes/651_835/000023.jpg,1,651,Deepfakes,FaceForensics++,faceforensics/Deepfakes/651_835/000023.jpg,651,651|835,651_835,test,source_video_disjoint_v1,0.00045353875611908734,0.9243806004524231,0.0252668596804142,c835
faceforensics/Deepfakes/258_246/000015.jpg,1,258,Deepfakes,FaceForensics++,faceforensics/Deepfakes/258_246/000015.jpg,258,258|246,258_246,test,source_video_disjoint_v1,0.0006344849243760109,0.9314631819725037,0.043218761682510376,c246
faceforensics/Deepfakes/737_719/000026.jpg,1,737,Deepfakes,FaceForensics++,faceforensics/Deepfakes/737_719/000026.jpg,737,737|719,737_719,test,source_video_disjoint_v1,0.00030303862877190113,0.9499374032020569,0.02660331316292286,c719
faceforensics/Deepfakes/246_258/000006.jpg,1,246,Deepfakes,FaceForensics++,faceforensics/Deepfakes/246_258/000006.jpg,246,246|258,246_258,test,source_video_disjoint_v1,0.0003080969036091119,0.943671703338623,0.026735607534646988,c246
faceforensics/Deepfakes/470_468/000019.jpg,1,470,Deepfakes,FaceForensics++,faceforensics/Deepfakes/470_468/000019.jpg,470,470|468,470_468,test,source_video_disjoint_v1,0.00019816739950329065,0.9712697863578796,0.017675064504146576,c470
faceforensics/Deepfakes/719_737/000018.jpg,1,719,Deepfakes,FaceForensics++,faceforensics/Deepfakes/719_737/000018.jpg,719,719|737,719_737,test,source_video_disjoint_v1,0.00042286989628337324,0.9567359089851379,0.0200287327170372,c719
faceforensics/Deepfakes/835_651/000020.jpg,1,835,Deepfakes,FaceForensics++,faceforensics/Deepfakes/835_651/000020.jpg,835,835|651,835_651,test,source_video_disjoint_v1,0.00033848409657366574,0.9459212422370911,0.019017092883586884,c835
faceforensics/Deepfakes/737_719/000005.jpg,1,737,Deepfakes,FaceForensics++,faceforensics/Deepfakes/737_719/000005.jpg,737,737|719,737_719,test,source_video_disjoint_v1,0.00036086110048927367,0.946779191493988,0.028308892622590065,c719
faceforensics/Deepfakes/651_835/000005.jpg,1,651,Deepfakes,FaceForensics++,faceforensics/Deepfakes/651_835/000005.jpg,651,651|835,651_835,test,source_video_disjoint_v1,0.0004751716332975775,0.9203033447265625,0.024264268577098846,c835
faceforensics/Deepfakes/258_246/000000.jpg,1,258,Deepfakes,FaceForensics++,faceforensics/Deepfakes/258_246/000000.jpg,258,258|246,258_246,test,source_video_disjoint_v1,0.0005482384585775435,0.9458991885185242,0.0352570042014122,c246
faceforensics/Deepfakes/468_470/000009.jpg,1,468,Deepfakes,FaceForensics++,faceforensics/Deepfakes/468_470/000009.jpg,468,468|470,468_470,test,source_video_disjoint_v1,0.00021406973246484995,0.9655386805534363,0.01550340373069048,c470
faceforensics/Deepfakes/470_468/000014.jpg,1,470,Deepfakes,FaceForensics++,faceforensics/Deepfakes/470_468/000014.jpg,470,470|468,470_468,test,source_video_disjoint_v1,0.00019393362163100392,0.9714428782463074,0.017574766650795937,c470
faceforensics/Deepfakes/246_258/000009.jpg,1,246,Deepfakes,FaceForensics++,faceforensics/Deepfakes/246_258/000009.jpg,246,246|258,246_258,test,source_video_disjoint_v1,0.0002390487352386117,0.9539359211921692,0.021486949175596237,c246
faceforensics/Deepfakes/719_737/000002.jpg,1,719,Deepfakes,FaceForensics++,faceforensics/Deepfakes/719_737/000002.jpg,719,719|737,719_737,test,source_video_disjoint_v1,0.00037371693179011345,0.9603345990180969,0.021136218681931496,c719
faceforensics/Deepfakes/651_835/000007.jpg,1,651,Deepfakes,FaceForensics++,faceforensics/Deepfakes/651_835/000007.jpg,651,651|835,651_835,test,source_video_disjoint_v1,0.00045191068784333766,0.9263572692871094,0.02383941039443016,c835
faceforensics/Deepfakes/835_651/000025.jpg,1,835,Deepfakes,FaceForensics++,faceforensics/Deepfakes/835_651/000025.jpg,835,835|651,835_651,test,source_video_disjoint_v1,0.00033484320738352835,0.9490432739257812,0.018878120929002762,c835
faceforensics/Deepfakes/737_719/000021.jpg,1,737,Deepfakes,FaceForensics++,faceforensics/Deepfakes/737_719/000021.jpg,737,737|719,737_719,test,source_video_disjoint_v1,0.00034310240880586207,0.947929859161377,0.03062503971159458,c719
faceforensics/Deepfakes/258_246/000025.jpg,1,258,Deepfakes,FaceForensics++,faceforensics/Deepfakes/258_246/000025.jpg,258,258|246,258_246,test,source_video_disjoint_v1,0.0005184148321859539,0.9418862462043762,0.03634253516793251,c246
faceforensics/Deepfakes/468_470/000019.jpg,1,468,Deepfakes,FaceForensics++,faceforensics/Deepfakes/468_470/000019.jpg,468,468|470,468_470,test,source_video_disjoint_v1,0.00023089478781912476,0.9665462374687195,0.014087513089179993,c470
faceforensics/Deepfakes/470_468/000024.jpg,1,470,Deepfakes,FaceForensics++,faceforensics/Deepfakes/470_468/000024.jpg,470,470|468,470_468,test,source_video_disjoint_v1,0.00023087837325874716,0.9673551917076111,0.020778048783540726,c470
faceforensics/Deepfakes/246_258/000015.jpg,1,246,Deepfakes,FaceForensics++,faceforensics/Deepfakes/246_258/000015.jpg,246,246|258,246_258,test,source_video_disjoint_v1,0.00031794299138709903,0.9397621154785156,0.024640129879117012,c246
faceforensics/Deepfakes/719_737/000026.jpg,1,719,Deepfakes,FaceForensics++,faceforensics/Deepfakes/719_737/000026.jpg,719,719|737,719_737,test,source_video_disjoint_v1,0.0004047353286296129,0.9592154622077942,0.022386223077774048,c719
faceforensics/Deepfakes/835_651/000027.jpg,1,835,Deepfakes,FaceForensics++,faceforensics/Deepfakes/835_651/000027.jpg,835,835|651,835_651,test,source_video_disjoint_v1,0.00030739294015802443,0.951493501663208,0.019072089344263077,c835
faceforensics/Deepfakes/737_719/000002.jpg,1,737,Deepfakes,FaceForensics++,faceforensics/Deepfakes/737_719/000002.jpg,737,737|719,737_719,test,source_video_disjoint_v1,0.00033597982837818563,0.9492561221122742,0.02837943844497204,c719
faceforensics/Deepfakes/468_470/000006.jpg,1,468,Deepfakes,FaceForensics++,faceforensics/Deepfakes/468_470/000006.jpg,468,468|470,468_470,test,source_video_disjoint_v1,0.00023643118038307875,0.9651176333427429,0.01591079868376255,c470
faceforensics/Deepfakes/258_246/000008.jpg,1,258,Deepfakes,FaceForensics++,faceforensics/Deepfakes/258_246/000008.jpg,258,258|246,258_246,test,source_video_disjoint_v1,0.0005686886725015938,0.9367669224739075,0.03096459060907364,c246
faceforensics/Deepfakes/651_835/000019.jpg,1,651,Deepfakes,FaceForensics++,faceforensics/Deepfakes/651_835/000019.jpg,651,651|835,651_835,test,source_video_disjoint_v1,0.0004768512153532356,0.9148587584495544,0.024956300854682922,c835
faceforensics/Deepfakes/470_468/000023.jpg,1,470,Deepfakes,FaceForensics++,faceforensics/Deepfakes/470_468/000023.jpg,470,470|468,470_468,test,source_video_disjoint_v1,0.00020535981457214803,0.9695647358894348,0.023768350481987,c470
faceforensics/Deepfakes/246_258/000019.jpg,1,246,Deepfakes,FaceForensics++,faceforensics/Deepfakes/246_258/000019.jpg,246,246|258,246_258,test,source_video_disjoint_v1,0.0002820632653310895,0.9457510113716125,0.025531182065606117,c246
faceforensics/Deepfakes/719_737/000000.jpg,1,719,Deepfakes,FaceForensics++,faceforensics/Deepfakes/719_737/000000.jpg,719,719|737,719_737,test,source_video_disjoint_v1,0.0004206339071970433,0.9565380215644836,0.019797855988144875,c719
faceforensics/Deepfakes/835_651/000018.jpg,1,835,Deepfakes,FaceForensics++,faceforensics/Deepfakes/835_651/000018.jpg,835,835|651,835_651,test,source_video_disjoint_v1,0.00032932512112893164,0.9478737711906433,0.018420454114675522,c835
faceforensics/Deepfakes/737_719/000012.jpg,1,737,Deepfakes,FaceForensics++,faceforensics/Deepfakes/737_719/000012.jpg,737,737|719,737_719,test,source_video_disjoint_v1,0.00039551741792820394,0.9378102421760559,0.028637196868658066,c719
faceforensics/Deepfakes/468_470/000000.jpg,1,468,Deepfakes,FaceForensics++,faceforensics/Deepfakes/468_470/000000.jpg,468,468|470,468_470,test,source_video_disjoint_v1,0.0002358762576477602,0.9671633839607239,0.0151350237429142,c470
faceforensics/Deepfakes/651_835/000016.jpg,1,651,Deepfakes,FaceForensics++,faceforensics/Deepfakes/651_835/000016.jpg,651,651|835,651_835,test,source_video_disjoint_v1,0.0003868959902320057,0.9326419830322266,0.022441666573286057,c835
faceforensics/Deepfakes/258_246/000026.jpg,1,258,Deepfakes,FaceForensics++,faceforensics/Deepfakes/258_246/000026.jpg,258,258|246,258_246,test,source_video_disjoint_v1,0.00041983474511653185,0.9445149302482605,0.029714111238718033,c246
faceforensics/Deepfakes/246_258/000010.jpg,1,246,Deepfakes,FaceForensics++,faceforensics/Deepfakes/246_258/000010.jpg,246,246|258,246_258,test,source_video_disjoint_v1,0.00029280909802764654,0.9444961547851562,0.02313455007970333,c246
faceforensics/Deepfakes/719_737/000003.jpg,1,719,Deepfakes,FaceForensics++,faceforensics/Deepfakes/719_737/000003.jpg,719,719|737,719_737,test,source_video_disjoint_v1,0.00035354759893380105,0.9614728093147278,0.01760704070329666,c719
faceforensics/Deepfakes/470_468/000006.jpg,1,470,Deepfakes,FaceForensics++,faceforensics/Deepfakes/470_468/000006.jpg,470,470|468,470_468,test,source_video_disjoint_v1,0.00018870964413508773,0.9732334613800049,0.02133888006210327,c470
faceforensics/Deepfakes/835_651/000017.jpg,1,835,Deepfakes,FaceForensics++,faceforensics/Deepfakes/835_651/000017.jpg,835,835|651,835_651,test,source_video_disjoint_v1,0.0003466449270490557,0.9498443007469177,0.02028040401637554,c835
faceforensics/Deepfakes/737_719/000024.jpg,1,737,Deepfakes,FaceForensics++,faceforensics/Deepfakes/737_719/000024.jpg,737,737|719,737_719,test,source_video_disjoint_v1,0.00034372881054878235,0.9449232220649719,0.02988484874367714,c719
faceforensics/Deepfakes/468_470/000013.jpg,1,468,Deepfakes,FaceForensics++,faceforensics/Deepfakes/468_470/000013.jpg,468,468|470,468_470,test,source_video_disjoint_v1,0.00026446449919603765,0.963906466960907,0.017783034592866898,c470
faceforensics/Deepfakes/651_835/000006.jpg,1,651,Deepfakes,FaceForensics++,faceforensics/Deepfakes/651_835/000006.jpg,651,651|835,651_835,test,source_video_disjoint_v1,0.000471812323667109,0.9238646626472473,0.024700600653886795,c835
faceforensics/Deepfakes/258_246/000001.jpg,1,258,Deepfakes,FaceForensics++,faceforensics/Deepfakes/258_246/000001.jpg,258,258|246,258_246,test,source_video_disjoint_v1,0.0005013885092921555,0.9492137432098389,0.02911423146724701,c246
faceforensics/Deepfakes/246_258/000025.jpg,1,246,Deepfakes,FaceForensics++,faceforensics/Deepfakes/246_258/000025.jpg,246,246|258,246_258,test,source_video_disjoint_v1,0.00032301212195307016,0.9449203610420227,0.02394995652139187,c246
faceforensics/Deepfakes/719_737/000025.jpg,1,719,Deepfakes,FaceForensics++,faceforensics/Deepfakes/719_737/000025.jpg,719,719|737,719_737,test,source_video_disjoint_v1,0.0003853101225104183,0.9596506953239441,0.02100146748125553,c719
faceforensics/Deepfakes/470_468/000022.jpg,1,470,Deepfakes,FaceForensics++,faceforensics/Deepfakes/470_468/000022.jpg,470,470|468,470_468,test,source_video_disjoint_v1,0.00021551380632445216,0.9687504172325134,0.020536581054329872,c470
faceforensics/Deepfakes/835_651/000011.jpg,1,835,Deepfakes,FaceForensics++,faceforensics/Deepfakes/835_651/000011.jpg,835,835|651,835_651,test,source_video_disjoint_v1,0.0003667838464025408,0.9438657760620117,0.018930010497570038,c835
faceforensics/Deepfakes/737_719/000006.jpg,1,737,Deepfakes,FaceForensics++,faceforensics/Deepfakes/737_719/000006.jpg,737,737|719,737_719,test,source_video_disjoint_v1,0.0003977844025939703,0.9403168559074402,0.03545285016298294,c719
faceforensics/Deepfakes/651_835/000000.jpg,1,651,Deepfakes,FaceForensics++,faceforensics/Deepfakes/651_835/000000.jpg,651,651|835,651_835,test,source_video_disjoint_v1,0.0003868409257847816,0.931241512298584,0.02107931673526764,c835
faceforensics/Deepfakes/468_470/000007.jpg,1,468,Deepfakes,FaceForensics++,faceforensics/Deepfakes/468_470/000007.jpg,468,468|470,468_470,test,source_video_disjoint_v1,0.00022081728093326092,0.9680946469306946,0.01589752733707428,c470
faceforensics/Deepfakes/258_246/000005.jpg,1,258,Deepfakes,FaceForensics++,faceforensics/Deepfakes/258_246/000005.jpg,258,258|246,258_246,test,source_video_disjoint_v1,0.001013014349155128,0.9532114863395691,0.02558654174208641,c246
faceforensics/Deepfakes/246_258/000018.jpg,1,246,Deepfakes,FaceForensics++,faceforensics/Deepfakes/246_258/000018.jpg,246,246|258,246_258,test,source_video_disjoint_v1,0.0002611714880913496,0.9492804408073425,0.022362658753991127,c246
faceforensics/Deepfakes/719_737/000006.jpg,1,719,Deepfakes,FaceForensics++,faceforensics/Deepfakes/719_737/000006.jpg,719,719|737,719_737,test,source_video_disjoint_v1,0.00043967412784695625,0.9566155076026917,0.01894403249025345,c719
faceforensics/Deepfakes/737_719/000027.jpg,1,737,Deepfakes,FaceForensics++,faceforensics/Deepfakes/737_719/000027.jpg,737,737|719,737_719,test,source_video_disjoint_v1,0.0003082032490056008,0.9526343941688538,0.025307049974799156,c719
faceforensics/Deepfakes/835_651/000014.jpg,1,835,Deepfakes,FaceForensics++,faceforensics/Deepfakes/835_651/000014.jpg,835,835|651,835_651,test,source_video_disjoint_v1,0.0004300513828638941,0.943851888179779,0.02205144800245762,c835
faceforensics/Deepfakes/470_468/000025.jpg,1,470,Deepfakes,FaceForensics++,faceforensics/Deepfakes/470_468/000025.jpg,470,470|468,470_468,test,source_video_disjoint_v1,0.0002070002374239266,0.9702534079551697,0.02103457972407341,c470
faceforensics/Deepfakes/468_470/000008.jpg,1,468,Deepfakes,FaceForensics++,faceforensics/Deepfakes/468_470/000008.jpg,468,468|470,468_470,test,source_video_disjoint_v1,0.00021046791516710073,0.9682083129882812,0.01483158953487873,c470
faceforensics/Deepfakes/651_835/000004.jpg,1,651,Deepfakes,FaceForensics++,faceforensics/Deepfakes/651_835/000004.jpg,651,651|835,651_835,test,source_video_disjoint_v1,0.000481806811876595,0.9230313301086426,0.024370700120925903,c835
faceforensics/Deepfakes/258_246/000012.jpg,1,258,Deepfakes,FaceForensics++,faceforensics/Deepfakes/258_246/000012.jpg,258,258|246,258_246,test,source_video_disjoint_v1,0.0002882634580601007,0.9530113339424133,0.021212898194789886,c246
faceforensics/Deepfakes/246_258/000016.jpg,1,246,Deepfakes,FaceForensics++,faceforensics/Deepfakes/246_258/000016.jpg,246,246|258,246_258,test,source_video_disjoint_v1,0.0003231680893804878,0.941694974899292,0.022509170696139336,c246
faceforensics/Deepfakes/719_737/000015.jpg,1,719,Deepfakes,FaceForensics++,faceforensics/Deepfakes/719_737/000015.jpg,719,719|737,719_737,test,source_video_disjoint_v1,0.0003986314404755831,0.9585135579109192,0.020787185057997704,c719
faceforensics/Deepfakes/737_719/000013.jpg,1,737,Deepfakes,FaceForensics++,faceforensics/Deepfakes/737_719/000013.jpg,737,737|719,737_719,test,source_video_disjoint_v1,0.000369339162716642,0.9405468106269836,0.029442284256219864,c719
faceforensics/Deepfakes/835_651/000009.jpg,1,835,Deepfakes,FaceForensics++,faceforensics/Deepfakes/835_651/000009.jpg,835,835|651,835_651,test,source_video_disjoint_v1,0.00039841319085098803,0.9384284019470215,0.01961442083120346,c835
faceforensics/Deepfakes/470_468/000005.jpg,1,470,Deepfakes,FaceForensics++,faceforensics/Deepfakes/470_468/000005.jpg,470,470|468,470_468,test,source_video_disjoint_v1,0.00021951137750875205,0.9688928723335266,0.02137051150202751,c470
faceforensics/Deepfakes/468_470/000024.jpg,1,468,Deepfakes,FaceForensics++,faceforensics/Deepfakes/468_470/000024.jpg,468,468|470,468_470,test,source_video_disjoint_v1,0.0002508272882550955,0.9642459750175476,0.016918016597628593,c470
faceforensics/Deepfakes/651_835/000022.jpg,1,651,Deepfakes,FaceForensics++,faceforensics/Deepfakes/651_835/000022.jpg,651,651|835,651_835,test,source_video_disjoint_v1,0.00038284677430056036,0.9365160465240479,0.025249695405364037,c835
faceforensics/Deepfakes/258_246/000021.jpg,1,258,Deepfakes,FaceForensics++,faceforensics/Deepfakes/258_246/000021.jpg,258,258|246,258_246,test,source_video_disjoint_v1,0.0005610019434243441,0.9381538033485413,0.03505757823586464,c246
faceforensics/Deepfakes/737_719/000029.jpg,1,737,Deepfakes,FaceForensics++,faceforensics/Deepfakes/737_719/000029.jpg,737,737|719,737_719,test,source_video_disjoint_v1,0.0003470536321401596,0.9452559351921082,0.025198476389050484,c719
faceforensics/Deepfakes/470_468/000011.jpg,1,470,Deepfakes,FaceForensics++,faceforensics/Deepfakes/470_468/000011.jpg,470,470|468,470_468,test,source_video_disjoint_v1,0.00020726758521050215,0.9676141142845154,0.01923523098230362,c470
faceforensics/Deepfakes/719_737/000027.jpg,1,719,Deepfakes,FaceForensics++,faceforensics/Deepfakes/719_737/000027.jpg,719,719|737,719_737,test,source_video_disjoint_v1,0.0004103642131667584,0.9562001824378967,0.021711673587560654,c719
faceforensics/Deepfakes/246_258/000029.jpg,1,246,Deepfakes,FaceForensics++,faceforensics/Deepfakes/246_258/000029.jpg,246,246|258,246_258,test,source_video_disjoint_v1,0.0002891414042096585,0.9452088475227356,0.02291342429816723,c246
faceforensics/Deepfakes/468_470/000015.jpg,1,468,Deepfakes,FaceForensics++,faceforensics/Deepfakes/468_470/000015.jpg,468,468|470,468_470,test,source_video_disjoint_v1,0.0002539398265071213,0.9619314670562744,0.020401541143655777,c470
faceforensics/Deepfakes/835_651/000002.jpg,1,835,Deepfakes,FaceForensics++,faceforensics/Deepfakes/835_651/000002.jpg,835,835|651,835_651,test,source_video_disjoint_v1,0.00039329598075710237,0.9428367614746094,0.020404336974024773,c835
faceforensics/Deepfakes/651_835/000028.jpg,1,651,Deepfakes,FaceForensics++,faceforensics/Deepfakes/651_835/000028.jpg,651,651|835,651_835,test,source_video_disjoint_v1,0.00039690310950390995,0.9290189743041992,0.022387610748410225,c835
faceforensics/Deepfakes/258_246/000011.jpg,1,258,Deepfakes,FaceForensics++,faceforensics/Deepfakes/258_246/000011.jpg,258,258|246,258_246,test,source_video_disjoint_v1,0.0007668655016459525,0.9633100628852844,0.02450481429696083,c246
faceforensics/Deepfakes/470_468/000018.jpg,1,470,Deepfakes,FaceForensics++,faceforensics/Deepfakes/470_468/000018.jpg,470,470|468,470_468,test,source_video_disjoint_v1,0.00019562967645470053,0.9699282050132751,0.01936395652592182,c470
faceforensics/Deepfakes/737_719/000014.jpg,1,737,Deepfakes,FaceForensics++,faceforensics/Deepfakes/737_719/000014.jpg,737,737|719,737_719,test,source_video_disjoint_v1,0.00036197726149111986,0.9414277076721191,0.02932453155517578,c719
faceforensics/Deepfakes/468_470/000022.jpg,1,468,Deepfakes,FaceForensics++,faceforensics/Deepfakes/468_470/000022.jpg,468,468|470,468_470,test,source_video_disjoint_v1,0.0002174521650886163,0.9662079215049744,0.014665612019598484,c470
faceforensics/Deepfakes/246_258/000005.jpg,1,246,Deepfakes,FaceForensics++,faceforensics/Deepfakes/246_258/000005.jpg,246,246|258,246_258,test,source_video_disjoint_v1,0.0002883980341721326,0.9446762204170227,0.02760184369981289,c246
faceforensics/Deepfakes/719_737/000014.jpg,1,719,Deepfakes,FaceForensics++,faceforensics/Deepfakes/719_737/000014.jpg,719,719|737,719_737,test,source_video_disjoint_v1,0.000415646965848282,0.9585252404212952,0.01957216113805771,c719
faceforensics/Deepfakes/835_651/000013.jpg,1,835,Deepfakes,FaceForensics++,faceforensics/Deepfakes/835_651/000013.jpg,835,835|651,835_651,test,source_video_disjoint_v1,0.0003180217754561454,0.950538158416748,0.0198992732912302,c835
faceforensics/Deepfakes/651_835/000017.jpg,1,651,Deepfakes,FaceForensics++,faceforensics/Deepfakes/651_835/000017.jpg,651,651|835,651_835,test,source_video_disjoint_v1,0.00044853854342363775,0.9229920506477356,0.026312580332159996,c835
faceforensics/Deepfakes/258_246/000016.jpg,1,258,Deepfakes,FaceForensics++,faceforensics/Deepfakes/258_246/000016.jpg,258,258|246,258_246,test,source_video_disjoint_v1,0.0005678276065737009,0.9359926581382751,0.031196948140859604,c246
faceforensics/Deepfakes/470_468/000027.jpg,1,470,Deepfakes,FaceForensics++,faceforensics/Deepfakes/470_468/000027.jpg,470,470|468,470_468,test,source_video_disjoint_v1,0.00020820337522309273,0.9706788659095764,0.021039791405200958,c470
faceforensics/Deepfakes/719_737/000009.jpg,1,719,Deepfakes,FaceForensics++,faceforensics/Deepfakes/719_737/000009.jpg,719,719|737,719_737,test,source_video_disjoint_v1,0.00044495597830973566,0.9546216130256653,0.023482905700802803,c719
faceforensics/Deepfakes/468_470/000005.jpg,1,468,Deepfakes,FaceForensics++,faceforensics/Deepfakes/468_470/000005.jpg,468,468|470,468_470,test,source_video_disjoint_v1,0.00023169849009718746,0.9664559364318848,0.017963234335184097,c470
faceforensics/Deepfakes/737_719/000028.jpg,1,737,Deepfakes,FaceForensics++,faceforensics/Deepfakes/737_719/000028.jpg,737,737|719,737_719,test,source_video_disjoint_v1,0.00035428706905804574,0.9454329013824463,0.029280316084623337,c719
faceforensics/Deepfakes/246_258/000012.jpg,1,246,Deepfakes,FaceForensics++,faceforensics/Deepfakes/246_258/000012.jpg,246,246|258,246_258,test,source_video_disjoint_v1,0.0003072438121307641,0.9429181218147278,0.02422577328979969,c246
faceforensics/Deepfakes/651_835/000026.jpg,1,651,Deepfakes,FaceForensics++,faceforensics/Deepfakes/651_835/000026.jpg,651,651|835,651_835,test,source_video_disjoint_v1,0.0004063791420776397,0.9274399280548096,0.021975452080368996,c835
faceforensics/Deepfakes/835_651/000021.jpg,1,835,Deepfakes,FaceForensics++,faceforensics/Deepfakes/835_651/000021.jpg,835,835|651,835_651,test,source_video_disjoint_v1,0.00037446522037498653,0.9425197243690491,0.023446843028068542,c835
faceforensics/Deepfakes/258_246/000006.jpg,1,258,Deepfakes,FaceForensics++,faceforensics/Deepfakes/258_246/000006.jpg,258,258|246,258_246,test,source_video_disjoint_v1,0.00046990052214823663,0.9425769448280334,0.034917205572128296,c246
faceforensics/Deepfakes/470_468/000021.jpg,1,470,Deepfakes,FaceForensics++,faceforensics/Deepfakes/470_468/000021.jpg,470,470|468,470_468,test,source_video_disjoint_v1,0.00020388507982715964,0.9717522263526917,0.01742640696465969,c470
faceforensics/Deepfakes/246_258/000028.jpg,1,246,Deepfakes,FaceForensics++,faceforensics/Deepfakes/246_258/000028.jpg,246,246|258,246_258,test,source_video_disjoint_v1,0.0003012480738107115,0.942966639995575,0.02627292275428772,c246
faceforensics/Deepfakes/719_737/000011.jpg,1,719,Deepfakes,FaceForensics++,faceforensics/Deepfakes/719_737/000011.jpg,719,719|737,719_737,test,source_video_disjoint_v1,0.00043424006435088813,0.95611572265625,0.023470157757401466,c719
faceforensics/Deepfakes/737_719/000010.jpg,1,737,Deepfakes,FaceForensics++,faceforensics/Deepfakes/737_719/000010.jpg,737,737|719,737_719,test,source_video_disjoint_v1,0.00031166558619588614,0.9510675072669983,0.025807224214076996,c719
faceforensics/Deepfakes/468_470/000016.jpg,1,468,Deepfakes,FaceForensics++,faceforensics/Deepfakes/468_470/000016.jpg,468,468|470,468_470,test,source_video_disjoint_v1,0.00022820057347416878,0.9652904868125916,0.01626010611653328,c470
faceforensics/Deepfakes/651_835/000021.jpg,1,651,Deepfakes,FaceForensics++,faceforensics/Deepfakes/651_835/000021.jpg,651,651|835,651_835,test,source_video_disjoint_v1,0.00039227327215485275,0.9295161366462708,0.023795409128069878,c835
faceforensics/Deepfakes/835_651/000005.jpg,1,835,Deepfakes,FaceForensics++,faceforensics/Deepfakes/835_651/000005.jpg,835,835|651,835_651,test,source_video_disjoint_v1,0.00042510093771852553,0.9373419284820557,0.022864818572998047,c835
faceforensics/Deepfakes/258_246/000003.jpg,1,258,Deepfakes,FaceForensics++,faceforensics/Deepfakes/258_246/000003.jpg,258,258|246,258_246,test,source_video_disjoint_v1,0.00045980201684869826,0.9409096837043762,0.03122073970735073,c246
faceforensics/Deepfakes/470_468/000007.jpg,1,470,Deepfakes,FaceForensics++,faceforensics/Deepfakes/470_468/000007.jpg,470,470|468,470_468,test,source_video_disjoint_v1,0.00019166037964168936,0.9705489277839661,0.01758630760014057,c470
faceforensics/Deepfakes/719_737/000012.jpg,1,719,Deepfakes,FaceForensics++,faceforensics/Deepfakes/719_737/000012.jpg,719,719|737,719_737,test,source_video_disjoint_v1,0.00043284104322083294,0.9559394717216492,0.02065950445830822,c719
faceforensics/Deepfakes/468_470/000018.jpg,1,468,Deepfakes,FaceForensics++,faceforensics/Deepfakes/468_470/000018.jpg,468,468|470,468_470,test,source_video_disjoint_v1,0.00023295218124985695,0.9649394154548645,0.01640143245458603,c470
faceforensics/Deepfakes/246_258/000026.jpg,1,246,Deepfakes,FaceForensics++,faceforensics/Deepfakes/246_258/000026.jpg,246,246|258,246_258,test,source_video_disjoint_v1,0.00029935382190160453,0.9459100365638733,0.022753601893782616,c246
faceforensics/Deepfakes/835_651/000028.jpg,1,835,Deepfakes,FaceForensics++,faceforensics/Deepfakes/835_651/000028.jpg,835,835|651,835_651,test,source_video_disjoint_v1,0.000334246113197878,0.9500083327293396,0.018758470192551613,c835
faceforensics/Deepfakes/651_835/000012.jpg,1,651,Deepfakes,FaceForensics++,faceforensics/Deepfakes/651_835/000012.jpg,651,651|835,651_835,test,source_video_disjoint_v1,0.0004931467701680958,0.9228717684745789,0.024673540145158768,c835
faceforensics/Deepfakes/737_719/000016.jpg,1,737,Deepfakes,FaceForensics++,faceforensics/Deepfakes/737_719/000016.jpg,737,737|719,737_719,test,source_video_disjoint_v1,0.000315903133014217,0.9504842758178711,0.026361508294939995,c719
faceforensics/Deepfakes/258_246/000002.jpg,1,258,Deepfakes,FaceForensics++,faceforensics/Deepfakes/258_246/000002.jpg,258,258|246,258_246,test,source_video_disjoint_v1,0.0003948022786062211,0.9482360482215881,0.029353421181440353,c246
faceforensics/Deepfakes/246_258/000000.jpg,1,246,Deepfakes,FaceForensics++,faceforensics/Deepfakes/246_258/000000.jpg,246,246|258,246_258,test,source_video_disjoint_v1,0.00027483495068736374,0.9480195045471191,0.02442018873989582,c246
faceforensics/Deepfakes/468_470/000017.jpg,1,468,Deepfakes,FaceForensics++,faceforensics/Deepfakes/468_470/000017.jpg,468,468|470,468_470,test,source_video_disjoint_v1,0.00025119996280409396,0.9638457894325256,0.018835119903087616,c470
faceforensics/Deepfakes/470_468/000010.jpg,1,470,Deepfakes,FaceForensics++,faceforensics/Deepfakes/470_468/000010.jpg,470,470|468,470_468,test,source_video_disjoint_v1,0.00020289885287638754,0.969616174697876,0.021355733275413513,c470
faceforensics/Deepfakes/651_835/000024.jpg,1,651,Deepfakes,FaceForensics++,faceforensics/Deepfakes/651_835/000024.jpg,651,651|835,651_835,test,source_video_disjoint_v1,0.0004668987530749291,0.923976480960846,0.027154549956321716,c835
faceforensics/Deepfakes/719_737/000023.jpg,1,719,Deepfakes,FaceForensics++,faceforensics/Deepfakes/719_737/000023.jpg,719,719|737,719_737,test,source_video_disjoint_v1,0.0003940459282603115,0.9583191275596619,0.01818266697227955,c719
faceforensics/Deepfakes/835_651/000024.jpg,1,835,Deepfakes,FaceForensics++,faceforensics/Deepfakes/835_651/000024.jpg,835,835|651,835_651,test,source_video_disjoint_v1,0.00037156077451072633,0.9461290240287781,0.021413572132587433,c835
faceforensics/Deepfakes/737_719/000000.jpg,1,737,Deepfakes,FaceForensics++,faceforensics/Deepfakes/737_719/000000.jpg,737,737|719,737_719,test,source_video_disjoint_v1,0.00033268603147007525,0.9484097361564636,0.03000536747276783,c719
faceforensics/Deepfakes/258_246/000014.jpg,1,258,Deepfakes,FaceForensics++,faceforensics/Deepfakes/258_246/000014.jpg,258,258|246,258_246,test,source_video_disjoint_v1,0.0005374345928430557,0.938497006893158,0.03388906270265579,c246
faceforensics/Face2Face/246_258/000024.jpg,1,246,Face2Face,FaceForensics++,faceforensics/Face2Face/246_258/000024.jpg,246,246|258,246_258,test,source_video_disjoint_v1,0.00026162058929912746,0.950866162776947,0.022121738642454147,c246
faceforensics/Face2Face/470_468/000003.jpg,1,470,Face2Face,FaceForensics++,faceforensics/Face2Face/470_468/000003.jpg,470,470|468,470_468,test,source_video_disjoint_v1,0.00018550474487710744,0.9707402586936951,0.01517115905880928,c470
faceforensics/Face2Face/719_737/000022.jpg,1,719,Face2Face,FaceForensics++,faceforensics/Face2Face/719_737/000022.jpg,719,719|737,719_737,test,source_video_disjoint_v1,0.0003814370429608971,0.9595732688903809,0.018733080476522446,c719
faceforensics/Face2Face/835_651/000023.jpg,1,835,Face2Face,FaceForensics++,faceforensics/Face2Face/835_651/000023.jpg,835,835|651,835_651,test,source_video_disjoint_v1,0.00035871201544068754,0.9464468359947205,0.020757488906383514,c835
faceforensics/Face2Face/468_470/000026.jpg,1,468,Face2Face,FaceForensics++,faceforensics/Face2Face/468_470/000026.jpg,468,468|470,468_470,test,source_video_disjoint_v1,0.00025198794901371,0.9646293520927429,0.018608812242746353,c470
faceforensics/Face2Face/651_835/000023.jpg,1,651,Face2Face,FaceForensics++,faceforensics/Face2Face/651_835/000023.jpg,651,651|835,651_835,test,source_video_disjoint_v1,0.0004377105215098709,0.9256221652030945,0.021502530202269554,c835
faceforensics/Face2Face/258_246/000015.jpg,1,258,Face2Face,FaceForensics++,faceforensics/Face2Face/258_246/000015.jpg,258,258|246,258_246,test,source_video_disjoint_v1,0.0005582913872785866,0.9396868348121643,0.038853444159030914,c246
faceforensics/Face2Face/737_719/000026.jpg,1,737,Face2Face,FaceForensics++,faceforensics/Face2Face/737_719/000026.jpg,737,737|719,737_719,test,source_video_disjoint_v1,0.0004879198095295578,0.9337226748466492,0.038414258509874344,c719
faceforensics/Face2Face/246_258/000006.jpg,1,246,Face2Face,FaceForensics++,faceforensics/Face2Face/246_258/000006.jpg,246,246|258,246_258,test,source_video_disjoint_v1,0.0002810470468830317,0.9405412077903748,0.025217900052666664,c246
faceforensics/Face2Face/470_468/000019.jpg,1,470,Face2Face,FaceForensics++,faceforensics/Face2Face/470_468/000019.jpg,470,470|468,470_468,test,source_video_disjoint_v1,0.00020481424871832132,0.970067024230957,0.017739905044436455,c470
faceforensics/Face2Face/719_737/000018.jpg,1,719,Face2Face,FaceForensics++,faceforensics/Face2Face/719_737/000018.jpg,719,719|737,719_737,test,source_video_disjoint_v1,0.0003927741199731827,0.9594830870628357,0.01974545046687126,c719
faceforensics/Face2Face/835_651/000020.jpg,1,835,Face2Face,FaceForensics++,faceforensics/Face2Face/835_651/000020.jpg,835,835|651,835_651,test,source_video_disjoint_v1,0.0003681809175759554,0.9461443424224854,0.018567727878689766,c835
faceforensics/Face2Face/737_719/000005.jpg,1,737,Face2Face,FaceForensics++,faceforensics/Face2Face/737_719/000005.jpg,737,737|719,737_719,test,source_video_disjoint_v1,0.00044078464270569384,0.9397647976875305,0.033566705882549286,c719
faceforensics/Face2Face/651_835/000005.jpg,1,651,Face2Face,FaceForensics++,faceforensics/Face2Face/651_835/000005.jpg,651,651|835,651_835,test,source_video_disjoint_v1,0.0005398087669163942,0.9162591099739075,0.025324609130620956,c835
faceforensics/Face2Face/258_246/000000.jpg,1,258,Face2Face,FaceForensics++,faceforensics/Face2Face/258_246/000000.jpg,258,258|246,258_246,test,source_video_disjoint_v1,0.0005539787816815078,0.9442384839057922,0.03404223918914795,c246
faceforensics/Face2Face/468_470/000009.jpg,1,468,Face2Face,FaceForensics++,faceforensics/Face2Face/468_470/000009.jpg,468,468|470,468_470,test,source_video_disjoint_v1,0.000278378720395267,0.9606976509094238,0.01890803873538971,c470
faceforensics/Face2Face/470_468/000014.jpg,1,470,Face2Face,FaceForensics++,faceforensics/Face2Face/470_468/000014.jpg,470,470|468,470_468,test,source_video_disjoint_v1,0.00021544325863942504,0.9705162644386292,0.018351737409830093,c470
faceforensics/Face2Face/246_258/000009.jpg,1,246,Face2Face,FaceForensics++,faceforensics/Face2Face/246_258/000009.jpg,246,246|258,246_258,test,source_video_disjoint_v1,0.00022112595615908504,0.9522382616996765,0.024304863065481186,c246
faceforensics/Face2Face/719_737/000002.jpg,1,719,Face2Face,FaceForensics++,faceforensics/Face2Face/719_737/000002.jpg,719,719|737,719_737,test,source_video_disjoint_v1,0.00036150068626739085,0.9633499979972839,0.01680036261677742,c719
faceforensics/Face2Face/651_835/000007.jpg,1,651,Face2Face,FaceForensics++,faceforensics/Face2Face/651_835/000007.jpg,651,651|835,651_835,test,source_video_disjoint_v1,0.0005255774594843388,0.9194119572639465,0.025327611714601517,c835
faceforensics/Face2Face/835_651/000025.jpg,1,835,Face2Face,FaceForensics++,faceforensics/Face2Face/835_651/000025.jpg,835,835|651,835_651,test,source_video_disjoint_v1,0.0003665151307359338,0.9422810673713684,0.020777743309736252,c835
faceforensics/Face2Face/737_719/000021.jpg,1,737,Face2Face,FaceForensics++,faceforensics/Face2Face/737_719/000021.jpg,737,737|719,737_719,test,source_video_disjoint_v1,0.0004957320052199066,0.9329119324684143,0.036472659558057785,c719
faceforensics/Face2Face/258_246/000025.jpg,1,258,Face2Face,FaceForensics++,faceforensics/Face2Face/258_246/000025.jpg,258,258|246,258_246,test,source_video_disjoint_v1,0.0004669799527619034,0.9467450976371765,0.031018216162919998,c246
faceforensics/Face2Face/468_470/000019.jpg,1,468,Face2Face,FaceForensics++,faceforensics/Face2Face/468_470/000019.jpg,468,468|470,468_470,test,source_video_disjoint_v1,0.0002556022081989795,0.9643567204475403,0.01889660209417343,c470
faceforensics/Face2Face/470_468/000024.jpg,1,470,Face2Face,FaceForensics++,faceforensics/Face2Face/470_468/000024.jpg,470,470|468,470_468,test,source_video_disjoint_v1,0.00020354035950731486,0.9718427658081055,0.01664608344435692,c470
faceforensics/Face2Face/246_258/000015.jpg,1,246,Face2Face,FaceForensics++,faceforensics/Face2Face/246_258/000015.jpg,246,246|258,246_258,test,source_video_disjoint_v1,0.0003148757095914334,0.93449467420578,0.025349628180265427,c246
faceforensics/Face2Face/719_737/000026.jpg,1,719,Face2Face,FaceForensics++,faceforensics/Face2Face/719_737/000026.jpg,719,719|737,719_737,test,source_video_disjoint_v1,0.00035800901241600513,0.9633920788764954,0.01723211444914341,c719
faceforensics/Face2Face/835_651/000027.jpg,1,835,Face2Face,FaceForensics++,faceforensics/Face2Face/835_651/000027.jpg,835,835|651,835_651,test,source_video_disjoint_v1,0.00044459584751166403,0.9375040531158447,0.021303018555045128,c835
faceforensics/Face2Face/737_719/000002.jpg,1,737,Face2Face,FaceForensics++,faceforensics/Face2Face/737_719/000002.jpg,737,737|719,737_719,test,source_video_disjoint_v1,0.0004189952742308378,0.9436061978340149,0.03543190285563469,c719
faceforensics/Face2Face/468_470/000006.jpg,1,468,Face2Face,FaceForensics++,faceforensics/Face2Face/468_470/000006.jpg,468,468|470,468_470,test,source_video_disjoint_v1,0.000270512537099421,0.9608203768730164,0.016779568046331406,c470
faceforensics/Face2Face/258_246/000008.jpg,1,258,Face2Face,FaceForensics++,faceforensics/Face2Face/258_246/000008.jpg,258,258|246,258_246,test,source_video_disjoint_v1,0.0005353394080884755,0.9407499432563782,0.030286114662885666,c246
faceforensics/Face2Face/651_835/000019.jpg,1,651,Face2Face,FaceForensics++,faceforensics/Face2Face/651_835/000019.jpg,651,651|835,651_835,test,source_video_disjoint_v1,0.00042707810644060373,0.9256123900413513,0.02483382262289524,c835
faceforensics/Face2Face/470_468/000023.jpg,1,470,Face2Face,FaceForensics++,faceforensics/Face2Face/470_468/000023.jpg,470,470|468,470_468,test,source_video_disjoint_v1,0.00022088793048169464,0.96705561876297,0.01935270056128502,c470
faceforensics/Face2Face/246_258/000019.jpg,1,246,Face2Face,FaceForensics++,faceforensics/Face2Face/246_258/000019.jpg,246,246|258,246_258,test,source_video_disjoint_v1,0.000300104875350371,0.942479133605957,0.028560815379023552,c246
faceforensics/Face2Face/719_737/000000.jpg,1,719,Face2Face,FaceForensics++,faceforensics/Face2Face/719_737/000000.jpg,719,719|737,719_737,test,source_video_disjoint_v1,0.00037927585071884096,0.9585877060890198,0.017169853672385216,c719
faceforensics/Face2Face/835_651/000018.jpg,1,835,Face2Face,FaceForensics++,faceforensics/Face2Face/835_651/000018.jpg,835,835|651,835_651,test,source_video_disjoint_v1,0.00039167507202364504,0.9436145424842834,0.02098062075674534,c835
faceforensics/Face2Face/737_719/000012.jpg,1,737,Face2Face,FaceForensics++,faceforensics/Face2Face/737_719/000012.jpg,737,737|719,737_719,test,source_video_disjoint_v1,0.0004865280061494559,0.9304203987121582,0.03939107805490494,c719
faceforensics/Face2Face/468_470/000000.jpg,1,468,Face2Face,FaceForensics++,faceforensics/Face2Face/468_470/000000.jpg,468,468|470,468_470,test,source_video_disjoint_v1,0.0002626077039167285,0.963476836681366,0.01613880693912506,c470
faceforensics/Face2Face/651_835/000016.jpg,1,651,Face2Face,FaceForensics++,faceforensics/Face2Face/651_835/000016.jpg,651,651|835,651_835,test,source_video_disjoint_v1,0.0005306623643264174,0.9131569862365723,0.027248607948422432,c835
faceforensics/Face2Face/258_246/000026.jpg,1,258,Face2Face,FaceForensics++,faceforensics/Face2Face/258_246/000026.jpg,258,258|246,258_246,test,source_video_disjoint_v1,0.0004553663602564484,0.9442641139030457,0.031131671741604805,c246
faceforensics/Face2Face/246_258/000010.jpg,1,246,Face2Face,FaceForensics++,faceforensics/Face2Face/246_258/000010.jpg,246,246|258,246_258,test,source_video_disjoint_v1,0.00024566208594478667,0.9499076008796692,0.024768108502030373,c246
faceforensics/Face2Face/719_737/000003.jpg,1,719,Face2Face,FaceForensics++,faceforensics/Face2Face/719_737/000003.jpg,719,719|737,719_737,test,source_video_disjoint_v1,0.00036988710053265095,0.9625388979911804,0.017240598797798157,c719
faceforensics/Face2Face/470_468/000006.jpg,1,470,Face2Face,FaceForensics++,faceforensics/Face2Face/470_468/000006.jpg,470,470|468,470_468,test,source_video_disjoint_v1,0.00020177413534838706,0.9723243713378906,0.015885619446635246,c470
faceforensics/Face2Face/835_651/000017.jpg,1,835,Face2Face,FaceForensics++,faceforensics/Face2Face/835_651/000017.jpg,835,835|651,835_651,test,source_video_disjoint_v1,0.0004371593240648508,0.9392328262329102,0.02144404500722885,c835
faceforensics/Face2Face/737_719/000024.jpg,1,737,Face2Face,FaceForensics++,faceforensics/Face2Face/737_719/000024.jpg,737,737|719,737_719,test,source_video_disjoint_v1,0.00035895031760446727,0.9474075436592102,0.03223276510834694,c719
faceforensics/Face2Face/468_470/000013.jpg,1,468,Face2Face,FaceForensics++,faceforensics/Face2Face/468_470/000013.jpg,468,468|470,468_470,test,source_video_disjoint_v1,0.0002649583329912275,0.9627050757408142,0.017617039382457733,c470
faceforensics/Face2Face/651_835/000006.jpg,1,651,Face2Face,FaceForensics++,faceforensics/Face2Face/651_835/000006.jpg,651,651|835,651_835,test,source_video_disjoint_v1,0.0004471347201615572,0.9250008463859558,0.024752896279096603,c835
faceforensics/Face2Face/258_246/000001.jpg,1,258,Face2Face,FaceForensics++,faceforensics/Face2Face/258_246/000001.jpg,258,258|246,258_246,test,source_video_disjoint_v1,0.0005611566011793911,0.9434568285942078,0.03307408094406128,c246
faceforensics/Face2Face/246_258/000025.jpg,1,246,Face2Face,FaceForensics++,faceforensics/Face2Face/246_258/000025.jpg,246,246|258,246_258,test,source_video_disjoint_v1,0.00030890872585587204,0.945532500743866,0.023398367688059807,c246
faceforensics/Face2Face/719_737/000025.jpg,1,719,Face2Face,FaceForensics++,faceforensics/Face2Face/719_737/000025.jpg,719,719|737,719_737,test,source_video_disjoint_v1,0.00036837506922893226,0.9625502228736877,0.01816081814467907,c719
faceforensics/Face2Face/470_468/000022.jpg,1,470,Face2Face,FaceForensics++,faceforensics/Face2Face/470_468/000022.jpg,470,470|468,470_468,test,source_video_disjoint_v1,0.00020588365441653877,0.9695073962211609,0.018321257084608078,c470
faceforensics/Face2Face/835_651/000011.jpg,1,835,Face2Face,FaceForensics++,faceforensics/Face2Face/835_651/000011.jpg,835,835|651,835_651,test,source_video_disjoint_v1,0.0004356956633273512,0.9377536177635193,0.018737226724624634,c835
faceforensics/Face2Face/737_719/000006.jpg,1,737,Face2Face,FaceForensics++,faceforensics/Face2Face/737_719/000006.jpg,737,737|719,737_719,test,source_video_disjoint_v1,0.00044333573896437883,0.9380683898925781,0.03412553295493126,c719
faceforensics/Face2Face/651_835/000000.jpg,1,651,Face2Face,FaceForensics++,faceforensics/Face2Face/651_835/000000.jpg,651,651|835,651_835,test,source_video_disjoint_v1,0.000397589523345232,0.9312370419502258,0.022279543802142143,c835
faceforensics/Face2Face/468_470/000007.jpg,1,468,Face2Face,FaceForensics++,faceforensics/Face2Face/468_470/000007.jpg,468,468|470,468_470,test,source_video_disjoint_v1,0.000256898783845827,0.9622418880462646,0.01570156030356884,c470
faceforensics/Face2Face/258_246/000005.jpg,1,258,Face2Face,FaceForensics++,faceforensics/Face2Face/258_246/000005.jpg,258,258|246,258_246,test,source_video_disjoint_v1,0.0005748553085140884,0.9387242197990417,0.03519311919808388,c246
faceforensics/Face2Face/246_258/000018.jpg,1,246,Face2Face,FaceForensics++,faceforensics/Face2Face/246_258/000018.jpg,246,246|258,246_258,test,source_video_disjoint_v1,0.00024037843104451895,0.9492850303649902,0.027640998363494873,c246
faceforensics/Face2Face/719_737/000006.jpg,1,719,Face2Face,FaceForensics++,faceforensics/Face2Face/719_737/000006.jpg,719,719|737,719_737,test,source_video_disjoint_v1,0.000367821630788967,0.9614889621734619,0.016237329691648483,c719
faceforensics/Face2Face/737_719/000027.jpg,1,737,Face2Face,FaceForensics++,faceforensics/Face2Face/737_719/000027.jpg,737,737|719,737_719,test,source_video_disjoint_v1,0.0004757941933348775,0.9325503706932068,0.03686977177858353,c719
faceforensics/Face2Face/835_651/000014.jpg,1,835,Face2Face,FaceForensics++,faceforensics/Face2Face/835_651/000014.jpg,835,835|651,835_651,test,source_video_disjoint_v1,0.0003707193536683917,0.9485662579536438,0.019565895199775696,c835
faceforensics/Face2Face/470_468/000025.jpg,1,470,Face2Face,FaceForensics++,faceforensics/Face2Face/470_468/000025.jpg,470,470|468,470_468,test,source_video_disjoint_v1,0.0001960328663699329,0.9711406826972961,0.01778699830174446,c470
faceforensics/Face2Face/468_470/000008.jpg,1,468,Face2Face,FaceForensics++,faceforensics/Face2Face/468_470/000008.jpg,468,468|470,468_470,test,source_video_disjoint_v1,0.00028238724917173386,0.9577364921569824,0.018046744167804718,c470
faceforensics/Face2Face/651_835/000004.jpg,1,651,Face2Face,FaceForensics++,faceforensics/Face2Face/651_835/000004.jpg,651,651|835,651_835,test,source_video_disjoint_v1,0.0005151573568582535,0.9179719090461731,0.025876594707369804,c835
faceforensics/Face2Face/258_246/000012.jpg,1,258,Face2Face,FaceForensics++,faceforensics/Face2Face/258_246/000012.jpg,258,258|246,258_246,test,source_video_disjoint_v1,0.0003582183562684804,0.9482951760292053,0.024061303585767746,c246
faceforensics/Face2Face/246_258/000016.jpg,1,246,Face2Face,FaceForensics++,faceforensics/Face2Face/246_258/000016.jpg,246,246|258,246_258,test,source_video_disjoint_v1,0.00028797739651054144,0.9379565119743347,0.02474013902246952,c246
faceforensics/Face2Face/719_737/000015.jpg,1,719,Face2Face,FaceForensics++,faceforensics/Face2Face/719_737/000015.jpg,719,719|737,719_737,test,source_video_disjoint_v1,0.0003579988842830062,0.9636206030845642,0.017617380246520042,c719
faceforensics/Face2Face/737_719/000013.jpg,1,737,Face2Face,FaceForensics++,faceforensics/Face2Face/737_719/000013.jpg,737,737|719,737_719,test,source_video_disjoint_v1,0.00047916205949150026,0.9288724064826965,0.03763985633850098,c719
faceforensics/Face2Face/835_651/000009.jpg,1,835,Face2Face,FaceForensics++,faceforensics/Face2Face/835_651/000009.jpg,835,835|651,835_651,test,source_video_disjoint_v1,0.0004254123487044126,0.9383752346038818,0.01968848891556263,c835
faceforensics/Face2Face/470_468/000005.jpg,1,470,Face2Face,FaceForensics++,faceforensics/Face2Face/470_468/000005.jpg,470,470|468,470_468,test,source_video_disjoint_v1,0.00019596051424741745,0.9716635346412659,0.02062653750181198,c470
faceforensics/Face2Face/468_470/000024.jpg,1,468,Face2Face,FaceForensics++,faceforensics/Face2Face/468_470/000024.jpg,468,468|470,468_470,test,source_video_disjoint_v1,0.00027036562096327543,0.9620504379272461,0.01627996191382408,c470
faceforensics/Face2Face/651_835/000022.jpg,1,651,Face2Face,FaceForensics++,faceforensics/Face2Face/651_835/000022.jpg,651,651|835,651_835,test,source_video_disjoint_v1,0.0004975245101377368,0.9219966530799866,0.02536696568131447,c835
faceforensics/Face2Face/258_246/000021.jpg,1,258,Face2Face,FaceForensics++,faceforensics/Face2Face/258_246/000021.jpg,258,258|246,258_246,test,source_video_disjoint_v1,0.0005716823507100344,0.9364010691642761,0.035769544541835785,c246
faceforensics/Face2Face/737_719/000029.jpg,1,737,Face2Face,FaceForensics++,faceforensics/Face2Face/737_719/000029.jpg,737,737|719,737_719,test,source_video_disjoint_v1,0.0003586644306778908,0.9481308460235596,0.03387432545423508,c719
faceforensics/Face2Face/470_468/000011.jpg,1,470,Face2Face,FaceForensics++,faceforensics/Face2Face/470_468/000011.jpg,470,470|468,470_468,test,source_video_disjoint_v1,0.0001896466128528118,0.9722644686698914,0.01931077241897583,c470
faceforensics/Face2Face/719_737/000027.jpg,1,719,Face2Face,FaceForensics++,faceforensics/Face2Face/719_737/000027.jpg,719,719|737,719_737,test,source_video_disjoint_v1,0.00038062952808104455,0.961535632610321,0.020208759233355522,c719
faceforensics/Face2Face/246_258/000029.jpg,1,246,Face2Face,FaceForensics++,faceforensics/Face2Face/246_258/000029.jpg,246,246|258,246_258,test,source_video_disjoint_v1,0.0002631070092320442,0.9449401497840881,0.02366960607469082,c246
faceforensics/Face2Face/468_470/000015.jpg,1,468,Face2Face,FaceForensics++,faceforensics/Face2Face/468_470/000015.jpg,468,468|470,468_470,test,source_video_disjoint_v1,0.0002639208978507668,0.9627146124839783,0.016334718093276024,c470
faceforensics/Face2Face/835_651/000002.jpg,1,835,Face2Face,FaceForensics++,faceforensics/Face2Face/835_651/000002.jpg,835,835|651,835_651,test,source_video_disjoint_v1,0.00042598796426318586,0.9398450255393982,0.019192339852452278,c835
faceforensics/Face2Face/651_835/000028.jpg,1,651,Face2Face,FaceForensics++,faceforensics/Face2Face/651_835/000028.jpg,651,651|835,651_835,test,source_video_disjoint_v1,0.0004404990468174219,0.9238654971122742,0.023608647286891937,c835
faceforensics/Face2Face/258_246/000011.jpg,1,258,Face2Face,FaceForensics++,faceforensics/Face2Face/258_246/000011.jpg,258,258|246,258_246,test,source_video_disjoint_v1,0.0004294953541830182,0.969135582447052,0.023794490844011307,c246
faceforensics/Face2Face/470_468/000018.jpg,1,470,Face2Face,FaceForensics++,faceforensics/Face2Face/470_468/000018.jpg,470,470|468,470_468,test,source_video_disjoint_v1,0.000194901367649436,0.970902681350708,0.021598216146230698,c470
faceforensics/Face2Face/737_719/000014.jpg,1,737,Face2Face,FaceForensics++,faceforensics/Face2Face/737_719/000014.jpg,737,737|719,737_719,test,source_video_disjoint_v1,0.00048128640628419816,0.9331812858581543,0.03600766509771347,c719
faceforensics/Face2Face/468_470/000022.jpg,1,468,Face2Face,FaceForensics++,faceforensics/Face2Face/468_470/000022.jpg,468,468|470,468_470,test,source_video_disjoint_v1,0.0002903767745010555,0.9586111903190613,0.01683167740702629,c470
faceforensics/Face2Face/246_258/000005.jpg,1,246,Face2Face,FaceForensics++,faceforensics/Face2Face/246_258/000005.jpg,246,246|258,246_258,test,source_video_disjoint_v1,0.0002440104290144518,0.948486328125,0.024913365021348,c246
faceforensics/Face2Face/719_737/000014.jpg,1,719,Face2Face,FaceForensics++,faceforensics/Face2Face/719_737/000014.jpg,719,719|737,719_737,test,source_video_disjoint_v1,0.0003601289354264736,0.9626633524894714,0.020656254142522812,c719
faceforensics/Face2Face/835_651/000013.jpg,1,835,Face2Face,FaceForensics++,faceforensics/Face2Face/835_651/000013.jpg,835,835|651,835_651,test,source_video_disjoint_v1,0.00030530805815942585,0.9511645436286926,0.017952129244804382,c835
faceforensics/Face2Face/651_835/000017.jpg,1,651,Face2Face,FaceForensics++,faceforensics/Face2Face/651_835/000017.jpg,651,651|835,651_835,test,source_video_disjoint_v1,0.0004752114473376423,0.9163760542869568,0.029383890330791473,c835
faceforensics/Face2Face/258_246/000016.jpg,1,258,Face2Face,FaceForensics++,faceforensics/Face2Face/258_246/000016.jpg,258,258|246,258_246,test,source_video_disjoint_v1,0.000485782977193594,0.9411680102348328,0.03212231397628784,c246
faceforensics/Face2Face/470_468/000027.jpg,1,470,Face2Face,FaceForensics++,faceforensics/Face2Face/470_468/000027.jpg,470,470|468,470_468,test,source_video_disjoint_v1,0.0002019962266786024,0.9705994129180908,0.01622091978788376,c470
faceforensics/Face2Face/719_737/000009.jpg,1,719,Face2Face,FaceForensics++,faceforensics/Face2Face/719_737/000009.jpg,719,719|737,719_737,test,source_video_disjoint_v1,0.0004352123069111258,0.9558291435241699,0.01981530338525772,c719
faceforensics/Face2Face/468_470/000005.jpg,1,468,Face2Face,FaceForensics++,faceforensics/Face2Face/468_470/000005.jpg,468,468|470,468_470,test,source_video_disjoint_v1,0.00024163514899555594,0.9644813537597656,0.015397699549794197,c470
faceforensics/Face2Face/737_719/000028.jpg,1,737,Face2Face,FaceForensics++,faceforensics/Face2Face/737_719/000028.jpg,737,737|719,737_719,test,source_video_disjoint_v1,0.0004178436938673258,0.9414281845092773,0.03010415844619274,c719
faceforensics/Face2Face/246_258/000012.jpg,1,246,Face2Face,FaceForensics++,faceforensics/Face2Face/246_258/000012.jpg,246,246|258,246_258,test,source_video_disjoint_v1,0.0002829544828273356,0.9405465722084045,0.02582249417901039,c246
faceforensics/Face2Face/651_835/000026.jpg,1,651,Face2Face,FaceForensics++,faceforensics/Face2Face/651_835/000026.jpg,651,651|835,651_835,test,source_video_disjoint_v1,0.0004716486146207899,0.9249851107597351,0.025027120485901833,c835
faceforensics/Face2Face/835_651/000021.jpg,1,835,Face2Face,FaceForensics++,faceforensics/Face2Face/835_651/000021.jpg,835,835|651,835_651,test,source_video_disjoint_v1,0.00039074892993085086,0.9455206990242004,0.0204221922904253,c835
faceforensics/Face2Face/258_246/000006.jpg,1,258,Face2Face,FaceForensics++,faceforensics/Face2Face/258_246/000006.jpg,258,258|246,258_246,test,source_video_disjoint_v1,0.0005125111201778054,0.9412373900413513,0.030311275273561478,c246
faceforensics/Face2Face/470_468/000021.jpg,1,470,Face2Face,FaceForensics++,faceforensics/Face2Face/470_468/000021.jpg,470,470|468,470_468,test,source_video_disjoint_v1,0.0001980417873710394,0.9715249538421631,0.017799900844693184,c470
faceforensics/Face2Face/246_258/000028.jpg,1,246,Face2Face,FaceForensics++,faceforensics/Face2Face/246_258/000028.jpg,246,246|258,246_258,test,source_video_disjoint_v1,0.00026528441230766475,0.9442880749702454,0.025932805612683296,c246
faceforensics/Face2Face/719_737/000011.jpg,1,719,Face2Face,FaceForensics++,faceforensics/Face2Face/719_737/000011.jpg,719,719|737,719_737,test,source_video_disjoint_v1,0.00037588950362987816,0.9609165787696838,0.016709374263882637,c719
faceforensics/Face2Face/737_719/000010.jpg,1,737,Face2Face,FaceForensics++,faceforensics/Face2Face/737_719/000010.jpg,737,737|719,737_719,test,source_video_disjoint_v1,0.0004085565742570907,0.9425066113471985,0.03628302738070488,c719
faceforensics/Face2Face/468_470/000016.jpg,1,468,Face2Face,FaceForensics++,faceforensics/Face2Face/468_470/000016.jpg,468,468|470,468_470,test,source_video_disjoint_v1,0.00026022663223557174,0.9634904861450195,0.01671196147799492,c470
faceforensics/Face2Face/651_835/000021.jpg,1,651,Face2Face,FaceForensics++,faceforensics/Face2Face/651_835/000021.jpg,651,651|835,651_835,test,source_video_disjoint_v1,0.0005352183943614364,0.9165425896644592,0.024702664464712143,c835
faceforensics/Face2Face/835_651/000005.jpg,1,835,Face2Face,FaceForensics++,faceforensics/Face2Face/835_651/000005.jpg,835,835|651,835_651,test,source_video_disjoint_v1,0.00046064521302469075,0.9337521195411682,0.02017991989850998,c835
faceforensics/Face2Face/258_246/000003.jpg,1,258,Face2Face,FaceForensics++,faceforensics/Face2Face/258_246/000003.jpg,258,258|246,258_246,test,source_video_disjoint_v1,0.0005068422178737819,0.9413012862205505,0.03373628482222557,c246
faceforensics/Face2Face/470_468/000007.jpg,1,470,Face2Face,FaceForensics++,faceforensics/Face2Face/470_468/000007.jpg,470,470|468,470_468,test,source_video_disjoint_v1,0.00019399046141188592,0.9718940258026123,0.0183290783315897,c470
faceforensics/Face2Face/719_737/000012.jpg,1,719,Face2Face,FaceForensics++,faceforensics/Face2Face/719_737/000012.jpg,719,719|737,719_737,test,source_video_disjoint_v1,0.0003922379110008478,0.9610694050788879,0.01773877441883087,c719
faceforensics/Face2Face/468_470/000018.jpg,1,468,Face2Face,FaceForensics++,faceforensics/Face2Face/468_470/000018.jpg,468,468|470,468_470,test,source_video_disjoint_v1,0.00026814741431735456,0.9610175490379333,0.019063835963606834,c470
faceforensics/Face2Face/246_258/000026.jpg,1,246,Face2Face,FaceForensics++,faceforensics/Face2Face/246_258/000026.jpg,246,246|258,246_258,test,source_video_disjoint_v1,0.00027276852051727474,0.9466716647148132,0.02447526529431343,c246
faceforensics/Face2Face/835_651/000028.jpg,1,835,Face2Face,FaceForensics++,faceforensics/Face2Face/835_651/000028.jpg,835,835|651,835_651,test,source_video_disjoint_v1,0.0003859948774334043,0.9412681460380554,0.019476434215903282,c835
faceforensics/Face2Face/651_835/000012.jpg,1,651,Face2Face,FaceForensics++,faceforensics/Face2Face/651_835/000012.jpg,651,651|835,651_835,test,source_video_disjoint_v1,0.0005077350069768727,0.9170930981636047,0.02295614592730999,c835
faceforensics/Face2Face/737_719/000016.jpg,1,737,Face2Face,FaceForensics++,faceforensics/Face2Face/737_719/000016.jpg,737,737|719,737_719,test,source_video_disjoint_v1,0.0004368728550616652,0.9368302822113037,0.0385417640209198,c719
faceforensics/Face2Face/258_246/000002.jpg,1,258,Face2Face,FaceForensics++,faceforensics/Face2Face/258_246/000002.jpg,258,258|246,258_246,test,source_video_disjoint_v1,0.00044460128992795944,0.9471427798271179,0.03616829589009285,c246
faceforensics/Face2Face/246_258/000000.jpg,1,246,Face2Face,FaceForensics++,faceforensics/Face2Face/246_258/000000.jpg,246,246|258,246_258,test,source_video_disjoint_v1,0.0002677941520232707,0.9448022842407227,0.028893060982227325,c246
faceforensics/Face2Face/468_470/000017.jpg,1,468,Face2Face,FaceForensics++,faceforensics/Face2Face/468_470/000017.jpg,468,468|470,468_470,test,source_video_disjoint_v1,0.0003225936961825937,0.9574341773986816,0.020762315019965172,c470
faceforensics/Face2Face/470_468/000010.jpg,1,470,Face2Face,FaceForensics++,faceforensics/Face2Face/470_468/000010.jpg,470,470|468,470_468,test,source_video_disjoint_v1,0.00020057102665305138,0.9684395790100098,0.019332561641931534,c470
faceforensics/Face2Face/651_835/000024.jpg,1,651,Face2Face,FaceForensics++,faceforensics/Face2Face/651_835/000024.jpg,651,651|835,651_835,test,source_video_disjoint_v1,0.0004504263342823833,0.9242870211601257,0.021707378327846527,c835
faceforensics/Face2Face/719_737/000023.jpg,1,719,Face2Face,FaceForensics++,faceforensics/Face2Face/719_737/000023.jpg,719,719|737,719_737,test,source_video_disjoint_v1,0.0003735565987881273,0.9608773589134216,0.01573004573583603,c719
faceforensics/Face2Face/835_651/000024.jpg,1,835,Face2Face,FaceForensics++,faceforensics/Face2Face/835_651/000024.jpg,835,835|651,835_651,test,source_video_disjoint_v1,0.0003928820660803467,0.9419401288032532,0.021057253703475,c835
faceforensics/Face2Face/737_719/000000.jpg,1,737,Face2Face,FaceForensics++,faceforensics/Face2Face/737_719/000000.jpg,737,737|719,737_719,test,source_video_disjoint_v1,0.00048452839837409556,0.9356277585029602,0.03931482881307602,c719
faceforensics/Face2Face/258_246/000014.jpg,1,258,Face2Face,FaceForensics++,faceforensics/Face2Face/258_246/000014.jpg,258,258|246,258_246,test,source_video_disjoint_v1,0.0004957181517966092,0.939287006855011,0.032958291471004486,c246
faceforensics/FaceSwap/246_258/000024.jpg,1,246,FaceSwap,FaceForensics++,faceforensics/FaceSwap/246_258/000024.jpg,246,246|258,246_258,test,source_video_disjoint_v1,0.00031171413138508797,0.9491817355155945,0.019251946359872818,c246
faceforensics/FaceSwap/470_468/000003.jpg,1,470,FaceSwap,FaceForensics++,faceforensics/FaceSwap/470_468/000003.jpg,470,470|468,470_468,test,source_video_disjoint_v1,0.00018428386829327792,0.9708496928215027,0.015637971460819244,c470
faceforensics/FaceSwap/719_737/000022.jpg,1,719,FaceSwap,FaceForensics++,faceforensics/FaceSwap/719_737/000022.jpg,719,719|737,719_737,test,source_video_disjoint_v1,0.00048294218140654266,0.9529097080230713,0.019165124744176865,c719
faceforensics/FaceSwap/835_651/000023.jpg,1,835,FaceSwap,FaceForensics++,faceforensics/FaceSwap/835_651/000023.jpg,835,835|651,835_651,test,source_video_disjoint_v1,0.000386237254133448,0.9466290473937988,0.01777702011168003,c835
faceforensics/FaceSwap/468_470/000026.jpg,1,468,FaceSwap,FaceForensics++,faceforensics/FaceSwap/468_470/000026.jpg,468,468|470,468_470,test,source_video_disjoint_v1,0.0002793736639432609,0.9603366851806641,0.018407084047794342,c470
faceforensics/FaceSwap/651_835/000023.jpg,1,651,FaceSwap,FaceForensics++,faceforensics/FaceSwap/651_835/000023.jpg,651,651|835,651_835,test,source_video_disjoint_v1,0.0004367324581835419,0.9271903038024902,0.02277149260044098,c835
faceforensics/FaceSwap/258_246/000015.jpg,1,258,FaceSwap,FaceForensics++,faceforensics/FaceSwap/258_246/000015.jpg,258,258|246,258_246,test,source_video_disjoint_v1,0.0005608559004031122,0.9362495541572571,0.03529094532132149,c246
faceforensics/FaceSwap/737_719/000026.jpg,1,737,FaceSwap,FaceForensics++,faceforensics/FaceSwap/737_719/000026.jpg,737,737|719,737_719,test,source_video_disjoint_v1,0.00034641148522496223,0.944977343082428,0.028901394456624985,c719
faceforensics/FaceSwap/246_258/000006.jpg,1,246,FaceSwap,FaceForensics++,faceforensics/FaceSwap/246_258/000006.jpg,246,246|258,246_258,test,source_video_disjoint_v1,0.0003516692959237844,0.9406821131706238,0.02863164059817791,c246
faceforensics/FaceSwap/470_468/000019.jpg,1,470,FaceSwap,FaceForensics++,faceforensics/FaceSwap/470_468/000019.jpg,470,470|468,470_468,test,source_video_disjoint_v1,0.00020690227393060923,0.9697790145874023,0.016857555136084557,c470
faceforensics/FaceSwap/719_737/000018.jpg,1,719,FaceSwap,FaceForensics++,faceforensics/FaceSwap/719_737/000018.jpg,719,719|737,719_737,test,source_video_disjoint_v1,0.0005172084202058613,0.9490506052970886,0.02136569656431675,c719
faceforensics/FaceSwap/835_651/000020.jpg,1,835,FaceSwap,FaceForensics++,faceforensics/FaceSwap/835_651/000020.jpg,835,835|651,835_651,test,source_video_disjoint_v1,0.00037018980947323143,0.9447943568229675,0.020395351573824883,c835
faceforensics/FaceSwap/737_719/000005.jpg,1,737,FaceSwap,FaceForensics++,faceforensics/FaceSwap/737_719/000005.jpg,737,737|719,737_719,test,source_video_disjoint_v1,0.00036809485754929483,0.9461968541145325,0.027785779908299446,c719
faceforensics/FaceSwap/651_835/000005.jpg,1,651,FaceSwap,FaceForensics++,faceforensics/FaceSwap/651_835/000005.jpg,651,651|835,651_835,test,source_video_disjoint_v1,0.0005017993971705437,0.9228788018226624,0.024151742458343506,c835
faceforensics/FaceSwap/258_246/000000.jpg,1,258,FaceSwap,FaceForensics++,faceforensics/FaceSwap/258_246/000000.jpg,258,258|246,258_246,test,source_video_disjoint_v1,0.0006037180428393185,0.9415448307991028,0.030679207295179367,c246
faceforensics/FaceSwap/468_470/000009.jpg,1,468,FaceSwap,FaceForensics++,faceforensics/FaceSwap/468_470/000009.jpg,468,468|470,468_470,test,source_video_disjoint_v1,0.00023099205282051116,0.9635642170906067,0.013856672681868076,c470
faceforensics/FaceSwap/470_468/000014.jpg,1,470,FaceSwap,FaceForensics++,faceforensics/FaceSwap/470_468/000014.jpg,470,470|468,470_468,test,source_video_disjoint_v1,0.00022333486413117498,0.9676817059516907,0.020718293264508247,c470
faceforensics/FaceSwap/246_258/000009.jpg,1,246,FaceSwap,FaceForensics++,faceforensics/FaceSwap/246_258/000009.jpg,246,246|258,246_258,test,source_video_disjoint_v1,0.0002729227708186954,0.9551185965538025,0.02343634143471718,c246
faceforensics/FaceSwap/719_737/000002.jpg,1,719,FaceSwap,FaceForensics++,faceforensics/FaceSwap/719_737/000002.jpg,719,719|737,719_737,test,source_video_disjoint_v1,0.0004390006943140179,0.955859363079071,0.02044988051056862,c719
faceforensics/FaceSwap/651_835/000007.jpg,1,651,FaceSwap,FaceForensics++,faceforensics/FaceSwap/651_835/000007.jpg,651,651|835,651_835,test,source_video_disjoint_v1,0.0005383733077906072,0.9231548309326172,0.024288829416036606,c835
faceforensics/FaceSwap/835_651/000025.jpg,1,835,FaceSwap,FaceForensics++,faceforensics/FaceSwap/835_651/000025.jpg,835,835|651,835_651,test,source_video_disjoint_v1,0.000383186707040295,0.9398820996284485,0.019815215840935707,c835
faceforensics/FaceSwap/737_719/000021.jpg,1,737,FaceSwap,FaceForensics++,faceforensics/FaceSwap/737_719/000021.jpg,737,737|719,737_719,test,source_video_disjoint_v1,0.0003447337949182838,0.945117175579071,0.027674145996570587,c719
faceforensics/FaceSwap/258_246/000025.jpg,1,258,FaceSwap,FaceForensics++,faceforensics/FaceSwap/258_246/000025.jpg,258,258|246,258_246,test,source_video_disjoint_v1,0.0005234687705524266,0.9419935345649719,0.03832389414310455,c246
faceforensics/FaceSwap/468_470/000019.jpg,1,468,FaceSwap,FaceForensics++,faceforensics/FaceSwap/468_470/000019.jpg,468,468|470,468_470,test,source_video_disjoint_v1,0.0002555135579314083,0.9602939486503601,0.016261141747236252,c470
faceforensics/FaceSwap/470_468/000024.jpg,1,470,FaceSwap,FaceForensics++,faceforensics/FaceSwap/470_468/000024.jpg,470,470|468,470_468,test,source_video_disjoint_v1,0.00021793476480524987,0.96823650598526,0.01768544502556324,c470
faceforensics/FaceSwap/246_258/000015.jpg,1,246,FaceSwap,FaceForensics++,faceforensics/FaceSwap/246_258/000015.jpg,246,246|258,246_258,test,source_video_disjoint_v1,0.00039695922168903053,0.9379834532737732,0.030464960262179375,c246
faceforensics/FaceSwap/719_737/000026.jpg,1,719,FaceSwap,FaceForensics++,faceforensics/FaceSwap/719_737/000026.jpg,719,719|737,719_737,test,source_video_disjoint_v1,0.0004514250031206757,0.9530507922172546,0.02142154797911644,c719
faceforensics/FaceSwap/835_651/000027.jpg,1,835,FaceSwap,FaceForensics++,faceforensics/FaceSwap/835_651/000027.jpg,835,835|651,835_651,test,source_video_disjoint_v1,0.0003816690295934677,0.9430705904960632,0.02001330442726612,c835
faceforensics/FaceSwap/737_719/000002.jpg,1,737,FaceSwap,FaceForensics++,faceforensics/FaceSwap/737_719/000002.jpg,737,737|719,737_719,test,source_video_disjoint_v1,0.00037619913928210735,0.9459695219993591,0.029570918530225754,c719
faceforensics/FaceSwap/468_470/000006.jpg,1,468,FaceSwap,FaceForensics++,faceforensics/FaceSwap/468_470/000006.jpg,468,468|470,468_470,test,source_video_disjoint_v1,0.0002488772151991725,0.9633879661560059,0.01628846302628517,c470
faceforensics/FaceSwap/258_246/000008.jpg,1,258,FaceSwap,FaceForensics++,faceforensics/FaceSwap/258_246/000008.jpg,258,258|246,258_246,test,source_video_disjoint_v1,0.000638758298009634,0.9362476468086243,0.036121901124715805,c246
faceforensics/FaceSwap/651_835/000019.jpg,1,651,FaceSwap,FaceForensics++,faceforensics/FaceSwap/651_835/000019.jpg,651,651|835,651_835,test,source_video_disjoint_v1,0.00052430055802688,0.9133680462837219,0.025827933102846146,c835
faceforensics/FaceSwap/470_468/000023.jpg,1,470,FaceSwap,FaceForensics++,faceforensics/FaceSwap/470_468/000023.jpg,470,470|468,470_468,test,source_video_disjoint_v1,0.000231974758207798,0.9657609462738037,0.02065782994031906,c470
faceforensics/FaceSwap/246_258/000019.jpg,1,246,FaceSwap,FaceForensics++,faceforensics/FaceSwap/246_258/000019.jpg,246,246|258,246_258,test,source_video_disjoint_v1,0.00034967876854352653,0.9427523612976074,0.027139265090227127,c246
faceforensics/FaceSwap/719_737/000000.jpg,1,719,FaceSwap,FaceForensics++,faceforensics/FaceSwap/719_737/000000.jpg,719,719|737,719_737,test,source_video_disjoint_v1,0.0004995358758606017,0.9508745074272156,0.01992180198431015,c719
faceforensics/FaceSwap/835_651/000018.jpg,1,835,FaceSwap,FaceForensics++,faceforensics/FaceSwap/835_651/000018.jpg,835,835|651,835_651,test,source_video_disjoint_v1,0.00038870974094606936,0.942142903804779,0.01911114901304245,c835
faceforensics/FaceSwap/737_719/000012.jpg,1,737,FaceSwap,FaceForensics++,faceforensics/FaceSwap/737_719/000012.jpg,737,737|719,737_719,test,source_video_disjoint_v1,0.00045222436892800033,0.9329898953437805,0.03314920514822006,c719
faceforensics/FaceSwap/468_470/000000.jpg,1,468,FaceSwap,FaceForensics++,faceforensics/FaceSwap/468_470/000000.jpg,468,468|470,468_470,test,source_video_disjoint_v1,0.00024471915094181895,0.9647049307823181,0.014983231201767921,c470
faceforensics/FaceSwap/651_835/000016.jpg,1,651,FaceSwap,FaceForensics++,faceforensics/FaceSwap/651_835/000016.jpg,651,651|835,651_835,test,source_video_disjoint_v1,0.0004548767756205052,0.9279411435127258,0.02338230237364769,c835
faceforensics/FaceSwap/258_246/000026.jpg,1,258,FaceSwap,FaceForensics++,faceforensics/FaceSwap/258_246/000026.jpg,258,258|246,258_246,test,source_video_disjoint_v1,0.0004935456090606749,0.941251277923584,0.030043836683034897,c246
faceforensics/FaceSwap/246_258/000010.jpg,1,246,FaceSwap,FaceForensics++,faceforensics/FaceSwap/246_258/000010.jpg,246,246|258,246_258,test,source_video_disjoint_v1,0.0002945326850749552,0.9498443007469177,0.024176103994250298,c246
faceforensics/FaceSwap/719_737/000003.jpg,1,719,FaceSwap,FaceForensics++,faceforensics/FaceSwap/719_737/000003.jpg,719,719|737,719_737,test,source_video_disjoint_v1,0.0003950159589294344,0.9575502872467041,0.01780572161078453,c719
faceforensics/FaceSwap/470_468/000006.jpg,1,470,FaceSwap,FaceForensics++,faceforensics/FaceSwap/470_468/000006.jpg,470,470|468,470_468,test,source_video_disjoint_v1,0.0002140307187801227,0.9684076309204102,0.02017202414572239,c470
faceforensics/FaceSwap/835_651/000017.jpg,1,835,FaceSwap,FaceForensics++,faceforensics/FaceSwap/835_651/000017.jpg,835,835|651,835_651,test,source_video_disjoint_v1,0.00041337506263516843,0.939288318157196,0.019505273550748825,c835
faceforensics/FaceSwap/737_719/000024.jpg,1,737,FaceSwap,FaceForensics++,faceforensics/FaceSwap/737_719/000024.jpg,737,737|719,737_719,test,source_video_disjoint_v1,0.0003626900725066662,0.9404337406158447,0.026953749358654022,c719
faceforensics/FaceSwap/468_470/000013.jpg,1,468,FaceSwap,FaceForensics++,faceforensics/FaceSwap/468_470/000013.jpg,468,468|470,468_470,test,source_video_disjoint_v1,0.00027001832495443523,0.9617363810539246,0.01715775951743126,c470
faceforensics/FaceSwap/651_835/000006.jpg,1,651,FaceSwap,FaceForensics++,faceforensics/FaceSwap/651_835/000006.jpg,651,651|835,651_835,test,source_video_disjoint_v1,0.0005186114576645195,0.9181053638458252,0.02676212415099144,c835
faceforensics/FaceSwap/258_246/000001.jpg,1,258,FaceSwap,FaceForensics++,faceforensics/FaceSwap/258_246/000001.jpg,258,258|246,258_246,test,source_video_disjoint_v1,0.0005665002390742302,0.9446385502815247,0.03682895749807358,c246
faceforensics/FaceSwap/246_258/000025.jpg,1,246,FaceSwap,FaceForensics++,faceforensics/FaceSwap/246_258/000025.jpg,246,246|258,246_258,test,source_video_disjoint_v1,0.00034484220668673515,0.9466535449028015,0.021541252732276917,c246
faceforensics/FaceSwap/719_737/000025.jpg,1,719,FaceSwap,FaceForensics++,faceforensics/FaceSwap/719_737/000025.jpg,719,719|737,719_737,test,source_video_disjoint_v1,0.00047969669685699046,0.9521245956420898,0.019407741725444794,c719
faceforensics/FaceSwap/470_468/000022.jpg,1,470,FaceSwap,FaceForensics++,faceforensics/FaceSwap/470_468/000022.jpg,470,470|468,470_468,test,source_video_disjoint_v1,0.0002317283215234056,0.9675523638725281,0.02051755227148533,c470
faceforensics/FaceSwap/835_651/000011.jpg,1,835,FaceSwap,FaceForensics++,faceforensics/FaceSwap/835_651/000011.jpg,835,835|651,835_651,test,source_video_disjoint_v1,0.00040136484312824905,0.9377090334892273,0.01944403350353241,c835
faceforensics/FaceSwap/737_719/000006.jpg,1,737,FaceSwap,FaceForensics++,faceforensics/FaceSwap/737_719/000006.jpg,737,737|719,737_719,test,source_video_disjoint_v1,0.0004113032191526145,0.9380712509155273,0.03141724690794945,c719
faceforensics/FaceSwap/651_835/000000.jpg,1,651,FaceSwap,FaceForensics++,faceforensics/FaceSwap/651_835/000000.jpg,651,651|835,651_835,test,source_video_disjoint_v1,0.00043393243686296046,0.9262093901634216,0.024717256426811218,c835
faceforensics/FaceSwap/468_470/000007.jpg,1,468,FaceSwap,FaceForensics++,faceforensics/FaceSwap/468_470/000007.jpg,468,468|470,468_470,test,source_video_disjoint_v1,0.00022939901100471616,0.9639076590538025,0.014970236457884312,c470
faceforensics/FaceSwap/258_246/000005.jpg,1,258,FaceSwap,FaceForensics++,faceforensics/FaceSwap/258_246/000005.jpg,258,258|246,258_246,test,source_video_disjoint_v1,0.0008700063917785883,0.9549885392189026,0.026596585288643837,c246
faceforensics/FaceSwap/246_258/000018.jpg,1,246,FaceSwap,FaceForensics++,faceforensics/FaceSwap/246_258/000018.jpg,246,246|258,246_258,test,source_video_disjoint_v1,0.00032081129029393196,0.947921097278595,0.026144661009311676,c246
faceforensics/FaceSwap/719_737/000006.jpg,1,719,FaceSwap,FaceForensics++,faceforensics/FaceSwap/719_737/000006.jpg,719,719|737,719_737,test,source_video_disjoint_v1,0.00047873854055069387,0.9535767436027527,0.02160242199897766,c719
faceforensics/FaceSwap/737_719/000027.jpg,1,737,FaceSwap,FaceForensics++,faceforensics/FaceSwap/737_719/000027.jpg,737,737|719,737_719,test,source_video_disjoint_v1,0.00032438442576676607,0.9495985507965088,0.027313627302646637,c719
faceforensics/FaceSwap/835_651/000014.jpg,1,835,FaceSwap,FaceForensics++,faceforensics/FaceSwap/835_651/000014.jpg,835,835|651,835_651,test,source_video_disjoint_v1,0.00036662028287537396,0.9480929970741272,0.01799233816564083,c835
faceforensics/FaceSwap/470_468/000025.jpg,1,470,FaceSwap,FaceForensics++,faceforensics/FaceSwap/470_468/000025.jpg,470,470|468,470_468,test,source_video_disjoint_v1,0.00021577566803898662,0.9686431288719177,0.022374901920557022,c470
faceforensics/FaceSwap/468_470/000008.jpg,1,468,FaceSwap,FaceForensics++,faceforensics/FaceSwap/468_470/000008.jpg,468,468|470,468_470,test,source_video_disjoint_v1,0.00024402793496847153,0.9653474688529968,0.015082494355738163,c470
faceforensics/FaceSwap/651_835/000004.jpg,1,651,FaceSwap,FaceForensics++,faceforensics/FaceSwap/651_835/000004.jpg,651,651|835,651_835,test,source_video_disjoint_v1,0.00051609001820907,0.9200822710990906,0.02542058192193508,c835
faceforensics/FaceSwap/258_246/000012.jpg,1,258,FaceSwap,FaceForensics++,faceforensics/FaceSwap/258_246/000012.jpg,258,258|246,258_246,test,source_video_disjoint_v1,0.0004178976232651621,0.9425984025001526,0.029243104159832,c246
faceforensics/FaceSwap/246_258/000016.jpg,1,246,FaceSwap,FaceForensics++,faceforensics/FaceSwap/246_258/000016.jpg,246,246|258,246_258,test,source_video_disjoint_v1,0.00034118001349270344,0.9416452050209045,0.024621080607175827,c246
faceforensics/FaceSwap/719_737/000015.jpg,1,719,FaceSwap,FaceForensics++,faceforensics/FaceSwap/719_737/000015.jpg,719,719|737,719_737,test,source_video_disjoint_v1,0.00046364369336515665,0.9543539881706238,0.019935112446546555,c719
faceforensics/FaceSwap/737_719/000013.jpg,1,737,FaceSwap,FaceForensics++,faceforensics/FaceSwap/737_719/000013.jpg,737,737|719,737_719,test,source_video_disjoint_v1,0.0003802546125371009,0.940204381942749,0.02781621553003788,c719
faceforensics/FaceSwap/835_651/000009.jpg,1,835,FaceSwap,FaceForensics++,faceforensics/FaceSwap/835_651/000009.jpg,835,835|651,835_651,test,source_video_disjoint_v1,0.0004220955597702414,0.9365265965461731,0.01999002695083618,c835
faceforensics/FaceSwap/470_468/000005.jpg,1,470,FaceSwap,FaceForensics++,faceforensics/FaceSwap/470_468/000005.jpg,470,470|468,470_468,test,source_video_disjoint_v1,0.00023399037308990955,0.9676473140716553,0.02333221584558487,c470
faceforensics/FaceSwap/468_470/000024.jpg,1,468,FaceSwap,FaceForensics++,faceforensics/FaceSwap/468_470/000024.jpg,468,468|470,468_470,test,source_video_disjoint_v1,0.0002833610342349857,0.9600391387939453,0.01811683364212513,c470
faceforensics/FaceSwap/651_835/000022.jpg,1,651,FaceSwap,FaceForensics++,faceforensics/FaceSwap/651_835/000022.jpg,651,651|835,651_835,test,source_video_disjoint_v1,0.00047476464533247054,0.9278423190116882,0.026185888797044754,c835
faceforensics/FaceSwap/258_246/000021.jpg,1,258,FaceSwap,FaceForensics++,faceforensics/FaceSwap/258_246/000021.jpg,258,258|246,258_246,test,source_video_disjoint_v1,0.0004438853356987238,0.9418107867240906,0.029960663989186287,c246
faceforensics/FaceSwap/737_719/000029.jpg,1,737,FaceSwap,FaceForensics++,faceforensics/FaceSwap/737_719/000029.jpg,737,737|719,737_719,test,source_video_disjoint_v1,0.00037729114410467446,0.9439859390258789,0.02737399749457836,c719
faceforensics/FaceSwap/470_468/000011.jpg,1,470,FaceSwap,FaceForensics++,faceforensics/FaceSwap/470_468/000011.jpg,470,470|468,470_468,test,source_video_disjoint_v1,0.0002107167529175058,0.9705185294151306,0.018169552087783813,c470
faceforensics/FaceSwap/719_737/000027.jpg,1,719,FaceSwap,FaceForensics++,faceforensics/FaceSwap/719_737/000027.jpg,719,719|737,719_737,test,source_video_disjoint_v1,0.0004745129554066807,0.9544999003410339,0.019630569964647293,c719
faceforensics/FaceSwap/246_258/000029.jpg,1,246,FaceSwap,FaceForensics++,faceforensics/FaceSwap/246_258/000029.jpg,246,246|258,246_258,test,source_video_disjoint_v1,0.0002478637034073472,0.951632559299469,0.02753637731075287,c246
faceforensics/FaceSwap/468_470/000015.jpg,1,468,FaceSwap,FaceForensics++,faceforensics/FaceSwap/468_470/000015.jpg,468,468|470,468_470,test,source_video_disjoint_v1,0.0002466764417476952,0.9618521332740784,0.017161354422569275,c470
faceforensics/FaceSwap/835_651/000002.jpg,1,835,FaceSwap,FaceForensics++,faceforensics/FaceSwap/835_651/000002.jpg,835,835|651,835_651,test,source_video_disjoint_v1,0.0004500592185650021,0.9368677139282227,0.022651545703411102,c835
faceforensics/FaceSwap/651_835/000028.jpg,1,651,FaceSwap,FaceForensics++,faceforensics/FaceSwap/651_835/000028.jpg,651,651|835,651_835,test,source_video_disjoint_v1,0.00045011649490334094,0.9233271479606628,0.022958360612392426,c835
faceforensics/FaceSwap/258_246/000011.jpg,1,258,FaceSwap,FaceForensics++,faceforensics/FaceSwap/258_246/000011.jpg,258,258|246,258_246,test,source_video_disjoint_v1,0.0004968158318661153,0.9676892161369324,0.022589318454265594,c246
faceforensics/FaceSwap/470_468/000018.jpg,1,470,FaceSwap,FaceForensics++,faceforensics/FaceSwap/470_468/000018.jpg,470,470|468,470_468,test,source_video_disjoint_v1,0.0002204567426815629,0.9688038229942322,0.019888196140527725,c470
faceforensics/FaceSwap/737_719/000014.jpg,1,737,FaceSwap,FaceForensics++,faceforensics/FaceSwap/737_719/000014.jpg,737,737|719,737_719,test,source_video_disjoint_v1,0.0004316398117225617,0.9352681040763855,0.033586788922548294,c719
faceforensics/FaceSwap/468_470/000022.jpg,1,468,FaceSwap,FaceForensics++,faceforensics/FaceSwap/468_470/000022.jpg,468,468|470,468_470,test,source_video_disjoint_v1,0.000209759920835495,0.9650077223777771,0.014142918400466442,c470
faceforensics/FaceSwap/246_258/000005.jpg,1,246,FaceSwap,FaceForensics++,faceforensics/FaceSwap/246_258/000005.jpg,246,246|258,246_258,test,source_video_disjoint_v1,0.0003055282577406615,0.9440373778343201,0.024913322180509567,c246
faceforensics/FaceSwap/719_737/000014.jpg,1,719,FaceSwap,FaceForensics++,faceforensics/FaceSwap/719_737/000014.jpg,719,719|737,719_737,test,source_video_disjoint_v1,0.00045878542005084455,0.9537788033485413,0.021685689687728882,c719
faceforensics/FaceSwap/835_651/000013.jpg,1,835,FaceSwap,FaceForensics++,faceforensics/FaceSwap/835_651/000013.jpg,835,835|651,835_651,test,source_video_disjoint_v1,0.00027667757240124047,0.9548934102058411,0.0185549259185791,c835
faceforensics/FaceSwap/651_835/000017.jpg,1,651,FaceSwap,FaceForensics++,faceforensics/FaceSwap/651_835/000017.jpg,651,651|835,651_835,test,source_video_disjoint_v1,0.0005222847103141248,0.9145696759223938,0.026318654417991638,c835
faceforensics/FaceSwap/258_246/000016.jpg,1,258,FaceSwap,FaceForensics++,faceforensics/FaceSwap/258_246/000016.jpg,258,258|246,258_246,test,source_video_disjoint_v1,0.0005669158417731524,0.9336597323417664,0.039519790560007095,c246
faceforensics/FaceSwap/470_468/000027.jpg,1,470,FaceSwap,FaceForensics++,faceforensics/FaceSwap/470_468/000027.jpg,470,470|468,470_468,test,source_video_disjoint_v1,0.00019462213094811887,0.9697639346122742,0.018471140414476395,c470
faceforensics/FaceSwap/719_737/000009.jpg,1,719,FaceSwap,FaceForensics++,faceforensics/FaceSwap/719_737/000009.jpg,719,719|737,719_737,test,source_video_disjoint_v1,0.000494171807076782,0.9465649724006653,0.019982680678367615,c719
faceforensics/FaceSwap/468_470/000005.jpg,1,468,FaceSwap,FaceForensics++,faceforensics/FaceSwap/468_470/000005.jpg,468,468|470,468_470,test,source_video_disjoint_v1,0.0002513593644835055,0.9630258679389954,0.019536767154932022,c470
faceforensics/FaceSwap/737_719/000028.jpg,1,737,FaceSwap,FaceForensics++,faceforensics/FaceSwap/737_719/000028.jpg,737,737|719,737_719,test,source_video_disjoint_v1,0.00037712440825998783,0.9450579285621643,0.02863398753106594,c719
faceforensics/FaceSwap/246_258/000012.jpg,1,246,FaceSwap,FaceForensics++,faceforensics/FaceSwap/246_258/000012.jpg,246,246|258,246_258,test,source_video_disjoint_v1,0.00036404014099389315,0.9387299418449402,0.02412017434835434,c246
faceforensics/FaceSwap/651_835/000026.jpg,1,651,FaceSwap,FaceForensics++,faceforensics/FaceSwap/651_835/000026.jpg,651,651|835,651_835,test,source_video_disjoint_v1,0.0004479111230466515,0.925625741481781,0.02390812523663044,c835
faceforensics/FaceSwap/835_651/000021.jpg,1,835,FaceSwap,FaceForensics++,faceforensics/FaceSwap/835_651/000021.jpg,835,835|651,835_651,test,source_video_disjoint_v1,0.0003497634024824947,0.9480147361755371,0.020237073302268982,c835
faceforensics/FaceSwap/258_246/000006.jpg,1,258,FaceSwap,FaceForensics++,faceforensics/FaceSwap/258_246/000006.jpg,258,258|246,258_246,test,source_video_disjoint_v1,0.0005420350353233516,0.9388160705566406,0.031180037185549736,c246
faceforensics/FaceSwap/470_468/000021.jpg,1,470,FaceSwap,FaceForensics++,faceforensics/FaceSwap/470_468/000021.jpg,470,470|468,470_468,test,source_video_disjoint_v1,0.00022655555221717805,0.9671522974967957,0.021431561559438705,c470
faceforensics/FaceSwap/246_258/000028.jpg,1,246,FaceSwap,FaceForensics++,faceforensics/FaceSwap/246_258/000028.jpg,246,246|258,246_258,test,source_video_disjoint_v1,0.00031792980735190213,0.9446360468864441,0.027371209114789963,c246
faceforensics/FaceSwap/719_737/000011.jpg,1,719,FaceSwap,FaceForensics++,faceforensics/FaceSwap/719_737/000011.jpg,719,719|737,719_737,test,source_video_disjoint_v1,0.0004786068166140467,0.9532285332679749,0.020216263830661774,c719
faceforensics/FaceSwap/737_719/000010.jpg,1,737,FaceSwap,FaceForensics++,faceforensics/FaceSwap/737_719/000010.jpg,737,737|719,737_719,test,source_video_disjoint_v1,0.0003332930209580809,0.948520839214325,0.028591260313987732,c719
faceforensics/FaceSwap/468_470/000016.jpg,1,468,FaceSwap,FaceForensics++,faceforensics/FaceSwap/468_470/000016.jpg,468,468|470,468_470,test,source_video_disjoint_v1,0.00024451507488265634,0.9627556800842285,0.017847690731287003,c470
faceforensics/FaceSwap/651_835/000021.jpg,1,651,FaceSwap,FaceForensics++,faceforensics/FaceSwap/651_835/000021.jpg,651,651|835,651_835,test,source_video_disjoint_v1,0.0004340770829003304,0.9241468906402588,0.024540189653635025,c835
faceforensics/FaceSwap/835_651/000005.jpg,1,835,FaceSwap,FaceForensics++,faceforensics/FaceSwap/835_651/000005.jpg,835,835|651,835_651,test,source_video_disjoint_v1,0.0004213518986944109,0.9360184669494629,0.020409230142831802,c835
faceforensics/FaceSwap/258_246/000003.jpg,1,258,FaceSwap,FaceForensics++,faceforensics/FaceSwap/258_246/000003.jpg,258,258|246,258_246,test,source_video_disjoint_v1,0.0005653317202813923,0.9332020878791809,0.030815670266747475,c246
faceforensics/FaceSwap/470_468/000007.jpg,1,470,FaceSwap,FaceForensics++,faceforensics/FaceSwap/470_468/000007.jpg,470,470|468,470_468,test,source_video_disjoint_v1,0.00021773342450615019,0.9684832096099854,0.018319029361009598,c470
faceforensics/FaceSwap/719_737/000012.jpg,1,719,FaceSwap,FaceForensics++,faceforensics/FaceSwap/719_737/000012.jpg,719,719|737,719_737,test,source_video_disjoint_v1,0.0005184420151636004,0.9496369957923889,0.021010207012295723,c719
faceforensics/FaceSwap/468_470/000018.jpg,1,468,FaceSwap,FaceForensics++,faceforensics/FaceSwap/468_470/000018.jpg,468,468|470,468_470,test,source_video_disjoint_v1,0.000252845260547474,0.9642617106437683,0.015613207593560219,c470
faceforensics/FaceSwap/246_258/000026.jpg,1,246,FaceSwap,FaceForensics++,faceforensics/FaceSwap/246_258/000026.jpg,246,246|258,246_258,test,source_video_disjoint_v1,0.00032334591378457844,0.9457495808601379,0.023413894698023796,c246
faceforensics/FaceSwap/835_651/000028.jpg,1,835,FaceSwap,FaceForensics++,faceforensics/FaceSwap/835_651/000028.jpg,835,835|651,835_651,test,source_video_disjoint_v1,0.00037646302371285856,0.9436485767364502,0.019456321373581886,c835
faceforensics/FaceSwap/651_835/000012.jpg,1,651,FaceSwap,FaceForensics++,faceforensics/FaceSwap/651_835/000012.jpg,651,651|835,651_835,test,source_video_disjoint_v1,0.0005693443235941231,0.9153651595115662,0.025600973516702652,c835
faceforensics/FaceSwap/737_719/000016.jpg,1,737,FaceSwap,FaceForensics++,faceforensics/FaceSwap/737_719/000016.jpg,737,737|719,737_719,test,source_video_disjoint_v1,0.00032746209762990475,0.9479292035102844,0.027510907500982285,c719
faceforensics/FaceSwap/258_246/000002.jpg,1,258,FaceSwap,FaceForensics++,faceforensics/FaceSwap/258_246/000002.jpg,258,258|246,258_246,test,source_video_disjoint_v1,0.0004428047686815262,0.9432656764984131,0.03015882521867752,c246
faceforensics/FaceSwap/246_258/000000.jpg,1,246,FaceSwap,FaceForensics++,faceforensics/FaceSwap/246_258/000000.jpg,246,246|258,246_258,test,source_video_disjoint_v1,0.00033225203515030444,0.943216860294342,0.03000076301395893,c246
faceforensics/FaceSwap/468_470/000017.jpg,1,468,FaceSwap,FaceForensics++,faceforensics/FaceSwap/468_470/000017.jpg,468,468|470,468_470,test,source_video_disjoint_v1,0.00027832615887746215,0.9595991969108582,0.018361806869506836,c470
faceforensics/FaceSwap/470_468/000010.jpg,1,470,FaceSwap,FaceForensics++,faceforensics/FaceSwap/470_468/000010.jpg,470,470|468,470_468,test,source_video_disjoint_v1,0.0002142286830348894,0.9682229161262512,0.01950998418033123,c470
faceforensics/FaceSwap/651_835/000024.jpg,1,651,FaceSwap,FaceForensics++,faceforensics/FaceSwap/651_835/000024.jpg,651,651|835,651_835,test,source_video_disjoint_v1,0.0005224565393291414,0.9235909581184387,0.026348929852247238,c835
faceforensics/FaceSwap/719_737/000023.jpg,1,719,FaceSwap,FaceForensics++,faceforensics/FaceSwap/719_737/000023.jpg,719,719|737,719_737,test,source_video_disjoint_v1,0.00046218730858527124,0.9521905779838562,0.02029750496149063,c719
faceforensics/FaceSwap/835_651/000024.jpg,1,835,FaceSwap,FaceForensics++,faceforensics/FaceSwap/835_651/000024.jpg,835,835|651,835_651,test,source_video_disjoint_v1,0.0003912279207725078,0.9404247403144836,0.020071089267730713,c835
faceforensics/FaceSwap/737_719/000000.jpg,1,737,FaceSwap,FaceForensics++,faceforensics/FaceSwap/737_719/000000.jpg,737,737|719,737_719,test,source_video_disjoint_v1,0.0003273984184488654,0.9467863440513611,0.028831686824560165,c719
faceforensics/FaceSwap/258_246/000014.jpg,1,258,FaceSwap,FaceForensics++,faceforensics/FaceSwap/258_246/000014.jpg,258,258|246,258_246,test,source_video_disjoint_v1,0.0006377296522259712,0.9264144897460938,0.03762388601899147,c246
faceforensics/NeuralTextures/246_258/000024.jpg,1,246,NeuralTextures,FaceForensics++,faceforensics/NeuralTextures/246_258/000024.jpg,246,246|258,246_258,test,source_video_disjoint_v1,0.0002477368398103863,0.9582052230834961,0.019490303471684456,c246
faceforensics/NeuralTextures/470_468/000003.jpg,1,470,NeuralTextures,FaceForensics++,faceforensics/NeuralTextures/470_468/000003.jpg,470,470|468,470_468,test,source_video_disjoint_v1,0.0001740411826176569,0.9725129008293152,0.016419174149632454,c470
faceforensics/NeuralTextures/719_737/000022.jpg,1,719,NeuralTextures,FaceForensics++,faceforensics/NeuralTextures/719_737/000022.jpg,719,719|737,719_737,test,source_video_disjoint_v1,0.00033328309655189514,0.9625144600868225,0.01581626757979393,c719
faceforensics/NeuralTextures/835_651/000023.jpg,1,835,NeuralTextures,FaceForensics++,faceforensics/NeuralTextures/835_651/000023.jpg,835,835|651,835_651,test,source_video_disjoint_v1,0.0003171133575960994,0.9537656307220459,0.019471175968647003,c835
faceforensics/NeuralTextures/468_470/000026.jpg,1,468,NeuralTextures,FaceForensics++,faceforensics/NeuralTextures/468_470/000026.jpg,468,468|470,468_470,test,source_video_disjoint_v1,0.00024005293380469084,0.9655808806419373,0.015452837571501732,c470
faceforensics/NeuralTextures/651_835/000023.jpg,1,651,NeuralTextures,FaceForensics++,faceforensics/NeuralTextures/651_835/000023.jpg,651,651|835,651_835,test,source_video_disjoint_v1,0.0004366622306406498,0.9327085018157959,0.022709719836711884,c835
faceforensics/NeuralTextures/258_246/000015.jpg,1,258,NeuralTextures,FaceForensics++,faceforensics/NeuralTextures/258_246/000015.jpg,258,258|246,258_246,test,source_video_disjoint_v1,0.00047343262122012675,0.9462011456489563,0.0330146849155426,c246
faceforensics/NeuralTextures/737_719/000026.jpg,1,737,NeuralTextures,FaceForensics++,faceforensics/NeuralTextures/737_719/000026.jpg,737,737|719,737_719,test,source_video_disjoint_v1,0.00032501693931408226,0.9502241015434265,0.03004830703139305,c719
faceforensics/NeuralTextures/246_258/000006.jpg,1,246,NeuralTextures,FaceForensics++,faceforensics/NeuralTextures/246_258/000006.jpg,246,246|258,246_258,test,source_video_disjoint_v1,0.0002494675281923264,0.9477991461753845,0.021906867623329163,c246
faceforensics/NeuralTextures/470_468/000019.jpg,1,470,NeuralTextures,FaceForensics++,faceforensics/NeuralTextures/470_468/000019.jpg,470,470|468,470_468,test,source_video_disjoint_v1,0.00019117588817607611,0.9732373356819153,0.015539313666522503,c470
faceforensics/NeuralTextures/719_737/000018.jpg,1,719,NeuralTextures,FaceForensics++,faceforensics/NeuralTextures/719_737/000018.jpg,719,719|737,719_737,test,source_video_disjoint_v1,0.0003613990265876055,0.9607425332069397,0.016909200698137283,c719
faceforensics/NeuralTextures/835_651/000020.jpg,1,835,NeuralTextures,FaceForensics++,faceforensics/NeuralTextures/835_651/000020.jpg,835,835|651,835_651,test,source_video_disjoint_v1,0.000322142819641158,0.9519057869911194,0.01868414878845215,c835
faceforensics/NeuralTextures/737_719/000005.jpg,1,737,NeuralTextures,FaceForensics++,faceforensics/NeuralTextures/737_719/000005.jpg,737,737|719,737_719,test,source_video_disjoint_v1,0.0003300162497907877,0.9499331116676331,0.029324829578399658,c719
faceforensics/NeuralTextures/651_835/000005.jpg,1,651,NeuralTextures,FaceForensics++,faceforensics/NeuralTextures/651_835/000005.jpg,651,651|835,651_835,test,source_video_disjoint_v1,0.00043355472735129297,0.9311351776123047,0.02109263464808464,c835
faceforensics/NeuralTextures/258_246/000000.jpg,1,258,NeuralTextures,FaceForensics++,faceforensics/NeuralTextures/258_246/000000.jpg,258,258|246,258_246,test,source_video_disjoint_v1,0.00041729785152710974,0.9507265686988831,0.02613503858447075,c246
faceforensics/NeuralTextures/468_470/000009.jpg,1,468,NeuralTextures,FaceForensics++,faceforensics/NeuralTextures/468_470/000009.jpg,468,468|470,468_470,test,source_video_disjoint_v1,0.00022032907872926444,0.9657254219055176,0.013808807358145714,c470
faceforensics/NeuralTextures/470_468/000014.jpg,1,470,NeuralTextures,FaceForensics++,faceforensics/NeuralTextures/470_468/000014.jpg,470,470|468,470_468,test,source_video_disjoint_v1,0.00018875538080465049,0.9724180102348328,0.01561429537832737,c470
faceforensics/NeuralTextures/246_258/000009.jpg,1,246,NeuralTextures,FaceForensics++,faceforensics/NeuralTextures/246_258/000009.jpg,246,246|258,246_258,test,source_video_disjoint_v1,0.00020705268252640963,0.9581935405731201,0.021382002159953117,c246
faceforensics/NeuralTextures/719_737/000002.jpg,1,719,NeuralTextures,FaceForensics++,faceforensics/NeuralTextures/719_737/000002.jpg,719,719|737,719_737,test,source_video_disjoint_v1,0.00033303210511803627,0.9649254679679871,0.01625775173306465,c719
faceforensics/NeuralTextures/651_835/000007.jpg,1,651,NeuralTextures,FaceForensics++,faceforensics/NeuralTextures/651_835/000007.jpg,651,651|835,651_835,test,source_video_disjoint_v1,0.00040360470302402973,0.9344317317008972,0.02273053675889969,c835
faceforensics/NeuralTextures/835_651/000025.jpg,1,835,NeuralTextures,FaceForensics++,faceforensics/NeuralTextures/835_651/000025.jpg,835,835|651,835_651,test,source_video_disjoint_v1,0.00030869594775140285,0.9491645693778992,0.016549088060855865,c835
faceforensics/NeuralTextures/737_719/000021.jpg,1,737,NeuralTextures,FaceForensics++,faceforensics/NeuralTextures/737_719/000021.jpg,737,737|719,737_719,test,source_video_disjoint_v1,0.0003040865412913263,0.9540706276893616,0.029324721544981003,c719
faceforensics/NeuralTextures/258_246/000025.jpg,1,258,NeuralTextures,FaceForensics++,faceforensics/NeuralTextures/258_246/000025.jpg,258,258|246,258_246,test,source_video_disjoint_v1,0.0005200300947763026,0.9442887306213379,0.03126014024019241,c246
faceforensics/NeuralTextures/468_470/000019.jpg,1,468,NeuralTextures,FaceForensics++,faceforensics/NeuralTextures/468_470/000019.jpg,468,468|470,468_470,test,source_video_disjoint_v1,0.00022879480093251914,0.9673879742622375,0.014652097597718239,c470
faceforensics/NeuralTextures/470_468/000024.jpg,1,470,NeuralTextures,FaceForensics++,faceforensics/NeuralTextures/470_468/000024.jpg,470,470|468,470_468,test,source_video_disjoint_v1,0.0001960804220288992,0.9707252979278564,0.01763344369828701,c470
faceforensics/NeuralTextures/246_258/000015.jpg,1,246,NeuralTextures,FaceForensics++,faceforensics/NeuralTextures/246_258/000015.jpg,246,246|258,246_258,test,source_video_disjoint_v1,0.00029797619208693504,0.9422181248664856,0.025476766750216484,c246
faceforensics/NeuralTextures/719_737/000026.jpg,1,719,NeuralTextures,FaceForensics++,faceforensics/NeuralTextures/719_737/000026.jpg,719,719|737,719_737,test,source_video_disjoint_v1,0.0003131493867840618,0.9662325978279114,0.015912648290395737,c719
faceforensics/NeuralTextures/835_651/000027.jpg,1,835,NeuralTextures,FaceForensics++,faceforensics/NeuralTextures/835_651/000027.jpg,835,835|651,835_651,test,source_video_disjoint_v1,0.00039479765109717846,0.9427475333213806,0.019399497658014297,c835
faceforensics/NeuralTextures/737_719/000002.jpg,1,737,NeuralTextures,FaceForensics++,faceforensics/NeuralTextures/737_719/000002.jpg,737,737|719,737_719,test,source_video_disjoint_v1,0.0003357263340149075,0.9515663981437683,0.027968907728791237,c719
faceforensics/NeuralTextures/468_470/000006.jpg,1,468,NeuralTextures,FaceForensics++,faceforensics/NeuralTextures/468_470/000006.jpg,468,468|470,468_470,test,source_video_disjoint_v1,0.00024623036733828485,0.9647111892700195,0.018262967467308044,c470
faceforensics/NeuralTextures/258_246/000008.jpg,1,258,NeuralTextures,FaceForensics++,faceforensics/NeuralTextures/258_246/000008.jpg,258,258|246,258_246,test,source_video_disjoint_v1,0.0006204436649568379,0.9370563626289368,0.03674401342868805,c246
faceforensics/NeuralTextures/651_835/000019.jpg,1,651,NeuralTextures,FaceForensics++,faceforensics/NeuralTextures/651_835/000019.jpg,651,651|835,651_835,test,source_video_disjoint_v1,0.0004397756711114198,0.9265812039375305,0.0225239135324955,c835
faceforensics/NeuralTextures/470_468/000023.jpg,1,470,NeuralTextures,FaceForensics++,faceforensics/NeuralTextures/470_468/000023.jpg,470,470|468,470_468,test,source_video_disjoint_v1,0.00019855394202750176,0.9714431762695312,0.01835893653333187,c470
faceforensics/NeuralTextures/246_258/000019.jpg,1,246,NeuralTextures,FaceForensics++,faceforensics/NeuralTextures/246_258/000019.jpg,246,246|258,246_258,test,source_video_disjoint_v1,0.0002719634212553501,0.9484691023826599,0.024478377774357796,c246
faceforensics/NeuralTextures/719_737/000000.jpg,1,719,NeuralTextures,FaceForensics++,faceforensics/NeuralTextures/719_737/000000.jpg,719,719|737,719_737,test,source_video_disjoint_v1,0.0003417682310100645,0.9629341959953308,0.018622219562530518,c719
faceforensics/NeuralTextures/835_651/000018.jpg,1,835,NeuralTextures,FaceForensics++,faceforensics/NeuralTextures/835_651/000018.jpg,835,835|651,835_651,test,source_video_disjoint_v1,0.0003481727035250515,0.9482743144035339,0.017381759360432625,c835
faceforensics/NeuralTextures/737_719/000012.jpg,1,737,NeuralTextures,FaceForensics++,faceforensics/NeuralTextures/737_719/000012.jpg,737,737|719,737_719,test,source_video_disjoint_v1,0.00037267975858412683,0.9436202049255371,0.03259256109595299,c719
faceforensics/NeuralTextures/468_470/000000.jpg,1,468,NeuralTextures,FaceForensics++,faceforensics/NeuralTextures/468_470/000000.jpg,468,468|470,468_470,test,source_video_disjoint_v1,0.00021628224931191653,0.9683048725128174,0.01373489759862423,c470
faceforensics/NeuralTextures/651_835/000016.jpg,1,651,NeuralTextures,FaceForensics++,faceforensics/NeuralTextures/651_835/000016.jpg,651,651|835,651_835,test,source_video_disjoint_v1,0.00039528185152448714,0.9343202710151672,0.020619982853531837,c835
faceforensics/NeuralTextures/258_246/000026.jpg,1,258,NeuralTextures,FaceForensics++,faceforensics/NeuralTextures/258_246/000026.jpg,258,258|246,258_246,test,source_video_disjoint_v1,0.0004084268875885755,0.9515451788902283,0.02558615244925022,c246
faceforensics/NeuralTextures/246_258/000010.jpg,1,246,NeuralTextures,FaceForensics++,faceforensics/NeuralTextures/246_258/000010.jpg,246,246|258,246_258,test,source_video_disjoint_v1,0.00023206917103379965,0.9523026347160339,0.0227146428078413,c246
faceforensics/NeuralTextures/719_737/000003.jpg,1,719,NeuralTextures,FaceForensics++,faceforensics/NeuralTextures/719_737/000003.jpg,719,719|737,719_737,test,source_video_disjoint_v1,0.0003074461128562689,0.9673104286193848,0.01644066348671913,c719
faceforensics/NeuralTextures/470_468/000006.jpg,1,470,NeuralTextures,FaceForensics++,faceforensics/NeuralTextures/470_468/000006.jpg,470,470|468,470_468,test,source_video_disjoint_v1,0.0002086383756250143,0.9725764393806458,0.0188832376152277,c470
faceforensics/NeuralTextures/835_651/000017.jpg,1,835,NeuralTextures,FaceForensics++,faceforensics/NeuralTextures/835_651/000017.jpg,835,835|651,835_651,test,source_video_disjoint_v1,0.00038383540231734514,0.94331294298172,0.018988046795129776,c835
faceforensics/NeuralTextures/737_719/000024.jpg,1,737,NeuralTextures,FaceForensics++,faceforensics/NeuralTextures/737_719/000024.jpg,737,737|719,737_719,test,source_video_disjoint_v1,0.00036055073724128306,0.9468591809272766,0.030320271849632263,c719
faceforensics/NeuralTextures/468_470/000013.jpg,1,468,NeuralTextures,FaceForensics++,faceforensics/NeuralTextures/468_470/000013.jpg,468,468|470,468_470,test,source_video_disjoint_v1,0.00023508405138272792,0.9660599827766418,0.014645569026470184,c470
faceforensics/NeuralTextures/651_835/000006.jpg,1,651,NeuralTextures,FaceForensics++,faceforensics/NeuralTextures/651_835/000006.jpg,651,651|835,651_835,test,source_video_disjoint_v1,0.0004580314562190324,0.9290060997009277,0.022676393389701843,c835
faceforensics/NeuralTextures/258_246/000001.jpg,1,258,NeuralTextures,FaceForensics++,faceforensics/NeuralTextures/258_246/000001.jpg,258,258|246,258_246,test,source_video_disjoint_v1,0.0005057191010564566,0.9457194209098816,0.03245679289102554,c246
faceforensics/NeuralTextures/246_258/000025.jpg,1,246,NeuralTextures,FaceForensics++,faceforensics/NeuralTextures/246_258/000025.jpg,246,246|258,246_258,test,source_video_disjoint_v1,0.0002596472913865,0.9523018002510071,0.01963299699127674,c246
faceforensics/NeuralTextures/719_737/000025.jpg,1,719,NeuralTextures,FaceForensics++,faceforensics/NeuralTextures/719_737/000025.jpg,719,719|737,719_737,test,source_video_disjoint_v1,0.00033514623646624386,0.9650716781616211,0.01721508800983429,c719
faceforensics/NeuralTextures/470_468/000022.jpg,1,470,NeuralTextures,FaceForensics++,faceforensics/NeuralTextures/470_468/000022.jpg,470,470|468,470_468,test,source_video_disjoint_v1,0.00018589997489470989,0.9740188717842102,0.017412178218364716,c470
faceforensics/NeuralTextures/835_651/000011.jpg,1,835,NeuralTextures,FaceForensics++,faceforensics/NeuralTextures/835_651/000011.jpg,835,835|651,835_651,test,source_video_disjoint_v1,0.0004008917894680053,0.9447817206382751,0.01895112916827202,c835
faceforensics/NeuralTextures/737_719/000006.jpg,1,737,NeuralTextures,FaceForensics++,faceforensics/NeuralTextures/737_719/000006.jpg,737,737|719,737_719,test,source_video_disjoint_v1,0.0003626113757491112,0.9476286768913269,0.03193172067403793,c719
faceforensics/NeuralTextures/651_835/000000.jpg,1,651,NeuralTextures,FaceForensics++,faceforensics/NeuralTextures/651_835/000000.jpg,651,651|835,651_835,test,source_video_disjoint_v1,0.000356968492269516,0.9369139671325684,0.02129261940717697,c835
faceforensics/NeuralTextures/468_470/000007.jpg,1,468,NeuralTextures,FaceForensics++,faceforensics/NeuralTextures/468_470/000007.jpg,468,468|470,468_470,test,source_video_disjoint_v1,0.00020602338190656155,0.9690162539482117,0.014777662232518196,c470
faceforensics/NeuralTextures/258_246/000005.jpg,1,258,NeuralTextures,FaceForensics++,faceforensics/NeuralTextures/258_246/000005.jpg,258,258|246,258_246,test,source_video_disjoint_v1,0.0009972061961889267,0.9529369473457336,0.026461562141776085,c246
faceforensics/NeuralTextures/246_258/000018.jpg,1,246,NeuralTextures,FaceForensics++,faceforensics/NeuralTextures/246_258/000018.jpg,246,246|258,246_258,test,source_video_disjoint_v1,0.00025075525627471507,0.9525983333587646,0.023919641971588135,c246
faceforensics/NeuralTextures/719_737/000006.jpg,1,719,NeuralTextures,FaceForensics++,faceforensics/NeuralTextures/719_737/000006.jpg,719,719|737,719_737,test,source_video_disjoint_v1,0.00032326727523468435,0.9654197096824646,0.015436558052897453,c719
faceforensics/NeuralTextures/737_719/000027.jpg,1,737,NeuralTextures,FaceForensics++,faceforensics/NeuralTextures/737_719/000027.jpg,737,737|719,737_719,test,source_video_disjoint_v1,0.0003207515401300043,0.9528927803039551,0.029065923765301704,c719
faceforensics/NeuralTextures/835_651/000014.jpg,1,835,NeuralTextures,FaceForensics++,faceforensics/NeuralTextures/835_651/000014.jpg,835,835|651,835_651,test,source_video_disjoint_v1,0.00033594187698327005,0.9515522122383118,0.01629847101867199,c835
faceforensics/NeuralTextures/470_468/000025.jpg,1,470,NeuralTextures,FaceForensics++,faceforensics/NeuralTextures/470_468/000025.jpg,470,470|468,470_468,test,source_video_disjoint_v1,0.0001814600982470438,0.9742358326911926,0.015616685152053833,c470
faceforensics/NeuralTextures/468_470/000008.jpg,1,468,NeuralTextures,FaceForensics++,faceforensics/NeuralTextures/468_470/000008.jpg,468,468|470,468_470,test,source_video_disjoint_v1,0.0002101924765156582,0.9677068591117859,0.014666019007563591,c470
faceforensics/NeuralTextures/651_835/000004.jpg,1,651,NeuralTextures,FaceForensics++,faceforensics/NeuralTextures/651_835/000004.jpg,651,651|835,651_835,test,source_video_disjoint_v1,0.00044667781912721694,0.9318855404853821,0.02093043364584446,c835
faceforensics/NeuralTextures/258_246/000012.jpg,1,258,NeuralTextures,FaceForensics++,faceforensics/NeuralTextures/258_246/000012.jpg,258,258|246,258_246,test,source_video_disjoint_v1,0.0003781203122343868,0.948695719242096,0.023400038480758667,c246
faceforensics/NeuralTextures/246_258/000016.jpg,1,246,NeuralTextures,FaceForensics++,faceforensics/NeuralTextures/246_258/000016.jpg,246,246|258,246_258,test,source_video_disjoint_v1,0.00025362111045978963,0.9481104016304016,0.022907156497240067,c246
faceforensics/NeuralTextures/719_737/000015.jpg,1,719,NeuralTextures,FaceForensics++,faceforensics/NeuralTextures/719_737/000015.jpg,719,719|737,719_737,test,source_video_disjoint_v1,0.00031614958425052464,0.9658125042915344,0.018259504809975624,c719
faceforensics/NeuralTextures/737_719/000013.jpg,1,737,NeuralTextures,FaceForensics++,faceforensics/NeuralTextures/737_719/000013.jpg,737,737|719,737_719,test,source_video_disjoint_v1,0.00035435997415333986,0.9470728039741516,0.030475419014692307,c719
faceforensics/NeuralTextures/835_651/000009.jpg,1,835,NeuralTextures,FaceForensics++,faceforensics/NeuralTextures/835_651/000009.jpg,835,835|651,835_651,test,source_video_disjoint_v1,0.0003718692169059068,0.9444475769996643,0.019914990290999413,c835
faceforensics/NeuralTextures/470_468/000005.jpg,1,470,NeuralTextures,FaceForensics++,faceforensics/NeuralTextures/470_468/000005.jpg,470,470|468,470_468,test,source_video_disjoint_v1,0.00018787290900945663,0.9740069508552551,0.01893487386405468,c470
faceforensics/NeuralTextures/468_470/000024.jpg,1,468,NeuralTextures,FaceForensics++,faceforensics/NeuralTextures/468_470/000024.jpg,468,468|470,468_470,test,source_video_disjoint_v1,0.00023131188936531544,0.9655365943908691,0.016455911099910736,c470
faceforensics/NeuralTextures/651_835/000022.jpg,1,651,NeuralTextures,FaceForensics++,faceforensics/NeuralTextures/651_835/000022.jpg,651,651|835,651_835,test,source_video_disjoint_v1,0.0003466786292847246,0.9447923302650452,0.019999483600258827,c835
faceforensics/NeuralTextures/258_246/000021.jpg,1,258,NeuralTextures,FaceForensics++,faceforensics/NeuralTextures/258_246/000021.jpg,258,258|246,258_246,test,source_video_disjoint_v1,0.00039730026037432253,0.9474155306816101,0.025693170726299286,c246
faceforensics/NeuralTextures/737_719/000029.jpg,1,737,NeuralTextures,FaceForensics++,faceforensics/NeuralTextures/737_719/000029.jpg,737,737|719,737_719,test,source_video_disjoint_v1,0.0003569598775357008,0.9450370669364929,0.030859369784593582,c719
faceforensics/NeuralTextures/470_468/000011.jpg,1,470,NeuralTextures,FaceForensics++,faceforensics/NeuralTextures/470_468/000011.jpg,470,470|468,470_468,test,source_video_disjoint_v1,0.0001814535353332758,0.974389374256134,0.019430406391620636,c470
faceforensics/NeuralTextures/719_737/000027.jpg,1,719,NeuralTextures,FaceForensics++,faceforensics/NeuralTextures/719_737/000027.jpg,719,719|737,719_737,test,source_video_disjoint_v1,0.0003159696643706411,0.96578449010849,0.01708845980465412,c719
faceforensics/NeuralTextures/246_258/000029.jpg,1,246,NeuralTextures,FaceForensics++,faceforensics/NeuralTextures/246_258/000029.jpg,246,246|258,246_258,test,source_video_disjoint_v1,0.00024362304247915745,0.953773021697998,0.022345341742038727,c246
faceforensics/NeuralTextures/468_470/000015.jpg,1,468,NeuralTextures,FaceForensics++,faceforensics/NeuralTextures/468_470/000015.jpg,468,468|470,468_470,test,source_video_disjoint_v1,0.00022668593737762421,0.9654366374015808,0.01655466854572296,c470
faceforensics/NeuralTextures/835_651/000002.jpg,1,835,NeuralTextures,FaceForensics++,faceforensics/NeuralTextures/835_651/000002.jpg,835,835|651,835_651,test,source_video_disjoint_v1,0.0003705170238390565,0.9463598728179932,0.01903614029288292,c835
faceforensics/NeuralTextures/651_835/000028.jpg,1,651,NeuralTextures,FaceForensics++,faceforensics/NeuralTextures/651_835/000028.jpg,651,651|835,651_835,test,source_video_disjoint_v1,0.00037024938501417637,0.9375200271606445,0.018085801973938942,c835
faceforensics/NeuralTextures/258_246/000011.jpg,1,258,NeuralTextures,FaceForensics++,faceforensics/NeuralTextures/258_246/000011.jpg,258,258|246,258_246,test,source_video_disjoint_v1,0.0004423398931976408,0.9670582413673401,0.02539101243019104,c246
faceforensics/NeuralTextures/470_468/000018.jpg,1,470,NeuralTextures,FaceForensics++,faceforensics/NeuralTextures/470_468/000018.jpg,470,470|468,470_468,test,source_video_disjoint_v1,0.00019278668332844973,0.9721456170082092,0.018372850492596626,c470
faceforensics/NeuralTextures/737_719/000014.jpg,1,737,NeuralTextures,FaceForensics++,faceforensics/NeuralTextures/737_719/000014.jpg,737,737|719,737_719,test,source_video_disjoint_v1,0.00036467178142629564,0.9440706372261047,0.031580910086631775,c719
faceforensics/NeuralTextures/468_470/000022.jpg,1,468,NeuralTextures,FaceForensics++,faceforensics/NeuralTextures/468_470/000022.jpg,468,468|470,468_470,test,source_video_disjoint_v1,0.00020147002942394465,0.9686970710754395,0.014166247099637985,c470
faceforensics/NeuralTextures/246_258/000005.jpg,1,246,NeuralTextures,FaceForensics++,faceforensics/NeuralTextures/246_258/000005.jpg,246,246|258,246_258,test,source_video_disjoint_v1,0.00021565465431194752,0.952805757522583,0.022148847579956055,c246
faceforensics/NeuralTextures/719_737/000014.jpg,1,719,NeuralTextures,FaceForensics++,faceforensics/NeuralTextures/719_737/000014.jpg,719,719|737,719_737,test,source_video_disjoint_v1,0.0003097229637205601,0.9662230610847473,0.01489042118191719,c719
faceforensics/NeuralTextures/835_651/000013.jpg,1,835,NeuralTextures,FaceForensics++,faceforensics/NeuralTextures/835_651/000013.jpg,835,835|651,835_651,test,source_video_disjoint_v1,0.0002536927058827132,0.9581752419471741,0.017167968675494194,c835
faceforensics/NeuralTextures/651_835/000017.jpg,1,651,NeuralTextures,FaceForensics++,faceforensics/NeuralTextures/651_835/000017.jpg,651,651|835,651_835,test,source_video_disjoint_v1,0.00043383086449466646,0.9269372820854187,0.02344682440161705,c835
faceforensics/NeuralTextures/258_246/000016.jpg,1,258,NeuralTextures,FaceForensics++,faceforensics/NeuralTextures/258_246/000016.jpg,258,258|246,258_246,test,source_video_disjoint_v1,0.0005010731401853263,0.9410290718078613,0.029330961406230927,c246
faceforensics/NeuralTextures/470_468/000027.jpg,1,470,NeuralTextures,FaceForensics++,faceforensics/NeuralTextures/470_468/000027.jpg,470,470|468,470_468,test,source_video_disjoint_v1,0.00018382926646154374,0.9731947779655457,0.01614992693066597,c470
faceforensics/NeuralTextures/719_737/000009.jpg,1,719,NeuralTextures,FaceForensics++,faceforensics/NeuralTextures/719_737/000009.jpg,719,719|737,719_737,test,source_video_disjoint_v1,0.000375483650714159,0.9603636264801025,0.0168946273624897,c719
faceforensics/NeuralTextures/468_470/000005.jpg,1,468,NeuralTextures,FaceForensics++,faceforensics/NeuralTextures/468_470/000005.jpg,468,468|470,468_470,test,source_video_disjoint_v1,0.00022566628467757255,0.9680498242378235,0.015664158388972282,c470
faceforensics/NeuralTextures/737_719/000028.jpg,1,737,NeuralTextures,FaceForensics++,faceforensics/NeuralTextures/737_719/000028.jpg,737,737|719,737_719,test,source_video_disjoint_v1,0.0003370541671756655,0.9483159184455872,0.027797335758805275,c719
faceforensics/NeuralTextures/246_258/000012.jpg,1,246,NeuralTextures,FaceForensics++,faceforensics/NeuralTextures/246_258/000012.jpg,246,246|258,246_258,test,source_video_disjoint_v1,0.0002501292328815907,0.9482676982879639,0.025730066001415253,c246
faceforensics/NeuralTextures/651_835/000026.jpg,1,651,NeuralTextures,FaceForensics++,faceforensics/NeuralTextures/651_835/000026.jpg,651,651|835,651_835,test,source_video_disjoint_v1,0.00035021654912270606,0.9375988841056824,0.018683725968003273,c835
faceforensics/NeuralTextures/835_651/000021.jpg,1,835,NeuralTextures,FaceForensics++,faceforensics/NeuralTextures/835_651/000021.jpg,835,835|651,835_651,test,source_video_disjoint_v1,0.0003249619039706886,0.9513245224952698,0.01899370178580284,c835
faceforensics/NeuralTextures/258_246/000006.jpg,1,258,NeuralTextures,FaceForensics++,faceforensics/NeuralTextures/258_246/000006.jpg,258,258|246,258_246,test,source_video_disjoint_v1,0.0004887087270617485,0.9417624473571777,0.03192564845085144,c246
faceforensics/NeuralTextures/470_468/000021.jpg,1,470,NeuralTextures,FaceForensics++,faceforensics/NeuralTextures/470_468/000021.jpg,470,470|468,470_468,test,source_video_disjoint_v1,0.00019416293071117252,0.9731018543243408,0.019931238144636154,c470
faceforensics/NeuralTextures/246_258/000028.jpg,1,246,NeuralTextures,FaceForensics++,faceforensics/NeuralTextures/246_258/000028.jpg,246,246|258,246_258,test,source_video_disjoint_v1,0.0002540644200053066,0.9499474167823792,0.023828012868762016,c246
faceforensics/NeuralTextures/719_737/000011.jpg,1,719,NeuralTextures,FaceForensics++,faceforensics/NeuralTextures/719_737/000011.jpg,719,719|737,719_737,test,source_video_disjoint_v1,0.0003003711753990501,0.9675281047821045,0.01562155969440937,c719
faceforensics/NeuralTextures/737_719/000010.jpg,1,737,NeuralTextures,FaceForensics++,faceforensics/NeuralTextures/737_719/000010.jpg,737,737|719,737_719,test,source_video_disjoint_v1,0.00030889661866240203,0.9548404812812805,0.027293726801872253,c719
faceforensics/NeuralTextures/468_470/000016.jpg,1,468,NeuralTextures,FaceForensics++,faceforensics/NeuralTextures/468_470/000016.jpg,468,468|470,468_470,test,source_video_disjoint_v1,0.000226296775508672,0.9671506881713867,0.016924086958169937,c470
faceforensics/NeuralTextures/651_835/000021.jpg,1,651,NeuralTextures,FaceForensics++,faceforensics/NeuralTextures/651_835/000021.jpg,651,651|835,651_835,test,source_video_disjoint_v1,0.00037015462294220924,0.937274694442749,0.019330373033881187,c835
faceforensics/NeuralTextures/835_651/000005.jpg,1,835,NeuralTextures,FaceForensics++,faceforensics/NeuralTextures/835_651/000005.jpg,835,835|651,835_651,test,source_video_disjoint_v1,0.0004057333862874657,0.9398093819618225,0.01841135323047638,c835
faceforensics/NeuralTextures/258_246/000003.jpg,1,258,NeuralTextures,FaceForensics++,faceforensics/NeuralTextures/258_246/000003.jpg,258,258|246,258_246,test,source_video_disjoint_v1,0.0004446120001375675,0.9445202946662903,0.02589220181107521,c246
faceforensics/NeuralTextures/470_468/000007.jpg,1,470,NeuralTextures,FaceForensics++,faceforensics/NeuralTextures/470_468/000007.jpg,470,470|468,470_468,test,source_video_disjoint_v1,0.00019133761816192418,0.9731135368347168,0.018839837983250618,c470
faceforensics/NeuralTextures/719_737/000012.jpg,1,719,NeuralTextures,FaceForensics++,faceforensics/NeuralTextures/719_737/000012.jpg,719,719|737,719_737,test,source_video_disjoint_v1,0.00033533736132085323,0.964715301990509,0.016489302739501,c719
faceforensics/NeuralTextures/468_470/000018.jpg,1,468,NeuralTextures,FaceForensics++,faceforensics/NeuralTextures/468_470/000018.jpg,468,468|470,468_470,test,source_video_disjoint_v1,0.00021342345280572772,0.9669649004936218,0.014333393424749374,c470
faceforensics/NeuralTextures/246_258/000026.jpg,1,246,NeuralTextures,FaceForensics++,faceforensics/NeuralTextures/246_258/000026.jpg,246,246|258,246_258,test,source_video_disjoint_v1,0.00024396604567300528,0.9526861310005188,0.01937888003885746,c246
faceforensics/NeuralTextures/835_651/000028.jpg,1,835,NeuralTextures,FaceForensics++,faceforensics/NeuralTextures/835_651/000028.jpg,835,835|651,835_651,test,source_video_disjoint_v1,0.0003360131522640586,0.9475914835929871,0.018799221143126488,c835
faceforensics/NeuralTextures/651_835/000012.jpg,1,651,NeuralTextures,FaceForensics++,faceforensics/NeuralTextures/651_835/000012.jpg,651,651|835,651_835,test,source_video_disjoint_v1,0.00044891927973367274,0.9273350834846497,0.02289113588631153,c835
faceforensics/NeuralTextures/737_719/000016.jpg,1,737,NeuralTextures,FaceForensics++,faceforensics/NeuralTextures/737_719/000016.jpg,737,737|719,737_719,test,source_video_disjoint_v1,0.0002970072964671999,0.9555449485778809,0.024948962032794952,c719
faceforensics/NeuralTextures/258_246/000002.jpg,1,258,NeuralTextures,FaceForensics++,faceforensics/NeuralTextures/258_246/000002.jpg,258,258|246,258_246,test,source_video_disjoint_v1,0.0004998561344109476,0.9504356980323792,0.03068612888455391,c246
faceforensics/NeuralTextures/246_258/000000.jpg,1,246,NeuralTextures,FaceForensics++,faceforensics/NeuralTextures/246_258/000000.jpg,246,246|258,246_258,test,source_video_disjoint_v1,0.00025141859077848494,0.9503733515739441,0.024168238043785095,c246
faceforensics/NeuralTextures/468_470/000017.jpg,1,468,NeuralTextures,FaceForensics++,faceforensics/NeuralTextures/468_470/000017.jpg,468,468|470,468_470,test,source_video_disjoint_v1,0.00022230292961467057,0.9683344960212708,0.0150739885866642,c470
faceforensics/NeuralTextures/470_468/000010.jpg,1,470,NeuralTextures,FaceForensics++,faceforensics/NeuralTextures/470_468/000010.jpg,470,470|468,470_468,test,source_video_disjoint_v1,0.00018620688933879137,0.9718677401542664,0.017543520778417587,c470
faceforensics/NeuralTextures/651_835/000024.jpg,1,651,NeuralTextures,FaceForensics++,faceforensics/NeuralTextures/651_835/000024.jpg,651,651|835,651_835,test,source_video_disjoint_v1,0.00044299871660768986,0.9334588646888733,0.022618066519498825,c835
faceforensics/NeuralTextures/719_737/000023.jpg,1,719,NeuralTextures,FaceForensics++,faceforensics/NeuralTextures/719_737/000023.jpg,719,719|737,719_737,test,source_video_disjoint_v1,0.00035754722193814814,0.9621302485466003,0.01733410358428955,c719
faceforensics/NeuralTextures/835_651/000024.jpg,1,835,NeuralTextures,FaceForensics++,faceforensics/NeuralTextures/835_651/000024.jpg,835,835|651,835_651,test,source_video_disjoint_v1,0.0004013610596302897,0.9451596140861511,0.0222556721419096,c835
faceforensics/NeuralTextures/737_719/000000.jpg,1,737,NeuralTextures,FaceForensics++,faceforensics/NeuralTextures/737_719/000000.jpg,737,737|719,737_719,test,source_video_disjoint_v1,0.00032833791919983923,0.9506397247314453,0.028061775490641594,c719
faceforensics/NeuralTextures/258_246/000014.jpg,1,258,NeuralTextures,FaceForensics++,faceforensics/NeuralTextures/258_246/000014.jpg,258,258|246,258_246,test,source_video_disjoint_v1,0.00040235076448880136,0.9455485343933105,0.028075169771909714,c246
