sample_id,model,dataset,split,label,method,prob_fake,threshold,prediction
faceforensics/real/044/000000.jpg,xception,ffpp_source_safe,val,0,real,0.0011443250114098191,0.4307548701763153,0
faceforensics/real/044/000001.jpg,xception,ffpp_source_safe,val,0,real,0.054983675479888916,0.4307548701763153,0
faceforensics/real/044/000002.jpg,xception,ffpp_source_safe,val,0,real,0.0026800488121807575,0.4307548701763153,0
faceforensics/real/044/000003.jpg,xception,ffpp_source_safe,val,0,real,0.03875061497092247,0.4307548701763153,0
faceforensics/real/044/000004.jpg,xception,ffpp_source_safe,val,0,real,0.0023616438265889883,0.4307548701763153,0
faceforensics/real/044/000005.jpg,xception,ffpp_source_safe,val,0,real,0.0019105105893686414,0.4307548701763153,0
faceforensics/real/044/000006.jpg,xception,ffpp_source_safe,val,0,real,0.0017010867595672607,0.4307548701763153,0
faceforensics/real/044/000007.jpg,xception,ffpp_source_safe,val,0,real,0.0015782538102939725,0.4307548701763153,0
faceforensics/real/044/000008.jpg,xception,ffpp_source_safe,val,0,real,0.0020131259225308895,0.4307548701763153,0
faceforensics/real/044/000009.jpg,xception,ffpp_source_safe,val,0,real,0.008354549296200275,0.4307548701763153,0
faceforensics/real/044/000010.jpg,xception,ffpp_source_safe,val,0,real,0.003625950077548623,0.4307548701763153,0
faceforensics/real/044/000011.jpg,xception,ffpp_source_safe,val,0,real,4.812984843738377e-05,0.4307548701763153,0
faceforensics/real/044/000012.jpg,xception,ffpp_source_safe,val,0,real,0.0004238237452227622,0.4307548701763153,0
faceforensics/real/044/000013.jpg,xception,ffpp_source_safe,val,0,real,0.0076354509219527245,0.4307548701763153,0
faceforensics/real/044/000014.jpg,xception,ffpp_source_safe,val,0,real,0.1358715146780014,0.4307548701763153,0
faceforensics/real/044/000015.jpg,xception,ffpp_source_safe,val,0,real,0.0721346065402031,0.4307548701763153,0
faceforensics/real/044/000016.jpg,xception,ffpp_source_safe,val,0,real,0.02893449179828167,0.4307548701763153,0
faceforensics/real/044/000017.jpg,xception,ffpp_source_safe,val,0,real,0.002277189865708351,0.4307548701763153,0
faceforensics/real/044/000018.jpg,xception,ffpp_source_safe,val,0,real,5.6604658311698586e-05,0.4307548701763153,0
faceforensics/real/044/000019.jpg,xception,ffpp_source_safe,val,0,real,0.00026173549122177064,0.4307548701763153,0
faceforensics/real/044/000020.jpg,xception,ffpp_source_safe,val,0,real,0.000515057472512126,0.4307548701763153,0
faceforensics/real/044/000021.jpg,xception,ffpp_source_safe,val,0,real,0.00010021029447671026,0.4307548701763153,0
faceforensics/real/044/000022.jpg,xception,ffpp_source_safe,val,0,real,4.5759672502754256e-05,0.4307548701763153,0
faceforensics/real/044/000023.jpg,xception,ffpp_source_safe,val,0,real,0.0008162581361830235,0.4307548701763153,0
faceforensics/real/044/000024.jpg,xception,ffpp_source_safe,val,0,real,0.00488109840080142,0.4307548701763153,0
faceforensics/real/044/000025.jpg,xception,ffpp_source_safe,val,0,real,0.013992661610245705,0.4307548701763153,0
faceforensics/real/044/000026.jpg,xception,ffpp_source_safe,val,0,real,0.009186051785945892,0.4307548701763153,0
faceforensics/real/044/000027.jpg,xception,ffpp_source_safe,val,0,real,7.56871304474771e-05,0.4307548701763153,0
faceforensics/real/044/000028.jpg,xception,ffpp_source_safe,val,0,real,0.002258697059005499,0.4307548701763153,0
faceforensics/real/044/000029.jpg,xception,ffpp_source_safe,val,0,real,0.00023641333973500878,0.4307548701763153,0
faceforensics/real/054/000000.jpg,xception,ffpp_source_safe,val,0,real,0.020638547837734222,0.4307548701763153,0
faceforensics/real/054/000001.jpg,xception,ffpp_source_safe,val,0,real,0.001789750182069838,0.4307548701763153,0
faceforensics/real/054/000002.jpg,xception,ffpp_source_safe,val,0,real,0.00045365680125541985,0.4307548701763153,0
faceforensics/real/054/000003.jpg,xception,ffpp_source_safe,val,0,real,0.01643506810069084,0.4307548701763153,0
faceforensics/real/054/000004.jpg,xception,ffpp_source_safe,val,0,real,0.0009728057193569839,0.4307548701763153,0
faceforensics/real/054/000005.jpg,xception,ffpp_source_safe,val,0,real,0.23901864886283875,0.4307548701763153,0
faceforensics/real/054/000006.jpg,xception,ffpp_source_safe,val,0,real,0.17407922446727753,0.4307548701763153,0
faceforensics/real/054/000007.jpg,xception,ffpp_source_safe,val,0,real,0.014927531592547894,0.4307548701763153,0
faceforensics/real/054/000008.jpg,xception,ffpp_source_safe,val,0,real,0.006656935438513756,0.4307548701763153,0
faceforensics/real/054/000009.jpg,xception,ffpp_source_safe,val,0,real,0.09862250089645386,0.4307548701763153,0
faceforensics/real/054/000010.jpg,xception,ffpp_source_safe,val,0,real,0.00026446746778674424,0.4307548701763153,0
faceforensics/real/054/000011.jpg,xception,ffpp_source_safe,val,0,real,7.38954113330692e-05,0.4307548701763153,0
faceforensics/real/054/000012.jpg,xception,ffpp_source_safe,val,0,real,7.281002763193101e-05,0.4307548701763153,0
faceforensics/real/054/000013.jpg,xception,ffpp_source_safe,val,0,real,7.675871893297881e-05,0.4307548701763153,0
faceforensics/real/054/000014.jpg,xception,ffpp_source_safe,val,0,real,0.0012714728945866227,0.4307548701763153,0
faceforensics/real/054/000015.jpg,xception,ffpp_source_safe,val,0,real,0.057660967111587524,0.4307548701763153,0
faceforensics/real/054/000016.jpg,xception,ffpp_source_safe,val,0,real,0.004535024985671043,0.4307548701763153,0
faceforensics/real/054/000017.jpg,xception,ffpp_source_safe,val,0,real,0.0012960094027221203,0.4307548701763153,0
faceforensics/real/054/000018.jpg,xception,ffpp_source_safe,val,0,real,0.0012418837286531925,0.4307548701763153,0
faceforensics/real/054/000019.jpg,xception,ffpp_source_safe,val,0,real,0.0005658120498992503,0.4307548701763153,0
faceforensics/real/054/000020.jpg,xception,ffpp_source_safe,val,0,real,0.0035493571776896715,0.4307548701763153,0
faceforensics/real/054/000021.jpg,xception,ffpp_source_safe,val,0,real,0.0071282354183495045,0.4307548701763153,0
faceforensics/real/054/000022.jpg,xception,ffpp_source_safe,val,0,real,0.001100683817639947,0.4307548701763153,0
faceforensics/real/054/000023.jpg,xception,ffpp_source_safe,val,0,real,0.0028572704177349806,0.4307548701763153,0
faceforensics/real/054/000024.jpg,xception,ffpp_source_safe,val,0,real,0.00032511050812900066,0.4307548701763153,0
faceforensics/real/054/000025.jpg,xception,ffpp_source_safe,val,0,real,0.002985005034133792,0.4307548701763153,0
faceforensics/real/054/000026.jpg,xception,ffpp_source_safe,val,0,real,0.000310107774566859,0.4307548701763153,0
faceforensics/real/054/000027.jpg,xception,ffpp_source_safe,val,0,real,0.0002558582928031683,0.4307548701763153,0
faceforensics/real/054/000028.jpg,xception,ffpp_source_safe,val,0,real,9.38500088523142e-05,0.4307548701763153,0
faceforensics/real/054/000029.jpg,xception,ffpp_source_safe,val,0,real,0.0007695473614148796,0.4307548701763153,0
faceforensics/real/055/000000.jpg,xception,ffpp_source_safe,val,0,real,0.6745972037315369,0.4307548701763153,1
faceforensics/real/055/000001.jpg,xception,ffpp_source_safe,val,0,real,0.8495585918426514,0.4307548701763153,1
faceforensics/real/055/000002.jpg,xception,ffpp_source_safe,val,0,real,0.7151699066162109,0.4307548701763153,1
faceforensics/real/055/000003.jpg,xception,ffpp_source_safe,val,0,real,0.9849501848220825,0.4307548701763153,1
faceforensics/real/055/000004.jpg,xception,ffpp_source_safe,val,0,real,0.9704785346984863,0.4307548701763153,1
faceforensics/real/055/000005.jpg,xception,ffpp_source_safe,val,0,real,0.5631971955299377,0.4307548701763153,1
faceforensics/real/055/000006.jpg,xception,ffpp_source_safe,val,0,real,0.5010442137718201,0.4307548701763153,1
faceforensics/real/055/000007.jpg,xception,ffpp_source_safe,val,0,real,0.9388846158981323,0.4307548701763153,1
faceforensics/real/055/000008.jpg,xception,ffpp_source_safe,val,0,real,0.9822397232055664,0.4307548701763153,1
faceforensics/real/055/000009.jpg,xception,ffpp_source_safe,val,0,real,0.5627171993255615,0.4307548701763153,1
faceforensics/real/055/000010.jpg,xception,ffpp_source_safe,val,0,real,0.5441092848777771,0.4307548701763153,1
faceforensics/real/055/000011.jpg,xception,ffpp_source_safe,val,0,real,0.7902382612228394,0.4307548701763153,1
faceforensics/real/055/000012.jpg,xception,ffpp_source_safe,val,0,real,0.8153380751609802,0.4307548701763153,1
faceforensics/real/055/000013.jpg,xception,ffpp_source_safe,val,0,real,0.9234910011291504,0.4307548701763153,1
faceforensics/real/055/000014.jpg,xception,ffpp_source_safe,val,0,real,0.7350720167160034,0.4307548701763153,1
faceforensics/real/055/000015.jpg,xception,ffpp_source_safe,val,0,real,0.8944106698036194,0.4307548701763153,1
faceforensics/real/055/000016.jpg,xception,ffpp_source_safe,val,0,real,0.9270845651626587,0.4307548701763153,1
faceforensics/real/055/000017.jpg,xception,ffpp_source_safe,val,0,real,0.980585515499115,0.4307548701763153,1
faceforensics/real/055/000018.jpg,xception,ffpp_source_safe,val,0,real,0.498563677072525,0.4307548701763153,1
faceforensics/real/055/000019.jpg,xception,ffpp_source_safe,val,0,real,0.9852613806724548,0.4307548701763153,1
faceforensics/real/055/000020.jpg,xception,ffpp_source_safe,val,0,real,0.924284040927887,0.4307548701763153,1
faceforensics/real/055/000021.jpg,xception,ffpp_source_safe,val,0,real,0.8005109429359436,0.4307548701763153,1
faceforensics/real/055/000022.jpg,xception,ffpp_source_safe,val,0,real,0.48385199904441833,0.4307548701763153,1
faceforensics/real/055/000023.jpg,xception,ffpp_source_safe,val,0,real,0.7856696248054504,0.4307548701763153,1
faceforensics/real/055/000024.jpg,xception,ffpp_source_safe,val,0,real,0.8960508704185486,0.4307548701763153,1
faceforensics/real/055/000025.jpg,xception,ffpp_source_safe,val,0,real,0.9751908183097839,0.4307548701763153,1
faceforensics/real/055/000026.jpg,xception,ffpp_source_safe,val,0,real,0.9621613025665283,0.4307548701763153,1
faceforensics/real/055/000027.jpg,xception,ffpp_source_safe,val,0,real,0.762648344039917,0.4307548701763153,1
faceforensics/real/055/000028.jpg,xception,ffpp_source_safe,val,0,real,0.9309542179107666,0.4307548701763153,1
faceforensics/real/055/000029.jpg,xception,ffpp_source_safe,val,0,real,0.3680664896965027,0.4307548701763153,0
faceforensics/real/071/000000.jpg,xception,ffpp_source_safe,val,0,real,0.9027475118637085,0.4307548701763153,1
faceforensics/real/071/000001.jpg,xception,ffpp_source_safe,val,0,real,0.052955951541662216,0.4307548701763153,0
faceforensics/real/071/000002.jpg,xception,ffpp_source_safe,val,0,real,0.04640674591064453,0.4307548701763153,0
faceforensics/real/071/000003.jpg,xception,ffpp_source_safe,val,0,real,0.06019127741456032,0.4307548701763153,0
faceforensics/real/071/000004.jpg,xception,ffpp_source_safe,val,0,real,0.5696601271629333,0.4307548701763153,1
faceforensics/real/071/000005.jpg,xception,ffpp_source_safe,val,0,real,0.228606715798378,0.4307548701763153,0
faceforensics/real/071/000006.jpg,xception,ffpp_source_safe,val,0,real,0.9960243701934814,0.4307548701763153,1
faceforensics/real/071/000007.jpg,xception,ffpp_source_safe,val,0,real,0.7348281741142273,0.4307548701763153,1
faceforensics/real/071/000008.jpg,xception,ffpp_source_safe,val,0,real,0.3234170377254486,0.4307548701763153,0
faceforensics/real/071/000009.jpg,xception,ffpp_source_safe,val,0,real,0.9285919666290283,0.4307548701763153,1
faceforensics/real/071/000010.jpg,xception,ffpp_source_safe,val,0,real,0.9797678589820862,0.4307548701763153,1
faceforensics/real/071/000011.jpg,xception,ffpp_source_safe,val,0,real,0.9858188629150391,0.4307548701763153,1
faceforensics/real/071/000012.jpg,xception,ffpp_source_safe,val,0,real,0.9828065633773804,0.4307548701763153,1
faceforensics/real/071/000013.jpg,xception,ffpp_source_safe,val,0,real,0.2822621464729309,0.4307548701763153,0
faceforensics/real/071/000014.jpg,xception,ffpp_source_safe,val,0,real,0.34534475207328796,0.4307548701763153,0
faceforensics/real/071/000015.jpg,xception,ffpp_source_safe,val,0,real,0.044079650193452835,0.4307548701763153,0
faceforensics/real/071/000016.jpg,xception,ffpp_source_safe,val,0,real,0.0359383225440979,0.4307548701763153,0
faceforensics/real/071/000017.jpg,xception,ffpp_source_safe,val,0,real,0.3194788098335266,0.4307548701763153,0
faceforensics/real/071/000018.jpg,xception,ffpp_source_safe,val,0,real,0.010777316056191921,0.4307548701763153,0
faceforensics/real/071/000019.jpg,xception,ffpp_source_safe,val,0,real,0.5669996738433838,0.4307548701763153,1
faceforensics/real/071/000020.jpg,xception,ffpp_source_safe,val,0,real,0.3067401945590973,0.4307548701763153,0
faceforensics/real/071/000021.jpg,xception,ffpp_source_safe,val,0,real,0.04302151873707771,0.4307548701763153,0
faceforensics/real/071/000022.jpg,xception,ffpp_source_safe,val,0,real,0.4153728783130646,0.4307548701763153,0
faceforensics/real/071/000023.jpg,xception,ffpp_source_safe,val,0,real,0.879561722278595,0.4307548701763153,1
faceforensics/real/071/000024.jpg,xception,ffpp_source_safe,val,0,real,0.9491322040557861,0.4307548701763153,1
faceforensics/real/071/000025.jpg,xception,ffpp_source_safe,val,0,real,0.8823429346084595,0.4307548701763153,1
faceforensics/real/071/000026.jpg,xception,ffpp_source_safe,val,0,real,0.007567788008600473,0.4307548701763153,0
faceforensics/real/071/000027.jpg,xception,ffpp_source_safe,val,0,real,0.5376669764518738,0.4307548701763153,1
faceforensics/real/071/000028.jpg,xception,ffpp_source_safe,val,0,real,0.0618375800549984,0.4307548701763153,0
faceforensics/real/071/000029.jpg,xception,ffpp_source_safe,val,0,real,0.03977588564157486,0.4307548701763153,0
faceforensics/real/134/000000.jpg,xception,ffpp_source_safe,val,0,real,0.5447395443916321,0.4307548701763153,1
faceforensics/real/134/000001.jpg,xception,ffpp_source_safe,val,0,real,0.6059600710868835,0.4307548701763153,1
faceforensics/real/134/000002.jpg,xception,ffpp_source_safe,val,0,real,0.9180900454521179,0.4307548701763153,1
faceforensics/real/134/000003.jpg,xception,ffpp_source_safe,val,0,real,0.06829138845205307,0.4307548701763153,0
faceforensics/real/134/000004.jpg,xception,ffpp_source_safe,val,0,real,0.9106065630912781,0.4307548701763153,1
faceforensics/real/134/000005.jpg,xception,ffpp_source_safe,val,0,real,0.0119593171402812,0.4307548701763153,0
faceforensics/real/134/000006.jpg,xception,ffpp_source_safe,val,0,real,0.353989839553833,0.4307548701763153,0
faceforensics/real/134/000007.jpg,xception,ffpp_source_safe,val,0,real,0.6377662420272827,0.4307548701763153,1
faceforensics/real/134/000008.jpg,xception,ffpp_source_safe,val,0,real,0.9854200482368469,0.4307548701763153,1
faceforensics/real/134/000009.jpg,xception,ffpp_source_safe,val,0,real,0.9068971276283264,0.4307548701763153,1
faceforensics/real/134/000010.jpg,xception,ffpp_source_safe,val,0,real,0.9987460374832153,0.4307548701763153,1
faceforensics/real/134/000011.jpg,xception,ffpp_source_safe,val,0,real,0.8410662412643433,0.4307548701763153,1
faceforensics/real/134/000012.jpg,xception,ffpp_source_safe,val,0,real,0.7298295497894287,0.4307548701763153,1
faceforensics/real/134/000013.jpg,xception,ffpp_source_safe,val,0,real,0.2005431205034256,0.4307548701763153,0
faceforensics/real/134/000014.jpg,xception,ffpp_source_safe,val,0,real,0.9607813358306885,0.4307548701763153,1
faceforensics/real/134/000015.jpg,xception,ffpp_source_safe,val,0,real,0.8258103728294373,0.4307548701763153,1
faceforensics/real/134/000016.jpg,xception,ffpp_source_safe,val,0,real,0.3811059296131134,0.4307548701763153,0
faceforensics/real/134/000017.jpg,xception,ffpp_source_safe,val,0,real,0.17494063079357147,0.4307548701763153,0
faceforensics/real/134/000018.jpg,xception,ffpp_source_safe,val,0,real,0.542490541934967,0.4307548701763153,1
faceforensics/real/134/000019.jpg,xception,ffpp_source_safe,val,0,real,0.6849298477172852,0.4307548701763153,1
faceforensics/real/134/000020.jpg,xception,ffpp_source_safe,val,0,real,0.022005269303917885,0.4307548701763153,0
faceforensics/real/134/000021.jpg,xception,ffpp_source_safe,val,0,real,0.02580697275698185,0.4307548701763153,0
faceforensics/real/134/000022.jpg,xception,ffpp_source_safe,val,0,real,0.18380069732666016,0.4307548701763153,0
faceforensics/real/134/000023.jpg,xception,ffpp_source_safe,val,0,real,0.18005873262882233,0.4307548701763153,0
faceforensics/real/134/000024.jpg,xception,ffpp_source_safe,val,0,real,0.2914472222328186,0.4307548701763153,0
faceforensics/real/134/000025.jpg,xception,ffpp_source_safe,val,0,real,0.8966755867004395,0.4307548701763153,1
faceforensics/real/134/000026.jpg,xception,ffpp_source_safe,val,0,real,0.1981598436832428,0.4307548701763153,0
faceforensics/real/134/000027.jpg,xception,ffpp_source_safe,val,0,real,0.013102970086038113,0.4307548701763153,0
faceforensics/real/134/000028.jpg,xception,ffpp_source_safe,val,0,real,0.7969307899475098,0.4307548701763153,1
faceforensics/real/134/000029.jpg,xception,ffpp_source_safe,val,0,real,0.023417126387357712,0.4307548701763153,0
faceforensics/real/153/000000.jpg,xception,ffpp_source_safe,val,0,real,0.4350096583366394,0.4307548701763153,1
faceforensics/real/153/000001.jpg,xception,ffpp_source_safe,val,0,real,0.41203635931015015,0.4307548701763153,0
faceforensics/real/153/000002.jpg,xception,ffpp_source_safe,val,0,real,0.9917587637901306,0.4307548701763153,1
faceforensics/real/153/000003.jpg,xception,ffpp_source_safe,val,0,real,0.07447389513254166,0.4307548701763153,0
faceforensics/real/153/000004.jpg,xception,ffpp_source_safe,val,0,real,0.024277400225400925,0.4307548701763153,0
faceforensics/real/153/000005.jpg,xception,ffpp_source_safe,val,0,real,0.6679774522781372,0.4307548701763153,1
faceforensics/real/153/000006.jpg,xception,ffpp_source_safe,val,0,real,0.9991708993911743,0.4307548701763153,1
faceforensics/real/153/000007.jpg,xception,ffpp_source_safe,val,0,real,0.3864542245864868,0.4307548701763153,0
faceforensics/real/153/000008.jpg,xception,ffpp_source_safe,val,0,real,0.2175842821598053,0.4307548701763153,0
faceforensics/real/153/000009.jpg,xception,ffpp_source_safe,val,0,real,0.03418554365634918,0.4307548701763153,0
faceforensics/real/153/000010.jpg,xception,ffpp_source_safe,val,0,real,0.01832578331232071,0.4307548701763153,0
faceforensics/real/153/000011.jpg,xception,ffpp_source_safe,val,0,real,0.11129038780927658,0.4307548701763153,0
faceforensics/real/153/000012.jpg,xception,ffpp_source_safe,val,0,real,0.19648148119449615,0.4307548701763153,0
faceforensics/real/153/000013.jpg,xception,ffpp_source_safe,val,0,real,0.4254888594150543,0.4307548701763153,0
faceforensics/real/153/000014.jpg,xception,ffpp_source_safe,val,0,real,0.08245629817247391,0.4307548701763153,0
faceforensics/real/153/000015.jpg,xception,ffpp_source_safe,val,0,real,0.01160749513655901,0.4307548701763153,0
faceforensics/real/153/000016.jpg,xception,ffpp_source_safe,val,0,real,0.007355763576924801,0.4307548701763153,0
faceforensics/real/153/000017.jpg,xception,ffpp_source_safe,val,0,real,0.06869494915008545,0.4307548701763153,0
faceforensics/real/153/000018.jpg,xception,ffpp_source_safe,val,0,real,0.04007376357913017,0.4307548701763153,0
faceforensics/real/153/000019.jpg,xception,ffpp_source_safe,val,0,real,0.02655220590531826,0.4307548701763153,0
faceforensics/real/153/000020.jpg,xception,ffpp_source_safe,val,0,real,0.21101917326450348,0.4307548701763153,0
faceforensics/real/153/000021.jpg,xception,ffpp_source_safe,val,0,real,0.14835834503173828,0.4307548701763153,0
faceforensics/real/153/000022.jpg,xception,ffpp_source_safe,val,0,real,0.16876600682735443,0.4307548701763153,0
faceforensics/real/153/000023.jpg,xception,ffpp_source_safe,val,0,real,0.9621505737304688,0.4307548701763153,1
faceforensics/real/153/000024.jpg,xception,ffpp_source_safe,val,0,real,0.11401104182004929,0.4307548701763153,0
faceforensics/real/153/000025.jpg,xception,ffpp_source_safe,val,0,real,0.012782754376530647,0.4307548701763153,0
faceforensics/real/153/000026.jpg,xception,ffpp_source_safe,val,0,real,0.02366763912141323,0.4307548701763153,0
faceforensics/real/153/000027.jpg,xception,ffpp_source_safe,val,0,real,0.002112098503857851,0.4307548701763153,0
faceforensics/real/153/000028.jpg,xception,ffpp_source_safe,val,0,real,0.5388391613960266,0.4307548701763153,1
faceforensics/real/153/000029.jpg,xception,ffpp_source_safe,val,0,real,0.26840102672576904,0.4307548701763153,0
faceforensics/real/189/000000.jpg,xception,ffpp_source_safe,val,0,real,0.02540688030421734,0.4307548701763153,0
faceforensics/real/189/000001.jpg,xception,ffpp_source_safe,val,0,real,6.824165029684082e-05,0.4307548701763153,0
faceforensics/real/189/000002.jpg,xception,ffpp_source_safe,val,0,real,0.0048636263236403465,0.4307548701763153,0
faceforensics/real/189/000003.jpg,xception,ffpp_source_safe,val,0,real,0.011893164366483688,0.4307548701763153,0
faceforensics/real/189/000004.jpg,xception,ffpp_source_safe,val,0,real,0.06067390367388725,0.4307548701763153,0
faceforensics/real/189/000005.jpg,xception,ffpp_source_safe,val,0,real,0.01866680197417736,0.4307548701763153,0
faceforensics/real/189/000006.jpg,xception,ffpp_source_safe,val,0,real,0.0014518656535074115,0.4307548701763153,0
faceforensics/real/189/000007.jpg,xception,ffpp_source_safe,val,0,real,0.004677264951169491,0.4307548701763153,0
faceforensics/real/189/000008.jpg,xception,ffpp_source_safe,val,0,real,0.0019585636910051107,0.4307548701763153,0
faceforensics/real/189/000009.jpg,xception,ffpp_source_safe,val,0,real,0.2088872194290161,0.4307548701763153,0
faceforensics/real/189/000010.jpg,xception,ffpp_source_safe,val,0,real,0.02522173337638378,0.4307548701763153,0
faceforensics/real/189/000011.jpg,xception,ffpp_source_safe,val,0,real,0.02850905992090702,0.4307548701763153,0
faceforensics/real/189/000012.jpg,xception,ffpp_source_safe,val,0,real,0.004376016557216644,0.4307548701763153,0
faceforensics/real/189/000013.jpg,xception,ffpp_source_safe,val,0,real,0.0047734822146594524,0.4307548701763153,0
faceforensics/real/189/000014.jpg,xception,ffpp_source_safe,val,0,real,0.8345180749893188,0.4307548701763153,1
faceforensics/real/189/000015.jpg,xception,ffpp_source_safe,val,0,real,0.0009353925124742091,0.4307548701763153,0
faceforensics/real/189/000016.jpg,xception,ffpp_source_safe,val,0,real,0.0006224930402822793,0.4307548701763153,0
faceforensics/real/189/000017.jpg,xception,ffpp_source_safe,val,0,real,0.0015713163884356618,0.4307548701763153,0
faceforensics/real/189/000018.jpg,xception,ffpp_source_safe,val,0,real,0.0033212092239409685,0.4307548701763153,0
faceforensics/real/189/000019.jpg,xception,ffpp_source_safe,val,0,real,0.0004956056363880634,0.4307548701763153,0
faceforensics/real/189/000020.jpg,xception,ffpp_source_safe,val,0,real,0.009405798278748989,0.4307548701763153,0
faceforensics/real/189/000021.jpg,xception,ffpp_source_safe,val,0,real,0.03707597404718399,0.4307548701763153,0
faceforensics/real/189/000022.jpg,xception,ffpp_source_safe,val,0,real,0.5695928931236267,0.4307548701763153,1
faceforensics/real/189/000023.jpg,xception,ffpp_source_safe,val,0,real,0.00063530751504004,0.4307548701763153,0
faceforensics/real/189/000024.jpg,xception,ffpp_source_safe,val,0,real,0.0018489609938114882,0.4307548701763153,0
faceforensics/real/189/000025.jpg,xception,ffpp_source_safe,val,0,real,0.0031881053000688553,0.4307548701763153,0
faceforensics/real/189/000026.jpg,xception,ffpp_source_safe,val,0,real,0.007335114758461714,0.4307548701763153,0
faceforensics/real/189/000027.jpg,xception,ffpp_source_safe,val,0,real,0.0017232880927622318,0.4307548701763153,0
faceforensics/real/189/000028.jpg,xception,ffpp_source_safe,val,0,real,0.014740575104951859,0.4307548701763153,0
faceforensics/real/189/000029.jpg,xception,ffpp_source_safe,val,0,real,0.17803336679935455,0.4307548701763153,0
faceforensics/real/206/000000.jpg,xception,ffpp_source_safe,val,0,real,0.32346808910369873,0.4307548701763153,0
faceforensics/real/206/000001.jpg,xception,ffpp_source_safe,val,0,real,0.6251623034477234,0.4307548701763153,1
faceforensics/real/206/000002.jpg,xception,ffpp_source_safe,val,0,real,0.8079042434692383,0.4307548701763153,1
faceforensics/real/206/000003.jpg,xception,ffpp_source_safe,val,0,real,0.9723718166351318,0.4307548701763153,1
faceforensics/real/206/000004.jpg,xception,ffpp_source_safe,val,0,real,0.9458358883857727,0.4307548701763153,1
faceforensics/real/206/000005.jpg,xception,ffpp_source_safe,val,0,real,0.24316000938415527,0.4307548701763153,0
faceforensics/real/206/000006.jpg,xception,ffpp_source_safe,val,0,real,0.9503553509712219,0.4307548701763153,1
faceforensics/real/206/000007.jpg,xception,ffpp_source_safe,val,0,real,0.44391822814941406,0.4307548701763153,1
faceforensics/real/206/000008.jpg,xception,ffpp_source_safe,val,0,real,0.5584987998008728,0.4307548701763153,1
faceforensics/real/206/000009.jpg,xception,ffpp_source_safe,val,0,real,0.8985425233840942,0.4307548701763153,1
faceforensics/real/206/000010.jpg,xception,ffpp_source_safe,val,0,real,0.7978352308273315,0.4307548701763153,1
faceforensics/real/206/000011.jpg,xception,ffpp_source_safe,val,0,real,0.011268028989434242,0.4307548701763153,0
faceforensics/real/206/000012.jpg,xception,ffpp_source_safe,val,0,real,0.7355077266693115,0.4307548701763153,1
faceforensics/real/206/000013.jpg,xception,ffpp_source_safe,val,0,real,0.9785348176956177,0.4307548701763153,1
faceforensics/real/206/000014.jpg,xception,ffpp_source_safe,val,0,real,0.2401508092880249,0.4307548701763153,0
faceforensics/real/206/000015.jpg,xception,ffpp_source_safe,val,0,real,0.9775635600090027,0.4307548701763153,1
faceforensics/real/206/000016.jpg,xception,ffpp_source_safe,val,0,real,0.8876020312309265,0.4307548701763153,1
faceforensics/real/206/000017.jpg,xception,ffpp_source_safe,val,0,real,0.9885534048080444,0.4307548701763153,1
faceforensics/real/206/000018.jpg,xception,ffpp_source_safe,val,0,real,0.993604838848114,0.4307548701763153,1
faceforensics/real/206/000019.jpg,xception,ffpp_source_safe,val,0,real,0.9198604822158813,0.4307548701763153,1
faceforensics/real/206/000020.jpg,xception,ffpp_source_safe,val,0,real,0.0041954731568694115,0.4307548701763153,0
faceforensics/real/206/000021.jpg,xception,ffpp_source_safe,val,0,real,0.9896949529647827,0.4307548701763153,1
faceforensics/real/206/000022.jpg,xception,ffpp_source_safe,val,0,real,0.9906153678894043,0.4307548701763153,1
faceforensics/real/206/000023.jpg,xception,ffpp_source_safe,val,0,real,0.8412795662879944,0.4307548701763153,1
faceforensics/real/206/000024.jpg,xception,ffpp_source_safe,val,0,real,0.9837383031845093,0.4307548701763153,1
faceforensics/real/206/000025.jpg,xception,ffpp_source_safe,val,0,real,0.9436674118041992,0.4307548701763153,1
faceforensics/real/206/000026.jpg,xception,ffpp_source_safe,val,0,real,0.9811088442802429,0.4307548701763153,1
faceforensics/real/206/000027.jpg,xception,ffpp_source_safe,val,0,real,0.6428651213645935,0.4307548701763153,1
faceforensics/real/206/000028.jpg,xception,ffpp_source_safe,val,0,real,0.5088086724281311,0.4307548701763153,1
faceforensics/real/206/000029.jpg,xception,ffpp_source_safe,val,0,real,0.011303730309009552,0.4307548701763153,0
faceforensics/real/284/000000.jpg,xception,ffpp_source_safe,val,0,real,0.006290897727012634,0.4307548701763153,0
faceforensics/real/284/000001.jpg,xception,ffpp_source_safe,val,0,real,0.018978804349899292,0.4307548701763153,0
faceforensics/real/284/000002.jpg,xception,ffpp_source_safe,val,0,real,0.0245356447994709,0.4307548701763153,0
faceforensics/real/284/000003.jpg,xception,ffpp_source_safe,val,0,real,0.9317108392715454,0.4307548701763153,1
faceforensics/real/284/000004.jpg,xception,ffpp_source_safe,val,0,real,0.9251764416694641,0.4307548701763153,1
faceforensics/real/284/000005.jpg,xception,ffpp_source_safe,val,0,real,0.8537201285362244,0.4307548701763153,1
faceforensics/real/284/000006.jpg,xception,ffpp_source_safe,val,0,real,0.9872547388076782,0.4307548701763153,1
faceforensics/real/284/000007.jpg,xception,ffpp_source_safe,val,0,real,0.3526270389556885,0.4307548701763153,0
faceforensics/real/284/000008.jpg,xception,ffpp_source_safe,val,0,real,0.3788260817527771,0.4307548701763153,0
faceforensics/real/284/000009.jpg,xception,ffpp_source_safe,val,0,real,0.007041602861136198,0.4307548701763153,0
faceforensics/real/284/000010.jpg,xception,ffpp_source_safe,val,0,real,0.8433133363723755,0.4307548701763153,1
faceforensics/real/284/000011.jpg,xception,ffpp_source_safe,val,0,real,0.8950568437576294,0.4307548701763153,1
faceforensics/real/284/000012.jpg,xception,ffpp_source_safe,val,0,real,0.6184894442558289,0.4307548701763153,1
faceforensics/real/284/000013.jpg,xception,ffpp_source_safe,val,0,real,0.8118232488632202,0.4307548701763153,1
faceforensics/real/284/000014.jpg,xception,ffpp_source_safe,val,0,real,0.02253761887550354,0.4307548701763153,0
faceforensics/real/284/000015.jpg,xception,ffpp_source_safe,val,0,real,0.0015883597079664469,0.4307548701763153,0
faceforensics/real/284/000016.jpg,xception,ffpp_source_safe,val,0,real,0.003965344280004501,0.4307548701763153,0
faceforensics/real/284/000017.jpg,xception,ffpp_source_safe,val,0,real,0.11796295642852783,0.4307548701763153,0
faceforensics/real/284/000018.jpg,xception,ffpp_source_safe,val,0,real,0.8289167881011963,0.4307548701763153,1
faceforensics/real/284/000019.jpg,xception,ffpp_source_safe,val,0,real,0.055108435451984406,0.4307548701763153,0
faceforensics/real/284/000020.jpg,xception,ffpp_source_safe,val,0,real,0.4109565317630768,0.4307548701763153,0
faceforensics/real/284/000021.jpg,xception,ffpp_source_safe,val,0,real,0.011213773861527443,0.4307548701763153,0
faceforensics/real/284/000022.jpg,xception,ffpp_source_safe,val,0,real,0.13516472280025482,0.4307548701763153,0
faceforensics/real/284/000023.jpg,xception,ffpp_source_safe,val,0,real,0.1616567224264145,0.4307548701763153,0
faceforensics/real/284/000024.jpg,xception,ffpp_source_safe,val,0,real,0.19815970957279205,0.4307548701763153,0
faceforensics/real/284/000025.jpg,xception,ffpp_source_safe,val,0,real,0.9832003116607666,0.4307548701763153,1
faceforensics/real/284/000026.jpg,xception,ffpp_source_safe,val,0,real,0.04746879264712334,0.4307548701763153,0
faceforensics/real/284/000027.jpg,xception,ffpp_source_safe,val,0,real,0.4448765814304352,0.4307548701763153,1
faceforensics/real/284/000028.jpg,xception,ffpp_source_safe,val,0,real,0.001888429163955152,0.4307548701763153,0
faceforensics/real/284/000029.jpg,xception,ffpp_source_safe,val,0,real,0.0051537370309233665,0.4307548701763153,0
faceforensics/real/324/000000.jpg,xception,ffpp_source_safe,val,0,real,0.12854589521884918,0.4307548701763153,0
faceforensics/real/324/000001.jpg,xception,ffpp_source_safe,val,0,real,0.26809248328208923,0.4307548701763153,0
faceforensics/real/324/000002.jpg,xception,ffpp_source_safe,val,0,real,0.04062956944108009,0.4307548701763153,0
faceforensics/real/324/000003.jpg,xception,ffpp_source_safe,val,0,real,0.029340988025069237,0.4307548701763153,0
faceforensics/real/324/000004.jpg,xception,ffpp_source_safe,val,0,real,0.03857499733567238,0.4307548701763153,0
faceforensics/real/324/000005.jpg,xception,ffpp_source_safe,val,0,real,0.03640466555953026,0.4307548701763153,0
faceforensics/real/324/000006.jpg,xception,ffpp_source_safe,val,0,real,0.017574356868863106,0.4307548701763153,0
faceforensics/real/324/000007.jpg,xception,ffpp_source_safe,val,0,real,0.08786424994468689,0.4307548701763153,0
faceforensics/real/324/000008.jpg,xception,ffpp_source_safe,val,0,real,0.4210784137248993,0.4307548701763153,0
faceforensics/real/324/000009.jpg,xception,ffpp_source_safe,val,0,real,0.09276710450649261,0.4307548701763153,0
faceforensics/real/324/000010.jpg,xception,ffpp_source_safe,val,0,real,0.04652814567089081,0.4307548701763153,0
faceforensics/real/324/000011.jpg,xception,ffpp_source_safe,val,0,real,0.007108110003173351,0.4307548701763153,0
faceforensics/real/324/000012.jpg,xception,ffpp_source_safe,val,0,real,0.21823351085186005,0.4307548701763153,0
faceforensics/real/324/000013.jpg,xception,ffpp_source_safe,val,0,real,0.011824537068605423,0.4307548701763153,0
faceforensics/real/324/000014.jpg,xception,ffpp_source_safe,val,0,real,0.12310084700584412,0.4307548701763153,0
faceforensics/real/324/000015.jpg,xception,ffpp_source_safe,val,0,real,0.348040372133255,0.4307548701763153,0
faceforensics/real/324/000016.jpg,xception,ffpp_source_safe,val,0,real,0.01332147978246212,0.4307548701763153,0
faceforensics/real/324/000017.jpg,xception,ffpp_source_safe,val,0,real,0.11470147222280502,0.4307548701763153,0
faceforensics/real/324/000018.jpg,xception,ffpp_source_safe,val,0,real,0.13133816421031952,0.4307548701763153,0
faceforensics/real/324/000019.jpg,xception,ffpp_source_safe,val,0,real,0.3069095015525818,0.4307548701763153,0
faceforensics/real/324/000020.jpg,xception,ffpp_source_safe,val,0,real,0.17531998455524445,0.4307548701763153,0
faceforensics/real/324/000021.jpg,xception,ffpp_source_safe,val,0,real,0.13536585867404938,0.4307548701763153,0
faceforensics/real/324/000022.jpg,xception,ffpp_source_safe,val,0,real,0.01073407381772995,0.4307548701763153,0
faceforensics/real/324/000023.jpg,xception,ffpp_source_safe,val,0,real,0.7183258533477783,0.4307548701763153,1
faceforensics/real/324/000024.jpg,xception,ffpp_source_safe,val,0,real,0.029689213261008263,0.4307548701763153,0
faceforensics/real/324/000025.jpg,xception,ffpp_source_safe,val,0,real,0.06664536148309708,0.4307548701763153,0
faceforensics/real/324/000026.jpg,xception,ffpp_source_safe,val,0,real,0.07073090225458145,0.4307548701763153,0
faceforensics/real/324/000027.jpg,xception,ffpp_source_safe,val,0,real,0.004797736648470163,0.4307548701763153,0
faceforensics/real/324/000028.jpg,xception,ffpp_source_safe,val,0,real,0.011738447472453117,0.4307548701763153,0
faceforensics/real/324/000029.jpg,xception,ffpp_source_safe,val,0,real,0.028056584298610687,0.4307548701763153,0
faceforensics/real/376/000000.jpg,xception,ffpp_source_safe,val,0,real,0.0004467075632419437,0.4307548701763153,0
faceforensics/real/376/000001.jpg,xception,ffpp_source_safe,val,0,real,0.005642261356115341,0.4307548701763153,0
faceforensics/real/376/000002.jpg,xception,ffpp_source_safe,val,0,real,0.002555355429649353,0.4307548701763153,0
faceforensics/real/376/000003.jpg,xception,ffpp_source_safe,val,0,real,0.006870418321341276,0.4307548701763153,0
faceforensics/real/376/000004.jpg,xception,ffpp_source_safe,val,0,real,0.0909682959318161,0.4307548701763153,0
faceforensics/real/376/000005.jpg,xception,ffpp_source_safe,val,0,real,0.02224222756922245,0.4307548701763153,0
faceforensics/real/376/000006.jpg,xception,ffpp_source_safe,val,0,real,0.00468889344483614,0.4307548701763153,0
faceforensics/real/376/000007.jpg,xception,ffpp_source_safe,val,0,real,0.008892254903912544,0.4307548701763153,0
faceforensics/real/376/000008.jpg,xception,ffpp_source_safe,val,0,real,0.0019545252434909344,0.4307548701763153,0
faceforensics/real/376/000009.jpg,xception,ffpp_source_safe,val,0,real,0.03133708983659744,0.4307548701763153,0
faceforensics/real/376/000010.jpg,xception,ffpp_source_safe,val,0,real,0.0023445961996912956,0.4307548701763153,0
faceforensics/real/376/000011.jpg,xception,ffpp_source_safe,val,0,real,0.0015015697572380304,0.4307548701763153,0
faceforensics/real/376/000012.jpg,xception,ffpp_source_safe,val,0,real,0.005776693113148212,0.4307548701763153,0
faceforensics/real/376/000013.jpg,xception,ffpp_source_safe,val,0,real,0.001724321162328124,0.4307548701763153,0
faceforensics/real/376/000014.jpg,xception,ffpp_source_safe,val,0,real,0.00669176084920764,0.4307548701763153,0
faceforensics/real/376/000015.jpg,xception,ffpp_source_safe,val,0,real,0.022849097847938538,0.4307548701763153,0
faceforensics/real/376/000016.jpg,xception,ffpp_source_safe,val,0,real,0.011828816495835781,0.4307548701763153,0
faceforensics/real/376/000017.jpg,xception,ffpp_source_safe,val,0,real,0.09134040027856827,0.4307548701763153,0
faceforensics/real/376/000018.jpg,xception,ffpp_source_safe,val,0,real,0.039861954748630524,0.4307548701763153,0
faceforensics/real/376/000019.jpg,xception,ffpp_source_safe,val,0,real,0.0013156739296391606,0.4307548701763153,0
faceforensics/real/376/000020.jpg,xception,ffpp_source_safe,val,0,real,0.08221948146820068,0.4307548701763153,0
faceforensics/real/376/000021.jpg,xception,ffpp_source_safe,val,0,real,0.6578605771064758,0.4307548701763153,1
faceforensics/real/376/000022.jpg,xception,ffpp_source_safe,val,0,real,0.0009440890862606466,0.4307548701763153,0
faceforensics/real/376/000023.jpg,xception,ffpp_source_safe,val,0,real,0.04679339751601219,0.4307548701763153,0
faceforensics/real/376/000024.jpg,xception,ffpp_source_safe,val,0,real,0.015041780658066273,0.4307548701763153,0
faceforensics/real/376/000025.jpg,xception,ffpp_source_safe,val,0,real,0.0032033983152359724,0.4307548701763153,0
faceforensics/real/376/000026.jpg,xception,ffpp_source_safe,val,0,real,0.0025551149155944586,0.4307548701763153,0
faceforensics/real/376/000027.jpg,xception,ffpp_source_safe,val,0,real,0.03149213641881943,0.4307548701763153,0
faceforensics/real/376/000028.jpg,xception,ffpp_source_safe,val,0,real,0.020353706553578377,0.4307548701763153,0
faceforensics/real/376/000029.jpg,xception,ffpp_source_safe,val,0,real,0.005170055199414492,0.4307548701763153,0
faceforensics/real/381/000000.jpg,xception,ffpp_source_safe,val,0,real,0.00861539226025343,0.4307548701763153,0
faceforensics/real/381/000001.jpg,xception,ffpp_source_safe,val,0,real,0.003082436276599765,0.4307548701763153,0
faceforensics/real/381/000002.jpg,xception,ffpp_source_safe,val,0,real,0.003123335540294647,0.4307548701763153,0
faceforensics/real/381/000003.jpg,xception,ffpp_source_safe,val,0,real,0.0050182584673166275,0.4307548701763153,0
faceforensics/real/381/000004.jpg,xception,ffpp_source_safe,val,0,real,0.6460418105125427,0.4307548701763153,1
faceforensics/real/381/000005.jpg,xception,ffpp_source_safe,val,0,real,0.005645141005516052,0.4307548701763153,0
faceforensics/real/381/000006.jpg,xception,ffpp_source_safe,val,0,real,0.02506091445684433,0.4307548701763153,0
faceforensics/real/381/000007.jpg,xception,ffpp_source_safe,val,0,real,0.013742068782448769,0.4307548701763153,0
faceforensics/real/381/000008.jpg,xception,ffpp_source_safe,val,0,real,0.0012753650080412626,0.4307548701763153,0
faceforensics/real/381/000009.jpg,xception,ffpp_source_safe,val,0,real,0.00015618580800946802,0.4307548701763153,0
faceforensics/real/381/000010.jpg,xception,ffpp_source_safe,val,0,real,0.002131807152181864,0.4307548701763153,0
faceforensics/real/381/000011.jpg,xception,ffpp_source_safe,val,0,real,0.07950569689273834,0.4307548701763153,0
faceforensics/real/381/000012.jpg,xception,ffpp_source_safe,val,0,real,0.024848632514476776,0.4307548701763153,0
faceforensics/real/381/000013.jpg,xception,ffpp_source_safe,val,0,real,0.0010531737934798002,0.4307548701763153,0
faceforensics/real/381/000014.jpg,xception,ffpp_source_safe,val,0,real,0.0002222969924332574,0.4307548701763153,0
faceforensics/real/381/000015.jpg,xception,ffpp_source_safe,val,0,real,0.0006157880998216569,0.4307548701763153,0
faceforensics/real/381/000016.jpg,xception,ffpp_source_safe,val,0,real,0.00032811344135552645,0.4307548701763153,0
faceforensics/real/381/000017.jpg,xception,ffpp_source_safe,val,0,real,0.0008146872278302908,0.4307548701763153,0
faceforensics/real/381/000018.jpg,xception,ffpp_source_safe,val,0,real,0.000568768591620028,0.4307548701763153,0
faceforensics/real/381/000019.jpg,xception,ffpp_source_safe,val,0,real,0.00914369523525238,0.4307548701763153,0
faceforensics/real/381/000020.jpg,xception,ffpp_source_safe,val,0,real,0.018938757479190826,0.4307548701763153,0
faceforensics/real/381/000021.jpg,xception,ffpp_source_safe,val,0,real,0.005515537224709988,0.4307548701763153,0
faceforensics/real/381/000022.jpg,xception,ffpp_source_safe,val,0,real,0.014324024319648743,0.4307548701763153,0
faceforensics/real/381/000023.jpg,xception,ffpp_source_safe,val,0,real,0.0032081857789307833,0.4307548701763153,0
faceforensics/real/381/000024.jpg,xception,ffpp_source_safe,val,0,real,0.022563979029655457,0.4307548701763153,0
faceforensics/real/381/000025.jpg,xception,ffpp_source_safe,val,0,real,0.16347528994083405,0.4307548701763153,0
faceforensics/real/381/000026.jpg,xception,ffpp_source_safe,val,0,real,0.010970881208777428,0.4307548701763153,0
faceforensics/real/381/000027.jpg,xception,ffpp_source_safe,val,0,real,0.0012569997925311327,0.4307548701763153,0
faceforensics/real/381/000028.jpg,xception,ffpp_source_safe,val,0,real,0.009797957725822926,0.4307548701763153,0
faceforensics/real/381/000029.jpg,xception,ffpp_source_safe,val,0,real,0.00047654221998527646,0.4307548701763153,0
faceforensics/real/441/000000.jpg,xception,ffpp_source_safe,val,0,real,0.25050580501556396,0.4307548701763153,0
faceforensics/real/441/000001.jpg,xception,ffpp_source_safe,val,0,real,0.037929993122816086,0.4307548701763153,0
faceforensics/real/441/000002.jpg,xception,ffpp_source_safe,val,0,real,0.18828588724136353,0.4307548701763153,0
faceforensics/real/441/000003.jpg,xception,ffpp_source_safe,val,0,real,0.42972397804260254,0.4307548701763153,0
faceforensics/real/441/000004.jpg,xception,ffpp_source_safe,val,0,real,0.6382752656936646,0.4307548701763153,1
faceforensics/real/441/000005.jpg,xception,ffpp_source_safe,val,0,real,0.08955097198486328,0.4307548701763153,0
faceforensics/real/441/000006.jpg,xception,ffpp_source_safe,val,0,real,0.07029866427183151,0.4307548701763153,0
faceforensics/real/441/000007.jpg,xception,ffpp_source_safe,val,0,real,0.08812430500984192,0.4307548701763153,0
faceforensics/real/441/000008.jpg,xception,ffpp_source_safe,val,0,real,0.034278079867362976,0.4307548701763153,0
faceforensics/real/441/000009.jpg,xception,ffpp_source_safe,val,0,real,0.1346369832754135,0.4307548701763153,0
faceforensics/real/441/000010.jpg,xception,ffpp_source_safe,val,0,real,0.2583455741405487,0.4307548701763153,0
faceforensics/real/441/000011.jpg,xception,ffpp_source_safe,val,0,real,0.01848692074418068,0.4307548701763153,0
faceforensics/real/441/000012.jpg,xception,ffpp_source_safe,val,0,real,0.953150749206543,0.4307548701763153,1
faceforensics/real/441/000013.jpg,xception,ffpp_source_safe,val,0,real,0.5601935386657715,0.4307548701763153,1
faceforensics/real/441/000014.jpg,xception,ffpp_source_safe,val,0,real,0.8715358972549438,0.4307548701763153,1
faceforensics/real/441/000015.jpg,xception,ffpp_source_safe,val,0,real,0.008521812036633492,0.4307548701763153,0
faceforensics/real/441/000016.jpg,xception,ffpp_source_safe,val,0,real,0.006889122072607279,0.4307548701763153,0
faceforensics/real/441/000017.jpg,xception,ffpp_source_safe,val,0,real,0.7165274024009705,0.4307548701763153,1
faceforensics/real/441/000018.jpg,xception,ffpp_source_safe,val,0,real,0.007185823284089565,0.4307548701763153,0
faceforensics/real/441/000019.jpg,xception,ffpp_source_safe,val,0,real,0.2398965060710907,0.4307548701763153,0
faceforensics/real/441/000020.jpg,xception,ffpp_source_safe,val,0,real,0.20202727615833282,0.4307548701763153,0
faceforensics/real/441/000021.jpg,xception,ffpp_source_safe,val,0,real,0.1623905748128891,0.4307548701763153,0
faceforensics/real/441/000022.jpg,xception,ffpp_source_safe,val,0,real,0.041270554065704346,0.4307548701763153,0
faceforensics/real/441/000023.jpg,xception,ffpp_source_safe,val,0,real,0.691963255405426,0.4307548701763153,1
faceforensics/real/441/000024.jpg,xception,ffpp_source_safe,val,0,real,0.406743586063385,0.4307548701763153,0
faceforensics/real/441/000025.jpg,xception,ffpp_source_safe,val,0,real,0.4002130627632141,0.4307548701763153,0
faceforensics/real/441/000026.jpg,xception,ffpp_source_safe,val,0,real,0.42694488167762756,0.4307548701763153,0
faceforensics/real/441/000027.jpg,xception,ffpp_source_safe,val,0,real,0.41296038031578064,0.4307548701763153,0
faceforensics/real/441/000028.jpg,xception,ffpp_source_safe,val,0,real,0.06589456647634506,0.4307548701763153,0
faceforensics/real/441/000029.jpg,xception,ffpp_source_safe,val,0,real,0.27789098024368286,0.4307548701763153,0
faceforensics/real/479/000000.jpg,xception,ffpp_source_safe,val,0,real,0.01723071001470089,0.4307548701763153,0
faceforensics/real/479/000001.jpg,xception,ffpp_source_safe,val,0,real,0.0010643850546330214,0.4307548701763153,0
faceforensics/real/479/000002.jpg,xception,ffpp_source_safe,val,0,real,0.10021907836198807,0.4307548701763153,0
faceforensics/real/479/000003.jpg,xception,ffpp_source_safe,val,0,real,0.0038031807634979486,0.4307548701763153,0
faceforensics/real/479/000004.jpg,xception,ffpp_source_safe,val,0,real,0.0056520323269069195,0.4307548701763153,0
faceforensics/real/479/000005.jpg,xception,ffpp_source_safe,val,0,real,0.008199849165976048,0.4307548701763153,0
faceforensics/real/479/000006.jpg,xception,ffpp_source_safe,val,0,real,0.0019038020400330424,0.4307548701763153,0
faceforensics/real/479/000007.jpg,xception,ffpp_source_safe,val,0,real,0.041130900382995605,0.4307548701763153,0
faceforensics/real/479/000008.jpg,xception,ffpp_source_safe,val,0,real,0.060334641486406326,0.4307548701763153,0
faceforensics/real/479/000009.jpg,xception,ffpp_source_safe,val,0,real,0.00015838742547202855,0.4307548701763153,0
faceforensics/real/479/000010.jpg,xception,ffpp_source_safe,val,0,real,0.005080769304186106,0.4307548701763153,0
faceforensics/real/479/000011.jpg,xception,ffpp_source_safe,val,0,real,0.4424506723880768,0.4307548701763153,1
faceforensics/real/479/000012.jpg,xception,ffpp_source_safe,val,0,real,0.03988982364535332,0.4307548701763153,0
faceforensics/real/479/000013.jpg,xception,ffpp_source_safe,val,0,real,0.0008304117363877594,0.4307548701763153,0
faceforensics/real/479/000014.jpg,xception,ffpp_source_safe,val,0,real,0.004165413323789835,0.4307548701763153,0
faceforensics/real/479/000015.jpg,xception,ffpp_source_safe,val,0,real,0.0036667000968009233,0.4307548701763153,0
faceforensics/real/479/000016.jpg,xception,ffpp_source_safe,val,0,real,0.010011008940637112,0.4307548701763153,0
faceforensics/real/479/000017.jpg,xception,ffpp_source_safe,val,0,real,0.027872949838638306,0.4307548701763153,0
faceforensics/real/479/000018.jpg,xception,ffpp_source_safe,val,0,real,0.00020847083942499012,0.4307548701763153,0
faceforensics/real/479/000019.jpg,xception,ffpp_source_safe,val,0,real,0.016229894012212753,0.4307548701763153,0
faceforensics/real/479/000020.jpg,xception,ffpp_source_safe,val,0,real,0.007039772346615791,0.4307548701763153,0
faceforensics/real/479/000021.jpg,xception,ffpp_source_safe,val,0,real,0.001996575854718685,0.4307548701763153,0
faceforensics/real/479/000022.jpg,xception,ffpp_source_safe,val,0,real,0.02392251044511795,0.4307548701763153,0
faceforensics/real/479/000023.jpg,xception,ffpp_source_safe,val,0,real,0.011157357133924961,0.4307548701763153,0
faceforensics/real/479/000024.jpg,xception,ffpp_source_safe,val,0,real,0.005274736788123846,0.4307548701763153,0
faceforensics/real/479/000025.jpg,xception,ffpp_source_safe,val,0,real,0.04802315682172775,0.4307548701763153,0
faceforensics/real/479/000026.jpg,xception,ffpp_source_safe,val,0,real,0.1837548017501831,0.4307548701763153,0
faceforensics/real/479/000027.jpg,xception,ffpp_source_safe,val,0,real,0.0070593045093119144,0.4307548701763153,0
faceforensics/real/479/000028.jpg,xception,ffpp_source_safe,val,0,real,0.005754743702709675,0.4307548701763153,0
faceforensics/real/479/000029.jpg,xception,ffpp_source_safe,val,0,real,0.004331553354859352,0.4307548701763153,0
faceforensics/real/520/000000.jpg,xception,ffpp_source_safe,val,0,real,0.792585551738739,0.4307548701763153,1
faceforensics/real/520/000001.jpg,xception,ffpp_source_safe,val,0,real,0.18900066614151,0.4307548701763153,0
faceforensics/real/520/000002.jpg,xception,ffpp_source_safe,val,0,real,0.21878787875175476,0.4307548701763153,0
faceforensics/real/520/000003.jpg,xception,ffpp_source_safe,val,0,real,0.11632756888866425,0.4307548701763153,0
faceforensics/real/520/000004.jpg,xception,ffpp_source_safe,val,0,real,0.26643913984298706,0.4307548701763153,0
faceforensics/real/520/000005.jpg,xception,ffpp_source_safe,val,0,real,0.6665862202644348,0.4307548701763153,1
faceforensics/real/520/000006.jpg,xception,ffpp_source_safe,val,0,real,0.754040002822876,0.4307548701763153,1
faceforensics/real/520/000007.jpg,xception,ffpp_source_safe,val,0,real,0.5453696250915527,0.4307548701763153,1
faceforensics/real/520/000008.jpg,xception,ffpp_source_safe,val,0,real,0.9086720943450928,0.4307548701763153,1
faceforensics/real/520/000009.jpg,xception,ffpp_source_safe,val,0,real,0.039361096918582916,0.4307548701763153,0
faceforensics/real/520/000010.jpg,xception,ffpp_source_safe,val,0,real,0.6407461762428284,0.4307548701763153,1
faceforensics/real/520/000011.jpg,xception,ffpp_source_safe,val,0,real,0.021082883700728416,0.4307548701763153,0
faceforensics/real/520/000012.jpg,xception,ffpp_source_safe,val,0,real,0.3888884484767914,0.4307548701763153,0
faceforensics/real/520/000013.jpg,xception,ffpp_source_safe,val,0,real,0.3071238696575165,0.4307548701763153,0
faceforensics/real/520/000014.jpg,xception,ffpp_source_safe,val,0,real,0.5492193102836609,0.4307548701763153,1
faceforensics/real/520/000015.jpg,xception,ffpp_source_safe,val,0,real,0.676399827003479,0.4307548701763153,1
faceforensics/real/520/000016.jpg,xception,ffpp_source_safe,val,0,real,0.3301524519920349,0.4307548701763153,0
faceforensics/real/520/000017.jpg,xception,ffpp_source_safe,val,0,real,0.9368141889572144,0.4307548701763153,1
faceforensics/real/520/000018.jpg,xception,ffpp_source_safe,val,0,real,0.8952678442001343,0.4307548701763153,1
faceforensics/real/520/000019.jpg,xception,ffpp_source_safe,val,0,real,0.33658427000045776,0.4307548701763153,0
faceforensics/real/520/000020.jpg,xception,ffpp_source_safe,val,0,real,0.5122162699699402,0.4307548701763153,1
faceforensics/real/520/000021.jpg,xception,ffpp_source_safe,val,0,real,0.9923381805419922,0.4307548701763153,1
faceforensics/real/520/000022.jpg,xception,ffpp_source_safe,val,0,real,0.9493507742881775,0.4307548701763153,1
faceforensics/real/520/000023.jpg,xception,ffpp_source_safe,val,0,real,0.9960619807243347,0.4307548701763153,1
faceforensics/real/520/000024.jpg,xception,ffpp_source_safe,val,0,real,0.3903507888317108,0.4307548701763153,0
faceforensics/real/520/000025.jpg,xception,ffpp_source_safe,val,0,real,0.3847338557243347,0.4307548701763153,0
faceforensics/real/520/000026.jpg,xception,ffpp_source_safe,val,0,real,0.7729673981666565,0.4307548701763153,1
faceforensics/real/520/000027.jpg,xception,ffpp_source_safe,val,0,real,0.852750837802887,0.4307548701763153,1
faceforensics/real/520/000028.jpg,xception,ffpp_source_safe,val,0,real,0.01448815781623125,0.4307548701763153,0
faceforensics/real/520/000029.jpg,xception,ffpp_source_safe,val,0,real,0.008286835625767708,0.4307548701763153,0
faceforensics/real/589/000000.jpg,xception,ffpp_source_safe,val,0,real,0.00027289616991765797,0.4307548701763153,0
faceforensics/real/589/000001.jpg,xception,ffpp_source_safe,val,0,real,0.34943822026252747,0.4307548701763153,0
faceforensics/real/589/000002.jpg,xception,ffpp_source_safe,val,0,real,0.33163556456565857,0.4307548701763153,0
faceforensics/real/589/000003.jpg,xception,ffpp_source_safe,val,0,real,0.035577259957790375,0.4307548701763153,0
faceforensics/real/589/000004.jpg,xception,ffpp_source_safe,val,0,real,0.6976557374000549,0.4307548701763153,1
faceforensics/real/589/000005.jpg,xception,ffpp_source_safe,val,0,real,0.9904530048370361,0.4307548701763153,1
faceforensics/real/589/000006.jpg,xception,ffpp_source_safe,val,0,real,0.8834115266799927,0.4307548701763153,1
faceforensics/real/589/000007.jpg,xception,ffpp_source_safe,val,0,real,0.9950939416885376,0.4307548701763153,1
faceforensics/real/589/000008.jpg,xception,ffpp_source_safe,val,0,real,0.4366523027420044,0.4307548701763153,1
faceforensics/real/589/000009.jpg,xception,ffpp_source_safe,val,0,real,0.10715192556381226,0.4307548701763153,0
faceforensics/real/589/000010.jpg,xception,ffpp_source_safe,val,0,real,0.07966306805610657,0.4307548701763153,0
faceforensics/real/589/000011.jpg,xception,ffpp_source_safe,val,0,real,0.22136016190052032,0.4307548701763153,0
faceforensics/real/589/000012.jpg,xception,ffpp_source_safe,val,0,real,0.9398059248924255,0.4307548701763153,1
faceforensics/real/589/000013.jpg,xception,ffpp_source_safe,val,0,real,0.6407071352005005,0.4307548701763153,1
faceforensics/real/589/000014.jpg,xception,ffpp_source_safe,val,0,real,0.10276073962450027,0.4307548701763153,0
faceforensics/real/589/000015.jpg,xception,ffpp_source_safe,val,0,real,0.03966270759701729,0.4307548701763153,0
faceforensics/real/589/000016.jpg,xception,ffpp_source_safe,val,0,real,0.4077228009700775,0.4307548701763153,0
faceforensics/real/589/000017.jpg,xception,ffpp_source_safe,val,0,real,0.5134754180908203,0.4307548701763153,1
faceforensics/real/589/000018.jpg,xception,ffpp_source_safe,val,0,real,0.36705631017684937,0.4307548701763153,0
faceforensics/real/589/000019.jpg,xception,ffpp_source_safe,val,0,real,0.712142825126648,0.4307548701763153,1
faceforensics/real/589/000020.jpg,xception,ffpp_source_safe,val,0,real,0.6877308487892151,0.4307548701763153,1
faceforensics/real/589/000021.jpg,xception,ffpp_source_safe,val,0,real,0.9382660388946533,0.4307548701763153,1
faceforensics/real/589/000022.jpg,xception,ffpp_source_safe,val,0,real,0.08654187619686127,0.4307548701763153,0
faceforensics/real/589/000023.jpg,xception,ffpp_source_safe,val,0,real,0.26533830165863037,0.4307548701763153,0
faceforensics/real/589/000024.jpg,xception,ffpp_source_safe,val,0,real,0.874906063079834,0.4307548701763153,1
faceforensics/real/589/000025.jpg,xception,ffpp_source_safe,val,0,real,0.8783005475997925,0.4307548701763153,1
faceforensics/real/589/000026.jpg,xception,ffpp_source_safe,val,0,real,0.12914159893989563,0.4307548701763153,0
faceforensics/real/589/000027.jpg,xception,ffpp_source_safe,val,0,real,0.4643491208553314,0.4307548701763153,1
faceforensics/real/589/000028.jpg,xception,ffpp_source_safe,val,0,real,0.9122288823127747,0.4307548701763153,1
faceforensics/real/589/000029.jpg,xception,ffpp_source_safe,val,0,real,0.012943273410201073,0.4307548701763153,0
faceforensics/real/607/000000.jpg,xception,ffpp_source_safe,val,0,real,0.005876094568520784,0.4307548701763153,0
faceforensics/real/607/000001.jpg,xception,ffpp_source_safe,val,0,real,0.006442774087190628,0.4307548701763153,0
faceforensics/real/607/000002.jpg,xception,ffpp_source_safe,val,0,real,0.018685758113861084,0.4307548701763153,0
faceforensics/real/607/000003.jpg,xception,ffpp_source_safe,val,0,real,0.005518932826817036,0.4307548701763153,0
faceforensics/real/607/000004.jpg,xception,ffpp_source_safe,val,0,real,0.0013300837017595768,0.4307548701763153,0
faceforensics/real/607/000005.jpg,xception,ffpp_source_safe,val,0,real,0.04333682730793953,0.4307548701763153,0
faceforensics/real/607/000006.jpg,xception,ffpp_source_safe,val,0,real,0.006680980324745178,0.4307548701763153,0
faceforensics/real/607/000007.jpg,xception,ffpp_source_safe,val,0,real,0.007049962412565947,0.4307548701763153,0
faceforensics/real/607/000008.jpg,xception,ffpp_source_safe,val,0,real,0.005531071685254574,0.4307548701763153,0
faceforensics/real/607/000009.jpg,xception,ffpp_source_safe,val,0,real,0.01585853472352028,0.4307548701763153,0
faceforensics/real/607/000010.jpg,xception,ffpp_source_safe,val,0,real,0.03716108947992325,0.4307548701763153,0
faceforensics/real/607/000011.jpg,xception,ffpp_source_safe,val,0,real,0.01755858026444912,0.4307548701763153,0
faceforensics/real/607/000012.jpg,xception,ffpp_source_safe,val,0,real,0.00766045693308115,0.4307548701763153,0
faceforensics/real/607/000013.jpg,xception,ffpp_source_safe,val,0,real,0.009654775261878967,0.4307548701763153,0
faceforensics/real/607/000014.jpg,xception,ffpp_source_safe,val,0,real,0.04906925559043884,0.4307548701763153,0
faceforensics/real/607/000015.jpg,xception,ffpp_source_safe,val,0,real,0.013018590398132801,0.4307548701763153,0
faceforensics/real/607/000016.jpg,xception,ffpp_source_safe,val,0,real,0.025917289778590202,0.4307548701763153,0
faceforensics/real/607/000017.jpg,xception,ffpp_source_safe,val,0,real,0.032281577587127686,0.4307548701763153,0
faceforensics/real/607/000018.jpg,xception,ffpp_source_safe,val,0,real,0.05156545341014862,0.4307548701763153,0
faceforensics/real/607/000019.jpg,xception,ffpp_source_safe,val,0,real,0.0222843736410141,0.4307548701763153,0
faceforensics/real/607/000020.jpg,xception,ffpp_source_safe,val,0,real,0.26966390013694763,0.4307548701763153,0
faceforensics/real/607/000021.jpg,xception,ffpp_source_safe,val,0,real,0.013980758376419544,0.4307548701763153,0
faceforensics/real/607/000022.jpg,xception,ffpp_source_safe,val,0,real,0.006743443664163351,0.4307548701763153,0
faceforensics/real/607/000023.jpg,xception,ffpp_source_safe,val,0,real,0.0015587067464366555,0.4307548701763153,0
faceforensics/real/607/000024.jpg,xception,ffpp_source_safe,val,0,real,0.007291410584002733,0.4307548701763153,0
faceforensics/real/607/000025.jpg,xception,ffpp_source_safe,val,0,real,0.009212851524353027,0.4307548701763153,0
faceforensics/real/607/000026.jpg,xception,ffpp_source_safe,val,0,real,0.0037618023343384266,0.4307548701763153,0
faceforensics/real/607/000027.jpg,xception,ffpp_source_safe,val,0,real,0.07855813205242157,0.4307548701763153,0
faceforensics/real/607/000028.jpg,xception,ffpp_source_safe,val,0,real,0.003995582461357117,0.4307548701763153,0
faceforensics/real/607/000029.jpg,xception,ffpp_source_safe,val,0,real,0.0011193042155355215,0.4307548701763153,0
faceforensics/real/649/000000.jpg,xception,ffpp_source_safe,val,0,real,0.04954928159713745,0.4307548701763153,0
faceforensics/real/649/000001.jpg,xception,ffpp_source_safe,val,0,real,0.989382803440094,0.4307548701763153,1
faceforensics/real/649/000002.jpg,xception,ffpp_source_safe,val,0,real,0.008484626188874245,0.4307548701763153,0
faceforensics/real/649/000003.jpg,xception,ffpp_source_safe,val,0,real,0.047026626765728,0.4307548701763153,0
faceforensics/real/649/000004.jpg,xception,ffpp_source_safe,val,0,real,0.07061310112476349,0.4307548701763153,0
faceforensics/real/649/000005.jpg,xception,ffpp_source_safe,val,0,real,0.30222055315971375,0.4307548701763153,0
faceforensics/real/649/000006.jpg,xception,ffpp_source_safe,val,0,real,0.09279128909111023,0.4307548701763153,0
faceforensics/real/649/000007.jpg,xception,ffpp_source_safe,val,0,real,0.11299280822277069,0.4307548701763153,0
faceforensics/real/649/000008.jpg,xception,ffpp_source_safe,val,0,real,0.8802149891853333,0.4307548701763153,1
faceforensics/real/649/000009.jpg,xception,ffpp_source_safe,val,0,real,0.0008965723100118339,0.4307548701763153,0
faceforensics/real/649/000010.jpg,xception,ffpp_source_safe,val,0,real,0.022476134821772575,0.4307548701763153,0
faceforensics/real/649/000011.jpg,xception,ffpp_source_safe,val,0,real,0.0064703007228672504,0.4307548701763153,0
faceforensics/real/649/000012.jpg,xception,ffpp_source_safe,val,0,real,0.15426579117774963,0.4307548701763153,0
faceforensics/real/649/000013.jpg,xception,ffpp_source_safe,val,0,real,0.32418346405029297,0.4307548701763153,0
faceforensics/real/649/000014.jpg,xception,ffpp_source_safe,val,0,real,0.04571644589304924,0.4307548701763153,0
faceforensics/real/649/000015.jpg,xception,ffpp_source_safe,val,0,real,0.0018440561834722757,0.4307548701763153,0
faceforensics/real/649/000016.jpg,xception,ffpp_source_safe,val,0,real,0.5726189613342285,0.4307548701763153,1
faceforensics/real/649/000017.jpg,xception,ffpp_source_safe,val,0,real,0.6582516431808472,0.4307548701763153,1
faceforensics/real/649/000018.jpg,xception,ffpp_source_safe,val,0,real,0.0026105635333806276,0.4307548701763153,0
faceforensics/real/649/000019.jpg,xception,ffpp_source_safe,val,0,real,0.009129327721893787,0.4307548701763153,0
faceforensics/real/649/000020.jpg,xception,ffpp_source_safe,val,0,real,0.25743958353996277,0.4307548701763153,0
faceforensics/real/649/000021.jpg,xception,ffpp_source_safe,val,0,real,0.1885305643081665,0.4307548701763153,0
faceforensics/real/649/000022.jpg,xception,ffpp_source_safe,val,0,real,0.003415960818529129,0.4307548701763153,0
faceforensics/real/649/000023.jpg,xception,ffpp_source_safe,val,0,real,0.007081244606524706,0.4307548701763153,0
faceforensics/real/649/000024.jpg,xception,ffpp_source_safe,val,0,real,0.00946488045156002,0.4307548701763153,0
faceforensics/real/649/000025.jpg,xception,ffpp_source_safe,val,0,real,0.2265823483467102,0.4307548701763153,0
faceforensics/real/649/000026.jpg,xception,ffpp_source_safe,val,0,real,0.024456903338432312,0.4307548701763153,0
faceforensics/real/649/000027.jpg,xception,ffpp_source_safe,val,0,real,0.023788442835211754,0.4307548701763153,0
faceforensics/real/649/000028.jpg,xception,ffpp_source_safe,val,0,real,0.034237220883369446,0.4307548701763153,0
faceforensics/real/649/000029.jpg,xception,ffpp_source_safe,val,0,real,0.8075835108757019,0.4307548701763153,1
faceforensics/real/657/000000.jpg,xception,ffpp_source_safe,val,0,real,0.05955202504992485,0.4307548701763153,0
faceforensics/real/657/000001.jpg,xception,ffpp_source_safe,val,0,real,0.8626053929328918,0.4307548701763153,1
faceforensics/real/657/000002.jpg,xception,ffpp_source_safe,val,0,real,0.14827695488929749,0.4307548701763153,0
faceforensics/real/657/000003.jpg,xception,ffpp_source_safe,val,0,real,0.016845766454935074,0.4307548701763153,0
faceforensics/real/657/000004.jpg,xception,ffpp_source_safe,val,0,real,0.012720628641545773,0.4307548701763153,0
faceforensics/real/657/000005.jpg,xception,ffpp_source_safe,val,0,real,0.059447236359119415,0.4307548701763153,0
faceforensics/real/657/000006.jpg,xception,ffpp_source_safe,val,0,real,0.08429242670536041,0.4307548701763153,0
faceforensics/real/657/000007.jpg,xception,ffpp_source_safe,val,0,real,0.013863615691661835,0.4307548701763153,0
faceforensics/real/657/000008.jpg,xception,ffpp_source_safe,val,0,real,0.027374673634767532,0.4307548701763153,0
faceforensics/real/657/000009.jpg,xception,ffpp_source_safe,val,0,real,0.8605671525001526,0.4307548701763153,1
faceforensics/real/657/000010.jpg,xception,ffpp_source_safe,val,0,real,0.023931752890348434,0.4307548701763153,0
faceforensics/real/657/000011.jpg,xception,ffpp_source_safe,val,0,real,0.06669498980045319,0.4307548701763153,0
faceforensics/real/657/000012.jpg,xception,ffpp_source_safe,val,0,real,0.0006261628586798906,0.4307548701763153,0
faceforensics/real/657/000013.jpg,xception,ffpp_source_safe,val,0,real,0.043446630239486694,0.4307548701763153,0
faceforensics/real/657/000014.jpg,xception,ffpp_source_safe,val,0,real,0.09891633689403534,0.4307548701763153,0
faceforensics/real/657/000015.jpg,xception,ffpp_source_safe,val,0,real,0.3793548345565796,0.4307548701763153,0
faceforensics/real/657/000016.jpg,xception,ffpp_source_safe,val,0,real,0.8763468265533447,0.4307548701763153,1
faceforensics/real/657/000017.jpg,xception,ffpp_source_safe,val,0,real,0.015069101937115192,0.4307548701763153,0
faceforensics/real/657/000018.jpg,xception,ffpp_source_safe,val,0,real,0.20424970984458923,0.4307548701763153,0
faceforensics/real/657/000019.jpg,xception,ffpp_source_safe,val,0,real,0.005284611135721207,0.4307548701763153,0
faceforensics/real/657/000020.jpg,xception,ffpp_source_safe,val,0,real,0.9285179376602173,0.4307548701763153,1
faceforensics/real/657/000021.jpg,xception,ffpp_source_safe,val,0,real,0.01862270012497902,0.4307548701763153,0
faceforensics/real/657/000022.jpg,xception,ffpp_source_safe,val,0,real,0.9189465045928955,0.4307548701763153,1
faceforensics/real/657/000023.jpg,xception,ffpp_source_safe,val,0,real,0.02660219371318817,0.4307548701763153,0
faceforensics/real/657/000024.jpg,xception,ffpp_source_safe,val,0,real,0.02397739700973034,0.4307548701763153,0
faceforensics/real/657/000025.jpg,xception,ffpp_source_safe,val,0,real,0.06287463754415512,0.4307548701763153,0
faceforensics/real/657/000026.jpg,xception,ffpp_source_safe,val,0,real,0.9783929586410522,0.4307548701763153,1
faceforensics/real/657/000027.jpg,xception,ffpp_source_safe,val,0,real,0.9789231419563293,0.4307548701763153,1
faceforensics/real/657/000028.jpg,xception,ffpp_source_safe,val,0,real,0.6726467609405518,0.4307548701763153,1
faceforensics/real/657/000029.jpg,xception,ffpp_source_safe,val,0,real,0.0005121031426824629,0.4307548701763153,0
faceforensics/real/668/000000.jpg,xception,ffpp_source_safe,val,0,real,0.0007217161473818123,0.4307548701763153,0
faceforensics/real/668/000001.jpg,xception,ffpp_source_safe,val,0,real,0.0070582423359155655,0.4307548701763153,0
faceforensics/real/668/000002.jpg,xception,ffpp_source_safe,val,0,real,0.00032485491828992963,0.4307548701763153,0
faceforensics/real/668/000003.jpg,xception,ffpp_source_safe,val,0,real,0.003713905578479171,0.4307548701763153,0
faceforensics/real/668/000004.jpg,xception,ffpp_source_safe,val,0,real,0.0008366155088879168,0.4307548701763153,0
faceforensics/real/668/000005.jpg,xception,ffpp_source_safe,val,0,real,0.0025273915380239487,0.4307548701763153,0
faceforensics/real/668/000006.jpg,xception,ffpp_source_safe,val,0,real,0.002217085799202323,0.4307548701763153,0
faceforensics/real/668/000007.jpg,xception,ffpp_source_safe,val,0,real,0.008323689922690392,0.4307548701763153,0
faceforensics/real/668/000008.jpg,xception,ffpp_source_safe,val,0,real,0.01099899597465992,0.4307548701763153,0
faceforensics/real/668/000009.jpg,xception,ffpp_source_safe,val,0,real,0.01620880886912346,0.4307548701763153,0
faceforensics/real/668/000010.jpg,xception,ffpp_source_safe,val,0,real,0.0007438333122991025,0.4307548701763153,0
faceforensics/real/668/000011.jpg,xception,ffpp_source_safe,val,0,real,0.33080190420150757,0.4307548701763153,0
faceforensics/real/668/000012.jpg,xception,ffpp_source_safe,val,0,real,0.0003663174284156412,0.4307548701763153,0
faceforensics/real/668/000013.jpg,xception,ffpp_source_safe,val,0,real,0.267963171005249,0.4307548701763153,0
faceforensics/real/668/000014.jpg,xception,ffpp_source_safe,val,0,real,0.02287467196583748,0.4307548701763153,0
faceforensics/real/668/000015.jpg,xception,ffpp_source_safe,val,0,real,0.00467904144898057,0.4307548701763153,0
faceforensics/real/668/000016.jpg,xception,ffpp_source_safe,val,0,real,0.008594938553869724,0.4307548701763153,0
faceforensics/real/668/000017.jpg,xception,ffpp_source_safe,val,0,real,0.004963236395269632,0.4307548701763153,0
faceforensics/real/668/000018.jpg,xception,ffpp_source_safe,val,0,real,0.0010079843923449516,0.4307548701763153,0
faceforensics/real/668/000019.jpg,xception,ffpp_source_safe,val,0,real,0.0016176777426153421,0.4307548701763153,0
faceforensics/real/668/000020.jpg,xception,ffpp_source_safe,val,0,real,0.1635061651468277,0.4307548701763153,0
faceforensics/real/668/000021.jpg,xception,ffpp_source_safe,val,0,real,0.0020399983040988445,0.4307548701763153,0
faceforensics/real/668/000022.jpg,xception,ffpp_source_safe,val,0,real,0.7168601155281067,0.4307548701763153,1
faceforensics/real/668/000023.jpg,xception,ffpp_source_safe,val,0,real,0.0025959289632737637,0.4307548701763153,0
faceforensics/real/668/000024.jpg,xception,ffpp_source_safe,val,0,real,6.548036617459729e-05,0.4307548701763153,0
faceforensics/real/668/000025.jpg,xception,ffpp_source_safe,val,0,real,0.0005506042507477105,0.4307548701763153,0
faceforensics/real/668/000026.jpg,xception,ffpp_source_safe,val,0,real,0.0003667351556941867,0.4307548701763153,0
faceforensics/real/668/000027.jpg,xception,ffpp_source_safe,val,0,real,0.05179192125797272,0.4307548701763153,0
faceforensics/real/668/000028.jpg,xception,ffpp_source_safe,val,0,real,0.026116101071238518,0.4307548701763153,0
faceforensics/real/668/000029.jpg,xception,ffpp_source_safe,val,0,real,0.014337259344756603,0.4307548701763153,0
faceforensics/real/671/000000.jpg,xception,ffpp_source_safe,val,0,real,0.07567039132118225,0.4307548701763153,0
faceforensics/real/671/000001.jpg,xception,ffpp_source_safe,val,0,real,0.2355903685092926,0.4307548701763153,0
faceforensics/real/671/000002.jpg,xception,ffpp_source_safe,val,0,real,0.7937456369400024,0.4307548701763153,1
faceforensics/real/671/000003.jpg,xception,ffpp_source_safe,val,0,real,0.19976705312728882,0.4307548701763153,0
faceforensics/real/671/000004.jpg,xception,ffpp_source_safe,val,0,real,0.4183015823364258,0.4307548701763153,0
faceforensics/real/671/000005.jpg,xception,ffpp_source_safe,val,0,real,0.46975696086883545,0.4307548701763153,1
faceforensics/real/671/000006.jpg,xception,ffpp_source_safe,val,0,real,0.16735683381557465,0.4307548701763153,0
faceforensics/real/671/000007.jpg,xception,ffpp_source_safe,val,0,real,0.36434125900268555,0.4307548701763153,0
faceforensics/real/671/000008.jpg,xception,ffpp_source_safe,val,0,real,0.6812368631362915,0.4307548701763153,1
faceforensics/real/671/000009.jpg,xception,ffpp_source_safe,val,0,real,0.106101855635643,0.4307548701763153,0
faceforensics/real/671/000010.jpg,xception,ffpp_source_safe,val,0,real,0.4357694983482361,0.4307548701763153,1
faceforensics/real/671/000011.jpg,xception,ffpp_source_safe,val,0,real,0.007333403453230858,0.4307548701763153,0
faceforensics/real/671/000012.jpg,xception,ffpp_source_safe,val,0,real,0.02959592081606388,0.4307548701763153,0
faceforensics/real/671/000013.jpg,xception,ffpp_source_safe,val,0,real,0.29667243361473083,0.4307548701763153,0
faceforensics/real/671/000014.jpg,xception,ffpp_source_safe,val,0,real,0.11851800978183746,0.4307548701763153,0
faceforensics/real/671/000015.jpg,xception,ffpp_source_safe,val,0,real,0.024012785404920578,0.4307548701763153,0
faceforensics/real/671/000016.jpg,xception,ffpp_source_safe,val,0,real,0.5214044451713562,0.4307548701763153,1
faceforensics/real/671/000017.jpg,xception,ffpp_source_safe,val,0,real,0.5034474730491638,0.4307548701763153,1
faceforensics/real/671/000018.jpg,xception,ffpp_source_safe,val,0,real,0.25364309549331665,0.4307548701763153,0
faceforensics/real/671/000019.jpg,xception,ffpp_source_safe,val,0,real,0.111971914768219,0.4307548701763153,0
faceforensics/real/671/000020.jpg,xception,ffpp_source_safe,val,0,real,0.05694026127457619,0.4307548701763153,0
faceforensics/real/671/000021.jpg,xception,ffpp_source_safe,val,0,real,0.028553204610943794,0.4307548701763153,0
faceforensics/real/671/000022.jpg,xception,ffpp_source_safe,val,0,real,0.017727570608258247,0.4307548701763153,0
faceforensics/real/671/000023.jpg,xception,ffpp_source_safe,val,0,real,0.11822488903999329,0.4307548701763153,0
faceforensics/real/671/000024.jpg,xception,ffpp_source_safe,val,0,real,0.0058986106887459755,0.4307548701763153,0
faceforensics/real/671/000025.jpg,xception,ffpp_source_safe,val,0,real,0.0042918031103909016,0.4307548701763153,0
faceforensics/real/671/000026.jpg,xception,ffpp_source_safe,val,0,real,0.00428153108805418,0.4307548701763153,0
faceforensics/real/671/000027.jpg,xception,ffpp_source_safe,val,0,real,0.05296151340007782,0.4307548701763153,0
faceforensics/real/671/000028.jpg,xception,ffpp_source_safe,val,0,real,0.013418061658740044,0.4307548701763153,0
faceforensics/real/671/000029.jpg,xception,ffpp_source_safe,val,0,real,0.08899584412574768,0.4307548701763153,0
faceforensics/real/827/000000.jpg,xception,ffpp_source_safe,val,0,real,0.0006105976062826812,0.4307548701763153,0
faceforensics/real/827/000001.jpg,xception,ffpp_source_safe,val,0,real,0.0002758805057965219,0.4307548701763153,0
faceforensics/real/827/000002.jpg,xception,ffpp_source_safe,val,0,real,0.01586194522678852,0.4307548701763153,0
faceforensics/real/827/000003.jpg,xception,ffpp_source_safe,val,0,real,0.0007570154848508537,0.4307548701763153,0
faceforensics/real/827/000004.jpg,xception,ffpp_source_safe,val,0,real,0.00030186938238330185,0.4307548701763153,0
faceforensics/real/827/000005.jpg,xception,ffpp_source_safe,val,0,real,7.139953959267586e-05,0.4307548701763153,0
faceforensics/real/827/000006.jpg,xception,ffpp_source_safe,val,0,real,6.91807217663154e-05,0.4307548701763153,0
faceforensics/real/827/000007.jpg,xception,ffpp_source_safe,val,0,real,0.00035426151589490473,0.4307548701763153,0
faceforensics/real/827/000008.jpg,xception,ffpp_source_safe,val,0,real,0.0004218373796902597,0.4307548701763153,0
faceforensics/real/827/000009.jpg,xception,ffpp_source_safe,val,0,real,0.0004807138175237924,0.4307548701763153,0
faceforensics/real/827/000010.jpg,xception,ffpp_source_safe,val,0,real,0.00028014389681629837,0.4307548701763153,0
faceforensics/real/827/000011.jpg,xception,ffpp_source_safe,val,0,real,0.007468337658792734,0.4307548701763153,0
faceforensics/real/827/000012.jpg,xception,ffpp_source_safe,val,0,real,0.14048992097377777,0.4307548701763153,0
faceforensics/real/827/000013.jpg,xception,ffpp_source_safe,val,0,real,0.0032287423964589834,0.4307548701763153,0
faceforensics/real/827/000014.jpg,xception,ffpp_source_safe,val,0,real,0.00045312437578104436,0.4307548701763153,0
faceforensics/real/827/000015.jpg,xception,ffpp_source_safe,val,0,real,0.002845438662916422,0.4307548701763153,0
faceforensics/real/827/000016.jpg,xception,ffpp_source_safe,val,0,real,0.0024869046173989773,0.4307548701763153,0
faceforensics/real/827/000017.jpg,xception,ffpp_source_safe,val,0,real,0.0010972520103678107,0.4307548701763153,0
faceforensics/real/827/000018.jpg,xception,ffpp_source_safe,val,0,real,0.0001221196143887937,0.4307548701763153,0
faceforensics/real/827/000019.jpg,xception,ffpp_source_safe,val,0,real,0.00022741513384971768,0.4307548701763153,0
faceforensics/real/827/000020.jpg,xception,ffpp_source_safe,val,0,real,0.0007885355735197663,0.4307548701763153,0
faceforensics/real/827/000021.jpg,xception,ffpp_source_safe,val,0,real,0.0001181723564513959,0.4307548701763153,0
faceforensics/real/827/000022.jpg,xception,ffpp_source_safe,val,0,real,0.0006096430006437004,0.4307548701763153,0
faceforensics/real/827/000023.jpg,xception,ffpp_source_safe,val,0,real,0.00011124711454613134,0.4307548701763153,0
faceforensics/real/827/000024.jpg,xception,ffpp_source_safe,val,0,real,0.0017649257788434625,0.4307548701763153,0
faceforensics/real/827/000025.jpg,xception,ffpp_source_safe,val,0,real,0.001357454340904951,0.4307548701763153,0
faceforensics/real/827/000026.jpg,xception,ffpp_source_safe,val,0,real,0.0006953142583370209,0.4307548701763153,0
faceforensics/real/827/000027.jpg,xception,ffpp_source_safe,val,0,real,0.0009035475086420774,0.4307548701763153,0
faceforensics/real/827/000028.jpg,xception,ffpp_source_safe,val,0,real,0.008111749775707722,0.4307548701763153,0
faceforensics/real/827/000029.jpg,xception,ffpp_source_safe,val,0,real,0.012204177677631378,0.4307548701763153,0
faceforensics/real/830/000000.jpg,xception,ffpp_source_safe,val,0,real,0.0016521243378520012,0.4307548701763153,0
faceforensics/real/830/000001.jpg,xception,ffpp_source_safe,val,0,real,0.004416383802890778,0.4307548701763153,0
faceforensics/real/830/000002.jpg,xception,ffpp_source_safe,val,0,real,0.02943442016839981,0.4307548701763153,0
faceforensics/real/830/000003.jpg,xception,ffpp_source_safe,val,0,real,0.0020044262055307627,0.4307548701763153,0
faceforensics/real/830/000004.jpg,xception,ffpp_source_safe,val,0,real,0.029143894091248512,0.4307548701763153,0
faceforensics/real/830/000005.jpg,xception,ffpp_source_safe,val,0,real,0.026854798197746277,0.4307548701763153,0
faceforensics/real/830/000006.jpg,xception,ffpp_source_safe,val,0,real,0.02399418316781521,0.4307548701763153,0
faceforensics/real/830/000007.jpg,xception,ffpp_source_safe,val,0,real,0.00601118104532361,0.4307548701763153,0
faceforensics/real/830/000008.jpg,xception,ffpp_source_safe,val,0,real,0.03456028923392296,0.4307548701763153,0
faceforensics/real/830/000009.jpg,xception,ffpp_source_safe,val,0,real,0.011942616663873196,0.4307548701763153,0
faceforensics/real/830/000010.jpg,xception,ffpp_source_safe,val,0,real,0.004088172689080238,0.4307548701763153,0
faceforensics/real/830/000011.jpg,xception,ffpp_source_safe,val,0,real,0.12439405918121338,0.4307548701763153,0
faceforensics/real/830/000012.jpg,xception,ffpp_source_safe,val,0,real,0.0037732995115220547,0.4307548701763153,0
faceforensics/real/830/000013.jpg,xception,ffpp_source_safe,val,0,real,0.0023828560952097178,0.4307548701763153,0
faceforensics/real/830/000014.jpg,xception,ffpp_source_safe,val,0,real,0.2976923882961273,0.4307548701763153,0
faceforensics/real/830/000015.jpg,xception,ffpp_source_safe,val,0,real,0.028332773596048355,0.4307548701763153,0
faceforensics/real/830/000016.jpg,xception,ffpp_source_safe,val,0,real,0.021935246884822845,0.4307548701763153,0
faceforensics/real/830/000017.jpg,xception,ffpp_source_safe,val,0,real,0.015326138585805893,0.4307548701763153,0
faceforensics/real/830/000018.jpg,xception,ffpp_source_safe,val,0,real,0.002064934466034174,0.4307548701763153,0
faceforensics/real/830/000019.jpg,xception,ffpp_source_safe,val,0,real,0.05065034329891205,0.4307548701763153,0
faceforensics/real/830/000020.jpg,xception,ffpp_source_safe,val,0,real,0.08042324334383011,0.4307548701763153,0
faceforensics/real/830/000021.jpg,xception,ffpp_source_safe,val,0,real,0.013934020884335041,0.4307548701763153,0
faceforensics/real/830/000022.jpg,xception,ffpp_source_safe,val,0,real,0.8391869068145752,0.4307548701763153,1
faceforensics/real/830/000023.jpg,xception,ffpp_source_safe,val,0,real,0.023485368117690086,0.4307548701763153,0
faceforensics/real/830/000024.jpg,xception,ffpp_source_safe,val,0,real,0.017088737338781357,0.4307548701763153,0
faceforensics/real/830/000025.jpg,xception,ffpp_source_safe,val,0,real,0.012418637052178383,0.4307548701763153,0
faceforensics/real/830/000026.jpg,xception,ffpp_source_safe,val,0,real,0.01783790811896324,0.4307548701763153,0
faceforensics/real/830/000027.jpg,xception,ffpp_source_safe,val,0,real,0.01971619576215744,0.4307548701763153,0
faceforensics/real/830/000028.jpg,xception,ffpp_source_safe,val,0,real,0.061393849551677704,0.4307548701763153,0
faceforensics/real/830/000029.jpg,xception,ffpp_source_safe,val,0,real,0.18682372570037842,0.4307548701763153,0
faceforensics/real/896/000000.jpg,xception,ffpp_source_safe,val,0,real,0.2470761239528656,0.4307548701763153,0
faceforensics/real/896/000001.jpg,xception,ffpp_source_safe,val,0,real,0.9769814610481262,0.4307548701763153,1
faceforensics/real/896/000002.jpg,xception,ffpp_source_safe,val,0,real,0.9518090486526489,0.4307548701763153,1
faceforensics/real/896/000003.jpg,xception,ffpp_source_safe,val,0,real,0.03073170967400074,0.4307548701763153,0
faceforensics/real/896/000004.jpg,xception,ffpp_source_safe,val,0,real,0.8210106492042542,0.4307548701763153,1
faceforensics/real/896/000005.jpg,xception,ffpp_source_safe,val,0,real,0.9687591195106506,0.4307548701763153,1
faceforensics/real/896/000006.jpg,xception,ffpp_source_safe,val,0,real,0.9812658429145813,0.4307548701763153,1
faceforensics/real/896/000007.jpg,xception,ffpp_source_safe,val,0,real,0.4649014472961426,0.4307548701763153,1
faceforensics/real/896/000008.jpg,xception,ffpp_source_safe,val,0,real,0.6732072830200195,0.4307548701763153,1
faceforensics/real/896/000009.jpg,xception,ffpp_source_safe,val,0,real,0.9757295250892639,0.4307548701763153,1
faceforensics/real/896/000010.jpg,xception,ffpp_source_safe,val,0,real,0.0266241617500782,0.4307548701763153,0
faceforensics/real/896/000011.jpg,xception,ffpp_source_safe,val,0,real,0.8284580111503601,0.4307548701763153,1
faceforensics/real/896/000012.jpg,xception,ffpp_source_safe,val,0,real,0.018015902489423752,0.4307548701763153,0
faceforensics/real/896/000013.jpg,xception,ffpp_source_safe,val,0,real,0.8657467365264893,0.4307548701763153,1
faceforensics/real/896/000014.jpg,xception,ffpp_source_safe,val,0,real,0.7354810833930969,0.4307548701763153,1
faceforensics/real/896/000015.jpg,xception,ffpp_source_safe,val,0,real,0.0781581923365593,0.4307548701763153,0
faceforensics/real/896/000016.jpg,xception,ffpp_source_safe,val,0,real,0.07872097939252853,0.4307548701763153,0
faceforensics/real/896/000017.jpg,xception,ffpp_source_safe,val,0,real,0.6278786063194275,0.4307548701763153,1
faceforensics/real/896/000018.jpg,xception,ffpp_source_safe,val,0,real,0.5953100919723511,0.4307548701763153,1
faceforensics/real/896/000019.jpg,xception,ffpp_source_safe,val,0,real,0.8862000107765198,0.4307548701763153,1
faceforensics/real/896/000020.jpg,xception,ffpp_source_safe,val,0,real,0.9264410734176636,0.4307548701763153,1
faceforensics/real/896/000021.jpg,xception,ffpp_source_safe,val,0,real,0.019336538389325142,0.4307548701763153,0
faceforensics/real/896/000022.jpg,xception,ffpp_source_safe,val,0,real,0.8772886991500854,0.4307548701763153,1
faceforensics/real/896/000023.jpg,xception,ffpp_source_safe,val,0,real,0.6437750458717346,0.4307548701763153,1
faceforensics/real/896/000024.jpg,xception,ffpp_source_safe,val,0,real,0.062280505895614624,0.4307548701763153,0
faceforensics/real/896/000025.jpg,xception,ffpp_source_safe,val,0,real,0.7529364228248596,0.4307548701763153,1
faceforensics/real/896/000026.jpg,xception,ffpp_source_safe,val,0,real,0.629534125328064,0.4307548701763153,1
faceforensics/real/896/000027.jpg,xception,ffpp_source_safe,val,0,real,0.5779300928115845,0.4307548701763153,1
faceforensics/real/896/000028.jpg,xception,ffpp_source_safe,val,0,real,0.7546170353889465,0.4307548701763153,1
faceforensics/real/896/000029.jpg,xception,ffpp_source_safe,val,0,real,0.9493477940559387,0.4307548701763153,1
faceforensics/real/897/000000.jpg,xception,ffpp_source_safe,val,0,real,0.2136421501636505,0.4307548701763153,0
faceforensics/real/897/000001.jpg,xception,ffpp_source_safe,val,0,real,0.026842374354600906,0.4307548701763153,0
faceforensics/real/897/000002.jpg,xception,ffpp_source_safe,val,0,real,0.012846018187701702,0.4307548701763153,0
faceforensics/real/897/000003.jpg,xception,ffpp_source_safe,val,0,real,0.01843131333589554,0.4307548701763153,0
faceforensics/real/897/000004.jpg,xception,ffpp_source_safe,val,0,real,0.7504113912582397,0.4307548701763153,1
faceforensics/real/897/000005.jpg,xception,ffpp_source_safe,val,0,real,0.6424695253372192,0.4307548701763153,1
faceforensics/real/897/000006.jpg,xception,ffpp_source_safe,val,0,real,0.05255243554711342,0.4307548701763153,0
faceforensics/real/897/000007.jpg,xception,ffpp_source_safe,val,0,real,0.009603672660887241,0.4307548701763153,0
faceforensics/real/897/000008.jpg,xception,ffpp_source_safe,val,0,real,0.1770583540201187,0.4307548701763153,0
faceforensics/real/897/000009.jpg,xception,ffpp_source_safe,val,0,real,0.11376926302909851,0.4307548701763153,0
faceforensics/real/897/000010.jpg,xception,ffpp_source_safe,val,0,real,0.0027799136005342007,0.4307548701763153,0
faceforensics/real/897/000011.jpg,xception,ffpp_source_safe,val,0,real,0.016007645055651665,0.4307548701763153,0
faceforensics/real/897/000012.jpg,xception,ffpp_source_safe,val,0,real,0.0020683370530605316,0.4307548701763153,0
faceforensics/real/897/000013.jpg,xception,ffpp_source_safe,val,0,real,0.1645803153514862,0.4307548701763153,0
faceforensics/real/897/000014.jpg,xception,ffpp_source_safe,val,0,real,0.4231176972389221,0.4307548701763153,0
faceforensics/real/897/000015.jpg,xception,ffpp_source_safe,val,0,real,0.17045021057128906,0.4307548701763153,0
faceforensics/real/897/000016.jpg,xception,ffpp_source_safe,val,0,real,0.2524789869785309,0.4307548701763153,0
faceforensics/real/897/000017.jpg,xception,ffpp_source_safe,val,0,real,0.6956408023834229,0.4307548701763153,1
faceforensics/real/897/000018.jpg,xception,ffpp_source_safe,val,0,real,0.002743622986599803,0.4307548701763153,0
faceforensics/real/897/000019.jpg,xception,ffpp_source_safe,val,0,real,0.0026253785472363234,0.4307548701763153,0
faceforensics/real/897/000020.jpg,xception,ffpp_source_safe,val,0,real,0.32802820205688477,0.4307548701763153,0
faceforensics/real/897/000021.jpg,xception,ffpp_source_safe,val,0,real,0.017300963401794434,0.4307548701763153,0
faceforensics/real/897/000022.jpg,xception,ffpp_source_safe,val,0,real,0.007356978952884674,0.4307548701763153,0
faceforensics/real/897/000023.jpg,xception,ffpp_source_safe,val,0,real,0.005437616258859634,0.4307548701763153,0
faceforensics/real/897/000024.jpg,xception,ffpp_source_safe,val,0,real,0.030243270099163055,0.4307548701763153,0
faceforensics/real/897/000025.jpg,xception,ffpp_source_safe,val,0,real,0.8714731335639954,0.4307548701763153,1
faceforensics/real/897/000026.jpg,xception,ffpp_source_safe,val,0,real,0.983636200428009,0.4307548701763153,1
faceforensics/real/897/000027.jpg,xception,ffpp_source_safe,val,0,real,0.7725560069084167,0.4307548701763153,1
faceforensics/real/897/000028.jpg,xception,ffpp_source_safe,val,0,real,0.7877750992774963,0.4307548701763153,1
faceforensics/real/897/000029.jpg,xception,ffpp_source_safe,val,0,real,0.9801629781723022,0.4307548701763153,1
faceforensics/real/920/000000.jpg,xception,ffpp_source_safe,val,0,real,0.0019473565043881536,0.4307548701763153,0
faceforensics/real/920/000001.jpg,xception,ffpp_source_safe,val,0,real,0.008918916806578636,0.4307548701763153,0
faceforensics/real/920/000002.jpg,xception,ffpp_source_safe,val,0,real,0.030748868361115456,0.4307548701763153,0
faceforensics/real/920/000003.jpg,xception,ffpp_source_safe,val,0,real,0.013059914112091064,0.4307548701763153,0
faceforensics/real/920/000004.jpg,xception,ffpp_source_safe,val,0,real,0.002262168563902378,0.4307548701763153,0
faceforensics/real/920/000005.jpg,xception,ffpp_source_safe,val,0,real,0.004224805627018213,0.4307548701763153,0
faceforensics/real/920/000006.jpg,xception,ffpp_source_safe,val,0,real,0.006226954981684685,0.4307548701763153,0
faceforensics/real/920/000007.jpg,xception,ffpp_source_safe,val,0,real,0.03141184523701668,0.4307548701763153,0
faceforensics/real/920/000008.jpg,xception,ffpp_source_safe,val,0,real,0.017604496330022812,0.4307548701763153,0
faceforensics/real/920/000009.jpg,xception,ffpp_source_safe,val,0,real,0.08654419332742691,0.4307548701763153,0
faceforensics/real/920/000010.jpg,xception,ffpp_source_safe,val,0,real,0.02233869396150112,0.4307548701763153,0
faceforensics/real/920/000011.jpg,xception,ffpp_source_safe,val,0,real,0.0165132787078619,0.4307548701763153,0
faceforensics/real/920/000012.jpg,xception,ffpp_source_safe,val,0,real,0.0030007059685885906,0.4307548701763153,0
faceforensics/real/920/000013.jpg,xception,ffpp_source_safe,val,0,real,0.008952965959906578,0.4307548701763153,0
faceforensics/real/920/000014.jpg,xception,ffpp_source_safe,val,0,real,0.0232780110090971,0.4307548701763153,0
faceforensics/real/920/000015.jpg,xception,ffpp_source_safe,val,0,real,0.02451343461871147,0.4307548701763153,0
faceforensics/real/920/000016.jpg,xception,ffpp_source_safe,val,0,real,0.005265300627797842,0.4307548701763153,0
faceforensics/real/920/000017.jpg,xception,ffpp_source_safe,val,0,real,0.003070318605750799,0.4307548701763153,0
faceforensics/real/920/000018.jpg,xception,ffpp_source_safe,val,0,real,0.0027264615055173635,0.4307548701763153,0
faceforensics/real/920/000019.jpg,xception,ffpp_source_safe,val,0,real,0.0020160414278507233,0.4307548701763153,0
faceforensics/real/920/000020.jpg,xception,ffpp_source_safe,val,0,real,0.00731391366571188,0.4307548701763153,0
faceforensics/real/920/000021.jpg,xception,ffpp_source_safe,val,0,real,0.01427600160241127,0.4307548701763153,0
faceforensics/real/920/000022.jpg,xception,ffpp_source_safe,val,0,real,0.006974652875214815,0.4307548701763153,0
faceforensics/real/920/000023.jpg,xception,ffpp_source_safe,val,0,real,0.04210566729307175,0.4307548701763153,0
faceforensics/real/920/000024.jpg,xception,ffpp_source_safe,val,0,real,0.0037388126365840435,0.4307548701763153,0
faceforensics/real/920/000025.jpg,xception,ffpp_source_safe,val,0,real,0.003667377633973956,0.4307548701763153,0
faceforensics/real/920/000026.jpg,xception,ffpp_source_safe,val,0,real,0.004633000120520592,0.4307548701763153,0
faceforensics/real/920/000027.jpg,xception,ffpp_source_safe,val,0,real,0.019239962100982666,0.4307548701763153,0
faceforensics/real/920/000028.jpg,xception,ffpp_source_safe,val,0,real,0.0027829939499497414,0.4307548701763153,0
faceforensics/real/920/000029.jpg,xception,ffpp_source_safe,val,0,real,0.0004923150991089642,0.4307548701763153,0
faceforensics/real/943/000000.jpg,xception,ffpp_source_safe,val,0,real,2.1917112462688237e-05,0.4307548701763153,0
faceforensics/real/943/000001.jpg,xception,ffpp_source_safe,val,0,real,0.000242183668888174,0.4307548701763153,0
faceforensics/real/943/000002.jpg,xception,ffpp_source_safe,val,0,real,0.0010166725842282176,0.4307548701763153,0
faceforensics/real/943/000003.jpg,xception,ffpp_source_safe,val,0,real,0.00025859969900920987,0.4307548701763153,0
faceforensics/real/943/000004.jpg,xception,ffpp_source_safe,val,0,real,0.004563775844871998,0.4307548701763153,0
faceforensics/real/943/000005.jpg,xception,ffpp_source_safe,val,0,real,0.0009539215825498104,0.4307548701763153,0
faceforensics/real/943/000006.jpg,xception,ffpp_source_safe,val,0,real,0.00011822825763374567,0.4307548701763153,0
faceforensics/real/943/000007.jpg,xception,ffpp_source_safe,val,0,real,0.00018579495372250676,0.4307548701763153,0
faceforensics/real/943/000008.jpg,xception,ffpp_source_safe,val,0,real,0.0011530284537002444,0.4307548701763153,0
faceforensics/real/943/000009.jpg,xception,ffpp_source_safe,val,0,real,0.004396792966872454,0.4307548701763153,0
faceforensics/real/943/000010.jpg,xception,ffpp_source_safe,val,0,real,0.003969876561313868,0.4307548701763153,0
faceforensics/real/943/000011.jpg,xception,ffpp_source_safe,val,0,real,8.37793413666077e-05,0.4307548701763153,0
faceforensics/real/943/000012.jpg,xception,ffpp_source_safe,val,0,real,0.003184518776834011,0.4307548701763153,0
faceforensics/real/943/000013.jpg,xception,ffpp_source_safe,val,0,real,0.0005575682735070586,0.4307548701763153,0
faceforensics/real/943/000014.jpg,xception,ffpp_source_safe,val,0,real,0.0001687664771452546,0.4307548701763153,0
faceforensics/real/943/000015.jpg,xception,ffpp_source_safe,val,0,real,0.01046221237629652,0.4307548701763153,0
faceforensics/real/943/000016.jpg,xception,ffpp_source_safe,val,0,real,0.0009007538901641965,0.4307548701763153,0
faceforensics/real/943/000017.jpg,xception,ffpp_source_safe,val,0,real,0.0032595901284366846,0.4307548701763153,0
faceforensics/real/943/000018.jpg,xception,ffpp_source_safe,val,0,real,0.005078812595456839,0.4307548701763153,0
faceforensics/real/943/000019.jpg,xception,ffpp_source_safe,val,0,real,0.0019301762804389,0.4307548701763153,0
faceforensics/real/943/000020.jpg,xception,ffpp_source_safe,val,0,real,0.00020147638861089945,0.4307548701763153,0
faceforensics/real/943/000021.jpg,xception,ffpp_source_safe,val,0,real,0.0007521545048803091,0.4307548701763153,0
faceforensics/real/943/000022.jpg,xception,ffpp_source_safe,val,0,real,0.0001903280062833801,0.4307548701763153,0
faceforensics/real/943/000023.jpg,xception,ffpp_source_safe,val,0,real,0.001833360642194748,0.4307548701763153,0
faceforensics/real/943/000024.jpg,xception,ffpp_source_safe,val,0,real,0.0029224923346191645,0.4307548701763153,0
faceforensics/real/943/000025.jpg,xception,ffpp_source_safe,val,0,real,0.0026952940970659256,0.4307548701763153,0
faceforensics/real/943/000026.jpg,xception,ffpp_source_safe,val,0,real,0.0008115696837194264,0.4307548701763153,0
faceforensics/real/943/000027.jpg,xception,ffpp_source_safe,val,0,real,0.0015283492393791676,0.4307548701763153,0
faceforensics/real/943/000028.jpg,xception,ffpp_source_safe,val,0,real,0.0012551293475553393,0.4307548701763153,0
faceforensics/real/943/000029.jpg,xception,ffpp_source_safe,val,0,real,0.0019297950202599168,0.4307548701763153,0
faceforensics/real/947/000000.jpg,xception,ffpp_source_safe,val,0,real,0.005588610656559467,0.4307548701763153,0
faceforensics/real/947/000001.jpg,xception,ffpp_source_safe,val,0,real,0.0005027814768254757,0.4307548701763153,0
faceforensics/real/947/000002.jpg,xception,ffpp_source_safe,val,0,real,0.0011802269145846367,0.4307548701763153,0
faceforensics/real/947/000003.jpg,xception,ffpp_source_safe,val,0,real,0.005426907446235418,0.4307548701763153,0
faceforensics/real/947/000004.jpg,xception,ffpp_source_safe,val,0,real,0.0002056108060060069,0.4307548701763153,0
faceforensics/real/947/000005.jpg,xception,ffpp_source_safe,val,0,real,0.018212495371699333,0.4307548701763153,0
faceforensics/real/947/000006.jpg,xception,ffpp_source_safe,val,0,real,0.00014330945850815624,0.4307548701763153,0
faceforensics/real/947/000007.jpg,xception,ffpp_source_safe,val,0,real,0.00016215925279539078,0.4307548701763153,0
faceforensics/real/947/000008.jpg,xception,ffpp_source_safe,val,0,real,0.005977281369268894,0.4307548701763153,0
faceforensics/real/947/000009.jpg,xception,ffpp_source_safe,val,0,real,0.003125439863651991,0.4307548701763153,0
faceforensics/real/947/000010.jpg,xception,ffpp_source_safe,val,0,real,0.00045646296348422766,0.4307548701763153,0
faceforensics/real/947/000011.jpg,xception,ffpp_source_safe,val,0,real,2.458864764776081e-05,0.4307548701763153,0
faceforensics/real/947/000012.jpg,xception,ffpp_source_safe,val,0,real,0.0005010737222619355,0.4307548701763153,0
faceforensics/real/947/000013.jpg,xception,ffpp_source_safe,val,0,real,7.10421591065824e-05,0.4307548701763153,0
faceforensics/real/947/000014.jpg,xception,ffpp_source_safe,val,0,real,7.452047429978848e-05,0.4307548701763153,0
faceforensics/real/947/000015.jpg,xception,ffpp_source_safe,val,0,real,0.0002476594236213714,0.4307548701763153,0
faceforensics/real/947/000016.jpg,xception,ffpp_source_safe,val,0,real,2.875349309761077e-06,0.4307548701763153,0
faceforensics/real/947/000017.jpg,xception,ffpp_source_safe,val,0,real,0.16863740980625153,0.4307548701763153,0
faceforensics/real/947/000018.jpg,xception,ffpp_source_safe,val,0,real,0.003585680155083537,0.4307548701763153,0
faceforensics/real/947/000019.jpg,xception,ffpp_source_safe,val,0,real,0.002236149972304702,0.4307548701763153,0
faceforensics/real/947/000020.jpg,xception,ffpp_source_safe,val,0,real,0.0027264836244285107,0.4307548701763153,0
faceforensics/real/947/000021.jpg,xception,ffpp_source_safe,val,0,real,0.00027957907877862453,0.4307548701763153,0
faceforensics/real/947/000022.jpg,xception,ffpp_source_safe,val,0,real,0.0002240828180219978,0.4307548701763153,0
faceforensics/real/947/000023.jpg,xception,ffpp_source_safe,val,0,real,0.030308019369840622,0.4307548701763153,0
faceforensics/real/947/000024.jpg,xception,ffpp_source_safe,val,0,real,0.00012572703417390585,0.4307548701763153,0
faceforensics/real/947/000025.jpg,xception,ffpp_source_safe,val,0,real,0.0001755859557306394,0.4307548701763153,0
faceforensics/real/947/000026.jpg,xception,ffpp_source_safe,val,0,real,0.004690914880484343,0.4307548701763153,0
faceforensics/real/947/000027.jpg,xception,ffpp_source_safe,val,0,real,1.1940658623643685e-05,0.4307548701763153,0
faceforensics/real/947/000028.jpg,xception,ffpp_source_safe,val,0,real,6.114444113336504e-05,0.4307548701763153,0
faceforensics/real/947/000029.jpg,xception,ffpp_source_safe,val,0,real,6.1802587879356e-05,0.4307548701763153,0
faceforensics/real/988/000000.jpg,xception,ffpp_source_safe,val,0,real,0.001913374988362193,0.4307548701763153,0
faceforensics/real/988/000001.jpg,xception,ffpp_source_safe,val,0,real,0.010180281475186348,0.4307548701763153,0
faceforensics/real/988/000002.jpg,xception,ffpp_source_safe,val,0,real,0.8882337212562561,0.4307548701763153,1
faceforensics/real/988/000003.jpg,xception,ffpp_source_safe,val,0,real,0.7097899317741394,0.4307548701763153,1
faceforensics/real/988/000004.jpg,xception,ffpp_source_safe,val,0,real,0.4242668151855469,0.4307548701763153,0
faceforensics/real/988/000005.jpg,xception,ffpp_source_safe,val,0,real,0.2320105880498886,0.4307548701763153,0
faceforensics/real/988/000006.jpg,xception,ffpp_source_safe,val,0,real,0.5996267795562744,0.4307548701763153,1
faceforensics/real/988/000007.jpg,xception,ffpp_source_safe,val,0,real,0.6402837038040161,0.4307548701763153,1
faceforensics/real/988/000008.jpg,xception,ffpp_source_safe,val,0,real,0.07089293003082275,0.4307548701763153,0
faceforensics/real/988/000009.jpg,xception,ffpp_source_safe,val,0,real,0.5176746845245361,0.4307548701763153,1
faceforensics/real/988/000010.jpg,xception,ffpp_source_safe,val,0,real,0.0022102997172623873,0.4307548701763153,0
faceforensics/real/988/000011.jpg,xception,ffpp_source_safe,val,0,real,0.2516337037086487,0.4307548701763153,0
faceforensics/real/988/000012.jpg,xception,ffpp_source_safe,val,0,real,0.9133341312408447,0.4307548701763153,1
faceforensics/real/988/000013.jpg,xception,ffpp_source_safe,val,0,real,0.5908546447753906,0.4307548701763153,1
faceforensics/real/988/000014.jpg,xception,ffpp_source_safe,val,0,real,0.7069677710533142,0.4307548701763153,1
faceforensics/real/988/000015.jpg,xception,ffpp_source_safe,val,0,real,0.0567353181540966,0.4307548701763153,0
faceforensics/real/988/000016.jpg,xception,ffpp_source_safe,val,0,real,0.009921821765601635,0.4307548701763153,0
faceforensics/real/988/000017.jpg,xception,ffpp_source_safe,val,0,real,0.006063097156584263,0.4307548701763153,0
faceforensics/real/988/000018.jpg,xception,ffpp_source_safe,val,0,real,0.010325266979634762,0.4307548701763153,0
faceforensics/real/988/000019.jpg,xception,ffpp_source_safe,val,0,real,0.005115281790494919,0.4307548701763153,0
faceforensics/real/988/000020.jpg,xception,ffpp_source_safe,val,0,real,0.1934121996164322,0.4307548701763153,0
faceforensics/real/988/000021.jpg,xception,ffpp_source_safe,val,0,real,0.062495023012161255,0.4307548701763153,0
faceforensics/real/988/000022.jpg,xception,ffpp_source_safe,val,0,real,0.16049203276634216,0.4307548701763153,0
faceforensics/real/988/000023.jpg,xception,ffpp_source_safe,val,0,real,0.0025481912307441235,0.4307548701763153,0
faceforensics/real/988/000024.jpg,xception,ffpp_source_safe,val,0,real,0.12521113455295563,0.4307548701763153,0
faceforensics/real/988/000025.jpg,xception,ffpp_source_safe,val,0,real,0.558713972568512,0.4307548701763153,1
faceforensics/real/988/000026.jpg,xception,ffpp_source_safe,val,0,real,0.6560062766075134,0.4307548701763153,1
faceforensics/real/988/000027.jpg,xception,ffpp_source_safe,val,0,real,0.03258005157113075,0.4307548701763153,0
faceforensics/real/988/000028.jpg,xception,ffpp_source_safe,val,0,real,0.09613990038633347,0.4307548701763153,0
faceforensics/real/988/000029.jpg,xception,ffpp_source_safe,val,0,real,0.30980178713798523,0.4307548701763153,0
faceforensics/real/992/000000.jpg,xception,ffpp_source_safe,val,0,real,0.49383747577667236,0.4307548701763153,1
faceforensics/real/992/000001.jpg,xception,ffpp_source_safe,val,0,real,0.0017059538513422012,0.4307548701763153,0
faceforensics/real/992/000002.jpg,xception,ffpp_source_safe,val,0,real,0.003631225321441889,0.4307548701763153,0
faceforensics/real/992/000003.jpg,xception,ffpp_source_safe,val,0,real,0.0018790639005601406,0.4307548701763153,0
faceforensics/real/992/000004.jpg,xception,ffpp_source_safe,val,0,real,0.4329199194908142,0.4307548701763153,1
faceforensics/real/992/000005.jpg,xception,ffpp_source_safe,val,0,real,0.9891272187232971,0.4307548701763153,1
faceforensics/real/992/000006.jpg,xception,ffpp_source_safe,val,0,real,0.993846595287323,0.4307548701763153,1
faceforensics/real/992/000007.jpg,xception,ffpp_source_safe,val,0,real,9.209205018123612e-06,0.4307548701763153,0
faceforensics/real/992/000008.jpg,xception,ffpp_source_safe,val,0,real,5.212163523538038e-05,0.4307548701763153,0
faceforensics/real/992/000009.jpg,xception,ffpp_source_safe,val,0,real,0.02166159264743328,0.4307548701763153,0
faceforensics/real/992/000010.jpg,xception,ffpp_source_safe,val,0,real,0.00015404475561808795,0.4307548701763153,0
faceforensics/real/992/000011.jpg,xception,ffpp_source_safe,val,0,real,0.0003413591184653342,0.4307548701763153,0
faceforensics/real/992/000012.jpg,xception,ffpp_source_safe,val,0,real,0.0010770243825390935,0.4307548701763153,0
faceforensics/real/992/000013.jpg,xception,ffpp_source_safe,val,0,real,0.848264753818512,0.4307548701763153,1
faceforensics/real/992/000014.jpg,xception,ffpp_source_safe,val,0,real,0.16522978246212006,0.4307548701763153,0
faceforensics/real/992/000015.jpg,xception,ffpp_source_safe,val,0,real,0.05464336276054382,0.4307548701763153,0
faceforensics/real/992/000016.jpg,xception,ffpp_source_safe,val,0,real,0.005609103012830019,0.4307548701763153,0
faceforensics/real/992/000017.jpg,xception,ffpp_source_safe,val,0,real,0.03606867790222168,0.4307548701763153,0
faceforensics/real/992/000018.jpg,xception,ffpp_source_safe,val,0,real,0.005379950162023306,0.4307548701763153,0
faceforensics/real/992/000019.jpg,xception,ffpp_source_safe,val,0,real,0.1865721344947815,0.4307548701763153,0
faceforensics/real/992/000020.jpg,xception,ffpp_source_safe,val,0,real,0.35445713996887207,0.4307548701763153,0
faceforensics/real/992/000021.jpg,xception,ffpp_source_safe,val,0,real,0.2448679506778717,0.4307548701763153,0
faceforensics/real/992/000022.jpg,xception,ffpp_source_safe,val,0,real,0.00048331182915717363,0.4307548701763153,0
faceforensics/real/992/000023.jpg,xception,ffpp_source_safe,val,0,real,0.002552225487306714,0.4307548701763153,0
faceforensics/real/992/000024.jpg,xception,ffpp_source_safe,val,0,real,0.01565706357359886,0.4307548701763153,0
faceforensics/real/992/000025.jpg,xception,ffpp_source_safe,val,0,real,0.02558130957186222,0.4307548701763153,0
faceforensics/real/992/000026.jpg,xception,ffpp_source_safe,val,0,real,0.009373517706990242,0.4307548701763153,0
faceforensics/real/992/000027.jpg,xception,ffpp_source_safe,val,0,real,0.018404357135295868,0.4307548701763153,0
faceforensics/real/992/000028.jpg,xception,ffpp_source_safe,val,0,real,0.07885022461414337,0.4307548701763153,0
faceforensics/real/992/000029.jpg,xception,ffpp_source_safe,val,0,real,0.7702831029891968,0.4307548701763153,1
faceforensics/Deepfakes/054_071/000000.jpg,xception,ffpp_source_safe,val,1,Deepfakes,0.7733920216560364,0.4307548701763153,1
faceforensics/Deepfakes/054_071/000001.jpg,xception,ffpp_source_safe,val,1,Deepfakes,0.8516972661018372,0.4307548701763153,1
faceforensics/Deepfakes/054_071/000002.jpg,xception,ffpp_source_safe,val,1,Deepfakes,0.9998158812522888,0.4307548701763153,1
faceforensics/Deepfakes/054_071/000003.jpg,xception,ffpp_source_safe,val,1,Deepfakes,0.9992455244064331,0.4307548701763153,1
faceforensics/Deepfakes/054_071/000004.jpg,xception,ffpp_source_safe,val,1,Deepfakes,0.9855735898017883,0.4307548701763153,1
faceforensics/Deepfakes/054_071/000005.jpg,xception,ffpp_source_safe,val,1,Deepfakes,0.9925876259803772,0.4307548701763153,1
faceforensics/Deepfakes/054_071/000006.jpg,xception,ffpp_source_safe,val,1,Deepfakes,0.9992699027061462,0.4307548701763153,1
faceforensics/Deepfakes/054_071/000007.jpg,xception,ffpp_source_safe,val,1,Deepfakes,0.9774190187454224,0.4307548701763153,1
faceforensics/Deepfakes/054_071/000008.jpg,xception,ffpp_source_safe,val,1,Deepfakes,0.9818224906921387,0.4307548701763153,1
faceforensics/Deepfakes/054_071/000009.jpg,xception,ffpp_source_safe,val,1,Deepfakes,0.9876184463500977,0.4307548701763153,1
faceforensics/Deepfakes/054_071/000010.jpg,xception,ffpp_source_safe,val,1,Deepfakes,0.9996323585510254,0.4307548701763153,1
faceforensics/Deepfakes/054_071/000011.jpg,xception,ffpp_source_safe,val,1,Deepfakes,0.9642239809036255,0.4307548701763153,1
faceforensics/Deepfakes/054_071/000012.jpg,xception,ffpp_source_safe,val,1,Deepfakes,0.9811595678329468,0.4307548701763153,1
faceforensics/Deepfakes/054_071/000013.jpg,xception,ffpp_source_safe,val,1,Deepfakes,0.9994090795516968,0.4307548701763153,1
faceforensics/Deepfakes/054_071/000014.jpg,xception,ffpp_source_safe,val,1,Deepfakes,0.9939378499984741,0.4307548701763153,1
faceforensics/Deepfakes/054_071/000015.jpg,xception,ffpp_source_safe,val,1,Deepfakes,0.9918850660324097,0.4307548701763153,1
faceforensics/Deepfakes/054_071/000016.jpg,xception,ffpp_source_safe,val,1,Deepfakes,0.9946624636650085,0.4307548701763153,1
faceforensics/Deepfakes/054_071/000017.jpg,xception,ffpp_source_safe,val,1,Deepfakes,0.9546970725059509,0.4307548701763153,1
faceforensics/Deepfakes/054_071/000018.jpg,xception,ffpp_source_safe,val,1,Deepfakes,0.7896506190299988,0.4307548701763153,1
faceforensics/Deepfakes/054_071/000019.jpg,xception,ffpp_source_safe,val,1,Deepfakes,0.9051046967506409,0.4307548701763153,1
faceforensics/Deepfakes/054_071/000020.jpg,xception,ffpp_source_safe,val,1,Deepfakes,0.9981672763824463,0.4307548701763153,1
faceforensics/Deepfakes/054_071/000021.jpg,xception,ffpp_source_safe,val,1,Deepfakes,0.9973137974739075,0.4307548701763153,1
faceforensics/Deepfakes/054_071/000022.jpg,xception,ffpp_source_safe,val,1,Deepfakes,0.9891050457954407,0.4307548701763153,1
faceforensics/Deepfakes/054_071/000023.jpg,xception,ffpp_source_safe,val,1,Deepfakes,0.9963958859443665,0.4307548701763153,1
faceforensics/Deepfakes/054_071/000024.jpg,xception,ffpp_source_safe,val,1,Deepfakes,0.19765235483646393,0.4307548701763153,0
faceforensics/Deepfakes/054_071/000025.jpg,xception,ffpp_source_safe,val,1,Deepfakes,0.9911721348762512,0.4307548701763153,1
faceforensics/Deepfakes/054_071/000026.jpg,xception,ffpp_source_safe,val,1,Deepfakes,0.999544084072113,0.4307548701763153,1
faceforensics/Deepfakes/054_071/000027.jpg,xception,ffpp_source_safe,val,1,Deepfakes,0.9704915881156921,0.4307548701763153,1
faceforensics/Deepfakes/054_071/000028.jpg,xception,ffpp_source_safe,val,1,Deepfakes,0.992298424243927,0.4307548701763153,1
faceforensics/Deepfakes/054_071/000029.jpg,xception,ffpp_source_safe,val,1,Deepfakes,0.645185649394989,0.4307548701763153,1
faceforensics/Deepfakes/071_054/000000.jpg,xception,ffpp_source_safe,val,1,Deepfakes,0.8799415826797485,0.4307548701763153,1
faceforensics/Deepfakes/071_054/000001.jpg,xception,ffpp_source_safe,val,1,Deepfakes,0.2136901617050171,0.4307548701763153,0
faceforensics/Deepfakes/071_054/000002.jpg,xception,ffpp_source_safe,val,1,Deepfakes,0.999022364616394,0.4307548701763153,1
faceforensics/Deepfakes/071_054/000003.jpg,xception,ffpp_source_safe,val,1,Deepfakes,0.9796358346939087,0.4307548701763153,1
faceforensics/Deepfakes/071_054/000004.jpg,xception,ffpp_source_safe,val,1,Deepfakes,0.9893071055412292,0.4307548701763153,1
faceforensics/Deepfakes/071_054/000005.jpg,xception,ffpp_source_safe,val,1,Deepfakes,0.9741485118865967,0.4307548701763153,1
faceforensics/Deepfakes/071_054/000006.jpg,xception,ffpp_source_safe,val,1,Deepfakes,0.8134109377861023,0.4307548701763153,1
faceforensics/Deepfakes/071_054/000007.jpg,xception,ffpp_source_safe,val,1,Deepfakes,0.6587926149368286,0.4307548701763153,1
faceforensics/Deepfakes/071_054/000008.jpg,xception,ffpp_source_safe,val,1,Deepfakes,0.9216034412384033,0.4307548701763153,1
faceforensics/Deepfakes/071_054/000009.jpg,xception,ffpp_source_safe,val,1,Deepfakes,0.8248507976531982,0.4307548701763153,1
faceforensics/Deepfakes/071_054/000010.jpg,xception,ffpp_source_safe,val,1,Deepfakes,0.9864402413368225,0.4307548701763153,1
faceforensics/Deepfakes/071_054/000011.jpg,xception,ffpp_source_safe,val,1,Deepfakes,0.983193039894104,0.4307548701763153,1
faceforensics/Deepfakes/071_054/000012.jpg,xception,ffpp_source_safe,val,1,Deepfakes,0.9782350063323975,0.4307548701763153,1
faceforensics/Deepfakes/071_054/000013.jpg,xception,ffpp_source_safe,val,1,Deepfakes,0.9784168004989624,0.4307548701763153,1
faceforensics/Deepfakes/071_054/000014.jpg,xception,ffpp_source_safe,val,1,Deepfakes,0.4075358808040619,0.4307548701763153,0
faceforensics/Deepfakes/071_054/000015.jpg,xception,ffpp_source_safe,val,1,Deepfakes,0.824368417263031,0.4307548701763153,1
faceforensics/Deepfakes/071_054/000016.jpg,xception,ffpp_source_safe,val,1,Deepfakes,0.9296051263809204,0.4307548701763153,1
faceforensics/Deepfakes/071_054/000017.jpg,xception,ffpp_source_safe,val,1,Deepfakes,0.9860268831253052,0.4307548701763153,1
faceforensics/Deepfakes/071_054/000018.jpg,xception,ffpp_source_safe,val,1,Deepfakes,0.9750984311103821,0.4307548701763153,1
faceforensics/Deepfakes/071_054/000019.jpg,xception,ffpp_source_safe,val,1,Deepfakes,0.9917709827423096,0.4307548701763153,1
faceforensics/Deepfakes/071_054/000020.jpg,xception,ffpp_source_safe,val,1,Deepfakes,0.9911529421806335,0.4307548701763153,1
faceforensics/Deepfakes/071_054/000021.jpg,xception,ffpp_source_safe,val,1,Deepfakes,0.975700318813324,0.4307548701763153,1
faceforensics/Deepfakes/071_054/000022.jpg,xception,ffpp_source_safe,val,1,Deepfakes,0.990062415599823,0.4307548701763153,1
faceforensics/Deepfakes/071_054/000023.jpg,xception,ffpp_source_safe,val,1,Deepfakes,0.9913097620010376,0.4307548701763153,1
faceforensics/Deepfakes/071_054/000024.jpg,xception,ffpp_source_safe,val,1,Deepfakes,0.9779189229011536,0.4307548701763153,1
faceforensics/Deepfakes/071_054/000025.jpg,xception,ffpp_source_safe,val,1,Deepfakes,0.9705772399902344,0.4307548701763153,1
faceforensics/Deepfakes/071_054/000026.jpg,xception,ffpp_source_safe,val,1,Deepfakes,0.8931492567062378,0.4307548701763153,1
faceforensics/Deepfakes/071_054/000027.jpg,xception,ffpp_source_safe,val,1,Deepfakes,0.9934990406036377,0.4307548701763153,1
faceforensics/Deepfakes/071_054/000028.jpg,xception,ffpp_source_safe,val,1,Deepfakes,0.6805378198623657,0.4307548701763153,1
faceforensics/Deepfakes/071_054/000029.jpg,xception,ffpp_source_safe,val,1,Deepfakes,0.04527898505330086,0.4307548701763153,0
faceforensics/Deepfakes/376_381/000000.jpg,xception,ffpp_source_safe,val,1,Deepfakes,0.9850617051124573,0.4307548701763153,1
faceforensics/Deepfakes/376_381/000001.jpg,xception,ffpp_source_safe,val,1,Deepfakes,0.9889619946479797,0.4307548701763153,1
faceforensics/Deepfakes/376_381/000002.jpg,xception,ffpp_source_safe,val,1,Deepfakes,0.9985641837120056,0.4307548701763153,1
faceforensics/Deepfakes/376_381/000003.jpg,xception,ffpp_source_safe,val,1,Deepfakes,0.23478226363658905,0.4307548701763153,0
faceforensics/Deepfakes/376_381/000004.jpg,xception,ffpp_source_safe,val,1,Deepfakes,0.9647396206855774,0.4307548701763153,1
faceforensics/Deepfakes/376_381/000005.jpg,xception,ffpp_source_safe,val,1,Deepfakes,0.9971978664398193,0.4307548701763153,1
faceforensics/Deepfakes/376_381/000006.jpg,xception,ffpp_source_safe,val,1,Deepfakes,0.9916830062866211,0.4307548701763153,1
faceforensics/Deepfakes/376_381/000007.jpg,xception,ffpp_source_safe,val,1,Deepfakes,0.9680778980255127,0.4307548701763153,1
faceforensics/Deepfakes/376_381/000008.jpg,xception,ffpp_source_safe,val,1,Deepfakes,0.9858759045600891,0.4307548701763153,1
faceforensics/Deepfakes/376_381/000009.jpg,xception,ffpp_source_safe,val,1,Deepfakes,0.9921838641166687,0.4307548701763153,1
faceforensics/Deepfakes/376_381/000010.jpg,xception,ffpp_source_safe,val,1,Deepfakes,0.9995482563972473,0.4307548701763153,1
faceforensics/Deepfakes/376_381/000011.jpg,xception,ffpp_source_safe,val,1,Deepfakes,0.9962400197982788,0.4307548701763153,1
faceforensics/Deepfakes/376_381/000012.jpg,xception,ffpp_source_safe,val,1,Deepfakes,0.9990569949150085,0.4307548701763153,1
faceforensics/Deepfakes/376_381/000013.jpg,xception,ffpp_source_safe,val,1,Deepfakes,0.38275212049484253,0.4307548701763153,0
faceforensics/Deepfakes/376_381/000014.jpg,xception,ffpp_source_safe,val,1,Deepfakes,0.9785005450248718,0.4307548701763153,1
faceforensics/Deepfakes/376_381/000015.jpg,xception,ffpp_source_safe,val,1,Deepfakes,0.9523664116859436,0.4307548701763153,1
faceforensics/Deepfakes/376_381/000016.jpg,xception,ffpp_source_safe,val,1,Deepfakes,0.909814178943634,0.4307548701763153,1
faceforensics/Deepfakes/376_381/000017.jpg,xception,ffpp_source_safe,val,1,Deepfakes,0.19268077611923218,0.4307548701763153,0
faceforensics/Deepfakes/376_381/000018.jpg,xception,ffpp_source_safe,val,1,Deepfakes,0.43340474367141724,0.4307548701763153,1
faceforensics/Deepfakes/376_381/000019.jpg,xception,ffpp_source_safe,val,1,Deepfakes,0.9992087483406067,0.4307548701763153,1
faceforensics/Deepfakes/376_381/000020.jpg,xception,ffpp_source_safe,val,1,Deepfakes,0.9235104322433472,0.4307548701763153,1
faceforensics/Deepfakes/376_381/000021.jpg,xception,ffpp_source_safe,val,1,Deepfakes,0.9458990097045898,0.4307548701763153,1
faceforensics/Deepfakes/376_381/000022.jpg,xception,ffpp_source_safe,val,1,Deepfakes,0.94386225938797,0.4307548701763153,1
faceforensics/Deepfakes/376_381/000023.jpg,xception,ffpp_source_safe,val,1,Deepfakes,0.9488130807876587,0.4307548701763153,1
faceforensics/Deepfakes/376_381/000024.jpg,xception,ffpp_source_safe,val,1,Deepfakes,0.9970449805259705,0.4307548701763153,1
faceforensics/Deepfakes/376_381/000025.jpg,xception,ffpp_source_safe,val,1,Deepfakes,0.9819814562797546,0.4307548701763153,1
faceforensics/Deepfakes/376_381/000026.jpg,xception,ffpp_source_safe,val,1,Deepfakes,0.9992870688438416,0.4307548701763153,1
faceforensics/Deepfakes/376_381/000027.jpg,xception,ffpp_source_safe,val,1,Deepfakes,0.10157712548971176,0.4307548701763153,0
faceforensics/Deepfakes/376_381/000028.jpg,xception,ffpp_source_safe,val,1,Deepfakes,0.6456412672996521,0.4307548701763153,1
faceforensics/Deepfakes/376_381/000029.jpg,xception,ffpp_source_safe,val,1,Deepfakes,0.9490220546722412,0.4307548701763153,1
faceforensics/Deepfakes/381_376/000000.jpg,xception,ffpp_source_safe,val,1,Deepfakes,0.9984997510910034,0.4307548701763153,1
faceforensics/Deepfakes/381_376/000001.jpg,xception,ffpp_source_safe,val,1,Deepfakes,0.9984958171844482,0.4307548701763153,1
faceforensics/Deepfakes/381_376/000002.jpg,xception,ffpp_source_safe,val,1,Deepfakes,0.9689919352531433,0.4307548701763153,1
faceforensics/Deepfakes/381_376/000003.jpg,xception,ffpp_source_safe,val,1,Deepfakes,0.950325608253479,0.4307548701763153,1
faceforensics/Deepfakes/381_376/000004.jpg,xception,ffpp_source_safe,val,1,Deepfakes,0.9997426867485046,0.4307548701763153,1
faceforensics/Deepfakes/381_376/000005.jpg,xception,ffpp_source_safe,val,1,Deepfakes,0.9997474551200867,0.4307548701763153,1
faceforensics/Deepfakes/381_376/000006.jpg,xception,ffpp_source_safe,val,1,Deepfakes,0.9994841814041138,0.4307548701763153,1
faceforensics/Deepfakes/381_376/000007.jpg,xception,ffpp_source_safe,val,1,Deepfakes,0.9952645301818848,0.4307548701763153,1
faceforensics/Deepfakes/381_376/000008.jpg,xception,ffpp_source_safe,val,1,Deepfakes,0.9998829364776611,0.4307548701763153,1
faceforensics/Deepfakes/381_376/000009.jpg,xception,ffpp_source_safe,val,1,Deepfakes,0.9988837838172913,0.4307548701763153,1
faceforensics/Deepfakes/381_376/000010.jpg,xception,ffpp_source_safe,val,1,Deepfakes,0.9984000325202942,0.4307548701763153,1
faceforensics/Deepfakes/381_376/000011.jpg,xception,ffpp_source_safe,val,1,Deepfakes,0.9994545578956604,0.4307548701763153,1
faceforensics/Deepfakes/381_376/000012.jpg,xception,ffpp_source_safe,val,1,Deepfakes,0.9991815686225891,0.4307548701763153,1
faceforensics/Deepfakes/381_376/000013.jpg,xception,ffpp_source_safe,val,1,Deepfakes,0.9983695149421692,0.4307548701763153,1
faceforensics/Deepfakes/381_376/000014.jpg,xception,ffpp_source_safe,val,1,Deepfakes,0.923316240310669,0.4307548701763153,1
faceforensics/Deepfakes/381_376/000015.jpg,xception,ffpp_source_safe,val,1,Deepfakes,0.9991781115531921,0.4307548701763153,1
faceforensics/Deepfakes/381_376/000016.jpg,xception,ffpp_source_safe,val,1,Deepfakes,0.9969275593757629,0.4307548701763153,1
faceforensics/Deepfakes/381_376/000017.jpg,xception,ffpp_source_safe,val,1,Deepfakes,0.7276574969291687,0.4307548701763153,1
faceforensics/Deepfakes/381_376/000018.jpg,xception,ffpp_source_safe,val,1,Deepfakes,0.9975752234458923,0.4307548701763153,1
faceforensics/Deepfakes/381_376/000019.jpg,xception,ffpp_source_safe,val,1,Deepfakes,0.9986633062362671,0.4307548701763153,1
faceforensics/Deepfakes/381_376/000020.jpg,xception,ffpp_source_safe,val,1,Deepfakes,0.9991436004638672,0.4307548701763153,1
faceforensics/Deepfakes/381_376/000021.jpg,xception,ffpp_source_safe,val,1,Deepfakes,0.9984948635101318,0.4307548701763153,1
faceforensics/Deepfakes/381_376/000022.jpg,xception,ffpp_source_safe,val,1,Deepfakes,0.9998863935470581,0.4307548701763153,1
faceforensics/Deepfakes/381_376/000023.jpg,xception,ffpp_source_safe,val,1,Deepfakes,0.9996042847633362,0.4307548701763153,1
faceforensics/Deepfakes/381_376/000024.jpg,xception,ffpp_source_safe,val,1,Deepfakes,0.9999300241470337,0.4307548701763153,1
faceforensics/Deepfakes/381_376/000025.jpg,xception,ffpp_source_safe,val,1,Deepfakes,0.9998787641525269,0.4307548701763153,1
faceforensics/Deepfakes/381_376/000026.jpg,xception,ffpp_source_safe,val,1,Deepfakes,0.9994832277297974,0.4307548701763153,1
faceforensics/Deepfakes/381_376/000027.jpg,xception,ffpp_source_safe,val,1,Deepfakes,0.9845239520072937,0.4307548701763153,1
faceforensics/Deepfakes/381_376/000028.jpg,xception,ffpp_source_safe,val,1,Deepfakes,0.9994695782661438,0.4307548701763153,1
faceforensics/Deepfakes/381_376/000029.jpg,xception,ffpp_source_safe,val,1,Deepfakes,0.5316182971000671,0.4307548701763153,1
faceforensics/Face2Face/054_071/000000.jpg,xception,ffpp_source_safe,val,1,Face2Face,0.9994753003120422,0.4307548701763153,1
faceforensics/Face2Face/054_071/000001.jpg,xception,ffpp_source_safe,val,1,Face2Face,0.39712774753570557,0.4307548701763153,0
faceforensics/Face2Face/054_071/000002.jpg,xception,ffpp_source_safe,val,1,Face2Face,0.3107314109802246,0.4307548701763153,0
faceforensics/Face2Face/054_071/000003.jpg,xception,ffpp_source_safe,val,1,Face2Face,0.3820938766002655,0.4307548701763153,0
faceforensics/Face2Face/054_071/000004.jpg,xception,ffpp_source_safe,val,1,Face2Face,0.44089776277542114,0.4307548701763153,1
faceforensics/Face2Face/054_071/000005.jpg,xception,ffpp_source_safe,val,1,Face2Face,0.8637473583221436,0.4307548701763153,1
faceforensics/Face2Face/054_071/000006.jpg,xception,ffpp_source_safe,val,1,Face2Face,0.6916722655296326,0.4307548701763153,1
faceforensics/Face2Face/054_071/000007.jpg,xception,ffpp_source_safe,val,1,Face2Face,0.95112144947052,0.4307548701763153,1
faceforensics/Face2Face/054_071/000008.jpg,xception,ffpp_source_safe,val,1,Face2Face,0.9248144626617432,0.4307548701763153,1
faceforensics/Face2Face/054_071/000009.jpg,xception,ffpp_source_safe,val,1,Face2Face,0.35762667655944824,0.4307548701763153,0
faceforensics/Face2Face/054_071/000010.jpg,xception,ffpp_source_safe,val,1,Face2Face,0.9862026572227478,0.4307548701763153,1
faceforensics/Face2Face/054_071/000011.jpg,xception,ffpp_source_safe,val,1,Face2Face,0.2483946681022644,0.4307548701763153,0
faceforensics/Face2Face/054_071/000012.jpg,xception,ffpp_source_safe,val,1,Face2Face,0.5793083310127258,0.4307548701763153,1
faceforensics/Face2Face/054_071/000013.jpg,xception,ffpp_source_safe,val,1,Face2Face,0.9881320595741272,0.4307548701763153,1
faceforensics/Face2Face/054_071/000014.jpg,xception,ffpp_source_safe,val,1,Face2Face,0.9597617983818054,0.4307548701763153,1
faceforensics/Face2Face/054_071/000015.jpg,xception,ffpp_source_safe,val,1,Face2Face,0.9247771501541138,0.4307548701763153,1
faceforensics/Face2Face/054_071/000016.jpg,xception,ffpp_source_safe,val,1,Face2Face,0.7450366020202637,0.4307548701763153,1
faceforensics/Face2Face/054_071/000017.jpg,xception,ffpp_source_safe,val,1,Face2Face,0.9870045781135559,0.4307548701763153,1
faceforensics/Face2Face/054_071/000018.jpg,xception,ffpp_source_safe,val,1,Face2Face,0.9888999462127686,0.4307548701763153,1
faceforensics/Face2Face/054_071/000019.jpg,xception,ffpp_source_safe,val,1,Face2Face,0.9580438733100891,0.4307548701763153,1
faceforensics/Face2Face/054_071/000020.jpg,xception,ffpp_source_safe,val,1,Face2Face,0.9826907515525818,0.4307548701763153,1
faceforensics/Face2Face/054_071/000021.jpg,xception,ffpp_source_safe,val,1,Face2Face,0.2031414955854416,0.4307548701763153,0
faceforensics/Face2Face/054_071/000022.jpg,xception,ffpp_source_safe,val,1,Face2Face,0.23840218782424927,0.4307548701763153,0
faceforensics/Face2Face/054_071/000023.jpg,xception,ffpp_source_safe,val,1,Face2Face,0.9903311729431152,0.4307548701763153,1
faceforensics/Face2Face/054_071/000024.jpg,xception,ffpp_source_safe,val,1,Face2Face,0.7541671395301819,0.4307548701763153,1
faceforensics/Face2Face/054_071/000025.jpg,xception,ffpp_source_safe,val,1,Face2Face,0.8614012002944946,0.4307548701763153,1
faceforensics/Face2Face/054_071/000026.jpg,xception,ffpp_source_safe,val,1,Face2Face,0.9531909823417664,0.4307548701763153,1
faceforensics/Face2Face/054_071/000027.jpg,xception,ffpp_source_safe,val,1,Face2Face,0.7782334685325623,0.4307548701763153,1
faceforensics/Face2Face/054_071/000028.jpg,xception,ffpp_source_safe,val,1,Face2Face,0.9951823353767395,0.4307548701763153,1
faceforensics/Face2Face/054_071/000029.jpg,xception,ffpp_source_safe,val,1,Face2Face,0.5069474577903748,0.4307548701763153,1
faceforensics/Face2Face/071_054/000000.jpg,xception,ffpp_source_safe,val,1,Face2Face,0.9999651908874512,0.4307548701763153,1
faceforensics/Face2Face/071_054/000001.jpg,xception,ffpp_source_safe,val,1,Face2Face,0.9996634721755981,0.4307548701763153,1
faceforensics/Face2Face/071_054/000002.jpg,xception,ffpp_source_safe,val,1,Face2Face,0.9931696653366089,0.4307548701763153,1
faceforensics/Face2Face/071_054/000003.jpg,xception,ffpp_source_safe,val,1,Face2Face,0.9962663054466248,0.4307548701763153,1
faceforensics/Face2Face/071_054/000004.jpg,xception,ffpp_source_safe,val,1,Face2Face,0.9992431402206421,0.4307548701763153,1
faceforensics/Face2Face/071_054/000005.jpg,xception,ffpp_source_safe,val,1,Face2Face,0.9985955357551575,0.4307548701763153,1
faceforensics/Face2Face/071_054/000006.jpg,xception,ffpp_source_safe,val,1,Face2Face,0.9858303666114807,0.4307548701763153,1
faceforensics/Face2Face/071_054/000007.jpg,xception,ffpp_source_safe,val,1,Face2Face,0.9999133348464966,0.4307548701763153,1
faceforensics/Face2Face/071_054/000008.jpg,xception,ffpp_source_safe,val,1,Face2Face,0.9984499216079712,0.4307548701763153,1
faceforensics/Face2Face/071_054/000009.jpg,xception,ffpp_source_safe,val,1,Face2Face,0.9984601736068726,0.4307548701763153,1
faceforensics/Face2Face/071_054/000010.jpg,xception,ffpp_source_safe,val,1,Face2Face,0.9082428216934204,0.4307548701763153,1
faceforensics/Face2Face/071_054/000011.jpg,xception,ffpp_source_safe,val,1,Face2Face,0.9994381070137024,0.4307548701763153,1
faceforensics/Face2Face/071_054/000012.jpg,xception,ffpp_source_safe,val,1,Face2Face,0.992416262626648,0.4307548701763153,1
faceforensics/Face2Face/071_054/000013.jpg,xception,ffpp_source_safe,val,1,Face2Face,0.993733823299408,0.4307548701763153,1
faceforensics/Face2Face/071_054/000014.jpg,xception,ffpp_source_safe,val,1,Face2Face,0.9962210655212402,0.4307548701763153,1
faceforensics/Face2Face/071_054/000015.jpg,xception,ffpp_source_safe,val,1,Face2Face,0.9998401403427124,0.4307548701763153,1
faceforensics/Face2Face/071_054/000016.jpg,xception,ffpp_source_safe,val,1,Face2Face,0.9996888637542725,0.4307548701763153,1
faceforensics/Face2Face/071_054/000017.jpg,xception,ffpp_source_safe,val,1,Face2Face,0.9961985945701599,0.4307548701763153,1
faceforensics/Face2Face/071_054/000018.jpg,xception,ffpp_source_safe,val,1,Face2Face,0.9871224164962769,0.4307548701763153,1
faceforensics/Face2Face/071_054/000019.jpg,xception,ffpp_source_safe,val,1,Face2Face,0.9983323216438293,0.4307548701763153,1
faceforensics/Face2Face/071_054/000020.jpg,xception,ffpp_source_safe,val,1,Face2Face,0.9995193481445312,0.4307548701763153,1
faceforensics/Face2Face/071_054/000021.jpg,xception,ffpp_source_safe,val,1,Face2Face,0.9515911340713501,0.4307548701763153,1
faceforensics/Face2Face/071_054/000022.jpg,xception,ffpp_source_safe,val,1,Face2Face,0.9992119073867798,0.4307548701763153,1
faceforensics/Face2Face/071_054/000023.jpg,xception,ffpp_source_safe,val,1,Face2Face,0.996553897857666,0.4307548701763153,1
faceforensics/Face2Face/071_054/000024.jpg,xception,ffpp_source_safe,val,1,Face2Face,0.9272934198379517,0.4307548701763153,1
faceforensics/Face2Face/071_054/000025.jpg,xception,ffpp_source_safe,val,1,Face2Face,0.7184820175170898,0.4307548701763153,1
faceforensics/Face2Face/071_054/000026.jpg,xception,ffpp_source_safe,val,1,Face2Face,0.9987363219261169,0.4307548701763153,1
faceforensics/Face2Face/071_054/000027.jpg,xception,ffpp_source_safe,val,1,Face2Face,0.9888258576393127,0.4307548701763153,1
faceforensics/Face2Face/071_054/000028.jpg,xception,ffpp_source_safe,val,1,Face2Face,0.9919691681861877,0.4307548701763153,1
faceforensics/Face2Face/071_054/000029.jpg,xception,ffpp_source_safe,val,1,Face2Face,0.9166021347045898,0.4307548701763153,1
faceforensics/Face2Face/376_381/000000.jpg,xception,ffpp_source_safe,val,1,Face2Face,0.0159674733877182,0.4307548701763153,0
faceforensics/Face2Face/376_381/000001.jpg,xception,ffpp_source_safe,val,1,Face2Face,0.5341140031814575,0.4307548701763153,1
faceforensics/Face2Face/376_381/000002.jpg,xception,ffpp_source_safe,val,1,Face2Face,0.6901915073394775,0.4307548701763153,1
faceforensics/Face2Face/376_381/000003.jpg,xception,ffpp_source_safe,val,1,Face2Face,0.4528031647205353,0.4307548701763153,1
faceforensics/Face2Face/376_381/000004.jpg,xception,ffpp_source_safe,val,1,Face2Face,0.7139725089073181,0.4307548701763153,1
faceforensics/Face2Face/376_381/000005.jpg,xception,ffpp_source_safe,val,1,Face2Face,0.030113419517874718,0.4307548701763153,0
faceforensics/Face2Face/376_381/000006.jpg,xception,ffpp_source_safe,val,1,Face2Face,0.2454344481229782,0.4307548701763153,0
faceforensics/Face2Face/376_381/000007.jpg,xception,ffpp_source_safe,val,1,Face2Face,0.19155262410640717,0.4307548701763153,0
faceforensics/Face2Face/376_381/000008.jpg,xception,ffpp_source_safe,val,1,Face2Face,0.0613214373588562,0.4307548701763153,0
faceforensics/Face2Face/376_381/000009.jpg,xception,ffpp_source_safe,val,1,Face2Face,0.39964163303375244,0.4307548701763153,0
faceforensics/Face2Face/376_381/000010.jpg,xception,ffpp_source_safe,val,1,Face2Face,0.8729830980300903,0.4307548701763153,1
faceforensics/Face2Face/376_381/000011.jpg,xception,ffpp_source_safe,val,1,Face2Face,0.9549725651741028,0.4307548701763153,1
faceforensics/Face2Face/376_381/000012.jpg,xception,ffpp_source_safe,val,1,Face2Face,0.1754022240638733,0.4307548701763153,0
faceforensics/Face2Face/376_381/000013.jpg,xception,ffpp_source_safe,val,1,Face2Face,0.947826623916626,0.4307548701763153,1
faceforensics/Face2Face/376_381/000014.jpg,xception,ffpp_source_safe,val,1,Face2Face,0.990828275680542,0.4307548701763153,1
faceforensics/Face2Face/376_381/000015.jpg,xception,ffpp_source_safe,val,1,Face2Face,0.9055846333503723,0.4307548701763153,1
faceforensics/Face2Face/376_381/000016.jpg,xception,ffpp_source_safe,val,1,Face2Face,0.9949386119842529,0.4307548701763153,1
faceforensics/Face2Face/376_381/000017.jpg,xception,ffpp_source_safe,val,1,Face2Face,0.9873225092887878,0.4307548701763153,1
faceforensics/Face2Face/376_381/000018.jpg,xception,ffpp_source_safe,val,1,Face2Face,0.957558274269104,0.4307548701763153,1
faceforensics/Face2Face/376_381/000019.jpg,xception,ffpp_source_safe,val,1,Face2Face,0.9957002401351929,0.4307548701763153,1
faceforensics/Face2Face/376_381/000020.jpg,xception,ffpp_source_safe,val,1,Face2Face,0.85858154296875,0.4307548701763153,1
faceforensics/Face2Face/376_381/000021.jpg,xception,ffpp_source_safe,val,1,Face2Face,0.8038516044616699,0.4307548701763153,1
faceforensics/Face2Face/376_381/000022.jpg,xception,ffpp_source_safe,val,1,Face2Face,0.44760239124298096,0.4307548701763153,1
faceforensics/Face2Face/376_381/000023.jpg,xception,ffpp_source_safe,val,1,Face2Face,0.9767667651176453,0.4307548701763153,1
faceforensics/Face2Face/376_381/000024.jpg,xception,ffpp_source_safe,val,1,Face2Face,0.5910000801086426,0.4307548701763153,1
faceforensics/Face2Face/376_381/000025.jpg,xception,ffpp_source_safe,val,1,Face2Face,0.23001985251903534,0.4307548701763153,0
faceforensics/Face2Face/376_381/000026.jpg,xception,ffpp_source_safe,val,1,Face2Face,0.033766526728868484,0.4307548701763153,0
faceforensics/Face2Face/376_381/000027.jpg,xception,ffpp_source_safe,val,1,Face2Face,0.956619381904602,0.4307548701763153,1
faceforensics/Face2Face/376_381/000028.jpg,xception,ffpp_source_safe,val,1,Face2Face,0.4307548701763153,0.4307548701763153,1
faceforensics/Face2Face/376_381/000029.jpg,xception,ffpp_source_safe,val,1,Face2Face,0.8909000754356384,0.4307548701763153,1
faceforensics/Face2Face/381_376/000000.jpg,xception,ffpp_source_safe,val,1,Face2Face,0.877676784992218,0.4307548701763153,1
faceforensics/Face2Face/381_376/000001.jpg,xception,ffpp_source_safe,val,1,Face2Face,0.8322173953056335,0.4307548701763153,1
faceforensics/Face2Face/381_376/000002.jpg,xception,ffpp_source_safe,val,1,Face2Face,0.7257471084594727,0.4307548701763153,1
faceforensics/Face2Face/381_376/000003.jpg,xception,ffpp_source_safe,val,1,Face2Face,0.9997902512550354,0.4307548701763153,1
faceforensics/Face2Face/381_376/000004.jpg,xception,ffpp_source_safe,val,1,Face2Face,0.9864798188209534,0.4307548701763153,1
faceforensics/Face2Face/381_376/000005.jpg,xception,ffpp_source_safe,val,1,Face2Face,0.630652129650116,0.4307548701763153,1
faceforensics/Face2Face/381_376/000006.jpg,xception,ffpp_source_safe,val,1,Face2Face,0.8980363011360168,0.4307548701763153,1
faceforensics/Face2Face/381_376/000007.jpg,xception,ffpp_source_safe,val,1,Face2Face,0.9747424125671387,0.4307548701763153,1
faceforensics/Face2Face/381_376/000008.jpg,xception,ffpp_source_safe,val,1,Face2Face,0.7297951579093933,0.4307548701763153,1
faceforensics/Face2Face/381_376/000009.jpg,xception,ffpp_source_safe,val,1,Face2Face,0.9705457091331482,0.4307548701763153,1
faceforensics/Face2Face/381_376/000010.jpg,xception,ffpp_source_safe,val,1,Face2Face,0.9838889837265015,0.4307548701763153,1
faceforensics/Face2Face/381_376/000011.jpg,xception,ffpp_source_safe,val,1,Face2Face,0.653763473033905,0.4307548701763153,1
faceforensics/Face2Face/381_376/000012.jpg,xception,ffpp_source_safe,val,1,Face2Face,0.8393433094024658,0.4307548701763153,1
faceforensics/Face2Face/381_376/000013.jpg,xception,ffpp_source_safe,val,1,Face2Face,0.8730655908584595,0.4307548701763153,1
faceforensics/Face2Face/381_376/000014.jpg,xception,ffpp_source_safe,val,1,Face2Face,0.9373854398727417,0.4307548701763153,1
faceforensics/Face2Face/381_376/000015.jpg,xception,ffpp_source_safe,val,1,Face2Face,0.961479663848877,0.4307548701763153,1
faceforensics/Face2Face/381_376/000016.jpg,xception,ffpp_source_safe,val,1,Face2Face,0.9987849593162537,0.4307548701763153,1
faceforensics/Face2Face/381_376/000017.jpg,xception,ffpp_source_safe,val,1,Face2Face,0.9606028199195862,0.4307548701763153,1
faceforensics/Face2Face/381_376/000018.jpg,xception,ffpp_source_safe,val,1,Face2Face,0.7901431322097778,0.4307548701763153,1
faceforensics/Face2Face/381_376/000019.jpg,xception,ffpp_source_safe,val,1,Face2Face,0.01523628830909729,0.4307548701763153,0
faceforensics/Face2Face/381_376/000020.jpg,xception,ffpp_source_safe,val,1,Face2Face,0.691375195980072,0.4307548701763153,1
faceforensics/Face2Face/381_376/000021.jpg,xception,ffpp_source_safe,val,1,Face2Face,0.9678233861923218,0.4307548701763153,1
faceforensics/Face2Face/381_376/000022.jpg,xception,ffpp_source_safe,val,1,Face2Face,0.9939601421356201,0.4307548701763153,1
faceforensics/Face2Face/381_376/000023.jpg,xception,ffpp_source_safe,val,1,Face2Face,0.5896603465080261,0.4307548701763153,1
faceforensics/Face2Face/381_376/000024.jpg,xception,ffpp_source_safe,val,1,Face2Face,0.9838369488716125,0.4307548701763153,1
faceforensics/Face2Face/381_376/000025.jpg,xception,ffpp_source_safe,val,1,Face2Face,0.9960141181945801,0.4307548701763153,1
faceforensics/Face2Face/381_376/000026.jpg,xception,ffpp_source_safe,val,1,Face2Face,0.978888988494873,0.4307548701763153,1
faceforensics/Face2Face/381_376/000027.jpg,xception,ffpp_source_safe,val,1,Face2Face,0.9911212921142578,0.4307548701763153,1
faceforensics/Face2Face/381_376/000028.jpg,xception,ffpp_source_safe,val,1,Face2Face,0.9107705950737,0.4307548701763153,1
faceforensics/Face2Face/381_376/000029.jpg,xception,ffpp_source_safe,val,1,Face2Face,0.9909632802009583,0.4307548701763153,1
faceforensics/FaceSwap/054_071/000000.jpg,xception,ffpp_source_safe,val,1,FaceSwap,0.6899647116661072,0.4307548701763153,1
faceforensics/FaceSwap/054_071/000001.jpg,xception,ffpp_source_safe,val,1,FaceSwap,0.5378735661506653,0.4307548701763153,1
faceforensics/FaceSwap/054_071/000002.jpg,xception,ffpp_source_safe,val,1,FaceSwap,0.997779905796051,0.4307548701763153,1
faceforensics/FaceSwap/054_071/000003.jpg,xception,ffpp_source_safe,val,1,FaceSwap,0.6706246137619019,0.4307548701763153,1
faceforensics/FaceSwap/054_071/000004.jpg,xception,ffpp_source_safe,val,1,FaceSwap,0.22669725120067596,0.4307548701763153,0
faceforensics/FaceSwap/054_071/000005.jpg,xception,ffpp_source_safe,val,1,FaceSwap,0.9873139262199402,0.4307548701763153,1
faceforensics/FaceSwap/054_071/000006.jpg,xception,ffpp_source_safe,val,1,FaceSwap,0.9928919076919556,0.4307548701763153,1
faceforensics/FaceSwap/054_071/000007.jpg,xception,ffpp_source_safe,val,1,FaceSwap,0.9753066897392273,0.4307548701763153,1
faceforensics/FaceSwap/054_071/000008.jpg,xception,ffpp_source_safe,val,1,FaceSwap,0.9852787256240845,0.4307548701763153,1
faceforensics/FaceSwap/054_071/000009.jpg,xception,ffpp_source_safe,val,1,FaceSwap,0.9586438536643982,0.4307548701763153,1
faceforensics/FaceSwap/054_071/000010.jpg,xception,ffpp_source_safe,val,1,FaceSwap,0.4245557188987732,0.4307548701763153,0
faceforensics/FaceSwap/054_071/000011.jpg,xception,ffpp_source_safe,val,1,FaceSwap,0.9638898372650146,0.4307548701763153,1
faceforensics/FaceSwap/054_071/000012.jpg,xception,ffpp_source_safe,val,1,FaceSwap,0.17300637066364288,0.4307548701763153,0
faceforensics/FaceSwap/054_071/000013.jpg,xception,ffpp_source_safe,val,1,FaceSwap,0.9736285209655762,0.4307548701763153,1
faceforensics/FaceSwap/054_071/000014.jpg,xception,ffpp_source_safe,val,1,FaceSwap,0.9957999587059021,0.4307548701763153,1
faceforensics/FaceSwap/054_071/000015.jpg,xception,ffpp_source_safe,val,1,FaceSwap,0.8828935027122498,0.4307548701763153,1
faceforensics/FaceSwap/054_071/000016.jpg,xception,ffpp_source_safe,val,1,FaceSwap,0.9932615160942078,0.4307548701763153,1
faceforensics/FaceSwap/054_071/000017.jpg,xception,ffpp_source_safe,val,1,FaceSwap,0.029194992035627365,0.4307548701763153,0
faceforensics/FaceSwap/054_071/000018.jpg,xception,ffpp_source_safe,val,1,FaceSwap,0.7222123742103577,0.4307548701763153,1
faceforensics/FaceSwap/054_071/000019.jpg,xception,ffpp_source_safe,val,1,FaceSwap,0.7596096396446228,0.4307548701763153,1
faceforensics/FaceSwap/054_071/000020.jpg,xception,ffpp_source_safe,val,1,FaceSwap,0.9376205801963806,0.4307548701763153,1
faceforensics/FaceSwap/054_071/000021.jpg,xception,ffpp_source_safe,val,1,FaceSwap,0.8915101885795593,0.4307548701763153,1
faceforensics/FaceSwap/054_071/000022.jpg,xception,ffpp_source_safe,val,1,FaceSwap,0.9085085391998291,0.4307548701763153,1
faceforensics/FaceSwap/054_071/000023.jpg,xception,ffpp_source_safe,val,1,FaceSwap,0.9975435137748718,0.4307548701763153,1
faceforensics/FaceSwap/054_071/000024.jpg,xception,ffpp_source_safe,val,1,FaceSwap,0.9820963144302368,0.4307548701763153,1
faceforensics/FaceSwap/054_071/000025.jpg,xception,ffpp_source_safe,val,1,FaceSwap,0.3000899851322174,0.4307548701763153,0
faceforensics/FaceSwap/054_071/000026.jpg,xception,ffpp_source_safe,val,1,FaceSwap,0.8728017807006836,0.4307548701763153,1
faceforensics/FaceSwap/054_071/000027.jpg,xception,ffpp_source_safe,val,1,FaceSwap,0.28038161993026733,0.4307548701763153,0
faceforensics/FaceSwap/054_071/000028.jpg,xception,ffpp_source_safe,val,1,FaceSwap,0.363521009683609,0.4307548701763153,0
faceforensics/FaceSwap/054_071/000029.jpg,xception,ffpp_source_safe,val,1,FaceSwap,0.005974193569272757,0.4307548701763153,0
faceforensics/FaceSwap/071_054/000000.jpg,xception,ffpp_source_safe,val,1,FaceSwap,0.9998183846473694,0.4307548701763153,1
faceforensics/FaceSwap/071_054/000001.jpg,xception,ffpp_source_safe,val,1,FaceSwap,0.999955415725708,0.4307548701763153,1
faceforensics/FaceSwap/071_054/000002.jpg,xception,ffpp_source_safe,val,1,FaceSwap,0.9995388984680176,0.4307548701763153,1
faceforensics/FaceSwap/071_054/000003.jpg,xception,ffpp_source_safe,val,1,FaceSwap,0.7767556309700012,0.4307548701763153,1
faceforensics/FaceSwap/071_054/000004.jpg,xception,ffpp_source_safe,val,1,FaceSwap,0.9986177682876587,0.4307548701763153,1
faceforensics/FaceSwap/071_054/000005.jpg,xception,ffpp_source_safe,val,1,FaceSwap,0.9977911710739136,0.4307548701763153,1
faceforensics/FaceSwap/071_054/000006.jpg,xception,ffpp_source_safe,val,1,FaceSwap,0.9697904586791992,0.4307548701763153,1
faceforensics/FaceSwap/071_054/000007.jpg,xception,ffpp_source_safe,val,1,FaceSwap,0.9987336993217468,0.4307548701763153,1
faceforensics/FaceSwap/071_054/000008.jpg,xception,ffpp_source_safe,val,1,FaceSwap,0.9993863105773926,0.4307548701763153,1
faceforensics/FaceSwap/071_054/000009.jpg,xception,ffpp_source_safe,val,1,FaceSwap,0.9997473359107971,0.4307548701763153,1
faceforensics/FaceSwap/071_054/000010.jpg,xception,ffpp_source_safe,val,1,FaceSwap,0.998036801815033,0.4307548701763153,1
faceforensics/FaceSwap/071_054/000011.jpg,xception,ffpp_source_safe,val,1,FaceSwap,0.9998328685760498,0.4307548701763153,1
faceforensics/FaceSwap/071_054/000012.jpg,xception,ffpp_source_safe,val,1,FaceSwap,0.9962220191955566,0.4307548701763153,1
faceforensics/FaceSwap/071_054/000013.jpg,xception,ffpp_source_safe,val,1,FaceSwap,0.9891567230224609,0.4307548701763153,1
faceforensics/FaceSwap/071_054/000014.jpg,xception,ffpp_source_safe,val,1,FaceSwap,0.9997052550315857,0.4307548701763153,1
faceforensics/FaceSwap/071_054/000015.jpg,xception,ffpp_source_safe,val,1,FaceSwap,0.9994378685951233,0.4307548701763153,1
faceforensics/FaceSwap/071_054/000016.jpg,xception,ffpp_source_safe,val,1,FaceSwap,0.9998210072517395,0.4307548701763153,1
faceforensics/FaceSwap/071_054/000017.jpg,xception,ffpp_source_safe,val,1,FaceSwap,0.9991839528083801,0.4307548701763153,1
faceforensics/FaceSwap/071_054/000018.jpg,xception,ffpp_source_safe,val,1,FaceSwap,0.9990965127944946,0.4307548701763153,1
faceforensics/FaceSwap/071_054/000019.jpg,xception,ffpp_source_safe,val,1,FaceSwap,0.9993791580200195,0.4307548701763153,1
faceforensics/FaceSwap/071_054/000020.jpg,xception,ffpp_source_safe,val,1,FaceSwap,0.9998388290405273,0.4307548701763153,1
faceforensics/FaceSwap/071_054/000021.jpg,xception,ffpp_source_safe,val,1,FaceSwap,0.9973553419113159,0.4307548701763153,1
faceforensics/FaceSwap/071_054/000022.jpg,xception,ffpp_source_safe,val,1,FaceSwap,0.9998582601547241,0.4307548701763153,1
faceforensics/FaceSwap/071_054/000023.jpg,xception,ffpp_source_safe,val,1,FaceSwap,0.9967498779296875,0.4307548701763153,1
faceforensics/FaceSwap/071_054/000024.jpg,xception,ffpp_source_safe,val,1,FaceSwap,0.979785144329071,0.4307548701763153,1
faceforensics/FaceSwap/071_054/000025.jpg,xception,ffpp_source_safe,val,1,FaceSwap,0.9988021850585938,0.4307548701763153,1
faceforensics/FaceSwap/071_054/000026.jpg,xception,ffpp_source_safe,val,1,FaceSwap,0.9152495265007019,0.4307548701763153,1
faceforensics/FaceSwap/071_054/000027.jpg,xception,ffpp_source_safe,val,1,FaceSwap,0.9389559626579285,0.4307548701763153,1
faceforensics/FaceSwap/071_054/000028.jpg,xception,ffpp_source_safe,val,1,FaceSwap,0.9988176226615906,0.4307548701763153,1
faceforensics/FaceSwap/071_054/000029.jpg,xception,ffpp_source_safe,val,1,FaceSwap,0.9158533811569214,0.4307548701763153,1
faceforensics/FaceSwap/376_381/000000.jpg,xception,ffpp_source_safe,val,1,FaceSwap,0.998166024684906,0.4307548701763153,1
faceforensics/FaceSwap/376_381/000001.jpg,xception,ffpp_source_safe,val,1,FaceSwap,0.8704684972763062,0.4307548701763153,1
faceforensics/FaceSwap/376_381/000002.jpg,xception,ffpp_source_safe,val,1,FaceSwap,0.9560485482215881,0.4307548701763153,1
faceforensics/FaceSwap/376_381/000003.jpg,xception,ffpp_source_safe,val,1,FaceSwap,0.12276007235050201,0.4307548701763153,0
faceforensics/FaceSwap/376_381/000004.jpg,xception,ffpp_source_safe,val,1,FaceSwap,0.9798293113708496,0.4307548701763153,1
faceforensics/FaceSwap/376_381/000005.jpg,xception,ffpp_source_safe,val,1,FaceSwap,0.9998633861541748,0.4307548701763153,1
faceforensics/FaceSwap/376_381/000006.jpg,xception,ffpp_source_safe,val,1,FaceSwap,0.9956192374229431,0.4307548701763153,1
faceforensics/FaceSwap/376_381/000007.jpg,xception,ffpp_source_safe,val,1,FaceSwap,0.9997795224189758,0.4307548701763153,1
faceforensics/FaceSwap/376_381/000008.jpg,xception,ffpp_source_safe,val,1,FaceSwap,0.9998332262039185,0.4307548701763153,1
faceforensics/FaceSwap/376_381/000009.jpg,xception,ffpp_source_safe,val,1,FaceSwap,0.998056173324585,0.4307548701763153,1
faceforensics/FaceSwap/376_381/000010.jpg,xception,ffpp_source_safe,val,1,FaceSwap,0.9992826581001282,0.4307548701763153,1
faceforensics/FaceSwap/376_381/000011.jpg,xception,ffpp_source_safe,val,1,FaceSwap,0.9885652661323547,0.4307548701763153,1
faceforensics/FaceSwap/376_381/000012.jpg,xception,ffpp_source_safe,val,1,FaceSwap,0.9979281425476074,0.4307548701763153,1
faceforensics/FaceSwap/376_381/000013.jpg,xception,ffpp_source_safe,val,1,FaceSwap,0.6495075225830078,0.4307548701763153,1
faceforensics/FaceSwap/376_381/000014.jpg,xception,ffpp_source_safe,val,1,FaceSwap,0.9884344339370728,0.4307548701763153,1
faceforensics/FaceSwap/376_381/000015.jpg,xception,ffpp_source_safe,val,1,FaceSwap,0.9464787244796753,0.4307548701763153,1
faceforensics/FaceSwap/376_381/000016.jpg,xception,ffpp_source_safe,val,1,FaceSwap,0.9985415935516357,0.4307548701763153,1
faceforensics/FaceSwap/376_381/000017.jpg,xception,ffpp_source_safe,val,1,FaceSwap,0.8418324589729309,0.4307548701763153,1
faceforensics/FaceSwap/376_381/000018.jpg,xception,ffpp_source_safe,val,1,FaceSwap,0.9834707379341125,0.4307548701763153,1
faceforensics/FaceSwap/376_381/000019.jpg,xception,ffpp_source_safe,val,1,FaceSwap,0.12305913120508194,0.4307548701763153,0
faceforensics/FaceSwap/376_381/000020.jpg,xception,ffpp_source_safe,val,1,FaceSwap,0.9987708926200867,0.4307548701763153,1
faceforensics/FaceSwap/376_381/000021.jpg,xception,ffpp_source_safe,val,1,FaceSwap,0.9984361529350281,0.4307548701763153,1
faceforensics/FaceSwap/376_381/000022.jpg,xception,ffpp_source_safe,val,1,FaceSwap,0.9991638660430908,0.4307548701763153,1
faceforensics/FaceSwap/376_381/000023.jpg,xception,ffpp_source_safe,val,1,FaceSwap,0.998988926410675,0.4307548701763153,1
faceforensics/FaceSwap/376_381/000024.jpg,xception,ffpp_source_safe,val,1,FaceSwap,0.9999284744262695,0.4307548701763153,1
faceforensics/FaceSwap/376_381/000025.jpg,xception,ffpp_source_safe,val,1,FaceSwap,0.9999332427978516,0.4307548701763153,1
faceforensics/FaceSwap/376_381/000026.jpg,xception,ffpp_source_safe,val,1,FaceSwap,0.999405026435852,0.4307548701763153,1
faceforensics/FaceSwap/376_381/000027.jpg,xception,ffpp_source_safe,val,1,FaceSwap,0.9964045286178589,0.4307548701763153,1
faceforensics/FaceSwap/376_381/000028.jpg,xception,ffpp_source_safe,val,1,FaceSwap,0.9967605471611023,0.4307548701763153,1
faceforensics/FaceSwap/376_381/000029.jpg,xception,ffpp_source_safe,val,1,FaceSwap,0.9997246861457825,0.4307548701763153,1
faceforensics/FaceSwap/381_376/000000.jpg,xception,ffpp_source_safe,val,1,FaceSwap,0.9190436005592346,0.4307548701763153,1
faceforensics/FaceSwap/381_376/000001.jpg,xception,ffpp_source_safe,val,1,FaceSwap,0.9817209243774414,0.4307548701763153,1
faceforensics/FaceSwap/381_376/000002.jpg,xception,ffpp_source_safe,val,1,FaceSwap,0.46614646911621094,0.4307548701763153,1
faceforensics/FaceSwap/381_376/000003.jpg,xception,ffpp_source_safe,val,1,FaceSwap,0.9981645941734314,0.4307548701763153,1
faceforensics/FaceSwap/381_376/000004.jpg,xception,ffpp_source_safe,val,1,FaceSwap,0.23208807408809662,0.4307548701763153,0
faceforensics/FaceSwap/381_376/000005.jpg,xception,ffpp_source_safe,val,1,FaceSwap,0.9597700238227844,0.4307548701763153,1
faceforensics/FaceSwap/381_376/000006.jpg,xception,ffpp_source_safe,val,1,FaceSwap,0.9955666661262512,0.4307548701763153,1
faceforensics/FaceSwap/381_376/000007.jpg,xception,ffpp_source_safe,val,1,FaceSwap,0.9988704323768616,0.4307548701763153,1
faceforensics/FaceSwap/381_376/000008.jpg,xception,ffpp_source_safe,val,1,FaceSwap,0.9972749352455139,0.4307548701763153,1
faceforensics/FaceSwap/381_376/000009.jpg,xception,ffpp_source_safe,val,1,FaceSwap,0.985529899597168,0.4307548701763153,1
faceforensics/FaceSwap/381_376/000010.jpg,xception,ffpp_source_safe,val,1,FaceSwap,0.970609724521637,0.4307548701763153,1
faceforensics/FaceSwap/381_376/000011.jpg,xception,ffpp_source_safe,val,1,FaceSwap,0.9935392737388611,0.4307548701763153,1
faceforensics/FaceSwap/381_376/000012.jpg,xception,ffpp_source_safe,val,1,FaceSwap,0.9957507848739624,0.4307548701763153,1
faceforensics/FaceSwap/381_376/000013.jpg,xception,ffpp_source_safe,val,1,FaceSwap,0.9597018361091614,0.4307548701763153,1
faceforensics/FaceSwap/381_376/000014.jpg,xception,ffpp_source_safe,val,1,FaceSwap,0.9917164444923401,0.4307548701763153,1
faceforensics/FaceSwap/381_376/000015.jpg,xception,ffpp_source_safe,val,1,FaceSwap,0.920968234539032,0.4307548701763153,1
faceforensics/FaceSwap/381_376/000016.jpg,xception,ffpp_source_safe,val,1,FaceSwap,0.60077303647995,0.4307548701763153,1
faceforensics/FaceSwap/381_376/000017.jpg,xception,ffpp_source_safe,val,1,FaceSwap,0.9976032376289368,0.4307548701763153,1
faceforensics/FaceSwap/381_376/000018.jpg,xception,ffpp_source_safe,val,1,FaceSwap,0.9972324967384338,0.4307548701763153,1
faceforensics/FaceSwap/381_376/000019.jpg,xception,ffpp_source_safe,val,1,FaceSwap,0.41647082567214966,0.4307548701763153,0
faceforensics/FaceSwap/381_376/000020.jpg,xception,ffpp_source_safe,val,1,FaceSwap,0.7054292559623718,0.4307548701763153,1
faceforensics/FaceSwap/381_376/000021.jpg,xception,ffpp_source_safe,val,1,FaceSwap,0.9680882096290588,0.4307548701763153,1
faceforensics/FaceSwap/381_376/000022.jpg,xception,ffpp_source_safe,val,1,FaceSwap,0.9779273271560669,0.4307548701763153,1
faceforensics/FaceSwap/381_376/000023.jpg,xception,ffpp_source_safe,val,1,FaceSwap,0.9993170499801636,0.4307548701763153,1
faceforensics/FaceSwap/381_376/000024.jpg,xception,ffpp_source_safe,val,1,FaceSwap,0.9992527365684509,0.4307548701763153,1
faceforensics/FaceSwap/381_376/000025.jpg,xception,ffpp_source_safe,val,1,FaceSwap,0.9987083673477173,0.4307548701763153,1
faceforensics/FaceSwap/381_376/000026.jpg,xception,ffpp_source_safe,val,1,FaceSwap,0.9932168126106262,0.4307548701763153,1
faceforensics/FaceSwap/381_376/000027.jpg,xception,ffpp_source_safe,val,1,FaceSwap,0.9443048238754272,0.4307548701763153,1
faceforensics/FaceSwap/381_376/000028.jpg,xception,ffpp_source_safe,val,1,FaceSwap,0.9914699196815491,0.4307548701763153,1
faceforensics/FaceSwap/381_376/000029.jpg,xception,ffpp_source_safe,val,1,FaceSwap,0.9697788953781128,0.4307548701763153,1
faceforensics/NeuralTextures/054_071/000000.jpg,xception,ffpp_source_safe,val,1,NeuralTextures,0.9986727237701416,0.4307548701763153,1
faceforensics/NeuralTextures/054_071/000001.jpg,xception,ffpp_source_safe,val,1,NeuralTextures,0.9964174032211304,0.4307548701763153,1
faceforensics/NeuralTextures/054_071/000002.jpg,xception,ffpp_source_safe,val,1,NeuralTextures,0.9928060173988342,0.4307548701763153,1
faceforensics/NeuralTextures/054_071/000003.jpg,xception,ffpp_source_safe,val,1,NeuralTextures,0.996660590171814,0.4307548701763153,1
faceforensics/NeuralTextures/054_071/000004.jpg,xception,ffpp_source_safe,val,1,NeuralTextures,0.9285589456558228,0.4307548701763153,1
faceforensics/NeuralTextures/054_071/000005.jpg,xception,ffpp_source_safe,val,1,NeuralTextures,0.9854771494865417,0.4307548701763153,1
faceforensics/NeuralTextures/054_071/000006.jpg,xception,ffpp_source_safe,val,1,NeuralTextures,0.9993389248847961,0.4307548701763153,1
faceforensics/NeuralTextures/054_071/000007.jpg,xception,ffpp_source_safe,val,1,NeuralTextures,0.94418865442276,0.4307548701763153,1
faceforensics/NeuralTextures/054_071/000008.jpg,xception,ffpp_source_safe,val,1,NeuralTextures,0.9985144734382629,0.4307548701763153,1
faceforensics/NeuralTextures/054_071/000009.jpg,xception,ffpp_source_safe,val,1,NeuralTextures,0.9862089157104492,0.4307548701763153,1
faceforensics/NeuralTextures/054_071/000010.jpg,xception,ffpp_source_safe,val,1,NeuralTextures,0.9943686127662659,0.4307548701763153,1
faceforensics/NeuralTextures/054_071/000011.jpg,xception,ffpp_source_safe,val,1,NeuralTextures,0.8386232852935791,0.4307548701763153,1
faceforensics/NeuralTextures/054_071/000012.jpg,xception,ffpp_source_safe,val,1,NeuralTextures,0.009814510121941566,0.4307548701763153,0
faceforensics/NeuralTextures/054_071/000013.jpg,xception,ffpp_source_safe,val,1,NeuralTextures,0.2486451119184494,0.4307548701763153,0
faceforensics/NeuralTextures/054_071/000014.jpg,xception,ffpp_source_safe,val,1,NeuralTextures,0.8913257718086243,0.4307548701763153,1
faceforensics/NeuralTextures/054_071/000015.jpg,xception,ffpp_source_safe,val,1,NeuralTextures,0.9959394931793213,0.4307548701763153,1
faceforensics/NeuralTextures/054_071/000016.jpg,xception,ffpp_source_safe,val,1,NeuralTextures,0.9988497495651245,0.4307548701763153,1
faceforensics/NeuralTextures/054_071/000017.jpg,xception,ffpp_source_safe,val,1,NeuralTextures,0.9703000783920288,0.4307548701763153,1
faceforensics/NeuralTextures/054_071/000018.jpg,xception,ffpp_source_safe,val,1,NeuralTextures,0.8123996257781982,0.4307548701763153,1
faceforensics/NeuralTextures/054_071/000019.jpg,xception,ffpp_source_safe,val,1,NeuralTextures,0.1515938937664032,0.4307548701763153,0
faceforensics/NeuralTextures/054_071/000020.jpg,xception,ffpp_source_safe,val,1,NeuralTextures,0.8430972695350647,0.4307548701763153,1
faceforensics/NeuralTextures/054_071/000021.jpg,xception,ffpp_source_safe,val,1,NeuralTextures,0.9583772420883179,0.4307548701763153,1
faceforensics/NeuralTextures/054_071/000022.jpg,xception,ffpp_source_safe,val,1,NeuralTextures,0.994027853012085,0.4307548701763153,1
faceforensics/NeuralTextures/054_071/000023.jpg,xception,ffpp_source_safe,val,1,NeuralTextures,0.9816694855690002,0.4307548701763153,1
faceforensics/NeuralTextures/054_071/000024.jpg,xception,ffpp_source_safe,val,1,NeuralTextures,0.9036068320274353,0.4307548701763153,1
faceforensics/NeuralTextures/054_071/000025.jpg,xception,ffpp_source_safe,val,1,NeuralTextures,0.10752227902412415,0.4307548701763153,0
faceforensics/NeuralTextures/054_071/000026.jpg,xception,ffpp_source_safe,val,1,NeuralTextures,0.03951985761523247,0.4307548701763153,0
faceforensics/NeuralTextures/054_071/000027.jpg,xception,ffpp_source_safe,val,1,NeuralTextures,0.4501338601112366,0.4307548701763153,1
faceforensics/NeuralTextures/054_071/000028.jpg,xception,ffpp_source_safe,val,1,NeuralTextures,0.43154671788215637,0.4307548701763153,1
faceforensics/NeuralTextures/054_071/000029.jpg,xception,ffpp_source_safe,val,1,NeuralTextures,0.8132522106170654,0.4307548701763153,1
faceforensics/NeuralTextures/071_054/000000.jpg,xception,ffpp_source_safe,val,1,NeuralTextures,0.9012214541435242,0.4307548701763153,1
faceforensics/NeuralTextures/071_054/000001.jpg,xception,ffpp_source_safe,val,1,NeuralTextures,0.4750022292137146,0.4307548701763153,1
faceforensics/NeuralTextures/071_054/000002.jpg,xception,ffpp_source_safe,val,1,NeuralTextures,0.2458440512418747,0.4307548701763153,0
faceforensics/NeuralTextures/071_054/000003.jpg,xception,ffpp_source_safe,val,1,NeuralTextures,0.7267316579818726,0.4307548701763153,1
faceforensics/NeuralTextures/071_054/000004.jpg,xception,ffpp_source_safe,val,1,NeuralTextures,0.028356702998280525,0.4307548701763153,0
faceforensics/NeuralTextures/071_054/000005.jpg,xception,ffpp_source_safe,val,1,NeuralTextures,0.7773316502571106,0.4307548701763153,1
faceforensics/NeuralTextures/071_054/000006.jpg,xception,ffpp_source_safe,val,1,NeuralTextures,0.47268903255462646,0.4307548701763153,1
faceforensics/NeuralTextures/071_054/000007.jpg,xception,ffpp_source_safe,val,1,NeuralTextures,0.5880884528160095,0.4307548701763153,1
faceforensics/NeuralTextures/071_054/000008.jpg,xception,ffpp_source_safe,val,1,NeuralTextures,0.933571457862854,0.4307548701763153,1
faceforensics/NeuralTextures/071_054/000009.jpg,xception,ffpp_source_safe,val,1,NeuralTextures,0.9951659440994263,0.4307548701763153,1
faceforensics/NeuralTextures/071_054/000010.jpg,xception,ffpp_source_safe,val,1,NeuralTextures,0.05962010473012924,0.4307548701763153,0
faceforensics/NeuralTextures/071_054/000011.jpg,xception,ffpp_source_safe,val,1,NeuralTextures,0.9976745247840881,0.4307548701763153,1
faceforensics/NeuralTextures/071_054/000012.jpg,xception,ffpp_source_safe,val,1,NeuralTextures,0.710712730884552,0.4307548701763153,1
faceforensics/NeuralTextures/071_054/000013.jpg,xception,ffpp_source_safe,val,1,NeuralTextures,0.9661846160888672,0.4307548701763153,1
faceforensics/NeuralTextures/071_054/000014.jpg,xception,ffpp_source_safe,val,1,NeuralTextures,0.7479336261749268,0.4307548701763153,1
faceforensics/NeuralTextures/071_054/000015.jpg,xception,ffpp_source_safe,val,1,NeuralTextures,0.9704074859619141,0.4307548701763153,1
faceforensics/NeuralTextures/071_054/000016.jpg,xception,ffpp_source_safe,val,1,NeuralTextures,0.6447986960411072,0.4307548701763153,1
faceforensics/NeuralTextures/071_054/000017.jpg,xception,ffpp_source_safe,val,1,NeuralTextures,0.8864288926124573,0.4307548701763153,1
faceforensics/NeuralTextures/071_054/000018.jpg,xception,ffpp_source_safe,val,1,NeuralTextures,0.9605684876441956,0.4307548701763153,1
faceforensics/NeuralTextures/071_054/000019.jpg,xception,ffpp_source_safe,val,1,NeuralTextures,0.11967767030000687,0.4307548701763153,0
faceforensics/NeuralTextures/071_054/000020.jpg,xception,ffpp_source_safe,val,1,NeuralTextures,0.9713757634162903,0.4307548701763153,1
faceforensics/NeuralTextures/071_054/000021.jpg,xception,ffpp_source_safe,val,1,NeuralTextures,0.6745656728744507,0.4307548701763153,1
faceforensics/NeuralTextures/071_054/000022.jpg,xception,ffpp_source_safe,val,1,NeuralTextures,0.9934107661247253,0.4307548701763153,1
faceforensics/NeuralTextures/071_054/000023.jpg,xception,ffpp_source_safe,val,1,NeuralTextures,0.6927117109298706,0.4307548701763153,1
faceforensics/NeuralTextures/071_054/000024.jpg,xception,ffpp_source_safe,val,1,NeuralTextures,0.17004519701004028,0.4307548701763153,0
faceforensics/NeuralTextures/071_054/000025.jpg,xception,ffpp_source_safe,val,1,NeuralTextures,0.01117241382598877,0.4307548701763153,0
faceforensics/NeuralTextures/071_054/000026.jpg,xception,ffpp_source_safe,val,1,NeuralTextures,0.4405488073825836,0.4307548701763153,1
faceforensics/NeuralTextures/071_054/000027.jpg,xception,ffpp_source_safe,val,1,NeuralTextures,0.34617823362350464,0.4307548701763153,0
faceforensics/NeuralTextures/071_054/000028.jpg,xception,ffpp_source_safe,val,1,NeuralTextures,0.7190955877304077,0.4307548701763153,1
faceforensics/NeuralTextures/071_054/000029.jpg,xception,ffpp_source_safe,val,1,NeuralTextures,0.5410381555557251,0.4307548701763153,1
faceforensics/NeuralTextures/376_381/000000.jpg,xception,ffpp_source_safe,val,1,NeuralTextures,0.9773765802383423,0.4307548701763153,1
faceforensics/NeuralTextures/376_381/000001.jpg,xception,ffpp_source_safe,val,1,NeuralTextures,0.9587254524230957,0.4307548701763153,1
faceforensics/NeuralTextures/376_381/000002.jpg,xception,ffpp_source_safe,val,1,NeuralTextures,0.13033923506736755,0.4307548701763153,0
faceforensics/NeuralTextures/376_381/000003.jpg,xception,ffpp_source_safe,val,1,NeuralTextures,0.972429633140564,0.4307548701763153,1
faceforensics/NeuralTextures/376_381/000004.jpg,xception,ffpp_source_safe,val,1,NeuralTextures,0.07042502611875534,0.4307548701763153,0
faceforensics/NeuralTextures/376_381/000005.jpg,xception,ffpp_source_safe,val,1,NeuralTextures,0.603300929069519,0.4307548701763153,1
faceforensics/NeuralTextures/376_381/000006.jpg,xception,ffpp_source_safe,val,1,NeuralTextures,0.1164272278547287,0.4307548701763153,0
faceforensics/NeuralTextures/376_381/000007.jpg,xception,ffpp_source_safe,val,1,NeuralTextures,0.31606122851371765,0.4307548701763153,0
faceforensics/NeuralTextures/376_381/000008.jpg,xception,ffpp_source_safe,val,1,NeuralTextures,0.9491005539894104,0.4307548701763153,1
faceforensics/NeuralTextures/376_381/000009.jpg,xception,ffpp_source_safe,val,1,NeuralTextures,0.46976718306541443,0.4307548701763153,1
faceforensics/NeuralTextures/376_381/000010.jpg,xception,ffpp_source_safe,val,1,NeuralTextures,0.5738518238067627,0.4307548701763153,1
faceforensics/NeuralTextures/376_381/000011.jpg,xception,ffpp_source_safe,val,1,NeuralTextures,0.6053991317749023,0.4307548701763153,1
faceforensics/NeuralTextures/376_381/000012.jpg,xception,ffpp_source_safe,val,1,NeuralTextures,0.692330002784729,0.4307548701763153,1
faceforensics/NeuralTextures/376_381/000013.jpg,xception,ffpp_source_safe,val,1,NeuralTextures,0.058550428599119186,0.4307548701763153,0
faceforensics/NeuralTextures/376_381/000014.jpg,xception,ffpp_source_safe,val,1,NeuralTextures,0.9936994314193726,0.4307548701763153,1
faceforensics/NeuralTextures/376_381/000015.jpg,xception,ffpp_source_safe,val,1,NeuralTextures,0.817633867263794,0.4307548701763153,1
faceforensics/NeuralTextures/376_381/000016.jpg,xception,ffpp_source_safe,val,1,NeuralTextures,0.5963224768638611,0.4307548701763153,1
faceforensics/NeuralTextures/376_381/000017.jpg,xception,ffpp_source_safe,val,1,NeuralTextures,0.4110463559627533,0.4307548701763153,0
faceforensics/NeuralTextures/376_381/000018.jpg,xception,ffpp_source_safe,val,1,NeuralTextures,0.7896318435668945,0.4307548701763153,1
faceforensics/NeuralTextures/376_381/000019.jpg,xception,ffpp_source_safe,val,1,NeuralTextures,0.5590057969093323,0.4307548701763153,1
faceforensics/NeuralTextures/376_381/000020.jpg,xception,ffpp_source_safe,val,1,NeuralTextures,0.9778510928153992,0.4307548701763153,1
faceforensics/NeuralTextures/376_381/000021.jpg,xception,ffpp_source_safe,val,1,NeuralTextures,0.9795700907707214,0.4307548701763153,1
faceforensics/NeuralTextures/376_381/000022.jpg,xception,ffpp_source_safe,val,1,NeuralTextures,0.670591413974762,0.4307548701763153,1
faceforensics/NeuralTextures/376_381/000023.jpg,xception,ffpp_source_safe,val,1,NeuralTextures,0.7357798218727112,0.4307548701763153,1
faceforensics/NeuralTextures/376_381/000024.jpg,xception,ffpp_source_safe,val,1,NeuralTextures,0.24687142670154572,0.4307548701763153,0
faceforensics/NeuralTextures/376_381/000025.jpg,xception,ffpp_source_safe,val,1,NeuralTextures,0.20829740166664124,0.4307548701763153,0
faceforensics/NeuralTextures/376_381/000026.jpg,xception,ffpp_source_safe,val,1,NeuralTextures,0.051945485174655914,0.4307548701763153,0
faceforensics/NeuralTextures/376_381/000027.jpg,xception,ffpp_source_safe,val,1,NeuralTextures,0.8173936009407043,0.4307548701763153,1
faceforensics/NeuralTextures/376_381/000028.jpg,xception,ffpp_source_safe,val,1,NeuralTextures,0.3165639340877533,0.4307548701763153,0
faceforensics/NeuralTextures/376_381/000029.jpg,xception,ffpp_source_safe,val,1,NeuralTextures,0.8687211871147156,0.4307548701763153,1
faceforensics/NeuralTextures/381_376/000000.jpg,xception,ffpp_source_safe,val,1,NeuralTextures,0.17769555747509003,0.4307548701763153,0
faceforensics/NeuralTextures/381_376/000001.jpg,xception,ffpp_source_safe,val,1,NeuralTextures,0.029647640883922577,0.4307548701763153,0
faceforensics/NeuralTextures/381_376/000002.jpg,xception,ffpp_source_safe,val,1,NeuralTextures,0.03483905643224716,0.4307548701763153,0
faceforensics/NeuralTextures/381_376/000003.jpg,xception,ffpp_source_safe,val,1,NeuralTextures,0.2840859591960907,0.4307548701763153,0
faceforensics/NeuralTextures/381_376/000004.jpg,xception,ffpp_source_safe,val,1,NeuralTextures,0.00759580172598362,0.4307548701763153,0
faceforensics/NeuralTextures/381_376/000005.jpg,xception,ffpp_source_safe,val,1,NeuralTextures,0.726727306842804,0.4307548701763153,1
faceforensics/NeuralTextures/381_376/000006.jpg,xception,ffpp_source_safe,val,1,NeuralTextures,0.0545591339468956,0.4307548701763153,0
faceforensics/NeuralTextures/381_376/000007.jpg,xception,ffpp_source_safe,val,1,NeuralTextures,0.6344043612480164,0.4307548701763153,1
faceforensics/NeuralTextures/381_376/000008.jpg,xception,ffpp_source_safe,val,1,NeuralTextures,0.090938501060009,0.4307548701763153,0
faceforensics/NeuralTextures/381_376/000009.jpg,xception,ffpp_source_safe,val,1,NeuralTextures,0.3258797824382782,0.4307548701763153,0
faceforensics/NeuralTextures/381_376/000010.jpg,xception,ffpp_source_safe,val,1,NeuralTextures,0.06716614961624146,0.4307548701763153,0
faceforensics/NeuralTextures/381_376/000011.jpg,xception,ffpp_source_safe,val,1,NeuralTextures,0.009405362419784069,0.4307548701763153,0
faceforensics/NeuralTextures/381_376/000012.jpg,xception,ffpp_source_safe,val,1,NeuralTextures,0.10525123029947281,0.4307548701763153,0
faceforensics/NeuralTextures/381_376/000013.jpg,xception,ffpp_source_safe,val,1,NeuralTextures,0.3011798560619354,0.4307548701763153,0
faceforensics/NeuralTextures/381_376/000014.jpg,xception,ffpp_source_safe,val,1,NeuralTextures,0.011192656122148037,0.4307548701763153,0
faceforensics/NeuralTextures/381_376/000015.jpg,xception,ffpp_source_safe,val,1,NeuralTextures,0.013395753689110279,0.4307548701763153,0
faceforensics/NeuralTextures/381_376/000016.jpg,xception,ffpp_source_safe,val,1,NeuralTextures,0.4478856027126312,0.4307548701763153,1
faceforensics/NeuralTextures/381_376/000017.jpg,xception,ffpp_source_safe,val,1,NeuralTextures,0.04352107271552086,0.4307548701763153,0
faceforensics/NeuralTextures/381_376/000018.jpg,xception,ffpp_source_safe,val,1,NeuralTextures,0.19263748824596405,0.4307548701763153,0
faceforensics/NeuralTextures/381_376/000019.jpg,xception,ffpp_source_safe,val,1,NeuralTextures,0.021370522677898407,0.4307548701763153,0
faceforensics/NeuralTextures/381_376/000020.jpg,xception,ffpp_source_safe,val,1,NeuralTextures,0.004840785637497902,0.4307548701763153,0
faceforensics/NeuralTextures/381_376/000021.jpg,xception,ffpp_source_safe,val,1,NeuralTextures,0.09018640220165253,0.4307548701763153,0
faceforensics/NeuralTextures/381_376/000022.jpg,xception,ffpp_source_safe,val,1,NeuralTextures,0.004144276957958937,0.4307548701763153,0
faceforensics/NeuralTextures/381_376/000023.jpg,xception,ffpp_source_safe,val,1,NeuralTextures,0.058141596615314484,0.4307548701763153,0
faceforensics/NeuralTextures/381_376/000024.jpg,xception,ffpp_source_safe,val,1,NeuralTextures,0.9921361207962036,0.4307548701763153,1
faceforensics/NeuralTextures/381_376/000025.jpg,xception,ffpp_source_safe,val,1,NeuralTextures,0.6229988932609558,0.4307548701763153,1
faceforensics/NeuralTextures/381_376/000026.jpg,xception,ffpp_source_safe,val,1,NeuralTextures,0.05527477711439133,0.4307548701763153,0
faceforensics/NeuralTextures/381_376/000027.jpg,xception,ffpp_source_safe,val,1,NeuralTextures,0.7543991804122925,0.4307548701763153,1
faceforensics/NeuralTextures/381_376/000028.jpg,xception,ffpp_source_safe,val,1,NeuralTextures,0.5412737727165222,0.4307548701763153,1
faceforensics/NeuralTextures/381_376/000029.jpg,xception,ffpp_source_safe,val,1,NeuralTextures,0.09287738800048828,0.4307548701763153,0
faceforensics/real/004/000000.jpg,xception,ffpp_source_safe,test,0,real,0.027970291674137115,0.4307548701763153,0
faceforensics/real/004/000001.jpg,xception,ffpp_source_safe,test,0,real,0.010075912810862064,0.4307548701763153,0
faceforensics/real/004/000002.jpg,xception,ffpp_source_safe,test,0,real,0.0002631276729516685,0.4307548701763153,0
faceforensics/real/004/000003.jpg,xception,ffpp_source_safe,test,0,real,0.0016162144020199776,0.4307548701763153,0
faceforensics/real/004/000004.jpg,xception,ffpp_source_safe,test,0,real,0.0032329962123185396,0.4307548701763153,0
faceforensics/real/004/000005.jpg,xception,ffpp_source_safe,test,0,real,0.0008438503136858344,0.4307548701763153,0
faceforensics/real/004/000006.jpg,xception,ffpp_source_safe,test,0,real,0.015804754570126534,0.4307548701763153,0
faceforensics/real/004/000007.jpg,xception,ffpp_source_safe,test,0,real,0.061925336718559265,0.4307548701763153,0
faceforensics/real/004/000008.jpg,xception,ffpp_source_safe,test,0,real,0.01465727761387825,0.4307548701763153,0
faceforensics/real/004/000009.jpg,xception,ffpp_source_safe,test,0,real,0.0273522287607193,0.4307548701763153,0
faceforensics/real/004/000010.jpg,xception,ffpp_source_safe,test,0,real,0.0033580304589122534,0.4307548701763153,0
faceforensics/real/004/000011.jpg,xception,ffpp_source_safe,test,0,real,0.00021557601576205343,0.4307548701763153,0
faceforensics/real/004/000012.jpg,xception,ffpp_source_safe,test,0,real,0.0038664534222334623,0.4307548701763153,0
faceforensics/real/004/000013.jpg,xception,ffpp_source_safe,test,0,real,8.60389627632685e-05,0.4307548701763153,0
faceforensics/real/004/000014.jpg,xception,ffpp_source_safe,test,0,real,0.0008937112288549542,0.4307548701763153,0
faceforensics/real/004/000015.jpg,xception,ffpp_source_safe,test,0,real,0.002293280092999339,0.4307548701763153,0
faceforensics/real/004/000016.jpg,xception,ffpp_source_safe,test,0,real,0.0004928800044581294,0.4307548701763153,0
faceforensics/real/004/000017.jpg,xception,ffpp_source_safe,test,0,real,0.0013906500535085797,0.4307548701763153,0
faceforensics/real/004/000018.jpg,xception,ffpp_source_safe,test,0,real,0.002774246968328953,0.4307548701763153,0
faceforensics/real/004/000019.jpg,xception,ffpp_source_safe,test,0,real,0.06254667043685913,0.4307548701763153,0
faceforensics/real/004/000020.jpg,xception,ffpp_source_safe,test,0,real,0.0029114028438925743,0.4307548701763153,0
faceforensics/real/004/000021.jpg,xception,ffpp_source_safe,test,0,real,0.007161615416407585,0.4307548701763153,0
faceforensics/real/004/000022.jpg,xception,ffpp_source_safe,test,0,real,0.00048046166193671525,0.4307548701763153,0
faceforensics/real/004/000023.jpg,xception,ffpp_source_safe,test,0,real,0.02592003345489502,0.4307548701763153,0
faceforensics/real/004/000024.jpg,xception,ffpp_source_safe,test,0,real,0.088836170732975,0.4307548701763153,0
faceforensics/real/004/000025.jpg,xception,ffpp_source_safe,test,0,real,0.10020925104618073,0.4307548701763153,0
faceforensics/real/004/000026.jpg,xception,ffpp_source_safe,test,0,real,0.13627369701862335,0.4307548701763153,0
faceforensics/real/004/000027.jpg,xception,ffpp_source_safe,test,0,real,0.15097707509994507,0.4307548701763153,0
faceforensics/real/004/000028.jpg,xception,ffpp_source_safe,test,0,real,0.14803123474121094,0.4307548701763153,0
faceforensics/real/004/000029.jpg,xception,ffpp_source_safe,test,0,real,0.14000700414180756,0.4307548701763153,0
faceforensics/real/008/000000.jpg,xception,ffpp_source_safe,test,0,real,0.0007407561643049121,0.4307548701763153,0
faceforensics/real/008/000001.jpg,xception,ffpp_source_safe,test,0,real,5.158870408195071e-05,0.4307548701763153,0
faceforensics/real/008/000002.jpg,xception,ffpp_source_safe,test,0,real,1.0135760021512397e-05,0.4307548701763153,0
faceforensics/real/008/000003.jpg,xception,ffpp_source_safe,test,0,real,0.003437027335166931,0.4307548701763153,0
faceforensics/real/008/000004.jpg,xception,ffpp_source_safe,test,0,real,0.0007698484696447849,0.4307548701763153,0
faceforensics/real/008/000005.jpg,xception,ffpp_source_safe,test,0,real,0.0001726586342556402,0.4307548701763153,0
faceforensics/real/008/000006.jpg,xception,ffpp_source_safe,test,0,real,0.0011851444141939282,0.4307548701763153,0
faceforensics/real/008/000007.jpg,xception,ffpp_source_safe,test,0,real,0.0013918105978518724,0.4307548701763153,0
faceforensics/real/008/000008.jpg,xception,ffpp_source_safe,test,0,real,6.177095201564953e-05,0.4307548701763153,0
faceforensics/real/008/000009.jpg,xception,ffpp_source_safe,test,0,real,3.847962216241285e-05,0.4307548701763153,0
faceforensics/real/008/000010.jpg,xception,ffpp_source_safe,test,0,real,2.2362555682775564e-05,0.4307548701763153,0
faceforensics/real/008/000011.jpg,xception,ffpp_source_safe,test,0,real,0.0004012409772258252,0.4307548701763153,0
faceforensics/real/008/000012.jpg,xception,ffpp_source_safe,test,0,real,6.006959665683098e-06,0.4307548701763153,0
faceforensics/real/008/000013.jpg,xception,ffpp_source_safe,test,0,real,6.831613427493721e-05,0.4307548701763153,0
faceforensics/real/008/000014.jpg,xception,ffpp_source_safe,test,0,real,0.0009524739580228925,0.4307548701763153,0
faceforensics/real/008/000015.jpg,xception,ffpp_source_safe,test,0,real,2.3253091057995334e-05,0.4307548701763153,0
faceforensics/real/008/000016.jpg,xception,ffpp_source_safe,test,0,real,8.750233246246353e-05,0.4307548701763153,0
faceforensics/real/008/000017.jpg,xception,ffpp_source_safe,test,0,real,0.0003349503967911005,0.4307548701763153,0
faceforensics/real/008/000018.jpg,xception,ffpp_source_safe,test,0,real,0.00021838130487594754,0.4307548701763153,0
faceforensics/real/008/000019.jpg,xception,ffpp_source_safe,test,0,real,9.484766633249819e-05,0.4307548701763153,0
faceforensics/real/008/000020.jpg,xception,ffpp_source_safe,test,0,real,0.00016667565796524286,0.4307548701763153,0
faceforensics/real/008/000021.jpg,xception,ffpp_source_safe,test,0,real,0.002540761837735772,0.4307548701763153,0
faceforensics/real/008/000022.jpg,xception,ffpp_source_safe,test,0,real,6.742717960150912e-05,0.4307548701763153,0
faceforensics/real/008/000023.jpg,xception,ffpp_source_safe,test,0,real,1.4480866411759052e-05,0.4307548701763153,0
faceforensics/real/008/000024.jpg,xception,ffpp_source_safe,test,0,real,0.00010650735202943906,0.4307548701763153,0
faceforensics/real/008/000025.jpg,xception,ffpp_source_safe,test,0,real,3.3460102713434026e-05,0.4307548701763153,0
faceforensics/real/008/000026.jpg,xception,ffpp_source_safe,test,0,real,0.0011145948665216565,0.4307548701763153,0
faceforensics/real/008/000027.jpg,xception,ffpp_source_safe,test,0,real,0.0003339657559990883,0.4307548701763153,0
faceforensics/real/008/000028.jpg,xception,ffpp_source_safe,test,0,real,0.0018635110463947058,0.4307548701763153,0
faceforensics/real/008/000029.jpg,xception,ffpp_source_safe,test,0,real,0.001361801871098578,0.4307548701763153,0
faceforensics/real/062/000000.jpg,xception,ffpp_source_safe,test,0,real,0.9970467686653137,0.4307548701763153,1
faceforensics/real/062/000001.jpg,xception,ffpp_source_safe,test,0,real,0.2538108825683594,0.4307548701763153,0
faceforensics/real/062/000002.jpg,xception,ffpp_source_safe,test,0,real,0.9527421593666077,0.4307548701763153,1
faceforensics/real/062/000003.jpg,xception,ffpp_source_safe,test,0,real,0.015001918189227581,0.4307548701763153,0
faceforensics/real/062/000004.jpg,xception,ffpp_source_safe,test,0,real,0.9568454027175903,0.4307548701763153,1
faceforensics/real/062/000005.jpg,xception,ffpp_source_safe,test,0,real,0.9686241745948792,0.4307548701763153,1
faceforensics/real/062/000006.jpg,xception,ffpp_source_safe,test,0,real,0.28888019919395447,0.4307548701763153,0
faceforensics/real/062/000007.jpg,xception,ffpp_source_safe,test,0,real,0.31761083006858826,0.4307548701763153,0
faceforensics/real/062/000008.jpg,xception,ffpp_source_safe,test,0,real,0.8829666376113892,0.4307548701763153,1
faceforensics/real/062/000009.jpg,xception,ffpp_source_safe,test,0,real,0.9661693572998047,0.4307548701763153,1
faceforensics/real/062/000010.jpg,xception,ffpp_source_safe,test,0,real,0.988483726978302,0.4307548701763153,1
faceforensics/real/062/000011.jpg,xception,ffpp_source_safe,test,0,real,0.937413215637207,0.4307548701763153,1
faceforensics/real/062/000012.jpg,xception,ffpp_source_safe,test,0,real,0.4764916002750397,0.4307548701763153,1
faceforensics/real/062/000013.jpg,xception,ffpp_source_safe,test,0,real,0.2327212542295456,0.4307548701763153,0
faceforensics/real/062/000014.jpg,xception,ffpp_source_safe,test,0,real,0.2733266353607178,0.4307548701763153,0
faceforensics/real/062/000015.jpg,xception,ffpp_source_safe,test,0,real,0.40211281180381775,0.4307548701763153,0
faceforensics/real/062/000016.jpg,xception,ffpp_source_safe,test,0,real,0.9346060752868652,0.4307548701763153,1
faceforensics/real/062/000017.jpg,xception,ffpp_source_safe,test,0,real,0.5779097676277161,0.4307548701763153,1
faceforensics/real/062/000018.jpg,xception,ffpp_source_safe,test,0,real,0.35609570145606995,0.4307548701763153,0
faceforensics/real/062/000019.jpg,xception,ffpp_source_safe,test,0,real,0.9042693376541138,0.4307548701763153,1
faceforensics/real/062/000020.jpg,xception,ffpp_source_safe,test,0,real,0.8855729103088379,0.4307548701763153,1
faceforensics/real/062/000021.jpg,xception,ffpp_source_safe,test,0,real,0.19591563940048218,0.4307548701763153,0
faceforensics/real/062/000022.jpg,xception,ffpp_source_safe,test,0,real,0.9642754197120667,0.4307548701763153,1
faceforensics/real/062/000023.jpg,xception,ffpp_source_safe,test,0,real,0.9754909873008728,0.4307548701763153,1
faceforensics/real/062/000024.jpg,xception,ffpp_source_safe,test,0,real,0.9792540073394775,0.4307548701763153,1
faceforensics/real/062/000025.jpg,xception,ffpp_source_safe,test,0,real,0.999562680721283,0.4307548701763153,1
faceforensics/real/062/000026.jpg,xception,ffpp_source_safe,test,0,real,0.1088145524263382,0.4307548701763153,0
faceforensics/real/062/000027.jpg,xception,ffpp_source_safe,test,0,real,0.9537288546562195,0.4307548701763153,1
faceforensics/real/062/000028.jpg,xception,ffpp_source_safe,test,0,real,0.9997887015342712,0.4307548701763153,1
faceforensics/real/062/000029.jpg,xception,ffpp_source_safe,test,0,real,0.7200711965560913,0.4307548701763153,1
faceforensics/real/096/000000.jpg,xception,ffpp_source_safe,test,0,real,0.0029507826548069715,0.4307548701763153,0
faceforensics/real/096/000001.jpg,xception,ffpp_source_safe,test,0,real,0.06626512110233307,0.4307548701763153,0
faceforensics/real/096/000002.jpg,xception,ffpp_source_safe,test,0,real,0.016342319548130035,0.4307548701763153,0
faceforensics/real/096/000003.jpg,xception,ffpp_source_safe,test,0,real,0.07700477540493011,0.4307548701763153,0
faceforensics/real/096/000004.jpg,xception,ffpp_source_safe,test,0,real,0.2801802456378937,0.4307548701763153,0
faceforensics/real/096/000005.jpg,xception,ffpp_source_safe,test,0,real,0.02156960777938366,0.4307548701763153,0
faceforensics/real/096/000006.jpg,xception,ffpp_source_safe,test,0,real,0.013209216296672821,0.4307548701763153,0
faceforensics/real/096/000007.jpg,xception,ffpp_source_safe,test,0,real,0.047354698181152344,0.4307548701763153,0
faceforensics/real/096/000008.jpg,xception,ffpp_source_safe,test,0,real,0.023242659866809845,0.4307548701763153,0
faceforensics/real/096/000009.jpg,xception,ffpp_source_safe,test,0,real,0.0002949174668174237,0.4307548701763153,0
faceforensics/real/096/000010.jpg,xception,ffpp_source_safe,test,0,real,0.005057427566498518,0.4307548701763153,0
faceforensics/real/096/000011.jpg,xception,ffpp_source_safe,test,0,real,0.06065584346652031,0.4307548701763153,0
faceforensics/real/096/000012.jpg,xception,ffpp_source_safe,test,0,real,0.011732138693332672,0.4307548701763153,0
faceforensics/real/096/000013.jpg,xception,ffpp_source_safe,test,0,real,0.00278524961322546,0.4307548701763153,0
faceforensics/real/096/000014.jpg,xception,ffpp_source_safe,test,0,real,0.0018037966219708323,0.4307548701763153,0
faceforensics/real/096/000015.jpg,xception,ffpp_source_safe,test,0,real,0.08219494670629501,0.4307548701763153,0
faceforensics/real/096/000016.jpg,xception,ffpp_source_safe,test,0,real,0.051365092396736145,0.4307548701763153,0
faceforensics/real/096/000017.jpg,xception,ffpp_source_safe,test,0,real,0.01028199028223753,0.4307548701763153,0
faceforensics/real/096/000018.jpg,xception,ffpp_source_safe,test,0,real,0.01226524356752634,0.4307548701763153,0
faceforensics/real/096/000019.jpg,xception,ffpp_source_safe,test,0,real,0.008867231197655201,0.4307548701763153,0
faceforensics/real/096/000020.jpg,xception,ffpp_source_safe,test,0,real,0.004604791756719351,0.4307548701763153,0
faceforensics/real/096/000021.jpg,xception,ffpp_source_safe,test,0,real,0.012105226516723633,0.4307548701763153,0
faceforensics/real/096/000022.jpg,xception,ffpp_source_safe,test,0,real,0.0008466532453894615,0.4307548701763153,0
faceforensics/real/096/000023.jpg,xception,ffpp_source_safe,test,0,real,0.005634690169245005,0.4307548701763153,0
faceforensics/real/096/000024.jpg,xception,ffpp_source_safe,test,0,real,0.09950930625200272,0.4307548701763153,0
faceforensics/real/096/000025.jpg,xception,ffpp_source_safe,test,0,real,0.001900344854220748,0.4307548701763153,0
faceforensics/real/096/000026.jpg,xception,ffpp_source_safe,test,0,real,0.010720259509980679,0.4307548701763153,0
faceforensics/real/096/000027.jpg,xception,ffpp_source_safe,test,0,real,0.0026350077241659164,0.4307548701763153,0
faceforensics/real/096/000028.jpg,xception,ffpp_source_safe,test,0,real,0.9065631031990051,0.4307548701763153,1
faceforensics/real/096/000029.jpg,xception,ffpp_source_safe,test,0,real,0.0013107842532917857,0.4307548701763153,0
faceforensics/real/192/000000.jpg,xception,ffpp_source_safe,test,0,real,0.0001081409864127636,0.4307548701763153,0
faceforensics/real/192/000001.jpg,xception,ffpp_source_safe,test,0,real,0.00013933733862359077,0.4307548701763153,0
faceforensics/real/192/000002.jpg,xception,ffpp_source_safe,test,0,real,0.009056299924850464,0.4307548701763153,0
faceforensics/real/192/000003.jpg,xception,ffpp_source_safe,test,0,real,0.04129616543650627,0.4307548701763153,0
faceforensics/real/192/000004.jpg,xception,ffpp_source_safe,test,0,real,0.025511499494314194,0.4307548701763153,0
faceforensics/real/192/000005.jpg,xception,ffpp_source_safe,test,0,real,0.07517325133085251,0.4307548701763153,0
faceforensics/real/192/000006.jpg,xception,ffpp_source_safe,test,0,real,0.004797568079084158,0.4307548701763153,0
faceforensics/real/192/000007.jpg,xception,ffpp_source_safe,test,0,real,0.009042277932167053,0.4307548701763153,0
faceforensics/real/192/000008.jpg,xception,ffpp_source_safe,test,0,real,0.00019887930830009282,0.4307548701763153,0
faceforensics/real/192/000009.jpg,xception,ffpp_source_safe,test,0,real,0.0006146705127321184,0.4307548701763153,0
faceforensics/real/192/000010.jpg,xception,ffpp_source_safe,test,0,real,0.0013272807700559497,0.4307548701763153,0
faceforensics/real/192/000011.jpg,xception,ffpp_source_safe,test,0,real,0.0013907253742218018,0.4307548701763153,0
faceforensics/real/192/000012.jpg,xception,ffpp_source_safe,test,0,real,0.00014197095879353583,0.4307548701763153,0
faceforensics/real/192/000013.jpg,xception,ffpp_source_safe,test,0,real,0.0023868230637162924,0.4307548701763153,0
faceforensics/real/192/000014.jpg,xception,ffpp_source_safe,test,0,real,0.0008011035388335586,0.4307548701763153,0
faceforensics/real/192/000015.jpg,xception,ffpp_source_safe,test,0,real,0.00046330151963047683,0.4307548701763153,0
faceforensics/real/192/000016.jpg,xception,ffpp_source_safe,test,0,real,0.07931416481733322,0.4307548701763153,0
faceforensics/real/192/000017.jpg,xception,ffpp_source_safe,test,0,real,0.0016039303736761212,0.4307548701763153,0
faceforensics/real/192/000018.jpg,xception,ffpp_source_safe,test,0,real,5.343906377675012e-05,0.4307548701763153,0
faceforensics/real/192/000019.jpg,xception,ffpp_source_safe,test,0,real,0.00018729652219917625,0.4307548701763153,0
faceforensics/real/192/000020.jpg,xception,ffpp_source_safe,test,0,real,5.742421490140259e-05,0.4307548701763153,0
faceforensics/real/192/000021.jpg,xception,ffpp_source_safe,test,0,real,0.08634788542985916,0.4307548701763153,0
faceforensics/real/192/000022.jpg,xception,ffpp_source_safe,test,0,real,0.0036644672509282827,0.4307548701763153,0
faceforensics/real/192/000023.jpg,xception,ffpp_source_safe,test,0,real,0.24868999421596527,0.4307548701763153,0
faceforensics/real/192/000024.jpg,xception,ffpp_source_safe,test,0,real,0.014218280091881752,0.4307548701763153,0
faceforensics/real/192/000025.jpg,xception,ffpp_source_safe,test,0,real,0.007592290639877319,0.4307548701763153,0
faceforensics/real/192/000026.jpg,xception,ffpp_source_safe,test,0,real,0.3143158555030823,0.4307548701763153,0
faceforensics/real/192/000027.jpg,xception,ffpp_source_safe,test,0,real,0.003686409443616867,0.4307548701763153,0
faceforensics/real/192/000028.jpg,xception,ffpp_source_safe,test,0,real,0.00022573464957531542,0.4307548701763153,0
faceforensics/real/192/000029.jpg,xception,ffpp_source_safe,test,0,real,0.0003131518606096506,0.4307548701763153,0
faceforensics/real/210/000000.jpg,xception,ffpp_source_safe,test,0,real,0.1510898321866989,0.4307548701763153,0
faceforensics/real/210/000001.jpg,xception,ffpp_source_safe,test,0,real,0.9626548290252686,0.4307548701763153,1
faceforensics/real/210/000002.jpg,xception,ffpp_source_safe,test,0,real,0.1628997027873993,0.4307548701763153,0
faceforensics/real/210/000003.jpg,xception,ffpp_source_safe,test,0,real,0.1647651046514511,0.4307548701763153,0
faceforensics/real/210/000004.jpg,xception,ffpp_source_safe,test,0,real,0.9515409469604492,0.4307548701763153,1
faceforensics/real/210/000005.jpg,xception,ffpp_source_safe,test,0,real,0.6562756896018982,0.4307548701763153,1
faceforensics/real/210/000006.jpg,xception,ffpp_source_safe,test,0,real,0.9838738441467285,0.4307548701763153,1
faceforensics/real/210/000007.jpg,xception,ffpp_source_safe,test,0,real,0.45533838868141174,0.4307548701763153,1
faceforensics/real/210/000008.jpg,xception,ffpp_source_safe,test,0,real,0.8642926216125488,0.4307548701763153,1
faceforensics/real/210/000009.jpg,xception,ffpp_source_safe,test,0,real,0.32824084162712097,0.4307548701763153,0
faceforensics/real/210/000010.jpg,xception,ffpp_source_safe,test,0,real,0.3889426589012146,0.4307548701763153,0
faceforensics/real/210/000011.jpg,xception,ffpp_source_safe,test,0,real,0.5581132173538208,0.4307548701763153,1
faceforensics/real/210/000012.jpg,xception,ffpp_source_safe,test,0,real,0.7797101736068726,0.4307548701763153,1
faceforensics/real/210/000013.jpg,xception,ffpp_source_safe,test,0,real,0.816697895526886,0.4307548701763153,1
faceforensics/real/210/000014.jpg,xception,ffpp_source_safe,test,0,real,0.7342292070388794,0.4307548701763153,1
faceforensics/real/210/000015.jpg,xception,ffpp_source_safe,test,0,real,0.6073617935180664,0.4307548701763153,1
faceforensics/real/210/000016.jpg,xception,ffpp_source_safe,test,0,real,0.7520859241485596,0.4307548701763153,1
faceforensics/real/210/000017.jpg,xception,ffpp_source_safe,test,0,real,0.5188654661178589,0.4307548701763153,1
faceforensics/real/210/000018.jpg,xception,ffpp_source_safe,test,0,real,0.16499477624893188,0.4307548701763153,0
faceforensics/real/210/000019.jpg,xception,ffpp_source_safe,test,0,real,0.7541545629501343,0.4307548701763153,1
faceforensics/real/210/000020.jpg,xception,ffpp_source_safe,test,0,real,0.1482652872800827,0.4307548701763153,0
faceforensics/real/210/000021.jpg,xception,ffpp_source_safe,test,0,real,0.5821308493614197,0.4307548701763153,1
faceforensics/real/210/000022.jpg,xception,ffpp_source_safe,test,0,real,0.14368736743927002,0.4307548701763153,0
faceforensics/real/210/000023.jpg,xception,ffpp_source_safe,test,0,real,0.64046710729599,0.4307548701763153,1
faceforensics/real/210/000024.jpg,xception,ffpp_source_safe,test,0,real,0.7944048047065735,0.4307548701763153,1
faceforensics/real/210/000025.jpg,xception,ffpp_source_safe,test,0,real,0.09157849103212357,0.4307548701763153,0
faceforensics/real/210/000026.jpg,xception,ffpp_source_safe,test,0,real,0.2865546941757202,0.4307548701763153,0
faceforensics/real/210/000027.jpg,xception,ffpp_source_safe,test,0,real,0.7821027636528015,0.4307548701763153,1
faceforensics/real/210/000028.jpg,xception,ffpp_source_safe,test,0,real,0.5075355172157288,0.4307548701763153,1
faceforensics/real/210/000029.jpg,xception,ffpp_source_safe,test,0,real,0.5168875455856323,0.4307548701763153,1
faceforensics/real/246/000000.jpg,xception,ffpp_source_safe,test,0,real,0.029650770127773285,0.4307548701763153,0
faceforensics/real/246/000001.jpg,xception,ffpp_source_safe,test,0,real,0.3597745895385742,0.4307548701763153,0
faceforensics/real/246/000002.jpg,xception,ffpp_source_safe,test,0,real,0.0016497476026415825,0.4307548701763153,0
faceforensics/real/246/000003.jpg,xception,ffpp_source_safe,test,0,real,0.05196820944547653,0.4307548701763153,0
faceforensics/real/246/000004.jpg,xception,ffpp_source_safe,test,0,real,0.049054525792598724,0.4307548701763153,0
faceforensics/real/246/000005.jpg,xception,ffpp_source_safe,test,0,real,0.6103021502494812,0.4307548701763153,1
faceforensics/real/246/000006.jpg,xception,ffpp_source_safe,test,0,real,0.015341992489993572,0.4307548701763153,0
faceforensics/real/246/000007.jpg,xception,ffpp_source_safe,test,0,real,0.0670321136713028,0.4307548701763153,0
faceforensics/real/246/000008.jpg,xception,ffpp_source_safe,test,0,real,0.6868276596069336,0.4307548701763153,1
faceforensics/real/246/000009.jpg,xception,ffpp_source_safe,test,0,real,0.22111491858959198,0.4307548701763153,0
faceforensics/real/246/000010.jpg,xception,ffpp_source_safe,test,0,real,0.22452296316623688,0.4307548701763153,0
faceforensics/real/246/000011.jpg,xception,ffpp_source_safe,test,0,real,0.014236565679311752,0.4307548701763153,0
faceforensics/real/246/000012.jpg,xception,ffpp_source_safe,test,0,real,0.11976378411054611,0.4307548701763153,0
faceforensics/real/246/000013.jpg,xception,ffpp_source_safe,test,0,real,0.04728477820754051,0.4307548701763153,0
faceforensics/real/246/000014.jpg,xception,ffpp_source_safe,test,0,real,0.00041256166878156364,0.4307548701763153,0
faceforensics/real/246/000015.jpg,xception,ffpp_source_safe,test,0,real,0.2782309949398041,0.4307548701763153,0
faceforensics/real/246/000016.jpg,xception,ffpp_source_safe,test,0,real,0.5346527099609375,0.4307548701763153,1
faceforensics/real/246/000017.jpg,xception,ffpp_source_safe,test,0,real,0.9925980567932129,0.4307548701763153,1
faceforensics/real/246/000018.jpg,xception,ffpp_source_safe,test,0,real,0.007153435610234737,0.4307548701763153,0
faceforensics/real/246/000019.jpg,xception,ffpp_source_safe,test,0,real,0.0257797259837389,0.4307548701763153,0
faceforensics/real/246/000020.jpg,xception,ffpp_source_safe,test,0,real,0.007939541712403297,0.4307548701763153,0
faceforensics/real/246/000021.jpg,xception,ffpp_source_safe,test,0,real,0.850528359413147,0.4307548701763153,1
faceforensics/real/246/000022.jpg,xception,ffpp_source_safe,test,0,real,0.06765499711036682,0.4307548701763153,0
faceforensics/real/246/000023.jpg,xception,ffpp_source_safe,test,0,real,0.18187649548053741,0.4307548701763153,0
faceforensics/real/246/000024.jpg,xception,ffpp_source_safe,test,0,real,0.1748337745666504,0.4307548701763153,0
faceforensics/real/246/000025.jpg,xception,ffpp_source_safe,test,0,real,0.055846743285655975,0.4307548701763153,0
faceforensics/real/246/000026.jpg,xception,ffpp_source_safe,test,0,real,0.09170340746641159,0.4307548701763153,0
faceforensics/real/246/000027.jpg,xception,ffpp_source_safe,test,0,real,0.1319904923439026,0.4307548701763153,0
faceforensics/real/246/000028.jpg,xception,ffpp_source_safe,test,0,real,0.0032618369441479445,0.4307548701763153,0
faceforensics/real/246/000029.jpg,xception,ffpp_source_safe,test,0,real,0.005448248703032732,0.4307548701763153,0
faceforensics/real/257/000000.jpg,xception,ffpp_source_safe,test,0,real,0.004682430997490883,0.4307548701763153,0
faceforensics/real/257/000001.jpg,xception,ffpp_source_safe,test,0,real,0.8637875318527222,0.4307548701763153,1
faceforensics/real/257/000002.jpg,xception,ffpp_source_safe,test,0,real,0.9813251495361328,0.4307548701763153,1
faceforensics/real/257/000003.jpg,xception,ffpp_source_safe,test,0,real,0.9835214614868164,0.4307548701763153,1
faceforensics/real/257/000004.jpg,xception,ffpp_source_safe,test,0,real,0.8495174050331116,0.4307548701763153,1
faceforensics/real/257/000005.jpg,xception,ffpp_source_safe,test,0,real,0.08141472935676575,0.4307548701763153,0
faceforensics/real/257/000006.jpg,xception,ffpp_source_safe,test,0,real,0.9725425243377686,0.4307548701763153,1
faceforensics/real/257/000007.jpg,xception,ffpp_source_safe,test,0,real,0.9976779818534851,0.4307548701763153,1
faceforensics/real/257/000008.jpg,xception,ffpp_source_safe,test,0,real,0.987987756729126,0.4307548701763153,1
faceforensics/real/257/000009.jpg,xception,ffpp_source_safe,test,0,real,0.9904741644859314,0.4307548701763153,1
faceforensics/real/257/000010.jpg,xception,ffpp_source_safe,test,0,real,0.04727916419506073,0.4307548701763153,0
faceforensics/real/257/000011.jpg,xception,ffpp_source_safe,test,0,real,0.06019243970513344,0.4307548701763153,0
faceforensics/real/257/000012.jpg,xception,ffpp_source_safe,test,0,real,0.9766247868537903,0.4307548701763153,1
faceforensics/real/257/000013.jpg,xception,ffpp_source_safe,test,0,real,0.9749186038970947,0.4307548701763153,1
faceforensics/real/257/000014.jpg,xception,ffpp_source_safe,test,0,real,0.6933538317680359,0.4307548701763153,1
faceforensics/real/257/000015.jpg,xception,ffpp_source_safe,test,0,real,0.016250377520918846,0.4307548701763153,0
faceforensics/real/257/000016.jpg,xception,ffpp_source_safe,test,0,real,0.09305925667285919,0.4307548701763153,0
faceforensics/real/257/000017.jpg,xception,ffpp_source_safe,test,0,real,0.7050186395645142,0.4307548701763153,1
faceforensics/real/257/000018.jpg,xception,ffpp_source_safe,test,0,real,0.14721867442131042,0.4307548701763153,0
faceforensics/real/257/000019.jpg,xception,ffpp_source_safe,test,0,real,0.35407280921936035,0.4307548701763153,0
faceforensics/real/257/000020.jpg,xception,ffpp_source_safe,test,0,real,0.18240034580230713,0.4307548701763153,0
faceforensics/real/257/000021.jpg,xception,ffpp_source_safe,test,0,real,0.9865835309028625,0.4307548701763153,1
faceforensics/real/257/000022.jpg,xception,ffpp_source_safe,test,0,real,0.24951088428497314,0.4307548701763153,0
faceforensics/real/257/000023.jpg,xception,ffpp_source_safe,test,0,real,0.9396992921829224,0.4307548701763153,1
faceforensics/real/257/000024.jpg,xception,ffpp_source_safe,test,0,real,0.9842126965522766,0.4307548701763153,1
faceforensics/real/257/000025.jpg,xception,ffpp_source_safe,test,0,real,0.918353259563446,0.4307548701763153,1
faceforensics/real/257/000026.jpg,xception,ffpp_source_safe,test,0,real,0.9681816101074219,0.4307548701763153,1
faceforensics/real/257/000027.jpg,xception,ffpp_source_safe,test,0,real,0.9972568154335022,0.4307548701763153,1
faceforensics/real/257/000028.jpg,xception,ffpp_source_safe,test,0,real,0.9970920085906982,0.4307548701763153,1
faceforensics/real/257/000029.jpg,xception,ffpp_source_safe,test,0,real,0.5113909840583801,0.4307548701763153,1
faceforensics/real/258/000000.jpg,xception,ffpp_source_safe,test,0,real,0.1965293437242508,0.4307548701763153,0
faceforensics/real/258/000001.jpg,xception,ffpp_source_safe,test,0,real,0.0068842265754938126,0.4307548701763153,0
faceforensics/real/258/000002.jpg,xception,ffpp_source_safe,test,0,real,0.0006708260043524206,0.4307548701763153,0
faceforensics/real/258/000003.jpg,xception,ffpp_source_safe,test,0,real,0.019922135397791862,0.4307548701763153,0
faceforensics/real/258/000004.jpg,xception,ffpp_source_safe,test,0,real,0.0010950299911201,0.4307548701763153,0
faceforensics/real/258/000005.jpg,xception,ffpp_source_safe,test,0,real,0.3561883568763733,0.4307548701763153,0
faceforensics/real/258/000006.jpg,xception,ffpp_source_safe,test,0,real,8.56783808558248e-05,0.4307548701763153,0
faceforensics/real/258/000007.jpg,xception,ffpp_source_safe,test,0,real,0.0019961579237133265,0.4307548701763153,0
faceforensics/real/258/000008.jpg,xception,ffpp_source_safe,test,0,real,0.00221004756167531,0.4307548701763153,0
faceforensics/real/258/000009.jpg,xception,ffpp_source_safe,test,0,real,0.0014656696002930403,0.4307548701763153,0
faceforensics/real/258/000010.jpg,xception,ffpp_source_safe,test,0,real,0.00036628180532716215,0.4307548701763153,0
faceforensics/real/258/000011.jpg,xception,ffpp_source_safe,test,0,real,0.5827928781509399,0.4307548701763153,1
faceforensics/real/258/000012.jpg,xception,ffpp_source_safe,test,0,real,0.007241459097713232,0.4307548701763153,0
faceforensics/real/258/000013.jpg,xception,ffpp_source_safe,test,0,real,0.003991550300270319,0.4307548701763153,0
faceforensics/real/258/000014.jpg,xception,ffpp_source_safe,test,0,real,0.5468870997428894,0.4307548701763153,1
faceforensics/real/258/000015.jpg,xception,ffpp_source_safe,test,0,real,0.00923463050276041,0.4307548701763153,0
faceforensics/real/258/000016.jpg,xception,ffpp_source_safe,test,0,real,0.010516534559428692,0.4307548701763153,0
faceforensics/real/258/000017.jpg,xception,ffpp_source_safe,test,0,real,0.0014047500444576144,0.4307548701763153,0
faceforensics/real/258/000018.jpg,xception,ffpp_source_safe,test,0,real,0.0011124213924631476,0.4307548701763153,0
faceforensics/real/258/000019.jpg,xception,ffpp_source_safe,test,0,real,0.001397403422743082,0.4307548701763153,0
faceforensics/real/258/000020.jpg,xception,ffpp_source_safe,test,0,real,0.00571055430918932,0.4307548701763153,0
faceforensics/real/258/000021.jpg,xception,ffpp_source_safe,test,0,real,0.01080103125423193,0.4307548701763153,0
faceforensics/real/258/000022.jpg,xception,ffpp_source_safe,test,0,real,0.981532633304596,0.4307548701763153,1
faceforensics/real/258/000023.jpg,xception,ffpp_source_safe,test,0,real,0.03482154756784439,0.4307548701763153,0
faceforensics/real/258/000024.jpg,xception,ffpp_source_safe,test,0,real,0.6872745156288147,0.4307548701763153,1
faceforensics/real/258/000025.jpg,xception,ffpp_source_safe,test,0,real,0.02071370743215084,0.4307548701763153,0
faceforensics/real/258/000026.jpg,xception,ffpp_source_safe,test,0,real,0.9156093597412109,0.4307548701763153,1
faceforensics/real/258/000027.jpg,xception,ffpp_source_safe,test,0,real,0.0019420331809669733,0.4307548701763153,0
faceforensics/real/258/000028.jpg,xception,ffpp_source_safe,test,0,real,0.11754056811332703,0.4307548701763153,0
faceforensics/real/258/000029.jpg,xception,ffpp_source_safe,test,0,real,0.5618040561676025,0.4307548701763153,1
faceforensics/real/438/000000.jpg,xception,ffpp_source_safe,test,0,real,0.9944171905517578,0.4307548701763153,1
faceforensics/real/438/000001.jpg,xception,ffpp_source_safe,test,0,real,0.9064422249794006,0.4307548701763153,1
faceforensics/real/438/000002.jpg,xception,ffpp_source_safe,test,0,real,0.9871559143066406,0.4307548701763153,1
faceforensics/real/438/000003.jpg,xception,ffpp_source_safe,test,0,real,0.5083372592926025,0.4307548701763153,1
faceforensics/real/438/000004.jpg,xception,ffpp_source_safe,test,0,real,0.6347761154174805,0.4307548701763153,1
faceforensics/real/438/000005.jpg,xception,ffpp_source_safe,test,0,real,0.9909221529960632,0.4307548701763153,1
faceforensics/real/438/000006.jpg,xception,ffpp_source_safe,test,0,real,0.9767509698867798,0.4307548701763153,1
faceforensics/real/438/000007.jpg,xception,ffpp_source_safe,test,0,real,0.9975284934043884,0.4307548701763153,1
faceforensics/real/438/000008.jpg,xception,ffpp_source_safe,test,0,real,0.5584031343460083,0.4307548701763153,1
faceforensics/real/438/000009.jpg,xception,ffpp_source_safe,test,0,real,0.803324282169342,0.4307548701763153,1
faceforensics/real/438/000010.jpg,xception,ffpp_source_safe,test,0,real,0.9442459940910339,0.4307548701763153,1
faceforensics/real/438/000011.jpg,xception,ffpp_source_safe,test,0,real,0.7605025768280029,0.4307548701763153,1
faceforensics/real/438/000012.jpg,xception,ffpp_source_safe,test,0,real,0.8501771092414856,0.4307548701763153,1
faceforensics/real/438/000013.jpg,xception,ffpp_source_safe,test,0,real,0.9813230037689209,0.4307548701763153,1
faceforensics/real/438/000014.jpg,xception,ffpp_source_safe,test,0,real,0.9250422716140747,0.4307548701763153,1
faceforensics/real/438/000015.jpg,xception,ffpp_source_safe,test,0,real,0.9987044334411621,0.4307548701763153,1
faceforensics/real/438/000016.jpg,xception,ffpp_source_safe,test,0,real,0.9616326093673706,0.4307548701763153,1
faceforensics/real/438/000017.jpg,xception,ffpp_source_safe,test,0,real,0.9988701939582825,0.4307548701763153,1
faceforensics/real/438/000018.jpg,xception,ffpp_source_safe,test,0,real,0.9988019466400146,0.4307548701763153,1
faceforensics/real/438/000019.jpg,xception,ffpp_source_safe,test,0,real,0.9078637957572937,0.4307548701763153,1
faceforensics/real/438/000020.jpg,xception,ffpp_source_safe,test,0,real,0.9925609230995178,0.4307548701763153,1
faceforensics/real/438/000021.jpg,xception,ffpp_source_safe,test,0,real,0.9206674695014954,0.4307548701763153,1
faceforensics/real/438/000022.jpg,xception,ffpp_source_safe,test,0,real,0.7394432425498962,0.4307548701763153,1
faceforensics/real/438/000023.jpg,xception,ffpp_source_safe,test,0,real,0.999625563621521,0.4307548701763153,1
faceforensics/real/438/000024.jpg,xception,ffpp_source_safe,test,0,real,0.9946714043617249,0.4307548701763153,1
faceforensics/real/438/000025.jpg,xception,ffpp_source_safe,test,0,real,0.6829757690429688,0.4307548701763153,1
faceforensics/real/438/000026.jpg,xception,ffpp_source_safe,test,0,real,0.04777010902762413,0.4307548701763153,0
faceforensics/real/438/000027.jpg,xception,ffpp_source_safe,test,0,real,0.40207114815711975,0.4307548701763153,0
faceforensics/real/438/000028.jpg,xception,ffpp_source_safe,test,0,real,0.9996421337127686,0.4307548701763153,1
faceforensics/real/438/000029.jpg,xception,ffpp_source_safe,test,0,real,0.9987642765045166,0.4307548701763153,1
faceforensics/real/439/000000.jpg,xception,ffpp_source_safe,test,0,real,0.007160644978284836,0.4307548701763153,0
faceforensics/real/439/000001.jpg,xception,ffpp_source_safe,test,0,real,0.00871738139539957,0.4307548701763153,0
faceforensics/real/439/000002.jpg,xception,ffpp_source_safe,test,0,real,0.000642219849396497,0.4307548701763153,0
faceforensics/real/439/000003.jpg,xception,ffpp_source_safe,test,0,real,0.004293773788958788,0.4307548701763153,0
faceforensics/real/439/000004.jpg,xception,ffpp_source_safe,test,0,real,0.0058415550738573074,0.4307548701763153,0
faceforensics/real/439/000005.jpg,xception,ffpp_source_safe,test,0,real,0.000553182908333838,0.4307548701763153,0
faceforensics/real/439/000006.jpg,xception,ffpp_source_safe,test,0,real,0.017562339082360268,0.4307548701763153,0
faceforensics/real/439/000007.jpg,xception,ffpp_source_safe,test,0,real,0.033356327563524246,0.4307548701763153,0
faceforensics/real/439/000008.jpg,xception,ffpp_source_safe,test,0,real,0.0014346478274092078,0.4307548701763153,0
faceforensics/real/439/000009.jpg,xception,ffpp_source_safe,test,0,real,0.004457642324268818,0.4307548701763153,0
faceforensics/real/439/000010.jpg,xception,ffpp_source_safe,test,0,real,0.006604456342756748,0.4307548701763153,0
faceforensics/real/439/000011.jpg,xception,ffpp_source_safe,test,0,real,0.08944729715585709,0.4307548701763153,0
faceforensics/real/439/000012.jpg,xception,ffpp_source_safe,test,0,real,0.01910470798611641,0.4307548701763153,0
faceforensics/real/439/000013.jpg,xception,ffpp_source_safe,test,0,real,0.01098456047475338,0.4307548701763153,0
faceforensics/real/439/000014.jpg,xception,ffpp_source_safe,test,0,real,0.005760962143540382,0.4307548701763153,0
faceforensics/real/439/000015.jpg,xception,ffpp_source_safe,test,0,real,0.03634827584028244,0.4307548701763153,0
faceforensics/real/439/000016.jpg,xception,ffpp_source_safe,test,0,real,0.006104122847318649,0.4307548701763153,0
faceforensics/real/439/000017.jpg,xception,ffpp_source_safe,test,0,real,0.011659751646220684,0.4307548701763153,0
faceforensics/real/439/000018.jpg,xception,ffpp_source_safe,test,0,real,0.031438637524843216,0.4307548701763153,0
faceforensics/real/439/000019.jpg,xception,ffpp_source_safe,test,0,real,0.038672663271427155,0.4307548701763153,0
faceforensics/real/439/000020.jpg,xception,ffpp_source_safe,test,0,real,0.015565237030386925,0.4307548701763153,0
faceforensics/real/439/000021.jpg,xception,ffpp_source_safe,test,0,real,0.006078962702304125,0.4307548701763153,0
faceforensics/real/439/000022.jpg,xception,ffpp_source_safe,test,0,real,0.004195295739918947,0.4307548701763153,0
faceforensics/real/439/000023.jpg,xception,ffpp_source_safe,test,0,real,0.213313028216362,0.4307548701763153,0
faceforensics/real/439/000024.jpg,xception,ffpp_source_safe,test,0,real,0.027772992849349976,0.4307548701763153,0
faceforensics/real/439/000025.jpg,xception,ffpp_source_safe,test,0,real,0.009132957085967064,0.4307548701763153,0
faceforensics/real/439/000026.jpg,xception,ffpp_source_safe,test,0,real,0.007643501274287701,0.4307548701763153,0
faceforensics/real/439/000027.jpg,xception,ffpp_source_safe,test,0,real,0.019849518314003944,0.4307548701763153,0
faceforensics/real/439/000028.jpg,xception,ffpp_source_safe,test,0,real,0.07170377671718597,0.4307548701763153,0
faceforensics/real/439/000029.jpg,xception,ffpp_source_safe,test,0,real,0.01427530962973833,0.4307548701763153,0
faceforensics/real/448/000000.jpg,xception,ffpp_source_safe,test,0,real,2.397853313595988e-05,0.4307548701763153,0
faceforensics/real/448/000001.jpg,xception,ffpp_source_safe,test,0,real,2.4270433641504496e-05,0.4307548701763153,0
faceforensics/real/448/000002.jpg,xception,ffpp_source_safe,test,0,real,0.0009552011615596712,0.4307548701763153,0
faceforensics/real/448/000003.jpg,xception,ffpp_source_safe,test,0,real,0.0007410781108774245,0.4307548701763153,0
faceforensics/real/448/000004.jpg,xception,ffpp_source_safe,test,0,real,0.0006764821009710431,0.4307548701763153,0
faceforensics/real/448/000005.jpg,xception,ffpp_source_safe,test,0,real,9.289295121561736e-05,0.4307548701763153,0
faceforensics/real/448/000006.jpg,xception,ffpp_source_safe,test,0,real,4.668641850003041e-05,0.4307548701763153,0
faceforensics/real/448/000007.jpg,xception,ffpp_source_safe,test,0,real,7.983119576238096e-05,0.4307548701763153,0
faceforensics/real/448/000008.jpg,xception,ffpp_source_safe,test,0,real,0.016239328309893608,0.4307548701763153,0
faceforensics/real/448/000009.jpg,xception,ffpp_source_safe,test,0,real,0.027374546974897385,0.4307548701763153,0
faceforensics/real/448/000010.jpg,xception,ffpp_source_safe,test,0,real,0.004400710575282574,0.4307548701763153,0
faceforensics/real/448/000011.jpg,xception,ffpp_source_safe,test,0,real,0.00011026670108549297,0.4307548701763153,0
faceforensics/real/448/000012.jpg,xception,ffpp_source_safe,test,0,real,0.0007129648583941162,0.4307548701763153,0
faceforensics/real/448/000013.jpg,xception,ffpp_source_safe,test,0,real,0.00012105319910915568,0.4307548701763153,0
faceforensics/real/448/000014.jpg,xception,ffpp_source_safe,test,0,real,0.0004242491559125483,0.4307548701763153,0
faceforensics/real/448/000015.jpg,xception,ffpp_source_safe,test,0,real,0.000496131950058043,0.4307548701763153,0
faceforensics/real/448/000016.jpg,xception,ffpp_source_safe,test,0,real,0.00034707406302914023,0.4307548701763153,0
faceforensics/real/448/000017.jpg,xception,ffpp_source_safe,test,0,real,7.358165748883039e-05,0.4307548701763153,0
faceforensics/real/448/000018.jpg,xception,ffpp_source_safe,test,0,real,0.0007537327473983169,0.4307548701763153,0
faceforensics/real/448/000019.jpg,xception,ffpp_source_safe,test,0,real,0.00011204226757399738,0.4307548701763153,0
faceforensics/real/448/000020.jpg,xception,ffpp_source_safe,test,0,real,6.48464192636311e-05,0.4307548701763153,0
faceforensics/real/448/000021.jpg,xception,ffpp_source_safe,test,0,real,0.00029231858206912875,0.4307548701763153,0
faceforensics/real/448/000022.jpg,xception,ffpp_source_safe,test,0,real,0.0010089287534356117,0.4307548701763153,0
faceforensics/real/448/000023.jpg,xception,ffpp_source_safe,test,0,real,0.00020354143634904176,0.4307548701763153,0
faceforensics/real/448/000024.jpg,xception,ffpp_source_safe,test,0,real,0.0004386782238725573,0.4307548701763153,0
faceforensics/real/448/000025.jpg,xception,ffpp_source_safe,test,0,real,0.00012698695354629308,0.4307548701763153,0
faceforensics/real/448/000026.jpg,xception,ffpp_source_safe,test,0,real,0.00018452468793839216,0.4307548701763153,0
faceforensics/real/448/000027.jpg,xception,ffpp_source_safe,test,0,real,0.0002683218917809427,0.4307548701763153,0
faceforensics/real/448/000028.jpg,xception,ffpp_source_safe,test,0,real,0.00019843890913762152,0.4307548701763153,0
faceforensics/real/448/000029.jpg,xception,ffpp_source_safe,test,0,real,0.0042031994089484215,0.4307548701763153,0
faceforensics/real/468/000000.jpg,xception,ffpp_source_safe,test,0,real,0.032645247876644135,0.4307548701763153,0
faceforensics/real/468/000001.jpg,xception,ffpp_source_safe,test,0,real,0.46980932354927063,0.4307548701763153,1
faceforensics/real/468/000002.jpg,xception,ffpp_source_safe,test,0,real,0.011045095510780811,0.4307548701763153,0
faceforensics/real/468/000003.jpg,xception,ffpp_source_safe,test,0,real,0.00020145371672697365,0.4307548701763153,0
faceforensics/real/468/000004.jpg,xception,ffpp_source_safe,test,0,real,0.3656589388847351,0.4307548701763153,0
faceforensics/real/468/000005.jpg,xception,ffpp_source_safe,test,0,real,0.0036378439981490374,0.4307548701763153,0
faceforensics/real/468/000006.jpg,xception,ffpp_source_safe,test,0,real,0.31033411622047424,0.4307548701763153,0
faceforensics/real/468/000007.jpg,xception,ffpp_source_safe,test,0,real,0.33282092213630676,0.4307548701763153,0
faceforensics/real/468/000008.jpg,xception,ffpp_source_safe,test,0,real,0.007941622287034988,0.4307548701763153,0
faceforensics/real/468/000009.jpg,xception,ffpp_source_safe,test,0,real,0.003623640863224864,0.4307548701763153,0
faceforensics/real/468/000010.jpg,xception,ffpp_source_safe,test,0,real,0.008794587105512619,0.4307548701763153,0
faceforensics/real/468/000011.jpg,xception,ffpp_source_safe,test,0,real,0.9272485375404358,0.4307548701763153,1
faceforensics/real/468/000012.jpg,xception,ffpp_source_safe,test,0,real,0.014381463639438152,0.4307548701763153,0
faceforensics/real/468/000013.jpg,xception,ffpp_source_safe,test,0,real,0.00834308099001646,0.4307548701763153,0
faceforensics/real/468/000014.jpg,xception,ffpp_source_safe,test,0,real,0.00011325846571708098,0.4307548701763153,0
faceforensics/real/468/000015.jpg,xception,ffpp_source_safe,test,0,real,0.03609301149845123,0.4307548701763153,0
faceforensics/real/468/000016.jpg,xception,ffpp_source_safe,test,0,real,0.39902642369270325,0.4307548701763153,0
faceforensics/real/468/000017.jpg,xception,ffpp_source_safe,test,0,real,0.006538952235132456,0.4307548701763153,0
faceforensics/real/468/000018.jpg,xception,ffpp_source_safe,test,0,real,0.14128437638282776,0.4307548701763153,0
faceforensics/real/468/000019.jpg,xception,ffpp_source_safe,test,0,real,0.049927208572626114,0.4307548701763153,0
faceforensics/real/468/000020.jpg,xception,ffpp_source_safe,test,0,real,0.001861058291979134,0.4307548701763153,0
faceforensics/real/468/000021.jpg,xception,ffpp_source_safe,test,0,real,0.0023465792182832956,0.4307548701763153,0
faceforensics/real/468/000022.jpg,xception,ffpp_source_safe,test,0,real,0.029797477647662163,0.4307548701763153,0
faceforensics/real/468/000023.jpg,xception,ffpp_source_safe,test,0,real,0.0699671134352684,0.4307548701763153,0
faceforensics/real/468/000024.jpg,xception,ffpp_source_safe,test,0,real,0.005381988827139139,0.4307548701763153,0
faceforensics/real/468/000025.jpg,xception,ffpp_source_safe,test,0,real,0.04581404849886894,0.4307548701763153,0
faceforensics/real/468/000026.jpg,xception,ffpp_source_safe,test,0,real,0.0001908572157844901,0.4307548701763153,0
faceforensics/real/468/000027.jpg,xception,ffpp_source_safe,test,0,real,0.17899057269096375,0.4307548701763153,0
faceforensics/real/468/000028.jpg,xception,ffpp_source_safe,test,0,real,0.012357346713542938,0.4307548701763153,0
faceforensics/real/468/000029.jpg,xception,ffpp_source_safe,test,0,real,0.2663322985172272,0.4307548701763153,0
faceforensics/real/470/000000.jpg,xception,ffpp_source_safe,test,0,real,0.3079839050769806,0.4307548701763153,0
faceforensics/real/470/000001.jpg,xception,ffpp_source_safe,test,0,real,0.02318095974624157,0.4307548701763153,0
faceforensics/real/470/000002.jpg,xception,ffpp_source_safe,test,0,real,0.1246940866112709,0.4307548701763153,0
faceforensics/real/470/000003.jpg,xception,ffpp_source_safe,test,0,real,0.9800885319709778,0.4307548701763153,1
faceforensics/real/470/000004.jpg,xception,ffpp_source_safe,test,0,real,0.41113799810409546,0.4307548701763153,0
faceforensics/real/470/000005.jpg,xception,ffpp_source_safe,test,0,real,0.059000786393880844,0.4307548701763153,0
faceforensics/real/470/000006.jpg,xception,ffpp_source_safe,test,0,real,0.3590977191925049,0.4307548701763153,0
faceforensics/real/470/000007.jpg,xception,ffpp_source_safe,test,0,real,0.8968958854675293,0.4307548701763153,1
faceforensics/real/470/000008.jpg,xception,ffpp_source_safe,test,0,real,0.24847392737865448,0.4307548701763153,0
faceforensics/real/470/000009.jpg,xception,ffpp_source_safe,test,0,real,0.20955029129981995,0.4307548701763153,0
faceforensics/real/470/000010.jpg,xception,ffpp_source_safe,test,0,real,0.02655806392431259,0.4307548701763153,0
faceforensics/real/470/000011.jpg,xception,ffpp_source_safe,test,0,real,0.4775305986404419,0.4307548701763153,1
faceforensics/real/470/000012.jpg,xception,ffpp_source_safe,test,0,real,0.011560765095055103,0.4307548701763153,0
faceforensics/real/470/000013.jpg,xception,ffpp_source_safe,test,0,real,0.10664838552474976,0.4307548701763153,0
faceforensics/real/470/000014.jpg,xception,ffpp_source_safe,test,0,real,0.16119574010372162,0.4307548701763153,0
faceforensics/real/470/000015.jpg,xception,ffpp_source_safe,test,0,real,0.03182408586144447,0.4307548701763153,0
faceforensics/real/470/000016.jpg,xception,ffpp_source_safe,test,0,real,0.8560245037078857,0.4307548701763153,1
faceforensics/real/470/000017.jpg,xception,ffpp_source_safe,test,0,real,0.004557792562991381,0.4307548701763153,0
faceforensics/real/470/000018.jpg,xception,ffpp_source_safe,test,0,real,0.46663665771484375,0.4307548701763153,1
faceforensics/real/470/000019.jpg,xception,ffpp_source_safe,test,0,real,0.5202781558036804,0.4307548701763153,1
faceforensics/real/470/000020.jpg,xception,ffpp_source_safe,test,0,real,0.41727301478385925,0.4307548701763153,0
faceforensics/real/470/000021.jpg,xception,ffpp_source_safe,test,0,real,0.18215768039226532,0.4307548701763153,0
faceforensics/real/470/000022.jpg,xception,ffpp_source_safe,test,0,real,0.03594097122550011,0.4307548701763153,0
faceforensics/real/470/000023.jpg,xception,ffpp_source_safe,test,0,real,0.16580453515052795,0.4307548701763153,0
faceforensics/real/470/000024.jpg,xception,ffpp_source_safe,test,0,real,0.016057653352618217,0.4307548701763153,0
faceforensics/real/470/000025.jpg,xception,ffpp_source_safe,test,0,real,0.030465232208371162,0.4307548701763153,0
faceforensics/real/470/000026.jpg,xception,ffpp_source_safe,test,0,real,0.0012321092654019594,0.4307548701763153,0
faceforensics/real/470/000027.jpg,xception,ffpp_source_safe,test,0,real,0.002466152422130108,0.4307548701763153,0
faceforensics/real/470/000028.jpg,xception,ffpp_source_safe,test,0,real,0.038000207394361496,0.4307548701763153,0
faceforensics/real/470/000029.jpg,xception,ffpp_source_safe,test,0,real,0.03323083743453026,0.4307548701763153,0
faceforensics/real/488/000000.jpg,xception,ffpp_source_safe,test,0,real,0.17096088826656342,0.4307548701763153,0
faceforensics/real/488/000001.jpg,xception,ffpp_source_safe,test,0,real,0.008818170055747032,0.4307548701763153,0
faceforensics/real/488/000002.jpg,xception,ffpp_source_safe,test,0,real,0.0010396071011200547,0.4307548701763153,0
faceforensics/real/488/000003.jpg,xception,ffpp_source_safe,test,0,real,0.016245072707533836,0.4307548701763153,0
faceforensics/real/488/000004.jpg,xception,ffpp_source_safe,test,0,real,0.09489677846431732,0.4307548701763153,0
faceforensics/real/488/000005.jpg,xception,ffpp_source_safe,test,0,real,0.9988269209861755,0.4307548701763153,1
faceforensics/real/488/000006.jpg,xception,ffpp_source_safe,test,0,real,0.011435882188379765,0.4307548701763153,0
faceforensics/real/488/000007.jpg,xception,ffpp_source_safe,test,0,real,0.015267054550349712,0.4307548701763153,0
faceforensics/real/488/000008.jpg,xception,ffpp_source_safe,test,0,real,0.5240094661712646,0.4307548701763153,1
faceforensics/real/488/000009.jpg,xception,ffpp_source_safe,test,0,real,0.004129829816520214,0.4307548701763153,0
faceforensics/real/488/000010.jpg,xception,ffpp_source_safe,test,0,real,0.434514582157135,0.4307548701763153,1
faceforensics/real/488/000011.jpg,xception,ffpp_source_safe,test,0,real,0.13645733892917633,0.4307548701763153,0
faceforensics/real/488/000012.jpg,xception,ffpp_source_safe,test,0,real,0.9536985158920288,0.4307548701763153,1
faceforensics/real/488/000013.jpg,xception,ffpp_source_safe,test,0,real,0.010082406923174858,0.4307548701763153,0
faceforensics/real/488/000014.jpg,xception,ffpp_source_safe,test,0,real,0.7443121671676636,0.4307548701763153,1
faceforensics/real/488/000015.jpg,xception,ffpp_source_safe,test,0,real,0.0938197523355484,0.4307548701763153,0
faceforensics/real/488/000016.jpg,xception,ffpp_source_safe,test,0,real,0.8640398979187012,0.4307548701763153,1
faceforensics/real/488/000017.jpg,xception,ffpp_source_safe,test,0,real,0.7134140729904175,0.4307548701763153,1
faceforensics/real/488/000018.jpg,xception,ffpp_source_safe,test,0,real,0.01897440105676651,0.4307548701763153,0
faceforensics/real/488/000019.jpg,xception,ffpp_source_safe,test,0,real,0.7335419654846191,0.4307548701763153,1
faceforensics/real/488/000020.jpg,xception,ffpp_source_safe,test,0,real,0.657038152217865,0.4307548701763153,1
faceforensics/real/488/000021.jpg,xception,ffpp_source_safe,test,0,real,0.29071083664894104,0.4307548701763153,0
faceforensics/real/488/000022.jpg,xception,ffpp_source_safe,test,0,real,0.700078547000885,0.4307548701763153,1
faceforensics/real/488/000023.jpg,xception,ffpp_source_safe,test,0,real,0.0019182813121005893,0.4307548701763153,0
faceforensics/real/488/000024.jpg,xception,ffpp_source_safe,test,0,real,0.18415296077728271,0.4307548701763153,0
faceforensics/real/488/000025.jpg,xception,ffpp_source_safe,test,0,real,0.1921677589416504,0.4307548701763153,0
faceforensics/real/488/000026.jpg,xception,ffpp_source_safe,test,0,real,0.009265084750950336,0.4307548701763153,0
faceforensics/real/488/000027.jpg,xception,ffpp_source_safe,test,0,real,0.15823152661323547,0.4307548701763153,0
faceforensics/real/488/000028.jpg,xception,ffpp_source_safe,test,0,real,0.9674587249755859,0.4307548701763153,1
faceforensics/real/488/000029.jpg,xception,ffpp_source_safe,test,0,real,0.9675999879837036,0.4307548701763153,1
faceforensics/real/554/000000.jpg,xception,ffpp_source_safe,test,0,real,0.04669473320245743,0.4307548701763153,0
faceforensics/real/554/000001.jpg,xception,ffpp_source_safe,test,0,real,0.13734707236289978,0.4307548701763153,0
faceforensics/real/554/000002.jpg,xception,ffpp_source_safe,test,0,real,0.3351183533668518,0.4307548701763153,0
faceforensics/real/554/000003.jpg,xception,ffpp_source_safe,test,0,real,0.00844542682170868,0.4307548701763153,0
faceforensics/real/554/000004.jpg,xception,ffpp_source_safe,test,0,real,0.00568275386467576,0.4307548701763153,0
faceforensics/real/554/000005.jpg,xception,ffpp_source_safe,test,0,real,0.7295712828636169,0.4307548701763153,1
faceforensics/real/554/000006.jpg,xception,ffpp_source_safe,test,0,real,0.9877150058746338,0.4307548701763153,1
faceforensics/real/554/000007.jpg,xception,ffpp_source_safe,test,0,real,0.9430648684501648,0.4307548701763153,1
faceforensics/real/554/000008.jpg,xception,ffpp_source_safe,test,0,real,0.7698969841003418,0.4307548701763153,1
faceforensics/real/554/000009.jpg,xception,ffpp_source_safe,test,0,real,0.3973958194255829,0.4307548701763153,0
faceforensics/real/554/000010.jpg,xception,ffpp_source_safe,test,0,real,0.16976699233055115,0.4307548701763153,0
faceforensics/real/554/000011.jpg,xception,ffpp_source_safe,test,0,real,0.05725603923201561,0.4307548701763153,0
faceforensics/real/554/000012.jpg,xception,ffpp_source_safe,test,0,real,0.04469851776957512,0.4307548701763153,0
faceforensics/real/554/000013.jpg,xception,ffpp_source_safe,test,0,real,0.14437934756278992,0.4307548701763153,0
faceforensics/real/554/000014.jpg,xception,ffpp_source_safe,test,0,real,0.08159604668617249,0.4307548701763153,0
faceforensics/real/554/000015.jpg,xception,ffpp_source_safe,test,0,real,0.21288557350635529,0.4307548701763153,0
faceforensics/real/554/000016.jpg,xception,ffpp_source_safe,test,0,real,0.88856440782547,0.4307548701763153,1
faceforensics/real/554/000017.jpg,xception,ffpp_source_safe,test,0,real,0.09694670885801315,0.4307548701763153,0
faceforensics/real/554/000018.jpg,xception,ffpp_source_safe,test,0,real,0.03121405467391014,0.4307548701763153,0
faceforensics/real/554/000019.jpg,xception,ffpp_source_safe,test,0,real,0.050574492663145065,0.4307548701763153,0
faceforensics/real/554/000020.jpg,xception,ffpp_source_safe,test,0,real,0.31009477376937866,0.4307548701763153,0
faceforensics/real/554/000021.jpg,xception,ffpp_source_safe,test,0,real,0.06960718333721161,0.4307548701763153,0
faceforensics/real/554/000022.jpg,xception,ffpp_source_safe,test,0,real,0.2435535043478012,0.4307548701763153,0
faceforensics/real/554/000023.jpg,xception,ffpp_source_safe,test,0,real,0.4913378953933716,0.4307548701763153,1
faceforensics/real/554/000024.jpg,xception,ffpp_source_safe,test,0,real,0.035130247473716736,0.4307548701763153,0
faceforensics/real/554/000025.jpg,xception,ffpp_source_safe,test,0,real,0.034348927438259125,0.4307548701763153,0
faceforensics/real/554/000026.jpg,xception,ffpp_source_safe,test,0,real,0.024690179154276848,0.4307548701763153,0
faceforensics/real/554/000027.jpg,xception,ffpp_source_safe,test,0,real,0.1185736283659935,0.4307548701763153,0
faceforensics/real/554/000028.jpg,xception,ffpp_source_safe,test,0,real,0.5713465809822083,0.4307548701763153,1
faceforensics/real/554/000029.jpg,xception,ffpp_source_safe,test,0,real,0.3636304438114166,0.4307548701763153,0
faceforensics/real/598/000000.jpg,xception,ffpp_source_safe,test,0,real,0.9957751631736755,0.4307548701763153,1
faceforensics/real/598/000001.jpg,xception,ffpp_source_safe,test,0,real,0.9954753518104553,0.4307548701763153,1
faceforensics/real/598/000002.jpg,xception,ffpp_source_safe,test,0,real,0.9906947612762451,0.4307548701763153,1
faceforensics/real/598/000003.jpg,xception,ffpp_source_safe,test,0,real,0.9828811883926392,0.4307548701763153,1
faceforensics/real/598/000004.jpg,xception,ffpp_source_safe,test,0,real,0.9804579615592957,0.4307548701763153,1
faceforensics/real/598/000005.jpg,xception,ffpp_source_safe,test,0,real,0.4918126165866852,0.4307548701763153,1
faceforensics/real/598/000006.jpg,xception,ffpp_source_safe,test,0,real,0.9575293064117432,0.4307548701763153,1
faceforensics/real/598/000007.jpg,xception,ffpp_source_safe,test,0,real,0.9772815108299255,0.4307548701763153,1
faceforensics/real/598/000008.jpg,xception,ffpp_source_safe,test,0,real,0.9578787684440613,0.4307548701763153,1
faceforensics/real/598/000009.jpg,xception,ffpp_source_safe,test,0,real,0.9930986762046814,0.4307548701763153,1
faceforensics/real/598/000010.jpg,xception,ffpp_source_safe,test,0,real,0.9977197051048279,0.4307548701763153,1
faceforensics/real/598/000011.jpg,xception,ffpp_source_safe,test,0,real,0.955935001373291,0.4307548701763153,1
faceforensics/real/598/000012.jpg,xception,ffpp_source_safe,test,0,real,0.9984498023986816,0.4307548701763153,1
faceforensics/real/598/000013.jpg,xception,ffpp_source_safe,test,0,real,0.9914191961288452,0.4307548701763153,1
faceforensics/real/598/000014.jpg,xception,ffpp_source_safe,test,0,real,0.958640456199646,0.4307548701763153,1
faceforensics/real/598/000015.jpg,xception,ffpp_source_safe,test,0,real,0.999457061290741,0.4307548701763153,1
faceforensics/real/598/000016.jpg,xception,ffpp_source_safe,test,0,real,0.998875081539154,0.4307548701763153,1
faceforensics/real/598/000017.jpg,xception,ffpp_source_safe,test,0,real,0.6381906867027283,0.4307548701763153,1
faceforensics/real/598/000018.jpg,xception,ffpp_source_safe,test,0,real,0.9935421943664551,0.4307548701763153,1
faceforensics/real/598/000019.jpg,xception,ffpp_source_safe,test,0,real,0.9988260865211487,0.4307548701763153,1
faceforensics/real/598/000020.jpg,xception,ffpp_source_safe,test,0,real,0.9968523383140564,0.4307548701763153,1
faceforensics/real/598/000021.jpg,xception,ffpp_source_safe,test,0,real,0.926083505153656,0.4307548701763153,1
faceforensics/real/598/000022.jpg,xception,ffpp_source_safe,test,0,real,0.9690765738487244,0.4307548701763153,1
faceforensics/real/598/000023.jpg,xception,ffpp_source_safe,test,0,real,0.9827501773834229,0.4307548701763153,1
faceforensics/real/598/000024.jpg,xception,ffpp_source_safe,test,0,real,0.984687864780426,0.4307548701763153,1
faceforensics/real/598/000025.jpg,xception,ffpp_source_safe,test,0,real,0.9991012811660767,0.4307548701763153,1
faceforensics/real/598/000026.jpg,xception,ffpp_source_safe,test,0,real,0.9932370781898499,0.4307548701763153,1
faceforensics/real/598/000027.jpg,xception,ffpp_source_safe,test,0,real,0.991121768951416,0.4307548701763153,1
faceforensics/real/598/000028.jpg,xception,ffpp_source_safe,test,0,real,0.9668979048728943,0.4307548701763153,1
faceforensics/real/598/000029.jpg,xception,ffpp_source_safe,test,0,real,0.834629237651825,0.4307548701763153,1
faceforensics/real/599/000000.jpg,xception,ffpp_source_safe,test,0,real,0.37007054686546326,0.4307548701763153,0
faceforensics/real/599/000001.jpg,xception,ffpp_source_safe,test,0,real,0.7946203351020813,0.4307548701763153,1
faceforensics/real/599/000002.jpg,xception,ffpp_source_safe,test,0,real,0.10434841364622116,0.4307548701763153,0
faceforensics/real/599/000003.jpg,xception,ffpp_source_safe,test,0,real,0.1271698921918869,0.4307548701763153,0
faceforensics/real/599/000004.jpg,xception,ffpp_source_safe,test,0,real,0.8071075677871704,0.4307548701763153,1
faceforensics/real/599/000005.jpg,xception,ffpp_source_safe,test,0,real,0.988281786441803,0.4307548701763153,1
faceforensics/real/599/000006.jpg,xception,ffpp_source_safe,test,0,real,0.5175333023071289,0.4307548701763153,1
faceforensics/real/599/000007.jpg,xception,ffpp_source_safe,test,0,real,0.5859838724136353,0.4307548701763153,1
faceforensics/real/599/000008.jpg,xception,ffpp_source_safe,test,0,real,0.05706583708524704,0.4307548701763153,0
faceforensics/real/599/000009.jpg,xception,ffpp_source_safe,test,0,real,0.10345423221588135,0.4307548701763153,0
faceforensics/real/599/000010.jpg,xception,ffpp_source_safe,test,0,real,0.015347028151154518,0.4307548701763153,0
faceforensics/real/599/000011.jpg,xception,ffpp_source_safe,test,0,real,0.9982944130897522,0.4307548701763153,1
faceforensics/real/599/000012.jpg,xception,ffpp_source_safe,test,0,real,0.998665452003479,0.4307548701763153,1
faceforensics/real/599/000013.jpg,xception,ffpp_source_safe,test,0,real,0.876350998878479,0.4307548701763153,1
faceforensics/real/599/000014.jpg,xception,ffpp_source_safe,test,0,real,0.1351311206817627,0.4307548701763153,0
faceforensics/real/599/000015.jpg,xception,ffpp_source_safe,test,0,real,0.5047168135643005,0.4307548701763153,1
faceforensics/real/599/000016.jpg,xception,ffpp_source_safe,test,0,real,0.9613843560218811,0.4307548701763153,1
faceforensics/real/599/000017.jpg,xception,ffpp_source_safe,test,0,real,0.6844230890274048,0.4307548701763153,1
faceforensics/real/599/000018.jpg,xception,ffpp_source_safe,test,0,real,0.9956988096237183,0.4307548701763153,1
faceforensics/real/599/000019.jpg,xception,ffpp_source_safe,test,0,real,0.9738875031471252,0.4307548701763153,1
faceforensics/real/599/000020.jpg,xception,ffpp_source_safe,test,0,real,0.9963982105255127,0.4307548701763153,1
faceforensics/real/599/000021.jpg,xception,ffpp_source_safe,test,0,real,0.7754608392715454,0.4307548701763153,1
faceforensics/real/599/000022.jpg,xception,ffpp_source_safe,test,0,real,0.7430999875068665,0.4307548701763153,1
faceforensics/real/599/000023.jpg,xception,ffpp_source_safe,test,0,real,0.6551668047904968,0.4307548701763153,1
faceforensics/real/599/000024.jpg,xception,ffpp_source_safe,test,0,real,0.436483770608902,0.4307548701763153,1
faceforensics/real/599/000025.jpg,xception,ffpp_source_safe,test,0,real,0.8852153420448303,0.4307548701763153,1
faceforensics/real/599/000026.jpg,xception,ffpp_source_safe,test,0,real,0.505534291267395,0.4307548701763153,1
faceforensics/real/599/000027.jpg,xception,ffpp_source_safe,test,0,real,0.9517496228218079,0.4307548701763153,1
faceforensics/real/599/000028.jpg,xception,ffpp_source_safe,test,0,real,0.01124534010887146,0.4307548701763153,0
faceforensics/real/599/000029.jpg,xception,ffpp_source_safe,test,0,real,0.29001134634017944,0.4307548701763153,0
faceforensics/real/651/000000.jpg,xception,ffpp_source_safe,test,0,real,0.00013996934285387397,0.4307548701763153,0
faceforensics/real/651/000001.jpg,xception,ffpp_source_safe,test,0,real,0.0005060717230662704,0.4307548701763153,0
faceforensics/real/651/000002.jpg,xception,ffpp_source_safe,test,0,real,0.011436869390308857,0.4307548701763153,0
faceforensics/real/651/000003.jpg,xception,ffpp_source_safe,test,0,real,0.0008141769212670624,0.4307548701763153,0
faceforensics/real/651/000004.jpg,xception,ffpp_source_safe,test,0,real,0.00031436540302820504,0.4307548701763153,0
faceforensics/real/651/000005.jpg,xception,ffpp_source_safe,test,0,real,0.00133727234788239,0.4307548701763153,0
faceforensics/real/651/000006.jpg,xception,ffpp_source_safe,test,0,real,0.03613198921084404,0.4307548701763153,0
faceforensics/real/651/000007.jpg,xception,ffpp_source_safe,test,0,real,0.0015206561656668782,0.4307548701763153,0
faceforensics/real/651/000008.jpg,xception,ffpp_source_safe,test,0,real,0.00630706874653697,0.4307548701763153,0
faceforensics/real/651/000009.jpg,xception,ffpp_source_safe,test,0,real,0.0033675660379230976,0.4307548701763153,0
faceforensics/real/651/000010.jpg,xception,ffpp_source_safe,test,0,real,0.0015157393645495176,0.4307548701763153,0
faceforensics/real/651/000011.jpg,xception,ffpp_source_safe,test,0,real,0.008064237423241138,0.4307548701763153,0
faceforensics/real/651/000012.jpg,xception,ffpp_source_safe,test,0,real,0.00029019321664236486,0.4307548701763153,0
faceforensics/real/651/000013.jpg,xception,ffpp_source_safe,test,0,real,0.0018611665582284331,0.4307548701763153,0
faceforensics/real/651/000014.jpg,xception,ffpp_source_safe,test,0,real,0.000496786436997354,0.4307548701763153,0
faceforensics/real/651/000015.jpg,xception,ffpp_source_safe,test,0,real,0.008938951417803764,0.4307548701763153,0
faceforensics/real/651/000016.jpg,xception,ffpp_source_safe,test,0,real,0.3041774332523346,0.4307548701763153,0
faceforensics/real/651/000017.jpg,xception,ffpp_source_safe,test,0,real,0.002798521425575018,0.4307548701763153,0
faceforensics/real/651/000018.jpg,xception,ffpp_source_safe,test,0,real,0.0030615662690252066,0.4307548701763153,0
faceforensics/real/651/000019.jpg,xception,ffpp_source_safe,test,0,real,0.0029695541597902775,0.4307548701763153,0
faceforensics/real/651/000020.jpg,xception,ffpp_source_safe,test,0,real,0.004882935434579849,0.4307548701763153,0
faceforensics/real/651/000021.jpg,xception,ffpp_source_safe,test,0,real,0.011585790663957596,0.4307548701763153,0
faceforensics/real/651/000022.jpg,xception,ffpp_source_safe,test,0,real,0.0007230196497403085,0.4307548701763153,0
faceforensics/real/651/000023.jpg,xception,ffpp_source_safe,test,0,real,0.0006323770503513515,0.4307548701763153,0
faceforensics/real/651/000024.jpg,xception,ffpp_source_safe,test,0,real,0.00012176345626357943,0.4307548701763153,0
faceforensics/real/651/000025.jpg,xception,ffpp_source_safe,test,0,real,0.003930294420570135,0.4307548701763153,0
faceforensics/real/651/000026.jpg,xception,ffpp_source_safe,test,0,real,0.01876567304134369,0.4307548701763153,0
faceforensics/real/651/000027.jpg,xception,ffpp_source_safe,test,0,real,0.09674099832773209,0.4307548701763153,0
faceforensics/real/651/000028.jpg,xception,ffpp_source_safe,test,0,real,0.010826927609741688,0.4307548701763153,0
faceforensics/real/651/000029.jpg,xception,ffpp_source_safe,test,0,real,0.016905955970287323,0.4307548701763153,0
faceforensics/real/672/000000.jpg,xception,ffpp_source_safe,test,0,real,0.9042263031005859,0.4307548701763153,1
faceforensics/real/672/000001.jpg,xception,ffpp_source_safe,test,0,real,0.4328794479370117,0.4307548701763153,1
faceforensics/real/672/000002.jpg,xception,ffpp_source_safe,test,0,real,0.05503828451037407,0.4307548701763153,0
faceforensics/real/672/000003.jpg,xception,ffpp_source_safe,test,0,real,0.3693509101867676,0.4307548701763153,0
faceforensics/real/672/000004.jpg,xception,ffpp_source_safe,test,0,real,0.8293594717979431,0.4307548701763153,1
faceforensics/real/672/000005.jpg,xception,ffpp_source_safe,test,0,real,0.5945665836334229,0.4307548701763153,1
faceforensics/real/672/000006.jpg,xception,ffpp_source_safe,test,0,real,0.4546518325805664,0.4307548701763153,1
faceforensics/real/672/000007.jpg,xception,ffpp_source_safe,test,0,real,0.3760846257209778,0.4307548701763153,0
faceforensics/real/672/000008.jpg,xception,ffpp_source_safe,test,0,real,0.9724504947662354,0.4307548701763153,1
faceforensics/real/672/000009.jpg,xception,ffpp_source_safe,test,0,real,0.569983959197998,0.4307548701763153,1
faceforensics/real/672/000010.jpg,xception,ffpp_source_safe,test,0,real,0.9268556237220764,0.4307548701763153,1
faceforensics/real/672/000011.jpg,xception,ffpp_source_safe,test,0,real,0.21331705152988434,0.4307548701763153,0
faceforensics/real/672/000012.jpg,xception,ffpp_source_safe,test,0,real,0.7606244683265686,0.4307548701763153,1
faceforensics/real/672/000013.jpg,xception,ffpp_source_safe,test,0,real,0.7057143449783325,0.4307548701763153,1
faceforensics/real/672/000014.jpg,xception,ffpp_source_safe,test,0,real,0.956903338432312,0.4307548701763153,1
faceforensics/real/672/000015.jpg,xception,ffpp_source_safe,test,0,real,0.9112992286682129,0.4307548701763153,1
faceforensics/real/672/000016.jpg,xception,ffpp_source_safe,test,0,real,0.20355115830898285,0.4307548701763153,0
faceforensics/real/672/000017.jpg,xception,ffpp_source_safe,test,0,real,0.024433407932519913,0.4307548701763153,0
faceforensics/real/672/000018.jpg,xception,ffpp_source_safe,test,0,real,0.9904882907867432,0.4307548701763153,1
faceforensics/real/672/000019.jpg,xception,ffpp_source_safe,test,0,real,0.27361103892326355,0.4307548701763153,0
faceforensics/real/672/000020.jpg,xception,ffpp_source_safe,test,0,real,0.009590215981006622,0.4307548701763153,0
faceforensics/real/672/000021.jpg,xception,ffpp_source_safe,test,0,real,0.0904756709933281,0.4307548701763153,0
faceforensics/real/672/000022.jpg,xception,ffpp_source_safe,test,0,real,0.2558887302875519,0.4307548701763153,0
faceforensics/real/672/000023.jpg,xception,ffpp_source_safe,test,0,real,0.020359845831990242,0.4307548701763153,0
faceforensics/real/672/000024.jpg,xception,ffpp_source_safe,test,0,real,0.8487496376037598,0.4307548701763153,1
faceforensics/real/672/000025.jpg,xception,ffpp_source_safe,test,0,real,0.2723216712474823,0.4307548701763153,0
faceforensics/real/672/000026.jpg,xception,ffpp_source_safe,test,0,real,0.06325944513082504,0.4307548701763153,0
faceforensics/real/672/000027.jpg,xception,ffpp_source_safe,test,0,real,0.7473130226135254,0.4307548701763153,1
faceforensics/real/672/000028.jpg,xception,ffpp_source_safe,test,0,real,0.14389939606189728,0.4307548701763153,0
faceforensics/real/672/000029.jpg,xception,ffpp_source_safe,test,0,real,0.7119072675704956,0.4307548701763153,1
faceforensics/real/677/000000.jpg,xception,ffpp_source_safe,test,0,real,0.1183876097202301,0.4307548701763153,0
faceforensics/real/677/000001.jpg,xception,ffpp_source_safe,test,0,real,0.004183550830930471,0.4307548701763153,0
faceforensics/real/677/000002.jpg,xception,ffpp_source_safe,test,0,real,0.045041508972644806,0.4307548701763153,0
faceforensics/real/677/000003.jpg,xception,ffpp_source_safe,test,0,real,0.2695148289203644,0.4307548701763153,0
faceforensics/real/677/000004.jpg,xception,ffpp_source_safe,test,0,real,0.008057020604610443,0.4307548701763153,0
faceforensics/real/677/000005.jpg,xception,ffpp_source_safe,test,0,real,0.0025868399534374475,0.4307548701763153,0
faceforensics/real/677/000006.jpg,xception,ffpp_source_safe,test,0,real,0.006461674347519875,0.4307548701763153,0
faceforensics/real/677/000007.jpg,xception,ffpp_source_safe,test,0,real,0.7940074801445007,0.4307548701763153,1
faceforensics/real/677/000008.jpg,xception,ffpp_source_safe,test,0,real,0.012491446919739246,0.4307548701763153,0
faceforensics/real/677/000009.jpg,xception,ffpp_source_safe,test,0,real,0.015597514808177948,0.4307548701763153,0
faceforensics/real/677/000010.jpg,xception,ffpp_source_safe,test,0,real,0.0016402712790295482,0.4307548701763153,0
faceforensics/real/677/000011.jpg,xception,ffpp_source_safe,test,0,real,0.0011409465223550797,0.4307548701763153,0
faceforensics/real/677/000012.jpg,xception,ffpp_source_safe,test,0,real,0.17017962038516998,0.4307548701763153,0
faceforensics/real/677/000013.jpg,xception,ffpp_source_safe,test,0,real,0.6705532670021057,0.4307548701763153,1
faceforensics/real/677/000014.jpg,xception,ffpp_source_safe,test,0,real,0.025200527161359787,0.4307548701763153,0
faceforensics/real/677/000015.jpg,xception,ffpp_source_safe,test,0,real,0.12475114315748215,0.4307548701763153,0
faceforensics/real/677/000016.jpg,xception,ffpp_source_safe,test,0,real,0.46123266220092773,0.4307548701763153,1
faceforensics/real/677/000017.jpg,xception,ffpp_source_safe,test,0,real,0.034360237419605255,0.4307548701763153,0
faceforensics/real/677/000018.jpg,xception,ffpp_source_safe,test,0,real,0.31172826886177063,0.4307548701763153,0
faceforensics/real/677/000019.jpg,xception,ffpp_source_safe,test,0,real,0.11665480583906174,0.4307548701763153,0
faceforensics/real/677/000020.jpg,xception,ffpp_source_safe,test,0,real,0.3431919515132904,0.4307548701763153,0
faceforensics/real/677/000021.jpg,xception,ffpp_source_safe,test,0,real,0.5304725766181946,0.4307548701763153,1
faceforensics/real/677/000022.jpg,xception,ffpp_source_safe,test,0,real,0.9805702567100525,0.4307548701763153,1
faceforensics/real/677/000023.jpg,xception,ffpp_source_safe,test,0,real,0.671906054019928,0.4307548701763153,1
faceforensics/real/677/000024.jpg,xception,ffpp_source_safe,test,0,real,0.8276964426040649,0.4307548701763153,1
faceforensics/real/677/000025.jpg,xception,ffpp_source_safe,test,0,real,0.983805775642395,0.4307548701763153,1
faceforensics/real/677/000026.jpg,xception,ffpp_source_safe,test,0,real,0.9486364126205444,0.4307548701763153,1
faceforensics/real/677/000027.jpg,xception,ffpp_source_safe,test,0,real,0.982853889465332,0.4307548701763153,1
faceforensics/real/677/000028.jpg,xception,ffpp_source_safe,test,0,real,0.8636373281478882,0.4307548701763153,1
faceforensics/real/677/000029.jpg,xception,ffpp_source_safe,test,0,real,0.9668219089508057,0.4307548701763153,1
faceforensics/real/683/000000.jpg,xception,ffpp_source_safe,test,0,real,0.002472488908097148,0.4307548701763153,0
faceforensics/real/683/000001.jpg,xception,ffpp_source_safe,test,0,real,0.008172249421477318,0.4307548701763153,0
faceforensics/real/683/000002.jpg,xception,ffpp_source_safe,test,0,real,0.12381403893232346,0.4307548701763153,0
faceforensics/real/683/000003.jpg,xception,ffpp_source_safe,test,0,real,0.05529606714844704,0.4307548701763153,0
faceforensics/real/683/000004.jpg,xception,ffpp_source_safe,test,0,real,0.002747312420979142,0.4307548701763153,0
faceforensics/real/683/000005.jpg,xception,ffpp_source_safe,test,0,real,0.04602939635515213,0.4307548701763153,0
faceforensics/real/683/000006.jpg,xception,ffpp_source_safe,test,0,real,0.00864144042134285,0.4307548701763153,0
faceforensics/real/683/000007.jpg,xception,ffpp_source_safe,test,0,real,0.01526752021163702,0.4307548701763153,0
faceforensics/real/683/000008.jpg,xception,ffpp_source_safe,test,0,real,0.04442272335290909,0.4307548701763153,0
faceforensics/real/683/000009.jpg,xception,ffpp_source_safe,test,0,real,0.006212013307958841,0.4307548701763153,0
faceforensics/real/683/000010.jpg,xception,ffpp_source_safe,test,0,real,0.009299371391534805,0.4307548701763153,0
faceforensics/real/683/000011.jpg,xception,ffpp_source_safe,test,0,real,0.08630723506212234,0.4307548701763153,0
faceforensics/real/683/000012.jpg,xception,ffpp_source_safe,test,0,real,0.2593681216239929,0.4307548701763153,0
faceforensics/real/683/000013.jpg,xception,ffpp_source_safe,test,0,real,0.005130432080477476,0.4307548701763153,0
faceforensics/real/683/000014.jpg,xception,ffpp_source_safe,test,0,real,0.006522193551063538,0.4307548701763153,0
faceforensics/real/683/000015.jpg,xception,ffpp_source_safe,test,0,real,0.007938692346215248,0.4307548701763153,0
faceforensics/real/683/000016.jpg,xception,ffpp_source_safe,test,0,real,0.7773327231407166,0.4307548701763153,1
faceforensics/real/683/000017.jpg,xception,ffpp_source_safe,test,0,real,0.05984694883227348,0.4307548701763153,0
faceforensics/real/683/000018.jpg,xception,ffpp_source_safe,test,0,real,0.2178635597229004,0.4307548701763153,0
faceforensics/real/683/000019.jpg,xception,ffpp_source_safe,test,0,real,0.06973683834075928,0.4307548701763153,0
faceforensics/real/683/000020.jpg,xception,ffpp_source_safe,test,0,real,0.001496418146416545,0.4307548701763153,0
faceforensics/real/683/000021.jpg,xception,ffpp_source_safe,test,0,real,0.028232626616954803,0.4307548701763153,0
faceforensics/real/683/000022.jpg,xception,ffpp_source_safe,test,0,real,0.11401757597923279,0.4307548701763153,0
faceforensics/real/683/000023.jpg,xception,ffpp_source_safe,test,0,real,0.009258884936571121,0.4307548701763153,0
faceforensics/real/683/000024.jpg,xception,ffpp_source_safe,test,0,real,0.005963284522294998,0.4307548701763153,0
faceforensics/real/683/000025.jpg,xception,ffpp_source_safe,test,0,real,0.02864954248070717,0.4307548701763153,0
faceforensics/real/683/000026.jpg,xception,ffpp_source_safe,test,0,real,0.047853078693151474,0.4307548701763153,0
faceforensics/real/683/000027.jpg,xception,ffpp_source_safe,test,0,real,0.0558481402695179,0.4307548701763153,0
faceforensics/real/683/000028.jpg,xception,ffpp_source_safe,test,0,real,0.09436751157045364,0.4307548701763153,0
faceforensics/real/683/000029.jpg,xception,ffpp_source_safe,test,0,real,0.01516205444931984,0.4307548701763153,0
faceforensics/real/719/000000.jpg,xception,ffpp_source_safe,test,0,real,0.000317861617077142,0.4307548701763153,0
faceforensics/real/719/000001.jpg,xception,ffpp_source_safe,test,0,real,0.01544017344713211,0.4307548701763153,0
faceforensics/real/719/000002.jpg,xception,ffpp_source_safe,test,0,real,0.00046902880421839654,0.4307548701763153,0
faceforensics/real/719/000003.jpg,xception,ffpp_source_safe,test,0,real,0.0034638906363397837,0.4307548701763153,0
faceforensics/real/719/000004.jpg,xception,ffpp_source_safe,test,0,real,0.01981501840054989,0.4307548701763153,0
faceforensics/real/719/000005.jpg,xception,ffpp_source_safe,test,0,real,0.06276785582304001,0.4307548701763153,0
faceforensics/real/719/000006.jpg,xception,ffpp_source_safe,test,0,real,0.0024767264258116484,0.4307548701763153,0
faceforensics/real/719/000007.jpg,xception,ffpp_source_safe,test,0,real,0.030559560284018517,0.4307548701763153,0
faceforensics/real/719/000008.jpg,xception,ffpp_source_safe,test,0,real,0.001627831137739122,0.4307548701763153,0
faceforensics/real/719/000009.jpg,xception,ffpp_source_safe,test,0,real,0.18096350133419037,0.4307548701763153,0
faceforensics/real/719/000010.jpg,xception,ffpp_source_safe,test,0,real,0.00018699619977269322,0.4307548701763153,0
faceforensics/real/719/000011.jpg,xception,ffpp_source_safe,test,0,real,6.67915737722069e-05,0.4307548701763153,0
faceforensics/real/719/000012.jpg,xception,ffpp_source_safe,test,0,real,0.0005578327691182494,0.4307548701763153,0
faceforensics/real/719/000013.jpg,xception,ffpp_source_safe,test,0,real,0.004525893833488226,0.4307548701763153,0
faceforensics/real/719/000014.jpg,xception,ffpp_source_safe,test,0,real,0.017432060092687607,0.4307548701763153,0
faceforensics/real/719/000015.jpg,xception,ffpp_source_safe,test,0,real,0.0010457639582455158,0.4307548701763153,0
faceforensics/real/719/000016.jpg,xception,ffpp_source_safe,test,0,real,0.021750859916210175,0.4307548701763153,0
faceforensics/real/719/000017.jpg,xception,ffpp_source_safe,test,0,real,0.027431810274720192,0.4307548701763153,0
faceforensics/real/719/000018.jpg,xception,ffpp_source_safe,test,0,real,0.1782618910074234,0.4307548701763153,0
faceforensics/real/719/000019.jpg,xception,ffpp_source_safe,test,0,real,0.000990784028545022,0.4307548701763153,0
faceforensics/real/719/000020.jpg,xception,ffpp_source_safe,test,0,real,0.0012762071564793587,0.4307548701763153,0
faceforensics/real/719/000021.jpg,xception,ffpp_source_safe,test,0,real,0.004791700281202793,0.4307548701763153,0
faceforensics/real/719/000022.jpg,xception,ffpp_source_safe,test,0,real,0.02964709885418415,0.4307548701763153,0
faceforensics/real/719/000023.jpg,xception,ffpp_source_safe,test,0,real,0.002389227971434593,0.4307548701763153,0
faceforensics/real/719/000024.jpg,xception,ffpp_source_safe,test,0,real,0.021686268970370293,0.4307548701763153,0
faceforensics/real/719/000025.jpg,xception,ffpp_source_safe,test,0,real,0.0005374446045607328,0.4307548701763153,0
faceforensics/real/719/000026.jpg,xception,ffpp_source_safe,test,0,real,0.00988276768475771,0.4307548701763153,0
faceforensics/real/719/000027.jpg,xception,ffpp_source_safe,test,0,real,0.03351219743490219,0.4307548701763153,0
faceforensics/real/719/000028.jpg,xception,ffpp_source_safe,test,0,real,0.7717222571372986,0.4307548701763153,1
faceforensics/real/719/000029.jpg,xception,ffpp_source_safe,test,0,real,0.05866456776857376,0.4307548701763153,0
faceforensics/real/737/000000.jpg,xception,ffpp_source_safe,test,0,real,0.015427231788635254,0.4307548701763153,0
faceforensics/real/737/000001.jpg,xception,ffpp_source_safe,test,0,real,0.000813700258731842,0.4307548701763153,0
faceforensics/real/737/000002.jpg,xception,ffpp_source_safe,test,0,real,5.8996967709390447e-05,0.4307548701763153,0
faceforensics/real/737/000003.jpg,xception,ffpp_source_safe,test,0,real,4.8616893764119595e-05,0.4307548701763153,0
faceforensics/real/737/000004.jpg,xception,ffpp_source_safe,test,0,real,0.00034954873262904584,0.4307548701763153,0
faceforensics/real/737/000005.jpg,xception,ffpp_source_safe,test,0,real,0.008819050155580044,0.4307548701763153,0
faceforensics/real/737/000006.jpg,xception,ffpp_source_safe,test,0,real,0.0029589433688670397,0.4307548701763153,0
faceforensics/real/737/000007.jpg,xception,ffpp_source_safe,test,0,real,0.011103866621851921,0.4307548701763153,0
faceforensics/real/737/000008.jpg,xception,ffpp_source_safe,test,0,real,0.003184901550412178,0.4307548701763153,0
faceforensics/real/737/000009.jpg,xception,ffpp_source_safe,test,0,real,0.00048560689901933074,0.4307548701763153,0
faceforensics/real/737/000010.jpg,xception,ffpp_source_safe,test,0,real,0.0038475010078400373,0.4307548701763153,0
faceforensics/real/737/000011.jpg,xception,ffpp_source_safe,test,0,real,0.009953165426850319,0.4307548701763153,0
faceforensics/real/737/000012.jpg,xception,ffpp_source_safe,test,0,real,0.008461606688797474,0.4307548701763153,0
faceforensics/real/737/000013.jpg,xception,ffpp_source_safe,test,0,real,0.00099743262398988,0.4307548701763153,0
faceforensics/real/737/000014.jpg,xception,ffpp_source_safe,test,0,real,0.0009173182770609856,0.4307548701763153,0
faceforensics/real/737/000015.jpg,xception,ffpp_source_safe,test,0,real,0.001350741251371801,0.4307548701763153,0
faceforensics/real/737/000016.jpg,xception,ffpp_source_safe,test,0,real,0.009747783653438091,0.4307548701763153,0
faceforensics/real/737/000017.jpg,xception,ffpp_source_safe,test,0,real,0.0148857980966568,0.4307548701763153,0
faceforensics/real/737/000018.jpg,xception,ffpp_source_safe,test,0,real,0.004283043555915356,0.4307548701763153,0
faceforensics/real/737/000019.jpg,xception,ffpp_source_safe,test,0,real,0.042537588626146317,0.4307548701763153,0
faceforensics/real/737/000020.jpg,xception,ffpp_source_safe,test,0,real,0.11495264619588852,0.4307548701763153,0
faceforensics/real/737/000021.jpg,xception,ffpp_source_safe,test,0,real,0.0005613768007606268,0.4307548701763153,0
faceforensics/real/737/000022.jpg,xception,ffpp_source_safe,test,0,real,0.008592343889176846,0.4307548701763153,0
faceforensics/real/737/000023.jpg,xception,ffpp_source_safe,test,0,real,0.003787094261497259,0.4307548701763153,0
faceforensics/real/737/000024.jpg,xception,ffpp_source_safe,test,0,real,0.00019487481040414423,0.4307548701763153,0
faceforensics/real/737/000025.jpg,xception,ffpp_source_safe,test,0,real,0.0004342230095062405,0.4307548701763153,0
faceforensics/real/737/000026.jpg,xception,ffpp_source_safe,test,0,real,0.009495041333138943,0.4307548701763153,0
faceforensics/real/737/000027.jpg,xception,ffpp_source_safe,test,0,real,0.014324449002742767,0.4307548701763153,0
faceforensics/real/737/000028.jpg,xception,ffpp_source_safe,test,0,real,0.0036669925320893526,0.4307548701763153,0
faceforensics/real/737/000029.jpg,xception,ffpp_source_safe,test,0,real,0.009016264230012894,0.4307548701763153,0
faceforensics/real/779/000000.jpg,xception,ffpp_source_safe,test,0,real,1.7154936358565465e-05,0.4307548701763153,0
faceforensics/real/779/000001.jpg,xception,ffpp_source_safe,test,0,real,7.181970431702211e-05,0.4307548701763153,0
faceforensics/real/779/000002.jpg,xception,ffpp_source_safe,test,0,real,0.0002195006381953135,0.4307548701763153,0
faceforensics/real/779/000003.jpg,xception,ffpp_source_safe,test,0,real,0.0004357161233201623,0.4307548701763153,0
faceforensics/real/779/000004.jpg,xception,ffpp_source_safe,test,0,real,5.1762122893705964e-05,0.4307548701763153,0
faceforensics/real/779/000005.jpg,xception,ffpp_source_safe,test,0,real,0.0005976271932013333,0.4307548701763153,0
faceforensics/real/779/000006.jpg,xception,ffpp_source_safe,test,0,real,0.005053585395216942,0.4307548701763153,0
faceforensics/real/779/000007.jpg,xception,ffpp_source_safe,test,0,real,0.000379183009499684,0.4307548701763153,0
faceforensics/real/779/000008.jpg,xception,ffpp_source_safe,test,0,real,0.00010342716268496588,0.4307548701763153,0
faceforensics/real/779/000009.jpg,xception,ffpp_source_safe,test,0,real,0.00013987580314278603,0.4307548701763153,0
faceforensics/real/779/000010.jpg,xception,ffpp_source_safe,test,0,real,8.039538079174235e-05,0.4307548701763153,0
faceforensics/real/779/000011.jpg,xception,ffpp_source_safe,test,0,real,0.0002769745187833905,0.4307548701763153,0
faceforensics/real/779/000012.jpg,xception,ffpp_source_safe,test,0,real,0.0009089494706131518,0.4307548701763153,0
faceforensics/real/779/000013.jpg,xception,ffpp_source_safe,test,0,real,0.0003318169037811458,0.4307548701763153,0
faceforensics/real/779/000014.jpg,xception,ffpp_source_safe,test,0,real,0.00010461359488544986,0.4307548701763153,0
faceforensics/real/779/000015.jpg,xception,ffpp_source_safe,test,0,real,2.901465632021427e-05,0.4307548701763153,0
faceforensics/real/779/000016.jpg,xception,ffpp_source_safe,test,0,real,0.00010149811714654788,0.4307548701763153,0
faceforensics/real/779/000017.jpg,xception,ffpp_source_safe,test,0,real,0.00021936213306616992,0.4307548701763153,0
faceforensics/real/779/000018.jpg,xception,ffpp_source_safe,test,0,real,7.34453133190982e-05,0.4307548701763153,0
faceforensics/real/779/000019.jpg,xception,ffpp_source_safe,test,0,real,8.758949115872383e-05,0.4307548701763153,0
faceforensics/real/779/000020.jpg,xception,ffpp_source_safe,test,0,real,0.00012595008593052626,0.4307548701763153,0
faceforensics/real/779/000021.jpg,xception,ffpp_source_safe,test,0,real,9.763529669726267e-05,0.4307548701763153,0
faceforensics/real/779/000022.jpg,xception,ffpp_source_safe,test,0,real,0.02575908787548542,0.4307548701763153,0
faceforensics/real/779/000023.jpg,xception,ffpp_source_safe,test,0,real,0.00041917088674381375,0.4307548701763153,0
faceforensics/real/779/000024.jpg,xception,ffpp_source_safe,test,0,real,4.997053838451393e-05,0.4307548701763153,0
faceforensics/real/779/000025.jpg,xception,ffpp_source_safe,test,0,real,0.00031675686477683485,0.4307548701763153,0
faceforensics/real/779/000026.jpg,xception,ffpp_source_safe,test,0,real,0.0016249330947175622,0.4307548701763153,0
faceforensics/real/779/000027.jpg,xception,ffpp_source_safe,test,0,real,0.0012378259561955929,0.4307548701763153,0
faceforensics/real/779/000028.jpg,xception,ffpp_source_safe,test,0,real,0.0005852889153175056,0.4307548701763153,0
faceforensics/real/779/000029.jpg,xception,ffpp_source_safe,test,0,real,0.004451089538633823,0.4307548701763153,0
faceforensics/real/835/000000.jpg,xception,ffpp_source_safe,test,0,real,0.9955370426177979,0.4307548701763153,1
faceforensics/real/835/000001.jpg,xception,ffpp_source_safe,test,0,real,0.022783925756812096,0.4307548701763153,0
faceforensics/real/835/000002.jpg,xception,ffpp_source_safe,test,0,real,0.09383019804954529,0.4307548701763153,0
faceforensics/real/835/000003.jpg,xception,ffpp_source_safe,test,0,real,0.9925217032432556,0.4307548701763153,1
faceforensics/real/835/000004.jpg,xception,ffpp_source_safe,test,0,real,0.3922683894634247,0.4307548701763153,0
faceforensics/real/835/000005.jpg,xception,ffpp_source_safe,test,0,real,0.033041585236787796,0.4307548701763153,0
faceforensics/real/835/000006.jpg,xception,ffpp_source_safe,test,0,real,0.4217420816421509,0.4307548701763153,0
faceforensics/real/835/000007.jpg,xception,ffpp_source_safe,test,0,real,0.03454887494444847,0.4307548701763153,0
faceforensics/real/835/000008.jpg,xception,ffpp_source_safe,test,0,real,0.04233119264245033,0.4307548701763153,0
faceforensics/real/835/000009.jpg,xception,ffpp_source_safe,test,0,real,0.05521654710173607,0.4307548701763153,0
faceforensics/real/835/000010.jpg,xception,ffpp_source_safe,test,0,real,0.5817351341247559,0.4307548701763153,1
faceforensics/real/835/000011.jpg,xception,ffpp_source_safe,test,0,real,0.6094272136688232,0.4307548701763153,1
faceforensics/real/835/000012.jpg,xception,ffpp_source_safe,test,0,real,0.9516704082489014,0.4307548701763153,1
faceforensics/real/835/000013.jpg,xception,ffpp_source_safe,test,0,real,0.4420408010482788,0.4307548701763153,1
faceforensics/real/835/000014.jpg,xception,ffpp_source_safe,test,0,real,0.9802111983299255,0.4307548701763153,1
faceforensics/real/835/000015.jpg,xception,ffpp_source_safe,test,0,real,0.16672392189502716,0.4307548701763153,0
faceforensics/real/835/000016.jpg,xception,ffpp_source_safe,test,0,real,0.5138968825340271,0.4307548701763153,1
faceforensics/real/835/000017.jpg,xception,ffpp_source_safe,test,0,real,0.1146765723824501,0.4307548701763153,0
faceforensics/real/835/000018.jpg,xception,ffpp_source_safe,test,0,real,0.8667652606964111,0.4307548701763153,1
faceforensics/real/835/000019.jpg,xception,ffpp_source_safe,test,0,real,0.24000662565231323,0.4307548701763153,0
faceforensics/real/835/000020.jpg,xception,ffpp_source_safe,test,0,real,0.8642576932907104,0.4307548701763153,1
faceforensics/real/835/000021.jpg,xception,ffpp_source_safe,test,0,real,0.5635141730308533,0.4307548701763153,1
faceforensics/real/835/000022.jpg,xception,ffpp_source_safe,test,0,real,0.7321892976760864,0.4307548701763153,1
faceforensics/real/835/000023.jpg,xception,ffpp_source_safe,test,0,real,0.3455762565135956,0.4307548701763153,0
faceforensics/real/835/000024.jpg,xception,ffpp_source_safe,test,0,real,0.965477705001831,0.4307548701763153,1
faceforensics/real/835/000025.jpg,xception,ffpp_source_safe,test,0,real,0.7788369059562683,0.4307548701763153,1
faceforensics/real/835/000026.jpg,xception,ffpp_source_safe,test,0,real,0.272513747215271,0.4307548701763153,0
faceforensics/real/835/000027.jpg,xception,ffpp_source_safe,test,0,real,0.9512227773666382,0.4307548701763153,1
faceforensics/real/835/000028.jpg,xception,ffpp_source_safe,test,0,real,0.748979926109314,0.4307548701763153,1
faceforensics/real/835/000029.jpg,xception,ffpp_source_safe,test,0,real,0.9183522462844849,0.4307548701763153,1
faceforensics/real/876/000000.jpg,xception,ffpp_source_safe,test,0,real,0.00020013957691844553,0.4307548701763153,0
faceforensics/real/876/000001.jpg,xception,ffpp_source_safe,test,0,real,0.0002688616805244237,0.4307548701763153,0
faceforensics/real/876/000002.jpg,xception,ffpp_source_safe,test,0,real,0.0003129208635073155,0.4307548701763153,0
faceforensics/real/876/000003.jpg,xception,ffpp_source_safe,test,0,real,0.00032517718500457704,0.4307548701763153,0
faceforensics/real/876/000004.jpg,xception,ffpp_source_safe,test,0,real,2.8634331101784483e-05,0.4307548701763153,0
faceforensics/real/876/000005.jpg,xception,ffpp_source_safe,test,0,real,0.07409977912902832,0.4307548701763153,0
faceforensics/real/876/000006.jpg,xception,ffpp_source_safe,test,0,real,0.0027006547898054123,0.4307548701763153,0
faceforensics/real/876/000007.jpg,xception,ffpp_source_safe,test,0,real,0.0002637161232996732,0.4307548701763153,0
faceforensics/real/876/000008.jpg,xception,ffpp_source_safe,test,0,real,1.6972726371022873e-05,0.4307548701763153,0
faceforensics/real/876/000009.jpg,xception,ffpp_source_safe,test,0,real,0.001128284726291895,0.4307548701763153,0
faceforensics/real/876/000010.jpg,xception,ffpp_source_safe,test,0,real,0.0007012505666352808,0.4307548701763153,0
faceforensics/real/876/000011.jpg,xception,ffpp_source_safe,test,0,real,0.0004873005673289299,0.4307548701763153,0
faceforensics/real/876/000012.jpg,xception,ffpp_source_safe,test,0,real,0.00012629067350644618,0.4307548701763153,0
faceforensics/real/876/000013.jpg,xception,ffpp_source_safe,test,0,real,0.0003844762104563415,0.4307548701763153,0
faceforensics/real/876/000014.jpg,xception,ffpp_source_safe,test,0,real,0.002111816080287099,0.4307548701763153,0
faceforensics/real/876/000015.jpg,xception,ffpp_source_safe,test,0,real,0.00016149511793628335,0.4307548701763153,0
faceforensics/real/876/000016.jpg,xception,ffpp_source_safe,test,0,real,0.0004989785375073552,0.4307548701763153,0
faceforensics/real/876/000017.jpg,xception,ffpp_source_safe,test,0,real,2.6951714971801266e-05,0.4307548701763153,0
faceforensics/real/876/000018.jpg,xception,ffpp_source_safe,test,0,real,0.0005477417726069689,0.4307548701763153,0
faceforensics/real/876/000019.jpg,xception,ffpp_source_safe,test,0,real,8.407593850279227e-05,0.4307548701763153,0
faceforensics/real/876/000020.jpg,xception,ffpp_source_safe,test,0,real,6.397465767804533e-05,0.4307548701763153,0
faceforensics/real/876/000021.jpg,xception,ffpp_source_safe,test,0,real,2.6369732950115576e-05,0.4307548701763153,0
faceforensics/real/876/000022.jpg,xception,ffpp_source_safe,test,0,real,0.004091953858733177,0.4307548701763153,0
faceforensics/real/876/000023.jpg,xception,ffpp_source_safe,test,0,real,0.0016281233401969075,0.4307548701763153,0
faceforensics/real/876/000024.jpg,xception,ffpp_source_safe,test,0,real,0.000354511896148324,0.4307548701763153,0
faceforensics/real/876/000025.jpg,xception,ffpp_source_safe,test,0,real,0.00012742058606818318,0.4307548701763153,0
faceforensics/real/876/000026.jpg,xception,ffpp_source_safe,test,0,real,0.00023755509755574167,0.4307548701763153,0
faceforensics/real/876/000027.jpg,xception,ffpp_source_safe,test,0,real,0.00026975086075253785,0.4307548701763153,0
faceforensics/real/876/000028.jpg,xception,ffpp_source_safe,test,0,real,0.00020955833315383643,0.4307548701763153,0
faceforensics/real/876/000029.jpg,xception,ffpp_source_safe,test,0,real,1.5946181520121172e-05,0.4307548701763153,0
faceforensics/real/938/000000.jpg,xception,ffpp_source_safe,test,0,real,0.02021031640470028,0.4307548701763153,0
faceforensics/real/938/000001.jpg,xception,ffpp_source_safe,test,0,real,0.0003797498648054898,0.4307548701763153,0
faceforensics/real/938/000002.jpg,xception,ffpp_source_safe,test,0,real,0.0007517725462093949,0.4307548701763153,0
faceforensics/real/938/000003.jpg,xception,ffpp_source_safe,test,0,real,0.0015723303658887744,0.4307548701763153,0
faceforensics/real/938/000004.jpg,xception,ffpp_source_safe,test,0,real,0.0007967937854118645,0.4307548701763153,0
faceforensics/real/938/000005.jpg,xception,ffpp_source_safe,test,0,real,0.0004183599667157978,0.4307548701763153,0
faceforensics/real/938/000006.jpg,xception,ffpp_source_safe,test,0,real,0.005670932587236166,0.4307548701763153,0
faceforensics/real/938/000007.jpg,xception,ffpp_source_safe,test,0,real,0.0018247449770569801,0.4307548701763153,0
faceforensics/real/938/000008.jpg,xception,ffpp_source_safe,test,0,real,0.017861632630228996,0.4307548701763153,0
faceforensics/real/938/000009.jpg,xception,ffpp_source_safe,test,0,real,0.0018089793156832457,0.4307548701763153,0
faceforensics/real/938/000010.jpg,xception,ffpp_source_safe,test,0,real,0.0008955717785283923,0.4307548701763153,0
faceforensics/real/938/000011.jpg,xception,ffpp_source_safe,test,0,real,0.0001922812225529924,0.4307548701763153,0
faceforensics/real/938/000012.jpg,xception,ffpp_source_safe,test,0,real,0.0003357298264745623,0.4307548701763153,0
faceforensics/real/938/000013.jpg,xception,ffpp_source_safe,test,0,real,0.007542025297880173,0.4307548701763153,0
faceforensics/real/938/000014.jpg,xception,ffpp_source_safe,test,0,real,0.0003461248707026243,0.4307548701763153,0
faceforensics/real/938/000015.jpg,xception,ffpp_source_safe,test,0,real,0.0023733002599328756,0.4307548701763153,0
faceforensics/real/938/000016.jpg,xception,ffpp_source_safe,test,0,real,0.00011616521805990487,0.4307548701763153,0
faceforensics/real/938/000017.jpg,xception,ffpp_source_safe,test,0,real,0.0002622325555421412,0.4307548701763153,0
faceforensics/real/938/000018.jpg,xception,ffpp_source_safe,test,0,real,0.0006528747035190463,0.4307548701763153,0
faceforensics/real/938/000019.jpg,xception,ffpp_source_safe,test,0,real,8.469424938084558e-05,0.4307548701763153,0
faceforensics/real/938/000020.jpg,xception,ffpp_source_safe,test,0,real,0.0003579356998670846,0.4307548701763153,0
faceforensics/real/938/000021.jpg,xception,ffpp_source_safe,test,0,real,0.002230894286185503,0.4307548701763153,0
faceforensics/real/938/000022.jpg,xception,ffpp_source_safe,test,0,real,0.0002892127085942775,0.4307548701763153,0
faceforensics/real/938/000023.jpg,xception,ffpp_source_safe,test,0,real,0.0004072731244377792,0.4307548701763153,0
faceforensics/real/938/000024.jpg,xception,ffpp_source_safe,test,0,real,0.00028456325526349247,0.4307548701763153,0
faceforensics/real/938/000025.jpg,xception,ffpp_source_safe,test,0,real,0.00145995756611228,0.4307548701763153,0
faceforensics/real/938/000026.jpg,xception,ffpp_source_safe,test,0,real,0.001629436737857759,0.4307548701763153,0
faceforensics/real/938/000027.jpg,xception,ffpp_source_safe,test,0,real,0.0006724787526763976,0.4307548701763153,0
faceforensics/real/938/000028.jpg,xception,ffpp_source_safe,test,0,real,0.0004835744621232152,0.4307548701763153,0
faceforensics/real/938/000029.jpg,xception,ffpp_source_safe,test,0,real,0.00015550017997156829,0.4307548701763153,0
faceforensics/real/942/000000.jpg,xception,ffpp_source_safe,test,0,real,0.009317236952483654,0.4307548701763153,0
faceforensics/real/942/000001.jpg,xception,ffpp_source_safe,test,0,real,0.013597260229289532,0.4307548701763153,0
faceforensics/real/942/000002.jpg,xception,ffpp_source_safe,test,0,real,0.0009686119738034904,0.4307548701763153,0
faceforensics/real/942/000003.jpg,xception,ffpp_source_safe,test,0,real,0.008526502177119255,0.4307548701763153,0
faceforensics/real/942/000004.jpg,xception,ffpp_source_safe,test,0,real,0.0009014317765831947,0.4307548701763153,0
faceforensics/real/942/000005.jpg,xception,ffpp_source_safe,test,0,real,0.015654196962714195,0.4307548701763153,0
faceforensics/real/942/000006.jpg,xception,ffpp_source_safe,test,0,real,0.004982004873454571,0.4307548701763153,0
faceforensics/real/942/000007.jpg,xception,ffpp_source_safe,test,0,real,0.0011575266253203154,0.4307548701763153,0
faceforensics/real/942/000008.jpg,xception,ffpp_source_safe,test,0,real,0.009572803974151611,0.4307548701763153,0
faceforensics/real/942/000009.jpg,xception,ffpp_source_safe,test,0,real,0.0016598982037976384,0.4307548701763153,0
faceforensics/real/942/000010.jpg,xception,ffpp_source_safe,test,0,real,0.011582869105041027,0.4307548701763153,0
faceforensics/real/942/000011.jpg,xception,ffpp_source_safe,test,0,real,0.02490830607712269,0.4307548701763153,0
faceforensics/real/942/000012.jpg,xception,ffpp_source_safe,test,0,real,0.009435229003429413,0.4307548701763153,0
faceforensics/real/942/000013.jpg,xception,ffpp_source_safe,test,0,real,0.006077954545617104,0.4307548701763153,0
faceforensics/real/942/000014.jpg,xception,ffpp_source_safe,test,0,real,0.006121467333287001,0.4307548701763153,0
faceforensics/real/942/000015.jpg,xception,ffpp_source_safe,test,0,real,0.0036667832173407078,0.4307548701763153,0
faceforensics/real/942/000016.jpg,xception,ffpp_source_safe,test,0,real,0.01640867255628109,0.4307548701763153,0
faceforensics/real/942/000017.jpg,xception,ffpp_source_safe,test,0,real,0.006672454532235861,0.4307548701763153,0
faceforensics/real/942/000018.jpg,xception,ffpp_source_safe,test,0,real,0.004473575856536627,0.4307548701763153,0
faceforensics/real/942/000019.jpg,xception,ffpp_source_safe,test,0,real,0.010087781585752964,0.4307548701763153,0
faceforensics/real/942/000020.jpg,xception,ffpp_source_safe,test,0,real,0.0008583197486586869,0.4307548701763153,0
faceforensics/real/942/000021.jpg,xception,ffpp_source_safe,test,0,real,0.009790821932256222,0.4307548701763153,0
faceforensics/real/942/000022.jpg,xception,ffpp_source_safe,test,0,real,0.0045136818662285805,0.4307548701763153,0
faceforensics/real/942/000023.jpg,xception,ffpp_source_safe,test,0,real,0.02090226113796234,0.4307548701763153,0
faceforensics/real/942/000024.jpg,xception,ffpp_source_safe,test,0,real,0.005210554227232933,0.4307548701763153,0
faceforensics/real/942/000025.jpg,xception,ffpp_source_safe,test,0,real,0.011831296607851982,0.4307548701763153,0
faceforensics/real/942/000026.jpg,xception,ffpp_source_safe,test,0,real,0.014496308751404285,0.4307548701763153,0
faceforensics/real/942/000027.jpg,xception,ffpp_source_safe,test,0,real,0.007294254843145609,0.4307548701763153,0
faceforensics/real/942/000028.jpg,xception,ffpp_source_safe,test,0,real,0.007694627158343792,0.4307548701763153,0
faceforensics/real/942/000029.jpg,xception,ffpp_source_safe,test,0,real,0.08965083956718445,0.4307548701763153,0
faceforensics/real/969/000000.jpg,xception,ffpp_source_safe,test,0,real,0.29490187764167786,0.4307548701763153,0
faceforensics/real/969/000001.jpg,xception,ffpp_source_safe,test,0,real,0.830195963382721,0.4307548701763153,1
faceforensics/real/969/000002.jpg,xception,ffpp_source_safe,test,0,real,0.06799513846635818,0.4307548701763153,0
faceforensics/real/969/000003.jpg,xception,ffpp_source_safe,test,0,real,0.8501777052879333,0.4307548701763153,1
faceforensics/real/969/000004.jpg,xception,ffpp_source_safe,test,0,real,0.3462081551551819,0.4307548701763153,0
faceforensics/real/969/000005.jpg,xception,ffpp_source_safe,test,0,real,0.9459171295166016,0.4307548701763153,1
faceforensics/real/969/000006.jpg,xception,ffpp_source_safe,test,0,real,0.009736426174640656,0.4307548701763153,0
faceforensics/real/969/000007.jpg,xception,ffpp_source_safe,test,0,real,0.9989650249481201,0.4307548701763153,1
faceforensics/real/969/000008.jpg,xception,ffpp_source_safe,test,0,real,0.8640180826187134,0.4307548701763153,1
faceforensics/real/969/000009.jpg,xception,ffpp_source_safe,test,0,real,0.27525195479393005,0.4307548701763153,0
faceforensics/real/969/000010.jpg,xception,ffpp_source_safe,test,0,real,0.9958582520484924,0.4307548701763153,1
faceforensics/real/969/000011.jpg,xception,ffpp_source_safe,test,0,real,0.9980944991111755,0.4307548701763153,1
faceforensics/real/969/000012.jpg,xception,ffpp_source_safe,test,0,real,0.009530813433229923,0.4307548701763153,0
faceforensics/real/969/000013.jpg,xception,ffpp_source_safe,test,0,real,0.0030610819812864065,0.4307548701763153,0
faceforensics/real/969/000014.jpg,xception,ffpp_source_safe,test,0,real,0.003385729156434536,0.4307548701763153,0
faceforensics/real/969/000015.jpg,xception,ffpp_source_safe,test,0,real,0.036564167588949203,0.4307548701763153,0
faceforensics/real/969/000016.jpg,xception,ffpp_source_safe,test,0,real,0.0033302609808743,0.4307548701763153,0
faceforensics/real/969/000017.jpg,xception,ffpp_source_safe,test,0,real,0.9896692633628845,0.4307548701763153,1
faceforensics/real/969/000018.jpg,xception,ffpp_source_safe,test,0,real,0.009633192792534828,0.4307548701763153,0
faceforensics/real/969/000019.jpg,xception,ffpp_source_safe,test,0,real,0.9325652122497559,0.4307548701763153,1
faceforensics/real/969/000020.jpg,xception,ffpp_source_safe,test,0,real,0.02634962648153305,0.4307548701763153,0
faceforensics/real/969/000021.jpg,xception,ffpp_source_safe,test,0,real,0.997012734413147,0.4307548701763153,1
faceforensics/real/969/000022.jpg,xception,ffpp_source_safe,test,0,real,0.004047419875860214,0.4307548701763153,0
faceforensics/real/969/000023.jpg,xception,ffpp_source_safe,test,0,real,0.9719774723052979,0.4307548701763153,1
faceforensics/real/969/000024.jpg,xception,ffpp_source_safe,test,0,real,0.5971311926841736,0.4307548701763153,1
faceforensics/real/969/000025.jpg,xception,ffpp_source_safe,test,0,real,0.009729183278977871,0.4307548701763153,0
faceforensics/real/969/000026.jpg,xception,ffpp_source_safe,test,0,real,0.026051124557852745,0.4307548701763153,0
faceforensics/real/969/000027.jpg,xception,ffpp_source_safe,test,0,real,0.4479145407676697,0.4307548701763153,1
faceforensics/real/969/000028.jpg,xception,ffpp_source_safe,test,0,real,0.1870851367712021,0.4307548701763153,0
faceforensics/real/969/000029.jpg,xception,ffpp_source_safe,test,0,real,0.02113637514412403,0.4307548701763153,0
faceforensics/Deepfakes/246_258/000000.jpg,xception,ffpp_source_safe,test,1,Deepfakes,0.9982089996337891,0.4307548701763153,1
faceforensics/Deepfakes/246_258/000001.jpg,xception,ffpp_source_safe,test,1,Deepfakes,0.9982641339302063,0.4307548701763153,1
faceforensics/Deepfakes/246_258/000002.jpg,xception,ffpp_source_safe,test,1,Deepfakes,0.9994877576828003,0.4307548701763153,1
faceforensics/Deepfakes/246_258/000003.jpg,xception,ffpp_source_safe,test,1,Deepfakes,0.9995678067207336,0.4307548701763153,1
faceforensics/Deepfakes/246_258/000004.jpg,xception,ffpp_source_safe,test,1,Deepfakes,0.9992464780807495,0.4307548701763153,1
faceforensics/Deepfakes/246_258/000005.jpg,xception,ffpp_source_safe,test,1,Deepfakes,0.9819300770759583,0.4307548701763153,1
faceforensics/Deepfakes/246_258/000006.jpg,xception,ffpp_source_safe,test,1,Deepfakes,0.9968054294586182,0.4307548701763153,1
faceforensics/Deepfakes/246_258/000007.jpg,xception,ffpp_source_safe,test,1,Deepfakes,0.9052093625068665,0.4307548701763153,1
faceforensics/Deepfakes/246_258/000008.jpg,xception,ffpp_source_safe,test,1,Deepfakes,0.9718897938728333,0.4307548701763153,1
faceforensics/Deepfakes/246_258/000009.jpg,xception,ffpp_source_safe,test,1,Deepfakes,0.9976553916931152,0.4307548701763153,1
faceforensics/Deepfakes/246_258/000010.jpg,xception,ffpp_source_safe,test,1,Deepfakes,0.9745892286300659,0.4307548701763153,1
faceforensics/Deepfakes/246_258/000011.jpg,xception,ffpp_source_safe,test,1,Deepfakes,0.9992091059684753,0.4307548701763153,1
faceforensics/Deepfakes/246_258/000012.jpg,xception,ffpp_source_safe,test,1,Deepfakes,0.9994151592254639,0.4307548701763153,1
faceforensics/Deepfakes/246_258/000013.jpg,xception,ffpp_source_safe,test,1,Deepfakes,0.9992396831512451,0.4307548701763153,1
faceforensics/Deepfakes/246_258/000014.jpg,xception,ffpp_source_safe,test,1,Deepfakes,0.9969605803489685,0.4307548701763153,1
faceforensics/Deepfakes/246_258/000015.jpg,xception,ffpp_source_safe,test,1,Deepfakes,0.9998509883880615,0.4307548701763153,1
faceforensics/Deepfakes/246_258/000016.jpg,xception,ffpp_source_safe,test,1,Deepfakes,0.9989073276519775,0.4307548701763153,1
faceforensics/Deepfakes/246_258/000017.jpg,xception,ffpp_source_safe,test,1,Deepfakes,0.9994698166847229,0.4307548701763153,1
faceforensics/Deepfakes/246_258/000018.jpg,xception,ffpp_source_safe,test,1,Deepfakes,0.9965730905532837,0.4307548701763153,1
faceforensics/Deepfakes/246_258/000019.jpg,xception,ffpp_source_safe,test,1,Deepfakes,0.9980249404907227,0.4307548701763153,1
faceforensics/Deepfakes/246_258/000020.jpg,xception,ffpp_source_safe,test,1,Deepfakes,0.9993798732757568,0.4307548701763153,1
faceforensics/Deepfakes/246_258/000021.jpg,xception,ffpp_source_safe,test,1,Deepfakes,0.9974638223648071,0.4307548701763153,1
faceforensics/Deepfakes/246_258/000022.jpg,xception,ffpp_source_safe,test,1,Deepfakes,0.9577417373657227,0.4307548701763153,1
faceforensics/Deepfakes/246_258/000023.jpg,xception,ffpp_source_safe,test,1,Deepfakes,0.9953033924102783,0.4307548701763153,1
faceforensics/Deepfakes/246_258/000024.jpg,xception,ffpp_source_safe,test,1,Deepfakes,0.9963182210922241,0.4307548701763153,1
faceforensics/Deepfakes/246_258/000025.jpg,xception,ffpp_source_safe,test,1,Deepfakes,0.9986293315887451,0.4307548701763153,1
faceforensics/Deepfakes/246_258/000026.jpg,xception,ffpp_source_safe,test,1,Deepfakes,0.9802454113960266,0.4307548701763153,1
faceforensics/Deepfakes/246_258/000027.jpg,xception,ffpp_source_safe,test,1,Deepfakes,0.9997603297233582,0.4307548701763153,1
faceforensics/Deepfakes/246_258/000028.jpg,xception,ffpp_source_safe,test,1,Deepfakes,0.9993636012077332,0.4307548701763153,1
faceforensics/Deepfakes/246_258/000029.jpg,xception,ffpp_source_safe,test,1,Deepfakes,0.9997217059135437,0.4307548701763153,1
faceforensics/Deepfakes/258_246/000000.jpg,xception,ffpp_source_safe,test,1,Deepfakes,0.9996581077575684,0.4307548701763153,1
faceforensics/Deepfakes/258_246/000001.jpg,xception,ffpp_source_safe,test,1,Deepfakes,0.9996292591094971,0.4307548701763153,1
faceforensics/Deepfakes/258_246/000002.jpg,xception,ffpp_source_safe,test,1,Deepfakes,0.9997817873954773,0.4307548701763153,1
faceforensics/Deepfakes/258_246/000003.jpg,xception,ffpp_source_safe,test,1,Deepfakes,0.9999390840530396,0.4307548701763153,1
faceforensics/Deepfakes/258_246/000004.jpg,xception,ffpp_source_safe,test,1,Deepfakes,0.9982136487960815,0.4307548701763153,1
faceforensics/Deepfakes/258_246/000005.jpg,xception,ffpp_source_safe,test,1,Deepfakes,0.3579815626144409,0.4307548701763153,0
faceforensics/Deepfakes/258_246/000006.jpg,xception,ffpp_source_safe,test,1,Deepfakes,0.9957733750343323,0.4307548701763153,1
faceforensics/Deepfakes/258_246/000007.jpg,xception,ffpp_source_safe,test,1,Deepfakes,0.9995560050010681,0.4307548701763153,1
faceforensics/Deepfakes/258_246/000008.jpg,xception,ffpp_source_safe,test,1,Deepfakes,0.999357283115387,0.4307548701763153,1
faceforensics/Deepfakes/258_246/000009.jpg,xception,ffpp_source_safe,test,1,Deepfakes,0.8627778887748718,0.4307548701763153,1
faceforensics/Deepfakes/258_246/000010.jpg,xception,ffpp_source_safe,test,1,Deepfakes,0.7665115594863892,0.4307548701763153,1
faceforensics/Deepfakes/258_246/000011.jpg,xception,ffpp_source_safe,test,1,Deepfakes,0.6133381724357605,0.4307548701763153,1
faceforensics/Deepfakes/258_246/000012.jpg,xception,ffpp_source_safe,test,1,Deepfakes,0.9998903274536133,0.4307548701763153,1
faceforensics/Deepfakes/258_246/000013.jpg,xception,ffpp_source_safe,test,1,Deepfakes,0.9999442100524902,0.4307548701763153,1
faceforensics/Deepfakes/258_246/000014.jpg,xception,ffpp_source_safe,test,1,Deepfakes,0.9993892908096313,0.4307548701763153,1
faceforensics/Deepfakes/258_246/000015.jpg,xception,ffpp_source_safe,test,1,Deepfakes,0.9976198077201843,0.4307548701763153,1
faceforensics/Deepfakes/258_246/000016.jpg,xception,ffpp_source_safe,test,1,Deepfakes,0.9637119770050049,0.4307548701763153,1
faceforensics/Deepfakes/258_246/000017.jpg,xception,ffpp_source_safe,test,1,Deepfakes,0.9645039439201355,0.4307548701763153,1
faceforensics/Deepfakes/258_246/000018.jpg,xception,ffpp_source_safe,test,1,Deepfakes,0.7975989580154419,0.4307548701763153,1
faceforensics/Deepfakes/258_246/000019.jpg,xception,ffpp_source_safe,test,1,Deepfakes,0.997965931892395,0.4307548701763153,1
faceforensics/Deepfakes/258_246/000020.jpg,xception,ffpp_source_safe,test,1,Deepfakes,0.9968054294586182,0.4307548701763153,1
faceforensics/Deepfakes/258_246/000021.jpg,xception,ffpp_source_safe,test,1,Deepfakes,0.9984371066093445,0.4307548701763153,1
faceforensics/Deepfakes/258_246/000022.jpg,xception,ffpp_source_safe,test,1,Deepfakes,0.9997838139533997,0.4307548701763153,1
faceforensics/Deepfakes/258_246/000023.jpg,xception,ffpp_source_safe,test,1,Deepfakes,0.9988299012184143,0.4307548701763153,1
faceforensics/Deepfakes/258_246/000024.jpg,xception,ffpp_source_safe,test,1,Deepfakes,0.9997671246528625,0.4307548701763153,1
faceforensics/Deepfakes/258_246/000025.jpg,xception,ffpp_source_safe,test,1,Deepfakes,0.9627443552017212,0.4307548701763153,1
faceforensics/Deepfakes/258_246/000026.jpg,xception,ffpp_source_safe,test,1,Deepfakes,0.9995697140693665,0.4307548701763153,1
faceforensics/Deepfakes/258_246/000027.jpg,xception,ffpp_source_safe,test,1,Deepfakes,0.9986458420753479,0.4307548701763153,1
faceforensics/Deepfakes/258_246/000028.jpg,xception,ffpp_source_safe,test,1,Deepfakes,0.998735249042511,0.4307548701763153,1
faceforensics/Deepfakes/258_246/000029.jpg,xception,ffpp_source_safe,test,1,Deepfakes,0.9418666362762451,0.4307548701763153,1
faceforensics/Deepfakes/468_470/000000.jpg,xception,ffpp_source_safe,test,1,Deepfakes,0.9627475142478943,0.4307548701763153,1
faceforensics/Deepfakes/468_470/000001.jpg,xception,ffpp_source_safe,test,1,Deepfakes,0.9805437922477722,0.4307548701763153,1
faceforensics/Deepfakes/468_470/000002.jpg,xception,ffpp_source_safe,test,1,Deepfakes,0.9912692308425903,0.4307548701763153,1
faceforensics/Deepfakes/468_470/000003.jpg,xception,ffpp_source_safe,test,1,Deepfakes,0.8991061449050903,0.4307548701763153,1
faceforensics/Deepfakes/468_470/000004.jpg,xception,ffpp_source_safe,test,1,Deepfakes,0.8352312445640564,0.4307548701763153,1
faceforensics/Deepfakes/468_470/000005.jpg,xception,ffpp_source_safe,test,1,Deepfakes,0.46256422996520996,0.4307548701763153,1
faceforensics/Deepfakes/468_470/000006.jpg,xception,ffpp_source_safe,test,1,Deepfakes,0.7523790597915649,0.4307548701763153,1
faceforensics/Deepfakes/468_470/000007.jpg,xception,ffpp_source_safe,test,1,Deepfakes,0.9718751311302185,0.4307548701763153,1
faceforensics/Deepfakes/468_470/000008.jpg,xception,ffpp_source_safe,test,1,Deepfakes,0.9975569248199463,0.4307548701763153,1
faceforensics/Deepfakes/468_470/000009.jpg,xception,ffpp_source_safe,test,1,Deepfakes,0.8094099164009094,0.4307548701763153,1
faceforensics/Deepfakes/468_470/000010.jpg,xception,ffpp_source_safe,test,1,Deepfakes,0.9757413864135742,0.4307548701763153,1
faceforensics/Deepfakes/468_470/000011.jpg,xception,ffpp_source_safe,test,1,Deepfakes,0.9335092902183533,0.4307548701763153,1
faceforensics/Deepfakes/468_470/000012.jpg,xception,ffpp_source_safe,test,1,Deepfakes,0.9294654726982117,0.4307548701763153,1
faceforensics/Deepfakes/468_470/000013.jpg,xception,ffpp_source_safe,test,1,Deepfakes,0.9318557977676392,0.4307548701763153,1
faceforensics/Deepfakes/468_470/000014.jpg,xception,ffpp_source_safe,test,1,Deepfakes,0.42297348380088806,0.4307548701763153,0
faceforensics/Deepfakes/468_470/000015.jpg,xception,ffpp_source_safe,test,1,Deepfakes,0.0285403560847044,0.4307548701763153,0
faceforensics/Deepfakes/468_470/000016.jpg,xception,ffpp_source_safe,test,1,Deepfakes,0.05847757309675217,0.4307548701763153,0
faceforensics/Deepfakes/468_470/000017.jpg,xception,ffpp_source_safe,test,1,Deepfakes,0.9669878482818604,0.4307548701763153,1
faceforensics/Deepfakes/468_470/000018.jpg,xception,ffpp_source_safe,test,1,Deepfakes,0.043658290058374405,0.4307548701763153,0
faceforensics/Deepfakes/468_470/000019.jpg,xception,ffpp_source_safe,test,1,Deepfakes,0.985173225402832,0.4307548701763153,1
faceforensics/Deepfakes/468_470/000020.jpg,xception,ffpp_source_safe,test,1,Deepfakes,0.8323243856430054,0.4307548701763153,1
faceforensics/Deepfakes/468_470/000021.jpg,xception,ffpp_source_safe,test,1,Deepfakes,0.9988559484481812,0.4307548701763153,1
faceforensics/Deepfakes/468_470/000022.jpg,xception,ffpp_source_safe,test,1,Deepfakes,0.5220445990562439,0.4307548701763153,1
faceforensics/Deepfakes/468_470/000023.jpg,xception,ffpp_source_safe,test,1,Deepfakes,0.8327862620353699,0.4307548701763153,1
faceforensics/Deepfakes/468_470/000024.jpg,xception,ffpp_source_safe,test,1,Deepfakes,0.974180281162262,0.4307548701763153,1
faceforensics/Deepfakes/468_470/000025.jpg,xception,ffpp_source_safe,test,1,Deepfakes,0.9831132888793945,0.4307548701763153,1
faceforensics/Deepfakes/468_470/000026.jpg,xception,ffpp_source_safe,test,1,Deepfakes,0.8829289078712463,0.4307548701763153,1
faceforensics/Deepfakes/468_470/000027.jpg,xception,ffpp_source_safe,test,1,Deepfakes,0.9636695981025696,0.4307548701763153,1
faceforensics/Deepfakes/468_470/000028.jpg,xception,ffpp_source_safe,test,1,Deepfakes,0.9504933953285217,0.4307548701763153,1
faceforensics/Deepfakes/468_470/000029.jpg,xception,ffpp_source_safe,test,1,Deepfakes,0.950229823589325,0.4307548701763153,1
faceforensics/Deepfakes/470_468/000000.jpg,xception,ffpp_source_safe,test,1,Deepfakes,0.9591941237449646,0.4307548701763153,1
faceforensics/Deepfakes/470_468/000001.jpg,xception,ffpp_source_safe,test,1,Deepfakes,0.294222354888916,0.4307548701763153,0
faceforensics/Deepfakes/470_468/000002.jpg,xception,ffpp_source_safe,test,1,Deepfakes,0.9771156311035156,0.4307548701763153,1
faceforensics/Deepfakes/470_468/000003.jpg,xception,ffpp_source_safe,test,1,Deepfakes,0.9766196608543396,0.4307548701763153,1
faceforensics/Deepfakes/470_468/000004.jpg,xception,ffpp_source_safe,test,1,Deepfakes,0.5683109760284424,0.4307548701763153,1
faceforensics/Deepfakes/470_468/000005.jpg,xception,ffpp_source_safe,test,1,Deepfakes,0.6625320911407471,0.4307548701763153,1
faceforensics/Deepfakes/470_468/000006.jpg,xception,ffpp_source_safe,test,1,Deepfakes,0.1961870640516281,0.4307548701763153,0
faceforensics/Deepfakes/470_468/000007.jpg,xception,ffpp_source_safe,test,1,Deepfakes,0.9283939003944397,0.4307548701763153,1
faceforensics/Deepfakes/470_468/000008.jpg,xception,ffpp_source_safe,test,1,Deepfakes,0.416339248418808,0.4307548701763153,0
faceforensics/Deepfakes/470_468/000009.jpg,xception,ffpp_source_safe,test,1,Deepfakes,0.9539442658424377,0.4307548701763153,1
faceforensics/Deepfakes/470_468/000010.jpg,xception,ffpp_source_safe,test,1,Deepfakes,0.25740939378738403,0.4307548701763153,0
faceforensics/Deepfakes/470_468/000011.jpg,xception,ffpp_source_safe,test,1,Deepfakes,0.9328267574310303,0.4307548701763153,1
faceforensics/Deepfakes/470_468/000012.jpg,xception,ffpp_source_safe,test,1,Deepfakes,0.9835485816001892,0.4307548701763153,1
faceforensics/Deepfakes/470_468/000013.jpg,xception,ffpp_source_safe,test,1,Deepfakes,0.2310575246810913,0.4307548701763153,0
faceforensics/Deepfakes/470_468/000014.jpg,xception,ffpp_source_safe,test,1,Deepfakes,0.9945791959762573,0.4307548701763153,1
faceforensics/Deepfakes/470_468/000015.jpg,xception,ffpp_source_safe,test,1,Deepfakes,0.969148576259613,0.4307548701763153,1
faceforensics/Deepfakes/470_468/000016.jpg,xception,ffpp_source_safe,test,1,Deepfakes,0.601982593536377,0.4307548701763153,1
faceforensics/Deepfakes/470_468/000017.jpg,xception,ffpp_source_safe,test,1,Deepfakes,0.9197529554367065,0.4307548701763153,1
faceforensics/Deepfakes/470_468/000018.jpg,xception,ffpp_source_safe,test,1,Deepfakes,0.9817853569984436,0.4307548701763153,1
faceforensics/Deepfakes/470_468/000019.jpg,xception,ffpp_source_safe,test,1,Deepfakes,0.45765402913093567,0.4307548701763153,1
faceforensics/Deepfakes/470_468/000020.jpg,xception,ffpp_source_safe,test,1,Deepfakes,0.918219268321991,0.4307548701763153,1
faceforensics/Deepfakes/470_468/000021.jpg,xception,ffpp_source_safe,test,1,Deepfakes,0.9882364869117737,0.4307548701763153,1
faceforensics/Deepfakes/470_468/000022.jpg,xception,ffpp_source_safe,test,1,Deepfakes,0.5222737789154053,0.4307548701763153,1
faceforensics/Deepfakes/470_468/000023.jpg,xception,ffpp_source_safe,test,1,Deepfakes,0.9593210220336914,0.4307548701763153,1
faceforensics/Deepfakes/470_468/000024.jpg,xception,ffpp_source_safe,test,1,Deepfakes,0.6378412246704102,0.4307548701763153,1
faceforensics/Deepfakes/470_468/000025.jpg,xception,ffpp_source_safe,test,1,Deepfakes,0.26848194003105164,0.4307548701763153,0
faceforensics/Deepfakes/470_468/000026.jpg,xception,ffpp_source_safe,test,1,Deepfakes,0.44087648391723633,0.4307548701763153,1
faceforensics/Deepfakes/470_468/000027.jpg,xception,ffpp_source_safe,test,1,Deepfakes,0.7037388682365417,0.4307548701763153,1
faceforensics/Deepfakes/470_468/000028.jpg,xception,ffpp_source_safe,test,1,Deepfakes,0.9784366488456726,0.4307548701763153,1
faceforensics/Deepfakes/470_468/000029.jpg,xception,ffpp_source_safe,test,1,Deepfakes,0.5530426502227783,0.4307548701763153,1
faceforensics/Deepfakes/651_835/000000.jpg,xception,ffpp_source_safe,test,1,Deepfakes,0.9800841808319092,0.4307548701763153,1
faceforensics/Deepfakes/651_835/000001.jpg,xception,ffpp_source_safe,test,1,Deepfakes,0.9936409592628479,0.4307548701763153,1
faceforensics/Deepfakes/651_835/000002.jpg,xception,ffpp_source_safe,test,1,Deepfakes,0.9947957396507263,0.4307548701763153,1
faceforensics/Deepfakes/651_835/000003.jpg,xception,ffpp_source_safe,test,1,Deepfakes,0.9978101849555969,0.4307548701763153,1
faceforensics/Deepfakes/651_835/000004.jpg,xception,ffpp_source_safe,test,1,Deepfakes,0.9998443126678467,0.4307548701763153,1
faceforensics/Deepfakes/651_835/000005.jpg,xception,ffpp_source_safe,test,1,Deepfakes,0.9996137022972107,0.4307548701763153,1
faceforensics/Deepfakes/651_835/000006.jpg,xception,ffpp_source_safe,test,1,Deepfakes,0.9992484450340271,0.4307548701763153,1
faceforensics/Deepfakes/651_835/000007.jpg,xception,ffpp_source_safe,test,1,Deepfakes,0.9992790818214417,0.4307548701763153,1
faceforensics/Deepfakes/651_835/000008.jpg,xception,ffpp_source_safe,test,1,Deepfakes,0.9993786811828613,0.4307548701763153,1
faceforensics/Deepfakes/651_835/000009.jpg,xception,ffpp_source_safe,test,1,Deepfakes,0.9988245368003845,0.4307548701763153,1
faceforensics/Deepfakes/651_835/000010.jpg,xception,ffpp_source_safe,test,1,Deepfakes,0.9243472814559937,0.4307548701763153,1
faceforensics/Deepfakes/651_835/000011.jpg,xception,ffpp_source_safe,test,1,Deepfakes,0.9647675156593323,0.4307548701763153,1
faceforensics/Deepfakes/651_835/000012.jpg,xception,ffpp_source_safe,test,1,Deepfakes,0.994902491569519,0.4307548701763153,1
faceforensics/Deepfakes/651_835/000013.jpg,xception,ffpp_source_safe,test,1,Deepfakes,0.9995881915092468,0.4307548701763153,1
faceforensics/Deepfakes/651_835/000014.jpg,xception,ffpp_source_safe,test,1,Deepfakes,0.9918377995491028,0.4307548701763153,1
faceforensics/Deepfakes/651_835/000015.jpg,xception,ffpp_source_safe,test,1,Deepfakes,0.9739853143692017,0.4307548701763153,1
faceforensics/Deepfakes/651_835/000016.jpg,xception,ffpp_source_safe,test,1,Deepfakes,0.999656081199646,0.4307548701763153,1
faceforensics/Deepfakes/651_835/000017.jpg,xception,ffpp_source_safe,test,1,Deepfakes,0.9983388185501099,0.4307548701763153,1
faceforensics/Deepfakes/651_835/000018.jpg,xception,ffpp_source_safe,test,1,Deepfakes,0.9968959093093872,0.4307548701763153,1
faceforensics/Deepfakes/651_835/000019.jpg,xception,ffpp_source_safe,test,1,Deepfakes,0.9977952241897583,0.4307548701763153,1
faceforensics/Deepfakes/651_835/000020.jpg,xception,ffpp_source_safe,test,1,Deepfakes,0.9292566776275635,0.4307548701763153,1
faceforensics/Deepfakes/651_835/000021.jpg,xception,ffpp_source_safe,test,1,Deepfakes,0.9997983574867249,0.4307548701763153,1
faceforensics/Deepfakes/651_835/000022.jpg,xception,ffpp_source_safe,test,1,Deepfakes,0.996268630027771,0.4307548701763153,1
faceforensics/Deepfakes/651_835/000023.jpg,xception,ffpp_source_safe,test,1,Deepfakes,0.7998553514480591,0.4307548701763153,1
faceforensics/Deepfakes/651_835/000024.jpg,xception,ffpp_source_safe,test,1,Deepfakes,0.9980652928352356,0.4307548701763153,1
faceforensics/Deepfakes/651_835/000025.jpg,xception,ffpp_source_safe,test,1,Deepfakes,0.9603732824325562,0.4307548701763153,1
faceforensics/Deepfakes/651_835/000026.jpg,xception,ffpp_source_safe,test,1,Deepfakes,0.9986391663551331,0.4307548701763153,1
faceforensics/Deepfakes/651_835/000027.jpg,xception,ffpp_source_safe,test,1,Deepfakes,0.9917730689048767,0.4307548701763153,1
faceforensics/Deepfakes/651_835/000028.jpg,xception,ffpp_source_safe,test,1,Deepfakes,0.9326847791671753,0.4307548701763153,1
faceforensics/Deepfakes/651_835/000029.jpg,xception,ffpp_source_safe,test,1,Deepfakes,0.96726393699646,0.4307548701763153,1
faceforensics/Deepfakes/719_737/000000.jpg,xception,ffpp_source_safe,test,1,Deepfakes,0.07877503335475922,0.4307548701763153,0
faceforensics/Deepfakes/719_737/000001.jpg,xception,ffpp_source_safe,test,1,Deepfakes,0.3758133053779602,0.4307548701763153,0
faceforensics/Deepfakes/719_737/000002.jpg,xception,ffpp_source_safe,test,1,Deepfakes,0.1263452172279358,0.4307548701763153,0
faceforensics/Deepfakes/719_737/000003.jpg,xception,ffpp_source_safe,test,1,Deepfakes,0.5497404932975769,0.4307548701763153,1
faceforensics/Deepfakes/719_737/000004.jpg,xception,ffpp_source_safe,test,1,Deepfakes,0.008430027402937412,0.4307548701763153,0
faceforensics/Deepfakes/719_737/000005.jpg,xception,ffpp_source_safe,test,1,Deepfakes,0.041037291288375854,0.4307548701763153,0
faceforensics/Deepfakes/719_737/000006.jpg,xception,ffpp_source_safe,test,1,Deepfakes,0.5883967876434326,0.4307548701763153,1
faceforensics/Deepfakes/719_737/000007.jpg,xception,ffpp_source_safe,test,1,Deepfakes,0.18450842797756195,0.4307548701763153,0
faceforensics/Deepfakes/719_737/000008.jpg,xception,ffpp_source_safe,test,1,Deepfakes,0.522702693939209,0.4307548701763153,1
faceforensics/Deepfakes/719_737/000009.jpg,xception,ffpp_source_safe,test,1,Deepfakes,0.025701669976115227,0.4307548701763153,0
faceforensics/Deepfakes/719_737/000010.jpg,xception,ffpp_source_safe,test,1,Deepfakes,0.16945183277130127,0.4307548701763153,0
faceforensics/Deepfakes/719_737/000011.jpg,xception,ffpp_source_safe,test,1,Deepfakes,0.21391786634922028,0.4307548701763153,0
faceforensics/Deepfakes/719_737/000012.jpg,xception,ffpp_source_safe,test,1,Deepfakes,0.05475413054227829,0.4307548701763153,0
faceforensics/Deepfakes/719_737/000013.jpg,xception,ffpp_source_safe,test,1,Deepfakes,0.2549358010292053,0.4307548701763153,0
faceforensics/Deepfakes/719_737/000014.jpg,xception,ffpp_source_safe,test,1,Deepfakes,0.16344179213047028,0.4307548701763153,0
faceforensics/Deepfakes/719_737/000015.jpg,xception,ffpp_source_safe,test,1,Deepfakes,0.720041811466217,0.4307548701763153,1
faceforensics/Deepfakes/719_737/000016.jpg,xception,ffpp_source_safe,test,1,Deepfakes,0.4865330457687378,0.4307548701763153,1
faceforensics/Deepfakes/719_737/000017.jpg,xception,ffpp_source_safe,test,1,Deepfakes,0.1687287986278534,0.4307548701763153,0
faceforensics/Deepfakes/719_737/000018.jpg,xception,ffpp_source_safe,test,1,Deepfakes,0.6355919241905212,0.4307548701763153,1
faceforensics/Deepfakes/719_737/000019.jpg,xception,ffpp_source_safe,test,1,Deepfakes,0.5589668154716492,0.4307548701763153,1
faceforensics/Deepfakes/719_737/000020.jpg,xception,ffpp_source_safe,test,1,Deepfakes,0.07899914681911469,0.4307548701763153,0
faceforensics/Deepfakes/719_737/000021.jpg,xception,ffpp_source_safe,test,1,Deepfakes,0.12795515358448029,0.4307548701763153,0
faceforensics/Deepfakes/719_737/000022.jpg,xception,ffpp_source_safe,test,1,Deepfakes,0.2648153007030487,0.4307548701763153,0
faceforensics/Deepfakes/719_737/000023.jpg,xception,ffpp_source_safe,test,1,Deepfakes,0.08126701414585114,0.4307548701763153,0
faceforensics/Deepfakes/719_737/000024.jpg,xception,ffpp_source_safe,test,1,Deepfakes,0.1324637085199356,0.4307548701763153,0
faceforensics/Deepfakes/719_737/000025.jpg,xception,ffpp_source_safe,test,1,Deepfakes,0.1723889708518982,0.4307548701763153,0
faceforensics/Deepfakes/719_737/000026.jpg,xception,ffpp_source_safe,test,1,Deepfakes,0.5067411661148071,0.4307548701763153,1
faceforensics/Deepfakes/719_737/000027.jpg,xception,ffpp_source_safe,test,1,Deepfakes,0.058990370482206345,0.4307548701763153,0
faceforensics/Deepfakes/719_737/000028.jpg,xception,ffpp_source_safe,test,1,Deepfakes,0.7037708759307861,0.4307548701763153,1
faceforensics/Deepfakes/719_737/000029.jpg,xception,ffpp_source_safe,test,1,Deepfakes,0.8291401267051697,0.4307548701763153,1
faceforensics/Deepfakes/737_719/000000.jpg,xception,ffpp_source_safe,test,1,Deepfakes,0.9680057168006897,0.4307548701763153,1
faceforensics/Deepfakes/737_719/000001.jpg,xception,ffpp_source_safe,test,1,Deepfakes,0.15851615369319916,0.4307548701763153,0
faceforensics/Deepfakes/737_719/000002.jpg,xception,ffpp_source_safe,test,1,Deepfakes,0.9356482625007629,0.4307548701763153,1
faceforensics/Deepfakes/737_719/000003.jpg,xception,ffpp_source_safe,test,1,Deepfakes,0.8318659067153931,0.4307548701763153,1
faceforensics/Deepfakes/737_719/000004.jpg,xception,ffpp_source_safe,test,1,Deepfakes,0.9921610951423645,0.4307548701763153,1
faceforensics/Deepfakes/737_719/000005.jpg,xception,ffpp_source_safe,test,1,Deepfakes,0.9556121230125427,0.4307548701763153,1
faceforensics/Deepfakes/737_719/000006.jpg,xception,ffpp_source_safe,test,1,Deepfakes,0.7379536628723145,0.4307548701763153,1
faceforensics/Deepfakes/737_719/000007.jpg,xception,ffpp_source_safe,test,1,Deepfakes,0.9085968732833862,0.4307548701763153,1
faceforensics/Deepfakes/737_719/000008.jpg,xception,ffpp_source_safe,test,1,Deepfakes,0.7987995147705078,0.4307548701763153,1
faceforensics/Deepfakes/737_719/000009.jpg,xception,ffpp_source_safe,test,1,Deepfakes,0.9169855117797852,0.4307548701763153,1
faceforensics/Deepfakes/737_719/000010.jpg,xception,ffpp_source_safe,test,1,Deepfakes,0.8013381958007812,0.4307548701763153,1
faceforensics/Deepfakes/737_719/000011.jpg,xception,ffpp_source_safe,test,1,Deepfakes,0.34811246395111084,0.4307548701763153,0
faceforensics/Deepfakes/737_719/000012.jpg,xception,ffpp_source_safe,test,1,Deepfakes,0.7895589470863342,0.4307548701763153,1
faceforensics/Deepfakes/737_719/000013.jpg,xception,ffpp_source_safe,test,1,Deepfakes,0.5305615663528442,0.4307548701763153,1
faceforensics/Deepfakes/737_719/000014.jpg,xception,ffpp_source_safe,test,1,Deepfakes,0.029505060985684395,0.4307548701763153,0
faceforensics/Deepfakes/737_719/000015.jpg,xception,ffpp_source_safe,test,1,Deepfakes,0.8777346014976501,0.4307548701763153,1
faceforensics/Deepfakes/737_719/000016.jpg,xception,ffpp_source_safe,test,1,Deepfakes,0.15684501826763153,0.4307548701763153,0
faceforensics/Deepfakes/737_719/000017.jpg,xception,ffpp_source_safe,test,1,Deepfakes,0.3468867838382721,0.4307548701763153,0
faceforensics/Deepfakes/737_719/000018.jpg,xception,ffpp_source_safe,test,1,Deepfakes,0.4138711094856262,0.4307548701763153,0
faceforensics/Deepfakes/737_719/000019.jpg,xception,ffpp_source_safe,test,1,Deepfakes,0.4328501522541046,0.4307548701763153,1
faceforensics/Deepfakes/737_719/000020.jpg,xception,ffpp_source_safe,test,1,Deepfakes,0.9711132049560547,0.4307548701763153,1
faceforensics/Deepfakes/737_719/000021.jpg,xception,ffpp_source_safe,test,1,Deepfakes,0.03591950982809067,0.4307548701763153,0
faceforensics/Deepfakes/737_719/000022.jpg,xception,ffpp_source_safe,test,1,Deepfakes,0.460862398147583,0.4307548701763153,1
faceforensics/Deepfakes/737_719/000023.jpg,xception,ffpp_source_safe,test,1,Deepfakes,0.9900549650192261,0.4307548701763153,1
faceforensics/Deepfakes/737_719/000024.jpg,xception,ffpp_source_safe,test,1,Deepfakes,0.9623644948005676,0.4307548701763153,1
faceforensics/Deepfakes/737_719/000025.jpg,xception,ffpp_source_safe,test,1,Deepfakes,0.28890231251716614,0.4307548701763153,0
faceforensics/Deepfakes/737_719/000026.jpg,xception,ffpp_source_safe,test,1,Deepfakes,0.2486366331577301,0.4307548701763153,0
faceforensics/Deepfakes/737_719/000027.jpg,xception,ffpp_source_safe,test,1,Deepfakes,0.9811528921127319,0.4307548701763153,1
faceforensics/Deepfakes/737_719/000028.jpg,xception,ffpp_source_safe,test,1,Deepfakes,0.05886147543787956,0.4307548701763153,0
faceforensics/Deepfakes/737_719/000029.jpg,xception,ffpp_source_safe,test,1,Deepfakes,0.194898784160614,0.4307548701763153,0
faceforensics/Deepfakes/835_651/000000.jpg,xception,ffpp_source_safe,test,1,Deepfakes,0.9988294243812561,0.4307548701763153,1
faceforensics/Deepfakes/835_651/000001.jpg,xception,ffpp_source_safe,test,1,Deepfakes,0.9381607174873352,0.4307548701763153,1
faceforensics/Deepfakes/835_651/000002.jpg,xception,ffpp_source_safe,test,1,Deepfakes,0.9995254278182983,0.4307548701763153,1
faceforensics/Deepfakes/835_651/000003.jpg,xception,ffpp_source_safe,test,1,Deepfakes,0.9998801946640015,0.4307548701763153,1
faceforensics/Deepfakes/835_651/000004.jpg,xception,ffpp_source_safe,test,1,Deepfakes,0.9991057515144348,0.4307548701763153,1
faceforensics/Deepfakes/835_651/000005.jpg,xception,ffpp_source_safe,test,1,Deepfakes,0.999812662601471,0.4307548701763153,1
faceforensics/Deepfakes/835_651/000006.jpg,xception,ffpp_source_safe,test,1,Deepfakes,0.9965527057647705,0.4307548701763153,1
faceforensics/Deepfakes/835_651/000007.jpg,xception,ffpp_source_safe,test,1,Deepfakes,0.990644097328186,0.4307548701763153,1
faceforensics/Deepfakes/835_651/000008.jpg,xception,ffpp_source_safe,test,1,Deepfakes,0.9939591884613037,0.4307548701763153,1
faceforensics/Deepfakes/835_651/000009.jpg,xception,ffpp_source_safe,test,1,Deepfakes,0.9999222755432129,0.4307548701763153,1
faceforensics/Deepfakes/835_651/000010.jpg,xception,ffpp_source_safe,test,1,Deepfakes,0.9998880624771118,0.4307548701763153,1
faceforensics/Deepfakes/835_651/000011.jpg,xception,ffpp_source_safe,test,1,Deepfakes,0.9984971284866333,0.4307548701763153,1
faceforensics/Deepfakes/835_651/000012.jpg,xception,ffpp_source_safe,test,1,Deepfakes,0.9974967837333679,0.4307548701763153,1
faceforensics/Deepfakes/835_651/000013.jpg,xception,ffpp_source_safe,test,1,Deepfakes,0.9974598288536072,0.4307548701763153,1
faceforensics/Deepfakes/835_651/000014.jpg,xception,ffpp_source_safe,test,1,Deepfakes,0.9999531507492065,0.4307548701763153,1
faceforensics/Deepfakes/835_651/000015.jpg,xception,ffpp_source_safe,test,1,Deepfakes,0.9982538819313049,0.4307548701763153,1
faceforensics/Deepfakes/835_651/000016.jpg,xception,ffpp_source_safe,test,1,Deepfakes,0.9999704360961914,0.4307548701763153,1
faceforensics/Deepfakes/835_651/000017.jpg,xception,ffpp_source_safe,test,1,Deepfakes,0.997653067111969,0.4307548701763153,1
faceforensics/Deepfakes/835_651/000018.jpg,xception,ffpp_source_safe,test,1,Deepfakes,0.999169111251831,0.4307548701763153,1
faceforensics/Deepfakes/835_651/000019.jpg,xception,ffpp_source_safe,test,1,Deepfakes,0.9987190961837769,0.4307548701763153,1
faceforensics/Deepfakes/835_651/000020.jpg,xception,ffpp_source_safe,test,1,Deepfakes,0.9998400211334229,0.4307548701763153,1
faceforensics/Deepfakes/835_651/000021.jpg,xception,ffpp_source_safe,test,1,Deepfakes,0.9998226761817932,0.4307548701763153,1
faceforensics/Deepfakes/835_651/000022.jpg,xception,ffpp_source_safe,test,1,Deepfakes,0.9999536275863647,0.4307548701763153,1
faceforensics/Deepfakes/835_651/000023.jpg,xception,ffpp_source_safe,test,1,Deepfakes,0.9999573230743408,0.4307548701763153,1
faceforensics/Deepfakes/835_651/000024.jpg,xception,ffpp_source_safe,test,1,Deepfakes,0.9996920824050903,0.4307548701763153,1
faceforensics/Deepfakes/835_651/000025.jpg,xception,ffpp_source_safe,test,1,Deepfakes,0.995266318321228,0.4307548701763153,1
faceforensics/Deepfakes/835_651/000026.jpg,xception,ffpp_source_safe,test,1,Deepfakes,0.9998201727867126,0.4307548701763153,1
faceforensics/Deepfakes/835_651/000027.jpg,xception,ffpp_source_safe,test,1,Deepfakes,0.9999309778213501,0.4307548701763153,1
faceforensics/Deepfakes/835_651/000028.jpg,xception,ffpp_source_safe,test,1,Deepfakes,0.9990420937538147,0.4307548701763153,1
faceforensics/Deepfakes/835_651/000029.jpg,xception,ffpp_source_safe,test,1,Deepfakes,0.9998812675476074,0.4307548701763153,1
faceforensics/Face2Face/246_258/000000.jpg,xception,ffpp_source_safe,test,1,Face2Face,0.9655652642250061,0.4307548701763153,1
faceforensics/Face2Face/246_258/000001.jpg,xception,ffpp_source_safe,test,1,Face2Face,0.994067907333374,0.4307548701763153,1
faceforensics/Face2Face/246_258/000002.jpg,xception,ffpp_source_safe,test,1,Face2Face,0.9669802784919739,0.4307548701763153,1
faceforensics/Face2Face/246_258/000003.jpg,xception,ffpp_source_safe,test,1,Face2Face,0.9898343086242676,0.4307548701763153,1
faceforensics/Face2Face/246_258/000004.jpg,xception,ffpp_source_safe,test,1,Face2Face,0.9645132422447205,0.4307548701763153,1
faceforensics/Face2Face/246_258/000005.jpg,xception,ffpp_source_safe,test,1,Face2Face,0.9990366697311401,0.4307548701763153,1
faceforensics/Face2Face/246_258/000006.jpg,xception,ffpp_source_safe,test,1,Face2Face,0.9961360096931458,0.4307548701763153,1
faceforensics/Face2Face/246_258/000007.jpg,xception,ffpp_source_safe,test,1,Face2Face,0.9452228546142578,0.4307548701763153,1
faceforensics/Face2Face/246_258/000008.jpg,xception,ffpp_source_safe,test,1,Face2Face,0.9924482107162476,0.4307548701763153,1
faceforensics/Face2Face/246_258/000009.jpg,xception,ffpp_source_safe,test,1,Face2Face,0.7976686954498291,0.4307548701763153,1
faceforensics/Face2Face/246_258/000010.jpg,xception,ffpp_source_safe,test,1,Face2Face,0.9021432399749756,0.4307548701763153,1
faceforensics/Face2Face/246_258/000011.jpg,xception,ffpp_source_safe,test,1,Face2Face,0.8942217826843262,0.4307548701763153,1
faceforensics/Face2Face/246_258/000012.jpg,xception,ffpp_source_safe,test,1,Face2Face,0.615990161895752,0.4307548701763153,1
faceforensics/Face2Face/246_258/000013.jpg,xception,ffpp_source_safe,test,1,Face2Face,0.970844030380249,0.4307548701763153,1
faceforensics/Face2Face/246_258/000014.jpg,xception,ffpp_source_safe,test,1,Face2Face,0.9666310548782349,0.4307548701763153,1
faceforensics/Face2Face/246_258/000015.jpg,xception,ffpp_source_safe,test,1,Face2Face,0.9948940277099609,0.4307548701763153,1
faceforensics/Face2Face/246_258/000016.jpg,xception,ffpp_source_safe,test,1,Face2Face,0.9959456324577332,0.4307548701763153,1
faceforensics/Face2Face/246_258/000017.jpg,xception,ffpp_source_safe,test,1,Face2Face,0.9977491497993469,0.4307548701763153,1
faceforensics/Face2Face/246_258/000018.jpg,xception,ffpp_source_safe,test,1,Face2Face,0.9403732419013977,0.4307548701763153,1
faceforensics/Face2Face/246_258/000019.jpg,xception,ffpp_source_safe,test,1,Face2Face,0.9122927188873291,0.4307548701763153,1
faceforensics/Face2Face/246_258/000020.jpg,xception,ffpp_source_safe,test,1,Face2Face,0.9936819076538086,0.4307548701763153,1
faceforensics/Face2Face/246_258/000021.jpg,xception,ffpp_source_safe,test,1,Face2Face,0.9776591658592224,0.4307548701763153,1
faceforensics/Face2Face/246_258/000022.jpg,xception,ffpp_source_safe,test,1,Face2Face,0.9983164072036743,0.4307548701763153,1
faceforensics/Face2Face/246_258/000023.jpg,xception,ffpp_source_safe,test,1,Face2Face,0.9991351962089539,0.4307548701763153,1
faceforensics/Face2Face/246_258/000024.jpg,xception,ffpp_source_safe,test,1,Face2Face,0.998741090297699,0.4307548701763153,1
faceforensics/Face2Face/246_258/000025.jpg,xception,ffpp_source_safe,test,1,Face2Face,0.999659538269043,0.4307548701763153,1
faceforensics/Face2Face/246_258/000026.jpg,xception,ffpp_source_safe,test,1,Face2Face,0.9985758066177368,0.4307548701763153,1
faceforensics/Face2Face/246_258/000027.jpg,xception,ffpp_source_safe,test,1,Face2Face,0.9247153401374817,0.4307548701763153,1
faceforensics/Face2Face/246_258/000028.jpg,xception,ffpp_source_safe,test,1,Face2Face,0.9785309433937073,0.4307548701763153,1
faceforensics/Face2Face/246_258/000029.jpg,xception,ffpp_source_safe,test,1,Face2Face,0.9756892323493958,0.4307548701763153,1
faceforensics/Face2Face/258_246/000000.jpg,xception,ffpp_source_safe,test,1,Face2Face,0.7854387164115906,0.4307548701763153,1
faceforensics/Face2Face/258_246/000001.jpg,xception,ffpp_source_safe,test,1,Face2Face,0.1561983823776245,0.4307548701763153,0
faceforensics/Face2Face/258_246/000002.jpg,xception,ffpp_source_safe,test,1,Face2Face,0.9905503988265991,0.4307548701763153,1
faceforensics/Face2Face/258_246/000003.jpg,xception,ffpp_source_safe,test,1,Face2Face,0.9924219250679016,0.4307548701763153,1
faceforensics/Face2Face/258_246/000004.jpg,xception,ffpp_source_safe,test,1,Face2Face,0.49098509550094604,0.4307548701763153,1
faceforensics/Face2Face/258_246/000005.jpg,xception,ffpp_source_safe,test,1,Face2Face,0.9996591806411743,0.4307548701763153,1
faceforensics/Face2Face/258_246/000006.jpg,xception,ffpp_source_safe,test,1,Face2Face,0.995310366153717,0.4307548701763153,1
faceforensics/Face2Face/258_246/000007.jpg,xception,ffpp_source_safe,test,1,Face2Face,0.9924322366714478,0.4307548701763153,1
faceforensics/Face2Face/258_246/000008.jpg,xception,ffpp_source_safe,test,1,Face2Face,0.9922148585319519,0.4307548701763153,1
faceforensics/Face2Face/258_246/000009.jpg,xception,ffpp_source_safe,test,1,Face2Face,0.5341708064079285,0.4307548701763153,1
faceforensics/Face2Face/258_246/000010.jpg,xception,ffpp_source_safe,test,1,Face2Face,0.9872044324874878,0.4307548701763153,1
faceforensics/Face2Face/258_246/000011.jpg,xception,ffpp_source_safe,test,1,Face2Face,0.6363914608955383,0.4307548701763153,1
faceforensics/Face2Face/258_246/000012.jpg,xception,ffpp_source_safe,test,1,Face2Face,0.99639493227005,0.4307548701763153,1
faceforensics/Face2Face/258_246/000013.jpg,xception,ffpp_source_safe,test,1,Face2Face,0.9819825887680054,0.4307548701763153,1
faceforensics/Face2Face/258_246/000014.jpg,xception,ffpp_source_safe,test,1,Face2Face,0.9306941628456116,0.4307548701763153,1
faceforensics/Face2Face/258_246/000015.jpg,xception,ffpp_source_safe,test,1,Face2Face,0.9315683245658875,0.4307548701763153,1
faceforensics/Face2Face/258_246/000016.jpg,xception,ffpp_source_safe,test,1,Face2Face,0.9960851669311523,0.4307548701763153,1
faceforensics/Face2Face/258_246/000017.jpg,xception,ffpp_source_safe,test,1,Face2Face,0.9770632982254028,0.4307548701763153,1
faceforensics/Face2Face/258_246/000018.jpg,xception,ffpp_source_safe,test,1,Face2Face,0.9151270389556885,0.4307548701763153,1
faceforensics/Face2Face/258_246/000019.jpg,xception,ffpp_source_safe,test,1,Face2Face,0.7924001812934875,0.4307548701763153,1
faceforensics/Face2Face/258_246/000020.jpg,xception,ffpp_source_safe,test,1,Face2Face,0.9920988082885742,0.4307548701763153,1
faceforensics/Face2Face/258_246/000021.jpg,xception,ffpp_source_safe,test,1,Face2Face,0.9995201826095581,0.4307548701763153,1
faceforensics/Face2Face/258_246/000022.jpg,xception,ffpp_source_safe,test,1,Face2Face,0.9214152693748474,0.4307548701763153,1
faceforensics/Face2Face/258_246/000023.jpg,xception,ffpp_source_safe,test,1,Face2Face,0.9909223914146423,0.4307548701763153,1
faceforensics/Face2Face/258_246/000024.jpg,xception,ffpp_source_safe,test,1,Face2Face,0.9988542795181274,0.4307548701763153,1
faceforensics/Face2Face/258_246/000025.jpg,xception,ffpp_source_safe,test,1,Face2Face,0.9998701810836792,0.4307548701763153,1
faceforensics/Face2Face/258_246/000026.jpg,xception,ffpp_source_safe,test,1,Face2Face,0.9989217519760132,0.4307548701763153,1
faceforensics/Face2Face/258_246/000027.jpg,xception,ffpp_source_safe,test,1,Face2Face,0.9904634952545166,0.4307548701763153,1
faceforensics/Face2Face/258_246/000028.jpg,xception,ffpp_source_safe,test,1,Face2Face,0.7010888457298279,0.4307548701763153,1
faceforensics/Face2Face/258_246/000029.jpg,xception,ffpp_source_safe,test,1,Face2Face,0.8900507092475891,0.4307548701763153,1
faceforensics/Face2Face/468_470/000000.jpg,xception,ffpp_source_safe,test,1,Face2Face,0.9941198825836182,0.4307548701763153,1
faceforensics/Face2Face/468_470/000001.jpg,xception,ffpp_source_safe,test,1,Face2Face,0.9990373849868774,0.4307548701763153,1
faceforensics/Face2Face/468_470/000002.jpg,xception,ffpp_source_safe,test,1,Face2Face,0.9923883080482483,0.4307548701763153,1
faceforensics/Face2Face/468_470/000003.jpg,xception,ffpp_source_safe,test,1,Face2Face,0.9645327925682068,0.4307548701763153,1
faceforensics/Face2Face/468_470/000004.jpg,xception,ffpp_source_safe,test,1,Face2Face,0.9997197985649109,0.4307548701763153,1
faceforensics/Face2Face/468_470/000005.jpg,xception,ffpp_source_safe,test,1,Face2Face,0.9992648959159851,0.4307548701763153,1
faceforensics/Face2Face/468_470/000006.jpg,xception,ffpp_source_safe,test,1,Face2Face,0.9838685393333435,0.4307548701763153,1
faceforensics/Face2Face/468_470/000007.jpg,xception,ffpp_source_safe,test,1,Face2Face,0.9990968704223633,0.4307548701763153,1
faceforensics/Face2Face/468_470/000008.jpg,xception,ffpp_source_safe,test,1,Face2Face,0.9965797066688538,0.4307548701763153,1
faceforensics/Face2Face/468_470/000009.jpg,xception,ffpp_source_safe,test,1,Face2Face,0.9993883371353149,0.4307548701763153,1
faceforensics/Face2Face/468_470/000010.jpg,xception,ffpp_source_safe,test,1,Face2Face,0.9993694424629211,0.4307548701763153,1
faceforensics/Face2Face/468_470/000011.jpg,xception,ffpp_source_safe,test,1,Face2Face,0.9996448755264282,0.4307548701763153,1
faceforensics/Face2Face/468_470/000012.jpg,xception,ffpp_source_safe,test,1,Face2Face,0.9828437566757202,0.4307548701763153,1
faceforensics/Face2Face/468_470/000013.jpg,xception,ffpp_source_safe,test,1,Face2Face,0.9991517066955566,0.4307548701763153,1
faceforensics/Face2Face/468_470/000014.jpg,xception,ffpp_source_safe,test,1,Face2Face,0.945075273513794,0.4307548701763153,1
faceforensics/Face2Face/468_470/000015.jpg,xception,ffpp_source_safe,test,1,Face2Face,0.9996988773345947,0.4307548701763153,1
faceforensics/Face2Face/468_470/000016.jpg,xception,ffpp_source_safe,test,1,Face2Face,0.9990684390068054,0.4307548701763153,1
faceforensics/Face2Face/468_470/000017.jpg,xception,ffpp_source_safe,test,1,Face2Face,0.9979215264320374,0.4307548701763153,1
faceforensics/Face2Face/468_470/000018.jpg,xception,ffpp_source_safe,test,1,Face2Face,0.9990046620368958,0.4307548701763153,1
faceforensics/Face2Face/468_470/000019.jpg,xception,ffpp_source_safe,test,1,Face2Face,0.9902254939079285,0.4307548701763153,1
faceforensics/Face2Face/468_470/000020.jpg,xception,ffpp_source_safe,test,1,Face2Face,0.8682581782341003,0.4307548701763153,1
faceforensics/Face2Face/468_470/000021.jpg,xception,ffpp_source_safe,test,1,Face2Face,0.9954397678375244,0.4307548701763153,1
faceforensics/Face2Face/468_470/000022.jpg,xception,ffpp_source_safe,test,1,Face2Face,0.9963449835777283,0.4307548701763153,1
faceforensics/Face2Face/468_470/000023.jpg,xception,ffpp_source_safe,test,1,Face2Face,0.9994105100631714,0.4307548701763153,1
faceforensics/Face2Face/468_470/000024.jpg,xception,ffpp_source_safe,test,1,Face2Face,0.9972296357154846,0.4307548701763153,1
faceforensics/Face2Face/468_470/000025.jpg,xception,ffpp_source_safe,test,1,Face2Face,0.9994033575057983,0.4307548701763153,1
faceforensics/Face2Face/468_470/000026.jpg,xception,ffpp_source_safe,test,1,Face2Face,0.9993274211883545,0.4307548701763153,1
faceforensics/Face2Face/468_470/000027.jpg,xception,ffpp_source_safe,test,1,Face2Face,0.8924164175987244,0.4307548701763153,1
faceforensics/Face2Face/468_470/000028.jpg,xception,ffpp_source_safe,test,1,Face2Face,0.9995812773704529,0.4307548701763153,1
faceforensics/Face2Face/468_470/000029.jpg,xception,ffpp_source_safe,test,1,Face2Face,0.928862988948822,0.4307548701763153,1
faceforensics/Face2Face/470_468/000000.jpg,xception,ffpp_source_safe,test,1,Face2Face,0.9992320537567139,0.4307548701763153,1
faceforensics/Face2Face/470_468/000001.jpg,xception,ffpp_source_safe,test,1,Face2Face,0.9881731867790222,0.4307548701763153,1
faceforensics/Face2Face/470_468/000002.jpg,xception,ffpp_source_safe,test,1,Face2Face,0.9993120431900024,0.4307548701763153,1
faceforensics/Face2Face/470_468/000003.jpg,xception,ffpp_source_safe,test,1,Face2Face,0.9996578693389893,0.4307548701763153,1
faceforensics/Face2Face/470_468/000004.jpg,xception,ffpp_source_safe,test,1,Face2Face,0.9511827230453491,0.4307548701763153,1
faceforensics/Face2Face/470_468/000005.jpg,xception,ffpp_source_safe,test,1,Face2Face,0.9959251880645752,0.4307548701763153,1
faceforensics/Face2Face/470_468/000006.jpg,xception,ffpp_source_safe,test,1,Face2Face,0.9917541742324829,0.4307548701763153,1
faceforensics/Face2Face/470_468/000007.jpg,xception,ffpp_source_safe,test,1,Face2Face,0.9990882873535156,0.4307548701763153,1
faceforensics/Face2Face/470_468/000008.jpg,xception,ffpp_source_safe,test,1,Face2Face,0.9998973608016968,0.4307548701763153,1
faceforensics/Face2Face/470_468/000009.jpg,xception,ffpp_source_safe,test,1,Face2Face,0.9931272268295288,0.4307548701763153,1
faceforensics/Face2Face/470_468/000010.jpg,xception,ffpp_source_safe,test,1,Face2Face,0.9998854398727417,0.4307548701763153,1
faceforensics/Face2Face/470_468/000011.jpg,xception,ffpp_source_safe,test,1,Face2Face,0.9993269443511963,0.4307548701763153,1
faceforensics/Face2Face/470_468/000012.jpg,xception,ffpp_source_safe,test,1,Face2Face,0.9961872696876526,0.4307548701763153,1
faceforensics/Face2Face/470_468/000013.jpg,xception,ffpp_source_safe,test,1,Face2Face,0.9993762373924255,0.4307548701763153,1
faceforensics/Face2Face/470_468/000014.jpg,xception,ffpp_source_safe,test,1,Face2Face,0.9939219951629639,0.4307548701763153,1
faceforensics/Face2Face/470_468/000015.jpg,xception,ffpp_source_safe,test,1,Face2Face,0.9993860721588135,0.4307548701763153,1
faceforensics/Face2Face/470_468/000016.jpg,xception,ffpp_source_safe,test,1,Face2Face,0.9958024621009827,0.4307548701763153,1
faceforensics/Face2Face/470_468/000017.jpg,xception,ffpp_source_safe,test,1,Face2Face,0.9944403767585754,0.4307548701763153,1
faceforensics/Face2Face/470_468/000018.jpg,xception,ffpp_source_safe,test,1,Face2Face,0.9996629953384399,0.4307548701763153,1
faceforensics/Face2Face/470_468/000019.jpg,xception,ffpp_source_safe,test,1,Face2Face,0.9990041851997375,0.4307548701763153,1
faceforensics/Face2Face/470_468/000020.jpg,xception,ffpp_source_safe,test,1,Face2Face,0.9957154393196106,0.4307548701763153,1
faceforensics/Face2Face/470_468/000021.jpg,xception,ffpp_source_safe,test,1,Face2Face,0.9980621933937073,0.4307548701763153,1
faceforensics/Face2Face/470_468/000022.jpg,xception,ffpp_source_safe,test,1,Face2Face,0.9986866116523743,0.4307548701763153,1
faceforensics/Face2Face/470_468/000023.jpg,xception,ffpp_source_safe,test,1,Face2Face,0.9846790432929993,0.4307548701763153,1
faceforensics/Face2Face/470_468/000024.jpg,xception,ffpp_source_safe,test,1,Face2Face,0.9970268607139587,0.4307548701763153,1
faceforensics/Face2Face/470_468/000025.jpg,xception,ffpp_source_safe,test,1,Face2Face,0.994678258895874,0.4307548701763153,1
faceforensics/Face2Face/470_468/000026.jpg,xception,ffpp_source_safe,test,1,Face2Face,0.9995371103286743,0.4307548701763153,1
faceforensics/Face2Face/470_468/000027.jpg,xception,ffpp_source_safe,test,1,Face2Face,0.9999784231185913,0.4307548701763153,1
faceforensics/Face2Face/470_468/000028.jpg,xception,ffpp_source_safe,test,1,Face2Face,0.9999392032623291,0.4307548701763153,1
faceforensics/Face2Face/470_468/000029.jpg,xception,ffpp_source_safe,test,1,Face2Face,0.9986382126808167,0.4307548701763153,1
faceforensics/Face2Face/651_835/000000.jpg,xception,ffpp_source_safe,test,1,Face2Face,0.9888822436332703,0.4307548701763153,1
faceforensics/Face2Face/651_835/000001.jpg,xception,ffpp_source_safe,test,1,Face2Face,0.9980456829071045,0.4307548701763153,1
faceforensics/Face2Face/651_835/000002.jpg,xception,ffpp_source_safe,test,1,Face2Face,0.9993265867233276,0.4307548701763153,1
faceforensics/Face2Face/651_835/000003.jpg,xception,ffpp_source_safe,test,1,Face2Face,0.9968871474266052,0.4307548701763153,1
faceforensics/Face2Face/651_835/000004.jpg,xception,ffpp_source_safe,test,1,Face2Face,0.9973865151405334,0.4307548701763153,1
faceforensics/Face2Face/651_835/000005.jpg,xception,ffpp_source_safe,test,1,Face2Face,0.9777706265449524,0.4307548701763153,1
faceforensics/Face2Face/651_835/000006.jpg,xception,ffpp_source_safe,test,1,Face2Face,0.9946204423904419,0.4307548701763153,1
faceforensics/Face2Face/651_835/000007.jpg,xception,ffpp_source_safe,test,1,Face2Face,0.9055415987968445,0.4307548701763153,1
faceforensics/Face2Face/651_835/000008.jpg,xception,ffpp_source_safe,test,1,Face2Face,0.9957471489906311,0.4307548701763153,1
faceforensics/Face2Face/651_835/000009.jpg,xception,ffpp_source_safe,test,1,Face2Face,0.9956029653549194,0.4307548701763153,1
faceforensics/Face2Face/651_835/000010.jpg,xception,ffpp_source_safe,test,1,Face2Face,0.9938879609107971,0.4307548701763153,1
faceforensics/Face2Face/651_835/000011.jpg,xception,ffpp_source_safe,test,1,Face2Face,0.9770486950874329,0.4307548701763153,1
faceforensics/Face2Face/651_835/000012.jpg,xception,ffpp_source_safe,test,1,Face2Face,0.9923572540283203,0.4307548701763153,1
faceforensics/Face2Face/651_835/000013.jpg,xception,ffpp_source_safe,test,1,Face2Face,0.9975925087928772,0.4307548701763153,1
faceforensics/Face2Face/651_835/000014.jpg,xception,ffpp_source_safe,test,1,Face2Face,0.9856326580047607,0.4307548701763153,1
faceforensics/Face2Face/651_835/000015.jpg,xception,ffpp_source_safe,test,1,Face2Face,0.991575300693512,0.4307548701763153,1
faceforensics/Face2Face/651_835/000016.jpg,xception,ffpp_source_safe,test,1,Face2Face,0.9937143921852112,0.4307548701763153,1
faceforensics/Face2Face/651_835/000017.jpg,xception,ffpp_source_safe,test,1,Face2Face,0.9998093247413635,0.4307548701763153,1
faceforensics/Face2Face/651_835/000018.jpg,xception,ffpp_source_safe,test,1,Face2Face,0.9997100234031677,0.4307548701763153,1
faceforensics/Face2Face/651_835/000019.jpg,xception,ffpp_source_safe,test,1,Face2Face,0.9998051524162292,0.4307548701763153,1
faceforensics/Face2Face/651_835/000020.jpg,xception,ffpp_source_safe,test,1,Face2Face,0.9990171194076538,0.4307548701763153,1
faceforensics/Face2Face/651_835/000021.jpg,xception,ffpp_source_safe,test,1,Face2Face,0.6871458888053894,0.4307548701763153,1
faceforensics/Face2Face/651_835/000022.jpg,xception,ffpp_source_safe,test,1,Face2Face,0.9931812882423401,0.4307548701763153,1
faceforensics/Face2Face/651_835/000023.jpg,xception,ffpp_source_safe,test,1,Face2Face,0.9958631992340088,0.4307548701763153,1
faceforensics/Face2Face/651_835/000024.jpg,xception,ffpp_source_safe,test,1,Face2Face,0.9973043203353882,0.4307548701763153,1
faceforensics/Face2Face/651_835/000025.jpg,xception,ffpp_source_safe,test,1,Face2Face,0.9309749007225037,0.4307548701763153,1
faceforensics/Face2Face/651_835/000026.jpg,xception,ffpp_source_safe,test,1,Face2Face,0.9997406601905823,0.4307548701763153,1
faceforensics/Face2Face/651_835/000027.jpg,xception,ffpp_source_safe,test,1,Face2Face,0.9996953010559082,0.4307548701763153,1
faceforensics/Face2Face/651_835/000028.jpg,xception,ffpp_source_safe,test,1,Face2Face,0.9970454573631287,0.4307548701763153,1
faceforensics/Face2Face/651_835/000029.jpg,xception,ffpp_source_safe,test,1,Face2Face,0.993728518486023,0.4307548701763153,1
faceforensics/Face2Face/719_737/000000.jpg,xception,ffpp_source_safe,test,1,Face2Face,0.962202787399292,0.4307548701763153,1
faceforensics/Face2Face/719_737/000001.jpg,xception,ffpp_source_safe,test,1,Face2Face,0.8520298600196838,0.4307548701763153,1
faceforensics/Face2Face/719_737/000002.jpg,xception,ffpp_source_safe,test,1,Face2Face,0.6268557906150818,0.4307548701763153,1
faceforensics/Face2Face/719_737/000003.jpg,xception,ffpp_source_safe,test,1,Face2Face,0.5561783909797668,0.4307548701763153,1
faceforensics/Face2Face/719_737/000004.jpg,xception,ffpp_source_safe,test,1,Face2Face,0.9922676682472229,0.4307548701763153,1
faceforensics/Face2Face/719_737/000005.jpg,xception,ffpp_source_safe,test,1,Face2Face,0.9117278456687927,0.4307548701763153,1
faceforensics/Face2Face/719_737/000006.jpg,xception,ffpp_source_safe,test,1,Face2Face,0.9332287907600403,0.4307548701763153,1
faceforensics/Face2Face/719_737/000007.jpg,xception,ffpp_source_safe,test,1,Face2Face,0.9982386827468872,0.4307548701763153,1
faceforensics/Face2Face/719_737/000008.jpg,xception,ffpp_source_safe,test,1,Face2Face,0.6691449880599976,0.4307548701763153,1
faceforensics/Face2Face/719_737/000009.jpg,xception,ffpp_source_safe,test,1,Face2Face,0.7207345962524414,0.4307548701763153,1
faceforensics/Face2Face/719_737/000010.jpg,xception,ffpp_source_safe,test,1,Face2Face,0.9699555039405823,0.4307548701763153,1
faceforensics/Face2Face/719_737/000011.jpg,xception,ffpp_source_safe,test,1,Face2Face,0.9961029291152954,0.4307548701763153,1
faceforensics/Face2Face/719_737/000012.jpg,xception,ffpp_source_safe,test,1,Face2Face,0.9938790798187256,0.4307548701763153,1
faceforensics/Face2Face/719_737/000013.jpg,xception,ffpp_source_safe,test,1,Face2Face,0.9800407886505127,0.4307548701763153,1
faceforensics/Face2Face/719_737/000014.jpg,xception,ffpp_source_safe,test,1,Face2Face,0.9951927661895752,0.4307548701763153,1
faceforensics/Face2Face/719_737/000015.jpg,xception,ffpp_source_safe,test,1,Face2Face,0.9991298317909241,0.4307548701763153,1
faceforensics/Face2Face/719_737/000016.jpg,xception,ffpp_source_safe,test,1,Face2Face,0.9978682994842529,0.4307548701763153,1
faceforensics/Face2Face/719_737/000017.jpg,xception,ffpp_source_safe,test,1,Face2Face,0.3632242977619171,0.4307548701763153,0
faceforensics/Face2Face/719_737/000018.jpg,xception,ffpp_source_safe,test,1,Face2Face,0.24496391415596008,0.4307548701763153,0
faceforensics/Face2Face/719_737/000019.jpg,xception,ffpp_source_safe,test,1,Face2Face,0.970152735710144,0.4307548701763153,1
faceforensics/Face2Face/719_737/000020.jpg,xception,ffpp_source_safe,test,1,Face2Face,0.9626267552375793,0.4307548701763153,1
faceforensics/Face2Face/719_737/000021.jpg,xception,ffpp_source_safe,test,1,Face2Face,0.4398882985115051,0.4307548701763153,1
faceforensics/Face2Face/719_737/000022.jpg,xception,ffpp_source_safe,test,1,Face2Face,0.7292839884757996,0.4307548701763153,1
faceforensics/Face2Face/719_737/000023.jpg,xception,ffpp_source_safe,test,1,Face2Face,0.8729333281517029,0.4307548701763153,1
faceforensics/Face2Face/719_737/000024.jpg,xception,ffpp_source_safe,test,1,Face2Face,0.9905365109443665,0.4307548701763153,1
faceforensics/Face2Face/719_737/000025.jpg,xception,ffpp_source_safe,test,1,Face2Face,0.3365646302700043,0.4307548701763153,0
faceforensics/Face2Face/719_737/000026.jpg,xception,ffpp_source_safe,test,1,Face2Face,0.08676017075777054,0.4307548701763153,0
faceforensics/Face2Face/719_737/000027.jpg,xception,ffpp_source_safe,test,1,Face2Face,0.9198023080825806,0.4307548701763153,1
faceforensics/Face2Face/719_737/000028.jpg,xception,ffpp_source_safe,test,1,Face2Face,0.9212448596954346,0.4307548701763153,1
faceforensics/Face2Face/719_737/000029.jpg,xception,ffpp_source_safe,test,1,Face2Face,0.6372478008270264,0.4307548701763153,1
faceforensics/Face2Face/737_719/000000.jpg,xception,ffpp_source_safe,test,1,Face2Face,0.9711726903915405,0.4307548701763153,1
faceforensics/Face2Face/737_719/000001.jpg,xception,ffpp_source_safe,test,1,Face2Face,0.9058837890625,0.4307548701763153,1
faceforensics/Face2Face/737_719/000002.jpg,xception,ffpp_source_safe,test,1,Face2Face,0.9725541472434998,0.4307548701763153,1
faceforensics/Face2Face/737_719/000003.jpg,xception,ffpp_source_safe,test,1,Face2Face,0.9847354888916016,0.4307548701763153,1
faceforensics/Face2Face/737_719/000004.jpg,xception,ffpp_source_safe,test,1,Face2Face,0.9880287051200867,0.4307548701763153,1
faceforensics/Face2Face/737_719/000005.jpg,xception,ffpp_source_safe,test,1,Face2Face,0.9572685956954956,0.4307548701763153,1
faceforensics/Face2Face/737_719/000006.jpg,xception,ffpp_source_safe,test,1,Face2Face,0.9755250215530396,0.4307548701763153,1
faceforensics/Face2Face/737_719/000007.jpg,xception,ffpp_source_safe,test,1,Face2Face,0.9880621433258057,0.4307548701763153,1
faceforensics/Face2Face/737_719/000008.jpg,xception,ffpp_source_safe,test,1,Face2Face,0.9796825051307678,0.4307548701763153,1
faceforensics/Face2Face/737_719/000009.jpg,xception,ffpp_source_safe,test,1,Face2Face,0.8606551885604858,0.4307548701763153,1
faceforensics/Face2Face/737_719/000010.jpg,xception,ffpp_source_safe,test,1,Face2Face,0.8924261927604675,0.4307548701763153,1
faceforensics/Face2Face/737_719/000011.jpg,xception,ffpp_source_safe,test,1,Face2Face,0.8799393773078918,0.4307548701763153,1
faceforensics/Face2Face/737_719/000012.jpg,xception,ffpp_source_safe,test,1,Face2Face,0.9858932495117188,0.4307548701763153,1
faceforensics/Face2Face/737_719/000013.jpg,xception,ffpp_source_safe,test,1,Face2Face,0.9972558617591858,0.4307548701763153,1
faceforensics/Face2Face/737_719/000014.jpg,xception,ffpp_source_safe,test,1,Face2Face,0.9980263113975525,0.4307548701763153,1
faceforensics/Face2Face/737_719/000015.jpg,xception,ffpp_source_safe,test,1,Face2Face,0.9744303822517395,0.4307548701763153,1
faceforensics/Face2Face/737_719/000016.jpg,xception,ffpp_source_safe,test,1,Face2Face,0.9487950205802917,0.4307548701763153,1
faceforensics/Face2Face/737_719/000017.jpg,xception,ffpp_source_safe,test,1,Face2Face,0.9368040561676025,0.4307548701763153,1
faceforensics/Face2Face/737_719/000018.jpg,xception,ffpp_source_safe,test,1,Face2Face,0.9891342520713806,0.4307548701763153,1
faceforensics/Face2Face/737_719/000019.jpg,xception,ffpp_source_safe,test,1,Face2Face,0.9964218139648438,0.4307548701763153,1
faceforensics/Face2Face/737_719/000020.jpg,xception,ffpp_source_safe,test,1,Face2Face,0.6461264491081238,0.4307548701763153,1
faceforensics/Face2Face/737_719/000021.jpg,xception,ffpp_source_safe,test,1,Face2Face,0.9748824238777161,0.4307548701763153,1
faceforensics/Face2Face/737_719/000022.jpg,xception,ffpp_source_safe,test,1,Face2Face,0.9493875503540039,0.4307548701763153,1
faceforensics/Face2Face/737_719/000023.jpg,xception,ffpp_source_safe,test,1,Face2Face,0.938025176525116,0.4307548701763153,1
faceforensics/Face2Face/737_719/000024.jpg,xception,ffpp_source_safe,test,1,Face2Face,0.9693807363510132,0.4307548701763153,1
faceforensics/Face2Face/737_719/000025.jpg,xception,ffpp_source_safe,test,1,Face2Face,0.8398296236991882,0.4307548701763153,1
faceforensics/Face2Face/737_719/000026.jpg,xception,ffpp_source_safe,test,1,Face2Face,0.9516675472259521,0.4307548701763153,1
faceforensics/Face2Face/737_719/000027.jpg,xception,ffpp_source_safe,test,1,Face2Face,0.9794952869415283,0.4307548701763153,1
faceforensics/Face2Face/737_719/000028.jpg,xception,ffpp_source_safe,test,1,Face2Face,0.9970194697380066,0.4307548701763153,1
faceforensics/Face2Face/737_719/000029.jpg,xception,ffpp_source_safe,test,1,Face2Face,0.42864105105400085,0.4307548701763153,0
faceforensics/Face2Face/835_651/000000.jpg,xception,ffpp_source_safe,test,1,Face2Face,0.9955581426620483,0.4307548701763153,1
faceforensics/Face2Face/835_651/000001.jpg,xception,ffpp_source_safe,test,1,Face2Face,0.956963062286377,0.4307548701763153,1
faceforensics/Face2Face/835_651/000002.jpg,xception,ffpp_source_safe,test,1,Face2Face,0.9993451237678528,0.4307548701763153,1
faceforensics/Face2Face/835_651/000003.jpg,xception,ffpp_source_safe,test,1,Face2Face,0.9927687644958496,0.4307548701763153,1
faceforensics/Face2Face/835_651/000004.jpg,xception,ffpp_source_safe,test,1,Face2Face,0.9631935954093933,0.4307548701763153,1
faceforensics/Face2Face/835_651/000005.jpg,xception,ffpp_source_safe,test,1,Face2Face,0.9969913959503174,0.4307548701763153,1
faceforensics/Face2Face/835_651/000006.jpg,xception,ffpp_source_safe,test,1,Face2Face,0.8684787750244141,0.4307548701763153,1
faceforensics/Face2Face/835_651/000007.jpg,xception,ffpp_source_safe,test,1,Face2Face,0.9186270236968994,0.4307548701763153,1
faceforensics/Face2Face/835_651/000008.jpg,xception,ffpp_source_safe,test,1,Face2Face,0.9969900846481323,0.4307548701763153,1
faceforensics/Face2Face/835_651/000009.jpg,xception,ffpp_source_safe,test,1,Face2Face,0.9814155101776123,0.4307548701763153,1
faceforensics/Face2Face/835_651/000010.jpg,xception,ffpp_source_safe,test,1,Face2Face,0.8970360159873962,0.4307548701763153,1
faceforensics/Face2Face/835_651/000011.jpg,xception,ffpp_source_safe,test,1,Face2Face,0.9909080266952515,0.4307548701763153,1
faceforensics/Face2Face/835_651/000012.jpg,xception,ffpp_source_safe,test,1,Face2Face,0.9940351843833923,0.4307548701763153,1
faceforensics/Face2Face/835_651/000013.jpg,xception,ffpp_source_safe,test,1,Face2Face,0.9995997548103333,0.4307548701763153,1
faceforensics/Face2Face/835_651/000014.jpg,xception,ffpp_source_safe,test,1,Face2Face,0.9893814325332642,0.4307548701763153,1
faceforensics/Face2Face/835_651/000015.jpg,xception,ffpp_source_safe,test,1,Face2Face,0.9989475607872009,0.4307548701763153,1
faceforensics/Face2Face/835_651/000016.jpg,xception,ffpp_source_safe,test,1,Face2Face,0.9996412992477417,0.4307548701763153,1
faceforensics/Face2Face/835_651/000017.jpg,xception,ffpp_source_safe,test,1,Face2Face,0.9996604919433594,0.4307548701763153,1
faceforensics/Face2Face/835_651/000018.jpg,xception,ffpp_source_safe,test,1,Face2Face,0.9881057739257812,0.4307548701763153,1
faceforensics/Face2Face/835_651/000019.jpg,xception,ffpp_source_safe,test,1,Face2Face,0.9944460391998291,0.4307548701763153,1
faceforensics/Face2Face/835_651/000020.jpg,xception,ffpp_source_safe,test,1,Face2Face,0.9984814524650574,0.4307548701763153,1
faceforensics/Face2Face/835_651/000021.jpg,xception,ffpp_source_safe,test,1,Face2Face,0.9991990923881531,0.4307548701763153,1
faceforensics/Face2Face/835_651/000022.jpg,xception,ffpp_source_safe,test,1,Face2Face,0.9891085624694824,0.4307548701763153,1
faceforensics/Face2Face/835_651/000023.jpg,xception,ffpp_source_safe,test,1,Face2Face,0.9991562366485596,0.4307548701763153,1
faceforensics/Face2Face/835_651/000024.jpg,xception,ffpp_source_safe,test,1,Face2Face,0.9987890124320984,0.4307548701763153,1
faceforensics/Face2Face/835_651/000025.jpg,xception,ffpp_source_safe,test,1,Face2Face,0.9999366998672485,0.4307548701763153,1
faceforensics/Face2Face/835_651/000026.jpg,xception,ffpp_source_safe,test,1,Face2Face,0.9994959831237793,0.4307548701763153,1
faceforensics/Face2Face/835_651/000027.jpg,xception,ffpp_source_safe,test,1,Face2Face,0.99781334400177,0.4307548701763153,1
faceforensics/Face2Face/835_651/000028.jpg,xception,ffpp_source_safe,test,1,Face2Face,0.9922552108764648,0.4307548701763153,1
faceforensics/Face2Face/835_651/000029.jpg,xception,ffpp_source_safe,test,1,Face2Face,0.9939970970153809,0.4307548701763153,1
faceforensics/FaceSwap/246_258/000000.jpg,xception,ffpp_source_safe,test,1,FaceSwap,0.9996250867843628,0.4307548701763153,1
faceforensics/FaceSwap/246_258/000001.jpg,xception,ffpp_source_safe,test,1,FaceSwap,0.9999544620513916,0.4307548701763153,1
faceforensics/FaceSwap/246_258/000002.jpg,xception,ffpp_source_safe,test,1,FaceSwap,0.9988006353378296,0.4307548701763153,1
faceforensics/FaceSwap/246_258/000003.jpg,xception,ffpp_source_safe,test,1,FaceSwap,0.9990850687026978,0.4307548701763153,1
faceforensics/FaceSwap/246_258/000004.jpg,xception,ffpp_source_safe,test,1,FaceSwap,0.9991828799247742,0.4307548701763153,1
faceforensics/FaceSwap/246_258/000005.jpg,xception,ffpp_source_safe,test,1,FaceSwap,0.999600350856781,0.4307548701763153,1
faceforensics/FaceSwap/246_258/000006.jpg,xception,ffpp_source_safe,test,1,FaceSwap,0.9979821443557739,0.4307548701763153,1
faceforensics/FaceSwap/246_258/000007.jpg,xception,ffpp_source_safe,test,1,FaceSwap,0.9994206428527832,0.4307548701763153,1
faceforensics/FaceSwap/246_258/000008.jpg,xception,ffpp_source_safe,test,1,FaceSwap,0.9995662569999695,0.4307548701763153,1
faceforensics/FaceSwap/246_258/000009.jpg,xception,ffpp_source_safe,test,1,FaceSwap,0.9998273253440857,0.4307548701763153,1
faceforensics/FaceSwap/246_258/000010.jpg,xception,ffpp_source_safe,test,1,FaceSwap,0.9998443126678467,0.4307548701763153,1
faceforensics/FaceSwap/246_258/000011.jpg,xception,ffpp_source_safe,test,1,FaceSwap,0.9991787075996399,0.4307548701763153,1
faceforensics/FaceSwap/246_258/000012.jpg,xception,ffpp_source_safe,test,1,FaceSwap,0.9978969097137451,0.4307548701763153,1
faceforensics/FaceSwap/246_258/000013.jpg,xception,ffpp_source_safe,test,1,FaceSwap,0.8948968052864075,0.4307548701763153,1
faceforensics/FaceSwap/246_258/000014.jpg,xception,ffpp_source_safe,test,1,FaceSwap,0.999842643737793,0.4307548701763153,1
faceforensics/FaceSwap/246_258/000015.jpg,xception,ffpp_source_safe,test,1,FaceSwap,0.9974133372306824,0.4307548701763153,1
faceforensics/FaceSwap/246_258/000016.jpg,xception,ffpp_source_safe,test,1,FaceSwap,0.9999443292617798,0.4307548701763153,1
faceforensics/FaceSwap/246_258/000017.jpg,xception,ffpp_source_safe,test,1,FaceSwap,0.9988808035850525,0.4307548701763153,1
faceforensics/FaceSwap/246_258/000018.jpg,xception,ffpp_source_safe,test,1,FaceSwap,0.9991673231124878,0.4307548701763153,1
faceforensics/FaceSwap/246_258/000019.jpg,xception,ffpp_source_safe,test,1,FaceSwap,0.9955863952636719,0.4307548701763153,1
faceforensics/FaceSwap/246_258/000020.jpg,xception,ffpp_source_safe,test,1,FaceSwap,0.6868737936019897,0.4307548701763153,1
faceforensics/FaceSwap/246_258/000021.jpg,xception,ffpp_source_safe,test,1,FaceSwap,0.9958025813102722,0.4307548701763153,1
faceforensics/FaceSwap/246_258/000022.jpg,xception,ffpp_source_safe,test,1,FaceSwap,0.9998156428337097,0.4307548701763153,1
faceforensics/FaceSwap/246_258/000023.jpg,xception,ffpp_source_safe,test,1,FaceSwap,0.9995797276496887,0.4307548701763153,1
faceforensics/FaceSwap/246_258/000024.jpg,xception,ffpp_source_safe,test,1,FaceSwap,0.9999469518661499,0.4307548701763153,1
faceforensics/FaceSwap/246_258/000025.jpg,xception,ffpp_source_safe,test,1,FaceSwap,0.999945878982544,0.4307548701763153,1
faceforensics/FaceSwap/246_258/000026.jpg,xception,ffpp_source_safe,test,1,FaceSwap,0.9996746778488159,0.4307548701763153,1
faceforensics/FaceSwap/246_258/000027.jpg,xception,ffpp_source_safe,test,1,FaceSwap,0.9998680353164673,0.4307548701763153,1
faceforensics/FaceSwap/246_258/000028.jpg,xception,ffpp_source_safe,test,1,FaceSwap,0.9997608065605164,0.4307548701763153,1
faceforensics/FaceSwap/246_258/000029.jpg,xception,ffpp_source_safe,test,1,FaceSwap,0.9984508752822876,0.4307548701763153,1
faceforensics/FaceSwap/258_246/000000.jpg,xception,ffpp_source_safe,test,1,FaceSwap,0.2578654885292053,0.4307548701763153,0
faceforensics/FaceSwap/258_246/000001.jpg,xception,ffpp_source_safe,test,1,FaceSwap,0.9242667555809021,0.4307548701763153,1
faceforensics/FaceSwap/258_246/000002.jpg,xception,ffpp_source_safe,test,1,FaceSwap,0.9950388073921204,0.4307548701763153,1
faceforensics/FaceSwap/258_246/000003.jpg,xception,ffpp_source_safe,test,1,FaceSwap,0.9577648043632507,0.4307548701763153,1
faceforensics/FaceSwap/258_246/000004.jpg,xception,ffpp_source_safe,test,1,FaceSwap,0.9992307424545288,0.4307548701763153,1
faceforensics/FaceSwap/258_246/000005.jpg,xception,ffpp_source_safe,test,1,FaceSwap,0.3980684280395508,0.4307548701763153,0
faceforensics/FaceSwap/258_246/000006.jpg,xception,ffpp_source_safe,test,1,FaceSwap,0.6346025466918945,0.4307548701763153,1
faceforensics/FaceSwap/258_246/000007.jpg,xception,ffpp_source_safe,test,1,FaceSwap,0.9965170621871948,0.4307548701763153,1
faceforensics/FaceSwap/258_246/000008.jpg,xception,ffpp_source_safe,test,1,FaceSwap,0.999506950378418,0.4307548701763153,1
faceforensics/FaceSwap/258_246/000009.jpg,xception,ffpp_source_safe,test,1,FaceSwap,0.9641916155815125,0.4307548701763153,1
faceforensics/FaceSwap/258_246/000010.jpg,xception,ffpp_source_safe,test,1,FaceSwap,0.9807553887367249,0.4307548701763153,1
faceforensics/FaceSwap/258_246/000011.jpg,xception,ffpp_source_safe,test,1,FaceSwap,0.3189376890659332,0.4307548701763153,0
faceforensics/FaceSwap/258_246/000012.jpg,xception,ffpp_source_safe,test,1,FaceSwap,0.7723492383956909,0.4307548701763153,1
faceforensics/FaceSwap/258_246/000013.jpg,xception,ffpp_source_safe,test,1,FaceSwap,0.42117151618003845,0.4307548701763153,0
faceforensics/FaceSwap/258_246/000014.jpg,xception,ffpp_source_safe,test,1,FaceSwap,0.9923420548439026,0.4307548701763153,1
faceforensics/FaceSwap/258_246/000015.jpg,xception,ffpp_source_safe,test,1,FaceSwap,0.9159849882125854,0.4307548701763153,1
faceforensics/FaceSwap/258_246/000016.jpg,xception,ffpp_source_safe,test,1,FaceSwap,0.25581932067871094,0.4307548701763153,0
faceforensics/FaceSwap/258_246/000017.jpg,xception,ffpp_source_safe,test,1,FaceSwap,0.9991870522499084,0.4307548701763153,1
faceforensics/FaceSwap/258_246/000018.jpg,xception,ffpp_source_safe,test,1,FaceSwap,0.9908238649368286,0.4307548701763153,1
faceforensics/FaceSwap/258_246/000019.jpg,xception,ffpp_source_safe,test,1,FaceSwap,0.9989381432533264,0.4307548701763153,1
faceforensics/FaceSwap/258_246/000020.jpg,xception,ffpp_source_safe,test,1,FaceSwap,0.9938235282897949,0.4307548701763153,1
faceforensics/FaceSwap/258_246/000021.jpg,xception,ffpp_source_safe,test,1,FaceSwap,0.9994022846221924,0.4307548701763153,1
faceforensics/FaceSwap/258_246/000022.jpg,xception,ffpp_source_safe,test,1,FaceSwap,0.9221724271774292,0.4307548701763153,1
faceforensics/FaceSwap/258_246/000023.jpg,xception,ffpp_source_safe,test,1,FaceSwap,0.5621716380119324,0.4307548701763153,1
faceforensics/FaceSwap/258_246/000024.jpg,xception,ffpp_source_safe,test,1,FaceSwap,0.933022141456604,0.4307548701763153,1
faceforensics/FaceSwap/258_246/000025.jpg,xception,ffpp_source_safe,test,1,FaceSwap,0.9992678761482239,0.4307548701763153,1
faceforensics/FaceSwap/258_246/000026.jpg,xception,ffpp_source_safe,test,1,FaceSwap,0.9531537294387817,0.4307548701763153,1
faceforensics/FaceSwap/258_246/000027.jpg,xception,ffpp_source_safe,test,1,FaceSwap,0.9979111552238464,0.4307548701763153,1
faceforensics/FaceSwap/258_246/000028.jpg,xception,ffpp_source_safe,test,1,FaceSwap,0.9937633872032166,0.4307548701763153,1
faceforensics/FaceSwap/258_246/000029.jpg,xception,ffpp_source_safe,test,1,FaceSwap,0.9853698015213013,0.4307548701763153,1
faceforensics/FaceSwap/468_470/000000.jpg,xception,ffpp_source_safe,test,1,FaceSwap,0.9821088314056396,0.4307548701763153,1
faceforensics/FaceSwap/468_470/000001.jpg,xception,ffpp_source_safe,test,1,FaceSwap,0.9895723462104797,0.4307548701763153,1
faceforensics/FaceSwap/468_470/000002.jpg,xception,ffpp_source_safe,test,1,FaceSwap,0.5589199662208557,0.4307548701763153,1
faceforensics/FaceSwap/468_470/000003.jpg,xception,ffpp_source_safe,test,1,FaceSwap,0.8433934450149536,0.4307548701763153,1
faceforensics/FaceSwap/468_470/000004.jpg,xception,ffpp_source_safe,test,1,FaceSwap,0.4773437976837158,0.4307548701763153,1
faceforensics/FaceSwap/468_470/000005.jpg,xception,ffpp_source_safe,test,1,FaceSwap,0.9878439903259277,0.4307548701763153,1
faceforensics/FaceSwap/468_470/000006.jpg,xception,ffpp_source_safe,test,1,FaceSwap,0.8672341108322144,0.4307548701763153,1
faceforensics/FaceSwap/468_470/000007.jpg,xception,ffpp_source_safe,test,1,FaceSwap,0.8479408621788025,0.4307548701763153,1
faceforensics/FaceSwap/468_470/000008.jpg,xception,ffpp_source_safe,test,1,FaceSwap,0.9840707778930664,0.4307548701763153,1
faceforensics/FaceSwap/468_470/000009.jpg,xception,ffpp_source_safe,test,1,FaceSwap,0.8480405807495117,0.4307548701763153,1
faceforensics/FaceSwap/468_470/000010.jpg,xception,ffpp_source_safe,test,1,FaceSwap,0.9709563851356506,0.4307548701763153,1
faceforensics/FaceSwap/468_470/000011.jpg,xception,ffpp_source_safe,test,1,FaceSwap,0.4083336889743805,0.4307548701763153,0
faceforensics/FaceSwap/468_470/000012.jpg,xception,ffpp_source_safe,test,1,FaceSwap,0.6206567287445068,0.4307548701763153,1
faceforensics/FaceSwap/468_470/000013.jpg,xception,ffpp_source_safe,test,1,FaceSwap,0.07982050627470016,0.4307548701763153,0
faceforensics/FaceSwap/468_470/000014.jpg,xception,ffpp_source_safe,test,1,FaceSwap,0.9269111752510071,0.4307548701763153,1
faceforensics/FaceSwap/468_470/000015.jpg,xception,ffpp_source_safe,test,1,FaceSwap,0.045371949672698975,0.4307548701763153,0
faceforensics/FaceSwap/468_470/000016.jpg,xception,ffpp_source_safe,test,1,FaceSwap,0.14248991012573242,0.4307548701763153,0
faceforensics/FaceSwap/468_470/000017.jpg,xception,ffpp_source_safe,test,1,FaceSwap,0.8999382853507996,0.4307548701763153,1
faceforensics/FaceSwap/468_470/000018.jpg,xception,ffpp_source_safe,test,1,FaceSwap,0.998801589012146,0.4307548701763153,1
faceforensics/FaceSwap/468_470/000019.jpg,xception,ffpp_source_safe,test,1,FaceSwap,0.9238309860229492,0.4307548701763153,1
faceforensics/FaceSwap/468_470/000020.jpg,xception,ffpp_source_safe,test,1,FaceSwap,0.9474912285804749,0.4307548701763153,1
faceforensics/FaceSwap/468_470/000021.jpg,xception,ffpp_source_safe,test,1,FaceSwap,0.9386277198791504,0.4307548701763153,1
faceforensics/FaceSwap/468_470/000022.jpg,xception,ffpp_source_safe,test,1,FaceSwap,0.8640857338905334,0.4307548701763153,1
faceforensics/FaceSwap/468_470/000023.jpg,xception,ffpp_source_safe,test,1,FaceSwap,0.1455799788236618,0.4307548701763153,0
faceforensics/FaceSwap/468_470/000024.jpg,xception,ffpp_source_safe,test,1,FaceSwap,0.40901604294776917,0.4307548701763153,0
faceforensics/FaceSwap/468_470/000025.jpg,xception,ffpp_source_safe,test,1,FaceSwap,0.7622232437133789,0.4307548701763153,1
faceforensics/FaceSwap/468_470/000026.jpg,xception,ffpp_source_safe,test,1,FaceSwap,0.23003144562244415,0.4307548701763153,0
faceforensics/FaceSwap/468_470/000027.jpg,xception,ffpp_source_safe,test,1,FaceSwap,0.9677858352661133,0.4307548701763153,1
faceforensics/FaceSwap/468_470/000028.jpg,xception,ffpp_source_safe,test,1,FaceSwap,0.7736643552780151,0.4307548701763153,1
faceforensics/FaceSwap/468_470/000029.jpg,xception,ffpp_source_safe,test,1,FaceSwap,0.982042133808136,0.4307548701763153,1
faceforensics/FaceSwap/470_468/000000.jpg,xception,ffpp_source_safe,test,1,FaceSwap,0.9687206149101257,0.4307548701763153,1
faceforensics/FaceSwap/470_468/000001.jpg,xception,ffpp_source_safe,test,1,FaceSwap,0.9264229536056519,0.4307548701763153,1
faceforensics/FaceSwap/470_468/000002.jpg,xception,ffpp_source_safe,test,1,FaceSwap,0.9494325518608093,0.4307548701763153,1
faceforensics/FaceSwap/470_468/000003.jpg,xception,ffpp_source_safe,test,1,FaceSwap,0.36205172538757324,0.4307548701763153,0
faceforensics/FaceSwap/470_468/000004.jpg,xception,ffpp_source_safe,test,1,FaceSwap,0.9815728664398193,0.4307548701763153,1
faceforensics/FaceSwap/470_468/000005.jpg,xception,ffpp_source_safe,test,1,FaceSwap,0.9859334826469421,0.4307548701763153,1
faceforensics/FaceSwap/470_468/000006.jpg,xception,ffpp_source_safe,test,1,FaceSwap,0.9648266434669495,0.4307548701763153,1
faceforensics/FaceSwap/470_468/000007.jpg,xception,ffpp_source_safe,test,1,FaceSwap,0.6594722867012024,0.4307548701763153,1
faceforensics/FaceSwap/470_468/000008.jpg,xception,ffpp_source_safe,test,1,FaceSwap,0.9683255553245544,0.4307548701763153,1
faceforensics/FaceSwap/470_468/000009.jpg,xception,ffpp_source_safe,test,1,FaceSwap,0.9494366645812988,0.4307548701763153,1
faceforensics/FaceSwap/470_468/000010.jpg,xception,ffpp_source_safe,test,1,FaceSwap,0.05333365872502327,0.4307548701763153,0
faceforensics/FaceSwap/470_468/000011.jpg,xception,ffpp_source_safe,test,1,FaceSwap,0.9976044297218323,0.4307548701763153,1
faceforensics/FaceSwap/470_468/000012.jpg,xception,ffpp_source_safe,test,1,FaceSwap,0.2804291248321533,0.4307548701763153,0
faceforensics/FaceSwap/470_468/000013.jpg,xception,ffpp_source_safe,test,1,FaceSwap,0.9237626194953918,0.4307548701763153,1
faceforensics/FaceSwap/470_468/000014.jpg,xception,ffpp_source_safe,test,1,FaceSwap,0.9873256683349609,0.4307548701763153,1
faceforensics/FaceSwap/470_468/000015.jpg,xception,ffpp_source_safe,test,1,FaceSwap,0.9811599850654602,0.4307548701763153,1
faceforensics/FaceSwap/470_468/000016.jpg,xception,ffpp_source_safe,test,1,FaceSwap,0.978623628616333,0.4307548701763153,1
faceforensics/FaceSwap/470_468/000017.jpg,xception,ffpp_source_safe,test,1,FaceSwap,0.9067680239677429,0.4307548701763153,1
faceforensics/FaceSwap/470_468/000018.jpg,xception,ffpp_source_safe,test,1,FaceSwap,0.9930424690246582,0.4307548701763153,1
faceforensics/FaceSwap/470_468/000019.jpg,xception,ffpp_source_safe,test,1,FaceSwap,0.9629983305931091,0.4307548701763153,1
faceforensics/FaceSwap/470_468/000020.jpg,xception,ffpp_source_safe,test,1,FaceSwap,0.2298477292060852,0.4307548701763153,0
faceforensics/FaceSwap/470_468/000021.jpg,xception,ffpp_source_safe,test,1,FaceSwap,0.9988948702812195,0.4307548701763153,1
faceforensics/FaceSwap/470_468/000022.jpg,xception,ffpp_source_safe,test,1,FaceSwap,0.8706046342849731,0.4307548701763153,1
faceforensics/FaceSwap/470_468/000023.jpg,xception,ffpp_source_safe,test,1,FaceSwap,0.9814141392707825,0.4307548701763153,1
faceforensics/FaceSwap/470_468/000024.jpg,xception,ffpp_source_safe,test,1,FaceSwap,0.7068644762039185,0.4307548701763153,1
faceforensics/FaceSwap/470_468/000025.jpg,xception,ffpp_source_safe,test,1,FaceSwap,0.972370445728302,0.4307548701763153,1
faceforensics/FaceSwap/470_468/000026.jpg,xception,ffpp_source_safe,test,1,FaceSwap,0.5532222986221313,0.4307548701763153,1
faceforensics/FaceSwap/470_468/000027.jpg,xception,ffpp_source_safe,test,1,FaceSwap,0.7386437058448792,0.4307548701763153,1
faceforensics/FaceSwap/470_468/000028.jpg,xception,ffpp_source_safe,test,1,FaceSwap,0.2846722900867462,0.4307548701763153,0
faceforensics/FaceSwap/470_468/000029.jpg,xception,ffpp_source_safe,test,1,FaceSwap,0.8723123073577881,0.4307548701763153,1
faceforensics/FaceSwap/651_835/000000.jpg,xception,ffpp_source_safe,test,1,FaceSwap,0.1967058926820755,0.4307548701763153,0
faceforensics/FaceSwap/651_835/000001.jpg,xception,ffpp_source_safe,test,1,FaceSwap,0.7604981064796448,0.4307548701763153,1
faceforensics/FaceSwap/651_835/000002.jpg,xception,ffpp_source_safe,test,1,FaceSwap,0.543278157711029,0.4307548701763153,1
faceforensics/FaceSwap/651_835/000003.jpg,xception,ffpp_source_safe,test,1,FaceSwap,0.8804326057434082,0.4307548701763153,1
faceforensics/FaceSwap/651_835/000004.jpg,xception,ffpp_source_safe,test,1,FaceSwap,0.9806790351867676,0.4307548701763153,1
faceforensics/FaceSwap/651_835/000005.jpg,xception,ffpp_source_safe,test,1,FaceSwap,0.5327005386352539,0.4307548701763153,1
faceforensics/FaceSwap/651_835/000006.jpg,xception,ffpp_source_safe,test,1,FaceSwap,0.5577185153961182,0.4307548701763153,1
faceforensics/FaceSwap/651_835/000007.jpg,xception,ffpp_source_safe,test,1,FaceSwap,0.6897390484809875,0.4307548701763153,1
faceforensics/FaceSwap/651_835/000008.jpg,xception,ffpp_source_safe,test,1,FaceSwap,0.9921112060546875,0.4307548701763153,1
faceforensics/FaceSwap/651_835/000009.jpg,xception,ffpp_source_safe,test,1,FaceSwap,0.19790585339069366,0.4307548701763153,0
faceforensics/FaceSwap/651_835/000010.jpg,xception,ffpp_source_safe,test,1,FaceSwap,0.46541765332221985,0.4307548701763153,1
faceforensics/FaceSwap/651_835/000011.jpg,xception,ffpp_source_safe,test,1,FaceSwap,0.9223363995552063,0.4307548701763153,1
faceforensics/FaceSwap/651_835/000012.jpg,xception,ffpp_source_safe,test,1,FaceSwap,0.29696768522262573,0.4307548701763153,0
faceforensics/FaceSwap/651_835/000013.jpg,xception,ffpp_source_safe,test,1,FaceSwap,0.9923932552337646,0.4307548701763153,1
faceforensics/FaceSwap/651_835/000014.jpg,xception,ffpp_source_safe,test,1,FaceSwap,0.9985438585281372,0.4307548701763153,1
faceforensics/FaceSwap/651_835/000015.jpg,xception,ffpp_source_safe,test,1,FaceSwap,0.8381665349006653,0.4307548701763153,1
faceforensics/FaceSwap/651_835/000016.jpg,xception,ffpp_source_safe,test,1,FaceSwap,0.5466887354850769,0.4307548701763153,1
faceforensics/FaceSwap/651_835/000017.jpg,xception,ffpp_source_safe,test,1,FaceSwap,0.382226824760437,0.4307548701763153,0
faceforensics/FaceSwap/651_835/000018.jpg,xception,ffpp_source_safe,test,1,FaceSwap,0.04183492437005043,0.4307548701763153,0
faceforensics/FaceSwap/651_835/000019.jpg,xception,ffpp_source_safe,test,1,FaceSwap,0.06958223879337311,0.4307548701763153,0
faceforensics/FaceSwap/651_835/000020.jpg,xception,ffpp_source_safe,test,1,FaceSwap,0.9341750741004944,0.4307548701763153,1
faceforensics/FaceSwap/651_835/000021.jpg,xception,ffpp_source_safe,test,1,FaceSwap,0.3795282542705536,0.4307548701763153,0
faceforensics/FaceSwap/651_835/000022.jpg,xception,ffpp_source_safe,test,1,FaceSwap,0.061722010374069214,0.4307548701763153,0
faceforensics/FaceSwap/651_835/000023.jpg,xception,ffpp_source_safe,test,1,FaceSwap,0.5665855407714844,0.4307548701763153,1
faceforensics/FaceSwap/651_835/000024.jpg,xception,ffpp_source_safe,test,1,FaceSwap,0.0398392491042614,0.4307548701763153,0
faceforensics/FaceSwap/651_835/000025.jpg,xception,ffpp_source_safe,test,1,FaceSwap,0.5054122805595398,0.4307548701763153,1
faceforensics/FaceSwap/651_835/000026.jpg,xception,ffpp_source_safe,test,1,FaceSwap,0.8489435315132141,0.4307548701763153,1
faceforensics/FaceSwap/651_835/000027.jpg,xception,ffpp_source_safe,test,1,FaceSwap,0.0536186583340168,0.4307548701763153,0
faceforensics/FaceSwap/651_835/000028.jpg,xception,ffpp_source_safe,test,1,FaceSwap,0.9767122864723206,0.4307548701763153,1
faceforensics/FaceSwap/651_835/000029.jpg,xception,ffpp_source_safe,test,1,FaceSwap,0.849801242351532,0.4307548701763153,1
faceforensics/FaceSwap/719_737/000000.jpg,xception,ffpp_source_safe,test,1,FaceSwap,0.033262595534324646,0.4307548701763153,0
faceforensics/FaceSwap/719_737/000001.jpg,xception,ffpp_source_safe,test,1,FaceSwap,0.9794084429740906,0.4307548701763153,1
faceforensics/FaceSwap/719_737/000002.jpg,xception,ffpp_source_safe,test,1,FaceSwap,0.8635185956954956,0.4307548701763153,1
faceforensics/FaceSwap/719_737/000003.jpg,xception,ffpp_source_safe,test,1,FaceSwap,0.974272608757019,0.4307548701763153,1
faceforensics/FaceSwap/719_737/000004.jpg,xception,ffpp_source_safe,test,1,FaceSwap,0.9867975115776062,0.4307548701763153,1
faceforensics/FaceSwap/719_737/000005.jpg,xception,ffpp_source_safe,test,1,FaceSwap,0.9980778694152832,0.4307548701763153,1
faceforensics/FaceSwap/719_737/000006.jpg,xception,ffpp_source_safe,test,1,FaceSwap,0.9484979510307312,0.4307548701763153,1
faceforensics/FaceSwap/719_737/000007.jpg,xception,ffpp_source_safe,test,1,FaceSwap,0.8729971647262573,0.4307548701763153,1
faceforensics/FaceSwap/719_737/000008.jpg,xception,ffpp_source_safe,test,1,FaceSwap,0.8949675559997559,0.4307548701763153,1
faceforensics/FaceSwap/719_737/000009.jpg,xception,ffpp_source_safe,test,1,FaceSwap,0.8745452165603638,0.4307548701763153,1
faceforensics/FaceSwap/719_737/000010.jpg,xception,ffpp_source_safe,test,1,FaceSwap,0.9992870688438416,0.4307548701763153,1
faceforensics/FaceSwap/719_737/000011.jpg,xception,ffpp_source_safe,test,1,FaceSwap,0.057317230850458145,0.4307548701763153,0
faceforensics/FaceSwap/719_737/000012.jpg,xception,ffpp_source_safe,test,1,FaceSwap,0.9982995390892029,0.4307548701763153,1
faceforensics/FaceSwap/719_737/000013.jpg,xception,ffpp_source_safe,test,1,FaceSwap,0.9942798614501953,0.4307548701763153,1
faceforensics/FaceSwap/719_737/000014.jpg,xception,ffpp_source_safe,test,1,FaceSwap,0.9707592129707336,0.4307548701763153,1
faceforensics/FaceSwap/719_737/000015.jpg,xception,ffpp_source_safe,test,1,FaceSwap,0.8984684348106384,0.4307548701763153,1
faceforensics/FaceSwap/719_737/000016.jpg,xception,ffpp_source_safe,test,1,FaceSwap,0.9981618523597717,0.4307548701763153,1
faceforensics/FaceSwap/719_737/000017.jpg,xception,ffpp_source_safe,test,1,FaceSwap,0.9798152446746826,0.4307548701763153,1
faceforensics/FaceSwap/719_737/000018.jpg,xception,ffpp_source_safe,test,1,FaceSwap,0.9975680708885193,0.4307548701763153,1
faceforensics/FaceSwap/719_737/000019.jpg,xception,ffpp_source_safe,test,1,FaceSwap,0.475628137588501,0.4307548701763153,1
faceforensics/FaceSwap/719_737/000020.jpg,xception,ffpp_source_safe,test,1,FaceSwap,0.8350200653076172,0.4307548701763153,1
faceforensics/FaceSwap/719_737/000021.jpg,xception,ffpp_source_safe,test,1,FaceSwap,0.019541066139936447,0.4307548701763153,0
faceforensics/FaceSwap/719_737/000022.jpg,xception,ffpp_source_safe,test,1,FaceSwap,0.8938905000686646,0.4307548701763153,1
faceforensics/FaceSwap/719_737/000023.jpg,xception,ffpp_source_safe,test,1,FaceSwap,0.6418920159339905,0.4307548701763153,1
faceforensics/FaceSwap/719_737/000024.jpg,xception,ffpp_source_safe,test,1,FaceSwap,0.3528526723384857,0.4307548701763153,0
faceforensics/FaceSwap/719_737/000025.jpg,xception,ffpp_source_safe,test,1,FaceSwap,0.9903619289398193,0.4307548701763153,1
faceforensics/FaceSwap/719_737/000026.jpg,xception,ffpp_source_safe,test,1,FaceSwap,0.9915775060653687,0.4307548701763153,1
faceforensics/FaceSwap/719_737/000027.jpg,xception,ffpp_source_safe,test,1,FaceSwap,0.9467619061470032,0.4307548701763153,1
faceforensics/FaceSwap/719_737/000028.jpg,xception,ffpp_source_safe,test,1,FaceSwap,0.9180100560188293,0.4307548701763153,1
faceforensics/FaceSwap/719_737/000029.jpg,xception,ffpp_source_safe,test,1,FaceSwap,0.9868785738945007,0.4307548701763153,1
faceforensics/FaceSwap/737_719/000000.jpg,xception,ffpp_source_safe,test,1,FaceSwap,0.5579847693443298,0.4307548701763153,1
faceforensics/FaceSwap/737_719/000001.jpg,xception,ffpp_source_safe,test,1,FaceSwap,0.20906025171279907,0.4307548701763153,0
faceforensics/FaceSwap/737_719/000002.jpg,xception,ffpp_source_safe,test,1,FaceSwap,0.07130318135023117,0.4307548701763153,0
faceforensics/FaceSwap/737_719/000003.jpg,xception,ffpp_source_safe,test,1,FaceSwap,0.013581088744103909,0.4307548701763153,0
faceforensics/FaceSwap/737_719/000004.jpg,xception,ffpp_source_safe,test,1,FaceSwap,0.023728664964437485,0.4307548701763153,0
faceforensics/FaceSwap/737_719/000005.jpg,xception,ffpp_source_safe,test,1,FaceSwap,0.06573743373155594,0.4307548701763153,0
faceforensics/FaceSwap/737_719/000006.jpg,xception,ffpp_source_safe,test,1,FaceSwap,0.010329078882932663,0.4307548701763153,0
faceforensics/FaceSwap/737_719/000007.jpg,xception,ffpp_source_safe,test,1,FaceSwap,0.005132635589689016,0.4307548701763153,0
faceforensics/FaceSwap/737_719/000008.jpg,xception,ffpp_source_safe,test,1,FaceSwap,0.007044426631182432,0.4307548701763153,0
faceforensics/FaceSwap/737_719/000009.jpg,xception,ffpp_source_safe,test,1,FaceSwap,0.23560461401939392,0.4307548701763153,0
faceforensics/FaceSwap/737_719/000010.jpg,xception,ffpp_source_safe,test,1,FaceSwap,0.03999136760830879,0.4307548701763153,0
faceforensics/FaceSwap/737_719/000011.jpg,xception,ffpp_source_safe,test,1,FaceSwap,0.05753784254193306,0.4307548701763153,0
faceforensics/FaceSwap/737_719/000012.jpg,xception,ffpp_source_safe,test,1,FaceSwap,0.22258828580379486,0.4307548701763153,0
faceforensics/FaceSwap/737_719/000013.jpg,xception,ffpp_source_safe,test,1,FaceSwap,0.4274730384349823,0.4307548701763153,0
faceforensics/FaceSwap/737_719/000014.jpg,xception,ffpp_source_safe,test,1,FaceSwap,0.23204149305820465,0.4307548701763153,0
faceforensics/FaceSwap/737_719/000015.jpg,xception,ffpp_source_safe,test,1,FaceSwap,0.026548879221081734,0.4307548701763153,0
faceforensics/FaceSwap/737_719/000016.jpg,xception,ffpp_source_safe,test,1,FaceSwap,0.07262559235095978,0.4307548701763153,0
faceforensics/FaceSwap/737_719/000017.jpg,xception,ffpp_source_safe,test,1,FaceSwap,0.2366742491722107,0.4307548701763153,0
faceforensics/FaceSwap/737_719/000018.jpg,xception,ffpp_source_safe,test,1,FaceSwap,0.13210320472717285,0.4307548701763153,0
faceforensics/FaceSwap/737_719/000019.jpg,xception,ffpp_source_safe,test,1,FaceSwap,0.860724925994873,0.4307548701763153,1
faceforensics/FaceSwap/737_719/000020.jpg,xception,ffpp_source_safe,test,1,FaceSwap,0.002543704817071557,0.4307548701763153,0
faceforensics/FaceSwap/737_719/000021.jpg,xception,ffpp_source_safe,test,1,FaceSwap,0.9627463221549988,0.4307548701763153,1
faceforensics/FaceSwap/737_719/000022.jpg,xception,ffpp_source_safe,test,1,FaceSwap,0.025793034583330154,0.4307548701763153,0
faceforensics/FaceSwap/737_719/000023.jpg,xception,ffpp_source_safe,test,1,FaceSwap,0.08970052748918533,0.4307548701763153,0
faceforensics/FaceSwap/737_719/000024.jpg,xception,ffpp_source_safe,test,1,FaceSwap,0.004963870160281658,0.4307548701763153,0
faceforensics/FaceSwap/737_719/000025.jpg,xception,ffpp_source_safe,test,1,FaceSwap,0.26405641436576843,0.4307548701763153,0
faceforensics/FaceSwap/737_719/000026.jpg,xception,ffpp_source_safe,test,1,FaceSwap,0.0674612745642662,0.4307548701763153,0
faceforensics/FaceSwap/737_719/000027.jpg,xception,ffpp_source_safe,test,1,FaceSwap,0.1437164694070816,0.4307548701763153,0
faceforensics/FaceSwap/737_719/000028.jpg,xception,ffpp_source_safe,test,1,FaceSwap,0.012534717097878456,0.4307548701763153,0
faceforensics/FaceSwap/737_719/000029.jpg,xception,ffpp_source_safe,test,1,FaceSwap,0.30650341510772705,0.4307548701763153,0
faceforensics/FaceSwap/835_651/000000.jpg,xception,ffpp_source_safe,test,1,FaceSwap,0.9995911717414856,0.4307548701763153,1
faceforensics/FaceSwap/835_651/000001.jpg,xception,ffpp_source_safe,test,1,FaceSwap,0.9994418025016785,0.4307548701763153,1
faceforensics/FaceSwap/835_651/000002.jpg,xception,ffpp_source_safe,test,1,FaceSwap,0.9626738429069519,0.4307548701763153,1
faceforensics/FaceSwap/835_651/000003.jpg,xception,ffpp_source_safe,test,1,FaceSwap,0.999681830406189,0.4307548701763153,1
faceforensics/FaceSwap/835_651/000004.jpg,xception,ffpp_source_safe,test,1,FaceSwap,0.9967142343521118,0.4307548701763153,1
faceforensics/FaceSwap/835_651/000005.jpg,xception,ffpp_source_safe,test,1,FaceSwap,0.9966949224472046,0.4307548701763153,1
faceforensics/FaceSwap/835_651/000006.jpg,xception,ffpp_source_safe,test,1,FaceSwap,0.9993964433670044,0.4307548701763153,1
faceforensics/FaceSwap/835_651/000007.jpg,xception,ffpp_source_safe,test,1,FaceSwap,0.9983710646629333,0.4307548701763153,1
faceforensics/FaceSwap/835_651/000008.jpg,xception,ffpp_source_safe,test,1,FaceSwap,0.9967374205589294,0.4307548701763153,1
faceforensics/FaceSwap/835_651/000009.jpg,xception,ffpp_source_safe,test,1,FaceSwap,0.991232693195343,0.4307548701763153,1
faceforensics/FaceSwap/835_651/000010.jpg,xception,ffpp_source_safe,test,1,FaceSwap,0.9972739815711975,0.4307548701763153,1
faceforensics/FaceSwap/835_651/000011.jpg,xception,ffpp_source_safe,test,1,FaceSwap,0.9995023012161255,0.4307548701763153,1
faceforensics/FaceSwap/835_651/000012.jpg,xception,ffpp_source_safe,test,1,FaceSwap,0.9994207620620728,0.4307548701763153,1
faceforensics/FaceSwap/835_651/000013.jpg,xception,ffpp_source_safe,test,1,FaceSwap,0.9992225170135498,0.4307548701763153,1
faceforensics/FaceSwap/835_651/000014.jpg,xception,ffpp_source_safe,test,1,FaceSwap,0.9992281198501587,0.4307548701763153,1
faceforensics/FaceSwap/835_651/000015.jpg,xception,ffpp_source_safe,test,1,FaceSwap,0.9985132813453674,0.4307548701763153,1
faceforensics/FaceSwap/835_651/000016.jpg,xception,ffpp_source_safe,test,1,FaceSwap,0.9995976090431213,0.4307548701763153,1
faceforensics/FaceSwap/835_651/000017.jpg,xception,ffpp_source_safe,test,1,FaceSwap,0.9974642992019653,0.4307548701763153,1
faceforensics/FaceSwap/835_651/000018.jpg,xception,ffpp_source_safe,test,1,FaceSwap,0.8405046463012695,0.4307548701763153,1
faceforensics/FaceSwap/835_651/000019.jpg,xception,ffpp_source_safe,test,1,FaceSwap,0.9556471109390259,0.4307548701763153,1
faceforensics/FaceSwap/835_651/000020.jpg,xception,ffpp_source_safe,test,1,FaceSwap,0.9563623666763306,0.4307548701763153,1
faceforensics/FaceSwap/835_651/000021.jpg,xception,ffpp_source_safe,test,1,FaceSwap,0.998167872428894,0.4307548701763153,1
faceforensics/FaceSwap/835_651/000022.jpg,xception,ffpp_source_safe,test,1,FaceSwap,0.9971535205841064,0.4307548701763153,1
faceforensics/FaceSwap/835_651/000023.jpg,xception,ffpp_source_safe,test,1,FaceSwap,0.6394712328910828,0.4307548701763153,1
faceforensics/FaceSwap/835_651/000024.jpg,xception,ffpp_source_safe,test,1,FaceSwap,0.9954416751861572,0.4307548701763153,1
faceforensics/FaceSwap/835_651/000025.jpg,xception,ffpp_source_safe,test,1,FaceSwap,0.9995307922363281,0.4307548701763153,1
faceforensics/FaceSwap/835_651/000026.jpg,xception,ffpp_source_safe,test,1,FaceSwap,0.9996813535690308,0.4307548701763153,1
faceforensics/FaceSwap/835_651/000027.jpg,xception,ffpp_source_safe,test,1,FaceSwap,0.9998630285263062,0.4307548701763153,1
faceforensics/FaceSwap/835_651/000028.jpg,xception,ffpp_source_safe,test,1,FaceSwap,0.9998716115951538,0.4307548701763153,1
faceforensics/FaceSwap/835_651/000029.jpg,xception,ffpp_source_safe,test,1,FaceSwap,0.9918034076690674,0.4307548701763153,1
faceforensics/NeuralTextures/246_258/000000.jpg,xception,ffpp_source_safe,test,1,NeuralTextures,0.8348225355148315,0.4307548701763153,1
faceforensics/NeuralTextures/246_258/000001.jpg,xception,ffpp_source_safe,test,1,NeuralTextures,0.9966333508491516,0.4307548701763153,1
faceforensics/NeuralTextures/246_258/000002.jpg,xception,ffpp_source_safe,test,1,NeuralTextures,0.9942904710769653,0.4307548701763153,1
faceforensics/NeuralTextures/246_258/000003.jpg,xception,ffpp_source_safe,test,1,NeuralTextures,0.947912871837616,0.4307548701763153,1
faceforensics/NeuralTextures/246_258/000004.jpg,xception,ffpp_source_safe,test,1,NeuralTextures,0.9924951791763306,0.4307548701763153,1
faceforensics/NeuralTextures/246_258/000005.jpg,xception,ffpp_source_safe,test,1,NeuralTextures,0.9530296325683594,0.4307548701763153,1
faceforensics/NeuralTextures/246_258/000006.jpg,xception,ffpp_source_safe,test,1,NeuralTextures,0.9706582427024841,0.4307548701763153,1
faceforensics/NeuralTextures/246_258/000007.jpg,xception,ffpp_source_safe,test,1,NeuralTextures,0.5572820901870728,0.4307548701763153,1
faceforensics/NeuralTextures/246_258/000008.jpg,xception,ffpp_source_safe,test,1,NeuralTextures,0.9971292614936829,0.4307548701763153,1
faceforensics/NeuralTextures/246_258/000009.jpg,xception,ffpp_source_safe,test,1,NeuralTextures,0.9868519902229309,0.4307548701763153,1
faceforensics/NeuralTextures/246_258/000010.jpg,xception,ffpp_source_safe,test,1,NeuralTextures,0.993033766746521,0.4307548701763153,1
faceforensics/NeuralTextures/246_258/000011.jpg,xception,ffpp_source_safe,test,1,NeuralTextures,0.9974937438964844,0.4307548701763153,1
faceforensics/NeuralTextures/246_258/000012.jpg,xception,ffpp_source_safe,test,1,NeuralTextures,0.9894608855247498,0.4307548701763153,1
faceforensics/NeuralTextures/246_258/000013.jpg,xception,ffpp_source_safe,test,1,NeuralTextures,0.9692376255989075,0.4307548701763153,1
faceforensics/NeuralTextures/246_258/000014.jpg,xception,ffpp_source_safe,test,1,NeuralTextures,0.9994072914123535,0.4307548701763153,1
faceforensics/NeuralTextures/246_258/000015.jpg,xception,ffpp_source_safe,test,1,NeuralTextures,0.9927678108215332,0.4307548701763153,1
faceforensics/NeuralTextures/246_258/000016.jpg,xception,ffpp_source_safe,test,1,NeuralTextures,0.9901384115219116,0.4307548701763153,1
faceforensics/NeuralTextures/246_258/000017.jpg,xception,ffpp_source_safe,test,1,NeuralTextures,0.9926445484161377,0.4307548701763153,1
faceforensics/NeuralTextures/246_258/000018.jpg,xception,ffpp_source_safe,test,1,NeuralTextures,0.9384850263595581,0.4307548701763153,1
faceforensics/NeuralTextures/246_258/000019.jpg,xception,ffpp_source_safe,test,1,NeuralTextures,0.9123512506484985,0.4307548701763153,1
faceforensics/NeuralTextures/246_258/000020.jpg,xception,ffpp_source_safe,test,1,NeuralTextures,0.9878522157669067,0.4307548701763153,1
faceforensics/NeuralTextures/246_258/000021.jpg,xception,ffpp_source_safe,test,1,NeuralTextures,0.9984015822410583,0.4307548701763153,1
faceforensics/NeuralTextures/246_258/000022.jpg,xception,ffpp_source_safe,test,1,NeuralTextures,0.9902467727661133,0.4307548701763153,1
faceforensics/NeuralTextures/246_258/000023.jpg,xception,ffpp_source_safe,test,1,NeuralTextures,0.944882869720459,0.4307548701763153,1
faceforensics/NeuralTextures/246_258/000024.jpg,xception,ffpp_source_safe,test,1,NeuralTextures,0.6411482691764832,0.4307548701763153,1
faceforensics/NeuralTextures/246_258/000025.jpg,xception,ffpp_source_safe,test,1,NeuralTextures,0.973504900932312,0.4307548701763153,1
faceforensics/NeuralTextures/246_258/000026.jpg,xception,ffpp_source_safe,test,1,NeuralTextures,0.9150998592376709,0.4307548701763153,1
faceforensics/NeuralTextures/246_258/000027.jpg,xception,ffpp_source_safe,test,1,NeuralTextures,0.9829683899879456,0.4307548701763153,1
faceforensics/NeuralTextures/246_258/000028.jpg,xception,ffpp_source_safe,test,1,NeuralTextures,0.9945458173751831,0.4307548701763153,1
faceforensics/NeuralTextures/246_258/000029.jpg,xception,ffpp_source_safe,test,1,NeuralTextures,0.7152454853057861,0.4307548701763153,1
faceforensics/NeuralTextures/258_246/000000.jpg,xception,ffpp_source_safe,test,1,NeuralTextures,0.46030405163764954,0.4307548701763153,1
faceforensics/NeuralTextures/258_246/000001.jpg,xception,ffpp_source_safe,test,1,NeuralTextures,0.9914770722389221,0.4307548701763153,1
faceforensics/NeuralTextures/258_246/000002.jpg,xception,ffpp_source_safe,test,1,NeuralTextures,0.9953664541244507,0.4307548701763153,1
faceforensics/NeuralTextures/258_246/000003.jpg,xception,ffpp_source_safe,test,1,NeuralTextures,0.9996893405914307,0.4307548701763153,1
faceforensics/NeuralTextures/258_246/000004.jpg,xception,ffpp_source_safe,test,1,NeuralTextures,0.9980200529098511,0.4307548701763153,1
faceforensics/NeuralTextures/258_246/000005.jpg,xception,ffpp_source_safe,test,1,NeuralTextures,0.44688570499420166,0.4307548701763153,1
faceforensics/NeuralTextures/258_246/000006.jpg,xception,ffpp_source_safe,test,1,NeuralTextures,0.9943302869796753,0.4307548701763153,1
faceforensics/NeuralTextures/258_246/000007.jpg,xception,ffpp_source_safe,test,1,NeuralTextures,0.9992747902870178,0.4307548701763153,1
faceforensics/NeuralTextures/258_246/000008.jpg,xception,ffpp_source_safe,test,1,NeuralTextures,0.9995125532150269,0.4307548701763153,1
faceforensics/NeuralTextures/258_246/000009.jpg,xception,ffpp_source_safe,test,1,NeuralTextures,0.9987348914146423,0.4307548701763153,1
faceforensics/NeuralTextures/258_246/000010.jpg,xception,ffpp_source_safe,test,1,NeuralTextures,0.9863182306289673,0.4307548701763153,1
faceforensics/NeuralTextures/258_246/000011.jpg,xception,ffpp_source_safe,test,1,NeuralTextures,0.48717060685157776,0.4307548701763153,1
faceforensics/NeuralTextures/258_246/000012.jpg,xception,ffpp_source_safe,test,1,NeuralTextures,0.9919934272766113,0.4307548701763153,1
faceforensics/NeuralTextures/258_246/000013.jpg,xception,ffpp_source_safe,test,1,NeuralTextures,0.9746114015579224,0.4307548701763153,1
faceforensics/NeuralTextures/258_246/000014.jpg,xception,ffpp_source_safe,test,1,NeuralTextures,0.9592713117599487,0.4307548701763153,1
faceforensics/NeuralTextures/258_246/000015.jpg,xception,ffpp_source_safe,test,1,NeuralTextures,0.999480664730072,0.4307548701763153,1
faceforensics/NeuralTextures/258_246/000016.jpg,xception,ffpp_source_safe,test,1,NeuralTextures,0.8661055564880371,0.4307548701763153,1
faceforensics/NeuralTextures/258_246/000017.jpg,xception,ffpp_source_safe,test,1,NeuralTextures,0.9995611310005188,0.4307548701763153,1
faceforensics/NeuralTextures/258_246/000018.jpg,xception,ffpp_source_safe,test,1,NeuralTextures,0.9983445405960083,0.4307548701763153,1
faceforensics/NeuralTextures/258_246/000019.jpg,xception,ffpp_source_safe,test,1,NeuralTextures,0.9985541701316833,0.4307548701763153,1
faceforensics/NeuralTextures/258_246/000020.jpg,xception,ffpp_source_safe,test,1,NeuralTextures,0.9946908354759216,0.4307548701763153,1
faceforensics/NeuralTextures/258_246/000021.jpg,xception,ffpp_source_safe,test,1,NeuralTextures,0.9911963939666748,0.4307548701763153,1
faceforensics/NeuralTextures/258_246/000022.jpg,xception,ffpp_source_safe,test,1,NeuralTextures,0.9997503161430359,0.4307548701763153,1
faceforensics/NeuralTextures/258_246/000023.jpg,xception,ffpp_source_safe,test,1,NeuralTextures,0.9974822402000427,0.4307548701763153,1
faceforensics/NeuralTextures/258_246/000024.jpg,xception,ffpp_source_safe,test,1,NeuralTextures,0.9996615648269653,0.4307548701763153,1
faceforensics/NeuralTextures/258_246/000025.jpg,xception,ffpp_source_safe,test,1,NeuralTextures,0.9957513809204102,0.4307548701763153,1
faceforensics/NeuralTextures/258_246/000026.jpg,xception,ffpp_source_safe,test,1,NeuralTextures,0.9993247985839844,0.4307548701763153,1
faceforensics/NeuralTextures/258_246/000027.jpg,xception,ffpp_source_safe,test,1,NeuralTextures,0.9947395920753479,0.4307548701763153,1
faceforensics/NeuralTextures/258_246/000028.jpg,xception,ffpp_source_safe,test,1,NeuralTextures,0.9980995059013367,0.4307548701763153,1
faceforensics/NeuralTextures/258_246/000029.jpg,xception,ffpp_source_safe,test,1,NeuralTextures,0.9136000275611877,0.4307548701763153,1
faceforensics/NeuralTextures/468_470/000000.jpg,xception,ffpp_source_safe,test,1,NeuralTextures,0.009564890526235104,0.4307548701763153,0
faceforensics/NeuralTextures/468_470/000001.jpg,xception,ffpp_source_safe,test,1,NeuralTextures,0.9784411191940308,0.4307548701763153,1
faceforensics/NeuralTextures/468_470/000002.jpg,xception,ffpp_source_safe,test,1,NeuralTextures,0.25679054856300354,0.4307548701763153,0
faceforensics/NeuralTextures/468_470/000003.jpg,xception,ffpp_source_safe,test,1,NeuralTextures,0.005427789408713579,0.4307548701763153,0
faceforensics/NeuralTextures/468_470/000004.jpg,xception,ffpp_source_safe,test,1,NeuralTextures,0.8774995803833008,0.4307548701763153,1
faceforensics/NeuralTextures/468_470/000005.jpg,xception,ffpp_source_safe,test,1,NeuralTextures,0.6463481187820435,0.4307548701763153,1
faceforensics/NeuralTextures/468_470/000006.jpg,xception,ffpp_source_safe,test,1,NeuralTextures,0.1392316073179245,0.4307548701763153,0
faceforensics/NeuralTextures/468_470/000007.jpg,xception,ffpp_source_safe,test,1,NeuralTextures,0.008650071918964386,0.4307548701763153,0
faceforensics/NeuralTextures/468_470/000008.jpg,xception,ffpp_source_safe,test,1,NeuralTextures,0.008545809425413609,0.4307548701763153,0
faceforensics/NeuralTextures/468_470/000009.jpg,xception,ffpp_source_safe,test,1,NeuralTextures,0.013919705525040627,0.4307548701763153,0
faceforensics/NeuralTextures/468_470/000010.jpg,xception,ffpp_source_safe,test,1,NeuralTextures,0.006303325295448303,0.4307548701763153,0
faceforensics/NeuralTextures/468_470/000011.jpg,xception,ffpp_source_safe,test,1,NeuralTextures,0.10487697273492813,0.4307548701763153,0
faceforensics/NeuralTextures/468_470/000012.jpg,xception,ffpp_source_safe,test,1,NeuralTextures,0.9460604190826416,0.4307548701763153,1
faceforensics/NeuralTextures/468_470/000013.jpg,xception,ffpp_source_safe,test,1,NeuralTextures,0.005810349248349667,0.4307548701763153,0
faceforensics/NeuralTextures/468_470/000014.jpg,xception,ffpp_source_safe,test,1,NeuralTextures,0.4344220459461212,0.4307548701763153,1
faceforensics/NeuralTextures/468_470/000015.jpg,xception,ffpp_source_safe,test,1,NeuralTextures,0.08682206273078918,0.4307548701763153,0
faceforensics/NeuralTextures/468_470/000016.jpg,xception,ffpp_source_safe,test,1,NeuralTextures,0.09454941004514694,0.4307548701763153,0
faceforensics/NeuralTextures/468_470/000017.jpg,xception,ffpp_source_safe,test,1,NeuralTextures,0.288412868976593,0.4307548701763153,0
faceforensics/NeuralTextures/468_470/000018.jpg,xception,ffpp_source_safe,test,1,NeuralTextures,0.666956901550293,0.4307548701763153,1
faceforensics/NeuralTextures/468_470/000019.jpg,xception,ffpp_source_safe,test,1,NeuralTextures,0.7029113173484802,0.4307548701763153,1
faceforensics/NeuralTextures/468_470/000020.jpg,xception,ffpp_source_safe,test,1,NeuralTextures,0.22236593067646027,0.4307548701763153,0
faceforensics/NeuralTextures/468_470/000021.jpg,xception,ffpp_source_safe,test,1,NeuralTextures,0.07081030309200287,0.4307548701763153,0
faceforensics/NeuralTextures/468_470/000022.jpg,xception,ffpp_source_safe,test,1,NeuralTextures,0.006947699002921581,0.4307548701763153,0
faceforensics/NeuralTextures/468_470/000023.jpg,xception,ffpp_source_safe,test,1,NeuralTextures,0.1310012936592102,0.4307548701763153,0
faceforensics/NeuralTextures/468_470/000024.jpg,xception,ffpp_source_safe,test,1,NeuralTextures,0.17722836136817932,0.4307548701763153,0
faceforensics/NeuralTextures/468_470/000025.jpg,xception,ffpp_source_safe,test,1,NeuralTextures,0.08135045319795609,0.4307548701763153,0
faceforensics/NeuralTextures/468_470/000026.jpg,xception,ffpp_source_safe,test,1,NeuralTextures,0.10854962468147278,0.4307548701763153,0
faceforensics/NeuralTextures/468_470/000027.jpg,xception,ffpp_source_safe,test,1,NeuralTextures,0.9843834042549133,0.4307548701763153,1
faceforensics/NeuralTextures/468_470/000028.jpg,xception,ffpp_source_safe,test,1,NeuralTextures,0.9953023195266724,0.4307548701763153,1
faceforensics/NeuralTextures/468_470/000029.jpg,xception,ffpp_source_safe,test,1,NeuralTextures,0.04106493294239044,0.4307548701763153,0
faceforensics/NeuralTextures/470_468/000000.jpg,xception,ffpp_source_safe,test,1,NeuralTextures,0.8521758913993835,0.4307548701763153,1
faceforensics/NeuralTextures/470_468/000001.jpg,xception,ffpp_source_safe,test,1,NeuralTextures,0.08845628052949905,0.4307548701763153,0
faceforensics/NeuralTextures/470_468/000002.jpg,xception,ffpp_source_safe,test,1,NeuralTextures,0.9813740849494934,0.4307548701763153,1
faceforensics/NeuralTextures/470_468/000003.jpg,xception,ffpp_source_safe,test,1,NeuralTextures,0.9938147068023682,0.4307548701763153,1
faceforensics/NeuralTextures/470_468/000004.jpg,xception,ffpp_source_safe,test,1,NeuralTextures,0.9761270880699158,0.4307548701763153,1
faceforensics/NeuralTextures/470_468/000005.jpg,xception,ffpp_source_safe,test,1,NeuralTextures,0.9933308959007263,0.4307548701763153,1
faceforensics/NeuralTextures/470_468/000006.jpg,xception,ffpp_source_safe,test,1,NeuralTextures,0.818596601486206,0.4307548701763153,1
faceforensics/NeuralTextures/470_468/000007.jpg,xception,ffpp_source_safe,test,1,NeuralTextures,0.03189442306756973,0.4307548701763153,0
faceforensics/NeuralTextures/470_468/000008.jpg,xception,ffpp_source_safe,test,1,NeuralTextures,0.974898636341095,0.4307548701763153,1
faceforensics/NeuralTextures/470_468/000009.jpg,xception,ffpp_source_safe,test,1,NeuralTextures,0.10280971229076385,0.4307548701763153,0
faceforensics/NeuralTextures/470_468/000010.jpg,xception,ffpp_source_safe,test,1,NeuralTextures,0.8001511096954346,0.4307548701763153,1
faceforensics/NeuralTextures/470_468/000011.jpg,xception,ffpp_source_safe,test,1,NeuralTextures,0.9150328040122986,0.4307548701763153,1
faceforensics/NeuralTextures/470_468/000012.jpg,xception,ffpp_source_safe,test,1,NeuralTextures,0.9843509197235107,0.4307548701763153,1
faceforensics/NeuralTextures/470_468/000013.jpg,xception,ffpp_source_safe,test,1,NeuralTextures,0.9455386400222778,0.4307548701763153,1
faceforensics/NeuralTextures/470_468/000014.jpg,xception,ffpp_source_safe,test,1,NeuralTextures,0.49412092566490173,0.4307548701763153,1
faceforensics/NeuralTextures/470_468/000015.jpg,xception,ffpp_source_safe,test,1,NeuralTextures,0.8033280968666077,0.4307548701763153,1
faceforensics/NeuralTextures/470_468/000016.jpg,xception,ffpp_source_safe,test,1,NeuralTextures,0.7310486435890198,0.4307548701763153,1
faceforensics/NeuralTextures/470_468/000017.jpg,xception,ffpp_source_safe,test,1,NeuralTextures,0.6644457578659058,0.4307548701763153,1
faceforensics/NeuralTextures/470_468/000018.jpg,xception,ffpp_source_safe,test,1,NeuralTextures,0.8966320753097534,0.4307548701763153,1
faceforensics/NeuralTextures/470_468/000019.jpg,xception,ffpp_source_safe,test,1,NeuralTextures,0.21407169103622437,0.4307548701763153,0
faceforensics/NeuralTextures/470_468/000020.jpg,xception,ffpp_source_safe,test,1,NeuralTextures,0.7962023019790649,0.4307548701763153,1
faceforensics/NeuralTextures/470_468/000021.jpg,xception,ffpp_source_safe,test,1,NeuralTextures,0.9341713190078735,0.4307548701763153,1
faceforensics/NeuralTextures/470_468/000022.jpg,xception,ffpp_source_safe,test,1,NeuralTextures,0.8831948041915894,0.4307548701763153,1
faceforensics/NeuralTextures/470_468/000023.jpg,xception,ffpp_source_safe,test,1,NeuralTextures,0.9493393898010254,0.4307548701763153,1
faceforensics/NeuralTextures/470_468/000024.jpg,xception,ffpp_source_safe,test,1,NeuralTextures,0.5393964052200317,0.4307548701763153,1
faceforensics/NeuralTextures/470_468/000025.jpg,xception,ffpp_source_safe,test,1,NeuralTextures,0.49857404828071594,0.4307548701763153,1
faceforensics/NeuralTextures/470_468/000026.jpg,xception,ffpp_source_safe,test,1,NeuralTextures,0.9320306777954102,0.4307548701763153,1
faceforensics/NeuralTextures/470_468/000027.jpg,xception,ffpp_source_safe,test,1,NeuralTextures,0.7966044545173645,0.4307548701763153,1
faceforensics/NeuralTextures/470_468/000028.jpg,xception,ffpp_source_safe,test,1,NeuralTextures,0.9184227585792542,0.4307548701763153,1
faceforensics/NeuralTextures/470_468/000029.jpg,xception,ffpp_source_safe,test,1,NeuralTextures,0.9804975986480713,0.4307548701763153,1
faceforensics/NeuralTextures/651_835/000000.jpg,xception,ffpp_source_safe,test,1,NeuralTextures,0.06448230892419815,0.4307548701763153,0
faceforensics/NeuralTextures/651_835/000001.jpg,xception,ffpp_source_safe,test,1,NeuralTextures,0.9945042133331299,0.4307548701763153,1
faceforensics/NeuralTextures/651_835/000002.jpg,xception,ffpp_source_safe,test,1,NeuralTextures,0.596998393535614,0.4307548701763153,1
faceforensics/NeuralTextures/651_835/000003.jpg,xception,ffpp_source_safe,test,1,NeuralTextures,0.762403130531311,0.4307548701763153,1
faceforensics/NeuralTextures/651_835/000004.jpg,xception,ffpp_source_safe,test,1,NeuralTextures,0.598271369934082,0.4307548701763153,1
faceforensics/NeuralTextures/651_835/000005.jpg,xception,ffpp_source_safe,test,1,NeuralTextures,0.9091634154319763,0.4307548701763153,1
faceforensics/NeuralTextures/651_835/000006.jpg,xception,ffpp_source_safe,test,1,NeuralTextures,0.8103777170181274,0.4307548701763153,1
faceforensics/NeuralTextures/651_835/000007.jpg,xception,ffpp_source_safe,test,1,NeuralTextures,0.7350344061851501,0.4307548701763153,1
faceforensics/NeuralTextures/651_835/000008.jpg,xception,ffpp_source_safe,test,1,NeuralTextures,0.5696491599082947,0.4307548701763153,1
faceforensics/NeuralTextures/651_835/000009.jpg,xception,ffpp_source_safe,test,1,NeuralTextures,0.7086432576179504,0.4307548701763153,1
faceforensics/NeuralTextures/651_835/000010.jpg,xception,ffpp_source_safe,test,1,NeuralTextures,0.932609498500824,0.4307548701763153,1
faceforensics/NeuralTextures/651_835/000011.jpg,xception,ffpp_source_safe,test,1,NeuralTextures,0.6864839196205139,0.4307548701763153,1
faceforensics/NeuralTextures/651_835/000012.jpg,xception,ffpp_source_safe,test,1,NeuralTextures,0.7069323062896729,0.4307548701763153,1
faceforensics/NeuralTextures/651_835/000013.jpg,xception,ffpp_source_safe,test,1,NeuralTextures,0.18038073182106018,0.4307548701763153,0
faceforensics/NeuralTextures/651_835/000014.jpg,xception,ffpp_source_safe,test,1,NeuralTextures,0.47585710883140564,0.4307548701763153,1
faceforensics/NeuralTextures/651_835/000015.jpg,xception,ffpp_source_safe,test,1,NeuralTextures,0.8679836392402649,0.4307548701763153,1
faceforensics/NeuralTextures/651_835/000016.jpg,xception,ffpp_source_safe,test,1,NeuralTextures,0.8198379874229431,0.4307548701763153,1
faceforensics/NeuralTextures/651_835/000017.jpg,xception,ffpp_source_safe,test,1,NeuralTextures,0.1494971662759781,0.4307548701763153,0
faceforensics/NeuralTextures/651_835/000018.jpg,xception,ffpp_source_safe,test,1,NeuralTextures,0.020723160356283188,0.4307548701763153,0
faceforensics/NeuralTextures/651_835/000019.jpg,xception,ffpp_source_safe,test,1,NeuralTextures,0.6066204905509949,0.4307548701763153,1
faceforensics/NeuralTextures/651_835/000020.jpg,xception,ffpp_source_safe,test,1,NeuralTextures,0.8391178250312805,0.4307548701763153,1
faceforensics/NeuralTextures/651_835/000021.jpg,xception,ffpp_source_safe,test,1,NeuralTextures,0.1231188029050827,0.4307548701763153,0
faceforensics/NeuralTextures/651_835/000022.jpg,xception,ffpp_source_safe,test,1,NeuralTextures,0.9926676154136658,0.4307548701763153,1
faceforensics/NeuralTextures/651_835/000023.jpg,xception,ffpp_source_safe,test,1,NeuralTextures,0.9757493734359741,0.4307548701763153,1
faceforensics/NeuralTextures/651_835/000024.jpg,xception,ffpp_source_safe,test,1,NeuralTextures,0.9253305196762085,0.4307548701763153,1
faceforensics/NeuralTextures/651_835/000025.jpg,xception,ffpp_source_safe,test,1,NeuralTextures,0.0426662378013134,0.4307548701763153,0
faceforensics/NeuralTextures/651_835/000026.jpg,xception,ffpp_source_safe,test,1,NeuralTextures,0.9933465719223022,0.4307548701763153,1
faceforensics/NeuralTextures/651_835/000027.jpg,xception,ffpp_source_safe,test,1,NeuralTextures,0.9491629004478455,0.4307548701763153,1
faceforensics/NeuralTextures/651_835/000028.jpg,xception,ffpp_source_safe,test,1,NeuralTextures,0.9946967363357544,0.4307548701763153,1
faceforensics/NeuralTextures/651_835/000029.jpg,xception,ffpp_source_safe,test,1,NeuralTextures,0.9220721125602722,0.4307548701763153,1
faceforensics/NeuralTextures/719_737/000000.jpg,xception,ffpp_source_safe,test,1,NeuralTextures,0.9827641844749451,0.4307548701763153,1
faceforensics/NeuralTextures/719_737/000001.jpg,xception,ffpp_source_safe,test,1,NeuralTextures,0.9306780695915222,0.4307548701763153,1
faceforensics/NeuralTextures/719_737/000002.jpg,xception,ffpp_source_safe,test,1,NeuralTextures,0.841659665107727,0.4307548701763153,1
faceforensics/NeuralTextures/719_737/000003.jpg,xception,ffpp_source_safe,test,1,NeuralTextures,0.8048712611198425,0.4307548701763153,1
faceforensics/NeuralTextures/719_737/000004.jpg,xception,ffpp_source_safe,test,1,NeuralTextures,0.9602347612380981,0.4307548701763153,1
faceforensics/NeuralTextures/719_737/000005.jpg,xception,ffpp_source_safe,test,1,NeuralTextures,0.9961742758750916,0.4307548701763153,1
faceforensics/NeuralTextures/719_737/000006.jpg,xception,ffpp_source_safe,test,1,NeuralTextures,0.9943345785140991,0.4307548701763153,1
faceforensics/NeuralTextures/719_737/000007.jpg,xception,ffpp_source_safe,test,1,NeuralTextures,0.9871718287467957,0.4307548701763153,1
faceforensics/NeuralTextures/719_737/000008.jpg,xception,ffpp_source_safe,test,1,NeuralTextures,0.8528075218200684,0.4307548701763153,1
faceforensics/NeuralTextures/719_737/000009.jpg,xception,ffpp_source_safe,test,1,NeuralTextures,0.4827696979045868,0.4307548701763153,1
faceforensics/NeuralTextures/719_737/000010.jpg,xception,ffpp_source_safe,test,1,NeuralTextures,0.9066977500915527,0.4307548701763153,1
faceforensics/NeuralTextures/719_737/000011.jpg,xception,ffpp_source_safe,test,1,NeuralTextures,0.9609837532043457,0.4307548701763153,1
faceforensics/NeuralTextures/719_737/000012.jpg,xception,ffpp_source_safe,test,1,NeuralTextures,0.9614574909210205,0.4307548701763153,1
faceforensics/NeuralTextures/719_737/000013.jpg,xception,ffpp_source_safe,test,1,NeuralTextures,0.941526472568512,0.4307548701763153,1
faceforensics/NeuralTextures/719_737/000014.jpg,xception,ffpp_source_safe,test,1,NeuralTextures,0.9970190525054932,0.4307548701763153,1
faceforensics/NeuralTextures/719_737/000015.jpg,xception,ffpp_source_safe,test,1,NeuralTextures,0.997798502445221,0.4307548701763153,1
faceforensics/NeuralTextures/719_737/000016.jpg,xception,ffpp_source_safe,test,1,NeuralTextures,0.9975607395172119,0.4307548701763153,1
faceforensics/NeuralTextures/719_737/000017.jpg,xception,ffpp_source_safe,test,1,NeuralTextures,0.8063976764678955,0.4307548701763153,1
faceforensics/NeuralTextures/719_737/000018.jpg,xception,ffpp_source_safe,test,1,NeuralTextures,0.8603965044021606,0.4307548701763153,1
faceforensics/NeuralTextures/719_737/000019.jpg,xception,ffpp_source_safe,test,1,NeuralTextures,0.9972509741783142,0.4307548701763153,1
faceforensics/NeuralTextures/719_737/000020.jpg,xception,ffpp_source_safe,test,1,NeuralTextures,0.9229629635810852,0.4307548701763153,1
faceforensics/NeuralTextures/719_737/000021.jpg,xception,ffpp_source_safe,test,1,NeuralTextures,0.9040029644966125,0.4307548701763153,1
faceforensics/NeuralTextures/719_737/000022.jpg,xception,ffpp_source_safe,test,1,NeuralTextures,0.8975766897201538,0.4307548701763153,1
faceforensics/NeuralTextures/719_737/000023.jpg,xception,ffpp_source_safe,test,1,NeuralTextures,0.9389201998710632,0.4307548701763153,1
faceforensics/NeuralTextures/719_737/000024.jpg,xception,ffpp_source_safe,test,1,NeuralTextures,0.9801339507102966,0.4307548701763153,1
faceforensics/NeuralTextures/719_737/000025.jpg,xception,ffpp_source_safe,test,1,NeuralTextures,0.9728863835334778,0.4307548701763153,1
faceforensics/NeuralTextures/719_737/000026.jpg,xception,ffpp_source_safe,test,1,NeuralTextures,0.9480518102645874,0.4307548701763153,1
faceforensics/NeuralTextures/719_737/000027.jpg,xception,ffpp_source_safe,test,1,NeuralTextures,0.9935051202774048,0.4307548701763153,1
faceforensics/NeuralTextures/719_737/000028.jpg,xception,ffpp_source_safe,test,1,NeuralTextures,0.9951303005218506,0.4307548701763153,1
faceforensics/NeuralTextures/719_737/000029.jpg,xception,ffpp_source_safe,test,1,NeuralTextures,0.9504445195198059,0.4307548701763153,1
faceforensics/NeuralTextures/737_719/000000.jpg,xception,ffpp_source_safe,test,1,NeuralTextures,0.03933284431695938,0.4307548701763153,0
faceforensics/NeuralTextures/737_719/000001.jpg,xception,ffpp_source_safe,test,1,NeuralTextures,0.37549012899398804,0.4307548701763153,0
faceforensics/NeuralTextures/737_719/000002.jpg,xception,ffpp_source_safe,test,1,NeuralTextures,0.051123086363077164,0.4307548701763153,0
faceforensics/NeuralTextures/737_719/000003.jpg,xception,ffpp_source_safe,test,1,NeuralTextures,0.19504494965076447,0.4307548701763153,0
faceforensics/NeuralTextures/737_719/000004.jpg,xception,ffpp_source_safe,test,1,NeuralTextures,0.018942754715681076,0.4307548701763153,0
faceforensics/NeuralTextures/737_719/000005.jpg,xception,ffpp_source_safe,test,1,NeuralTextures,0.08858437836170197,0.4307548701763153,0
faceforensics/NeuralTextures/737_719/000006.jpg,xception,ffpp_source_safe,test,1,NeuralTextures,0.5034182667732239,0.4307548701763153,1
faceforensics/NeuralTextures/737_719/000007.jpg,xception,ffpp_source_safe,test,1,NeuralTextures,0.4465749263763428,0.4307548701763153,1
faceforensics/NeuralTextures/737_719/000008.jpg,xception,ffpp_source_safe,test,1,NeuralTextures,0.03305063769221306,0.4307548701763153,0
faceforensics/NeuralTextures/737_719/000009.jpg,xception,ffpp_source_safe,test,1,NeuralTextures,0.1873733103275299,0.4307548701763153,0
faceforensics/NeuralTextures/737_719/000010.jpg,xception,ffpp_source_safe,test,1,NeuralTextures,0.04406595230102539,0.4307548701763153,0
faceforensics/NeuralTextures/737_719/000011.jpg,xception,ffpp_source_safe,test,1,NeuralTextures,0.26572537422180176,0.4307548701763153,0
faceforensics/NeuralTextures/737_719/000012.jpg,xception,ffpp_source_safe,test,1,NeuralTextures,0.25835317373275757,0.4307548701763153,0
faceforensics/NeuralTextures/737_719/000013.jpg,xception,ffpp_source_safe,test,1,NeuralTextures,0.04961250349879265,0.4307548701763153,0
faceforensics/NeuralTextures/737_719/000014.jpg,xception,ffpp_source_safe,test,1,NeuralTextures,0.3657852113246918,0.4307548701763153,0
faceforensics/NeuralTextures/737_719/000015.jpg,xception,ffpp_source_safe,test,1,NeuralTextures,0.09923912584781647,0.4307548701763153,0
faceforensics/NeuralTextures/737_719/000016.jpg,xception,ffpp_source_safe,test,1,NeuralTextures,0.019299212843179703,0.4307548701763153,0
faceforensics/NeuralTextures/737_719/000017.jpg,xception,ffpp_source_safe,test,1,NeuralTextures,0.14916104078292847,0.4307548701763153,0
faceforensics/NeuralTextures/737_719/000018.jpg,xception,ffpp_source_safe,test,1,NeuralTextures,0.3870282769203186,0.4307548701763153,0
faceforensics/NeuralTextures/737_719/000019.jpg,xception,ffpp_source_safe,test,1,NeuralTextures,0.031007327139377594,0.4307548701763153,0
faceforensics/NeuralTextures/737_719/000020.jpg,xception,ffpp_source_safe,test,1,NeuralTextures,0.18440428376197815,0.4307548701763153,0
faceforensics/NeuralTextures/737_719/000021.jpg,xception,ffpp_source_safe,test,1,NeuralTextures,0.0010703584412112832,0.4307548701763153,0
faceforensics/NeuralTextures/737_719/000022.jpg,xception,ffpp_source_safe,test,1,NeuralTextures,0.18054671585559845,0.4307548701763153,0
faceforensics/NeuralTextures/737_719/000023.jpg,xception,ffpp_source_safe,test,1,NeuralTextures,0.25609061121940613,0.4307548701763153,0
faceforensics/NeuralTextures/737_719/000024.jpg,xception,ffpp_source_safe,test,1,NeuralTextures,0.6373130083084106,0.4307548701763153,1
faceforensics/NeuralTextures/737_719/000025.jpg,xception,ffpp_source_safe,test,1,NeuralTextures,0.0037707840092480183,0.4307548701763153,0
faceforensics/NeuralTextures/737_719/000026.jpg,xception,ffpp_source_safe,test,1,NeuralTextures,0.09044776856899261,0.4307548701763153,0
faceforensics/NeuralTextures/737_719/000027.jpg,xception,ffpp_source_safe,test,1,NeuralTextures,0.2585095167160034,0.4307548701763153,0
faceforensics/NeuralTextures/737_719/000028.jpg,xception,ffpp_source_safe,test,1,NeuralTextures,0.6578968167304993,0.4307548701763153,1
faceforensics/NeuralTextures/737_719/000029.jpg,xception,ffpp_source_safe,test,1,NeuralTextures,0.07130897045135498,0.4307548701763153,0
faceforensics/NeuralTextures/835_651/000000.jpg,xception,ffpp_source_safe,test,1,NeuralTextures,0.9991499185562134,0.4307548701763153,1
faceforensics/NeuralTextures/835_651/000001.jpg,xception,ffpp_source_safe,test,1,NeuralTextures,0.9970237612724304,0.4307548701763153,1
faceforensics/NeuralTextures/835_651/000002.jpg,xception,ffpp_source_safe,test,1,NeuralTextures,0.999265730381012,0.4307548701763153,1
faceforensics/NeuralTextures/835_651/000003.jpg,xception,ffpp_source_safe,test,1,NeuralTextures,0.9307768940925598,0.4307548701763153,1
faceforensics/NeuralTextures/835_651/000004.jpg,xception,ffpp_source_safe,test,1,NeuralTextures,0.9984086155891418,0.4307548701763153,1
faceforensics/NeuralTextures/835_651/000005.jpg,xception,ffpp_source_safe,test,1,NeuralTextures,0.9993072748184204,0.4307548701763153,1
faceforensics/NeuralTextures/835_651/000006.jpg,xception,ffpp_source_safe,test,1,NeuralTextures,0.9962339997291565,0.4307548701763153,1
faceforensics/NeuralTextures/835_651/000007.jpg,xception,ffpp_source_safe,test,1,NeuralTextures,0.9881517291069031,0.4307548701763153,1
faceforensics/NeuralTextures/835_651/000008.jpg,xception,ffpp_source_safe,test,1,NeuralTextures,0.9983423948287964,0.4307548701763153,1
faceforensics/NeuralTextures/835_651/000009.jpg,xception,ffpp_source_safe,test,1,NeuralTextures,0.9991093277931213,0.4307548701763153,1
faceforensics/NeuralTextures/835_651/000010.jpg,xception,ffpp_source_safe,test,1,NeuralTextures,0.9959075450897217,0.4307548701763153,1
faceforensics/NeuralTextures/835_651/000011.jpg,xception,ffpp_source_safe,test,1,NeuralTextures,0.9959903359413147,0.4307548701763153,1
faceforensics/NeuralTextures/835_651/000012.jpg,xception,ffpp_source_safe,test,1,NeuralTextures,0.9996341466903687,0.4307548701763153,1
faceforensics/NeuralTextures/835_651/000013.jpg,xception,ffpp_source_safe,test,1,NeuralTextures,0.9999626874923706,0.4307548701763153,1
faceforensics/NeuralTextures/835_651/000014.jpg,xception,ffpp_source_safe,test,1,NeuralTextures,0.9990566372871399,0.4307548701763153,1
faceforensics/NeuralTextures/835_651/000015.jpg,xception,ffpp_source_safe,test,1,NeuralTextures,0.9936995506286621,0.4307548701763153,1
faceforensics/NeuralTextures/835_651/000016.jpg,xception,ffpp_source_safe,test,1,NeuralTextures,0.9993788003921509,0.4307548701763153,1
faceforensics/NeuralTextures/835_651/000017.jpg,xception,ffpp_source_safe,test,1,NeuralTextures,0.9977082014083862,0.4307548701763153,1
faceforensics/NeuralTextures/835_651/000018.jpg,xception,ffpp_source_safe,test,1,NeuralTextures,0.9906745553016663,0.4307548701763153,1
faceforensics/NeuralTextures/835_651/000019.jpg,xception,ffpp_source_safe,test,1,NeuralTextures,0.9961502552032471,0.4307548701763153,1
faceforensics/NeuralTextures/835_651/000020.jpg,xception,ffpp_source_safe,test,1,NeuralTextures,0.999320387840271,0.4307548701763153,1
faceforensics/NeuralTextures/835_651/000021.jpg,xception,ffpp_source_safe,test,1,NeuralTextures,0.9990407824516296,0.4307548701763153,1
faceforensics/NeuralTextures/835_651/000022.jpg,xception,ffpp_source_safe,test,1,NeuralTextures,0.996217668056488,0.4307548701763153,1
faceforensics/NeuralTextures/835_651/000023.jpg,xception,ffpp_source_safe,test,1,NeuralTextures,0.9986947178840637,0.4307548701763153,1
faceforensics/NeuralTextures/835_651/000024.jpg,xception,ffpp_source_safe,test,1,NeuralTextures,0.996191143989563,0.4307548701763153,1
faceforensics/NeuralTextures/835_651/000025.jpg,xception,ffpp_source_safe,test,1,NeuralTextures,0.9990825653076172,0.4307548701763153,1
faceforensics/NeuralTextures/835_651/000026.jpg,xception,ffpp_source_safe,test,1,NeuralTextures,0.9997579455375671,0.4307548701763153,1
faceforensics/NeuralTextures/835_651/000027.jpg,xception,ffpp_source_safe,test,1,NeuralTextures,0.9994490742683411,0.4307548701763153,1
faceforensics/NeuralTextures/835_651/000028.jpg,xception,ffpp_source_safe,test,1,NeuralTextures,0.9967111349105835,0.4307548701763153,1
faceforensics/NeuralTextures/835_651/000029.jpg,xception,ffpp_source_safe,test,1,NeuralTextures,0.9930614829063416,0.4307548701763153,1
deepfakeface_sd15/real/00/12596800_1920-10-18_1955.jpg,xception,external_original_matched,external_test,0,real,0.010607242584228516,0.4307548701763153,0
deepfakeface_sd15/real/00/15550600_1973-11-01_2000.jpg,xception,external_original_matched,external_test,0,real,0.0004062823427375406,0.4307548701763153,0
deepfakeface_sd15/real/00/18407100_1917-10-18_1958.jpg,xception,external_original_matched,external_test,0,real,0.0034873164258897305,0.4307548701763153,0
deepfakeface_sd15/real/00/23804200_1950-03-31_2013.jpg,xception,external_original_matched,external_test,0,real,6.292549369391054e-05,0.4307548701763153,0
deepfakeface_sd15/real/00/2540500_1970-10-10_2008.jpg,xception,external_original_matched,external_test,0,real,0.17435047030448914,0.4307548701763153,0
deepfakeface_sd15/real/00/2669900_1933-07-29_1968.jpg,xception,external_original_matched,external_test,0,real,0.0381191149353981,0.4307548701763153,0
deepfakeface_sd15/real/00/26771200_1988-08-13_2009.jpg,xception,external_original_matched,external_test,0,real,0.8694819808006287,0.4307548701763153,1
deepfakeface_sd15/real/00/2690900_1963-03-12_2010.jpg,xception,external_original_matched,external_test,0,real,0.01233204547315836,0.4307548701763153,0
deepfakeface_sd15/real/00/28476500_1938-06-12_1959.jpg,xception,external_original_matched,external_test,0,real,0.23506519198417664,0.4307548701763153,0
deepfakeface_sd15/real/00/28886000_1928-01-17_2009.jpg,xception,external_original_matched,external_test,0,real,0.028417840600013733,0.4307548701763153,0
deepfakeface_sd15/real/00/3293900_1973-09-23_2004.jpg,xception,external_original_matched,external_test,0,real,0.6112723350524902,0.4307548701763153,1
deepfakeface_sd15/real/00/34199700_1921-05-23_1946.jpg,xception,external_original_matched,external_test,0,real,0.022004198282957077,0.4307548701763153,0
deepfakeface_sd15/real/00/34316600_1994-11-15_2013.jpg,xception,external_original_matched,external_test,0,real,0.13991530239582062,0.4307548701763153,0
deepfakeface_sd15/real/00/35360200_1996-11-01_2012.jpg,xception,external_original_matched,external_test,0,real,0.04308140277862549,0.4307548701763153,0
deepfakeface_sd15/real/00/36606300_1984-08-03_2014.jpg,xception,external_original_matched,external_test,0,real,0.20002759993076324,0.4307548701763153,0
deepfakeface_sd15/real/00/38882500_1940-10-04_1977.jpg,xception,external_original_matched,external_test,0,real,0.03066212870180607,0.4307548701763153,0
deepfakeface_sd15/real/00/3982800_1988-01-29_2012.jpg,xception,external_original_matched,external_test,0,real,0.004647895693778992,0.4307548701763153,0
deepfakeface_sd15/real/00/41835500_1992-05-12_2014.jpg,xception,external_original_matched,external_test,0,real,0.058111757040023804,0.4307548701763153,0
deepfakeface_sd15/real/00/4236500_1977-10-18_2005.jpg,xception,external_original_matched,external_test,0,real,0.34013092517852783,0.4307548701763153,0
deepfakeface_sd15/real/00/46667800_1978-03-16_2014.jpg,xception,external_original_matched,external_test,0,real,0.0072343116626143456,0.4307548701763153,0
deepfakeface_sd15/real/00/5616200_1968-09-06_2006.jpg,xception,external_original_matched,external_test,0,real,0.7099694609642029,0.4307548701763153,1
deepfakeface_sd15/real/00/5751800_1950-09-09_2010.jpg,xception,external_original_matched,external_test,0,real,0.014128437265753746,0.4307548701763153,0
deepfakeface_sd15/real/00/67000_1947-05-13_2007.jpg,xception,external_original_matched,external_test,0,real,0.08416279405355453,0.4307548701763153,0
deepfakeface_sd15/real/00/7567200_1932-07-31_1966.jpg,xception,external_original_matched,external_test,0,real,0.43991854786872864,0.4307548701763153,1
deepfakeface_sd15/real/00/8222200_1941-05-15_1964.jpg,xception,external_original_matched,external_test,0,real,0.22585923969745636,0.4307548701763153,0
deepfakeface_sd15/real/00/836500_1977-03-04_2007.jpg,xception,external_original_matched,external_test,0,real,0.37352705001831055,0.4307548701763153,0
deepfakeface_sd15/real/00/9210500_1912-02-06_1942.jpg,xception,external_original_matched,external_test,0,real,0.00621155695989728,0.4307548701763153,0
deepfakeface_sd15/real/00/944600_1968-02-05_2006.jpg,xception,external_original_matched,external_test,0,real,0.07207094877958298,0.4307548701763153,0
deepfakeface_sd15/real/00/9801700_1969-10-11_2012.jpg,xception,external_original_matched,external_test,0,real,0.19100713729858398,0.4307548701763153,0
deepfakeface_sd15/real/02/4539602_1977-04-26_2010.jpg,xception,external_original_matched,external_test,0,real,0.1031091958284378,0.4307548701763153,0
deepfakeface_sd15/real/03/10970703_1984-05-21_2011.jpg,xception,external_original_matched,external_test,0,real,0.3565811812877655,0.4307548701763153,0
deepfakeface_sd15/real/03/1142203_1949-03-03_2008.jpg,xception,external_original_matched,external_test,0,real,0.0012410813942551613,0.4307548701763153,0
deepfakeface_sd15/real/03/13181303_1944-01-11_1971.jpg,xception,external_original_matched,external_test,0,real,0.0010321050649508834,0.4307548701763153,0
deepfakeface_sd15/real/03/14926103_1928-01-13_1958.jpg,xception,external_original_matched,external_test,0,real,0.1511586457490921,0.4307548701763153,0
deepfakeface_sd15/real/03/16103_1907-05-26_1965.jpg,xception,external_original_matched,external_test,0,real,0.0013896769378334284,0.4307548701763153,0
deepfakeface_sd15/real/03/18388503_1942-09-14_2007.jpg,xception,external_original_matched,external_test,0,real,0.2265024334192276,0.4307548701763153,0
deepfakeface_sd15/real/03/19966503_1974-03-04_2011.jpg,xception,external_original_matched,external_test,0,real,0.3373514413833618,0.4307548701763153,0
deepfakeface_sd15/real/03/21296103_1982-04-25_2011.jpg,xception,external_original_matched,external_test,0,real,0.20421908795833588,0.4307548701763153,0
deepfakeface_sd15/real/03/2220103_1954-05-18_2009.jpg,xception,external_original_matched,external_test,0,real,0.09511322528123856,0.4307548701763153,0
deepfakeface_sd15/real/03/225903_1935-04-21_2007.jpg,xception,external_original_matched,external_test,0,real,0.12060549110174179,0.4307548701763153,0
deepfakeface_sd15/real/03/2395003_1940-06-21_1977.jpg,xception,external_original_matched,external_test,0,real,0.0936385989189148,0.4307548701763153,0
deepfakeface_sd15/real/03/2420403_1964-03-18_2007.jpg,xception,external_original_matched,external_test,0,real,0.003719894913956523,0.4307548701763153,0
deepfakeface_sd15/real/03/2740303_1974-11-03_1999.jpg,xception,external_original_matched,external_test,0,real,0.023029474541544914,0.4307548701763153,0
deepfakeface_sd15/real/03/2779203_1965-10-01_2008.jpg,xception,external_original_matched,external_test,0,real,0.4280872642993927,0.4307548701763153,0
deepfakeface_sd15/real/03/317803_1920-03-03_2011.jpg,xception,external_original_matched,external_test,0,real,0.0019944868981838226,0.4307548701763153,0
deepfakeface_sd15/real/03/32442803_1991-09-14_2012.jpg,xception,external_original_matched,external_test,0,real,0.010637043043971062,0.4307548701763153,0
deepfakeface_sd15/real/03/34807003_1990-05-29_2013.jpg,xception,external_original_matched,external_test,0,real,0.13110433518886566,0.4307548701763153,0
deepfakeface_sd15/real/03/37970303_1977-07-09_2013.jpg,xception,external_original_matched,external_test,0,real,0.34402623772621155,0.4307548701763153,0
deepfakeface_sd15/real/03/39605003_1966-06-21_2012.jpg,xception,external_original_matched,external_test,0,real,0.9994677901268005,0.4307548701763153,1
deepfakeface_sd15/real/03/39918103_1988-09-29_2012.jpg,xception,external_original_matched,external_test,0,real,0.7470836043357849,0.4307548701763153,1
deepfakeface_sd15/real/03/4830003_1961-12-01_2010.jpg,xception,external_original_matched,external_test,0,real,0.1503175050020218,0.4307548701763153,0
deepfakeface_sd15/real/03/555703_1913-07-13_1970.jpg,xception,external_original_matched,external_test,0,real,0.08830896019935608,0.4307548701763153,0
deepfakeface_sd15/real/03/6104003_1985-07-06_2006.jpg,xception,external_original_matched,external_test,0,real,0.9073050022125244,0.4307548701763153,1
deepfakeface_sd15/real/03/7100903_1961-03-15_2010.jpg,xception,external_original_matched,external_test,0,real,0.25221776962280273,0.4307548701763153,0
deepfakeface_sd15/real/03/7655603_1956-03-09_2010.jpg,xception,external_original_matched,external_test,0,real,0.0266744252294302,0.4307548701763153,0
deepfakeface_sd15/real/03/8902703_1978-09-20_2007.jpg,xception,external_original_matched,external_test,0,real,0.343445748090744,0.4307548701763153,0
deepfakeface_sd15/real/03/9000703_1982-07-16_2008.jpg,xception,external_original_matched,external_test,0,real,0.9016460180282593,0.4307548701763153,1
deepfakeface_sd15/real/03/9729003_1988-05-18_2011.jpg,xception,external_original_matched,external_test,0,real,0.02413833513855934,0.4307548701763153,0
deepfakeface_sd15/real/03/97803_1991-04-04_2007.jpg,xception,external_original_matched,external_test,0,real,0.009130053222179413,0.4307548701763153,0
deepfakeface_sd15/real/12/1836812_1976-11-06_2013.jpg,xception,external_original_matched,external_test,0,real,0.0007250758353620768,0.4307548701763153,0
deepfakeface_sd15/real/14/12041214_1955-03-25_2012.jpg,xception,external_original_matched,external_test,0,real,0.0013272319920361042,0.4307548701763153,0
deepfakeface_sd15/real/14/12461914_1975-12-14_2007.jpg,xception,external_original_matched,external_test,0,real,0.012609729543328285,0.4307548701763153,0
deepfakeface_sd15/real/14/14307714_1977-01-29_2013.jpg,xception,external_original_matched,external_test,0,real,0.004968365654349327,0.4307548701763153,0
deepfakeface_sd15/real/14/170514_1963-03-06_1970.jpg,xception,external_original_matched,external_test,0,real,0.0002624319167807698,0.4307548701763153,0
deepfakeface_sd15/real/14/1830414_1971-07-01_2013.jpg,xception,external_original_matched,external_test,0,real,0.11889588832855225,0.4307548701763153,0
deepfakeface_sd15/real/14/19894914_1989-10-19_2012.jpg,xception,external_original_matched,external_test,0,real,0.8467636704444885,0.4307548701763153,1
deepfakeface_sd15/real/14/1995914_1928-11-21_1976.jpg,xception,external_original_matched,external_test,0,real,0.10717549175024033,0.4307548701763153,0
deepfakeface_sd15/real/14/2009614_1964-05-13_2008.jpg,xception,external_original_matched,external_test,0,real,0.010061198845505714,0.4307548701763153,0
deepfakeface_sd15/real/14/21538614_1990-11-01_2015.jpg,xception,external_original_matched,external_test,0,real,0.012394743040204048,0.4307548701763153,0
deepfakeface_sd15/real/14/22037414_1987-06-05_2013.jpg,xception,external_original_matched,external_test,0,real,0.031115923076868057,0.4307548701763153,0
deepfakeface_sd15/real/14/23420614_1974-04-16_2008.jpg,xception,external_original_matched,external_test,0,real,0.4766319990158081,0.4307548701763153,1
deepfakeface_sd15/real/14/27131114_1983-08-30_2011.jpg,xception,external_original_matched,external_test,0,real,0.10928003489971161,0.4307548701763153,0
deepfakeface_sd15/real/14/28269114_1941-03-21_2011.jpg,xception,external_original_matched,external_test,0,real,0.3060019910335541,0.4307548701763153,0
deepfakeface_sd15/real/14/28819114_1961-06-26_2009.jpg,xception,external_original_matched,external_test,0,real,0.4055667221546173,0.4307548701763153,0
deepfakeface_sd15/real/14/33258714_1979-05-30_2011.jpg,xception,external_original_matched,external_test,0,real,0.602712869644165,0.4307548701763153,1
deepfakeface_sd15/real/14/35642014_1989-04-27_2012.jpg,xception,external_original_matched,external_test,0,real,0.005317680537700653,0.4307548701763153,0
deepfakeface_sd15/real/14/36566914_1988-08-11_2014.jpg,xception,external_original_matched,external_test,0,real,0.0009705162956379354,0.4307548701763153,0
deepfakeface_sd15/real/14/36573714_1984-12-01_2012.jpg,xception,external_original_matched,external_test,0,real,0.03362613171339035,0.4307548701763153,0
deepfakeface_sd15/real/14/3772814_1978-02-28_2008.jpg,xception,external_original_matched,external_test,0,real,0.0003371801576577127,0.4307548701763153,0
deepfakeface_sd15/real/14/41732014_1943-06-18_1969.jpg,xception,external_original_matched,external_test,0,real,0.7446791529655457,0.4307548701763153,1
deepfakeface_sd15/real/14/4295614_1924-09-15_1987.jpg,xception,external_original_matched,external_test,0,real,0.0006087607471272349,0.4307548701763153,0
deepfakeface_sd15/real/14/44096714_1964-06-29_2012.jpg,xception,external_original_matched,external_test,0,real,0.05409666895866394,0.4307548701763153,0
deepfakeface_sd15/real/14/448514_1959-03-06_2007.jpg,xception,external_original_matched,external_test,0,real,9.08002257347107e-05,0.4307548701763153,0
deepfakeface_sd15/real/14/585414_1951-03-17_2014.jpg,xception,external_original_matched,external_test,0,real,0.05641094595193863,0.4307548701763153,0
deepfakeface_sd15/real/14/5923814_1958-08-28_1991.jpg,xception,external_original_matched,external_test,0,real,0.44506534934043884,0.4307548701763153,1
deepfakeface_sd15/real/14/5965014_1981-12-21_2013.jpg,xception,external_original_matched,external_test,0,real,0.0008657115395180881,0.4307548701763153,0
deepfakeface_sd15/real/14/852514_1980-01-18_2013.jpg,xception,external_original_matched,external_test,0,real,0.231223002076149,0.4307548701763153,0
deepfakeface_sd15/real/14/8543614_1983-09-25_2010.jpg,xception,external_original_matched,external_test,0,real,0.014567498117685318,0.4307548701763153,0
deepfakeface_sd15/real/14/9716514_1900-04-10_1946.jpg,xception,external_original_matched,external_test,0,real,0.09835954755544662,0.4307548701763153,0
deepfakeface_sd15/real/21/10172021_1963-06-02_2006.jpg,xception,external_original_matched,external_test,0,real,0.22110679745674133,0.4307548701763153,0
deepfakeface_sd15/real/21/1176621_1966-05-16_2010.jpg,xception,external_original_matched,external_test,0,real,0.2329503893852234,0.4307548701763153,0
deepfakeface_sd15/real/21/12261121_1985-01-04_2014.jpg,xception,external_original_matched,external_test,0,real,0.01533361617475748,0.4307548701763153,0
deepfakeface_sd15/real/21/15872621_1922-08-28_1952.jpg,xception,external_original_matched,external_test,0,real,0.2415982484817505,0.4307548701763153,0
deepfakeface_sd15/real/21/15905321_1990-01-06_2009.jpg,xception,external_original_matched,external_test,0,real,0.008744850754737854,0.4307548701763153,0
deepfakeface_sd15/real/21/16521_1938-12-29_2011.jpg,xception,external_original_matched,external_test,0,real,4.25799262302462e-05,0.4307548701763153,0
deepfakeface_sd15/real/21/174821_1961-09-25_1993.jpg,xception,external_original_matched,external_test,0,real,0.013154118321835995,0.4307548701763153,0
deepfakeface_sd15/real/21/1825621_1945-09-08_2008.jpg,xception,external_original_matched,external_test,0,real,0.9138684868812561,0.4307548701763153,1
deepfakeface_sd15/real/21/20599521_1967-08-09_2012.jpg,xception,external_original_matched,external_test,0,real,0.0030323120299726725,0.4307548701763153,0
deepfakeface_sd15/real/21/24644621_1964-12-15_2010.jpg,xception,external_original_matched,external_test,0,real,0.014838479459285736,0.4307548701763153,0
deepfakeface_sd15/real/21/250721_1956-06-03_2010.jpg,xception,external_original_matched,external_test,0,real,0.08427862823009491,0.4307548701763153,0
deepfakeface_sd15/real/21/2797621_1960-03-15_2011.jpg,xception,external_original_matched,external_test,0,real,0.19946622848510742,0.4307548701763153,0
deepfakeface_sd15/real/21/29126821_1986-10-07_2014.jpg,xception,external_original_matched,external_test,0,real,6.967464287299663e-06,0.4307548701763153,0
deepfakeface_sd15/real/21/2950421_1974-09-11_2007.jpg,xception,external_original_matched,external_test,0,real,0.002720721298828721,0.4307548701763153,0
deepfakeface_sd15/real/21/295321_1904-08-23_1955.jpg,xception,external_original_matched,external_test,0,real,0.0012662212830036879,0.4307548701763153,0
deepfakeface_sd15/real/21/3003021_1956-12-23_2014.jpg,xception,external_original_matched,external_test,0,real,0.6028159260749817,0.4307548701763153,1
deepfakeface_sd15/real/21/30496921_1916-02-13_1977.jpg,xception,external_original_matched,external_test,0,real,0.7024680376052856,0.4307548701763153,1
deepfakeface_sd15/real/21/332221_1903-07-21_2007.jpg,xception,external_original_matched,external_test,0,real,0.7594355940818787,0.4307548701763153,1
deepfakeface_sd15/real/21/35191121_1990-01-18_2014.jpg,xception,external_original_matched,external_test,0,real,0.12637118995189667,0.4307548701763153,0
deepfakeface_sd15/real/21/40783721_1958-04-16_2013.jpg,xception,external_original_matched,external_test,0,real,0.001219599274918437,0.4307548701763153,0
deepfakeface_sd15/real/21/4137921_1965-08-22_2013.jpg,xception,external_original_matched,external_test,0,real,0.09107807278633118,0.4307548701763153,0
deepfakeface_sd15/real/21/6573321_1986-05-01_2008.jpg,xception,external_original_matched,external_test,0,real,0.00805321428924799,0.4307548701763153,0
deepfakeface_sd15/real/21/6574321_1982-08-10_2012.jpg,xception,external_original_matched,external_test,0,real,0.0915604680776596,0.4307548701763153,0
deepfakeface_sd15/real/21/7170221_1933-03-27_1983.jpg,xception,external_original_matched,external_test,0,real,0.006754317320883274,0.4307548701763153,0
deepfakeface_sd15/real/21/7623721_1978-03-01_2010.jpg,xception,external_original_matched,external_test,0,real,0.001900295028463006,0.4307548701763153,0
deepfakeface_sd15/real/21/8194621_1986-02-16_2009.jpg,xception,external_original_matched,external_test,0,real,0.07700882852077484,0.4307548701763153,0
deepfakeface_sd15/real/21/8774721_1967-04-29_2010.jpg,xception,external_original_matched,external_test,0,real,0.00753911305218935,0.4307548701763153,0
deepfakeface_sd15/real/21/8789221_1983-08-14_2012.jpg,xception,external_original_matched,external_test,0,real,0.10858023911714554,0.4307548701763153,0
deepfakeface_sd15/real/21/9404921_1978-07-09_2009.jpg,xception,external_original_matched,external_test,0,real,0.023061368614435196,0.4307548701763153,0
deepfakeface_sd15/real/24/2968824_1963-05-26_2011.jpg,xception,external_original_matched,external_test,0,real,0.0014717578887939453,0.4307548701763153,0
deepfakeface_sd15/real/26/503926_1976-12-31_2009.jpg,xception,external_original_matched,external_test,0,real,0.05579031631350517,0.4307548701763153,0
deepfakeface_sd15/real/30/11772430_1938-04-14_2008.jpg,xception,external_original_matched,external_test,0,real,0.06442028284072876,0.4307548701763153,0
deepfakeface_sd15/real/34/1149234_1978-10-03_2010.jpg,xception,external_original_matched,external_test,0,real,0.01094333827495575,0.4307548701763153,0
deepfakeface_sd15/real/34/11653234_1986-12-23_2012.jpg,xception,external_original_matched,external_test,0,real,0.003802589839324355,0.4307548701763153,0
deepfakeface_sd15/real/34/1266534_1975-11-03_2011.jpg,xception,external_original_matched,external_test,0,real,0.0015389345353469253,0.4307548701763153,0
deepfakeface_sd15/real/34/12829834_1950-08-15_2002.jpg,xception,external_original_matched,external_test,0,real,0.04082988575100899,0.4307548701763153,0
deepfakeface_sd15/real/34/13846034_1977-08-30_2009.jpg,xception,external_original_matched,external_test,0,real,0.25191473960876465,0.4307548701763153,0
deepfakeface_sd15/real/34/1386234_1952-04-25_2004.jpg,xception,external_original_matched,external_test,0,real,0.030661070719361305,0.4307548701763153,0
deepfakeface_sd15/real/34/19258134_1986-05-13_2009.jpg,xception,external_original_matched,external_test,0,real,0.03212569281458855,0.4307548701763153,0
deepfakeface_sd15/real/34/19354934_1986-10-18_2009.jpg,xception,external_original_matched,external_test,0,real,0.46327483654022217,0.4307548701763153,1
deepfakeface_sd15/real/34/20500734_1950-03-30_2014.jpg,xception,external_original_matched,external_test,0,real,0.0019835266284644604,0.4307548701763153,0
deepfakeface_sd15/real/34/21284234_1983-06-02_2011.jpg,xception,external_original_matched,external_test,0,real,0.03860986977815628,0.4307548701763153,0
deepfakeface_sd15/real/34/23945334_1979-07-30_2008.jpg,xception,external_original_matched,external_test,0,real,0.0985332503914833,0.4307548701763153,0
deepfakeface_sd15/real/34/25905034_1992-04-05_2009.jpg,xception,external_original_matched,external_test,0,real,0.4620879590511322,0.4307548701763153,1
deepfakeface_sd15/real/34/276834_1928-01-30_2010.jpg,xception,external_original_matched,external_test,0,real,0.006733211688697338,0.4307548701763153,0
deepfakeface_sd15/real/34/32504534_1990-12-18_2011.jpg,xception,external_original_matched,external_test,0,real,0.9701355695724487,0.4307548701763153,1
deepfakeface_sd15/real/34/32670934_1973-08-28_2013.jpg,xception,external_original_matched,external_test,0,real,0.0005648448131978512,0.4307548701763153,0
deepfakeface_sd15/real/34/33682634_1989-09-15_2011.jpg,xception,external_original_matched,external_test,0,real,0.7402639985084534,0.4307548701763153,1
deepfakeface_sd15/real/34/36722334_1937-08-31_2005.jpg,xception,external_original_matched,external_test,0,real,0.6447803378105164,0.4307548701763153,1
deepfakeface_sd15/real/34/39718934_1987-12-07_2013.jpg,xception,external_original_matched,external_test,0,real,0.27084439992904663,0.4307548701763153,0
deepfakeface_sd15/real/34/398734_1932-05-04_1955.jpg,xception,external_original_matched,external_test,0,real,0.1206236407160759,0.4307548701763153,0
deepfakeface_sd15/real/34/42708434_1996-03-11_2013.jpg,xception,external_original_matched,external_test,0,real,0.37315741181373596,0.4307548701763153,0
deepfakeface_sd15/real/34/43639934_1912-04-03_2003.jpg,xception,external_original_matched,external_test,0,real,0.0008262276533059776,0.4307548701763153,0
deepfakeface_sd15/real/34/440034_1924-04-29_1963.jpg,xception,external_original_matched,external_test,0,real,0.19449032843112946,0.4307548701763153,0
deepfakeface_sd15/real/34/4413434_1984-01-21_2013.jpg,xception,external_original_matched,external_test,0,real,0.9251209497451782,0.4307548701763153,1
deepfakeface_sd15/real/34/4998434_1979-05-16_2005.jpg,xception,external_original_matched,external_test,0,real,0.0022076060995459557,0.4307548701763153,0
deepfakeface_sd15/real/34/5354734_1976-10-17_1995.jpg,xception,external_original_matched,external_test,0,real,0.4532460868358612,0.4307548701763153,1
deepfakeface_sd15/real/34/603934_1963-12-04_2013.jpg,xception,external_original_matched,external_test,0,real,0.005040937568992376,0.4307548701763153,0
deepfakeface_sd15/real/34/78834_1970-04-29_2014.jpg,xception,external_original_matched,external_test,0,real,0.45929771661758423,0.4307548701763153,1
deepfakeface_sd15/real/34/9326434_1987-05-02_2006.jpg,xception,external_original_matched,external_test,0,real,0.39610278606414795,0.4307548701763153,0
deepfakeface_sd15/real/35/10970235_1972-10-10_2010.jpg,xception,external_original_matched,external_test,0,real,0.0002564896713010967,0.4307548701763153,0
deepfakeface_sd15/real/35/12523735_1981-04-21_2014.jpg,xception,external_original_matched,external_test,0,real,0.10541417449712753,0.4307548701763153,0
deepfakeface_sd15/real/35/1323135_1941-09-15_1966.jpg,xception,external_original_matched,external_test,0,real,0.02586980350315571,0.4307548701763153,0
deepfakeface_sd15/real/35/13774535_1942-06-09_1957.jpg,xception,external_original_matched,external_test,0,real,0.1561448574066162,0.4307548701763153,0
deepfakeface_sd15/real/35/14180235_1985-10-27_2015.jpg,xception,external_original_matched,external_test,0,real,0.014130382798612118,0.4307548701763153,0
deepfakeface_sd15/real/35/14347235_1959-06-15_2013.jpg,xception,external_original_matched,external_test,0,real,0.48384591937065125,0.4307548701763153,1
deepfakeface_sd15/real/35/1437535_1935-02-22_2010.jpg,xception,external_original_matched,external_test,0,real,0.18050335347652435,0.4307548701763153,0
deepfakeface_sd15/real/35/14619035_1990-02-25_2014.jpg,xception,external_original_matched,external_test,0,real,0.01861928403377533,0.4307548701763153,0
deepfakeface_sd15/real/35/1566935_1953-09-11_2010.jpg,xception,external_original_matched,external_test,0,real,0.1213129386305809,0.4307548701763153,0
deepfakeface_sd15/real/35/16105135_1980-04-18_2012.jpg,xception,external_original_matched,external_test,0,real,0.9648248553276062,0.4307548701763153,1
deepfakeface_sd15/real/35/17974235_1973-06-13_2009.jpg,xception,external_original_matched,external_test,0,real,0.7711967825889587,0.4307548701763153,1
deepfakeface_sd15/real/35/18933035_1982-08-26_2012.jpg,xception,external_original_matched,external_test,0,real,0.4475107491016388,0.4307548701763153,1
deepfakeface_sd15/real/35/19966435_1968-04-03_2012.jpg,xception,external_original_matched,external_test,0,real,0.05481431260704994,0.4307548701763153,0
deepfakeface_sd15/real/35/2357835_1982-06-16_2014.jpg,xception,external_original_matched,external_test,0,real,0.0005467238952405751,0.4307548701763153,0
deepfakeface_sd15/real/35/2663135_1941-03-20_2008.jpg,xception,external_original_matched,external_test,0,real,0.25186145305633545,0.4307548701763153,0
deepfakeface_sd15/real/35/2667535_1937-12-16_1985.jpg,xception,external_original_matched,external_test,0,real,0.15453636646270752,0.4307548701763153,0
deepfakeface_sd15/real/35/28265335_1988-06-22_2013.jpg,xception,external_original_matched,external_test,0,real,0.12225037068128586,0.4307548701763153,0
deepfakeface_sd15/real/35/30385335_1991-08-22_2011.jpg,xception,external_original_matched,external_test,0,real,0.5139035582542419,0.4307548701763153,1
deepfakeface_sd15/real/35/3110335_1948-04-03_2012.jpg,xception,external_original_matched,external_test,0,real,0.10502078384160995,0.4307548701763153,0
deepfakeface_sd15/real/35/31663335_1976-06-05_2013.jpg,xception,external_original_matched,external_test,0,real,0.0038910359144210815,0.4307548701763153,0
deepfakeface_sd15/real/35/32471435_1932-05-10_1959.jpg,xception,external_original_matched,external_test,0,real,0.12625442445278168,0.4307548701763153,0
deepfakeface_sd15/real/35/33199835_1985-06-12_2011.jpg,xception,external_original_matched,external_test,0,real,0.03560851514339447,0.4307548701763153,0
deepfakeface_sd15/real/35/3338735_1981-11-16_2013.jpg,xception,external_original_matched,external_test,0,real,0.5767278671264648,0.4307548701763153,1
deepfakeface_sd15/real/35/34163535_1988-04-03_2011.jpg,xception,external_original_matched,external_test,0,real,0.5954933166503906,0.4307548701763153,1
deepfakeface_sd15/real/35/36702535_1992-07-04_2012.jpg,xception,external_original_matched,external_test,0,real,0.9061412215232849,0.4307548701763153,1
deepfakeface_sd15/real/35/4943835_1891-09-22_1968.jpg,xception,external_original_matched,external_test,0,real,0.000591053394600749,0.4307548701763153,0
deepfakeface_sd15/real/35/6232035_1987-09-07_2013.jpg,xception,external_original_matched,external_test,0,real,0.42704153060913086,0.4307548701763153,0
deepfakeface_sd15/real/35/89835_1951-04-07_1981.jpg,xception,external_original_matched,external_test,0,real,0.04357888922095299,0.4307548701763153,0
deepfakeface_sd15/real/55/10095655_1985-07-10_2012.jpg,xception,external_original_matched,external_test,0,real,0.1714455485343933,0.4307548701763153,0
deepfakeface_sd15/real/55/10486955_1937-11-18_1975.jpg,xception,external_original_matched,external_test,0,real,0.009055541828274727,0.4307548701763153,0
deepfakeface_sd15/real/55/1196855_1923-06-24_2009.jpg,xception,external_original_matched,external_test,0,real,0.0172023493796587,0.4307548701763153,0
deepfakeface_sd15/real/55/12428755_1982-12-09_2012.jpg,xception,external_original_matched,external_test,0,real,0.048922158777713776,0.4307548701763153,0
deepfakeface_sd15/real/55/1349055_1974-02-24_2009.jpg,xception,external_original_matched,external_test,0,real,0.10966330766677856,0.4307548701763153,0
deepfakeface_sd15/real/55/14640255_1980-09-24_2006.jpg,xception,external_original_matched,external_test,0,real,0.22497613728046417,0.4307548701763153,0
deepfakeface_sd15/real/55/14904555_1915-05-08_1941.jpg,xception,external_original_matched,external_test,0,real,0.02269580028951168,0.4307548701763153,0
deepfakeface_sd15/real/55/15890555_1987-12-03_2014.jpg,xception,external_original_matched,external_test,0,real,0.24762599170207977,0.4307548701763153,0
deepfakeface_sd15/real/55/1941155_1993-07-26_2010.jpg,xception,external_original_matched,external_test,0,real,0.9361726641654968,0.4307548701763153,1
deepfakeface_sd15/real/55/20025755_1979-03-10_2009.jpg,xception,external_original_matched,external_test,0,real,0.03403496369719505,0.4307548701763153,0
deepfakeface_sd15/real/55/2538755_1933-07-01_1979.jpg,xception,external_original_matched,external_test,0,real,0.0016931702848523855,0.4307548701763153,0
deepfakeface_sd15/real/55/27599355_1985-04-07_2007.jpg,xception,external_original_matched,external_test,0,real,0.7027991414070129,0.4307548701763153,1
deepfakeface_sd15/real/55/2894455_1947-09-13_2009.jpg,xception,external_original_matched,external_test,0,real,0.43379902839660645,0.4307548701763153,1
deepfakeface_sd15/real/55/295555_1950-07-15_2012.jpg,xception,external_original_matched,external_test,0,real,0.0023597448598593473,0.4307548701763153,0
deepfakeface_sd15/real/55/2979255_1982-08-30_2012.jpg,xception,external_original_matched,external_test,0,real,0.009228856302797794,0.4307548701763153,0
deepfakeface_sd15/real/55/30781355_1963-07-29_2015.jpg,xception,external_original_matched,external_test,0,real,0.13666854798793793,0.4307548701763153,0
deepfakeface_sd15/real/55/31689055_1988-03-014_2013.jpg,xception,external_original_matched,external_test,0,real,0.03836635500192642,0.4307548701763153,0
deepfakeface_sd15/real/55/3523055_1984-05-01_2014.jpg,xception,external_original_matched,external_test,0,real,0.29661163687705994,0.4307548701763153,0
deepfakeface_sd15/real/55/3566855_1977-08-09_2010.jpg,xception,external_original_matched,external_test,0,real,0.3442320227622986,0.4307548701763153,0
deepfakeface_sd15/real/55/36326355_1990-10-27_2014.jpg,xception,external_original_matched,external_test,0,real,0.0013261674903333187,0.4307548701763153,0
deepfakeface_sd15/real/55/38909755_1989-02-21_2013.jpg,xception,external_original_matched,external_test,0,real,0.3522375524044037,0.4307548701763153,0
deepfakeface_sd15/real/55/39790655_2013-07-22_2014.jpg,xception,external_original_matched,external_test,0,real,0.25057825446128845,0.4307548701763153,0
deepfakeface_sd15/real/55/42718155_1946-01-25_2006.jpg,xception,external_original_matched,external_test,0,real,0.6973266005516052,0.4307548701763153,1
deepfakeface_sd15/real/55/43284855_1980-08-11_2012.jpg,xception,external_original_matched,external_test,0,real,0.0170663483440876,0.4307548701763153,0
deepfakeface_sd15/real/55/45263455_1979-05-12_2015.jpg,xception,external_original_matched,external_test,0,real,0.5552607178688049,0.4307548701763153,1
deepfakeface_sd15/real/55/46238055_1947-10-19_1980.jpg,xception,external_original_matched,external_test,0,real,0.004286282230168581,0.4307548701763153,0
deepfakeface_sd15/real/55/72655_1975-10-12_2004.jpg,xception,external_original_matched,external_test,0,real,0.6953611373901367,0.4307548701763153,1
deepfakeface_sd15/real/55/870155_1962-12-01_2010.jpg,xception,external_original_matched,external_test,0,real,0.0007199414540082216,0.4307548701763153,0
deepfakeface_sd15/real/69/41427969_1939-03-30_1972.jpg,xception,external_original_matched,external_test,0,real,0.1555449664592743,0.4307548701763153,0
deepfakeface_sd15/real/71/12738371_1985-05-25_2015.jpg,xception,external_original_matched,external_test,0,real,0.03825075924396515,0.4307548701763153,0
deepfakeface_sd15/real/71/14220271_1972-11-30_2008.jpg,xception,external_original_matched,external_test,0,real,0.00036061840364709496,0.4307548701763153,0
deepfakeface_sd15/real/71/165871_1942-09-30_1950.jpg,xception,external_original_matched,external_test,0,real,5.949424667051062e-05,0.4307548701763153,0
deepfakeface_sd15/real/71/17112571_1992-02-27_2012.jpg,xception,external_original_matched,external_test,0,real,0.31475692987442017,0.4307548701763153,0
deepfakeface_sd15/real/71/1854071_1958-08-14_1991.jpg,xception,external_original_matched,external_test,0,real,0.5178601145744324,0.4307548701763153,1
deepfakeface_sd15/real/71/18720671_1986-06-23_2012.jpg,xception,external_original_matched,external_test,0,real,0.010246193036437035,0.4307548701763153,0
deepfakeface_sd15/real/71/19476171_1989-08-02_2014.jpg,xception,external_original_matched,external_test,0,real,0.07208334654569626,0.4307548701763153,0
deepfakeface_sd15/real/71/23399171_1991-05-22_2009.jpg,xception,external_original_matched,external_test,0,real,0.16981840133666992,0.4307548701763153,0
deepfakeface_sd15/real/71/2492371_1942-11-06_1965.jpg,xception,external_original_matched,external_test,0,real,0.011762472800910473,0.4307548701763153,0
deepfakeface_sd15/real/71/25422271_1990-09-11_2014.jpg,xception,external_original_matched,external_test,0,real,0.3045443296432495,0.4307548701763153,0
deepfakeface_sd15/real/71/27164771_1990-09-17_2009.jpg,xception,external_original_matched,external_test,0,real,0.006530528888106346,0.4307548701763153,0
deepfakeface_sd15/real/71/27987171_1987-05-10_2013.jpg,xception,external_original_matched,external_test,0,real,0.5900776982307434,0.4307548701763153,1
deepfakeface_sd15/real/71/29084271_1991-09-22_2014.jpg,xception,external_original_matched,external_test,0,real,0.29499348998069763,0.4307548701763153,0
deepfakeface_sd15/real/71/30657971_1992-05-11_2014.jpg,xception,external_original_matched,external_test,0,real,0.6432768702507019,0.4307548701763153,1
deepfakeface_sd15/real/71/31706371_1989-01-14_2011.jpg,xception,external_original_matched,external_test,0,real,0.029494335874915123,0.4307548701763153,0
deepfakeface_sd15/real/71/33021371_1988-02-18_2013.jpg,xception,external_original_matched,external_test,0,real,0.034025587141513824,0.4307548701763153,0
deepfakeface_sd15/real/71/3312671_1985-08-02_2008.jpg,xception,external_original_matched,external_test,0,real,0.7872700691223145,0.4307548701763153,1
deepfakeface_sd15/real/71/35188571_1983-09-18_2009.jpg,xception,external_original_matched,external_test,0,real,0.000515250489115715,0.4307548701763153,0
deepfakeface_sd15/real/71/42650171_1946-12-10_2013.jpg,xception,external_original_matched,external_test,0,real,0.0780523270368576,0.4307548701763153,0
deepfakeface_sd15/real/71/5081071_1925-11-13_1953.jpg,xception,external_original_matched,external_test,0,real,0.13937954604625702,0.4307548701763153,0
deepfakeface_sd15/real/71/566471_1971-05-18_2011.jpg,xception,external_original_matched,external_test,0,real,0.2212883085012436,0.4307548701763153,0
deepfakeface_sd15/real/71/703371_1918-03-12_1980.jpg,xception,external_original_matched,external_test,0,real,0.14808177947998047,0.4307548701763153,0
deepfakeface_sd15/real/71/775271_1959-09-16_2011.jpg,xception,external_original_matched,external_test,0,real,0.16694539785385132,0.4307548701763153,0
deepfakeface_sd15/real/71/8334671_1931-02-14_1966.jpg,xception,external_original_matched,external_test,0,real,0.039976347237825394,0.4307548701763153,0
deepfakeface_sd15/real/71/9069371_1986-03-19_2013.jpg,xception,external_original_matched,external_test,0,real,0.6421023011207581,0.4307548701763153,1
deepfakeface_sd15/real/71/967871_1972-12-15_2008.jpg,xception,external_original_matched,external_test,0,real,0.02485012821853161,0.4307548701763153,0
deepfakeface_sd15/real/71/9845271_1955-09-16_2001.jpg,xception,external_original_matched,external_test,0,real,0.07421649247407913,0.4307548701763153,0
deepfakeface_sd15/real/73/1013073_1978-05-24_2010.jpg,xception,external_original_matched,external_test,0,real,0.0712994709610939,0.4307548701763153,0
deepfakeface_sd15/real/73/12464473_1935-03-06_1958.jpg,xception,external_original_matched,external_test,0,real,0.0005120387068018317,0.4307548701763153,0
deepfakeface_sd15/real/73/12786073_1984-05-18_2011.jpg,xception,external_original_matched,external_test,0,real,0.0016512335278093815,0.4307548701763153,0
deepfakeface_sd15/real/73/16855173_1937-10-21_2008.jpg,xception,external_original_matched,external_test,0,real,0.1627872884273529,0.4307548701763153,0
deepfakeface_sd15/real/73/18933173_1984-05-13_2011.jpg,xception,external_original_matched,external_test,0,real,0.18300002813339233,0.4307548701763153,0
deepfakeface_sd15/real/73/20989373_1938-09-15_1988.jpg,xception,external_original_matched,external_test,0,real,0.00036945645115338266,0.4307548701763153,0
deepfakeface_sd15/real/73/21741673_1995-03-01_2009.jpg,xception,external_original_matched,external_test,0,real,0.6730390787124634,0.4307548701763153,1
deepfakeface_sd15/real/73/2210573_1958-04-04_2007.jpg,xception,external_original_matched,external_test,0,real,0.22234080731868744,0.4307548701763153,0
deepfakeface_sd15/real/73/24079373_1979-07-15_2009.jpg,xception,external_original_matched,external_test,0,real,0.0664348378777504,0.4307548701763153,0
deepfakeface_sd15/real/73/25286273_1990-11-02_2013.jpg,xception,external_original_matched,external_test,0,real,0.9224260449409485,0.4307548701763153,1
deepfakeface_sd15/real/73/27347573_1992-06-02_2010.jpg,xception,external_original_matched,external_test,0,real,0.6616361141204834,0.4307548701763153,1
deepfakeface_sd15/real/73/3365773_1949-06-24_1985.jpg,xception,external_original_matched,external_test,0,real,0.015685638412833214,0.4307548701763153,0
deepfakeface_sd15/real/73/34239373_1994-11-30_2014.jpg,xception,external_original_matched,external_test,0,real,0.07509197294712067,0.4307548701763153,0
deepfakeface_sd15/real/73/3517073_1984-09-10_2011.jpg,xception,external_original_matched,external_test,0,real,0.441260427236557,0.4307548701763153,1
deepfakeface_sd15/real/73/36499973_1985-09-06_2011.jpg,xception,external_original_matched,external_test,0,real,0.05897087603807449,0.4307548701763153,0
deepfakeface_sd15/real/73/37985373_1988-12-05_2014.jpg,xception,external_original_matched,external_test,0,real,0.039975397288799286,0.4307548701763153,0
deepfakeface_sd15/real/73/38089073_1988-06-26_2014.jpg,xception,external_original_matched,external_test,0,real,0.07399378716945648,0.4307548701763153,0
deepfakeface_sd15/real/73/41639973_1876-12-25_1940.jpg,xception,external_original_matched,external_test,0,real,0.0012986165238544345,0.4307548701763153,0
deepfakeface_sd15/real/73/46452873_1906-12-20_1945.jpg,xception,external_original_matched,external_test,0,real,0.9837305545806885,0.4307548701763153,1
deepfakeface_sd15/real/73/479273_1985-12-08_2014.jpg,xception,external_original_matched,external_test,0,real,0.5780971646308899,0.4307548701763153,1
deepfakeface_sd15/real/73/502973_1958-03-25_2012.jpg,xception,external_original_matched,external_test,0,real,0.0406964048743248,0.4307548701763153,0
deepfakeface_sd15/real/73/5332173_1935-09-06_2008.jpg,xception,external_original_matched,external_test,0,real,0.009630895219743252,0.4307548701763153,0
deepfakeface_sd15/real/73/666973_1960-09-19_2005.jpg,xception,external_original_matched,external_test,0,real,0.09498441964387894,0.4307548701763153,0
deepfakeface_sd15/real/73/9311273_1979-08-24_2010.jpg,xception,external_original_matched,external_test,0,real,0.20054665207862854,0.4307548701763153,0
deepfakeface_sd15/real/80/2798180_1985-12-19_2014.jpg,xception,external_original_matched,external_test,0,real,0.04650977626442909,0.4307548701763153,0
deepfakeface_sd15/real/80/6049880_1985-02-26_2013.jpg,xception,external_original_matched,external_test,0,real,0.6604499816894531,0.4307548701763153,1
deepfakeface_sd15/real/80/9076080_1971-09-21_2011.jpg,xception,external_original_matched,external_test,0,real,0.9150486588478088,0.4307548701763153,1
deepfakeface_sd15/real/98/10760998_1937-01-14_1968.jpg,xception,external_original_matched,external_test,0,real,0.00035115948412567377,0.4307548701763153,0
deepfakeface_sd15/real/98/13664298_1989-04-27_2014.jpg,xception,external_original_matched,external_test,0,real,0.043953604996204376,0.4307548701763153,0
deepfakeface_sd15/real/98/14073598_1892-03-06_1943.jpg,xception,external_original_matched,external_test,0,real,0.2306394875049591,0.4307548701763153,0
deepfakeface_sd15/real/98/142698_1939-09-01_2014.jpg,xception,external_original_matched,external_test,0,real,0.0009901791345328093,0.4307548701763153,0
deepfakeface_sd15/real/98/15230998_1983-01-10_2007.jpg,xception,external_original_matched,external_test,0,real,0.014292671345174313,0.4307548701763153,0
deepfakeface_sd15/real/98/176998_1933-08-16_1965.jpg,xception,external_original_matched,external_test,0,real,0.007309123873710632,0.4307548701763153,0
deepfakeface_sd15/real/98/22298398_1962-09-19_2011.jpg,xception,external_original_matched,external_test,0,real,0.0005234226118773222,0.4307548701763153,0
deepfakeface_sd15/real/98/23428298_1982-12-22_2009.jpg,xception,external_original_matched,external_test,0,real,0.5361965894699097,0.4307548701763153,1
deepfakeface_sd15/real/98/23560198_1992-06-20_2014.jpg,xception,external_original_matched,external_test,0,real,0.02091900072991848,0.4307548701763153,0
deepfakeface_sd15/real/98/25616698_1980-08-12_2012.jpg,xception,external_original_matched,external_test,0,real,0.23614858090877533,0.4307548701763153,0
deepfakeface_sd15/real/98/25980298_1980-07-05_2013.jpg,xception,external_original_matched,external_test,0,real,0.14338302612304688,0.4307548701763153,0
deepfakeface_sd15/real/98/2705698_1958-12-06_2007.jpg,xception,external_original_matched,external_test,0,real,0.00010770422522909939,0.4307548701763153,0
deepfakeface_sd15/real/98/27687598_1957-10-28_2009.jpg,xception,external_original_matched,external_test,0,real,0.28444379568099976,0.4307548701763153,0
deepfakeface_sd15/real/98/30789098_1986-05-13_2012.jpg,xception,external_original_matched,external_test,0,real,0.014371667057275772,0.4307548701763153,0
deepfakeface_sd15/real/98/32664798_1990-03-03_2014.jpg,xception,external_original_matched,external_test,0,real,0.0028769797645509243,0.4307548701763153,0
deepfakeface_sd15/real/98/3604398_1981-06-16_2012.jpg,xception,external_original_matched,external_test,0,real,0.09951052069664001,0.4307548701763153,0
deepfakeface_sd15/real/98/40219898_1975-03-11_2013.jpg,xception,external_original_matched,external_test,0,real,0.0008233939297497272,0.4307548701763153,0
deepfakeface_sd15/real/98/40883698_1972-01-26_2014.jpg,xception,external_original_matched,external_test,0,real,0.38889333605766296,0.4307548701763153,0
deepfakeface_sd15/real/98/4276598_1950-10-14_1975.jpg,xception,external_original_matched,external_test,0,real,0.0030517030972987413,0.4307548701763153,0
deepfakeface_sd15/real/98/45298998_1988-08-17_2012.jpg,xception,external_original_matched,external_test,0,real,0.33608564734458923,0.4307548701763153,0
deepfakeface_sd15/real/98/4691798_1977-09-15_2005.jpg,xception,external_original_matched,external_test,0,real,0.20961081981658936,0.4307548701763153,0
deepfakeface_sd15/real/98/46974698_1942-02-22_1968.jpg,xception,external_original_matched,external_test,0,real,0.08629466593265533,0.4307548701763153,0
deepfakeface_sd15/real/98/577798_1933-12-08_1969.jpg,xception,external_original_matched,external_test,0,real,0.14183877408504486,0.4307548701763153,0
deepfakeface_sd15/real/98/591698_1968-01-15_2000.jpg,xception,external_original_matched,external_test,0,real,0.9103074669837952,0.4307548701763153,1
deepfakeface_sd15/real/98/609598_1929-11-08_2007.jpg,xception,external_original_matched,external_test,0,real,0.011907580308616161,0.4307548701763153,0
deepfakeface_sd15/real/98/6548698_1964-02-27_2010.jpg,xception,external_original_matched,external_test,0,real,0.054304253309965134,0.4307548701763153,0
deepfakeface_sd15/real/98/670098_1974-07-29_2009.jpg,xception,external_original_matched,external_test,0,real,0.39359310269355774,0.4307548701763153,0
deepfakeface_sd15/real/98/6808898_1936-01-17_2012.jpg,xception,external_original_matched,external_test,0,real,0.0002418013318674639,0.4307548701763153,0
deepfakeface_sd15/fake/00/12596800_1920-10-18_1955.jpg,xception,external_original_matched,external_test,1,StableDiffusion_v1_5,0.2664003372192383,0.4307548701763153,0
deepfakeface_sd15/fake/00/15550600_1973-11-01_2000.jpg,xception,external_original_matched,external_test,1,StableDiffusion_v1_5,0.9312545657157898,0.4307548701763153,1
deepfakeface_sd15/fake/00/18407100_1917-10-18_1958.jpg,xception,external_original_matched,external_test,1,StableDiffusion_v1_5,0.5741115808486938,0.4307548701763153,1
deepfakeface_sd15/fake/00/23804200_1950-03-31_2013.jpg,xception,external_original_matched,external_test,1,StableDiffusion_v1_5,0.33666202425956726,0.4307548701763153,0
deepfakeface_sd15/fake/00/2540500_1970-10-10_2008.jpg,xception,external_original_matched,external_test,1,StableDiffusion_v1_5,0.0013290023198351264,0.4307548701763153,0
deepfakeface_sd15/fake/00/2669900_1933-07-29_1968.jpg,xception,external_original_matched,external_test,1,StableDiffusion_v1_5,0.003485281951725483,0.4307548701763153,0
deepfakeface_sd15/fake/00/26771200_1988-08-13_2009.jpg,xception,external_original_matched,external_test,1,StableDiffusion_v1_5,0.0006572804995812476,0.4307548701763153,0
deepfakeface_sd15/fake/00/2690900_1963-03-12_2010.jpg,xception,external_original_matched,external_test,1,StableDiffusion_v1_5,0.00023484388657379895,0.4307548701763153,0
deepfakeface_sd15/fake/00/28476500_1938-06-12_1959.jpg,xception,external_original_matched,external_test,1,StableDiffusion_v1_5,0.005798008758574724,0.4307548701763153,0
deepfakeface_sd15/fake/00/28886000_1928-01-17_2009.jpg,xception,external_original_matched,external_test,1,StableDiffusion_v1_5,0.203536719083786,0.4307548701763153,0
deepfakeface_sd15/fake/00/3293900_1973-09-23_2004.jpg,xception,external_original_matched,external_test,1,StableDiffusion_v1_5,0.00048242625780403614,0.4307548701763153,0
deepfakeface_sd15/fake/00/34199700_1921-05-23_1946.jpg,xception,external_original_matched,external_test,1,StableDiffusion_v1_5,0.00656388234347105,0.4307548701763153,0
deepfakeface_sd15/fake/00/34316600_1994-11-15_2013.jpg,xception,external_original_matched,external_test,1,StableDiffusion_v1_5,0.13862450420856476,0.4307548701763153,0
deepfakeface_sd15/fake/00/35360200_1996-11-01_2012.jpg,xception,external_original_matched,external_test,1,StableDiffusion_v1_5,0.6373836398124695,0.4307548701763153,1
deepfakeface_sd15/fake/00/36606300_1984-08-03_2014.jpg,xception,external_original_matched,external_test,1,StableDiffusion_v1_5,0.03385888412594795,0.4307548701763153,0
deepfakeface_sd15/fake/00/38882500_1940-10-04_1977.jpg,xception,external_original_matched,external_test,1,StableDiffusion_v1_5,0.0035025214310735464,0.4307548701763153,0
deepfakeface_sd15/fake/00/3982800_1988-01-29_2012.jpg,xception,external_original_matched,external_test,1,StableDiffusion_v1_5,0.000383538514142856,0.4307548701763153,0
deepfakeface_sd15/fake/00/41835500_1992-05-12_2014.jpg,xception,external_original_matched,external_test,1,StableDiffusion_v1_5,0.0024129808880388737,0.4307548701763153,0
deepfakeface_sd15/fake/00/4236500_1977-10-18_2005.jpg,xception,external_original_matched,external_test,1,StableDiffusion_v1_5,0.0008488179882988334,0.4307548701763153,0
deepfakeface_sd15/fake/00/46667800_1978-03-16_2014.jpg,xception,external_original_matched,external_test,1,StableDiffusion_v1_5,0.0021616017911583185,0.4307548701763153,0
deepfakeface_sd15/fake/00/5616200_1968-09-06_2006.jpg,xception,external_original_matched,external_test,1,StableDiffusion_v1_5,0.04775282368063927,0.4307548701763153,0
deepfakeface_sd15/fake/00/5751800_1950-09-09_2010.jpg,xception,external_original_matched,external_test,1,StableDiffusion_v1_5,0.0016347714699804783,0.4307548701763153,0
deepfakeface_sd15/fake/00/67000_1947-05-13_2007.jpg,xception,external_original_matched,external_test,1,StableDiffusion_v1_5,0.015530591830611229,0.4307548701763153,0
deepfakeface_sd15/fake/00/7567200_1932-07-31_1966.jpg,xception,external_original_matched,external_test,1,StableDiffusion_v1_5,0.04824534431099892,0.4307548701763153,0
deepfakeface_sd15/fake/00/8222200_1941-05-15_1964.jpg,xception,external_original_matched,external_test,1,StableDiffusion_v1_5,0.004293537698686123,0.4307548701763153,0
deepfakeface_sd15/fake/00/836500_1977-03-04_2007.jpg,xception,external_original_matched,external_test,1,StableDiffusion_v1_5,0.6523536443710327,0.4307548701763153,1
deepfakeface_sd15/fake/00/9210500_1912-02-06_1942.jpg,xception,external_original_matched,external_test,1,StableDiffusion_v1_5,0.0006800569826737046,0.4307548701763153,0
deepfakeface_sd15/fake/00/944600_1968-02-05_2006.jpg,xception,external_original_matched,external_test,1,StableDiffusion_v1_5,0.3186633288860321,0.4307548701763153,0
deepfakeface_sd15/fake/00/9801700_1969-10-11_2012.jpg,xception,external_original_matched,external_test,1,StableDiffusion_v1_5,0.0005416026106104255,0.4307548701763153,0
deepfakeface_sd15/fake/02/4539602_1977-04-26_2010.jpg,xception,external_original_matched,external_test,1,StableDiffusion_v1_5,1.8048032870865427e-05,0.4307548701763153,0
deepfakeface_sd15/fake/03/10970703_1984-05-21_2011.jpg,xception,external_original_matched,external_test,1,StableDiffusion_v1_5,0.0015128101222217083,0.4307548701763153,0
deepfakeface_sd15/fake/03/1142203_1949-03-03_2008.jpg,xception,external_original_matched,external_test,1,StableDiffusion_v1_5,0.5654062032699585,0.4307548701763153,1
deepfakeface_sd15/fake/03/13181303_1944-01-11_1971.jpg,xception,external_original_matched,external_test,1,StableDiffusion_v1_5,0.0007527787238359451,0.4307548701763153,0
deepfakeface_sd15/fake/03/14926103_1928-01-13_1958.jpg,xception,external_original_matched,external_test,1,StableDiffusion_v1_5,0.004769055638462305,0.4307548701763153,0
deepfakeface_sd15/fake/03/16103_1907-05-26_1965.jpg,xception,external_original_matched,external_test,1,StableDiffusion_v1_5,0.020323103293776512,0.4307548701763153,0
deepfakeface_sd15/fake/03/18388503_1942-09-14_2007.jpg,xception,external_original_matched,external_test,1,StableDiffusion_v1_5,0.0004572745237965137,0.4307548701763153,0
deepfakeface_sd15/fake/03/19966503_1974-03-04_2011.jpg,xception,external_original_matched,external_test,1,StableDiffusion_v1_5,0.11865918338298798,0.4307548701763153,0
deepfakeface_sd15/fake/03/21296103_1982-04-25_2011.jpg,xception,external_original_matched,external_test,1,StableDiffusion_v1_5,0.14509238302707672,0.4307548701763153,0
deepfakeface_sd15/fake/03/2220103_1954-05-18_2009.jpg,xception,external_original_matched,external_test,1,StableDiffusion_v1_5,0.46032825112342834,0.4307548701763153,1
deepfakeface_sd15/fake/03/225903_1935-04-21_2007.jpg,xception,external_original_matched,external_test,1,StableDiffusion_v1_5,0.8160251379013062,0.4307548701763153,1
deepfakeface_sd15/fake/03/2395003_1940-06-21_1977.jpg,xception,external_original_matched,external_test,1,StableDiffusion_v1_5,0.271038293838501,0.4307548701763153,0
deepfakeface_sd15/fake/03/2420403_1964-03-18_2007.jpg,xception,external_original_matched,external_test,1,StableDiffusion_v1_5,0.0013100379146635532,0.4307548701763153,0
deepfakeface_sd15/fake/03/2740303_1974-11-03_1999.jpg,xception,external_original_matched,external_test,1,StableDiffusion_v1_5,0.00022610601445194334,0.4307548701763153,0
deepfakeface_sd15/fake/03/2779203_1965-10-01_2008.jpg,xception,external_original_matched,external_test,1,StableDiffusion_v1_5,0.10372931510210037,0.4307548701763153,0
deepfakeface_sd15/fake/03/317803_1920-03-03_2011.jpg,xception,external_original_matched,external_test,1,StableDiffusion_v1_5,0.0022888474632054567,0.4307548701763153,0
deepfakeface_sd15/fake/03/32442803_1991-09-14_2012.jpg,xception,external_original_matched,external_test,1,StableDiffusion_v1_5,0.4807695746421814,0.4307548701763153,1
deepfakeface_sd15/fake/03/34807003_1990-05-29_2013.jpg,xception,external_original_matched,external_test,1,StableDiffusion_v1_5,0.0011585309403017163,0.4307548701763153,0
deepfakeface_sd15/fake/03/37970303_1977-07-09_2013.jpg,xception,external_original_matched,external_test,1,StableDiffusion_v1_5,0.004185506142675877,0.4307548701763153,0
deepfakeface_sd15/fake/03/39605003_1966-06-21_2012.jpg,xception,external_original_matched,external_test,1,StableDiffusion_v1_5,0.5732007026672363,0.4307548701763153,1
deepfakeface_sd15/fake/03/39918103_1988-09-29_2012.jpg,xception,external_original_matched,external_test,1,StableDiffusion_v1_5,0.0031985510140657425,0.4307548701763153,0
deepfakeface_sd15/fake/03/4830003_1961-12-01_2010.jpg,xception,external_original_matched,external_test,1,StableDiffusion_v1_5,0.7864062190055847,0.4307548701763153,1
deepfakeface_sd15/fake/03/555703_1913-07-13_1970.jpg,xception,external_original_matched,external_test,1,StableDiffusion_v1_5,0.4623751640319824,0.4307548701763153,1
deepfakeface_sd15/fake/03/6104003_1985-07-06_2006.jpg,xception,external_original_matched,external_test,1,StableDiffusion_v1_5,0.20567117631435394,0.4307548701763153,0
deepfakeface_sd15/fake/03/7100903_1961-03-15_2010.jpg,xception,external_original_matched,external_test,1,StableDiffusion_v1_5,0.6828150749206543,0.4307548701763153,1
deepfakeface_sd15/fake/03/7655603_1956-03-09_2010.jpg,xception,external_original_matched,external_test,1,StableDiffusion_v1_5,0.00842096097767353,0.4307548701763153,0
deepfakeface_sd15/fake/03/8902703_1978-09-20_2007.jpg,xception,external_original_matched,external_test,1,StableDiffusion_v1_5,0.00830282736569643,0.4307548701763153,0
deepfakeface_sd15/fake/03/9000703_1982-07-16_2008.jpg,xception,external_original_matched,external_test,1,StableDiffusion_v1_5,0.00032271575764752924,0.4307548701763153,0
deepfakeface_sd15/fake/03/9729003_1988-05-18_2011.jpg,xception,external_original_matched,external_test,1,StableDiffusion_v1_5,0.0012804972939193249,0.4307548701763153,0
deepfakeface_sd15/fake/03/97803_1991-04-04_2007.jpg,xception,external_original_matched,external_test,1,StableDiffusion_v1_5,0.4161030650138855,0.4307548701763153,0
deepfakeface_sd15/fake/12/1836812_1976-11-06_2013.jpg,xception,external_original_matched,external_test,1,StableDiffusion_v1_5,0.020143596455454826,0.4307548701763153,0
deepfakeface_sd15/fake/14/12041214_1955-03-25_2012.jpg,xception,external_original_matched,external_test,1,StableDiffusion_v1_5,0.016759660094976425,0.4307548701763153,0
deepfakeface_sd15/fake/14/12461914_1975-12-14_2007.jpg,xception,external_original_matched,external_test,1,StableDiffusion_v1_5,0.00816624891012907,0.4307548701763153,0
deepfakeface_sd15/fake/14/14307714_1977-01-29_2013.jpg,xception,external_original_matched,external_test,1,StableDiffusion_v1_5,0.011700202710926533,0.4307548701763153,0
deepfakeface_sd15/fake/14/170514_1963-03-06_1970.jpg,xception,external_original_matched,external_test,1,StableDiffusion_v1_5,0.16790880262851715,0.4307548701763153,0
deepfakeface_sd15/fake/14/1830414_1971-07-01_2013.jpg,xception,external_original_matched,external_test,1,StableDiffusion_v1_5,0.0009248066344298422,0.4307548701763153,0
deepfakeface_sd15/fake/14/19894914_1989-10-19_2012.jpg,xception,external_original_matched,external_test,1,StableDiffusion_v1_5,0.011419732123613358,0.4307548701763153,0
deepfakeface_sd15/fake/14/1995914_1928-11-21_1976.jpg,xception,external_original_matched,external_test,1,StableDiffusion_v1_5,0.0005543034058064222,0.4307548701763153,0
deepfakeface_sd15/fake/14/2009614_1964-05-13_2008.jpg,xception,external_original_matched,external_test,1,StableDiffusion_v1_5,0.0002615087723825127,0.4307548701763153,0
deepfakeface_sd15/fake/14/21538614_1990-11-01_2015.jpg,xception,external_original_matched,external_test,1,StableDiffusion_v1_5,0.038029737770557404,0.4307548701763153,0
deepfakeface_sd15/fake/14/22037414_1987-06-05_2013.jpg,xception,external_original_matched,external_test,1,StableDiffusion_v1_5,0.0006755894864909351,0.4307548701763153,0
deepfakeface_sd15/fake/14/23420614_1974-04-16_2008.jpg,xception,external_original_matched,external_test,1,StableDiffusion_v1_5,0.09765426069498062,0.4307548701763153,0
deepfakeface_sd15/fake/14/27131114_1983-08-30_2011.jpg,xception,external_original_matched,external_test,1,StableDiffusion_v1_5,0.03703800588846207,0.4307548701763153,0
deepfakeface_sd15/fake/14/28269114_1941-03-21_2011.jpg,xception,external_original_matched,external_test,1,StableDiffusion_v1_5,0.005090828984975815,0.4307548701763153,0
deepfakeface_sd15/fake/14/28819114_1961-06-26_2009.jpg,xception,external_original_matched,external_test,1,StableDiffusion_v1_5,0.00370785896666348,0.4307548701763153,0
deepfakeface_sd15/fake/14/33258714_1979-05-30_2011.jpg,xception,external_original_matched,external_test,1,StableDiffusion_v1_5,0.17187443375587463,0.4307548701763153,0
deepfakeface_sd15/fake/14/35642014_1989-04-27_2012.jpg,xception,external_original_matched,external_test,1,StableDiffusion_v1_5,0.05742180347442627,0.4307548701763153,0
deepfakeface_sd15/fake/14/36566914_1988-08-11_2014.jpg,xception,external_original_matched,external_test,1,StableDiffusion_v1_5,0.12804824113845825,0.4307548701763153,0
deepfakeface_sd15/fake/14/36573714_1984-12-01_2012.jpg,xception,external_original_matched,external_test,1,StableDiffusion_v1_5,0.00023164886806625873,0.4307548701763153,0
deepfakeface_sd15/fake/14/3772814_1978-02-28_2008.jpg,xception,external_original_matched,external_test,1,StableDiffusion_v1_5,0.008609896525740623,0.4307548701763153,0
deepfakeface_sd15/fake/14/41732014_1943-06-18_1969.jpg,xception,external_original_matched,external_test,1,StableDiffusion_v1_5,0.0012251711450517178,0.4307548701763153,0
deepfakeface_sd15/fake/14/4295614_1924-09-15_1987.jpg,xception,external_original_matched,external_test,1,StableDiffusion_v1_5,0.0012167540844529867,0.4307548701763153,0
deepfakeface_sd15/fake/14/44096714_1964-06-29_2012.jpg,xception,external_original_matched,external_test,1,StableDiffusion_v1_5,0.2469831258058548,0.4307548701763153,0
deepfakeface_sd15/fake/14/448514_1959-03-06_2007.jpg,xception,external_original_matched,external_test,1,StableDiffusion_v1_5,0.04225169122219086,0.4307548701763153,0
deepfakeface_sd15/fake/14/585414_1951-03-17_2014.jpg,xception,external_original_matched,external_test,1,StableDiffusion_v1_5,0.3827815651893616,0.4307548701763153,0
deepfakeface_sd15/fake/14/5923814_1958-08-28_1991.jpg,xception,external_original_matched,external_test,1,StableDiffusion_v1_5,0.23135779798030853,0.4307548701763153,0
deepfakeface_sd15/fake/14/5965014_1981-12-21_2013.jpg,xception,external_original_matched,external_test,1,StableDiffusion_v1_5,0.8334318995475769,0.4307548701763153,1
deepfakeface_sd15/fake/14/852514_1980-01-18_2013.jpg,xception,external_original_matched,external_test,1,StableDiffusion_v1_5,0.009613042697310448,0.4307548701763153,0
deepfakeface_sd15/fake/14/8543614_1983-09-25_2010.jpg,xception,external_original_matched,external_test,1,StableDiffusion_v1_5,0.04780326038599014,0.4307548701763153,0
deepfakeface_sd15/fake/14/9716514_1900-04-10_1946.jpg,xception,external_original_matched,external_test,1,StableDiffusion_v1_5,0.0009478149586357176,0.4307548701763153,0
deepfakeface_sd15/fake/21/10172021_1963-06-02_2006.jpg,xception,external_original_matched,external_test,1,StableDiffusion_v1_5,0.12803113460540771,0.4307548701763153,0
deepfakeface_sd15/fake/21/1176621_1966-05-16_2010.jpg,xception,external_original_matched,external_test,1,StableDiffusion_v1_5,0.0008089009788818657,0.4307548701763153,0
deepfakeface_sd15/fake/21/12261121_1985-01-04_2014.jpg,xception,external_original_matched,external_test,1,StableDiffusion_v1_5,0.004026086535304785,0.4307548701763153,0
deepfakeface_sd15/fake/21/15872621_1922-08-28_1952.jpg,xception,external_original_matched,external_test,1,StableDiffusion_v1_5,0.002820373512804508,0.4307548701763153,0
deepfakeface_sd15/fake/21/15905321_1990-01-06_2009.jpg,xception,external_original_matched,external_test,1,StableDiffusion_v1_5,0.0021011452190577984,0.4307548701763153,0
deepfakeface_sd15/fake/21/16521_1938-12-29_2011.jpg,xception,external_original_matched,external_test,1,StableDiffusion_v1_5,0.0012505893828347325,0.4307548701763153,0
deepfakeface_sd15/fake/21/174821_1961-09-25_1993.jpg,xception,external_original_matched,external_test,1,StableDiffusion_v1_5,0.0007634283392690122,0.4307548701763153,0
deepfakeface_sd15/fake/21/1825621_1945-09-08_2008.jpg,xception,external_original_matched,external_test,1,StableDiffusion_v1_5,2.764659802778624e-05,0.4307548701763153,0
deepfakeface_sd15/fake/21/20599521_1967-08-09_2012.jpg,xception,external_original_matched,external_test,1,StableDiffusion_v1_5,0.00017670048691798002,0.4307548701763153,0
deepfakeface_sd15/fake/21/24644621_1964-12-15_2010.jpg,xception,external_original_matched,external_test,1,StableDiffusion_v1_5,0.875799298286438,0.4307548701763153,1
deepfakeface_sd15/fake/21/250721_1956-06-03_2010.jpg,xception,external_original_matched,external_test,1,StableDiffusion_v1_5,0.00046068953815847635,0.4307548701763153,0
deepfakeface_sd15/fake/21/2797621_1960-03-15_2011.jpg,xception,external_original_matched,external_test,1,StableDiffusion_v1_5,0.018864955753087997,0.4307548701763153,0
deepfakeface_sd15/fake/21/29126821_1986-10-07_2014.jpg,xception,external_original_matched,external_test,1,StableDiffusion_v1_5,0.07204107195138931,0.4307548701763153,0
deepfakeface_sd15/fake/21/2950421_1974-09-11_2007.jpg,xception,external_original_matched,external_test,1,StableDiffusion_v1_5,0.00014053357881493866,0.4307548701763153,0
deepfakeface_sd15/fake/21/295321_1904-08-23_1955.jpg,xception,external_original_matched,external_test,1,StableDiffusion_v1_5,0.00011570002970984206,0.4307548701763153,0
deepfakeface_sd15/fake/21/3003021_1956-12-23_2014.jpg,xception,external_original_matched,external_test,1,StableDiffusion_v1_5,0.05464842915534973,0.4307548701763153,0
deepfakeface_sd15/fake/21/30496921_1916-02-13_1977.jpg,xception,external_original_matched,external_test,1,StableDiffusion_v1_5,0.0055160000920295715,0.4307548701763153,0
deepfakeface_sd15/fake/21/332221_1903-07-21_2007.jpg,xception,external_original_matched,external_test,1,StableDiffusion_v1_5,0.0004906237591058016,0.4307548701763153,0
deepfakeface_sd15/fake/21/35191121_1990-01-18_2014.jpg,xception,external_original_matched,external_test,1,StableDiffusion_v1_5,0.006237995345145464,0.4307548701763153,0
deepfakeface_sd15/fake/21/40783721_1958-04-16_2013.jpg,xception,external_original_matched,external_test,1,StableDiffusion_v1_5,0.38529425859451294,0.4307548701763153,0
deepfakeface_sd15/fake/21/4137921_1965-08-22_2013.jpg,xception,external_original_matched,external_test,1,StableDiffusion_v1_5,0.0005853711627423763,0.4307548701763153,0
deepfakeface_sd15/fake/21/6573321_1986-05-01_2008.jpg,xception,external_original_matched,external_test,1,StableDiffusion_v1_5,0.0024176351726055145,0.4307548701763153,0
deepfakeface_sd15/fake/21/6574321_1982-08-10_2012.jpg,xception,external_original_matched,external_test,1,StableDiffusion_v1_5,0.30729565024375916,0.4307548701763153,0
deepfakeface_sd15/fake/21/7170221_1933-03-27_1983.jpg,xception,external_original_matched,external_test,1,StableDiffusion_v1_5,0.22196291387081146,0.4307548701763153,0
deepfakeface_sd15/fake/21/7623721_1978-03-01_2010.jpg,xception,external_original_matched,external_test,1,StableDiffusion_v1_5,0.000204446681891568,0.4307548701763153,0
deepfakeface_sd15/fake/21/8194621_1986-02-16_2009.jpg,xception,external_original_matched,external_test,1,StableDiffusion_v1_5,0.7559535503387451,0.4307548701763153,1
deepfakeface_sd15/fake/21/8774721_1967-04-29_2010.jpg,xception,external_original_matched,external_test,1,StableDiffusion_v1_5,0.00015421405259985477,0.4307548701763153,0
deepfakeface_sd15/fake/21/8789221_1983-08-14_2012.jpg,xception,external_original_matched,external_test,1,StableDiffusion_v1_5,0.3055628836154938,0.4307548701763153,0
deepfakeface_sd15/fake/21/9404921_1978-07-09_2009.jpg,xception,external_original_matched,external_test,1,StableDiffusion_v1_5,0.8213504552841187,0.4307548701763153,1
deepfakeface_sd15/fake/24/2968824_1963-05-26_2011.jpg,xception,external_original_matched,external_test,1,StableDiffusion_v1_5,0.0009911186061799526,0.4307548701763153,0
deepfakeface_sd15/fake/26/503926_1976-12-31_2009.jpg,xception,external_original_matched,external_test,1,StableDiffusion_v1_5,0.00021327761351130903,0.4307548701763153,0
deepfakeface_sd15/fake/30/11772430_1938-04-14_2008.jpg,xception,external_original_matched,external_test,1,StableDiffusion_v1_5,0.14706586301326752,0.4307548701763153,0
deepfakeface_sd15/fake/34/1149234_1978-10-03_2010.jpg,xception,external_original_matched,external_test,1,StableDiffusion_v1_5,0.0008846450946293771,0.4307548701763153,0
deepfakeface_sd15/fake/34/11653234_1986-12-23_2012.jpg,xception,external_original_matched,external_test,1,StableDiffusion_v1_5,0.010309098288416862,0.4307548701763153,0
deepfakeface_sd15/fake/34/1266534_1975-11-03_2011.jpg,xception,external_original_matched,external_test,1,StableDiffusion_v1_5,0.007248081266880035,0.4307548701763153,0
deepfakeface_sd15/fake/34/12829834_1950-08-15_2002.jpg,xception,external_original_matched,external_test,1,StableDiffusion_v1_5,0.28042271733283997,0.4307548701763153,0
deepfakeface_sd15/fake/34/13846034_1977-08-30_2009.jpg,xception,external_original_matched,external_test,1,StableDiffusion_v1_5,0.7452636361122131,0.4307548701763153,1
deepfakeface_sd15/fake/34/1386234_1952-04-25_2004.jpg,xception,external_original_matched,external_test,1,StableDiffusion_v1_5,0.9962823987007141,0.4307548701763153,1
deepfakeface_sd15/fake/34/19258134_1986-05-13_2009.jpg,xception,external_original_matched,external_test,1,StableDiffusion_v1_5,0.7449283003807068,0.4307548701763153,1
deepfakeface_sd15/fake/34/19354934_1986-10-18_2009.jpg,xception,external_original_matched,external_test,1,StableDiffusion_v1_5,0.010135175660252571,0.4307548701763153,0
deepfakeface_sd15/fake/34/20500734_1950-03-30_2014.jpg,xception,external_original_matched,external_test,1,StableDiffusion_v1_5,0.1447683572769165,0.4307548701763153,0
deepfakeface_sd15/fake/34/21284234_1983-06-02_2011.jpg,xception,external_original_matched,external_test,1,StableDiffusion_v1_5,0.13958385586738586,0.4307548701763153,0
deepfakeface_sd15/fake/34/23945334_1979-07-30_2008.jpg,xception,external_original_matched,external_test,1,StableDiffusion_v1_5,0.047905247658491135,0.4307548701763153,0
deepfakeface_sd15/fake/34/25905034_1992-04-05_2009.jpg,xception,external_original_matched,external_test,1,StableDiffusion_v1_5,0.05508263036608696,0.4307548701763153,0
deepfakeface_sd15/fake/34/276834_1928-01-30_2010.jpg,xception,external_original_matched,external_test,1,StableDiffusion_v1_5,0.04124753922224045,0.4307548701763153,0
deepfakeface_sd15/fake/34/32504534_1990-12-18_2011.jpg,xception,external_original_matched,external_test,1,StableDiffusion_v1_5,0.02106226421892643,0.4307548701763153,0
deepfakeface_sd15/fake/34/32670934_1973-08-28_2013.jpg,xception,external_original_matched,external_test,1,StableDiffusion_v1_5,0.30124059319496155,0.4307548701763153,0
deepfakeface_sd15/fake/34/33682634_1989-09-15_2011.jpg,xception,external_original_matched,external_test,1,StableDiffusion_v1_5,0.00578455813229084,0.4307548701763153,0
deepfakeface_sd15/fake/34/36722334_1937-08-31_2005.jpg,xception,external_original_matched,external_test,1,StableDiffusion_v1_5,0.9450090527534485,0.4307548701763153,1
deepfakeface_sd15/fake/34/39718934_1987-12-07_2013.jpg,xception,external_original_matched,external_test,1,StableDiffusion_v1_5,0.22319433093070984,0.4307548701763153,0
deepfakeface_sd15/fake/34/398734_1932-05-04_1955.jpg,xception,external_original_matched,external_test,1,StableDiffusion_v1_5,0.0008824507822282612,0.4307548701763153,0
deepfakeface_sd15/fake/34/42708434_1996-03-11_2013.jpg,xception,external_original_matched,external_test,1,StableDiffusion_v1_5,0.0011511199409142137,0.4307548701763153,0
deepfakeface_sd15/fake/34/43639934_1912-04-03_2003.jpg,xception,external_original_matched,external_test,1,StableDiffusion_v1_5,0.030121350660920143,0.4307548701763153,0
deepfakeface_sd15/fake/34/440034_1924-04-29_1963.jpg,xception,external_original_matched,external_test,1,StableDiffusion_v1_5,0.019892070442438126,0.4307548701763153,0
deepfakeface_sd15/fake/34/4413434_1984-01-21_2013.jpg,xception,external_original_matched,external_test,1,StableDiffusion_v1_5,0.5023325085639954,0.4307548701763153,1
deepfakeface_sd15/fake/34/4998434_1979-05-16_2005.jpg,xception,external_original_matched,external_test,1,StableDiffusion_v1_5,0.9636751413345337,0.4307548701763153,1
deepfakeface_sd15/fake/34/5354734_1976-10-17_1995.jpg,xception,external_original_matched,external_test,1,StableDiffusion_v1_5,0.08443136513233185,0.4307548701763153,0
deepfakeface_sd15/fake/34/603934_1963-12-04_2013.jpg,xception,external_original_matched,external_test,1,StableDiffusion_v1_5,0.05379554629325867,0.4307548701763153,0
deepfakeface_sd15/fake/34/78834_1970-04-29_2014.jpg,xception,external_original_matched,external_test,1,StableDiffusion_v1_5,0.04562053829431534,0.4307548701763153,0
deepfakeface_sd15/fake/34/9326434_1987-05-02_2006.jpg,xception,external_original_matched,external_test,1,StableDiffusion_v1_5,0.9263432621955872,0.4307548701763153,1
deepfakeface_sd15/fake/35/10970235_1972-10-10_2010.jpg,xception,external_original_matched,external_test,1,StableDiffusion_v1_5,7.370961247943342e-05,0.4307548701763153,0
deepfakeface_sd15/fake/35/12523735_1981-04-21_2014.jpg,xception,external_original_matched,external_test,1,StableDiffusion_v1_5,0.0013107748236507177,0.4307548701763153,0
deepfakeface_sd15/fake/35/1323135_1941-09-15_1966.jpg,xception,external_original_matched,external_test,1,StableDiffusion_v1_5,0.0003661725204437971,0.4307548701763153,0
deepfakeface_sd15/fake/35/13774535_1942-06-09_1957.jpg,xception,external_original_matched,external_test,1,StableDiffusion_v1_5,0.8737003207206726,0.4307548701763153,1
deepfakeface_sd15/fake/35/14180235_1985-10-27_2015.jpg,xception,external_original_matched,external_test,1,StableDiffusion_v1_5,0.043019503355026245,0.4307548701763153,0
deepfakeface_sd15/fake/35/14347235_1959-06-15_2013.jpg,xception,external_original_matched,external_test,1,StableDiffusion_v1_5,0.06055602431297302,0.4307548701763153,0
deepfakeface_sd15/fake/35/1437535_1935-02-22_2010.jpg,xception,external_original_matched,external_test,1,StableDiffusion_v1_5,0.0007158822845667601,0.4307548701763153,0
deepfakeface_sd15/fake/35/14619035_1990-02-25_2014.jpg,xception,external_original_matched,external_test,1,StableDiffusion_v1_5,0.0009717580396682024,0.4307548701763153,0
deepfakeface_sd15/fake/35/1566935_1953-09-11_2010.jpg,xception,external_original_matched,external_test,1,StableDiffusion_v1_5,0.0049567739479243755,0.4307548701763153,0
deepfakeface_sd15/fake/35/16105135_1980-04-18_2012.jpg,xception,external_original_matched,external_test,1,StableDiffusion_v1_5,0.00033294246532022953,0.4307548701763153,0
deepfakeface_sd15/fake/35/17974235_1973-06-13_2009.jpg,xception,external_original_matched,external_test,1,StableDiffusion_v1_5,0.008161662146449089,0.4307548701763153,0
deepfakeface_sd15/fake/35/18933035_1982-08-26_2012.jpg,xception,external_original_matched,external_test,1,StableDiffusion_v1_5,0.051702406257390976,0.4307548701763153,0
deepfakeface_sd15/fake/35/19966435_1968-04-03_2012.jpg,xception,external_original_matched,external_test,1,StableDiffusion_v1_5,7.064566307235509e-05,0.4307548701763153,0
deepfakeface_sd15/fake/35/2357835_1982-06-16_2014.jpg,xception,external_original_matched,external_test,1,StableDiffusion_v1_5,0.019801173359155655,0.4307548701763153,0
deepfakeface_sd15/fake/35/2663135_1941-03-20_2008.jpg,xception,external_original_matched,external_test,1,StableDiffusion_v1_5,0.05375839024782181,0.4307548701763153,0
deepfakeface_sd15/fake/35/2667535_1937-12-16_1985.jpg,xception,external_original_matched,external_test,1,StableDiffusion_v1_5,0.002383709652349353,0.4307548701763153,0
deepfakeface_sd15/fake/35/28265335_1988-06-22_2013.jpg,xception,external_original_matched,external_test,1,StableDiffusion_v1_5,0.11958049237728119,0.4307548701763153,0
deepfakeface_sd15/fake/35/30385335_1991-08-22_2011.jpg,xception,external_original_matched,external_test,1,StableDiffusion_v1_5,0.031991295516490936,0.4307548701763153,0
deepfakeface_sd15/fake/35/3110335_1948-04-03_2012.jpg,xception,external_original_matched,external_test,1,StableDiffusion_v1_5,0.009572704322636127,0.4307548701763153,0
deepfakeface_sd15/fake/35/31663335_1976-06-05_2013.jpg,xception,external_original_matched,external_test,1,StableDiffusion_v1_5,0.012916278094053268,0.4307548701763153,0
deepfakeface_sd15/fake/35/32471435_1932-05-10_1959.jpg,xception,external_original_matched,external_test,1,StableDiffusion_v1_5,0.008615152910351753,0.4307548701763153,0
deepfakeface_sd15/fake/35/33199835_1985-06-12_2011.jpg,xception,external_original_matched,external_test,1,StableDiffusion_v1_5,0.002503080992028117,0.4307548701763153,0
deepfakeface_sd15/fake/35/3338735_1981-11-16_2013.jpg,xception,external_original_matched,external_test,1,StableDiffusion_v1_5,0.003296320792287588,0.4307548701763153,0
deepfakeface_sd15/fake/35/34163535_1988-04-03_2011.jpg,xception,external_original_matched,external_test,1,StableDiffusion_v1_5,0.043795567005872726,0.4307548701763153,0
deepfakeface_sd15/fake/35/36702535_1992-07-04_2012.jpg,xception,external_original_matched,external_test,1,StableDiffusion_v1_5,0.7419430017471313,0.4307548701763153,1
deepfakeface_sd15/fake/35/4943835_1891-09-22_1968.jpg,xception,external_original_matched,external_test,1,StableDiffusion_v1_5,0.00012223214434925467,0.4307548701763153,0
deepfakeface_sd15/fake/35/6232035_1987-09-07_2013.jpg,xception,external_original_matched,external_test,1,StableDiffusion_v1_5,0.8836875557899475,0.4307548701763153,1
deepfakeface_sd15/fake/35/89835_1951-04-07_1981.jpg,xception,external_original_matched,external_test,1,StableDiffusion_v1_5,0.0005217976868152618,0.4307548701763153,0
deepfakeface_sd15/fake/55/10095655_1985-07-10_2012.jpg,xception,external_original_matched,external_test,1,StableDiffusion_v1_5,0.4572591781616211,0.4307548701763153,1
deepfakeface_sd15/fake/55/10486955_1937-11-18_1975.jpg,xception,external_original_matched,external_test,1,StableDiffusion_v1_5,0.0003609306877478957,0.4307548701763153,0
deepfakeface_sd15/fake/55/1196855_1923-06-24_2009.jpg,xception,external_original_matched,external_test,1,StableDiffusion_v1_5,0.9921514987945557,0.4307548701763153,1
deepfakeface_sd15/fake/55/12428755_1982-12-09_2012.jpg,xception,external_original_matched,external_test,1,StableDiffusion_v1_5,0.1244836151599884,0.4307548701763153,0
deepfakeface_sd15/fake/55/1349055_1974-02-24_2009.jpg,xception,external_original_matched,external_test,1,StableDiffusion_v1_5,0.04043642804026604,0.4307548701763153,0
deepfakeface_sd15/fake/55/14640255_1980-09-24_2006.jpg,xception,external_original_matched,external_test,1,StableDiffusion_v1_5,0.0045987763442099094,0.4307548701763153,0
deepfakeface_sd15/fake/55/14904555_1915-05-08_1941.jpg,xception,external_original_matched,external_test,1,StableDiffusion_v1_5,0.0006887755007483065,0.4307548701763153,0
deepfakeface_sd15/fake/55/15890555_1987-12-03_2014.jpg,xception,external_original_matched,external_test,1,StableDiffusion_v1_5,0.007700979709625244,0.4307548701763153,0
deepfakeface_sd15/fake/55/1941155_1993-07-26_2010.jpg,xception,external_original_matched,external_test,1,StableDiffusion_v1_5,0.6522673964500427,0.4307548701763153,1
deepfakeface_sd15/fake/55/20025755_1979-03-10_2009.jpg,xception,external_original_matched,external_test,1,StableDiffusion_v1_5,0.00028734238003380597,0.4307548701763153,0
deepfakeface_sd15/fake/55/2538755_1933-07-01_1979.jpg,xception,external_original_matched,external_test,1,StableDiffusion_v1_5,0.5479679107666016,0.4307548701763153,1
deepfakeface_sd15/fake/55/27599355_1985-04-07_2007.jpg,xception,external_original_matched,external_test,1,StableDiffusion_v1_5,0.09898878633975983,0.4307548701763153,0
deepfakeface_sd15/fake/55/2894455_1947-09-13_2009.jpg,xception,external_original_matched,external_test,1,StableDiffusion_v1_5,0.014735603705048561,0.4307548701763153,0
deepfakeface_sd15/fake/55/295555_1950-07-15_2012.jpg,xception,external_original_matched,external_test,1,StableDiffusion_v1_5,0.0638621523976326,0.4307548701763153,0
deepfakeface_sd15/fake/55/2979255_1982-08-30_2012.jpg,xception,external_original_matched,external_test,1,StableDiffusion_v1_5,0.0002866624272428453,0.4307548701763153,0
deepfakeface_sd15/fake/55/30781355_1963-07-29_2015.jpg,xception,external_original_matched,external_test,1,StableDiffusion_v1_5,0.0013197590596973896,0.4307548701763153,0
deepfakeface_sd15/fake/55/31689055_1988-03-014_2013.jpg,xception,external_original_matched,external_test,1,StableDiffusion_v1_5,0.19980354607105255,0.4307548701763153,0
deepfakeface_sd15/fake/55/3523055_1984-05-01_2014.jpg,xception,external_original_matched,external_test,1,StableDiffusion_v1_5,0.004314911086112261,0.4307548701763153,0
deepfakeface_sd15/fake/55/3566855_1977-08-09_2010.jpg,xception,external_original_matched,external_test,1,StableDiffusion_v1_5,0.005370982922613621,0.4307548701763153,0
deepfakeface_sd15/fake/55/36326355_1990-10-27_2014.jpg,xception,external_original_matched,external_test,1,StableDiffusion_v1_5,0.43022817373275757,0.4307548701763153,0
deepfakeface_sd15/fake/55/38909755_1989-02-21_2013.jpg,xception,external_original_matched,external_test,1,StableDiffusion_v1_5,0.3957124352455139,0.4307548701763153,0
deepfakeface_sd15/fake/55/39790655_2013-07-22_2014.jpg,xception,external_original_matched,external_test,1,StableDiffusion_v1_5,0.00019062604405917227,0.4307548701763153,0
deepfakeface_sd15/fake/55/42718155_1946-01-25_2006.jpg,xception,external_original_matched,external_test,1,StableDiffusion_v1_5,0.00011339332559145987,0.4307548701763153,0
deepfakeface_sd15/fake/55/43284855_1980-08-11_2012.jpg,xception,external_original_matched,external_test,1,StableDiffusion_v1_5,0.009026794694364071,0.4307548701763153,0
deepfakeface_sd15/fake/55/45263455_1979-05-12_2015.jpg,xception,external_original_matched,external_test,1,StableDiffusion_v1_5,0.0740801990032196,0.4307548701763153,0
deepfakeface_sd15/fake/55/46238055_1947-10-19_1980.jpg,xception,external_original_matched,external_test,1,StableDiffusion_v1_5,0.00037731367046944797,0.4307548701763153,0
deepfakeface_sd15/fake/55/72655_1975-10-12_2004.jpg,xception,external_original_matched,external_test,1,StableDiffusion_v1_5,0.9451904892921448,0.4307548701763153,1
deepfakeface_sd15/fake/55/870155_1962-12-01_2010.jpg,xception,external_original_matched,external_test,1,StableDiffusion_v1_5,0.02003411576151848,0.4307548701763153,0
deepfakeface_sd15/fake/69/41427969_1939-03-30_1972.jpg,xception,external_original_matched,external_test,1,StableDiffusion_v1_5,0.00028424925403669477,0.4307548701763153,0
deepfakeface_sd15/fake/71/12738371_1985-05-25_2015.jpg,xception,external_original_matched,external_test,1,StableDiffusion_v1_5,1.032829732139362e-05,0.4307548701763153,0
deepfakeface_sd15/fake/71/14220271_1972-11-30_2008.jpg,xception,external_original_matched,external_test,1,StableDiffusion_v1_5,0.6185382008552551,0.4307548701763153,1
deepfakeface_sd15/fake/71/165871_1942-09-30_1950.jpg,xception,external_original_matched,external_test,1,StableDiffusion_v1_5,0.002034894423559308,0.4307548701763153,0
deepfakeface_sd15/fake/71/17112571_1992-02-27_2012.jpg,xception,external_original_matched,external_test,1,StableDiffusion_v1_5,0.002426758175715804,0.4307548701763153,0
deepfakeface_sd15/fake/71/1854071_1958-08-14_1991.jpg,xception,external_original_matched,external_test,1,StableDiffusion_v1_5,0.0006404371815733612,0.4307548701763153,0
deepfakeface_sd15/fake/71/18720671_1986-06-23_2012.jpg,xception,external_original_matched,external_test,1,StableDiffusion_v1_5,0.005370919592678547,0.4307548701763153,0
deepfakeface_sd15/fake/71/19476171_1989-08-02_2014.jpg,xception,external_original_matched,external_test,1,StableDiffusion_v1_5,0.0037076317239552736,0.4307548701763153,0
deepfakeface_sd15/fake/71/23399171_1991-05-22_2009.jpg,xception,external_original_matched,external_test,1,StableDiffusion_v1_5,0.006241664756089449,0.4307548701763153,0
deepfakeface_sd15/fake/71/2492371_1942-11-06_1965.jpg,xception,external_original_matched,external_test,1,StableDiffusion_v1_5,0.9917300343513489,0.4307548701763153,1
deepfakeface_sd15/fake/71/25422271_1990-09-11_2014.jpg,xception,external_original_matched,external_test,1,StableDiffusion_v1_5,0.0022739169653505087,0.4307548701763153,0
deepfakeface_sd15/fake/71/27164771_1990-09-17_2009.jpg,xception,external_original_matched,external_test,1,StableDiffusion_v1_5,0.022249070927500725,0.4307548701763153,0
deepfakeface_sd15/fake/71/27987171_1987-05-10_2013.jpg,xception,external_original_matched,external_test,1,StableDiffusion_v1_5,5.01369358971715e-05,0.4307548701763153,0
deepfakeface_sd15/fake/71/29084271_1991-09-22_2014.jpg,xception,external_original_matched,external_test,1,StableDiffusion_v1_5,0.011683205142617226,0.4307548701763153,0
deepfakeface_sd15/fake/71/30657971_1992-05-11_2014.jpg,xception,external_original_matched,external_test,1,StableDiffusion_v1_5,9.301678073825315e-05,0.4307548701763153,0
deepfakeface_sd15/fake/71/31706371_1989-01-14_2011.jpg,xception,external_original_matched,external_test,1,StableDiffusion_v1_5,0.9169551134109497,0.4307548701763153,1
deepfakeface_sd15/fake/71/33021371_1988-02-18_2013.jpg,xception,external_original_matched,external_test,1,StableDiffusion_v1_5,0.00661666551604867,0.4307548701763153,0
deepfakeface_sd15/fake/71/3312671_1985-08-02_2008.jpg,xception,external_original_matched,external_test,1,StableDiffusion_v1_5,0.0025639140512794256,0.4307548701763153,0
deepfakeface_sd15/fake/71/35188571_1983-09-18_2009.jpg,xception,external_original_matched,external_test,1,StableDiffusion_v1_5,0.3853956162929535,0.4307548701763153,0
deepfakeface_sd15/fake/71/42650171_1946-12-10_2013.jpg,xception,external_original_matched,external_test,1,StableDiffusion_v1_5,0.016473056748509407,0.4307548701763153,0
deepfakeface_sd15/fake/71/5081071_1925-11-13_1953.jpg,xception,external_original_matched,external_test,1,StableDiffusion_v1_5,0.00042081563151441514,0.4307548701763153,0
deepfakeface_sd15/fake/71/566471_1971-05-18_2011.jpg,xception,external_original_matched,external_test,1,StableDiffusion_v1_5,0.00017578093684278429,0.4307548701763153,0
deepfakeface_sd15/fake/71/703371_1918-03-12_1980.jpg,xception,external_original_matched,external_test,1,StableDiffusion_v1_5,0.01284858863800764,0.4307548701763153,0
deepfakeface_sd15/fake/71/775271_1959-09-16_2011.jpg,xception,external_original_matched,external_test,1,StableDiffusion_v1_5,5.8974466810468584e-05,0.4307548701763153,0
deepfakeface_sd15/fake/71/8334671_1931-02-14_1966.jpg,xception,external_original_matched,external_test,1,StableDiffusion_v1_5,0.0323730893433094,0.4307548701763153,0
deepfakeface_sd15/fake/71/9069371_1986-03-19_2013.jpg,xception,external_original_matched,external_test,1,StableDiffusion_v1_5,0.8550629615783691,0.4307548701763153,1
deepfakeface_sd15/fake/71/967871_1972-12-15_2008.jpg,xception,external_original_matched,external_test,1,StableDiffusion_v1_5,0.07309678196907043,0.4307548701763153,0
deepfakeface_sd15/fake/71/9845271_1955-09-16_2001.jpg,xception,external_original_matched,external_test,1,StableDiffusion_v1_5,0.00012426434841472656,0.4307548701763153,0
deepfakeface_sd15/fake/73/1013073_1978-05-24_2010.jpg,xception,external_original_matched,external_test,1,StableDiffusion_v1_5,0.0026797070167958736,0.4307548701763153,0
deepfakeface_sd15/fake/73/12464473_1935-03-06_1958.jpg,xception,external_original_matched,external_test,1,StableDiffusion_v1_5,0.006433538161218166,0.4307548701763153,0
deepfakeface_sd15/fake/73/12786073_1984-05-18_2011.jpg,xception,external_original_matched,external_test,1,StableDiffusion_v1_5,0.02976180799305439,0.4307548701763153,0
deepfakeface_sd15/fake/73/16855173_1937-10-21_2008.jpg,xception,external_original_matched,external_test,1,StableDiffusion_v1_5,0.5467751026153564,0.4307548701763153,1
deepfakeface_sd15/fake/73/18933173_1984-05-13_2011.jpg,xception,external_original_matched,external_test,1,StableDiffusion_v1_5,0.005957983899861574,0.4307548701763153,0
deepfakeface_sd15/fake/73/20989373_1938-09-15_1988.jpg,xception,external_original_matched,external_test,1,StableDiffusion_v1_5,0.00029554657521657646,0.4307548701763153,0
deepfakeface_sd15/fake/73/21741673_1995-03-01_2009.jpg,xception,external_original_matched,external_test,1,StableDiffusion_v1_5,0.020917655900120735,0.4307548701763153,0
deepfakeface_sd15/fake/73/2210573_1958-04-04_2007.jpg,xception,external_original_matched,external_test,1,StableDiffusion_v1_5,0.004986457992345095,0.4307548701763153,0
deepfakeface_sd15/fake/73/24079373_1979-07-15_2009.jpg,xception,external_original_matched,external_test,1,StableDiffusion_v1_5,0.936356246471405,0.4307548701763153,1
deepfakeface_sd15/fake/73/25286273_1990-11-02_2013.jpg,xception,external_original_matched,external_test,1,StableDiffusion_v1_5,0.0018474479438737035,0.4307548701763153,0
deepfakeface_sd15/fake/73/27347573_1992-06-02_2010.jpg,xception,external_original_matched,external_test,1,StableDiffusion_v1_5,0.03542863577604294,0.4307548701763153,0
deepfakeface_sd15/fake/73/3365773_1949-06-24_1985.jpg,xception,external_original_matched,external_test,1,StableDiffusion_v1_5,0.000315957615384832,0.4307548701763153,0
deepfakeface_sd15/fake/73/34239373_1994-11-30_2014.jpg,xception,external_original_matched,external_test,1,StableDiffusion_v1_5,0.07369145005941391,0.4307548701763153,0
deepfakeface_sd15/fake/73/3517073_1984-09-10_2011.jpg,xception,external_original_matched,external_test,1,StableDiffusion_v1_5,3.903129982063547e-05,0.4307548701763153,0
deepfakeface_sd15/fake/73/36499973_1985-09-06_2011.jpg,xception,external_original_matched,external_test,1,StableDiffusion_v1_5,0.0018316041678190231,0.4307548701763153,0
deepfakeface_sd15/fake/73/37985373_1988-12-05_2014.jpg,xception,external_original_matched,external_test,1,StableDiffusion_v1_5,0.00224864948540926,0.4307548701763153,0
deepfakeface_sd15/fake/73/38089073_1988-06-26_2014.jpg,xception,external_original_matched,external_test,1,StableDiffusion_v1_5,0.9131312370300293,0.4307548701763153,1
deepfakeface_sd15/fake/73/41639973_1876-12-25_1940.jpg,xception,external_original_matched,external_test,1,StableDiffusion_v1_5,0.0019821771420538425,0.4307548701763153,0
deepfakeface_sd15/fake/73/46452873_1906-12-20_1945.jpg,xception,external_original_matched,external_test,1,StableDiffusion_v1_5,0.548315167427063,0.4307548701763153,1
deepfakeface_sd15/fake/73/479273_1985-12-08_2014.jpg,xception,external_original_matched,external_test,1,StableDiffusion_v1_5,0.00019649114983621985,0.4307548701763153,0
deepfakeface_sd15/fake/73/502973_1958-03-25_2012.jpg,xception,external_original_matched,external_test,1,StableDiffusion_v1_5,0.4269476532936096,0.4307548701763153,0
deepfakeface_sd15/fake/73/5332173_1935-09-06_2008.jpg,xception,external_original_matched,external_test,1,StableDiffusion_v1_5,0.00048301267088390887,0.4307548701763153,0
deepfakeface_sd15/fake/73/666973_1960-09-19_2005.jpg,xception,external_original_matched,external_test,1,StableDiffusion_v1_5,0.6137291193008423,0.4307548701763153,1
deepfakeface_sd15/fake/73/9311273_1979-08-24_2010.jpg,xception,external_original_matched,external_test,1,StableDiffusion_v1_5,0.0008976446115411818,0.4307548701763153,0
deepfakeface_sd15/fake/80/2798180_1985-12-19_2014.jpg,xception,external_original_matched,external_test,1,StableDiffusion_v1_5,0.5054230093955994,0.4307548701763153,1
deepfakeface_sd15/fake/80/6049880_1985-02-26_2013.jpg,xception,external_original_matched,external_test,1,StableDiffusion_v1_5,0.5046707987785339,0.4307548701763153,1
deepfakeface_sd15/fake/80/9076080_1971-09-21_2011.jpg,xception,external_original_matched,external_test,1,StableDiffusion_v1_5,0.004801800008863211,0.4307548701763153,0
deepfakeface_sd15/fake/98/10760998_1937-01-14_1968.jpg,xception,external_original_matched,external_test,1,StableDiffusion_v1_5,0.4118514955043793,0.4307548701763153,0
deepfakeface_sd15/fake/98/13664298_1989-04-27_2014.jpg,xception,external_original_matched,external_test,1,StableDiffusion_v1_5,0.0006611140561290085,0.4307548701763153,0
deepfakeface_sd15/fake/98/14073598_1892-03-06_1943.jpg,xception,external_original_matched,external_test,1,StableDiffusion_v1_5,8.014256309252232e-06,0.4307548701763153,0
deepfakeface_sd15/fake/98/142698_1939-09-01_2014.jpg,xception,external_original_matched,external_test,1,StableDiffusion_v1_5,0.06214696168899536,0.4307548701763153,0
deepfakeface_sd15/fake/98/15230998_1983-01-10_2007.jpg,xception,external_original_matched,external_test,1,StableDiffusion_v1_5,0.004129435867071152,0.4307548701763153,0
deepfakeface_sd15/fake/98/176998_1933-08-16_1965.jpg,xception,external_original_matched,external_test,1,StableDiffusion_v1_5,0.000997790484689176,0.4307548701763153,0
deepfakeface_sd15/fake/98/22298398_1962-09-19_2011.jpg,xception,external_original_matched,external_test,1,StableDiffusion_v1_5,0.00018432596698403358,0.4307548701763153,0
deepfakeface_sd15/fake/98/23428298_1982-12-22_2009.jpg,xception,external_original_matched,external_test,1,StableDiffusion_v1_5,0.004643317777663469,0.4307548701763153,0
deepfakeface_sd15/fake/98/23560198_1992-06-20_2014.jpg,xception,external_original_matched,external_test,1,StableDiffusion_v1_5,0.3623172342777252,0.4307548701763153,0
deepfakeface_sd15/fake/98/25616698_1980-08-12_2012.jpg,xception,external_original_matched,external_test,1,StableDiffusion_v1_5,0.0005961253773421049,0.4307548701763153,0
deepfakeface_sd15/fake/98/25980298_1980-07-05_2013.jpg,xception,external_original_matched,external_test,1,StableDiffusion_v1_5,0.0015905307373031974,0.4307548701763153,0
deepfakeface_sd15/fake/98/2705698_1958-12-06_2007.jpg,xception,external_original_matched,external_test,1,StableDiffusion_v1_5,0.0024421876296401024,0.4307548701763153,0
deepfakeface_sd15/fake/98/27687598_1957-10-28_2009.jpg,xception,external_original_matched,external_test,1,StableDiffusion_v1_5,0.00017769209807738662,0.4307548701763153,0
deepfakeface_sd15/fake/98/30789098_1986-05-13_2012.jpg,xception,external_original_matched,external_test,1,StableDiffusion_v1_5,0.01598813571035862,0.4307548701763153,0
deepfakeface_sd15/fake/98/32664798_1990-03-03_2014.jpg,xception,external_original_matched,external_test,1,StableDiffusion_v1_5,0.6871382594108582,0.4307548701763153,1
deepfakeface_sd15/fake/98/3604398_1981-06-16_2012.jpg,xception,external_original_matched,external_test,1,StableDiffusion_v1_5,0.021340616047382355,0.4307548701763153,0
deepfakeface_sd15/fake/98/40219898_1975-03-11_2013.jpg,xception,external_original_matched,external_test,1,StableDiffusion_v1_5,0.0006257995264604688,0.4307548701763153,0
deepfakeface_sd15/fake/98/40883698_1972-01-26_2014.jpg,xception,external_original_matched,external_test,1,StableDiffusion_v1_5,0.009636027738451958,0.4307548701763153,0
deepfakeface_sd15/fake/98/4276598_1950-10-14_1975.jpg,xception,external_original_matched,external_test,1,StableDiffusion_v1_5,0.9291729927062988,0.4307548701763153,1
deepfakeface_sd15/fake/98/45298998_1988-08-17_2012.jpg,xception,external_original_matched,external_test,1,StableDiffusion_v1_5,0.0009717265493236482,0.4307548701763153,0
deepfakeface_sd15/fake/98/4691798_1977-09-15_2005.jpg,xception,external_original_matched,external_test,1,StableDiffusion_v1_5,0.017910247668623924,0.4307548701763153,0
deepfakeface_sd15/fake/98/46974698_1942-02-22_1968.jpg,xception,external_original_matched,external_test,1,StableDiffusion_v1_5,0.5250577926635742,0.4307548701763153,1
deepfakeface_sd15/fake/98/577798_1933-12-08_1969.jpg,xception,external_original_matched,external_test,1,StableDiffusion_v1_5,0.14408136904239655,0.4307548701763153,0
deepfakeface_sd15/fake/98/591698_1968-01-15_2000.jpg,xception,external_original_matched,external_test,1,StableDiffusion_v1_5,0.024149568751454353,0.4307548701763153,0
deepfakeface_sd15/fake/98/609598_1929-11-08_2007.jpg,xception,external_original_matched,external_test,1,StableDiffusion_v1_5,0.0014537908136844635,0.4307548701763153,0
deepfakeface_sd15/fake/98/6548698_1964-02-27_2010.jpg,xception,external_original_matched,external_test,1,StableDiffusion_v1_5,0.059698134660720825,0.4307548701763153,0
deepfakeface_sd15/fake/98/670098_1974-07-29_2009.jpg,xception,external_original_matched,external_test,1,StableDiffusion_v1_5,0.9988356232643127,0.4307548701763153,1
deepfakeface_sd15/fake/98/6808898_1936-01-17_2012.jpg,xception,external_original_matched,external_test,1,StableDiffusion_v1_5,0.7281824350357056,0.4307548701763153,1
deepfakeface_sd15/real/00/12596800_1920-10-18_1955.jpg,xception,external_normalized,external_test,0,real,0.012650915421545506,0.4307548701763153,0
deepfakeface_sd15/real/00/15550600_1973-11-01_2000.jpg,xception,external_normalized,external_test,0,real,0.001605137251317501,0.4307548701763153,0
deepfakeface_sd15/real/00/18407100_1917-10-18_1958.jpg,xception,external_normalized,external_test,0,real,0.024797329679131508,0.4307548701763153,0
deepfakeface_sd15/real/00/23804200_1950-03-31_2013.jpg,xception,external_normalized,external_test,0,real,0.00015077355783432722,0.4307548701763153,0
deepfakeface_sd15/real/00/2540500_1970-10-10_2008.jpg,xception,external_normalized,external_test,0,real,0.34684014320373535,0.4307548701763153,0
deepfakeface_sd15/real/00/2669900_1933-07-29_1968.jpg,xception,external_normalized,external_test,0,real,0.021494220942258835,0.4307548701763153,0
deepfakeface_sd15/real/00/26771200_1988-08-13_2009.jpg,xception,external_normalized,external_test,0,real,0.8689022064208984,0.4307548701763153,1
deepfakeface_sd15/real/00/2690900_1963-03-12_2010.jpg,xception,external_normalized,external_test,0,real,0.011893091723322868,0.4307548701763153,0
deepfakeface_sd15/real/00/28476500_1938-06-12_1959.jpg,xception,external_normalized,external_test,0,real,0.3233274221420288,0.4307548701763153,0
deepfakeface_sd15/real/00/28886000_1928-01-17_2009.jpg,xception,external_normalized,external_test,0,real,0.049239709973335266,0.4307548701763153,0
deepfakeface_sd15/real/00/3293900_1973-09-23_2004.jpg,xception,external_normalized,external_test,0,real,0.8043277859687805,0.4307548701763153,1
deepfakeface_sd15/real/00/34199700_1921-05-23_1946.jpg,xception,external_normalized,external_test,0,real,0.048467669636011124,0.4307548701763153,0
deepfakeface_sd15/real/00/34316600_1994-11-15_2013.jpg,xception,external_normalized,external_test,0,real,0.3312622010707855,0.4307548701763153,0
deepfakeface_sd15/real/00/35360200_1996-11-01_2012.jpg,xception,external_normalized,external_test,0,real,0.0009391063940711319,0.4307548701763153,0
deepfakeface_sd15/real/00/36606300_1984-08-03_2014.jpg,xception,external_normalized,external_test,0,real,0.1301431655883789,0.4307548701763153,0
deepfakeface_sd15/real/00/38882500_1940-10-04_1977.jpg,xception,external_normalized,external_test,0,real,0.3557586073875427,0.4307548701763153,0
deepfakeface_sd15/real/00/3982800_1988-01-29_2012.jpg,xception,external_normalized,external_test,0,real,0.01744670234620571,0.4307548701763153,0
deepfakeface_sd15/real/00/41835500_1992-05-12_2014.jpg,xception,external_normalized,external_test,0,real,0.05265740305185318,0.4307548701763153,0
deepfakeface_sd15/real/00/4236500_1977-10-18_2005.jpg,xception,external_normalized,external_test,0,real,0.7510525584220886,0.4307548701763153,1
deepfakeface_sd15/real/00/46667800_1978-03-16_2014.jpg,xception,external_normalized,external_test,0,real,0.05961683765053749,0.4307548701763153,0
deepfakeface_sd15/real/00/5616200_1968-09-06_2006.jpg,xception,external_normalized,external_test,0,real,0.8421268463134766,0.4307548701763153,1
deepfakeface_sd15/real/00/5751800_1950-09-09_2010.jpg,xception,external_normalized,external_test,0,real,0.01716463826596737,0.4307548701763153,0
deepfakeface_sd15/real/00/67000_1947-05-13_2007.jpg,xception,external_normalized,external_test,0,real,0.31306931376457214,0.4307548701763153,0
deepfakeface_sd15/real/00/7567200_1932-07-31_1966.jpg,xception,external_normalized,external_test,0,real,0.7421362996101379,0.4307548701763153,1
deepfakeface_sd15/real/00/8222200_1941-05-15_1964.jpg,xception,external_normalized,external_test,0,real,0.28593119978904724,0.4307548701763153,0
deepfakeface_sd15/real/00/836500_1977-03-04_2007.jpg,xception,external_normalized,external_test,0,real,0.5739158391952515,0.4307548701763153,1
deepfakeface_sd15/real/00/9210500_1912-02-06_1942.jpg,xception,external_normalized,external_test,0,real,0.026391128078103065,0.4307548701763153,0
deepfakeface_sd15/real/00/944600_1968-02-05_2006.jpg,xception,external_normalized,external_test,0,real,0.06254837661981583,0.4307548701763153,0
deepfakeface_sd15/real/00/9801700_1969-10-11_2012.jpg,xception,external_normalized,external_test,0,real,0.5230445861816406,0.4307548701763153,1
deepfakeface_sd15/real/02/4539602_1977-04-26_2010.jpg,xception,external_normalized,external_test,0,real,0.010037356987595558,0.4307548701763153,0
deepfakeface_sd15/real/03/10970703_1984-05-21_2011.jpg,xception,external_normalized,external_test,0,real,0.30740562081336975,0.4307548701763153,0
deepfakeface_sd15/real/03/1142203_1949-03-03_2008.jpg,xception,external_normalized,external_test,0,real,0.07125648111104965,0.4307548701763153,0
deepfakeface_sd15/real/03/13181303_1944-01-11_1971.jpg,xception,external_normalized,external_test,0,real,0.06561154127120972,0.4307548701763153,0
deepfakeface_sd15/real/03/14926103_1928-01-13_1958.jpg,xception,external_normalized,external_test,0,real,0.3819468319416046,0.4307548701763153,0
deepfakeface_sd15/real/03/16103_1907-05-26_1965.jpg,xception,external_normalized,external_test,0,real,0.015075516887009144,0.4307548701763153,0
deepfakeface_sd15/real/03/18388503_1942-09-14_2007.jpg,xception,external_normalized,external_test,0,real,0.5226156115531921,0.4307548701763153,1
deepfakeface_sd15/real/03/19966503_1974-03-04_2011.jpg,xception,external_normalized,external_test,0,real,0.15548233687877655,0.4307548701763153,0
deepfakeface_sd15/real/03/21296103_1982-04-25_2011.jpg,xception,external_normalized,external_test,0,real,0.7780614495277405,0.4307548701763153,1
deepfakeface_sd15/real/03/2220103_1954-05-18_2009.jpg,xception,external_normalized,external_test,0,real,0.04018473997712135,0.4307548701763153,0
deepfakeface_sd15/real/03/225903_1935-04-21_2007.jpg,xception,external_normalized,external_test,0,real,0.21767301857471466,0.4307548701763153,0
deepfakeface_sd15/real/03/2395003_1940-06-21_1977.jpg,xception,external_normalized,external_test,0,real,0.17953284084796906,0.4307548701763153,0
deepfakeface_sd15/real/03/2420403_1964-03-18_2007.jpg,xception,external_normalized,external_test,0,real,0.003429985139518976,0.4307548701763153,0
deepfakeface_sd15/real/03/2740303_1974-11-03_1999.jpg,xception,external_normalized,external_test,0,real,0.010911360383033752,0.4307548701763153,0
deepfakeface_sd15/real/03/2779203_1965-10-01_2008.jpg,xception,external_normalized,external_test,0,real,0.8696190714836121,0.4307548701763153,1
deepfakeface_sd15/real/03/317803_1920-03-03_2011.jpg,xception,external_normalized,external_test,0,real,0.0012105556670576334,0.4307548701763153,0
deepfakeface_sd15/real/03/32442803_1991-09-14_2012.jpg,xception,external_normalized,external_test,0,real,0.004183048382401466,0.4307548701763153,0
deepfakeface_sd15/real/03/34807003_1990-05-29_2013.jpg,xception,external_normalized,external_test,0,real,0.12768401205539703,0.4307548701763153,0
deepfakeface_sd15/real/03/37970303_1977-07-09_2013.jpg,xception,external_normalized,external_test,0,real,0.07374761998653412,0.4307548701763153,0
deepfakeface_sd15/real/03/39605003_1966-06-21_2012.jpg,xception,external_normalized,external_test,0,real,0.963855504989624,0.4307548701763153,1
deepfakeface_sd15/real/03/39918103_1988-09-29_2012.jpg,xception,external_normalized,external_test,0,real,0.8343674540519714,0.4307548701763153,1
deepfakeface_sd15/real/03/4830003_1961-12-01_2010.jpg,xception,external_normalized,external_test,0,real,0.4423135817050934,0.4307548701763153,1
deepfakeface_sd15/real/03/555703_1913-07-13_1970.jpg,xception,external_normalized,external_test,0,real,0.033389799296855927,0.4307548701763153,0
deepfakeface_sd15/real/03/6104003_1985-07-06_2006.jpg,xception,external_normalized,external_test,0,real,0.7131690382957458,0.4307548701763153,1
deepfakeface_sd15/real/03/7100903_1961-03-15_2010.jpg,xception,external_normalized,external_test,0,real,0.572494626045227,0.4307548701763153,1
deepfakeface_sd15/real/03/7655603_1956-03-09_2010.jpg,xception,external_normalized,external_test,0,real,0.000534421531483531,0.4307548701763153,0
deepfakeface_sd15/real/03/8902703_1978-09-20_2007.jpg,xception,external_normalized,external_test,0,real,0.5699841380119324,0.4307548701763153,1
deepfakeface_sd15/real/03/9000703_1982-07-16_2008.jpg,xception,external_normalized,external_test,0,real,0.252841591835022,0.4307548701763153,0
deepfakeface_sd15/real/03/9729003_1988-05-18_2011.jpg,xception,external_normalized,external_test,0,real,0.7919804453849792,0.4307548701763153,1
deepfakeface_sd15/real/03/97803_1991-04-04_2007.jpg,xception,external_normalized,external_test,0,real,0.016600439324975014,0.4307548701763153,0
deepfakeface_sd15/real/12/1836812_1976-11-06_2013.jpg,xception,external_normalized,external_test,0,real,0.0038130355533212423,0.4307548701763153,0
deepfakeface_sd15/real/14/12041214_1955-03-25_2012.jpg,xception,external_normalized,external_test,0,real,0.010477853007614613,0.4307548701763153,0
deepfakeface_sd15/real/14/12461914_1975-12-14_2007.jpg,xception,external_normalized,external_test,0,real,0.003391852369531989,0.4307548701763153,0
deepfakeface_sd15/real/14/14307714_1977-01-29_2013.jpg,xception,external_normalized,external_test,0,real,0.0001969445002032444,0.4307548701763153,0
deepfakeface_sd15/real/14/170514_1963-03-06_1970.jpg,xception,external_normalized,external_test,0,real,0.0008562416187487543,0.4307548701763153,0
deepfakeface_sd15/real/14/1830414_1971-07-01_2013.jpg,xception,external_normalized,external_test,0,real,0.13950538635253906,0.4307548701763153,0
deepfakeface_sd15/real/14/19894914_1989-10-19_2012.jpg,xception,external_normalized,external_test,0,real,0.8468234539031982,0.4307548701763153,1
deepfakeface_sd15/real/14/1995914_1928-11-21_1976.jpg,xception,external_normalized,external_test,0,real,0.6505759358406067,0.4307548701763153,1
deepfakeface_sd15/real/14/2009614_1964-05-13_2008.jpg,xception,external_normalized,external_test,0,real,0.015106410719454288,0.4307548701763153,0
deepfakeface_sd15/real/14/21538614_1990-11-01_2015.jpg,xception,external_normalized,external_test,0,real,0.12564338743686676,0.4307548701763153,0
deepfakeface_sd15/real/14/22037414_1987-06-05_2013.jpg,xception,external_normalized,external_test,0,real,0.09503484517335892,0.4307548701763153,0
deepfakeface_sd15/real/14/23420614_1974-04-16_2008.jpg,xception,external_normalized,external_test,0,real,0.44390469789505005,0.4307548701763153,1
deepfakeface_sd15/real/14/27131114_1983-08-30_2011.jpg,xception,external_normalized,external_test,0,real,0.5024218559265137,0.4307548701763153,1
deepfakeface_sd15/real/14/28269114_1941-03-21_2011.jpg,xception,external_normalized,external_test,0,real,0.08083458244800568,0.4307548701763153,0
deepfakeface_sd15/real/14/28819114_1961-06-26_2009.jpg,xception,external_normalized,external_test,0,real,0.31475409865379333,0.4307548701763153,0
deepfakeface_sd15/real/14/33258714_1979-05-30_2011.jpg,xception,external_normalized,external_test,0,real,0.271209716796875,0.4307548701763153,0
deepfakeface_sd15/real/14/35642014_1989-04-27_2012.jpg,xception,external_normalized,external_test,0,real,0.026594722643494606,0.4307548701763153,0
deepfakeface_sd15/real/14/36566914_1988-08-11_2014.jpg,xception,external_normalized,external_test,0,real,0.00038851716089993715,0.4307548701763153,0
deepfakeface_sd15/real/14/36573714_1984-12-01_2012.jpg,xception,external_normalized,external_test,0,real,0.39788079261779785,0.4307548701763153,0
deepfakeface_sd15/real/14/3772814_1978-02-28_2008.jpg,xception,external_normalized,external_test,0,real,0.00033315838663838804,0.4307548701763153,0
deepfakeface_sd15/real/14/41732014_1943-06-18_1969.jpg,xception,external_normalized,external_test,0,real,0.19995112717151642,0.4307548701763153,0
deepfakeface_sd15/real/14/4295614_1924-09-15_1987.jpg,xception,external_normalized,external_test,0,real,0.0028260399121791124,0.4307548701763153,0
deepfakeface_sd15/real/14/44096714_1964-06-29_2012.jpg,xception,external_normalized,external_test,0,real,0.006892020348459482,0.4307548701763153,0
deepfakeface_sd15/real/14/448514_1959-03-06_2007.jpg,xception,external_normalized,external_test,0,real,0.0005797556368634105,0.4307548701763153,0
deepfakeface_sd15/real/14/585414_1951-03-17_2014.jpg,xception,external_normalized,external_test,0,real,0.0428444929420948,0.4307548701763153,0
deepfakeface_sd15/real/14/5923814_1958-08-28_1991.jpg,xception,external_normalized,external_test,0,real,0.4946894943714142,0.4307548701763153,1
deepfakeface_sd15/real/14/5965014_1981-12-21_2013.jpg,xception,external_normalized,external_test,0,real,0.007240396458655596,0.4307548701763153,0
deepfakeface_sd15/real/14/852514_1980-01-18_2013.jpg,xception,external_normalized,external_test,0,real,0.08146054297685623,0.4307548701763153,0
deepfakeface_sd15/real/14/8543614_1983-09-25_2010.jpg,xception,external_normalized,external_test,0,real,0.015933575108647346,0.4307548701763153,0
deepfakeface_sd15/real/14/9716514_1900-04-10_1946.jpg,xception,external_normalized,external_test,0,real,0.05096154659986496,0.4307548701763153,0
deepfakeface_sd15/real/21/10172021_1963-06-02_2006.jpg,xception,external_normalized,external_test,0,real,0.8916771411895752,0.4307548701763153,1
deepfakeface_sd15/real/21/1176621_1966-05-16_2010.jpg,xception,external_normalized,external_test,0,real,0.2123594731092453,0.4307548701763153,0
deepfakeface_sd15/real/21/12261121_1985-01-04_2014.jpg,xception,external_normalized,external_test,0,real,0.006399981677532196,0.4307548701763153,0
deepfakeface_sd15/real/21/15872621_1922-08-28_1952.jpg,xception,external_normalized,external_test,0,real,0.005444539710879326,0.4307548701763153,0
deepfakeface_sd15/real/21/15905321_1990-01-06_2009.jpg,xception,external_normalized,external_test,0,real,0.057453807443380356,0.4307548701763153,0
deepfakeface_sd15/real/21/16521_1938-12-29_2011.jpg,xception,external_normalized,external_test,0,real,1.6977648556348868e-05,0.4307548701763153,0
deepfakeface_sd15/real/21/174821_1961-09-25_1993.jpg,xception,external_normalized,external_test,0,real,0.4128352403640747,0.4307548701763153,0
deepfakeface_sd15/real/21/1825621_1945-09-08_2008.jpg,xception,external_normalized,external_test,0,real,0.9240624308586121,0.4307548701763153,1
deepfakeface_sd15/real/21/20599521_1967-08-09_2012.jpg,xception,external_normalized,external_test,0,real,0.010664518922567368,0.4307548701763153,0
deepfakeface_sd15/real/21/24644621_1964-12-15_2010.jpg,xception,external_normalized,external_test,0,real,0.016685424372553825,0.4307548701763153,0
deepfakeface_sd15/real/21/250721_1956-06-03_2010.jpg,xception,external_normalized,external_test,0,real,0.08133447170257568,0.4307548701763153,0
deepfakeface_sd15/real/21/2797621_1960-03-15_2011.jpg,xception,external_normalized,external_test,0,real,0.06346113234758377,0.4307548701763153,0
deepfakeface_sd15/real/21/29126821_1986-10-07_2014.jpg,xception,external_normalized,external_test,0,real,0.003930059261620045,0.4307548701763153,0
deepfakeface_sd15/real/21/2950421_1974-09-11_2007.jpg,xception,external_normalized,external_test,0,real,0.009049511514604092,0.4307548701763153,0
deepfakeface_sd15/real/21/295321_1904-08-23_1955.jpg,xception,external_normalized,external_test,0,real,0.014670628122985363,0.4307548701763153,0
deepfakeface_sd15/real/21/3003021_1956-12-23_2014.jpg,xception,external_normalized,external_test,0,real,0.04388320446014404,0.4307548701763153,0
deepfakeface_sd15/real/21/30496921_1916-02-13_1977.jpg,xception,external_normalized,external_test,0,real,0.8104897141456604,0.4307548701763153,1
deepfakeface_sd15/real/21/332221_1903-07-21_2007.jpg,xception,external_normalized,external_test,0,real,0.7367619872093201,0.4307548701763153,1
deepfakeface_sd15/real/21/35191121_1990-01-18_2014.jpg,xception,external_normalized,external_test,0,real,0.3990018963813782,0.4307548701763153,0
deepfakeface_sd15/real/21/40783721_1958-04-16_2013.jpg,xception,external_normalized,external_test,0,real,0.0117677953094244,0.4307548701763153,0
deepfakeface_sd15/real/21/4137921_1965-08-22_2013.jpg,xception,external_normalized,external_test,0,real,0.273418664932251,0.4307548701763153,0
deepfakeface_sd15/real/21/6573321_1986-05-01_2008.jpg,xception,external_normalized,external_test,0,real,0.014878598041832447,0.4307548701763153,0
deepfakeface_sd15/real/21/6574321_1982-08-10_2012.jpg,xception,external_normalized,external_test,0,real,0.12101380527019501,0.4307548701763153,0
deepfakeface_sd15/real/21/7170221_1933-03-27_1983.jpg,xception,external_normalized,external_test,0,real,0.08386724442243576,0.4307548701763153,0
deepfakeface_sd15/real/21/7623721_1978-03-01_2010.jpg,xception,external_normalized,external_test,0,real,0.02941099926829338,0.4307548701763153,0
deepfakeface_sd15/real/21/8194621_1986-02-16_2009.jpg,xception,external_normalized,external_test,0,real,0.1052735224366188,0.4307548701763153,0
deepfakeface_sd15/real/21/8774721_1967-04-29_2010.jpg,xception,external_normalized,external_test,0,real,0.0009912948589771986,0.4307548701763153,0
deepfakeface_sd15/real/21/8789221_1983-08-14_2012.jpg,xception,external_normalized,external_test,0,real,0.49616125226020813,0.4307548701763153,1
deepfakeface_sd15/real/21/9404921_1978-07-09_2009.jpg,xception,external_normalized,external_test,0,real,0.3915829360485077,0.4307548701763153,0
deepfakeface_sd15/real/24/2968824_1963-05-26_2011.jpg,xception,external_normalized,external_test,0,real,0.02114541083574295,0.4307548701763153,0
deepfakeface_sd15/real/26/503926_1976-12-31_2009.jpg,xception,external_normalized,external_test,0,real,0.009103295393288136,0.4307548701763153,0
deepfakeface_sd15/real/30/11772430_1938-04-14_2008.jpg,xception,external_normalized,external_test,0,real,0.4033658802509308,0.4307548701763153,0
deepfakeface_sd15/real/34/1149234_1978-10-03_2010.jpg,xception,external_normalized,external_test,0,real,0.010565477423369884,0.4307548701763153,0
deepfakeface_sd15/real/34/11653234_1986-12-23_2012.jpg,xception,external_normalized,external_test,0,real,0.0021049256902188063,0.4307548701763153,0
deepfakeface_sd15/real/34/1266534_1975-11-03_2011.jpg,xception,external_normalized,external_test,0,real,0.0008377425838261843,0.4307548701763153,0
deepfakeface_sd15/real/34/12829834_1950-08-15_2002.jpg,xception,external_normalized,external_test,0,real,0.21113546192646027,0.4307548701763153,0
deepfakeface_sd15/real/34/13846034_1977-08-30_2009.jpg,xception,external_normalized,external_test,0,real,0.11656203866004944,0.4307548701763153,0
deepfakeface_sd15/real/34/1386234_1952-04-25_2004.jpg,xception,external_normalized,external_test,0,real,0.2982661724090576,0.4307548701763153,0
deepfakeface_sd15/real/34/19258134_1986-05-13_2009.jpg,xception,external_normalized,external_test,0,real,0.0884513333439827,0.4307548701763153,0
deepfakeface_sd15/real/34/19354934_1986-10-18_2009.jpg,xception,external_normalized,external_test,0,real,0.5622722506523132,0.4307548701763153,1
deepfakeface_sd15/real/34/20500734_1950-03-30_2014.jpg,xception,external_normalized,external_test,0,real,0.010960005223751068,0.4307548701763153,0
deepfakeface_sd15/real/34/21284234_1983-06-02_2011.jpg,xception,external_normalized,external_test,0,real,0.19985701143741608,0.4307548701763153,0
deepfakeface_sd15/real/34/23945334_1979-07-30_2008.jpg,xception,external_normalized,external_test,0,real,0.001290877116844058,0.4307548701763153,0
deepfakeface_sd15/real/34/25905034_1992-04-05_2009.jpg,xception,external_normalized,external_test,0,real,0.5095829963684082,0.4307548701763153,1
deepfakeface_sd15/real/34/276834_1928-01-30_2010.jpg,xception,external_normalized,external_test,0,real,0.2945098578929901,0.4307548701763153,0
deepfakeface_sd15/real/34/32504534_1990-12-18_2011.jpg,xception,external_normalized,external_test,0,real,0.898590087890625,0.4307548701763153,1
deepfakeface_sd15/real/34/32670934_1973-08-28_2013.jpg,xception,external_normalized,external_test,0,real,0.00225042924284935,0.4307548701763153,0
deepfakeface_sd15/real/34/33682634_1989-09-15_2011.jpg,xception,external_normalized,external_test,0,real,0.7537129521369934,0.4307548701763153,1
deepfakeface_sd15/real/34/36722334_1937-08-31_2005.jpg,xception,external_normalized,external_test,0,real,0.19805046916007996,0.4307548701763153,0
deepfakeface_sd15/real/34/39718934_1987-12-07_2013.jpg,xception,external_normalized,external_test,0,real,0.07273755967617035,0.4307548701763153,0
deepfakeface_sd15/real/34/398734_1932-05-04_1955.jpg,xception,external_normalized,external_test,0,real,0.07273350656032562,0.4307548701763153,0
deepfakeface_sd15/real/34/42708434_1996-03-11_2013.jpg,xception,external_normalized,external_test,0,real,0.6228899359703064,0.4307548701763153,1
deepfakeface_sd15/real/34/43639934_1912-04-03_2003.jpg,xception,external_normalized,external_test,0,real,0.06373411417007446,0.4307548701763153,0
deepfakeface_sd15/real/34/440034_1924-04-29_1963.jpg,xception,external_normalized,external_test,0,real,0.3145291209220886,0.4307548701763153,0
deepfakeface_sd15/real/34/4413434_1984-01-21_2013.jpg,xception,external_normalized,external_test,0,real,0.8274328112602234,0.4307548701763153,1
deepfakeface_sd15/real/34/4998434_1979-05-16_2005.jpg,xception,external_normalized,external_test,0,real,0.009299647994339466,0.4307548701763153,0
deepfakeface_sd15/real/34/5354734_1976-10-17_1995.jpg,xception,external_normalized,external_test,0,real,0.42322391271591187,0.4307548701763153,0
deepfakeface_sd15/real/34/603934_1963-12-04_2013.jpg,xception,external_normalized,external_test,0,real,0.0035259053111076355,0.4307548701763153,0
deepfakeface_sd15/real/34/78834_1970-04-29_2014.jpg,xception,external_normalized,external_test,0,real,0.09818799048662186,0.4307548701763153,0
deepfakeface_sd15/real/34/9326434_1987-05-02_2006.jpg,xception,external_normalized,external_test,0,real,0.8230134844779968,0.4307548701763153,1
deepfakeface_sd15/real/35/10970235_1972-10-10_2010.jpg,xception,external_normalized,external_test,0,real,0.013753801584243774,0.4307548701763153,0
deepfakeface_sd15/real/35/12523735_1981-04-21_2014.jpg,xception,external_normalized,external_test,0,real,0.26908162236213684,0.4307548701763153,0
deepfakeface_sd15/real/35/1323135_1941-09-15_1966.jpg,xception,external_normalized,external_test,0,real,0.009108793921768665,0.4307548701763153,0
deepfakeface_sd15/real/35/13774535_1942-06-09_1957.jpg,xception,external_normalized,external_test,0,real,0.8324291110038757,0.4307548701763153,1
deepfakeface_sd15/real/35/14180235_1985-10-27_2015.jpg,xception,external_normalized,external_test,0,real,0.004832970444113016,0.4307548701763153,0
deepfakeface_sd15/real/35/14347235_1959-06-15_2013.jpg,xception,external_normalized,external_test,0,real,0.42768990993499756,0.4307548701763153,0
deepfakeface_sd15/real/35/1437535_1935-02-22_2010.jpg,xception,external_normalized,external_test,0,real,0.12565715610980988,0.4307548701763153,0
deepfakeface_sd15/real/35/14619035_1990-02-25_2014.jpg,xception,external_normalized,external_test,0,real,0.0034456781577318907,0.4307548701763153,0
deepfakeface_sd15/real/35/1566935_1953-09-11_2010.jpg,xception,external_normalized,external_test,0,real,0.17763182520866394,0.4307548701763153,0
deepfakeface_sd15/real/35/16105135_1980-04-18_2012.jpg,xception,external_normalized,external_test,0,real,0.8755771517753601,0.4307548701763153,1
deepfakeface_sd15/real/35/17974235_1973-06-13_2009.jpg,xception,external_normalized,external_test,0,real,0.3779087960720062,0.4307548701763153,0
deepfakeface_sd15/real/35/18933035_1982-08-26_2012.jpg,xception,external_normalized,external_test,0,real,0.9673852920532227,0.4307548701763153,1
deepfakeface_sd15/real/35/19966435_1968-04-03_2012.jpg,xception,external_normalized,external_test,0,real,0.015836641192436218,0.4307548701763153,0
deepfakeface_sd15/real/35/2357835_1982-06-16_2014.jpg,xception,external_normalized,external_test,0,real,0.00036196838482283056,0.4307548701763153,0
deepfakeface_sd15/real/35/2663135_1941-03-20_2008.jpg,xception,external_normalized,external_test,0,real,0.3117436170578003,0.4307548701763153,0
deepfakeface_sd15/real/35/2667535_1937-12-16_1985.jpg,xception,external_normalized,external_test,0,real,0.25289788842201233,0.4307548701763153,0
deepfakeface_sd15/real/35/28265335_1988-06-22_2013.jpg,xception,external_normalized,external_test,0,real,0.020209716632962227,0.4307548701763153,0
deepfakeface_sd15/real/35/30385335_1991-08-22_2011.jpg,xception,external_normalized,external_test,0,real,0.7314132452011108,0.4307548701763153,1
deepfakeface_sd15/real/35/3110335_1948-04-03_2012.jpg,xception,external_normalized,external_test,0,real,0.15976975858211517,0.4307548701763153,0
deepfakeface_sd15/real/35/31663335_1976-06-05_2013.jpg,xception,external_normalized,external_test,0,real,0.3843132257461548,0.4307548701763153,0
deepfakeface_sd15/real/35/32471435_1932-05-10_1959.jpg,xception,external_normalized,external_test,0,real,0.2707977890968323,0.4307548701763153,0
deepfakeface_sd15/real/35/33199835_1985-06-12_2011.jpg,xception,external_normalized,external_test,0,real,0.3973669707775116,0.4307548701763153,0
deepfakeface_sd15/real/35/3338735_1981-11-16_2013.jpg,xception,external_normalized,external_test,0,real,0.051462408155202866,0.4307548701763153,0
deepfakeface_sd15/real/35/34163535_1988-04-03_2011.jpg,xception,external_normalized,external_test,0,real,0.7363032102584839,0.4307548701763153,1
deepfakeface_sd15/real/35/36702535_1992-07-04_2012.jpg,xception,external_normalized,external_test,0,real,0.943474292755127,0.4307548701763153,1
deepfakeface_sd15/real/35/4943835_1891-09-22_1968.jpg,xception,external_normalized,external_test,0,real,0.003453265642747283,0.4307548701763153,0
deepfakeface_sd15/real/35/6232035_1987-09-07_2013.jpg,xception,external_normalized,external_test,0,real,0.1590055227279663,0.4307548701763153,0
deepfakeface_sd15/real/35/89835_1951-04-07_1981.jpg,xception,external_normalized,external_test,0,real,0.14883631467819214,0.4307548701763153,0
deepfakeface_sd15/real/55/10095655_1985-07-10_2012.jpg,xception,external_normalized,external_test,0,real,0.1891711950302124,0.4307548701763153,0
deepfakeface_sd15/real/55/10486955_1937-11-18_1975.jpg,xception,external_normalized,external_test,0,real,0.07800182700157166,0.4307548701763153,0
deepfakeface_sd15/real/55/1196855_1923-06-24_2009.jpg,xception,external_normalized,external_test,0,real,0.011240229941904545,0.4307548701763153,0
deepfakeface_sd15/real/55/12428755_1982-12-09_2012.jpg,xception,external_normalized,external_test,0,real,0.4791716933250427,0.4307548701763153,1
deepfakeface_sd15/real/55/1349055_1974-02-24_2009.jpg,xception,external_normalized,external_test,0,real,0.22075769305229187,0.4307548701763153,0
deepfakeface_sd15/real/55/14640255_1980-09-24_2006.jpg,xception,external_normalized,external_test,0,real,0.11454188823699951,0.4307548701763153,0
deepfakeface_sd15/real/55/14904555_1915-05-08_1941.jpg,xception,external_normalized,external_test,0,real,0.005037406459450722,0.4307548701763153,0
deepfakeface_sd15/real/55/15890555_1987-12-03_2014.jpg,xception,external_normalized,external_test,0,real,0.22229981422424316,0.4307548701763153,0
deepfakeface_sd15/real/55/1941155_1993-07-26_2010.jpg,xception,external_normalized,external_test,0,real,0.5865942239761353,0.4307548701763153,1
deepfakeface_sd15/real/55/20025755_1979-03-10_2009.jpg,xception,external_normalized,external_test,0,real,0.013226237148046494,0.4307548701763153,0
deepfakeface_sd15/real/55/2538755_1933-07-01_1979.jpg,xception,external_normalized,external_test,0,real,0.006290799472481012,0.4307548701763153,0
deepfakeface_sd15/real/55/27599355_1985-04-07_2007.jpg,xception,external_normalized,external_test,0,real,0.9586314558982849,0.4307548701763153,1
deepfakeface_sd15/real/55/2894455_1947-09-13_2009.jpg,xception,external_normalized,external_test,0,real,0.49717268347740173,0.4307548701763153,1
deepfakeface_sd15/real/55/295555_1950-07-15_2012.jpg,xception,external_normalized,external_test,0,real,0.0027033337391912937,0.4307548701763153,0
deepfakeface_sd15/real/55/2979255_1982-08-30_2012.jpg,xception,external_normalized,external_test,0,real,0.058098241686820984,0.4307548701763153,0
deepfakeface_sd15/real/55/30781355_1963-07-29_2015.jpg,xception,external_normalized,external_test,0,real,0.7131666541099548,0.4307548701763153,1
deepfakeface_sd15/real/55/31689055_1988-03-014_2013.jpg,xception,external_normalized,external_test,0,real,0.15104010701179504,0.4307548701763153,0
deepfakeface_sd15/real/55/3523055_1984-05-01_2014.jpg,xception,external_normalized,external_test,0,real,0.14098428189754486,0.4307548701763153,0
deepfakeface_sd15/real/55/3566855_1977-08-09_2010.jpg,xception,external_normalized,external_test,0,real,0.7333653569221497,0.4307548701763153,1
deepfakeface_sd15/real/55/36326355_1990-10-27_2014.jpg,xception,external_normalized,external_test,0,real,0.009716282598674297,0.4307548701763153,0
deepfakeface_sd15/real/55/38909755_1989-02-21_2013.jpg,xception,external_normalized,external_test,0,real,0.9604431986808777,0.4307548701763153,1
deepfakeface_sd15/real/55/39790655_2013-07-22_2014.jpg,xception,external_normalized,external_test,0,real,0.6010816097259521,0.4307548701763153,1
deepfakeface_sd15/real/55/42718155_1946-01-25_2006.jpg,xception,external_normalized,external_test,0,real,0.36174532771110535,0.4307548701763153,0
deepfakeface_sd15/real/55/43284855_1980-08-11_2012.jpg,xception,external_normalized,external_test,0,real,0.07990507781505585,0.4307548701763153,0
deepfakeface_sd15/real/55/45263455_1979-05-12_2015.jpg,xception,external_normalized,external_test,0,real,0.04086664691567421,0.4307548701763153,0
deepfakeface_sd15/real/55/46238055_1947-10-19_1980.jpg,xception,external_normalized,external_test,0,real,0.054299768060445786,0.4307548701763153,0
deepfakeface_sd15/real/55/72655_1975-10-12_2004.jpg,xception,external_normalized,external_test,0,real,0.8198984861373901,0.4307548701763153,1
deepfakeface_sd15/real/55/870155_1962-12-01_2010.jpg,xception,external_normalized,external_test,0,real,0.0040706247091293335,0.4307548701763153,0
deepfakeface_sd15/real/69/41427969_1939-03-30_1972.jpg,xception,external_normalized,external_test,0,real,0.4567755460739136,0.4307548701763153,1
deepfakeface_sd15/real/71/12738371_1985-05-25_2015.jpg,xception,external_normalized,external_test,0,real,0.2531224191188812,0.4307548701763153,0
deepfakeface_sd15/real/71/14220271_1972-11-30_2008.jpg,xception,external_normalized,external_test,0,real,0.0036142768803983927,0.4307548701763153,0
deepfakeface_sd15/real/71/165871_1942-09-30_1950.jpg,xception,external_normalized,external_test,0,real,0.00018214173906017095,0.4307548701763153,0
deepfakeface_sd15/real/71/17112571_1992-02-27_2012.jpg,xception,external_normalized,external_test,0,real,0.049655430018901825,0.4307548701763153,0
deepfakeface_sd15/real/71/1854071_1958-08-14_1991.jpg,xception,external_normalized,external_test,0,real,0.8841332793235779,0.4307548701763153,1
deepfakeface_sd15/real/71/18720671_1986-06-23_2012.jpg,xception,external_normalized,external_test,0,real,0.08015363663434982,0.4307548701763153,0
deepfakeface_sd15/real/71/19476171_1989-08-02_2014.jpg,xception,external_normalized,external_test,0,real,0.6840530037879944,0.4307548701763153,1
deepfakeface_sd15/real/71/23399171_1991-05-22_2009.jpg,xception,external_normalized,external_test,0,real,0.013521172106266022,0.4307548701763153,0
deepfakeface_sd15/real/71/2492371_1942-11-06_1965.jpg,xception,external_normalized,external_test,0,real,0.006399208214133978,0.4307548701763153,0
deepfakeface_sd15/real/71/25422271_1990-09-11_2014.jpg,xception,external_normalized,external_test,0,real,0.6054391860961914,0.4307548701763153,1
deepfakeface_sd15/real/71/27164771_1990-09-17_2009.jpg,xception,external_normalized,external_test,0,real,0.03685909882187843,0.4307548701763153,0
deepfakeface_sd15/real/71/27987171_1987-05-10_2013.jpg,xception,external_normalized,external_test,0,real,0.20524811744689941,0.4307548701763153,0
deepfakeface_sd15/real/71/29084271_1991-09-22_2014.jpg,xception,external_normalized,external_test,0,real,0.7059888243675232,0.4307548701763153,1
deepfakeface_sd15/real/71/30657971_1992-05-11_2014.jpg,xception,external_normalized,external_test,0,real,0.32103195786476135,0.4307548701763153,0
deepfakeface_sd15/real/71/31706371_1989-01-14_2011.jpg,xception,external_normalized,external_test,0,real,0.06778798252344131,0.4307548701763153,0
deepfakeface_sd15/real/71/33021371_1988-02-18_2013.jpg,xception,external_normalized,external_test,0,real,0.3258472681045532,0.4307548701763153,0
deepfakeface_sd15/real/71/3312671_1985-08-02_2008.jpg,xception,external_normalized,external_test,0,real,0.7152434587478638,0.4307548701763153,1
deepfakeface_sd15/real/71/35188571_1983-09-18_2009.jpg,xception,external_normalized,external_test,0,real,0.0005672029801644385,0.4307548701763153,0
deepfakeface_sd15/real/71/42650171_1946-12-10_2013.jpg,xception,external_normalized,external_test,0,real,0.028596647083759308,0.4307548701763153,0
deepfakeface_sd15/real/71/5081071_1925-11-13_1953.jpg,xception,external_normalized,external_test,0,real,0.43691113591194153,0.4307548701763153,1
deepfakeface_sd15/real/71/566471_1971-05-18_2011.jpg,xception,external_normalized,external_test,0,real,0.18861712515354156,0.4307548701763153,0
deepfakeface_sd15/real/71/703371_1918-03-12_1980.jpg,xception,external_normalized,external_test,0,real,0.09508994966745377,0.4307548701763153,0
deepfakeface_sd15/real/71/775271_1959-09-16_2011.jpg,xception,external_normalized,external_test,0,real,0.08137621730566025,0.4307548701763153,0
deepfakeface_sd15/real/71/8334671_1931-02-14_1966.jpg,xception,external_normalized,external_test,0,real,0.004114594776183367,0.4307548701763153,0
deepfakeface_sd15/real/71/9069371_1986-03-19_2013.jpg,xception,external_normalized,external_test,0,real,0.7767780423164368,0.4307548701763153,1
deepfakeface_sd15/real/71/967871_1972-12-15_2008.jpg,xception,external_normalized,external_test,0,real,0.033923130482435226,0.4307548701763153,0
deepfakeface_sd15/real/71/9845271_1955-09-16_2001.jpg,xception,external_normalized,external_test,0,real,0.29575875401496887,0.4307548701763153,0
deepfakeface_sd15/real/73/1013073_1978-05-24_2010.jpg,xception,external_normalized,external_test,0,real,0.38950687646865845,0.4307548701763153,0
deepfakeface_sd15/real/73/12464473_1935-03-06_1958.jpg,xception,external_normalized,external_test,0,real,0.03880557417869568,0.4307548701763153,0
deepfakeface_sd15/real/73/12786073_1984-05-18_2011.jpg,xception,external_normalized,external_test,0,real,0.017684204503893852,0.4307548701763153,0
deepfakeface_sd15/real/73/16855173_1937-10-21_2008.jpg,xception,external_normalized,external_test,0,real,0.7057396173477173,0.4307548701763153,1
deepfakeface_sd15/real/73/18933173_1984-05-13_2011.jpg,xception,external_normalized,external_test,0,real,0.37159663438796997,0.4307548701763153,0
deepfakeface_sd15/real/73/20989373_1938-09-15_1988.jpg,xception,external_normalized,external_test,0,real,0.004740270785987377,0.4307548701763153,0
deepfakeface_sd15/real/73/21741673_1995-03-01_2009.jpg,xception,external_normalized,external_test,0,real,0.4676534831523895,0.4307548701763153,1
deepfakeface_sd15/real/73/2210573_1958-04-04_2007.jpg,xception,external_normalized,external_test,0,real,0.06878796219825745,0.4307548701763153,0
deepfakeface_sd15/real/73/24079373_1979-07-15_2009.jpg,xception,external_normalized,external_test,0,real,0.42210936546325684,0.4307548701763153,0
deepfakeface_sd15/real/73/25286273_1990-11-02_2013.jpg,xception,external_normalized,external_test,0,real,0.9922972321510315,0.4307548701763153,1
deepfakeface_sd15/real/73/27347573_1992-06-02_2010.jpg,xception,external_normalized,external_test,0,real,0.35443007946014404,0.4307548701763153,0
deepfakeface_sd15/real/73/3365773_1949-06-24_1985.jpg,xception,external_normalized,external_test,0,real,0.15688370168209076,0.4307548701763153,0
deepfakeface_sd15/real/73/34239373_1994-11-30_2014.jpg,xception,external_normalized,external_test,0,real,0.5247809290885925,0.4307548701763153,1
deepfakeface_sd15/real/73/3517073_1984-09-10_2011.jpg,xception,external_normalized,external_test,0,real,0.40261024236679077,0.4307548701763153,0
deepfakeface_sd15/real/73/36499973_1985-09-06_2011.jpg,xception,external_normalized,external_test,0,real,0.468959242105484,0.4307548701763153,1
deepfakeface_sd15/real/73/37985373_1988-12-05_2014.jpg,xception,external_normalized,external_test,0,real,0.11799877136945724,0.4307548701763153,0
deepfakeface_sd15/real/73/38089073_1988-06-26_2014.jpg,xception,external_normalized,external_test,0,real,0.0046473173424601555,0.4307548701763153,0
deepfakeface_sd15/real/73/41639973_1876-12-25_1940.jpg,xception,external_normalized,external_test,0,real,0.0034757936373353004,0.4307548701763153,0
deepfakeface_sd15/real/73/46452873_1906-12-20_1945.jpg,xception,external_normalized,external_test,0,real,0.47609943151474,0.4307548701763153,1
deepfakeface_sd15/real/73/479273_1985-12-08_2014.jpg,xception,external_normalized,external_test,0,real,0.7840333580970764,0.4307548701763153,1
deepfakeface_sd15/real/73/502973_1958-03-25_2012.jpg,xception,external_normalized,external_test,0,real,0.1731610894203186,0.4307548701763153,0
deepfakeface_sd15/real/73/5332173_1935-09-06_2008.jpg,xception,external_normalized,external_test,0,real,0.03260936960577965,0.4307548701763153,0
deepfakeface_sd15/real/73/666973_1960-09-19_2005.jpg,xception,external_normalized,external_test,0,real,0.016789959743618965,0.4307548701763153,0
deepfakeface_sd15/real/73/9311273_1979-08-24_2010.jpg,xception,external_normalized,external_test,0,real,0.08467645943164825,0.4307548701763153,0
deepfakeface_sd15/real/80/2798180_1985-12-19_2014.jpg,xception,external_normalized,external_test,0,real,0.01359380129724741,0.4307548701763153,0
deepfakeface_sd15/real/80/6049880_1985-02-26_2013.jpg,xception,external_normalized,external_test,0,real,0.4208752512931824,0.4307548701763153,0
deepfakeface_sd15/real/80/9076080_1971-09-21_2011.jpg,xception,external_normalized,external_test,0,real,0.0027778137009590864,0.4307548701763153,0
deepfakeface_sd15/real/98/10760998_1937-01-14_1968.jpg,xception,external_normalized,external_test,0,real,0.00022164321853779256,0.4307548701763153,0
deepfakeface_sd15/real/98/13664298_1989-04-27_2014.jpg,xception,external_normalized,external_test,0,real,0.01301587000489235,0.4307548701763153,0
deepfakeface_sd15/real/98/14073598_1892-03-06_1943.jpg,xception,external_normalized,external_test,0,real,0.09278333932161331,0.4307548701763153,0
deepfakeface_sd15/real/98/142698_1939-09-01_2014.jpg,xception,external_normalized,external_test,0,real,0.004682749044150114,0.4307548701763153,0
deepfakeface_sd15/real/98/15230998_1983-01-10_2007.jpg,xception,external_normalized,external_test,0,real,0.03942613676190376,0.4307548701763153,0
deepfakeface_sd15/real/98/176998_1933-08-16_1965.jpg,xception,external_normalized,external_test,0,real,0.0036194955464452505,0.4307548701763153,0
deepfakeface_sd15/real/98/22298398_1962-09-19_2011.jpg,xception,external_normalized,external_test,0,real,0.003402015892788768,0.4307548701763153,0
deepfakeface_sd15/real/98/23428298_1982-12-22_2009.jpg,xception,external_normalized,external_test,0,real,0.5477862358093262,0.4307548701763153,1
deepfakeface_sd15/real/98/23560198_1992-06-20_2014.jpg,xception,external_normalized,external_test,0,real,0.1546485722064972,0.4307548701763153,0
deepfakeface_sd15/real/98/25616698_1980-08-12_2012.jpg,xception,external_normalized,external_test,0,real,0.757201075553894,0.4307548701763153,1
deepfakeface_sd15/real/98/25980298_1980-07-05_2013.jpg,xception,external_normalized,external_test,0,real,0.05845749005675316,0.4307548701763153,0
deepfakeface_sd15/real/98/2705698_1958-12-06_2007.jpg,xception,external_normalized,external_test,0,real,0.0023699349258095026,0.4307548701763153,0
deepfakeface_sd15/real/98/27687598_1957-10-28_2009.jpg,xception,external_normalized,external_test,0,real,0.040305763483047485,0.4307548701763153,0
deepfakeface_sd15/real/98/30789098_1986-05-13_2012.jpg,xception,external_normalized,external_test,0,real,0.0006409052293747663,0.4307548701763153,0
deepfakeface_sd15/real/98/32664798_1990-03-03_2014.jpg,xception,external_normalized,external_test,0,real,0.003743956796824932,0.4307548701763153,0
deepfakeface_sd15/real/98/3604398_1981-06-16_2012.jpg,xception,external_normalized,external_test,0,real,0.04393823817372322,0.4307548701763153,0
deepfakeface_sd15/real/98/40219898_1975-03-11_2013.jpg,xception,external_normalized,external_test,0,real,0.010992933064699173,0.4307548701763153,0
deepfakeface_sd15/real/98/40883698_1972-01-26_2014.jpg,xception,external_normalized,external_test,0,real,0.32510414719581604,0.4307548701763153,0
deepfakeface_sd15/real/98/4276598_1950-10-14_1975.jpg,xception,external_normalized,external_test,0,real,0.0011362014338374138,0.4307548701763153,0
deepfakeface_sd15/real/98/45298998_1988-08-17_2012.jpg,xception,external_normalized,external_test,0,real,0.3213736414909363,0.4307548701763153,0
deepfakeface_sd15/real/98/4691798_1977-09-15_2005.jpg,xception,external_normalized,external_test,0,real,0.09865027666091919,0.4307548701763153,0
deepfakeface_sd15/real/98/46974698_1942-02-22_1968.jpg,xception,external_normalized,external_test,0,real,0.5479838252067566,0.4307548701763153,1
deepfakeface_sd15/real/98/577798_1933-12-08_1969.jpg,xception,external_normalized,external_test,0,real,0.07270405441522598,0.4307548701763153,0
deepfakeface_sd15/real/98/591698_1968-01-15_2000.jpg,xception,external_normalized,external_test,0,real,0.9721189737319946,0.4307548701763153,1
deepfakeface_sd15/real/98/609598_1929-11-08_2007.jpg,xception,external_normalized,external_test,0,real,0.013104886747896671,0.4307548701763153,0
deepfakeface_sd15/real/98/6548698_1964-02-27_2010.jpg,xception,external_normalized,external_test,0,real,0.23513077199459076,0.4307548701763153,0
deepfakeface_sd15/real/98/670098_1974-07-29_2009.jpg,xception,external_normalized,external_test,0,real,0.7559471726417542,0.4307548701763153,1
deepfakeface_sd15/real/98/6808898_1936-01-17_2012.jpg,xception,external_normalized,external_test,0,real,0.012838426046073437,0.4307548701763153,0
deepfakeface_sd15/fake/00/12596800_1920-10-18_1955.jpg,xception,external_normalized,external_test,1,StableDiffusion_v1_5,0.008305803872644901,0.4307548701763153,0
deepfakeface_sd15/fake/00/15550600_1973-11-01_2000.jpg,xception,external_normalized,external_test,1,StableDiffusion_v1_5,0.24030160903930664,0.4307548701763153,0
deepfakeface_sd15/fake/00/18407100_1917-10-18_1958.jpg,xception,external_normalized,external_test,1,StableDiffusion_v1_5,0.592534065246582,0.4307548701763153,1
deepfakeface_sd15/fake/00/23804200_1950-03-31_2013.jpg,xception,external_normalized,external_test,1,StableDiffusion_v1_5,0.04894917458295822,0.4307548701763153,0
deepfakeface_sd15/fake/00/2540500_1970-10-10_2008.jpg,xception,external_normalized,external_test,1,StableDiffusion_v1_5,0.009124800562858582,0.4307548701763153,0
deepfakeface_sd15/fake/00/2669900_1933-07-29_1968.jpg,xception,external_normalized,external_test,1,StableDiffusion_v1_5,0.040887489914894104,0.4307548701763153,0
deepfakeface_sd15/fake/00/26771200_1988-08-13_2009.jpg,xception,external_normalized,external_test,1,StableDiffusion_v1_5,0.05118027329444885,0.4307548701763153,0
deepfakeface_sd15/fake/00/2690900_1963-03-12_2010.jpg,xception,external_normalized,external_test,1,StableDiffusion_v1_5,0.0013747088378295302,0.4307548701763153,0
deepfakeface_sd15/fake/00/28476500_1938-06-12_1959.jpg,xception,external_normalized,external_test,1,StableDiffusion_v1_5,0.000710535969119519,0.4307548701763153,0
deepfakeface_sd15/fake/00/28886000_1928-01-17_2009.jpg,xception,external_normalized,external_test,1,StableDiffusion_v1_5,0.07652132958173752,0.4307548701763153,0
deepfakeface_sd15/fake/00/3293900_1973-09-23_2004.jpg,xception,external_normalized,external_test,1,StableDiffusion_v1_5,0.0007717196131125093,0.4307548701763153,0
deepfakeface_sd15/fake/00/34199700_1921-05-23_1946.jpg,xception,external_normalized,external_test,1,StableDiffusion_v1_5,0.011843344196677208,0.4307548701763153,0
deepfakeface_sd15/fake/00/34316600_1994-11-15_2013.jpg,xception,external_normalized,external_test,1,StableDiffusion_v1_5,0.06500060111284256,0.4307548701763153,0
deepfakeface_sd15/fake/00/35360200_1996-11-01_2012.jpg,xception,external_normalized,external_test,1,StableDiffusion_v1_5,0.32479938864707947,0.4307548701763153,0
deepfakeface_sd15/fake/00/36606300_1984-08-03_2014.jpg,xception,external_normalized,external_test,1,StableDiffusion_v1_5,0.008441327139735222,0.4307548701763153,0
deepfakeface_sd15/fake/00/38882500_1940-10-04_1977.jpg,xception,external_normalized,external_test,1,StableDiffusion_v1_5,0.0015209849225357175,0.4307548701763153,0
deepfakeface_sd15/fake/00/3982800_1988-01-29_2012.jpg,xception,external_normalized,external_test,1,StableDiffusion_v1_5,0.0005112384096719325,0.4307548701763153,0
deepfakeface_sd15/fake/00/41835500_1992-05-12_2014.jpg,xception,external_normalized,external_test,1,StableDiffusion_v1_5,0.0030313001479953527,0.4307548701763153,0
deepfakeface_sd15/fake/00/4236500_1977-10-18_2005.jpg,xception,external_normalized,external_test,1,StableDiffusion_v1_5,0.031056083738803864,0.4307548701763153,0
deepfakeface_sd15/fake/00/46667800_1978-03-16_2014.jpg,xception,external_normalized,external_test,1,StableDiffusion_v1_5,0.0015203888760879636,0.4307548701763153,0
deepfakeface_sd15/fake/00/5616200_1968-09-06_2006.jpg,xception,external_normalized,external_test,1,StableDiffusion_v1_5,0.0628100037574768,0.4307548701763153,0
deepfakeface_sd15/fake/00/5751800_1950-09-09_2010.jpg,xception,external_normalized,external_test,1,StableDiffusion_v1_5,0.0018529128283262253,0.4307548701763153,0
deepfakeface_sd15/fake/00/67000_1947-05-13_2007.jpg,xception,external_normalized,external_test,1,StableDiffusion_v1_5,0.006813872139900923,0.4307548701763153,0
deepfakeface_sd15/fake/00/7567200_1932-07-31_1966.jpg,xception,external_normalized,external_test,1,StableDiffusion_v1_5,0.036859605461359024,0.4307548701763153,0
deepfakeface_sd15/fake/00/8222200_1941-05-15_1964.jpg,xception,external_normalized,external_test,1,StableDiffusion_v1_5,0.0013680284610018134,0.4307548701763153,0
deepfakeface_sd15/fake/00/836500_1977-03-04_2007.jpg,xception,external_normalized,external_test,1,StableDiffusion_v1_5,0.9580374956130981,0.4307548701763153,1
deepfakeface_sd15/fake/00/9210500_1912-02-06_1942.jpg,xception,external_normalized,external_test,1,StableDiffusion_v1_5,0.0025469178799539804,0.4307548701763153,0
deepfakeface_sd15/fake/00/944600_1968-02-05_2006.jpg,xception,external_normalized,external_test,1,StableDiffusion_v1_5,0.06931893527507782,0.4307548701763153,0
deepfakeface_sd15/fake/00/9801700_1969-10-11_2012.jpg,xception,external_normalized,external_test,1,StableDiffusion_v1_5,0.0005540076526813209,0.4307548701763153,0
deepfakeface_sd15/fake/02/4539602_1977-04-26_2010.jpg,xception,external_normalized,external_test,1,StableDiffusion_v1_5,0.000781766721047461,0.4307548701763153,0
deepfakeface_sd15/fake/03/10970703_1984-05-21_2011.jpg,xception,external_normalized,external_test,1,StableDiffusion_v1_5,0.0017797650070860982,0.4307548701763153,0
deepfakeface_sd15/fake/03/1142203_1949-03-03_2008.jpg,xception,external_normalized,external_test,1,StableDiffusion_v1_5,0.33322873711586,0.4307548701763153,0
deepfakeface_sd15/fake/03/13181303_1944-01-11_1971.jpg,xception,external_normalized,external_test,1,StableDiffusion_v1_5,0.001325031160376966,0.4307548701763153,0
deepfakeface_sd15/fake/03/14926103_1928-01-13_1958.jpg,xception,external_normalized,external_test,1,StableDiffusion_v1_5,0.0013542718952521682,0.4307548701763153,0
deepfakeface_sd15/fake/03/16103_1907-05-26_1965.jpg,xception,external_normalized,external_test,1,StableDiffusion_v1_5,0.19519029557704926,0.4307548701763153,0
deepfakeface_sd15/fake/03/18388503_1942-09-14_2007.jpg,xception,external_normalized,external_test,1,StableDiffusion_v1_5,0.000341634702635929,0.4307548701763153,0
deepfakeface_sd15/fake/03/19966503_1974-03-04_2011.jpg,xception,external_normalized,external_test,1,StableDiffusion_v1_5,0.002625392284244299,0.4307548701763153,0
deepfakeface_sd15/fake/03/21296103_1982-04-25_2011.jpg,xception,external_normalized,external_test,1,StableDiffusion_v1_5,0.1719786673784256,0.4307548701763153,0
deepfakeface_sd15/fake/03/2220103_1954-05-18_2009.jpg,xception,external_normalized,external_test,1,StableDiffusion_v1_5,0.028813833370804787,0.4307548701763153,0
deepfakeface_sd15/fake/03/225903_1935-04-21_2007.jpg,xception,external_normalized,external_test,1,StableDiffusion_v1_5,0.31734803318977356,0.4307548701763153,0
deepfakeface_sd15/fake/03/2395003_1940-06-21_1977.jpg,xception,external_normalized,external_test,1,StableDiffusion_v1_5,0.024839332327246666,0.4307548701763153,0
deepfakeface_sd15/fake/03/2420403_1964-03-18_2007.jpg,xception,external_normalized,external_test,1,StableDiffusion_v1_5,0.0005621749442070723,0.4307548701763153,0
deepfakeface_sd15/fake/03/2740303_1974-11-03_1999.jpg,xception,external_normalized,external_test,1,StableDiffusion_v1_5,0.0007625402067787945,0.4307548701763153,0
deepfakeface_sd15/fake/03/2779203_1965-10-01_2008.jpg,xception,external_normalized,external_test,1,StableDiffusion_v1_5,0.04215073212981224,0.4307548701763153,0
deepfakeface_sd15/fake/03/317803_1920-03-03_2011.jpg,xception,external_normalized,external_test,1,StableDiffusion_v1_5,0.0013127845013514161,0.4307548701763153,0
deepfakeface_sd15/fake/03/32442803_1991-09-14_2012.jpg,xception,external_normalized,external_test,1,StableDiffusion_v1_5,0.025886688381433487,0.4307548701763153,0
deepfakeface_sd15/fake/03/34807003_1990-05-29_2013.jpg,xception,external_normalized,external_test,1,StableDiffusion_v1_5,0.0007226442103274167,0.4307548701763153,0
deepfakeface_sd15/fake/03/37970303_1977-07-09_2013.jpg,xception,external_normalized,external_test,1,StableDiffusion_v1_5,0.03431776165962219,0.4307548701763153,0
deepfakeface_sd15/fake/03/39605003_1966-06-21_2012.jpg,xception,external_normalized,external_test,1,StableDiffusion_v1_5,0.05923507735133171,0.4307548701763153,0
deepfakeface_sd15/fake/03/39918103_1988-09-29_2012.jpg,xception,external_normalized,external_test,1,StableDiffusion_v1_5,0.0027599548920989037,0.4307548701763153,0
deepfakeface_sd15/fake/03/4830003_1961-12-01_2010.jpg,xception,external_normalized,external_test,1,StableDiffusion_v1_5,0.5774700045585632,0.4307548701763153,1
deepfakeface_sd15/fake/03/555703_1913-07-13_1970.jpg,xception,external_normalized,external_test,1,StableDiffusion_v1_5,0.031743939965963364,0.4307548701763153,0
deepfakeface_sd15/fake/03/6104003_1985-07-06_2006.jpg,xception,external_normalized,external_test,1,StableDiffusion_v1_5,0.23430368304252625,0.4307548701763153,0
deepfakeface_sd15/fake/03/7100903_1961-03-15_2010.jpg,xception,external_normalized,external_test,1,StableDiffusion_v1_5,0.7861611843109131,0.4307548701763153,1
deepfakeface_sd15/fake/03/7655603_1956-03-09_2010.jpg,xception,external_normalized,external_test,1,StableDiffusion_v1_5,0.060564279556274414,0.4307548701763153,0
deepfakeface_sd15/fake/03/8902703_1978-09-20_2007.jpg,xception,external_normalized,external_test,1,StableDiffusion_v1_5,0.06041273474693298,0.4307548701763153,0
deepfakeface_sd15/fake/03/9000703_1982-07-16_2008.jpg,xception,external_normalized,external_test,1,StableDiffusion_v1_5,0.0003397142863832414,0.4307548701763153,0
deepfakeface_sd15/fake/03/9729003_1988-05-18_2011.jpg,xception,external_normalized,external_test,1,StableDiffusion_v1_5,0.000768667203374207,0.4307548701763153,0
deepfakeface_sd15/fake/03/97803_1991-04-04_2007.jpg,xception,external_normalized,external_test,1,StableDiffusion_v1_5,0.3007262349128723,0.4307548701763153,0
deepfakeface_sd15/fake/12/1836812_1976-11-06_2013.jpg,xception,external_normalized,external_test,1,StableDiffusion_v1_5,0.0020945926662534475,0.4307548701763153,0
deepfakeface_sd15/fake/14/12041214_1955-03-25_2012.jpg,xception,external_normalized,external_test,1,StableDiffusion_v1_5,0.03335589915513992,0.4307548701763153,0
deepfakeface_sd15/fake/14/12461914_1975-12-14_2007.jpg,xception,external_normalized,external_test,1,StableDiffusion_v1_5,0.007490362972021103,0.4307548701763153,0
deepfakeface_sd15/fake/14/14307714_1977-01-29_2013.jpg,xception,external_normalized,external_test,1,StableDiffusion_v1_5,0.004416023381054401,0.4307548701763153,0
deepfakeface_sd15/fake/14/170514_1963-03-06_1970.jpg,xception,external_normalized,external_test,1,StableDiffusion_v1_5,0.7966766357421875,0.4307548701763153,1
deepfakeface_sd15/fake/14/1830414_1971-07-01_2013.jpg,xception,external_normalized,external_test,1,StableDiffusion_v1_5,0.020863987505435944,0.4307548701763153,0
deepfakeface_sd15/fake/14/19894914_1989-10-19_2012.jpg,xception,external_normalized,external_test,1,StableDiffusion_v1_5,0.00028519879560917616,0.4307548701763153,0
deepfakeface_sd15/fake/14/1995914_1928-11-21_1976.jpg,xception,external_normalized,external_test,1,StableDiffusion_v1_5,1.1943255231017247e-05,0.4307548701763153,0
deepfakeface_sd15/fake/14/2009614_1964-05-13_2008.jpg,xception,external_normalized,external_test,1,StableDiffusion_v1_5,0.0010786919156089425,0.4307548701763153,0
deepfakeface_sd15/fake/14/21538614_1990-11-01_2015.jpg,xception,external_normalized,external_test,1,StableDiffusion_v1_5,0.6475472450256348,0.4307548701763153,1
deepfakeface_sd15/fake/14/22037414_1987-06-05_2013.jpg,xception,external_normalized,external_test,1,StableDiffusion_v1_5,6.686173583148047e-05,0.4307548701763153,0
deepfakeface_sd15/fake/14/23420614_1974-04-16_2008.jpg,xception,external_normalized,external_test,1,StableDiffusion_v1_5,0.09145066142082214,0.4307548701763153,0
deepfakeface_sd15/fake/14/27131114_1983-08-30_2011.jpg,xception,external_normalized,external_test,1,StableDiffusion_v1_5,0.019052110612392426,0.4307548701763153,0
deepfakeface_sd15/fake/14/28269114_1941-03-21_2011.jpg,xception,external_normalized,external_test,1,StableDiffusion_v1_5,0.001156400772742927,0.4307548701763153,0
deepfakeface_sd15/fake/14/28819114_1961-06-26_2009.jpg,xception,external_normalized,external_test,1,StableDiffusion_v1_5,0.27349916100502014,0.4307548701763153,0
deepfakeface_sd15/fake/14/33258714_1979-05-30_2011.jpg,xception,external_normalized,external_test,1,StableDiffusion_v1_5,0.08115147054195404,0.4307548701763153,0
deepfakeface_sd15/fake/14/35642014_1989-04-27_2012.jpg,xception,external_normalized,external_test,1,StableDiffusion_v1_5,0.2696150839328766,0.4307548701763153,0
deepfakeface_sd15/fake/14/36566914_1988-08-11_2014.jpg,xception,external_normalized,external_test,1,StableDiffusion_v1_5,0.07144301384687424,0.4307548701763153,0
deepfakeface_sd15/fake/14/36573714_1984-12-01_2012.jpg,xception,external_normalized,external_test,1,StableDiffusion_v1_5,8.816501213004813e-05,0.4307548701763153,0
deepfakeface_sd15/fake/14/3772814_1978-02-28_2008.jpg,xception,external_normalized,external_test,1,StableDiffusion_v1_5,0.03265470638871193,0.4307548701763153,0
deepfakeface_sd15/fake/14/41732014_1943-06-18_1969.jpg,xception,external_normalized,external_test,1,StableDiffusion_v1_5,0.0008082219283096492,0.4307548701763153,0
deepfakeface_sd15/fake/14/4295614_1924-09-15_1987.jpg,xception,external_normalized,external_test,1,StableDiffusion_v1_5,0.0007673202781006694,0.4307548701763153,0
deepfakeface_sd15/fake/14/44096714_1964-06-29_2012.jpg,xception,external_normalized,external_test,1,StableDiffusion_v1_5,0.1055360734462738,0.4307548701763153,0
deepfakeface_sd15/fake/14/448514_1959-03-06_2007.jpg,xception,external_normalized,external_test,1,StableDiffusion_v1_5,0.4891569912433624,0.4307548701763153,1
deepfakeface_sd15/fake/14/585414_1951-03-17_2014.jpg,xception,external_normalized,external_test,1,StableDiffusion_v1_5,0.03265722095966339,0.4307548701763153,0
deepfakeface_sd15/fake/14/5923814_1958-08-28_1991.jpg,xception,external_normalized,external_test,1,StableDiffusion_v1_5,0.594438910484314,0.4307548701763153,1
deepfakeface_sd15/fake/14/5965014_1981-12-21_2013.jpg,xception,external_normalized,external_test,1,StableDiffusion_v1_5,0.6886197328567505,0.4307548701763153,1
deepfakeface_sd15/fake/14/852514_1980-01-18_2013.jpg,xception,external_normalized,external_test,1,StableDiffusion_v1_5,0.00030364745180122554,0.4307548701763153,0
deepfakeface_sd15/fake/14/8543614_1983-09-25_2010.jpg,xception,external_normalized,external_test,1,StableDiffusion_v1_5,0.036048781126737595,0.4307548701763153,0
deepfakeface_sd15/fake/14/9716514_1900-04-10_1946.jpg,xception,external_normalized,external_test,1,StableDiffusion_v1_5,0.0032993536442518234,0.4307548701763153,0
deepfakeface_sd15/fake/21/10172021_1963-06-02_2006.jpg,xception,external_normalized,external_test,1,StableDiffusion_v1_5,0.03333595022559166,0.4307548701763153,0
deepfakeface_sd15/fake/21/1176621_1966-05-16_2010.jpg,xception,external_normalized,external_test,1,StableDiffusion_v1_5,0.006955151446163654,0.4307548701763153,0
deepfakeface_sd15/fake/21/12261121_1985-01-04_2014.jpg,xception,external_normalized,external_test,1,StableDiffusion_v1_5,0.0009876488475129008,0.4307548701763153,0
deepfakeface_sd15/fake/21/15872621_1922-08-28_1952.jpg,xception,external_normalized,external_test,1,StableDiffusion_v1_5,0.013527757488191128,0.4307548701763153,0
deepfakeface_sd15/fake/21/15905321_1990-01-06_2009.jpg,xception,external_normalized,external_test,1,StableDiffusion_v1_5,0.012209766544401646,0.4307548701763153,0
deepfakeface_sd15/fake/21/16521_1938-12-29_2011.jpg,xception,external_normalized,external_test,1,StableDiffusion_v1_5,7.113672472769395e-05,0.4307548701763153,0
deepfakeface_sd15/fake/21/174821_1961-09-25_1993.jpg,xception,external_normalized,external_test,1,StableDiffusion_v1_5,8.519094990333542e-05,0.4307548701763153,0
deepfakeface_sd15/fake/21/1825621_1945-09-08_2008.jpg,xception,external_normalized,external_test,1,StableDiffusion_v1_5,0.0006454547983594239,0.4307548701763153,0
deepfakeface_sd15/fake/21/20599521_1967-08-09_2012.jpg,xception,external_normalized,external_test,1,StableDiffusion_v1_5,0.006295871455222368,0.4307548701763153,0
deepfakeface_sd15/fake/21/24644621_1964-12-15_2010.jpg,xception,external_normalized,external_test,1,StableDiffusion_v1_5,0.473037987947464,0.4307548701763153,1
deepfakeface_sd15/fake/21/250721_1956-06-03_2010.jpg,xception,external_normalized,external_test,1,StableDiffusion_v1_5,0.0007718597771599889,0.4307548701763153,0
deepfakeface_sd15/fake/21/2797621_1960-03-15_2011.jpg,xception,external_normalized,external_test,1,StableDiffusion_v1_5,0.034019585698843,0.4307548701763153,0
deepfakeface_sd15/fake/21/29126821_1986-10-07_2014.jpg,xception,external_normalized,external_test,1,StableDiffusion_v1_5,0.0580008290708065,0.4307548701763153,0
deepfakeface_sd15/fake/21/2950421_1974-09-11_2007.jpg,xception,external_normalized,external_test,1,StableDiffusion_v1_5,0.0007628882885910571,0.4307548701763153,0
deepfakeface_sd15/fake/21/295321_1904-08-23_1955.jpg,xception,external_normalized,external_test,1,StableDiffusion_v1_5,0.00022613792680203915,0.4307548701763153,0
deepfakeface_sd15/fake/21/3003021_1956-12-23_2014.jpg,xception,external_normalized,external_test,1,StableDiffusion_v1_5,0.00708379689604044,0.4307548701763153,0
deepfakeface_sd15/fake/21/30496921_1916-02-13_1977.jpg,xception,external_normalized,external_test,1,StableDiffusion_v1_5,0.34184008836746216,0.4307548701763153,0
deepfakeface_sd15/fake/21/332221_1903-07-21_2007.jpg,xception,external_normalized,external_test,1,StableDiffusion_v1_5,0.02345109172165394,0.4307548701763153,0
deepfakeface_sd15/fake/21/35191121_1990-01-18_2014.jpg,xception,external_normalized,external_test,1,StableDiffusion_v1_5,0.009402954950928688,0.4307548701763153,0
deepfakeface_sd15/fake/21/40783721_1958-04-16_2013.jpg,xception,external_normalized,external_test,1,StableDiffusion_v1_5,0.10683613270521164,0.4307548701763153,0
deepfakeface_sd15/fake/21/4137921_1965-08-22_2013.jpg,xception,external_normalized,external_test,1,StableDiffusion_v1_5,0.0003440912696532905,0.4307548701763153,0
deepfakeface_sd15/fake/21/6573321_1986-05-01_2008.jpg,xception,external_normalized,external_test,1,StableDiffusion_v1_5,0.0025868273805826902,0.4307548701763153,0
deepfakeface_sd15/fake/21/6574321_1982-08-10_2012.jpg,xception,external_normalized,external_test,1,StableDiffusion_v1_5,0.4537464678287506,0.4307548701763153,1
deepfakeface_sd15/fake/21/7170221_1933-03-27_1983.jpg,xception,external_normalized,external_test,1,StableDiffusion_v1_5,0.013758397661149502,0.4307548701763153,0
deepfakeface_sd15/fake/21/7623721_1978-03-01_2010.jpg,xception,external_normalized,external_test,1,StableDiffusion_v1_5,0.000659241050016135,0.4307548701763153,0
deepfakeface_sd15/fake/21/8194621_1986-02-16_2009.jpg,xception,external_normalized,external_test,1,StableDiffusion_v1_5,0.40726423263549805,0.4307548701763153,0
deepfakeface_sd15/fake/21/8774721_1967-04-29_2010.jpg,xception,external_normalized,external_test,1,StableDiffusion_v1_5,0.00025498843751847744,0.4307548701763153,0
deepfakeface_sd15/fake/21/8789221_1983-08-14_2012.jpg,xception,external_normalized,external_test,1,StableDiffusion_v1_5,0.5668886303901672,0.4307548701763153,1
deepfakeface_sd15/fake/21/9404921_1978-07-09_2009.jpg,xception,external_normalized,external_test,1,StableDiffusion_v1_5,0.534654438495636,0.4307548701763153,1
deepfakeface_sd15/fake/24/2968824_1963-05-26_2011.jpg,xception,external_normalized,external_test,1,StableDiffusion_v1_5,0.00020877597853541374,0.4307548701763153,0
deepfakeface_sd15/fake/26/503926_1976-12-31_2009.jpg,xception,external_normalized,external_test,1,StableDiffusion_v1_5,4.0984759834827855e-05,0.4307548701763153,0
deepfakeface_sd15/fake/30/11772430_1938-04-14_2008.jpg,xception,external_normalized,external_test,1,StableDiffusion_v1_5,0.0753890797495842,0.4307548701763153,0
deepfakeface_sd15/fake/34/1149234_1978-10-03_2010.jpg,xception,external_normalized,external_test,1,StableDiffusion_v1_5,0.001994574908167124,0.4307548701763153,0
deepfakeface_sd15/fake/34/11653234_1986-12-23_2012.jpg,xception,external_normalized,external_test,1,StableDiffusion_v1_5,0.009560022503137589,0.4307548701763153,0
deepfakeface_sd15/fake/34/1266534_1975-11-03_2011.jpg,xception,external_normalized,external_test,1,StableDiffusion_v1_5,0.005796417593955994,0.4307548701763153,0
deepfakeface_sd15/fake/34/12829834_1950-08-15_2002.jpg,xception,external_normalized,external_test,1,StableDiffusion_v1_5,0.026632914319634438,0.4307548701763153,0
deepfakeface_sd15/fake/34/13846034_1977-08-30_2009.jpg,xception,external_normalized,external_test,1,StableDiffusion_v1_5,0.010316052474081516,0.4307548701763153,0
deepfakeface_sd15/fake/34/1386234_1952-04-25_2004.jpg,xception,external_normalized,external_test,1,StableDiffusion_v1_5,0.9930775165557861,0.4307548701763153,1
deepfakeface_sd15/fake/34/19258134_1986-05-13_2009.jpg,xception,external_normalized,external_test,1,StableDiffusion_v1_5,0.6227614283561707,0.4307548701763153,1
deepfakeface_sd15/fake/34/19354934_1986-10-18_2009.jpg,xception,external_normalized,external_test,1,StableDiffusion_v1_5,0.010692360810935497,0.4307548701763153,0
deepfakeface_sd15/fake/34/20500734_1950-03-30_2014.jpg,xception,external_normalized,external_test,1,StableDiffusion_v1_5,0.009738738648593426,0.4307548701763153,0
deepfakeface_sd15/fake/34/21284234_1983-06-02_2011.jpg,xception,external_normalized,external_test,1,StableDiffusion_v1_5,0.1688925325870514,0.4307548701763153,0
deepfakeface_sd15/fake/34/23945334_1979-07-30_2008.jpg,xception,external_normalized,external_test,1,StableDiffusion_v1_5,0.013117566704750061,0.4307548701763153,0
deepfakeface_sd15/fake/34/25905034_1992-04-05_2009.jpg,xception,external_normalized,external_test,1,StableDiffusion_v1_5,0.012301834300160408,0.4307548701763153,0
deepfakeface_sd15/fake/34/276834_1928-01-30_2010.jpg,xception,external_normalized,external_test,1,StableDiffusion_v1_5,0.011242344975471497,0.4307548701763153,0
deepfakeface_sd15/fake/34/32504534_1990-12-18_2011.jpg,xception,external_normalized,external_test,1,StableDiffusion_v1_5,0.006320207845419645,0.4307548701763153,0
deepfakeface_sd15/fake/34/32670934_1973-08-28_2013.jpg,xception,external_normalized,external_test,1,StableDiffusion_v1_5,0.8086554408073425,0.4307548701763153,1
deepfakeface_sd15/fake/34/33682634_1989-09-15_2011.jpg,xception,external_normalized,external_test,1,StableDiffusion_v1_5,0.037671592086553574,0.4307548701763153,0
deepfakeface_sd15/fake/34/36722334_1937-08-31_2005.jpg,xception,external_normalized,external_test,1,StableDiffusion_v1_5,0.973721981048584,0.4307548701763153,1
deepfakeface_sd15/fake/34/39718934_1987-12-07_2013.jpg,xception,external_normalized,external_test,1,StableDiffusion_v1_5,0.28703930974006653,0.4307548701763153,0
deepfakeface_sd15/fake/34/398734_1932-05-04_1955.jpg,xception,external_normalized,external_test,1,StableDiffusion_v1_5,0.005961390677839518,0.4307548701763153,0
deepfakeface_sd15/fake/34/42708434_1996-03-11_2013.jpg,xception,external_normalized,external_test,1,StableDiffusion_v1_5,0.0019473539432510734,0.4307548701763153,0
deepfakeface_sd15/fake/34/43639934_1912-04-03_2003.jpg,xception,external_normalized,external_test,1,StableDiffusion_v1_5,0.0024455238599330187,0.4307548701763153,0
deepfakeface_sd15/fake/34/440034_1924-04-29_1963.jpg,xception,external_normalized,external_test,1,StableDiffusion_v1_5,0.0307488851249218,0.4307548701763153,0
deepfakeface_sd15/fake/34/4413434_1984-01-21_2013.jpg,xception,external_normalized,external_test,1,StableDiffusion_v1_5,0.6550459861755371,0.4307548701763153,1
deepfakeface_sd15/fake/34/4998434_1979-05-16_2005.jpg,xception,external_normalized,external_test,1,StableDiffusion_v1_5,0.06969660520553589,0.4307548701763153,0
deepfakeface_sd15/fake/34/5354734_1976-10-17_1995.jpg,xception,external_normalized,external_test,1,StableDiffusion_v1_5,0.02503763698041439,0.4307548701763153,0
deepfakeface_sd15/fake/34/603934_1963-12-04_2013.jpg,xception,external_normalized,external_test,1,StableDiffusion_v1_5,0.0762980729341507,0.4307548701763153,0
deepfakeface_sd15/fake/34/78834_1970-04-29_2014.jpg,xception,external_normalized,external_test,1,StableDiffusion_v1_5,0.06654705852270126,0.4307548701763153,0
deepfakeface_sd15/fake/34/9326434_1987-05-02_2006.jpg,xception,external_normalized,external_test,1,StableDiffusion_v1_5,0.8411529660224915,0.4307548701763153,1
deepfakeface_sd15/fake/35/10970235_1972-10-10_2010.jpg,xception,external_normalized,external_test,1,StableDiffusion_v1_5,0.00033224772778339684,0.4307548701763153,0
deepfakeface_sd15/fake/35/12523735_1981-04-21_2014.jpg,xception,external_normalized,external_test,1,StableDiffusion_v1_5,0.0026437314227223396,0.4307548701763153,0
deepfakeface_sd15/fake/35/1323135_1941-09-15_1966.jpg,xception,external_normalized,external_test,1,StableDiffusion_v1_5,0.0007638335810042918,0.4307548701763153,0
deepfakeface_sd15/fake/35/13774535_1942-06-09_1957.jpg,xception,external_normalized,external_test,1,StableDiffusion_v1_5,0.7404842376708984,0.4307548701763153,1
deepfakeface_sd15/fake/35/14180235_1985-10-27_2015.jpg,xception,external_normalized,external_test,1,StableDiffusion_v1_5,0.050861552357673645,0.4307548701763153,0
deepfakeface_sd15/fake/35/14347235_1959-06-15_2013.jpg,xception,external_normalized,external_test,1,StableDiffusion_v1_5,0.10317132622003555,0.4307548701763153,0
deepfakeface_sd15/fake/35/1437535_1935-02-22_2010.jpg,xception,external_normalized,external_test,1,StableDiffusion_v1_5,0.0005528044421225786,0.4307548701763153,0
deepfakeface_sd15/fake/35/14619035_1990-02-25_2014.jpg,xception,external_normalized,external_test,1,StableDiffusion_v1_5,0.006269608158618212,0.4307548701763153,0
deepfakeface_sd15/fake/35/1566935_1953-09-11_2010.jpg,xception,external_normalized,external_test,1,StableDiffusion_v1_5,0.0070685227401554585,0.4307548701763153,0
deepfakeface_sd15/fake/35/16105135_1980-04-18_2012.jpg,xception,external_normalized,external_test,1,StableDiffusion_v1_5,0.0006862306036055088,0.4307548701763153,0
deepfakeface_sd15/fake/35/17974235_1973-06-13_2009.jpg,xception,external_normalized,external_test,1,StableDiffusion_v1_5,0.0017658687429502606,0.4307548701763153,0
deepfakeface_sd15/fake/35/18933035_1982-08-26_2012.jpg,xception,external_normalized,external_test,1,StableDiffusion_v1_5,0.03248472139239311,0.4307548701763153,0
deepfakeface_sd15/fake/35/19966435_1968-04-03_2012.jpg,xception,external_normalized,external_test,1,StableDiffusion_v1_5,0.0003764586290344596,0.4307548701763153,0
deepfakeface_sd15/fake/35/2357835_1982-06-16_2014.jpg,xception,external_normalized,external_test,1,StableDiffusion_v1_5,0.15843720734119415,0.4307548701763153,0
deepfakeface_sd15/fake/35/2663135_1941-03-20_2008.jpg,xception,external_normalized,external_test,1,StableDiffusion_v1_5,0.0008395111071877182,0.4307548701763153,0
deepfakeface_sd15/fake/35/2667535_1937-12-16_1985.jpg,xception,external_normalized,external_test,1,StableDiffusion_v1_5,0.0008515542140230536,0.4307548701763153,0
deepfakeface_sd15/fake/35/28265335_1988-06-22_2013.jpg,xception,external_normalized,external_test,1,StableDiffusion_v1_5,0.2006736546754837,0.4307548701763153,0
deepfakeface_sd15/fake/35/30385335_1991-08-22_2011.jpg,xception,external_normalized,external_test,1,StableDiffusion_v1_5,0.1565200537443161,0.4307548701763153,0
deepfakeface_sd15/fake/35/3110335_1948-04-03_2012.jpg,xception,external_normalized,external_test,1,StableDiffusion_v1_5,0.004190358333289623,0.4307548701763153,0
deepfakeface_sd15/fake/35/31663335_1976-06-05_2013.jpg,xception,external_normalized,external_test,1,StableDiffusion_v1_5,0.01129568088799715,0.4307548701763153,0
deepfakeface_sd15/fake/35/32471435_1932-05-10_1959.jpg,xception,external_normalized,external_test,1,StableDiffusion_v1_5,0.04749060794711113,0.4307548701763153,0
deepfakeface_sd15/fake/35/33199835_1985-06-12_2011.jpg,xception,external_normalized,external_test,1,StableDiffusion_v1_5,0.015488356351852417,0.4307548701763153,0
deepfakeface_sd15/fake/35/3338735_1981-11-16_2013.jpg,xception,external_normalized,external_test,1,StableDiffusion_v1_5,0.004249162040650845,0.4307548701763153,0
deepfakeface_sd15/fake/35/34163535_1988-04-03_2011.jpg,xception,external_normalized,external_test,1,StableDiffusion_v1_5,0.5452602505683899,0.4307548701763153,1
deepfakeface_sd15/fake/35/36702535_1992-07-04_2012.jpg,xception,external_normalized,external_test,1,StableDiffusion_v1_5,0.49764660000801086,0.4307548701763153,1
deepfakeface_sd15/fake/35/4943835_1891-09-22_1968.jpg,xception,external_normalized,external_test,1,StableDiffusion_v1_5,0.0004181743715889752,0.4307548701763153,0
deepfakeface_sd15/fake/35/6232035_1987-09-07_2013.jpg,xception,external_normalized,external_test,1,StableDiffusion_v1_5,0.6314363479614258,0.4307548701763153,1
deepfakeface_sd15/fake/35/89835_1951-04-07_1981.jpg,xception,external_normalized,external_test,1,StableDiffusion_v1_5,0.0002494585933163762,0.4307548701763153,0
deepfakeface_sd15/fake/55/10095655_1985-07-10_2012.jpg,xception,external_normalized,external_test,1,StableDiffusion_v1_5,0.9692150950431824,0.4307548701763153,1
deepfakeface_sd15/fake/55/10486955_1937-11-18_1975.jpg,xception,external_normalized,external_test,1,StableDiffusion_v1_5,3.10766845359467e-05,0.4307548701763153,0
deepfakeface_sd15/fake/55/1196855_1923-06-24_2009.jpg,xception,external_normalized,external_test,1,StableDiffusion_v1_5,0.8523164987564087,0.4307548701763153,1
deepfakeface_sd15/fake/55/12428755_1982-12-09_2012.jpg,xception,external_normalized,external_test,1,StableDiffusion_v1_5,0.9697087407112122,0.4307548701763153,1
deepfakeface_sd15/fake/55/1349055_1974-02-24_2009.jpg,xception,external_normalized,external_test,1,StableDiffusion_v1_5,0.0335833840072155,0.4307548701763153,0
deepfakeface_sd15/fake/55/14640255_1980-09-24_2006.jpg,xception,external_normalized,external_test,1,StableDiffusion_v1_5,0.009041085839271545,0.4307548701763153,0
deepfakeface_sd15/fake/55/14904555_1915-05-08_1941.jpg,xception,external_normalized,external_test,1,StableDiffusion_v1_5,0.0004403528873808682,0.4307548701763153,0
deepfakeface_sd15/fake/55/15890555_1987-12-03_2014.jpg,xception,external_normalized,external_test,1,StableDiffusion_v1_5,0.013467959128320217,0.4307548701763153,0
deepfakeface_sd15/fake/55/1941155_1993-07-26_2010.jpg,xception,external_normalized,external_test,1,StableDiffusion_v1_5,0.10501205921173096,0.4307548701763153,0
deepfakeface_sd15/fake/55/20025755_1979-03-10_2009.jpg,xception,external_normalized,external_test,1,StableDiffusion_v1_5,0.0004885665257461369,0.4307548701763153,0
deepfakeface_sd15/fake/55/2538755_1933-07-01_1979.jpg,xception,external_normalized,external_test,1,StableDiffusion_v1_5,0.3680698573589325,0.4307548701763153,0
deepfakeface_sd15/fake/55/27599355_1985-04-07_2007.jpg,xception,external_normalized,external_test,1,StableDiffusion_v1_5,0.022983860224485397,0.4307548701763153,0
deepfakeface_sd15/fake/55/2894455_1947-09-13_2009.jpg,xception,external_normalized,external_test,1,StableDiffusion_v1_5,0.007756754755973816,0.4307548701763153,0
deepfakeface_sd15/fake/55/295555_1950-07-15_2012.jpg,xception,external_normalized,external_test,1,StableDiffusion_v1_5,0.02754872292280197,0.4307548701763153,0
deepfakeface_sd15/fake/55/2979255_1982-08-30_2012.jpg,xception,external_normalized,external_test,1,StableDiffusion_v1_5,0.00025503779761493206,0.4307548701763153,0
deepfakeface_sd15/fake/55/30781355_1963-07-29_2015.jpg,xception,external_normalized,external_test,1,StableDiffusion_v1_5,0.007402685005217791,0.4307548701763153,0
deepfakeface_sd15/fake/55/31689055_1988-03-014_2013.jpg,xception,external_normalized,external_test,1,StableDiffusion_v1_5,0.1712944656610489,0.4307548701763153,0
deepfakeface_sd15/fake/55/3523055_1984-05-01_2014.jpg,xception,external_normalized,external_test,1,StableDiffusion_v1_5,0.03981371223926544,0.4307548701763153,0
deepfakeface_sd15/fake/55/3566855_1977-08-09_2010.jpg,xception,external_normalized,external_test,1,StableDiffusion_v1_5,0.0083238510414958,0.4307548701763153,0
deepfakeface_sd15/fake/55/36326355_1990-10-27_2014.jpg,xception,external_normalized,external_test,1,StableDiffusion_v1_5,0.26563337445259094,0.4307548701763153,0
deepfakeface_sd15/fake/55/38909755_1989-02-21_2013.jpg,xception,external_normalized,external_test,1,StableDiffusion_v1_5,0.19394417107105255,0.4307548701763153,0
deepfakeface_sd15/fake/55/39790655_2013-07-22_2014.jpg,xception,external_normalized,external_test,1,StableDiffusion_v1_5,0.009999838657677174,0.4307548701763153,0
deepfakeface_sd15/fake/55/42718155_1946-01-25_2006.jpg,xception,external_normalized,external_test,1,StableDiffusion_v1_5,0.001688714954070747,0.4307548701763153,0
deepfakeface_sd15/fake/55/43284855_1980-08-11_2012.jpg,xception,external_normalized,external_test,1,StableDiffusion_v1_5,0.004494136199355125,0.4307548701763153,0
deepfakeface_sd15/fake/55/45263455_1979-05-12_2015.jpg,xception,external_normalized,external_test,1,StableDiffusion_v1_5,0.023249199613928795,0.4307548701763153,0
deepfakeface_sd15/fake/55/46238055_1947-10-19_1980.jpg,xception,external_normalized,external_test,1,StableDiffusion_v1_5,0.0011690513929352164,0.4307548701763153,0
deepfakeface_sd15/fake/55/72655_1975-10-12_2004.jpg,xception,external_normalized,external_test,1,StableDiffusion_v1_5,0.9606612324714661,0.4307548701763153,1
deepfakeface_sd15/fake/55/870155_1962-12-01_2010.jpg,xception,external_normalized,external_test,1,StableDiffusion_v1_5,0.032351505011320114,0.4307548701763153,0
deepfakeface_sd15/fake/69/41427969_1939-03-30_1972.jpg,xception,external_normalized,external_test,1,StableDiffusion_v1_5,0.00016802850586827844,0.4307548701763153,0
deepfakeface_sd15/fake/71/12738371_1985-05-25_2015.jpg,xception,external_normalized,external_test,1,StableDiffusion_v1_5,0.0005428786971606314,0.4307548701763153,0
deepfakeface_sd15/fake/71/14220271_1972-11-30_2008.jpg,xception,external_normalized,external_test,1,StableDiffusion_v1_5,0.7476873397827148,0.4307548701763153,1
deepfakeface_sd15/fake/71/165871_1942-09-30_1950.jpg,xception,external_normalized,external_test,1,StableDiffusion_v1_5,0.0005029861931689084,0.4307548701763153,0
deepfakeface_sd15/fake/71/17112571_1992-02-27_2012.jpg,xception,external_normalized,external_test,1,StableDiffusion_v1_5,0.00014184012252371758,0.4307548701763153,0
deepfakeface_sd15/fake/71/1854071_1958-08-14_1991.jpg,xception,external_normalized,external_test,1,StableDiffusion_v1_5,0.0034978778567165136,0.4307548701763153,0
deepfakeface_sd15/fake/71/18720671_1986-06-23_2012.jpg,xception,external_normalized,external_test,1,StableDiffusion_v1_5,0.005239060148596764,0.4307548701763153,0
deepfakeface_sd15/fake/71/19476171_1989-08-02_2014.jpg,xception,external_normalized,external_test,1,StableDiffusion_v1_5,0.00822517555207014,0.4307548701763153,0
deepfakeface_sd15/fake/71/23399171_1991-05-22_2009.jpg,xception,external_normalized,external_test,1,StableDiffusion_v1_5,0.034799493849277496,0.4307548701763153,0
deepfakeface_sd15/fake/71/2492371_1942-11-06_1965.jpg,xception,external_normalized,external_test,1,StableDiffusion_v1_5,0.5163708925247192,0.4307548701763153,1
deepfakeface_sd15/fake/71/25422271_1990-09-11_2014.jpg,xception,external_normalized,external_test,1,StableDiffusion_v1_5,0.0008475156500935555,0.4307548701763153,0
deepfakeface_sd15/fake/71/27164771_1990-09-17_2009.jpg,xception,external_normalized,external_test,1,StableDiffusion_v1_5,0.014336314983665943,0.4307548701763153,0
deepfakeface_sd15/fake/71/27987171_1987-05-10_2013.jpg,xception,external_normalized,external_test,1,StableDiffusion_v1_5,0.0005154786631464958,0.4307548701763153,0
deepfakeface_sd15/fake/71/29084271_1991-09-22_2014.jpg,xception,external_normalized,external_test,1,StableDiffusion_v1_5,0.0007184849237091839,0.4307548701763153,0
deepfakeface_sd15/fake/71/30657971_1992-05-11_2014.jpg,xception,external_normalized,external_test,1,StableDiffusion_v1_5,0.0010084914974868298,0.4307548701763153,0
deepfakeface_sd15/fake/71/31706371_1989-01-14_2011.jpg,xception,external_normalized,external_test,1,StableDiffusion_v1_5,0.9727924466133118,0.4307548701763153,1
deepfakeface_sd15/fake/71/33021371_1988-02-18_2013.jpg,xception,external_normalized,external_test,1,StableDiffusion_v1_5,0.0014806475955992937,0.4307548701763153,0
deepfakeface_sd15/fake/71/3312671_1985-08-02_2008.jpg,xception,external_normalized,external_test,1,StableDiffusion_v1_5,0.0017998917028307915,0.4307548701763153,0
deepfakeface_sd15/fake/71/35188571_1983-09-18_2009.jpg,xception,external_normalized,external_test,1,StableDiffusion_v1_5,0.47385352849960327,0.4307548701763153,1
deepfakeface_sd15/fake/71/42650171_1946-12-10_2013.jpg,xception,external_normalized,external_test,1,StableDiffusion_v1_5,0.0009337416267953813,0.4307548701763153,0
deepfakeface_sd15/fake/71/5081071_1925-11-13_1953.jpg,xception,external_normalized,external_test,1,StableDiffusion_v1_5,0.000608367205131799,0.4307548701763153,0
deepfakeface_sd15/fake/71/566471_1971-05-18_2011.jpg,xception,external_normalized,external_test,1,StableDiffusion_v1_5,0.0003427041810937226,0.4307548701763153,0
deepfakeface_sd15/fake/71/703371_1918-03-12_1980.jpg,xception,external_normalized,external_test,1,StableDiffusion_v1_5,0.04047044739127159,0.4307548701763153,0
deepfakeface_sd15/fake/71/775271_1959-09-16_2011.jpg,xception,external_normalized,external_test,1,StableDiffusion_v1_5,7.918681512819603e-05,0.4307548701763153,0
deepfakeface_sd15/fake/71/8334671_1931-02-14_1966.jpg,xception,external_normalized,external_test,1,StableDiffusion_v1_5,0.0005926170852035284,0.4307548701763153,0
deepfakeface_sd15/fake/71/9069371_1986-03-19_2013.jpg,xception,external_normalized,external_test,1,StableDiffusion_v1_5,0.6744461059570312,0.4307548701763153,1
deepfakeface_sd15/fake/71/967871_1972-12-15_2008.jpg,xception,external_normalized,external_test,1,StableDiffusion_v1_5,0.0030390846077352762,0.4307548701763153,0
deepfakeface_sd15/fake/71/9845271_1955-09-16_2001.jpg,xception,external_normalized,external_test,1,StableDiffusion_v1_5,5.468175731948577e-05,0.4307548701763153,0
deepfakeface_sd15/fake/73/1013073_1978-05-24_2010.jpg,xception,external_normalized,external_test,1,StableDiffusion_v1_5,0.0017533828504383564,0.4307548701763153,0
deepfakeface_sd15/fake/73/12464473_1935-03-06_1958.jpg,xception,external_normalized,external_test,1,StableDiffusion_v1_5,0.0081032644957304,0.4307548701763153,0
deepfakeface_sd15/fake/73/12786073_1984-05-18_2011.jpg,xception,external_normalized,external_test,1,StableDiffusion_v1_5,0.04953574389219284,0.4307548701763153,0
deepfakeface_sd15/fake/73/16855173_1937-10-21_2008.jpg,xception,external_normalized,external_test,1,StableDiffusion_v1_5,0.7246227860450745,0.4307548701763153,1
deepfakeface_sd15/fake/73/18933173_1984-05-13_2011.jpg,xception,external_normalized,external_test,1,StableDiffusion_v1_5,0.006731540895998478,0.4307548701763153,0
deepfakeface_sd15/fake/73/20989373_1938-09-15_1988.jpg,xception,external_normalized,external_test,1,StableDiffusion_v1_5,0.0005301173077896237,0.4307548701763153,0
deepfakeface_sd15/fake/73/21741673_1995-03-01_2009.jpg,xception,external_normalized,external_test,1,StableDiffusion_v1_5,0.15895521640777588,0.4307548701763153,0
deepfakeface_sd15/fake/73/2210573_1958-04-04_2007.jpg,xception,external_normalized,external_test,1,StableDiffusion_v1_5,0.0005331910215318203,0.4307548701763153,0
deepfakeface_sd15/fake/73/24079373_1979-07-15_2009.jpg,xception,external_normalized,external_test,1,StableDiffusion_v1_5,0.9669435024261475,0.4307548701763153,1
deepfakeface_sd15/fake/73/25286273_1990-11-02_2013.jpg,xception,external_normalized,external_test,1,StableDiffusion_v1_5,7.191490294644609e-05,0.4307548701763153,0
deepfakeface_sd15/fake/73/27347573_1992-06-02_2010.jpg,xception,external_normalized,external_test,1,StableDiffusion_v1_5,0.0012407108442857862,0.4307548701763153,0
deepfakeface_sd15/fake/73/3365773_1949-06-24_1985.jpg,xception,external_normalized,external_test,1,StableDiffusion_v1_5,0.0003203446976840496,0.4307548701763153,0
deepfakeface_sd15/fake/73/34239373_1994-11-30_2014.jpg,xception,external_normalized,external_test,1,StableDiffusion_v1_5,0.07851511985063553,0.4307548701763153,0
deepfakeface_sd15/fake/73/3517073_1984-09-10_2011.jpg,xception,external_normalized,external_test,1,StableDiffusion_v1_5,0.0010551969753578305,0.4307548701763153,0
deepfakeface_sd15/fake/73/36499973_1985-09-06_2011.jpg,xception,external_normalized,external_test,1,StableDiffusion_v1_5,0.012817086651921272,0.4307548701763153,0
deepfakeface_sd15/fake/73/37985373_1988-12-05_2014.jpg,xception,external_normalized,external_test,1,StableDiffusion_v1_5,0.00013167294673621655,0.4307548701763153,0
deepfakeface_sd15/fake/73/38089073_1988-06-26_2014.jpg,xception,external_normalized,external_test,1,StableDiffusion_v1_5,0.7810348272323608,0.4307548701763153,1
deepfakeface_sd15/fake/73/41639973_1876-12-25_1940.jpg,xception,external_normalized,external_test,1,StableDiffusion_v1_5,0.0008880469249561429,0.4307548701763153,0
deepfakeface_sd15/fake/73/46452873_1906-12-20_1945.jpg,xception,external_normalized,external_test,1,StableDiffusion_v1_5,0.12336859107017517,0.4307548701763153,0
deepfakeface_sd15/fake/73/479273_1985-12-08_2014.jpg,xception,external_normalized,external_test,1,StableDiffusion_v1_5,0.0009778599487617612,0.4307548701763153,0
deepfakeface_sd15/fake/73/502973_1958-03-25_2012.jpg,xception,external_normalized,external_test,1,StableDiffusion_v1_5,0.31314483284950256,0.4307548701763153,0
deepfakeface_sd15/fake/73/5332173_1935-09-06_2008.jpg,xception,external_normalized,external_test,1,StableDiffusion_v1_5,0.00010977247438859195,0.4307548701763153,0
deepfakeface_sd15/fake/73/666973_1960-09-19_2005.jpg,xception,external_normalized,external_test,1,StableDiffusion_v1_5,0.9766543507575989,0.4307548701763153,1
deepfakeface_sd15/fake/73/9311273_1979-08-24_2010.jpg,xception,external_normalized,external_test,1,StableDiffusion_v1_5,0.0005542036378756166,0.4307548701763153,0
deepfakeface_sd15/fake/80/2798180_1985-12-19_2014.jpg,xception,external_normalized,external_test,1,StableDiffusion_v1_5,0.18873460590839386,0.4307548701763153,0
deepfakeface_sd15/fake/80/6049880_1985-02-26_2013.jpg,xception,external_normalized,external_test,1,StableDiffusion_v1_5,0.966164231300354,0.4307548701763153,1
deepfakeface_sd15/fake/80/9076080_1971-09-21_2011.jpg,xception,external_normalized,external_test,1,StableDiffusion_v1_5,0.001395113649778068,0.4307548701763153,0
deepfakeface_sd15/fake/98/10760998_1937-01-14_1968.jpg,xception,external_normalized,external_test,1,StableDiffusion_v1_5,0.47728031873703003,0.4307548701763153,1
deepfakeface_sd15/fake/98/13664298_1989-04-27_2014.jpg,xception,external_normalized,external_test,1,StableDiffusion_v1_5,0.0013665634905919433,0.4307548701763153,0
deepfakeface_sd15/fake/98/14073598_1892-03-06_1943.jpg,xception,external_normalized,external_test,1,StableDiffusion_v1_5,4.78271467727609e-05,0.4307548701763153,0
deepfakeface_sd15/fake/98/142698_1939-09-01_2014.jpg,xception,external_normalized,external_test,1,StableDiffusion_v1_5,0.06419028341770172,0.4307548701763153,0
deepfakeface_sd15/fake/98/15230998_1983-01-10_2007.jpg,xception,external_normalized,external_test,1,StableDiffusion_v1_5,0.0004926155670545995,0.4307548701763153,0
deepfakeface_sd15/fake/98/176998_1933-08-16_1965.jpg,xception,external_normalized,external_test,1,StableDiffusion_v1_5,0.0001608898601261899,0.4307548701763153,0
deepfakeface_sd15/fake/98/22298398_1962-09-19_2011.jpg,xception,external_normalized,external_test,1,StableDiffusion_v1_5,0.0008566819014959037,0.4307548701763153,0
deepfakeface_sd15/fake/98/23428298_1982-12-22_2009.jpg,xception,external_normalized,external_test,1,StableDiffusion_v1_5,0.012984837405383587,0.4307548701763153,0
deepfakeface_sd15/fake/98/23560198_1992-06-20_2014.jpg,xception,external_normalized,external_test,1,StableDiffusion_v1_5,0.8723788261413574,0.4307548701763153,1
deepfakeface_sd15/fake/98/25616698_1980-08-12_2012.jpg,xception,external_normalized,external_test,1,StableDiffusion_v1_5,0.0012462694430723786,0.4307548701763153,0
deepfakeface_sd15/fake/98/25980298_1980-07-05_2013.jpg,xception,external_normalized,external_test,1,StableDiffusion_v1_5,0.0011536270612850785,0.4307548701763153,0
deepfakeface_sd15/fake/98/2705698_1958-12-06_2007.jpg,xception,external_normalized,external_test,1,StableDiffusion_v1_5,0.0002524364390410483,0.4307548701763153,0
deepfakeface_sd15/fake/98/27687598_1957-10-28_2009.jpg,xception,external_normalized,external_test,1,StableDiffusion_v1_5,5.4307180107571185e-05,0.4307548701763153,0
deepfakeface_sd15/fake/98/30789098_1986-05-13_2012.jpg,xception,external_normalized,external_test,1,StableDiffusion_v1_5,0.0422203466296196,0.4307548701763153,0
deepfakeface_sd15/fake/98/32664798_1990-03-03_2014.jpg,xception,external_normalized,external_test,1,StableDiffusion_v1_5,0.08125389367341995,0.4307548701763153,0
deepfakeface_sd15/fake/98/3604398_1981-06-16_2012.jpg,xception,external_normalized,external_test,1,StableDiffusion_v1_5,0.02278929390013218,0.4307548701763153,0
deepfakeface_sd15/fake/98/40219898_1975-03-11_2013.jpg,xception,external_normalized,external_test,1,StableDiffusion_v1_5,0.0020468418952077627,0.4307548701763153,0
deepfakeface_sd15/fake/98/40883698_1972-01-26_2014.jpg,xception,external_normalized,external_test,1,StableDiffusion_v1_5,0.032725393772125244,0.4307548701763153,0
deepfakeface_sd15/fake/98/4276598_1950-10-14_1975.jpg,xception,external_normalized,external_test,1,StableDiffusion_v1_5,0.026851346716284752,0.4307548701763153,0
deepfakeface_sd15/fake/98/45298998_1988-08-17_2012.jpg,xception,external_normalized,external_test,1,StableDiffusion_v1_5,0.003770513227209449,0.4307548701763153,0
deepfakeface_sd15/fake/98/4691798_1977-09-15_2005.jpg,xception,external_normalized,external_test,1,StableDiffusion_v1_5,0.009685223922133446,0.4307548701763153,0
deepfakeface_sd15/fake/98/46974698_1942-02-22_1968.jpg,xception,external_normalized,external_test,1,StableDiffusion_v1_5,0.4325971305370331,0.4307548701763153,1
deepfakeface_sd15/fake/98/577798_1933-12-08_1969.jpg,xception,external_normalized,external_test,1,StableDiffusion_v1_5,0.0945371612906456,0.4307548701763153,0
deepfakeface_sd15/fake/98/591698_1968-01-15_2000.jpg,xception,external_normalized,external_test,1,StableDiffusion_v1_5,0.07517379522323608,0.4307548701763153,0
deepfakeface_sd15/fake/98/609598_1929-11-08_2007.jpg,xception,external_normalized,external_test,1,StableDiffusion_v1_5,0.00011610818182816729,0.4307548701763153,0
deepfakeface_sd15/fake/98/6548698_1964-02-27_2010.jpg,xception,external_normalized,external_test,1,StableDiffusion_v1_5,0.025126244872808456,0.4307548701763153,0
deepfakeface_sd15/fake/98/670098_1974-07-29_2009.jpg,xception,external_normalized,external_test,1,StableDiffusion_v1_5,0.932115375995636,0.4307548701763153,1
deepfakeface_sd15/fake/98/6808898_1936-01-17_2012.jpg,xception,external_normalized,external_test,1,StableDiffusion_v1_5,0.44858846068382263,0.4307548701763153,1
