sample_id,model,dataset,split,label,method,prob_fake,threshold,prediction
faceforensics/real/044/000000.jpg,hybrid,ffpp_source_safe,val,0,real,0.020231029018759727,0.8212602734565735,0
faceforensics/real/044/000001.jpg,hybrid,ffpp_source_safe,val,0,real,0.27059584856033325,0.8212602734565735,0
faceforensics/real/044/000002.jpg,hybrid,ffpp_source_safe,val,0,real,0.0013890265254303813,0.8212602734565735,0
faceforensics/real/044/000003.jpg,hybrid,ffpp_source_safe,val,0,real,0.0020748558454215527,0.8212602734565735,0
faceforensics/real/044/000004.jpg,hybrid,ffpp_source_safe,val,0,real,0.00032148341415449977,0.8212602734565735,0
faceforensics/real/044/000005.jpg,hybrid,ffpp_source_safe,val,0,real,0.001169134397059679,0.8212602734565735,0
faceforensics/real/044/000006.jpg,hybrid,ffpp_source_safe,val,0,real,0.0010380514431744814,0.8212602734565735,0
faceforensics/real/044/000007.jpg,hybrid,ffpp_source_safe,val,0,real,0.03409513458609581,0.8212602734565735,0
faceforensics/real/044/000008.jpg,hybrid,ffpp_source_safe,val,0,real,0.003016912378370762,0.8212602734565735,0
faceforensics/real/044/000009.jpg,hybrid,ffpp_source_safe,val,0,real,0.030863942578434944,0.8212602734565735,0
faceforensics/real/044/000010.jpg,hybrid,ffpp_source_safe,val,0,real,0.20621146261692047,0.8212602734565735,0
faceforensics/real/044/000011.jpg,hybrid,ffpp_source_safe,val,0,real,0.6263644695281982,0.8212602734565735,0
faceforensics/real/044/000012.jpg,hybrid,ffpp_source_safe,val,0,real,0.0015668000560253859,0.8212602734565735,0
faceforensics/real/044/000013.jpg,hybrid,ffpp_source_safe,val,0,real,0.002195801353082061,0.8212602734565735,0
faceforensics/real/044/000014.jpg,hybrid,ffpp_source_safe,val,0,real,0.0017963747959583998,0.8212602734565735,0
faceforensics/real/044/000015.jpg,hybrid,ffpp_source_safe,val,0,real,0.36158615350723267,0.8212602734565735,0
faceforensics/real/044/000016.jpg,hybrid,ffpp_source_safe,val,0,real,0.00042377322097308934,0.8212602734565735,0
faceforensics/real/044/000017.jpg,hybrid,ffpp_source_safe,val,0,real,0.10932432115077972,0.8212602734565735,0
faceforensics/real/044/000018.jpg,hybrid,ffpp_source_safe,val,0,real,0.0010427371598780155,0.8212602734565735,0
faceforensics/real/044/000019.jpg,hybrid,ffpp_source_safe,val,0,real,0.0010601277463138103,0.8212602734565735,0
faceforensics/real/044/000020.jpg,hybrid,ffpp_source_safe,val,0,real,0.0005199487204663455,0.8212602734565735,0
faceforensics/real/044/000021.jpg,hybrid,ffpp_source_safe,val,0,real,0.30357441306114197,0.8212602734565735,0
faceforensics/real/044/000022.jpg,hybrid,ffpp_source_safe,val,0,real,0.06929579377174377,0.8212602734565735,0
faceforensics/real/044/000023.jpg,hybrid,ffpp_source_safe,val,0,real,0.08934676647186279,0.8212602734565735,0
faceforensics/real/044/000024.jpg,hybrid,ffpp_source_safe,val,0,real,0.000751764397136867,0.8212602734565735,0
faceforensics/real/044/000025.jpg,hybrid,ffpp_source_safe,val,0,real,0.15075774490833282,0.8212602734565735,0
faceforensics/real/044/000026.jpg,hybrid,ffpp_source_safe,val,0,real,0.07077287882566452,0.8212602734565735,0
faceforensics/real/044/000027.jpg,hybrid,ffpp_source_safe,val,0,real,0.00972612015902996,0.8212602734565735,0
faceforensics/real/044/000028.jpg,hybrid,ffpp_source_safe,val,0,real,0.00937439501285553,0.8212602734565735,0
faceforensics/real/044/000029.jpg,hybrid,ffpp_source_safe,val,0,real,0.0001418441825080663,0.8212602734565735,0
faceforensics/real/054/000000.jpg,hybrid,ffpp_source_safe,val,0,real,0.0001518025528639555,0.8212602734565735,0
faceforensics/real/054/000001.jpg,hybrid,ffpp_source_safe,val,0,real,5.6302102166227996e-05,0.8212602734565735,0
faceforensics/real/054/000002.jpg,hybrid,ffpp_source_safe,val,0,real,0.00011684333003358915,0.8212602734565735,0
faceforensics/real/054/000003.jpg,hybrid,ffpp_source_safe,val,0,real,0.00019712824723683298,0.8212602734565735,0
faceforensics/real/054/000004.jpg,hybrid,ffpp_source_safe,val,0,real,0.0003390204510651529,0.8212602734565735,0
faceforensics/real/054/000005.jpg,hybrid,ffpp_source_safe,val,0,real,0.0002817832864820957,0.8212602734565735,0
faceforensics/real/054/000006.jpg,hybrid,ffpp_source_safe,val,0,real,0.00015514797996729612,0.8212602734565735,0
faceforensics/real/054/000007.jpg,hybrid,ffpp_source_safe,val,0,real,5.496081939782016e-05,0.8212602734565735,0
faceforensics/real/054/000008.jpg,hybrid,ffpp_source_safe,val,0,real,3.142929563182406e-05,0.8212602734565735,0
faceforensics/real/054/000009.jpg,hybrid,ffpp_source_safe,val,0,real,4.940911821904592e-05,0.8212602734565735,0
faceforensics/real/054/000010.jpg,hybrid,ffpp_source_safe,val,0,real,0.0002089470362989232,0.8212602734565735,0
faceforensics/real/054/000011.jpg,hybrid,ffpp_source_safe,val,0,real,5.675047941622324e-05,0.8212602734565735,0
faceforensics/real/054/000012.jpg,hybrid,ffpp_source_safe,val,0,real,4.774771514348686e-05,0.8212602734565735,0
faceforensics/real/054/000013.jpg,hybrid,ffpp_source_safe,val,0,real,2.7031997888116166e-05,0.8212602734565735,0
faceforensics/real/054/000014.jpg,hybrid,ffpp_source_safe,val,0,real,9.024862811202183e-05,0.8212602734565735,0
faceforensics/real/054/000015.jpg,hybrid,ffpp_source_safe,val,0,real,0.00021369410387706012,0.8212602734565735,0
faceforensics/real/054/000016.jpg,hybrid,ffpp_source_safe,val,0,real,3.328325328766368e-05,0.8212602734565735,0
faceforensics/real/054/000017.jpg,hybrid,ffpp_source_safe,val,0,real,4.0291972254635766e-05,0.8212602734565735,0
faceforensics/real/054/000018.jpg,hybrid,ffpp_source_safe,val,0,real,0.00030398720991797745,0.8212602734565735,0
faceforensics/real/054/000019.jpg,hybrid,ffpp_source_safe,val,0,real,0.00010679729166440666,0.8212602734565735,0
faceforensics/real/054/000020.jpg,hybrid,ffpp_source_safe,val,0,real,1.9509319827193394e-05,0.8212602734565735,0
faceforensics/real/054/000021.jpg,hybrid,ffpp_source_safe,val,0,real,0.00023390197020489722,0.8212602734565735,0
faceforensics/real/054/000022.jpg,hybrid,ffpp_source_safe,val,0,real,3.363202267792076e-05,0.8212602734565735,0
faceforensics/real/054/000023.jpg,hybrid,ffpp_source_safe,val,0,real,2.7535112167242914e-05,0.8212602734565735,0
faceforensics/real/054/000024.jpg,hybrid,ffpp_source_safe,val,0,real,7.659062976017594e-05,0.8212602734565735,0
faceforensics/real/054/000025.jpg,hybrid,ffpp_source_safe,val,0,real,0.0004564120317809284,0.8212602734565735,0
faceforensics/real/054/000026.jpg,hybrid,ffpp_source_safe,val,0,real,4.3030908273067325e-05,0.8212602734565735,0
faceforensics/real/054/000027.jpg,hybrid,ffpp_source_safe,val,0,real,6.051638047210872e-05,0.8212602734565735,0
faceforensics/real/054/000028.jpg,hybrid,ffpp_source_safe,val,0,real,0.0001245872990693897,0.8212602734565735,0
faceforensics/real/054/000029.jpg,hybrid,ffpp_source_safe,val,0,real,3.005458893312607e-05,0.8212602734565735,0
faceforensics/real/055/000000.jpg,hybrid,ffpp_source_safe,val,0,real,0.19029280543327332,0.8212602734565735,0
faceforensics/real/055/000001.jpg,hybrid,ffpp_source_safe,val,0,real,0.4782586097717285,0.8212602734565735,0
faceforensics/real/055/000002.jpg,hybrid,ffpp_source_safe,val,0,real,0.18741631507873535,0.8212602734565735,0
faceforensics/real/055/000003.jpg,hybrid,ffpp_source_safe,val,0,real,0.35697880387306213,0.8212602734565735,0
faceforensics/real/055/000004.jpg,hybrid,ffpp_source_safe,val,0,real,0.14222970604896545,0.8212602734565735,0
faceforensics/real/055/000005.jpg,hybrid,ffpp_source_safe,val,0,real,0.9976092576980591,0.8212602734565735,1
faceforensics/real/055/000006.jpg,hybrid,ffpp_source_safe,val,0,real,0.15474821627140045,0.8212602734565735,0
faceforensics/real/055/000007.jpg,hybrid,ffpp_source_safe,val,0,real,0.7739425897598267,0.8212602734565735,0
faceforensics/real/055/000008.jpg,hybrid,ffpp_source_safe,val,0,real,0.9745522737503052,0.8212602734565735,1
faceforensics/real/055/000009.jpg,hybrid,ffpp_source_safe,val,0,real,0.25219085812568665,0.8212602734565735,0
faceforensics/real/055/000010.jpg,hybrid,ffpp_source_safe,val,0,real,0.6757535934448242,0.8212602734565735,0
faceforensics/real/055/000011.jpg,hybrid,ffpp_source_safe,val,0,real,0.4895012378692627,0.8212602734565735,0
faceforensics/real/055/000012.jpg,hybrid,ffpp_source_safe,val,0,real,0.7846832275390625,0.8212602734565735,0
faceforensics/real/055/000013.jpg,hybrid,ffpp_source_safe,val,0,real,0.7494637370109558,0.8212602734565735,0
faceforensics/real/055/000014.jpg,hybrid,ffpp_source_safe,val,0,real,0.3923860490322113,0.8212602734565735,0
faceforensics/real/055/000015.jpg,hybrid,ffpp_source_safe,val,0,real,0.8694173693656921,0.8212602734565735,1
faceforensics/real/055/000016.jpg,hybrid,ffpp_source_safe,val,0,real,0.6125379800796509,0.8212602734565735,0
faceforensics/real/055/000017.jpg,hybrid,ffpp_source_safe,val,0,real,0.9044782519340515,0.8212602734565735,1
faceforensics/real/055/000018.jpg,hybrid,ffpp_source_safe,val,0,real,0.7971178293228149,0.8212602734565735,0
faceforensics/real/055/000019.jpg,hybrid,ffpp_source_safe,val,0,real,0.6887117624282837,0.8212602734565735,0
faceforensics/real/055/000020.jpg,hybrid,ffpp_source_safe,val,0,real,0.5363755226135254,0.8212602734565735,0
faceforensics/real/055/000021.jpg,hybrid,ffpp_source_safe,val,0,real,0.6656813025474548,0.8212602734565735,0
faceforensics/real/055/000022.jpg,hybrid,ffpp_source_safe,val,0,real,0.026517126709222794,0.8212602734565735,0
faceforensics/real/055/000023.jpg,hybrid,ffpp_source_safe,val,0,real,0.02944185398519039,0.8212602734565735,0
faceforensics/real/055/000024.jpg,hybrid,ffpp_source_safe,val,0,real,0.02605980820953846,0.8212602734565735,0
faceforensics/real/055/000025.jpg,hybrid,ffpp_source_safe,val,0,real,0.013611633330583572,0.8212602734565735,0
faceforensics/real/055/000026.jpg,hybrid,ffpp_source_safe,val,0,real,0.2965489625930786,0.8212602734565735,0
faceforensics/real/055/000027.jpg,hybrid,ffpp_source_safe,val,0,real,0.48654884099960327,0.8212602734565735,0
faceforensics/real/055/000028.jpg,hybrid,ffpp_source_safe,val,0,real,0.953395426273346,0.8212602734565735,1
faceforensics/real/055/000029.jpg,hybrid,ffpp_source_safe,val,0,real,0.7570033073425293,0.8212602734565735,0
faceforensics/real/071/000000.jpg,hybrid,ffpp_source_safe,val,0,real,0.3713710606098175,0.8212602734565735,0
faceforensics/real/071/000001.jpg,hybrid,ffpp_source_safe,val,0,real,0.5982711911201477,0.8212602734565735,0
faceforensics/real/071/000002.jpg,hybrid,ffpp_source_safe,val,0,real,0.004961904138326645,0.8212602734565735,0
faceforensics/real/071/000003.jpg,hybrid,ffpp_source_safe,val,0,real,0.02296142466366291,0.8212602734565735,0
faceforensics/real/071/000004.jpg,hybrid,ffpp_source_safe,val,0,real,0.14947248995304108,0.8212602734565735,0
faceforensics/real/071/000005.jpg,hybrid,ffpp_source_safe,val,0,real,0.025669902563095093,0.8212602734565735,0
faceforensics/real/071/000006.jpg,hybrid,ffpp_source_safe,val,0,real,0.7629666924476624,0.8212602734565735,0
faceforensics/real/071/000007.jpg,hybrid,ffpp_source_safe,val,0,real,0.3065217137336731,0.8212602734565735,0
faceforensics/real/071/000008.jpg,hybrid,ffpp_source_safe,val,0,real,0.0518154501914978,0.8212602734565735,0
faceforensics/real/071/000009.jpg,hybrid,ffpp_source_safe,val,0,real,0.7798717021942139,0.8212602734565735,0
faceforensics/real/071/000010.jpg,hybrid,ffpp_source_safe,val,0,real,0.912488579750061,0.8212602734565735,1
faceforensics/real/071/000011.jpg,hybrid,ffpp_source_safe,val,0,real,0.9391704201698303,0.8212602734565735,1
faceforensics/real/071/000012.jpg,hybrid,ffpp_source_safe,val,0,real,0.3135649561882019,0.8212602734565735,0
faceforensics/real/071/000013.jpg,hybrid,ffpp_source_safe,val,0,real,0.967011570930481,0.8212602734565735,1
faceforensics/real/071/000014.jpg,hybrid,ffpp_source_safe,val,0,real,0.9774746298789978,0.8212602734565735,1
faceforensics/real/071/000015.jpg,hybrid,ffpp_source_safe,val,0,real,0.47162848711013794,0.8212602734565735,0
faceforensics/real/071/000016.jpg,hybrid,ffpp_source_safe,val,0,real,0.1015620157122612,0.8212602734565735,0
faceforensics/real/071/000017.jpg,hybrid,ffpp_source_safe,val,0,real,0.7389622926712036,0.8212602734565735,0
faceforensics/real/071/000018.jpg,hybrid,ffpp_source_safe,val,0,real,0.6931496858596802,0.8212602734565735,0
faceforensics/real/071/000019.jpg,hybrid,ffpp_source_safe,val,0,real,0.9681532979011536,0.8212602734565735,1
faceforensics/real/071/000020.jpg,hybrid,ffpp_source_safe,val,0,real,0.01269333902746439,0.8212602734565735,0
faceforensics/real/071/000021.jpg,hybrid,ffpp_source_safe,val,0,real,0.004829165060073137,0.8212602734565735,0
faceforensics/real/071/000022.jpg,hybrid,ffpp_source_safe,val,0,real,0.00617230823263526,0.8212602734565735,0
faceforensics/real/071/000023.jpg,hybrid,ffpp_source_safe,val,0,real,0.01463418360799551,0.8212602734565735,0
faceforensics/real/071/000024.jpg,hybrid,ffpp_source_safe,val,0,real,0.9831027984619141,0.8212602734565735,1
faceforensics/real/071/000025.jpg,hybrid,ffpp_source_safe,val,0,real,0.8386237025260925,0.8212602734565735,1
faceforensics/real/071/000026.jpg,hybrid,ffpp_source_safe,val,0,real,0.2196255922317505,0.8212602734565735,0
faceforensics/real/071/000027.jpg,hybrid,ffpp_source_safe,val,0,real,0.5351964831352234,0.8212602734565735,0
faceforensics/real/071/000028.jpg,hybrid,ffpp_source_safe,val,0,real,0.08104734122753143,0.8212602734565735,0
faceforensics/real/071/000029.jpg,hybrid,ffpp_source_safe,val,0,real,0.00891709141433239,0.8212602734565735,0
faceforensics/real/134/000000.jpg,hybrid,ffpp_source_safe,val,0,real,0.10034292191267014,0.8212602734565735,0
faceforensics/real/134/000001.jpg,hybrid,ffpp_source_safe,val,0,real,0.010763238184154034,0.8212602734565735,0
faceforensics/real/134/000002.jpg,hybrid,ffpp_source_safe,val,0,real,0.4702254831790924,0.8212602734565735,0
faceforensics/real/134/000003.jpg,hybrid,ffpp_source_safe,val,0,real,0.0018114011036232114,0.8212602734565735,0
faceforensics/real/134/000004.jpg,hybrid,ffpp_source_safe,val,0,real,0.004055098630487919,0.8212602734565735,0
faceforensics/real/134/000005.jpg,hybrid,ffpp_source_safe,val,0,real,0.004742802120745182,0.8212602734565735,0
faceforensics/real/134/000006.jpg,hybrid,ffpp_source_safe,val,0,real,0.024901244789361954,0.8212602734565735,0
faceforensics/real/134/000007.jpg,hybrid,ffpp_source_safe,val,0,real,0.002856820821762085,0.8212602734565735,0
faceforensics/real/134/000008.jpg,hybrid,ffpp_source_safe,val,0,real,0.05039162188768387,0.8212602734565735,0
faceforensics/real/134/000009.jpg,hybrid,ffpp_source_safe,val,0,real,0.9337156414985657,0.8212602734565735,1
faceforensics/real/134/000010.jpg,hybrid,ffpp_source_safe,val,0,real,0.8790755867958069,0.8212602734565735,1
faceforensics/real/134/000011.jpg,hybrid,ffpp_source_safe,val,0,real,0.02207912690937519,0.8212602734565735,0
faceforensics/real/134/000012.jpg,hybrid,ffpp_source_safe,val,0,real,0.09553340077400208,0.8212602734565735,0
faceforensics/real/134/000013.jpg,hybrid,ffpp_source_safe,val,0,real,0.02852136455476284,0.8212602734565735,0
faceforensics/real/134/000014.jpg,hybrid,ffpp_source_safe,val,0,real,0.22735083103179932,0.8212602734565735,0
faceforensics/real/134/000015.jpg,hybrid,ffpp_source_safe,val,0,real,0.0011356426402926445,0.8212602734565735,0
faceforensics/real/134/000016.jpg,hybrid,ffpp_source_safe,val,0,real,0.015411651693284512,0.8212602734565735,0
faceforensics/real/134/000017.jpg,hybrid,ffpp_source_safe,val,0,real,0.002834651619195938,0.8212602734565735,0
faceforensics/real/134/000018.jpg,hybrid,ffpp_source_safe,val,0,real,0.009063624776899815,0.8212602734565735,0
faceforensics/real/134/000019.jpg,hybrid,ffpp_source_safe,val,0,real,0.2880691587924957,0.8212602734565735,0
faceforensics/real/134/000020.jpg,hybrid,ffpp_source_safe,val,0,real,0.007942783646285534,0.8212602734565735,0
faceforensics/real/134/000021.jpg,hybrid,ffpp_source_safe,val,0,real,0.0015184879302978516,0.8212602734565735,0
faceforensics/real/134/000022.jpg,hybrid,ffpp_source_safe,val,0,real,0.0028394972905516624,0.8212602734565735,0
faceforensics/real/134/000023.jpg,hybrid,ffpp_source_safe,val,0,real,0.0006703964900225401,0.8212602734565735,0
faceforensics/real/134/000024.jpg,hybrid,ffpp_source_safe,val,0,real,0.09104142338037491,0.8212602734565735,0
faceforensics/real/134/000025.jpg,hybrid,ffpp_source_safe,val,0,real,0.17882941663265228,0.8212602734565735,0
faceforensics/real/134/000026.jpg,hybrid,ffpp_source_safe,val,0,real,0.00442852545529604,0.8212602734565735,0
faceforensics/real/134/000027.jpg,hybrid,ffpp_source_safe,val,0,real,0.08952893316745758,0.8212602734565735,0
faceforensics/real/134/000028.jpg,hybrid,ffpp_source_safe,val,0,real,0.04104596748948097,0.8212602734565735,0
faceforensics/real/134/000029.jpg,hybrid,ffpp_source_safe,val,0,real,0.00011416798952268437,0.8212602734565735,0
faceforensics/real/153/000000.jpg,hybrid,ffpp_source_safe,val,0,real,0.003745177062228322,0.8212602734565735,0
faceforensics/real/153/000001.jpg,hybrid,ffpp_source_safe,val,0,real,0.21465593576431274,0.8212602734565735,0
faceforensics/real/153/000002.jpg,hybrid,ffpp_source_safe,val,0,real,0.0012000586139038205,0.8212602734565735,0
faceforensics/real/153/000003.jpg,hybrid,ffpp_source_safe,val,0,real,0.05382365733385086,0.8212602734565735,0
faceforensics/real/153/000004.jpg,hybrid,ffpp_source_safe,val,0,real,0.3610839247703552,0.8212602734565735,0
faceforensics/real/153/000005.jpg,hybrid,ffpp_source_safe,val,0,real,0.09171514958143234,0.8212602734565735,0
faceforensics/real/153/000006.jpg,hybrid,ffpp_source_safe,val,0,real,0.9350883960723877,0.8212602734565735,1
faceforensics/real/153/000007.jpg,hybrid,ffpp_source_safe,val,0,real,0.02041631005704403,0.8212602734565735,0
faceforensics/real/153/000008.jpg,hybrid,ffpp_source_safe,val,0,real,0.34816864132881165,0.8212602734565735,0
faceforensics/real/153/000009.jpg,hybrid,ffpp_source_safe,val,0,real,0.005319599993526936,0.8212602734565735,0
faceforensics/real/153/000010.jpg,hybrid,ffpp_source_safe,val,0,real,0.019235607236623764,0.8212602734565735,0
faceforensics/real/153/000011.jpg,hybrid,ffpp_source_safe,val,0,real,0.5227031707763672,0.8212602734565735,0
faceforensics/real/153/000012.jpg,hybrid,ffpp_source_safe,val,0,real,0.001750635914504528,0.8212602734565735,0
faceforensics/real/153/000013.jpg,hybrid,ffpp_source_safe,val,0,real,0.001196100376546383,0.8212602734565735,0
faceforensics/real/153/000014.jpg,hybrid,ffpp_source_safe,val,0,real,0.04216909408569336,0.8212602734565735,0
faceforensics/real/153/000015.jpg,hybrid,ffpp_source_safe,val,0,real,0.009065833874046803,0.8212602734565735,0
faceforensics/real/153/000016.jpg,hybrid,ffpp_source_safe,val,0,real,0.010207705199718475,0.8212602734565735,0
faceforensics/real/153/000017.jpg,hybrid,ffpp_source_safe,val,0,real,0.2966073453426361,0.8212602734565735,0
faceforensics/real/153/000018.jpg,hybrid,ffpp_source_safe,val,0,real,0.22338777780532837,0.8212602734565735,0
faceforensics/real/153/000019.jpg,hybrid,ffpp_source_safe,val,0,real,0.019706808030605316,0.8212602734565735,0
faceforensics/real/153/000020.jpg,hybrid,ffpp_source_safe,val,0,real,0.055315010249614716,0.8212602734565735,0
faceforensics/real/153/000021.jpg,hybrid,ffpp_source_safe,val,0,real,0.008280379697680473,0.8212602734565735,0
faceforensics/real/153/000022.jpg,hybrid,ffpp_source_safe,val,0,real,0.007377465255558491,0.8212602734565735,0
faceforensics/real/153/000023.jpg,hybrid,ffpp_source_safe,val,0,real,0.43859076499938965,0.8212602734565735,0
faceforensics/real/153/000024.jpg,hybrid,ffpp_source_safe,val,0,real,0.015371568500995636,0.8212602734565735,0
faceforensics/real/153/000025.jpg,hybrid,ffpp_source_safe,val,0,real,0.0029984714929014444,0.8212602734565735,0
faceforensics/real/153/000026.jpg,hybrid,ffpp_source_safe,val,0,real,0.15661954879760742,0.8212602734565735,0
faceforensics/real/153/000027.jpg,hybrid,ffpp_source_safe,val,0,real,0.014366053976118565,0.8212602734565735,0
faceforensics/real/153/000028.jpg,hybrid,ffpp_source_safe,val,0,real,0.30069485306739807,0.8212602734565735,0
faceforensics/real/153/000029.jpg,hybrid,ffpp_source_safe,val,0,real,0.30267027020454407,0.8212602734565735,0
faceforensics/real/189/000000.jpg,hybrid,ffpp_source_safe,val,0,real,0.02566104754805565,0.8212602734565735,0
faceforensics/real/189/000001.jpg,hybrid,ffpp_source_safe,val,0,real,0.003894151421263814,0.8212602734565735,0
faceforensics/real/189/000002.jpg,hybrid,ffpp_source_safe,val,0,real,0.0017046380089595914,0.8212602734565735,0
faceforensics/real/189/000003.jpg,hybrid,ffpp_source_safe,val,0,real,0.8410068154335022,0.8212602734565735,1
faceforensics/real/189/000004.jpg,hybrid,ffpp_source_safe,val,0,real,0.012718426994979382,0.8212602734565735,0
faceforensics/real/189/000005.jpg,hybrid,ffpp_source_safe,val,0,real,0.0022359404247254133,0.8212602734565735,0
faceforensics/real/189/000006.jpg,hybrid,ffpp_source_safe,val,0,real,0.011471915990114212,0.8212602734565735,0
faceforensics/real/189/000007.jpg,hybrid,ffpp_source_safe,val,0,real,0.001152518787421286,0.8212602734565735,0
faceforensics/real/189/000008.jpg,hybrid,ffpp_source_safe,val,0,real,0.029759446159005165,0.8212602734565735,0
faceforensics/real/189/000009.jpg,hybrid,ffpp_source_safe,val,0,real,0.07587767392396927,0.8212602734565735,0
faceforensics/real/189/000010.jpg,hybrid,ffpp_source_safe,val,0,real,0.011858193203806877,0.8212602734565735,0
faceforensics/real/189/000011.jpg,hybrid,ffpp_source_safe,val,0,real,0.9839666485786438,0.8212602734565735,1
faceforensics/real/189/000012.jpg,hybrid,ffpp_source_safe,val,0,real,0.0509810745716095,0.8212602734565735,0
faceforensics/real/189/000013.jpg,hybrid,ffpp_source_safe,val,0,real,0.0021763015538454056,0.8212602734565735,0
faceforensics/real/189/000014.jpg,hybrid,ffpp_source_safe,val,0,real,0.14241771399974823,0.8212602734565735,0
faceforensics/real/189/000015.jpg,hybrid,ffpp_source_safe,val,0,real,0.0015529897063970566,0.8212602734565735,0
faceforensics/real/189/000016.jpg,hybrid,ffpp_source_safe,val,0,real,0.0032746505457907915,0.8212602734565735,0
faceforensics/real/189/000017.jpg,hybrid,ffpp_source_safe,val,0,real,0.0004727992054540664,0.8212602734565735,0
faceforensics/real/189/000018.jpg,hybrid,ffpp_source_safe,val,0,real,7.883397483965382e-05,0.8212602734565735,0
faceforensics/real/189/000019.jpg,hybrid,ffpp_source_safe,val,0,real,0.00027715176111087203,0.8212602734565735,0
faceforensics/real/189/000020.jpg,hybrid,ffpp_source_safe,val,0,real,0.0007500090287066996,0.8212602734565735,0
faceforensics/real/189/000021.jpg,hybrid,ffpp_source_safe,val,0,real,0.016041839495301247,0.8212602734565735,0
faceforensics/real/189/000022.jpg,hybrid,ffpp_source_safe,val,0,real,0.5294227004051208,0.8212602734565735,0
faceforensics/real/189/000023.jpg,hybrid,ffpp_source_safe,val,0,real,0.0007011332781985402,0.8212602734565735,0
faceforensics/real/189/000024.jpg,hybrid,ffpp_source_safe,val,0,real,0.00013108715938869864,0.8212602734565735,0
faceforensics/real/189/000025.jpg,hybrid,ffpp_source_safe,val,0,real,0.0014619971625506878,0.8212602734565735,0
faceforensics/real/189/000026.jpg,hybrid,ffpp_source_safe,val,0,real,0.0004125960695091635,0.8212602734565735,0
faceforensics/real/189/000027.jpg,hybrid,ffpp_source_safe,val,0,real,0.0003562837082426995,0.8212602734565735,0
faceforensics/real/189/000028.jpg,hybrid,ffpp_source_safe,val,0,real,0.0019134916365146637,0.8212602734565735,0
faceforensics/real/189/000029.jpg,hybrid,ffpp_source_safe,val,0,real,0.27170392870903015,0.8212602734565735,0
faceforensics/real/206/000000.jpg,hybrid,ffpp_source_safe,val,0,real,0.937811017036438,0.8212602734565735,1
faceforensics/real/206/000001.jpg,hybrid,ffpp_source_safe,val,0,real,0.7876136898994446,0.8212602734565735,0
faceforensics/real/206/000002.jpg,hybrid,ffpp_source_safe,val,0,real,0.5087647438049316,0.8212602734565735,0
faceforensics/real/206/000003.jpg,hybrid,ffpp_source_safe,val,0,real,0.3303372263908386,0.8212602734565735,0
faceforensics/real/206/000004.jpg,hybrid,ffpp_source_safe,val,0,real,0.7969473004341125,0.8212602734565735,0
faceforensics/real/206/000005.jpg,hybrid,ffpp_source_safe,val,0,real,0.07102812826633453,0.8212602734565735,0
faceforensics/real/206/000006.jpg,hybrid,ffpp_source_safe,val,0,real,0.9289122223854065,0.8212602734565735,1
faceforensics/real/206/000007.jpg,hybrid,ffpp_source_safe,val,0,real,0.4356142580509186,0.8212602734565735,0
faceforensics/real/206/000008.jpg,hybrid,ffpp_source_safe,val,0,real,0.9205494523048401,0.8212602734565735,1
faceforensics/real/206/000009.jpg,hybrid,ffpp_source_safe,val,0,real,0.5031788349151611,0.8212602734565735,0
faceforensics/real/206/000010.jpg,hybrid,ffpp_source_safe,val,0,real,0.9085843563079834,0.8212602734565735,1
faceforensics/real/206/000011.jpg,hybrid,ffpp_source_safe,val,0,real,0.2950499653816223,0.8212602734565735,0
faceforensics/real/206/000012.jpg,hybrid,ffpp_source_safe,val,0,real,0.9131328463554382,0.8212602734565735,1
faceforensics/real/206/000013.jpg,hybrid,ffpp_source_safe,val,0,real,0.8759598731994629,0.8212602734565735,1
faceforensics/real/206/000014.jpg,hybrid,ffpp_source_safe,val,0,real,0.5853429436683655,0.8212602734565735,0
faceforensics/real/206/000015.jpg,hybrid,ffpp_source_safe,val,0,real,0.7002033591270447,0.8212602734565735,0
faceforensics/real/206/000016.jpg,hybrid,ffpp_source_safe,val,0,real,0.8818446397781372,0.8212602734565735,1
faceforensics/real/206/000017.jpg,hybrid,ffpp_source_safe,val,0,real,0.6637110114097595,0.8212602734565735,0
faceforensics/real/206/000018.jpg,hybrid,ffpp_source_safe,val,0,real,0.7837245464324951,0.8212602734565735,0
faceforensics/real/206/000019.jpg,hybrid,ffpp_source_safe,val,0,real,0.6068803668022156,0.8212602734565735,0
faceforensics/real/206/000020.jpg,hybrid,ffpp_source_safe,val,0,real,0.023982368409633636,0.8212602734565735,0
faceforensics/real/206/000021.jpg,hybrid,ffpp_source_safe,val,0,real,0.170899897813797,0.8212602734565735,0
faceforensics/real/206/000022.jpg,hybrid,ffpp_source_safe,val,0,real,0.1552605926990509,0.8212602734565735,0
faceforensics/real/206/000023.jpg,hybrid,ffpp_source_safe,val,0,real,0.6819456219673157,0.8212602734565735,0
faceforensics/real/206/000024.jpg,hybrid,ffpp_source_safe,val,0,real,0.9747163653373718,0.8212602734565735,1
faceforensics/real/206/000025.jpg,hybrid,ffpp_source_safe,val,0,real,0.6852123141288757,0.8212602734565735,0
faceforensics/real/206/000026.jpg,hybrid,ffpp_source_safe,val,0,real,0.5759230852127075,0.8212602734565735,0
faceforensics/real/206/000027.jpg,hybrid,ffpp_source_safe,val,0,real,0.022853896021842957,0.8212602734565735,0
faceforensics/real/206/000028.jpg,hybrid,ffpp_source_safe,val,0,real,0.6003569960594177,0.8212602734565735,0
faceforensics/real/206/000029.jpg,hybrid,ffpp_source_safe,val,0,real,0.002063973806798458,0.8212602734565735,0
faceforensics/real/284/000000.jpg,hybrid,ffpp_source_safe,val,0,real,0.00017509542522020638,0.8212602734565735,0
faceforensics/real/284/000001.jpg,hybrid,ffpp_source_safe,val,0,real,0.004935483448207378,0.8212602734565735,0
faceforensics/real/284/000002.jpg,hybrid,ffpp_source_safe,val,0,real,0.0008340878994204104,0.8212602734565735,0
faceforensics/real/284/000003.jpg,hybrid,ffpp_source_safe,val,0,real,0.0027294971514493227,0.8212602734565735,0
faceforensics/real/284/000004.jpg,hybrid,ffpp_source_safe,val,0,real,0.0003383222792763263,0.8212602734565735,0
faceforensics/real/284/000005.jpg,hybrid,ffpp_source_safe,val,0,real,0.002506824443116784,0.8212602734565735,0
faceforensics/real/284/000006.jpg,hybrid,ffpp_source_safe,val,0,real,0.08730342984199524,0.8212602734565735,0
faceforensics/real/284/000007.jpg,hybrid,ffpp_source_safe,val,0,real,0.000639755220618099,0.8212602734565735,0
faceforensics/real/284/000008.jpg,hybrid,ffpp_source_safe,val,0,real,0.8143022060394287,0.8212602734565735,0
faceforensics/real/284/000009.jpg,hybrid,ffpp_source_safe,val,0,real,0.0011144074378535151,0.8212602734565735,0
faceforensics/real/284/000010.jpg,hybrid,ffpp_source_safe,val,0,real,0.008087503723800182,0.8212602734565735,0
faceforensics/real/284/000011.jpg,hybrid,ffpp_source_safe,val,0,real,0.30105844140052795,0.8212602734565735,0
faceforensics/real/284/000012.jpg,hybrid,ffpp_source_safe,val,0,real,0.33785656094551086,0.8212602734565735,0
faceforensics/real/284/000013.jpg,hybrid,ffpp_source_safe,val,0,real,0.0008799490169622004,0.8212602734565735,0
faceforensics/real/284/000014.jpg,hybrid,ffpp_source_safe,val,0,real,0.023376697674393654,0.8212602734565735,0
faceforensics/real/284/000015.jpg,hybrid,ffpp_source_safe,val,0,real,0.002795866457745433,0.8212602734565735,0
faceforensics/real/284/000016.jpg,hybrid,ffpp_source_safe,val,0,real,0.0005350846331566572,0.8212602734565735,0
faceforensics/real/284/000017.jpg,hybrid,ffpp_source_safe,val,0,real,0.01367735955864191,0.8212602734565735,0
faceforensics/real/284/000018.jpg,hybrid,ffpp_source_safe,val,0,real,0.2343859076499939,0.8212602734565735,0
faceforensics/real/284/000019.jpg,hybrid,ffpp_source_safe,val,0,real,0.003933981526643038,0.8212602734565735,0
faceforensics/real/284/000020.jpg,hybrid,ffpp_source_safe,val,0,real,0.0019927932880818844,0.8212602734565735,0
faceforensics/real/284/000021.jpg,hybrid,ffpp_source_safe,val,0,real,0.004171666689217091,0.8212602734565735,0
faceforensics/real/284/000022.jpg,hybrid,ffpp_source_safe,val,0,real,0.0005797910271212459,0.8212602734565735,0
faceforensics/real/284/000023.jpg,hybrid,ffpp_source_safe,val,0,real,0.02585780806839466,0.8212602734565735,0
faceforensics/real/284/000024.jpg,hybrid,ffpp_source_safe,val,0,real,0.20388825237751007,0.8212602734565735,0
faceforensics/real/284/000025.jpg,hybrid,ffpp_source_safe,val,0,real,0.016099361702799797,0.8212602734565735,0
faceforensics/real/284/000026.jpg,hybrid,ffpp_source_safe,val,0,real,0.030520785599946976,0.8212602734565735,0
faceforensics/real/284/000027.jpg,hybrid,ffpp_source_safe,val,0,real,0.9869754314422607,0.8212602734565735,1
faceforensics/real/284/000028.jpg,hybrid,ffpp_source_safe,val,0,real,0.005358688533306122,0.8212602734565735,0
faceforensics/real/284/000029.jpg,hybrid,ffpp_source_safe,val,0,real,0.00025009328965097666,0.8212602734565735,0
faceforensics/real/324/000000.jpg,hybrid,ffpp_source_safe,val,0,real,0.4513651132583618,0.8212602734565735,0
faceforensics/real/324/000001.jpg,hybrid,ffpp_source_safe,val,0,real,0.002138508250936866,0.8212602734565735,0
faceforensics/real/324/000002.jpg,hybrid,ffpp_source_safe,val,0,real,0.016368119046092033,0.8212602734565735,0
faceforensics/real/324/000003.jpg,hybrid,ffpp_source_safe,val,0,real,0.0004750573425553739,0.8212602734565735,0
faceforensics/real/324/000004.jpg,hybrid,ffpp_source_safe,val,0,real,0.00022093516599852592,0.8212602734565735,0
faceforensics/real/324/000005.jpg,hybrid,ffpp_source_safe,val,0,real,0.001877861563116312,0.8212602734565735,0
faceforensics/real/324/000006.jpg,hybrid,ffpp_source_safe,val,0,real,0.040521103888750076,0.8212602734565735,0
faceforensics/real/324/000007.jpg,hybrid,ffpp_source_safe,val,0,real,0.0010261539136990905,0.8212602734565735,0
faceforensics/real/324/000008.jpg,hybrid,ffpp_source_safe,val,0,real,0.09892899543046951,0.8212602734565735,0
faceforensics/real/324/000009.jpg,hybrid,ffpp_source_safe,val,0,real,0.012666727416217327,0.8212602734565735,0
faceforensics/real/324/000010.jpg,hybrid,ffpp_source_safe,val,0,real,0.00739547424018383,0.8212602734565735,0
faceforensics/real/324/000011.jpg,hybrid,ffpp_source_safe,val,0,real,0.0010354670230299234,0.8212602734565735,0
faceforensics/real/324/000012.jpg,hybrid,ffpp_source_safe,val,0,real,0.9618890881538391,0.8212602734565735,1
faceforensics/real/324/000013.jpg,hybrid,ffpp_source_safe,val,0,real,0.0035776160657405853,0.8212602734565735,0
faceforensics/real/324/000014.jpg,hybrid,ffpp_source_safe,val,0,real,0.3145166337490082,0.8212602734565735,0
faceforensics/real/324/000015.jpg,hybrid,ffpp_source_safe,val,0,real,0.024738922715187073,0.8212602734565735,0
faceforensics/real/324/000016.jpg,hybrid,ffpp_source_safe,val,0,real,0.0016352751990780234,0.8212602734565735,0
faceforensics/real/324/000017.jpg,hybrid,ffpp_source_safe,val,0,real,0.0006597560713998973,0.8212602734565735,0
faceforensics/real/324/000018.jpg,hybrid,ffpp_source_safe,val,0,real,4.513127714744769e-05,0.8212602734565735,0
faceforensics/real/324/000019.jpg,hybrid,ffpp_source_safe,val,0,real,0.004632935859262943,0.8212602734565735,0
faceforensics/real/324/000020.jpg,hybrid,ffpp_source_safe,val,0,real,0.5791524648666382,0.8212602734565735,0
faceforensics/real/324/000021.jpg,hybrid,ffpp_source_safe,val,0,real,0.014372266829013824,0.8212602734565735,0
faceforensics/real/324/000022.jpg,hybrid,ffpp_source_safe,val,0,real,0.00011676492431433871,0.8212602734565735,0
faceforensics/real/324/000023.jpg,hybrid,ffpp_source_safe,val,0,real,0.003596364287659526,0.8212602734565735,0
faceforensics/real/324/000024.jpg,hybrid,ffpp_source_safe,val,0,real,0.013047141022980213,0.8212602734565735,0
faceforensics/real/324/000025.jpg,hybrid,ffpp_source_safe,val,0,real,0.04038596525788307,0.8212602734565735,0
faceforensics/real/324/000026.jpg,hybrid,ffpp_source_safe,val,0,real,0.012528504244983196,0.8212602734565735,0
faceforensics/real/324/000027.jpg,hybrid,ffpp_source_safe,val,0,real,0.0004955664044246078,0.8212602734565735,0
faceforensics/real/324/000028.jpg,hybrid,ffpp_source_safe,val,0,real,0.006761058233678341,0.8212602734565735,0
faceforensics/real/324/000029.jpg,hybrid,ffpp_source_safe,val,0,real,0.018260393291711807,0.8212602734565735,0
faceforensics/real/376/000000.jpg,hybrid,ffpp_source_safe,val,0,real,0.11178980767726898,0.8212602734565735,0
faceforensics/real/376/000001.jpg,hybrid,ffpp_source_safe,val,0,real,0.2459849715232849,0.8212602734565735,0
faceforensics/real/376/000002.jpg,hybrid,ffpp_source_safe,val,0,real,0.0006344403955154121,0.8212602734565735,0
faceforensics/real/376/000003.jpg,hybrid,ffpp_source_safe,val,0,real,0.005293584894388914,0.8212602734565735,0
faceforensics/real/376/000004.jpg,hybrid,ffpp_source_safe,val,0,real,0.04611491039395332,0.8212602734565735,0
faceforensics/real/376/000005.jpg,hybrid,ffpp_source_safe,val,0,real,0.15967674553394318,0.8212602734565735,0
faceforensics/real/376/000006.jpg,hybrid,ffpp_source_safe,val,0,real,0.0904463604092598,0.8212602734565735,0
faceforensics/real/376/000007.jpg,hybrid,ffpp_source_safe,val,0,real,0.05648016184568405,0.8212602734565735,0
faceforensics/real/376/000008.jpg,hybrid,ffpp_source_safe,val,0,real,0.03035801649093628,0.8212602734565735,0
faceforensics/real/376/000009.jpg,hybrid,ffpp_source_safe,val,0,real,0.0034691307228058577,0.8212602734565735,0
faceforensics/real/376/000010.jpg,hybrid,ffpp_source_safe,val,0,real,0.03511454910039902,0.8212602734565735,0
faceforensics/real/376/000011.jpg,hybrid,ffpp_source_safe,val,0,real,0.6589334011077881,0.8212602734565735,0
faceforensics/real/376/000012.jpg,hybrid,ffpp_source_safe,val,0,real,0.002465880010277033,0.8212602734565735,0
faceforensics/real/376/000013.jpg,hybrid,ffpp_source_safe,val,0,real,0.0010461619822308421,0.8212602734565735,0
faceforensics/real/376/000014.jpg,hybrid,ffpp_source_safe,val,0,real,0.0019868521485477686,0.8212602734565735,0
faceforensics/real/376/000015.jpg,hybrid,ffpp_source_safe,val,0,real,0.011973789893090725,0.8212602734565735,0
faceforensics/real/376/000016.jpg,hybrid,ffpp_source_safe,val,0,real,0.0018883743323385715,0.8212602734565735,0
faceforensics/real/376/000017.jpg,hybrid,ffpp_source_safe,val,0,real,0.014055293053388596,0.8212602734565735,0
faceforensics/real/376/000018.jpg,hybrid,ffpp_source_safe,val,0,real,0.00017931581533048302,0.8212602734565735,0
faceforensics/real/376/000019.jpg,hybrid,ffpp_source_safe,val,0,real,0.0003573934081941843,0.8212602734565735,0
faceforensics/real/376/000020.jpg,hybrid,ffpp_source_safe,val,0,real,0.0018418534891679883,0.8212602734565735,0
faceforensics/real/376/000021.jpg,hybrid,ffpp_source_safe,val,0,real,9.218277409672737e-05,0.8212602734565735,0
faceforensics/real/376/000022.jpg,hybrid,ffpp_source_safe,val,0,real,0.0020919868256896734,0.8212602734565735,0
faceforensics/real/376/000023.jpg,hybrid,ffpp_source_safe,val,0,real,0.42287302017211914,0.8212602734565735,0
faceforensics/real/376/000024.jpg,hybrid,ffpp_source_safe,val,0,real,0.5768775343894958,0.8212602734565735,0
faceforensics/real/376/000025.jpg,hybrid,ffpp_source_safe,val,0,real,0.00025471943081356585,0.8212602734565735,0
faceforensics/real/376/000026.jpg,hybrid,ffpp_source_safe,val,0,real,0.0003875387483276427,0.8212602734565735,0
faceforensics/real/376/000027.jpg,hybrid,ffpp_source_safe,val,0,real,0.0023315383587032557,0.8212602734565735,0
faceforensics/real/376/000028.jpg,hybrid,ffpp_source_safe,val,0,real,0.012445732019841671,0.8212602734565735,0
faceforensics/real/376/000029.jpg,hybrid,ffpp_source_safe,val,0,real,0.00412004766985774,0.8212602734565735,0
faceforensics/real/381/000000.jpg,hybrid,ffpp_source_safe,val,0,real,0.00014243768237065524,0.8212602734565735,0
faceforensics/real/381/000001.jpg,hybrid,ffpp_source_safe,val,0,real,0.00019977711781393737,0.8212602734565735,0
faceforensics/real/381/000002.jpg,hybrid,ffpp_source_safe,val,0,real,0.0005443800473585725,0.8212602734565735,0
faceforensics/real/381/000003.jpg,hybrid,ffpp_source_safe,val,0,real,0.00030675591551698744,0.8212602734565735,0
faceforensics/real/381/000004.jpg,hybrid,ffpp_source_safe,val,0,real,0.001958834705874324,0.8212602734565735,0
faceforensics/real/381/000005.jpg,hybrid,ffpp_source_safe,val,0,real,0.00010789379302877933,0.8212602734565735,0
faceforensics/real/381/000006.jpg,hybrid,ffpp_source_safe,val,0,real,0.00037042031181044877,0.8212602734565735,0
faceforensics/real/381/000007.jpg,hybrid,ffpp_source_safe,val,0,real,0.00020764597866218537,0.8212602734565735,0
faceforensics/real/381/000008.jpg,hybrid,ffpp_source_safe,val,0,real,0.00010394020500825718,0.8212602734565735,0
faceforensics/real/381/000009.jpg,hybrid,ffpp_source_safe,val,0,real,2.9578042813227512e-05,0.8212602734565735,0
faceforensics/real/381/000010.jpg,hybrid,ffpp_source_safe,val,0,real,7.271683716680855e-05,0.8212602734565735,0
faceforensics/real/381/000011.jpg,hybrid,ffpp_source_safe,val,0,real,0.000247288029640913,0.8212602734565735,0
faceforensics/real/381/000012.jpg,hybrid,ffpp_source_safe,val,0,real,6.488383951364085e-05,0.8212602734565735,0
faceforensics/real/381/000013.jpg,hybrid,ffpp_source_safe,val,0,real,9.841121936915442e-05,0.8212602734565735,0
faceforensics/real/381/000014.jpg,hybrid,ffpp_source_safe,val,0,real,4.64989134343341e-05,0.8212602734565735,0
faceforensics/real/381/000015.jpg,hybrid,ffpp_source_safe,val,0,real,0.00010399691382190213,0.8212602734565735,0
faceforensics/real/381/000016.jpg,hybrid,ffpp_source_safe,val,0,real,4.223331416142173e-05,0.8212602734565735,0
faceforensics/real/381/000017.jpg,hybrid,ffpp_source_safe,val,0,real,3.748604285647161e-05,0.8212602734565735,0
faceforensics/real/381/000018.jpg,hybrid,ffpp_source_safe,val,0,real,0.0004965901607647538,0.8212602734565735,0
faceforensics/real/381/000019.jpg,hybrid,ffpp_source_safe,val,0,real,6.116298754932359e-05,0.8212602734565735,0
faceforensics/real/381/000020.jpg,hybrid,ffpp_source_safe,val,0,real,4.722396988654509e-05,0.8212602734565735,0
faceforensics/real/381/000021.jpg,hybrid,ffpp_source_safe,val,0,real,6.846724863862619e-05,0.8212602734565735,0
faceforensics/real/381/000022.jpg,hybrid,ffpp_source_safe,val,0,real,2.9065140552120283e-05,0.8212602734565735,0
faceforensics/real/381/000023.jpg,hybrid,ffpp_source_safe,val,0,real,2.7348549338057637e-05,0.8212602734565735,0
faceforensics/real/381/000024.jpg,hybrid,ffpp_source_safe,val,0,real,1.815660289139487e-05,0.8212602734565735,0
faceforensics/real/381/000025.jpg,hybrid,ffpp_source_safe,val,0,real,0.00034567771945148706,0.8212602734565735,0
faceforensics/real/381/000026.jpg,hybrid,ffpp_source_safe,val,0,real,3.240381192881614e-05,0.8212602734565735,0
faceforensics/real/381/000027.jpg,hybrid,ffpp_source_safe,val,0,real,0.00019700854318216443,0.8212602734565735,0
faceforensics/real/381/000028.jpg,hybrid,ffpp_source_safe,val,0,real,6.211786967469379e-05,0.8212602734565735,0
faceforensics/real/381/000029.jpg,hybrid,ffpp_source_safe,val,0,real,0.0020344171207398176,0.8212602734565735,0
faceforensics/real/441/000000.jpg,hybrid,ffpp_source_safe,val,0,real,0.8767682313919067,0.8212602734565735,1
faceforensics/real/441/000001.jpg,hybrid,ffpp_source_safe,val,0,real,0.5133423209190369,0.8212602734565735,0
faceforensics/real/441/000002.jpg,hybrid,ffpp_source_safe,val,0,real,0.6642017960548401,0.8212602734565735,0
faceforensics/real/441/000003.jpg,hybrid,ffpp_source_safe,val,0,real,0.9533013701438904,0.8212602734565735,1
faceforensics/real/441/000004.jpg,hybrid,ffpp_source_safe,val,0,real,0.9876750707626343,0.8212602734565735,1
faceforensics/real/441/000005.jpg,hybrid,ffpp_source_safe,val,0,real,0.8172878623008728,0.8212602734565735,0
faceforensics/real/441/000006.jpg,hybrid,ffpp_source_safe,val,0,real,0.4150296449661255,0.8212602734565735,0
faceforensics/real/441/000007.jpg,hybrid,ffpp_source_safe,val,0,real,0.23282648622989655,0.8212602734565735,0
faceforensics/real/441/000008.jpg,hybrid,ffpp_source_safe,val,0,real,0.20233631134033203,0.8212602734565735,0
faceforensics/real/441/000009.jpg,hybrid,ffpp_source_safe,val,0,real,0.040133263915777206,0.8212602734565735,0
faceforensics/real/441/000010.jpg,hybrid,ffpp_source_safe,val,0,real,0.23406796157360077,0.8212602734565735,0
faceforensics/real/441/000011.jpg,hybrid,ffpp_source_safe,val,0,real,0.009377947077155113,0.8212602734565735,0
faceforensics/real/441/000012.jpg,hybrid,ffpp_source_safe,val,0,real,0.8119984269142151,0.8212602734565735,0
faceforensics/real/441/000013.jpg,hybrid,ffpp_source_safe,val,0,real,0.41849255561828613,0.8212602734565735,0
faceforensics/real/441/000014.jpg,hybrid,ffpp_source_safe,val,0,real,0.9855225086212158,0.8212602734565735,1
faceforensics/real/441/000015.jpg,hybrid,ffpp_source_safe,val,0,real,0.42809394001960754,0.8212602734565735,0
faceforensics/real/441/000016.jpg,hybrid,ffpp_source_safe,val,0,real,0.28729483485221863,0.8212602734565735,0
faceforensics/real/441/000017.jpg,hybrid,ffpp_source_safe,val,0,real,0.9928804039955139,0.8212602734565735,1
faceforensics/real/441/000018.jpg,hybrid,ffpp_source_safe,val,0,real,0.41952285170555115,0.8212602734565735,0
faceforensics/real/441/000019.jpg,hybrid,ffpp_source_safe,val,0,real,0.025182588025927544,0.8212602734565735,0
faceforensics/real/441/000020.jpg,hybrid,ffpp_source_safe,val,0,real,0.8991355299949646,0.8212602734565735,1
faceforensics/real/441/000021.jpg,hybrid,ffpp_source_safe,val,0,real,0.8961293697357178,0.8212602734565735,1
faceforensics/real/441/000022.jpg,hybrid,ffpp_source_safe,val,0,real,0.6854166984558105,0.8212602734565735,0
faceforensics/real/441/000023.jpg,hybrid,ffpp_source_safe,val,0,real,0.10795465856790543,0.8212602734565735,0
faceforensics/real/441/000024.jpg,hybrid,ffpp_source_safe,val,0,real,0.9172012805938721,0.8212602734565735,1
faceforensics/real/441/000025.jpg,hybrid,ffpp_source_safe,val,0,real,0.3956634998321533,0.8212602734565735,0
faceforensics/real/441/000026.jpg,hybrid,ffpp_source_safe,val,0,real,0.21972061693668365,0.8212602734565735,0
faceforensics/real/441/000027.jpg,hybrid,ffpp_source_safe,val,0,real,0.8359814882278442,0.8212602734565735,1
faceforensics/real/441/000028.jpg,hybrid,ffpp_source_safe,val,0,real,0.9873383045196533,0.8212602734565735,1
faceforensics/real/441/000029.jpg,hybrid,ffpp_source_safe,val,0,real,0.005087593104690313,0.8212602734565735,0
faceforensics/real/479/000000.jpg,hybrid,ffpp_source_safe,val,0,real,0.0003922481555491686,0.8212602734565735,0
faceforensics/real/479/000001.jpg,hybrid,ffpp_source_safe,val,0,real,0.0019066291861236095,0.8212602734565735,0
faceforensics/real/479/000002.jpg,hybrid,ffpp_source_safe,val,0,real,0.0098104327917099,0.8212602734565735,0
faceforensics/real/479/000003.jpg,hybrid,ffpp_source_safe,val,0,real,0.00010347126954002306,0.8212602734565735,0
faceforensics/real/479/000004.jpg,hybrid,ffpp_source_safe,val,0,real,0.0005351733998395503,0.8212602734565735,0
faceforensics/real/479/000005.jpg,hybrid,ffpp_source_safe,val,0,real,0.00040009032818488777,0.8212602734565735,0
faceforensics/real/479/000006.jpg,hybrid,ffpp_source_safe,val,0,real,0.0004545481351669878,0.8212602734565735,0
faceforensics/real/479/000007.jpg,hybrid,ffpp_source_safe,val,0,real,0.00013728236081078649,0.8212602734565735,0
faceforensics/real/479/000008.jpg,hybrid,ffpp_source_safe,val,0,real,0.0007183196139521897,0.8212602734565735,0
faceforensics/real/479/000009.jpg,hybrid,ffpp_source_safe,val,0,real,0.00717566255480051,0.8212602734565735,0
faceforensics/real/479/000010.jpg,hybrid,ffpp_source_safe,val,0,real,0.07919559627771378,0.8212602734565735,0
faceforensics/real/479/000011.jpg,hybrid,ffpp_source_safe,val,0,real,0.013219754211604595,0.8212602734565735,0
faceforensics/real/479/000012.jpg,hybrid,ffpp_source_safe,val,0,real,0.002338626654818654,0.8212602734565735,0
faceforensics/real/479/000013.jpg,hybrid,ffpp_source_safe,val,0,real,0.0025522145442664623,0.8212602734565735,0
faceforensics/real/479/000014.jpg,hybrid,ffpp_source_safe,val,0,real,0.004277048632502556,0.8212602734565735,0
faceforensics/real/479/000015.jpg,hybrid,ffpp_source_safe,val,0,real,0.2059609442949295,0.8212602734565735,0
faceforensics/real/479/000016.jpg,hybrid,ffpp_source_safe,val,0,real,0.003175635589286685,0.8212602734565735,0
faceforensics/real/479/000017.jpg,hybrid,ffpp_source_safe,val,0,real,0.0035554287023842335,0.8212602734565735,0
faceforensics/real/479/000018.jpg,hybrid,ffpp_source_safe,val,0,real,0.00047327313222922385,0.8212602734565735,0
faceforensics/real/479/000019.jpg,hybrid,ffpp_source_safe,val,0,real,0.000438560702605173,0.8212602734565735,0
faceforensics/real/479/000020.jpg,hybrid,ffpp_source_safe,val,0,real,0.0024576366413384676,0.8212602734565735,0
faceforensics/real/479/000021.jpg,hybrid,ffpp_source_safe,val,0,real,0.0014639246510341763,0.8212602734565735,0
faceforensics/real/479/000022.jpg,hybrid,ffpp_source_safe,val,0,real,0.0008001812384463847,0.8212602734565735,0
faceforensics/real/479/000023.jpg,hybrid,ffpp_source_safe,val,0,real,0.0009158785687759519,0.8212602734565735,0
faceforensics/real/479/000024.jpg,hybrid,ffpp_source_safe,val,0,real,0.0004354784032329917,0.8212602734565735,0
faceforensics/real/479/000025.jpg,hybrid,ffpp_source_safe,val,0,real,0.664039134979248,0.8212602734565735,0
faceforensics/real/479/000026.jpg,hybrid,ffpp_source_safe,val,0,real,0.05782931298017502,0.8212602734565735,0
faceforensics/real/479/000027.jpg,hybrid,ffpp_source_safe,val,0,real,0.0026825072709470987,0.8212602734565735,0
faceforensics/real/479/000028.jpg,hybrid,ffpp_source_safe,val,0,real,0.0003395491512492299,0.8212602734565735,0
faceforensics/real/479/000029.jpg,hybrid,ffpp_source_safe,val,0,real,0.010302677750587463,0.8212602734565735,0
faceforensics/real/520/000000.jpg,hybrid,ffpp_source_safe,val,0,real,0.4789089858531952,0.8212602734565735,0
faceforensics/real/520/000001.jpg,hybrid,ffpp_source_safe,val,0,real,0.0018949700752273202,0.8212602734565735,0
faceforensics/real/520/000002.jpg,hybrid,ffpp_source_safe,val,0,real,0.11277255415916443,0.8212602734565735,0
faceforensics/real/520/000003.jpg,hybrid,ffpp_source_safe,val,0,real,0.011043678969144821,0.8212602734565735,0
faceforensics/real/520/000004.jpg,hybrid,ffpp_source_safe,val,0,real,0.09980718046426773,0.8212602734565735,0
faceforensics/real/520/000005.jpg,hybrid,ffpp_source_safe,val,0,real,0.04582591354846954,0.8212602734565735,0
faceforensics/real/520/000006.jpg,hybrid,ffpp_source_safe,val,0,real,0.058347832411527634,0.8212602734565735,0
faceforensics/real/520/000007.jpg,hybrid,ffpp_source_safe,val,0,real,0.010054404847323895,0.8212602734565735,0
faceforensics/real/520/000008.jpg,hybrid,ffpp_source_safe,val,0,real,0.7469046115875244,0.8212602734565735,0
faceforensics/real/520/000009.jpg,hybrid,ffpp_source_safe,val,0,real,0.021712349727749825,0.8212602734565735,0
faceforensics/real/520/000010.jpg,hybrid,ffpp_source_safe,val,0,real,0.27337998151779175,0.8212602734565735,0
faceforensics/real/520/000011.jpg,hybrid,ffpp_source_safe,val,0,real,0.012273917905986309,0.8212602734565735,0
faceforensics/real/520/000012.jpg,hybrid,ffpp_source_safe,val,0,real,0.07612109184265137,0.8212602734565735,0
faceforensics/real/520/000013.jpg,hybrid,ffpp_source_safe,val,0,real,0.041141074150800705,0.8212602734565735,0
faceforensics/real/520/000014.jpg,hybrid,ffpp_source_safe,val,0,real,0.9784011840820312,0.8212602734565735,1
faceforensics/real/520/000015.jpg,hybrid,ffpp_source_safe,val,0,real,0.973000705242157,0.8212602734565735,1
faceforensics/real/520/000016.jpg,hybrid,ffpp_source_safe,val,0,real,0.8642162084579468,0.8212602734565735,1
faceforensics/real/520/000017.jpg,hybrid,ffpp_source_safe,val,0,real,0.9653527140617371,0.8212602734565735,1
faceforensics/real/520/000018.jpg,hybrid,ffpp_source_safe,val,0,real,0.9843868613243103,0.8212602734565735,1
faceforensics/real/520/000019.jpg,hybrid,ffpp_source_safe,val,0,real,0.7797061800956726,0.8212602734565735,0
faceforensics/real/520/000020.jpg,hybrid,ffpp_source_safe,val,0,real,0.8205219507217407,0.8212602734565735,0
faceforensics/real/520/000021.jpg,hybrid,ffpp_source_safe,val,0,real,0.43777602910995483,0.8212602734565735,0
faceforensics/real/520/000022.jpg,hybrid,ffpp_source_safe,val,0,real,0.2883196175098419,0.8212602734565735,0
faceforensics/real/520/000023.jpg,hybrid,ffpp_source_safe,val,0,real,0.8264214992523193,0.8212602734565735,1
faceforensics/real/520/000024.jpg,hybrid,ffpp_source_safe,val,0,real,0.006080602295696735,0.8212602734565735,0
faceforensics/real/520/000025.jpg,hybrid,ffpp_source_safe,val,0,real,0.12565994262695312,0.8212602734565735,0
faceforensics/real/520/000026.jpg,hybrid,ffpp_source_safe,val,0,real,0.11395474523305893,0.8212602734565735,0
faceforensics/real/520/000027.jpg,hybrid,ffpp_source_safe,val,0,real,0.12505961954593658,0.8212602734565735,0
faceforensics/real/520/000028.jpg,hybrid,ffpp_source_safe,val,0,real,0.05288355052471161,0.8212602734565735,0
faceforensics/real/520/000029.jpg,hybrid,ffpp_source_safe,val,0,real,0.14210428297519684,0.8212602734565735,0
faceforensics/real/589/000000.jpg,hybrid,ffpp_source_safe,val,0,real,0.06621235609054565,0.8212602734565735,0
faceforensics/real/589/000001.jpg,hybrid,ffpp_source_safe,val,0,real,0.6781998872756958,0.8212602734565735,0
faceforensics/real/589/000002.jpg,hybrid,ffpp_source_safe,val,0,real,0.8340014219284058,0.8212602734565735,1
faceforensics/real/589/000003.jpg,hybrid,ffpp_source_safe,val,0,real,0.9484263062477112,0.8212602734565735,1
faceforensics/real/589/000004.jpg,hybrid,ffpp_source_safe,val,0,real,0.8841361999511719,0.8212602734565735,1
faceforensics/real/589/000005.jpg,hybrid,ffpp_source_safe,val,0,real,0.817743182182312,0.8212602734565735,0
faceforensics/real/589/000006.jpg,hybrid,ffpp_source_safe,val,0,real,0.26786795258522034,0.8212602734565735,0
faceforensics/real/589/000007.jpg,hybrid,ffpp_source_safe,val,0,real,0.969211757183075,0.8212602734565735,1
faceforensics/real/589/000008.jpg,hybrid,ffpp_source_safe,val,0,real,0.012892267666757107,0.8212602734565735,0
faceforensics/real/589/000009.jpg,hybrid,ffpp_source_safe,val,0,real,0.9610487222671509,0.8212602734565735,1
faceforensics/real/589/000010.jpg,hybrid,ffpp_source_safe,val,0,real,0.12571808695793152,0.8212602734565735,0
faceforensics/real/589/000011.jpg,hybrid,ffpp_source_safe,val,0,real,0.007063781842589378,0.8212602734565735,0
faceforensics/real/589/000012.jpg,hybrid,ffpp_source_safe,val,0,real,0.3824947476387024,0.8212602734565735,0
faceforensics/real/589/000013.jpg,hybrid,ffpp_source_safe,val,0,real,0.1350971907377243,0.8212602734565735,0
faceforensics/real/589/000014.jpg,hybrid,ffpp_source_safe,val,0,real,0.20183074474334717,0.8212602734565735,0
faceforensics/real/589/000015.jpg,hybrid,ffpp_source_safe,val,0,real,0.038213565945625305,0.8212602734565735,0
faceforensics/real/589/000016.jpg,hybrid,ffpp_source_safe,val,0,real,0.5296795964241028,0.8212602734565735,0
faceforensics/real/589/000017.jpg,hybrid,ffpp_source_safe,val,0,real,0.005068955011665821,0.8212602734565735,0
faceforensics/real/589/000018.jpg,hybrid,ffpp_source_safe,val,0,real,0.09916727244853973,0.8212602734565735,0
faceforensics/real/589/000019.jpg,hybrid,ffpp_source_safe,val,0,real,0.023689735680818558,0.8212602734565735,0
faceforensics/real/589/000020.jpg,hybrid,ffpp_source_safe,val,0,real,0.6807957887649536,0.8212602734565735,0
faceforensics/real/589/000021.jpg,hybrid,ffpp_source_safe,val,0,real,0.9113941192626953,0.8212602734565735,1
faceforensics/real/589/000022.jpg,hybrid,ffpp_source_safe,val,0,real,0.1938643604516983,0.8212602734565735,0
faceforensics/real/589/000023.jpg,hybrid,ffpp_source_safe,val,0,real,0.02204163558781147,0.8212602734565735,0
faceforensics/real/589/000024.jpg,hybrid,ffpp_source_safe,val,0,real,0.0032352355774492025,0.8212602734565735,0
faceforensics/real/589/000025.jpg,hybrid,ffpp_source_safe,val,0,real,0.0012767305597662926,0.8212602734565735,0
faceforensics/real/589/000026.jpg,hybrid,ffpp_source_safe,val,0,real,0.13925090432167053,0.8212602734565735,0
faceforensics/real/589/000027.jpg,hybrid,ffpp_source_safe,val,0,real,0.015353254973888397,0.8212602734565735,0
faceforensics/real/589/000028.jpg,hybrid,ffpp_source_safe,val,0,real,0.2164972871541977,0.8212602734565735,0
faceforensics/real/589/000029.jpg,hybrid,ffpp_source_safe,val,0,real,0.01369746308773756,0.8212602734565735,0
faceforensics/real/607/000000.jpg,hybrid,ffpp_source_safe,val,0,real,0.007106996141374111,0.8212602734565735,0
faceforensics/real/607/000001.jpg,hybrid,ffpp_source_safe,val,0,real,0.03950480371713638,0.8212602734565735,0
faceforensics/real/607/000002.jpg,hybrid,ffpp_source_safe,val,0,real,0.017638208344578743,0.8212602734565735,0
faceforensics/real/607/000003.jpg,hybrid,ffpp_source_safe,val,0,real,0.0107136070728302,0.8212602734565735,0
faceforensics/real/607/000004.jpg,hybrid,ffpp_source_safe,val,0,real,0.022670751437544823,0.8212602734565735,0
faceforensics/real/607/000005.jpg,hybrid,ffpp_source_safe,val,0,real,0.004161227960139513,0.8212602734565735,0
faceforensics/real/607/000006.jpg,hybrid,ffpp_source_safe,val,0,real,0.005986685398966074,0.8212602734565735,0
faceforensics/real/607/000007.jpg,hybrid,ffpp_source_safe,val,0,real,0.011582313105463982,0.8212602734565735,0
faceforensics/real/607/000008.jpg,hybrid,ffpp_source_safe,val,0,real,0.021279340609908104,0.8212602734565735,0
faceforensics/real/607/000009.jpg,hybrid,ffpp_source_safe,val,0,real,0.007212846074253321,0.8212602734565735,0
faceforensics/real/607/000010.jpg,hybrid,ffpp_source_safe,val,0,real,0.02013145387172699,0.8212602734565735,0
faceforensics/real/607/000011.jpg,hybrid,ffpp_source_safe,val,0,real,0.025584109127521515,0.8212602734565735,0
faceforensics/real/607/000012.jpg,hybrid,ffpp_source_safe,val,0,real,0.007141696754842997,0.8212602734565735,0
faceforensics/real/607/000013.jpg,hybrid,ffpp_source_safe,val,0,real,0.02699260227382183,0.8212602734565735,0
faceforensics/real/607/000014.jpg,hybrid,ffpp_source_safe,val,0,real,0.11260168999433517,0.8212602734565735,0
faceforensics/real/607/000015.jpg,hybrid,ffpp_source_safe,val,0,real,0.21913683414459229,0.8212602734565735,0
faceforensics/real/607/000016.jpg,hybrid,ffpp_source_safe,val,0,real,0.014152826741337776,0.8212602734565735,0
faceforensics/real/607/000017.jpg,hybrid,ffpp_source_safe,val,0,real,0.023703185841441154,0.8212602734565735,0
faceforensics/real/607/000018.jpg,hybrid,ffpp_source_safe,val,0,real,0.18834401667118073,0.8212602734565735,0
faceforensics/real/607/000019.jpg,hybrid,ffpp_source_safe,val,0,real,0.002272979123517871,0.8212602734565735,0
faceforensics/real/607/000020.jpg,hybrid,ffpp_source_safe,val,0,real,0.20142437517642975,0.8212602734565735,0
faceforensics/real/607/000021.jpg,hybrid,ffpp_source_safe,val,0,real,0.022059086710214615,0.8212602734565735,0
faceforensics/real/607/000022.jpg,hybrid,ffpp_source_safe,val,0,real,0.004838987253606319,0.8212602734565735,0
faceforensics/real/607/000023.jpg,hybrid,ffpp_source_safe,val,0,real,0.004853783641010523,0.8212602734565735,0
faceforensics/real/607/000024.jpg,hybrid,ffpp_source_safe,val,0,real,0.007757463958114386,0.8212602734565735,0
faceforensics/real/607/000025.jpg,hybrid,ffpp_source_safe,val,0,real,0.018025726079940796,0.8212602734565735,0
faceforensics/real/607/000026.jpg,hybrid,ffpp_source_safe,val,0,real,0.016178468242287636,0.8212602734565735,0
faceforensics/real/607/000027.jpg,hybrid,ffpp_source_safe,val,0,real,0.2605196535587311,0.8212602734565735,0
faceforensics/real/607/000028.jpg,hybrid,ffpp_source_safe,val,0,real,0.00603983411565423,0.8212602734565735,0
faceforensics/real/607/000029.jpg,hybrid,ffpp_source_safe,val,0,real,0.002918525133281946,0.8212602734565735,0
faceforensics/real/649/000000.jpg,hybrid,ffpp_source_safe,val,0,real,0.9779869914054871,0.8212602734565735,1
faceforensics/real/649/000001.jpg,hybrid,ffpp_source_safe,val,0,real,0.9713402390480042,0.8212602734565735,1
faceforensics/real/649/000002.jpg,hybrid,ffpp_source_safe,val,0,real,0.8170483708381653,0.8212602734565735,0
faceforensics/real/649/000003.jpg,hybrid,ffpp_source_safe,val,0,real,0.021521858870983124,0.8212602734565735,0
faceforensics/real/649/000004.jpg,hybrid,ffpp_source_safe,val,0,real,0.8620628714561462,0.8212602734565735,1
faceforensics/real/649/000005.jpg,hybrid,ffpp_source_safe,val,0,real,0.7891613245010376,0.8212602734565735,0
faceforensics/real/649/000006.jpg,hybrid,ffpp_source_safe,val,0,real,0.762351393699646,0.8212602734565735,0
faceforensics/real/649/000007.jpg,hybrid,ffpp_source_safe,val,0,real,0.9898409247398376,0.8212602734565735,1
faceforensics/real/649/000008.jpg,hybrid,ffpp_source_safe,val,0,real,0.990404486656189,0.8212602734565735,1
faceforensics/real/649/000009.jpg,hybrid,ffpp_source_safe,val,0,real,0.7799695730209351,0.8212602734565735,0
faceforensics/real/649/000010.jpg,hybrid,ffpp_source_safe,val,0,real,0.9959916472434998,0.8212602734565735,1
faceforensics/real/649/000011.jpg,hybrid,ffpp_source_safe,val,0,real,0.16111239790916443,0.8212602734565735,0
faceforensics/real/649/000012.jpg,hybrid,ffpp_source_safe,val,0,real,0.5374982357025146,0.8212602734565735,0
faceforensics/real/649/000013.jpg,hybrid,ffpp_source_safe,val,0,real,0.9874045848846436,0.8212602734565735,1
faceforensics/real/649/000014.jpg,hybrid,ffpp_source_safe,val,0,real,0.9613457918167114,0.8212602734565735,1
faceforensics/real/649/000015.jpg,hybrid,ffpp_source_safe,val,0,real,0.9176651835441589,0.8212602734565735,1
faceforensics/real/649/000016.jpg,hybrid,ffpp_source_safe,val,0,real,0.7187884449958801,0.8212602734565735,0
faceforensics/real/649/000017.jpg,hybrid,ffpp_source_safe,val,0,real,0.44447430968284607,0.8212602734565735,0
faceforensics/real/649/000018.jpg,hybrid,ffpp_source_safe,val,0,real,0.6672651767730713,0.8212602734565735,0
faceforensics/real/649/000019.jpg,hybrid,ffpp_source_safe,val,0,real,0.11434052139520645,0.8212602734565735,0
faceforensics/real/649/000020.jpg,hybrid,ffpp_source_safe,val,0,real,0.9751970767974854,0.8212602734565735,1
faceforensics/real/649/000021.jpg,hybrid,ffpp_source_safe,val,0,real,0.09773154556751251,0.8212602734565735,0
faceforensics/real/649/000022.jpg,hybrid,ffpp_source_safe,val,0,real,0.005954576190561056,0.8212602734565735,0
faceforensics/real/649/000023.jpg,hybrid,ffpp_source_safe,val,0,real,0.8530173301696777,0.8212602734565735,1
faceforensics/real/649/000024.jpg,hybrid,ffpp_source_safe,val,0,real,0.22956183552742004,0.8212602734565735,0
faceforensics/real/649/000025.jpg,hybrid,ffpp_source_safe,val,0,real,0.9804497957229614,0.8212602734565735,1
faceforensics/real/649/000026.jpg,hybrid,ffpp_source_safe,val,0,real,0.7932155132293701,0.8212602734565735,0
faceforensics/real/649/000027.jpg,hybrid,ffpp_source_safe,val,0,real,0.38269901275634766,0.8212602734565735,0
faceforensics/real/649/000028.jpg,hybrid,ffpp_source_safe,val,0,real,0.2680746614933014,0.8212602734565735,0
faceforensics/real/649/000029.jpg,hybrid,ffpp_source_safe,val,0,real,0.08083300292491913,0.8212602734565735,0
faceforensics/real/657/000000.jpg,hybrid,ffpp_source_safe,val,0,real,0.0010904314694926143,0.8212602734565735,0
faceforensics/real/657/000001.jpg,hybrid,ffpp_source_safe,val,0,real,0.027908556163311005,0.8212602734565735,0
faceforensics/real/657/000002.jpg,hybrid,ffpp_source_safe,val,0,real,0.0014564436860382557,0.8212602734565735,0
faceforensics/real/657/000003.jpg,hybrid,ffpp_source_safe,val,0,real,0.0008719993638806045,0.8212602734565735,0
faceforensics/real/657/000004.jpg,hybrid,ffpp_source_safe,val,0,real,0.00017164109158329666,0.8212602734565735,0
faceforensics/real/657/000005.jpg,hybrid,ffpp_source_safe,val,0,real,0.0005198786384426057,0.8212602734565735,0
faceforensics/real/657/000006.jpg,hybrid,ffpp_source_safe,val,0,real,0.022359058260917664,0.8212602734565735,0
faceforensics/real/657/000007.jpg,hybrid,ffpp_source_safe,val,0,real,0.11453765630722046,0.8212602734565735,0
faceforensics/real/657/000008.jpg,hybrid,ffpp_source_safe,val,0,real,7.631810149177909e-05,0.8212602734565735,0
faceforensics/real/657/000009.jpg,hybrid,ffpp_source_safe,val,0,real,0.021531028673052788,0.8212602734565735,0
faceforensics/real/657/000010.jpg,hybrid,ffpp_source_safe,val,0,real,0.0018311787862330675,0.8212602734565735,0
faceforensics/real/657/000011.jpg,hybrid,ffpp_source_safe,val,0,real,0.0004563296097330749,0.8212602734565735,0
faceforensics/real/657/000012.jpg,hybrid,ffpp_source_safe,val,0,real,0.00015208318654913455,0.8212602734565735,0
faceforensics/real/657/000013.jpg,hybrid,ffpp_source_safe,val,0,real,0.8874820470809937,0.8212602734565735,1
faceforensics/real/657/000014.jpg,hybrid,ffpp_source_safe,val,0,real,0.00024105321790557355,0.8212602734565735,0
faceforensics/real/657/000015.jpg,hybrid,ffpp_source_safe,val,0,real,0.0004982131067663431,0.8212602734565735,0
faceforensics/real/657/000016.jpg,hybrid,ffpp_source_safe,val,0,real,0.9930737018585205,0.8212602734565735,1
faceforensics/real/657/000017.jpg,hybrid,ffpp_source_safe,val,0,real,0.0003115420404355973,0.8212602734565735,0
faceforensics/real/657/000018.jpg,hybrid,ffpp_source_safe,val,0,real,0.0037537512835115194,0.8212602734565735,0
faceforensics/real/657/000019.jpg,hybrid,ffpp_source_safe,val,0,real,4.75514170830138e-05,0.8212602734565735,0
faceforensics/real/657/000020.jpg,hybrid,ffpp_source_safe,val,0,real,0.0008526467136107385,0.8212602734565735,0
faceforensics/real/657/000021.jpg,hybrid,ffpp_source_safe,val,0,real,0.0003470108495093882,0.8212602734565735,0
faceforensics/real/657/000022.jpg,hybrid,ffpp_source_safe,val,0,real,0.9768800735473633,0.8212602734565735,1
faceforensics/real/657/000023.jpg,hybrid,ffpp_source_safe,val,0,real,0.00026514558703638613,0.8212602734565735,0
faceforensics/real/657/000024.jpg,hybrid,ffpp_source_safe,val,0,real,9.774047794053331e-05,0.8212602734565735,0
faceforensics/real/657/000025.jpg,hybrid,ffpp_source_safe,val,0,real,0.00015376547526102513,0.8212602734565735,0
faceforensics/real/657/000026.jpg,hybrid,ffpp_source_safe,val,0,real,0.00480759609490633,0.8212602734565735,0
faceforensics/real/657/000027.jpg,hybrid,ffpp_source_safe,val,0,real,0.023297317326068878,0.8212602734565735,0
faceforensics/real/657/000028.jpg,hybrid,ffpp_source_safe,val,0,real,0.00015069294022396207,0.8212602734565735,0
faceforensics/real/657/000029.jpg,hybrid,ffpp_source_safe,val,0,real,0.00011697142326738685,0.8212602734565735,0
faceforensics/real/668/000000.jpg,hybrid,ffpp_source_safe,val,0,real,0.0002207399666076526,0.8212602734565735,0
faceforensics/real/668/000001.jpg,hybrid,ffpp_source_safe,val,0,real,0.0010284866439178586,0.8212602734565735,0
faceforensics/real/668/000002.jpg,hybrid,ffpp_source_safe,val,0,real,0.0002812041202560067,0.8212602734565735,0
faceforensics/real/668/000003.jpg,hybrid,ffpp_source_safe,val,0,real,0.004680289421230555,0.8212602734565735,0
faceforensics/real/668/000004.jpg,hybrid,ffpp_source_safe,val,0,real,0.0020899095106869936,0.8212602734565735,0
faceforensics/real/668/000005.jpg,hybrid,ffpp_source_safe,val,0,real,0.10715535283088684,0.8212602734565735,0
faceforensics/real/668/000006.jpg,hybrid,ffpp_source_safe,val,0,real,0.5417270064353943,0.8212602734565735,0
faceforensics/real/668/000007.jpg,hybrid,ffpp_source_safe,val,0,real,0.0004658063407987356,0.8212602734565735,0
faceforensics/real/668/000008.jpg,hybrid,ffpp_source_safe,val,0,real,0.0018711327575147152,0.8212602734565735,0
faceforensics/real/668/000009.jpg,hybrid,ffpp_source_safe,val,0,real,0.0005534990923479199,0.8212602734565735,0
faceforensics/real/668/000010.jpg,hybrid,ffpp_source_safe,val,0,real,0.002364926738664508,0.8212602734565735,0
faceforensics/real/668/000011.jpg,hybrid,ffpp_source_safe,val,0,real,0.0019160103984177113,0.8212602734565735,0
faceforensics/real/668/000012.jpg,hybrid,ffpp_source_safe,val,0,real,0.0028606646228581667,0.8212602734565735,0
faceforensics/real/668/000013.jpg,hybrid,ffpp_source_safe,val,0,real,0.009397098794579506,0.8212602734565735,0
faceforensics/real/668/000014.jpg,hybrid,ffpp_source_safe,val,0,real,0.003190790070220828,0.8212602734565735,0
faceforensics/real/668/000015.jpg,hybrid,ffpp_source_safe,val,0,real,0.007099634502083063,0.8212602734565735,0
faceforensics/real/668/000016.jpg,hybrid,ffpp_source_safe,val,0,real,0.27346071600914,0.8212602734565735,0
faceforensics/real/668/000017.jpg,hybrid,ffpp_source_safe,val,0,real,0.1576189398765564,0.8212602734565735,0
faceforensics/real/668/000018.jpg,hybrid,ffpp_source_safe,val,0,real,0.0003655450709629804,0.8212602734565735,0
faceforensics/real/668/000019.jpg,hybrid,ffpp_source_safe,val,0,real,0.00012019767018500715,0.8212602734565735,0
faceforensics/real/668/000020.jpg,hybrid,ffpp_source_safe,val,0,real,0.000468569400254637,0.8212602734565735,0
faceforensics/real/668/000021.jpg,hybrid,ffpp_source_safe,val,0,real,0.0013303819578140974,0.8212602734565735,0
faceforensics/real/668/000022.jpg,hybrid,ffpp_source_safe,val,0,real,0.03437506780028343,0.8212602734565735,0
faceforensics/real/668/000023.jpg,hybrid,ffpp_source_safe,val,0,real,0.1054171770811081,0.8212602734565735,0
faceforensics/real/668/000024.jpg,hybrid,ffpp_source_safe,val,0,real,0.0015492464881390333,0.8212602734565735,0
faceforensics/real/668/000025.jpg,hybrid,ffpp_source_safe,val,0,real,0.001006734324619174,0.8212602734565735,0
faceforensics/real/668/000026.jpg,hybrid,ffpp_source_safe,val,0,real,0.0014605735195800662,0.8212602734565735,0
faceforensics/real/668/000027.jpg,hybrid,ffpp_source_safe,val,0,real,0.009029904380440712,0.8212602734565735,0
faceforensics/real/668/000028.jpg,hybrid,ffpp_source_safe,val,0,real,0.00032474345061928034,0.8212602734565735,0
faceforensics/real/668/000029.jpg,hybrid,ffpp_source_safe,val,0,real,0.00021866842871531844,0.8212602734565735,0
faceforensics/real/671/000000.jpg,hybrid,ffpp_source_safe,val,0,real,0.0014581652358174324,0.8212602734565735,0
faceforensics/real/671/000001.jpg,hybrid,ffpp_source_safe,val,0,real,0.000725521647837013,0.8212602734565735,0
faceforensics/real/671/000002.jpg,hybrid,ffpp_source_safe,val,0,real,0.23349742591381073,0.8212602734565735,0
faceforensics/real/671/000003.jpg,hybrid,ffpp_source_safe,val,0,real,0.013562384992837906,0.8212602734565735,0
faceforensics/real/671/000004.jpg,hybrid,ffpp_source_safe,val,0,real,0.0010874242288991809,0.8212602734565735,0
faceforensics/real/671/000005.jpg,hybrid,ffpp_source_safe,val,0,real,0.11953448504209518,0.8212602734565735,0
faceforensics/real/671/000006.jpg,hybrid,ffpp_source_safe,val,0,real,0.003288614097982645,0.8212602734565735,0
faceforensics/real/671/000007.jpg,hybrid,ffpp_source_safe,val,0,real,0.0009756102226674557,0.8212602734565735,0
faceforensics/real/671/000008.jpg,hybrid,ffpp_source_safe,val,0,real,0.00202462961897254,0.8212602734565735,0
faceforensics/real/671/000009.jpg,hybrid,ffpp_source_safe,val,0,real,0.11322074383497238,0.8212602734565735,0
faceforensics/real/671/000010.jpg,hybrid,ffpp_source_safe,val,0,real,0.017086854204535484,0.8212602734565735,0
faceforensics/real/671/000011.jpg,hybrid,ffpp_source_safe,val,0,real,0.0002822059323079884,0.8212602734565735,0
faceforensics/real/671/000012.jpg,hybrid,ffpp_source_safe,val,0,real,0.3619840443134308,0.8212602734565735,0
faceforensics/real/671/000013.jpg,hybrid,ffpp_source_safe,val,0,real,0.0069000013172626495,0.8212602734565735,0
faceforensics/real/671/000014.jpg,hybrid,ffpp_source_safe,val,0,real,0.0018384020077064633,0.8212602734565735,0
faceforensics/real/671/000015.jpg,hybrid,ffpp_source_safe,val,0,real,0.0003403214504942298,0.8212602734565735,0
faceforensics/real/671/000016.jpg,hybrid,ffpp_source_safe,val,0,real,0.03210381045937538,0.8212602734565735,0
faceforensics/real/671/000017.jpg,hybrid,ffpp_source_safe,val,0,real,0.002251689787954092,0.8212602734565735,0
faceforensics/real/671/000018.jpg,hybrid,ffpp_source_safe,val,0,real,0.004417243413627148,0.8212602734565735,0
faceforensics/real/671/000019.jpg,hybrid,ffpp_source_safe,val,0,real,0.00047484453534707427,0.8212602734565735,0
faceforensics/real/671/000020.jpg,hybrid,ffpp_source_safe,val,0,real,0.014070287346839905,0.8212602734565735,0
faceforensics/real/671/000021.jpg,hybrid,ffpp_source_safe,val,0,real,0.00040230745798908174,0.8212602734565735,0
faceforensics/real/671/000022.jpg,hybrid,ffpp_source_safe,val,0,real,0.0013786922208964825,0.8212602734565735,0
faceforensics/real/671/000023.jpg,hybrid,ffpp_source_safe,val,0,real,0.003631441155448556,0.8212602734565735,0
faceforensics/real/671/000024.jpg,hybrid,ffpp_source_safe,val,0,real,0.0011647236533463001,0.8212602734565735,0
faceforensics/real/671/000025.jpg,hybrid,ffpp_source_safe,val,0,real,0.0008703806670382619,0.8212602734565735,0
faceforensics/real/671/000026.jpg,hybrid,ffpp_source_safe,val,0,real,0.002488652477040887,0.8212602734565735,0
faceforensics/real/671/000027.jpg,hybrid,ffpp_source_safe,val,0,real,0.0014271613908931613,0.8212602734565735,0
faceforensics/real/671/000028.jpg,hybrid,ffpp_source_safe,val,0,real,0.02312035672366619,0.8212602734565735,0
faceforensics/real/671/000029.jpg,hybrid,ffpp_source_safe,val,0,real,0.022208258509635925,0.8212602734565735,0
faceforensics/real/827/000000.jpg,hybrid,ffpp_source_safe,val,0,real,0.005641140975058079,0.8212602734565735,0
faceforensics/real/827/000001.jpg,hybrid,ffpp_source_safe,val,0,real,0.013593859039247036,0.8212602734565735,0
faceforensics/real/827/000002.jpg,hybrid,ffpp_source_safe,val,0,real,0.20820161700248718,0.8212602734565735,0
faceforensics/real/827/000003.jpg,hybrid,ffpp_source_safe,val,0,real,0.0008024823036976159,0.8212602734565735,0
faceforensics/real/827/000004.jpg,hybrid,ffpp_source_safe,val,0,real,6.676380871795118e-05,0.8212602734565735,0
faceforensics/real/827/000005.jpg,hybrid,ffpp_source_safe,val,0,real,7.715618266956881e-05,0.8212602734565735,0
faceforensics/real/827/000006.jpg,hybrid,ffpp_source_safe,val,0,real,3.969873796449974e-05,0.8212602734565735,0
faceforensics/real/827/000007.jpg,hybrid,ffpp_source_safe,val,0,real,0.002938393270596862,0.8212602734565735,0
faceforensics/real/827/000008.jpg,hybrid,ffpp_source_safe,val,0,real,6.265556294238195e-05,0.8212602734565735,0
faceforensics/real/827/000009.jpg,hybrid,ffpp_source_safe,val,0,real,5.4152806114871055e-05,0.8212602734565735,0
faceforensics/real/827/000010.jpg,hybrid,ffpp_source_safe,val,0,real,5.476395017467439e-05,0.8212602734565735,0
faceforensics/real/827/000011.jpg,hybrid,ffpp_source_safe,val,0,real,7.346351776504889e-05,0.8212602734565735,0
faceforensics/real/827/000012.jpg,hybrid,ffpp_source_safe,val,0,real,0.005955242086201906,0.8212602734565735,0
faceforensics/real/827/000013.jpg,hybrid,ffpp_source_safe,val,0,real,0.0012772426707670093,0.8212602734565735,0
faceforensics/real/827/000014.jpg,hybrid,ffpp_source_safe,val,0,real,5.600523218163289e-05,0.8212602734565735,0
faceforensics/real/827/000015.jpg,hybrid,ffpp_source_safe,val,0,real,0.01727963797748089,0.8212602734565735,0
faceforensics/real/827/000016.jpg,hybrid,ffpp_source_safe,val,0,real,0.001095473300665617,0.8212602734565735,0
faceforensics/real/827/000017.jpg,hybrid,ffpp_source_safe,val,0,real,0.0001980079832719639,0.8212602734565735,0
faceforensics/real/827/000018.jpg,hybrid,ffpp_source_safe,val,0,real,0.000541560526471585,0.8212602734565735,0
faceforensics/real/827/000019.jpg,hybrid,ffpp_source_safe,val,0,real,0.008581805042922497,0.8212602734565735,0
faceforensics/real/827/000020.jpg,hybrid,ffpp_source_safe,val,0,real,0.007501359097659588,0.8212602734565735,0
faceforensics/real/827/000021.jpg,hybrid,ffpp_source_safe,val,0,real,0.0002441603865008801,0.8212602734565735,0
faceforensics/real/827/000022.jpg,hybrid,ffpp_source_safe,val,0,real,0.0020726919174194336,0.8212602734565735,0
faceforensics/real/827/000023.jpg,hybrid,ffpp_source_safe,val,0,real,0.00017561257118359208,0.8212602734565735,0
faceforensics/real/827/000024.jpg,hybrid,ffpp_source_safe,val,0,real,0.0004976558848284185,0.8212602734565735,0
faceforensics/real/827/000025.jpg,hybrid,ffpp_source_safe,val,0,real,0.00018144058412872255,0.8212602734565735,0
faceforensics/real/827/000026.jpg,hybrid,ffpp_source_safe,val,0,real,0.00017465637938585132,0.8212602734565735,0
faceforensics/real/827/000027.jpg,hybrid,ffpp_source_safe,val,0,real,0.0060240644961595535,0.8212602734565735,0
faceforensics/real/827/000028.jpg,hybrid,ffpp_source_safe,val,0,real,0.00034358203993178904,0.8212602734565735,0
faceforensics/real/827/000029.jpg,hybrid,ffpp_source_safe,val,0,real,0.05348639562726021,0.8212602734565735,0
faceforensics/real/830/000000.jpg,hybrid,ffpp_source_safe,val,0,real,0.008338439278304577,0.8212602734565735,0
faceforensics/real/830/000001.jpg,hybrid,ffpp_source_safe,val,0,real,0.0006750954780727625,0.8212602734565735,0
faceforensics/real/830/000002.jpg,hybrid,ffpp_source_safe,val,0,real,0.0014896458014845848,0.8212602734565735,0
faceforensics/real/830/000003.jpg,hybrid,ffpp_source_safe,val,0,real,0.0007149499142542481,0.8212602734565735,0
faceforensics/real/830/000004.jpg,hybrid,ffpp_source_safe,val,0,real,0.0028552075382322073,0.8212602734565735,0
faceforensics/real/830/000005.jpg,hybrid,ffpp_source_safe,val,0,real,0.32610711455345154,0.8212602734565735,0
faceforensics/real/830/000006.jpg,hybrid,ffpp_source_safe,val,0,real,0.004551667254418135,0.8212602734565735,0
faceforensics/real/830/000007.jpg,hybrid,ffpp_source_safe,val,0,real,0.0016693312209099531,0.8212602734565735,0
faceforensics/real/830/000008.jpg,hybrid,ffpp_source_safe,val,0,real,0.002108304062858224,0.8212602734565735,0
faceforensics/real/830/000009.jpg,hybrid,ffpp_source_safe,val,0,real,0.0348782055079937,0.8212602734565735,0
faceforensics/real/830/000010.jpg,hybrid,ffpp_source_safe,val,0,real,0.009644035249948502,0.8212602734565735,0
faceforensics/real/830/000011.jpg,hybrid,ffpp_source_safe,val,0,real,0.004204076249152422,0.8212602734565735,0
faceforensics/real/830/000012.jpg,hybrid,ffpp_source_safe,val,0,real,0.01198558509349823,0.8212602734565735,0
faceforensics/real/830/000013.jpg,hybrid,ffpp_source_safe,val,0,real,0.024755632504820824,0.8212602734565735,0
faceforensics/real/830/000014.jpg,hybrid,ffpp_source_safe,val,0,real,0.015115991234779358,0.8212602734565735,0
faceforensics/real/830/000015.jpg,hybrid,ffpp_source_safe,val,0,real,0.008252827450633049,0.8212602734565735,0
faceforensics/real/830/000016.jpg,hybrid,ffpp_source_safe,val,0,real,0.005886532366275787,0.8212602734565735,0
faceforensics/real/830/000017.jpg,hybrid,ffpp_source_safe,val,0,real,0.0051487204618752,0.8212602734565735,0
faceforensics/real/830/000018.jpg,hybrid,ffpp_source_safe,val,0,real,0.0012406535679474473,0.8212602734565735,0
faceforensics/real/830/000019.jpg,hybrid,ffpp_source_safe,val,0,real,0.04899659380316734,0.8212602734565735,0
faceforensics/real/830/000020.jpg,hybrid,ffpp_source_safe,val,0,real,0.12196485698223114,0.8212602734565735,0
faceforensics/real/830/000021.jpg,hybrid,ffpp_source_safe,val,0,real,0.014575008302927017,0.8212602734565735,0
faceforensics/real/830/000022.jpg,hybrid,ffpp_source_safe,val,0,real,0.9560312032699585,0.8212602734565735,1
faceforensics/real/830/000023.jpg,hybrid,ffpp_source_safe,val,0,real,0.19739864766597748,0.8212602734565735,0
faceforensics/real/830/000024.jpg,hybrid,ffpp_source_safe,val,0,real,0.2573811113834381,0.8212602734565735,0
faceforensics/real/830/000025.jpg,hybrid,ffpp_source_safe,val,0,real,0.3427388668060303,0.8212602734565735,0
faceforensics/real/830/000026.jpg,hybrid,ffpp_source_safe,val,0,real,0.3454170823097229,0.8212602734565735,0
faceforensics/real/830/000027.jpg,hybrid,ffpp_source_safe,val,0,real,0.11569167673587799,0.8212602734565735,0
faceforensics/real/830/000028.jpg,hybrid,ffpp_source_safe,val,0,real,0.00498847384005785,0.8212602734565735,0
faceforensics/real/830/000029.jpg,hybrid,ffpp_source_safe,val,0,real,0.04808647930622101,0.8212602734565735,0
faceforensics/real/896/000000.jpg,hybrid,ffpp_source_safe,val,0,real,0.00015819740656297654,0.8212602734565735,0
faceforensics/real/896/000001.jpg,hybrid,ffpp_source_safe,val,0,real,0.0004527619166765362,0.8212602734565735,0
faceforensics/real/896/000002.jpg,hybrid,ffpp_source_safe,val,0,real,0.00010533098975429311,0.8212602734565735,0
faceforensics/real/896/000003.jpg,hybrid,ffpp_source_safe,val,0,real,0.00036997790448367596,0.8212602734565735,0
faceforensics/real/896/000004.jpg,hybrid,ffpp_source_safe,val,0,real,0.00013808978837914765,0.8212602734565735,0
faceforensics/real/896/000005.jpg,hybrid,ffpp_source_safe,val,0,real,0.002184289274737239,0.8212602734565735,0
faceforensics/real/896/000006.jpg,hybrid,ffpp_source_safe,val,0,real,0.01313185878098011,0.8212602734565735,0
faceforensics/real/896/000007.jpg,hybrid,ffpp_source_safe,val,0,real,0.0003650896833278239,0.8212602734565735,0
faceforensics/real/896/000008.jpg,hybrid,ffpp_source_safe,val,0,real,0.00011201010784134269,0.8212602734565735,0
faceforensics/real/896/000009.jpg,hybrid,ffpp_source_safe,val,0,real,5.860931196366437e-05,0.8212602734565735,0
faceforensics/real/896/000010.jpg,hybrid,ffpp_source_safe,val,0,real,3.3157735742861405e-05,0.8212602734565735,0
faceforensics/real/896/000011.jpg,hybrid,ffpp_source_safe,val,0,real,0.000673260074108839,0.8212602734565735,0
faceforensics/real/896/000012.jpg,hybrid,ffpp_source_safe,val,0,real,0.00010396508878329769,0.8212602734565735,0
faceforensics/real/896/000013.jpg,hybrid,ffpp_source_safe,val,0,real,0.00010481988283572719,0.8212602734565735,0
faceforensics/real/896/000014.jpg,hybrid,ffpp_source_safe,val,0,real,0.00023814427549950778,0.8212602734565735,0
faceforensics/real/896/000015.jpg,hybrid,ffpp_source_safe,val,0,real,0.0001575987844262272,0.8212602734565735,0
faceforensics/real/896/000016.jpg,hybrid,ffpp_source_safe,val,0,real,0.0003821179270744324,0.8212602734565735,0
faceforensics/real/896/000017.jpg,hybrid,ffpp_source_safe,val,0,real,3.8291105738608167e-05,0.8212602734565735,0
faceforensics/real/896/000018.jpg,hybrid,ffpp_source_safe,val,0,real,2.926343950093724e-05,0.8212602734565735,0
faceforensics/real/896/000019.jpg,hybrid,ffpp_source_safe,val,0,real,7.593755435664207e-05,0.8212602734565735,0
faceforensics/real/896/000020.jpg,hybrid,ffpp_source_safe,val,0,real,1.8618442481965758e-05,0.8212602734565735,0
faceforensics/real/896/000021.jpg,hybrid,ffpp_source_safe,val,0,real,1.8352429833612405e-05,0.8212602734565735,0
faceforensics/real/896/000022.jpg,hybrid,ffpp_source_safe,val,0,real,7.671460480196401e-05,0.8212602734565735,0
faceforensics/real/896/000023.jpg,hybrid,ffpp_source_safe,val,0,real,0.0003187106631230563,0.8212602734565735,0
faceforensics/real/896/000024.jpg,hybrid,ffpp_source_safe,val,0,real,0.00011331841233186424,0.8212602734565735,0
faceforensics/real/896/000025.jpg,hybrid,ffpp_source_safe,val,0,real,2.021285217779223e-05,0.8212602734565735,0
faceforensics/real/896/000026.jpg,hybrid,ffpp_source_safe,val,0,real,0.001161379972472787,0.8212602734565735,0
faceforensics/real/896/000027.jpg,hybrid,ffpp_source_safe,val,0,real,0.00042433326598256826,0.8212602734565735,0
faceforensics/real/896/000028.jpg,hybrid,ffpp_source_safe,val,0,real,0.0012524244375526905,0.8212602734565735,0
faceforensics/real/896/000029.jpg,hybrid,ffpp_source_safe,val,0,real,0.00017739381291903555,0.8212602734565735,0
faceforensics/real/897/000000.jpg,hybrid,ffpp_source_safe,val,0,real,1.0112173185916618e-05,0.8212602734565735,0
faceforensics/real/897/000001.jpg,hybrid,ffpp_source_safe,val,0,real,3.053566979360767e-05,0.8212602734565735,0
faceforensics/real/897/000002.jpg,hybrid,ffpp_source_safe,val,0,real,0.00048258749302476645,0.8212602734565735,0
faceforensics/real/897/000003.jpg,hybrid,ffpp_source_safe,val,0,real,6.559699249919504e-05,0.8212602734565735,0
faceforensics/real/897/000004.jpg,hybrid,ffpp_source_safe,val,0,real,0.10345378518104553,0.8212602734565735,0
faceforensics/real/897/000005.jpg,hybrid,ffpp_source_safe,val,0,real,0.0016827237559482455,0.8212602734565735,0
faceforensics/real/897/000006.jpg,hybrid,ffpp_source_safe,val,0,real,0.00020207627676427364,0.8212602734565735,0
faceforensics/real/897/000007.jpg,hybrid,ffpp_source_safe,val,0,real,8.218402217607945e-05,0.8212602734565735,0
faceforensics/real/897/000008.jpg,hybrid,ffpp_source_safe,val,0,real,1.160485226137098e-05,0.8212602734565735,0
faceforensics/real/897/000009.jpg,hybrid,ffpp_source_safe,val,0,real,2.5419914891244844e-05,0.8212602734565735,0
faceforensics/real/897/000010.jpg,hybrid,ffpp_source_safe,val,0,real,7.075619123497745e-06,0.8212602734565735,0
faceforensics/real/897/000011.jpg,hybrid,ffpp_source_safe,val,0,real,6.689713336527348e-05,0.8212602734565735,0
faceforensics/real/897/000012.jpg,hybrid,ffpp_source_safe,val,0,real,2.501317794667557e-05,0.8212602734565735,0
faceforensics/real/897/000013.jpg,hybrid,ffpp_source_safe,val,0,real,0.0012066034832969308,0.8212602734565735,0
faceforensics/real/897/000014.jpg,hybrid,ffpp_source_safe,val,0,real,0.002833736827597022,0.8212602734565735,0
faceforensics/real/897/000015.jpg,hybrid,ffpp_source_safe,val,0,real,0.0606631264090538,0.8212602734565735,0
faceforensics/real/897/000016.jpg,hybrid,ffpp_source_safe,val,0,real,0.003990261349827051,0.8212602734565735,0
faceforensics/real/897/000017.jpg,hybrid,ffpp_source_safe,val,0,real,0.01510072872042656,0.8212602734565735,0
faceforensics/real/897/000018.jpg,hybrid,ffpp_source_safe,val,0,real,0.0006869827629998326,0.8212602734565735,0
faceforensics/real/897/000019.jpg,hybrid,ffpp_source_safe,val,0,real,0.002114457543939352,0.8212602734565735,0
faceforensics/real/897/000020.jpg,hybrid,ffpp_source_safe,val,0,real,0.7277377247810364,0.8212602734565735,0
faceforensics/real/897/000021.jpg,hybrid,ffpp_source_safe,val,0,real,0.006646500900387764,0.8212602734565735,0
faceforensics/real/897/000022.jpg,hybrid,ffpp_source_safe,val,0,real,0.002310314914211631,0.8212602734565735,0
faceforensics/real/897/000023.jpg,hybrid,ffpp_source_safe,val,0,real,0.0007762530003674328,0.8212602734565735,0
faceforensics/real/897/000024.jpg,hybrid,ffpp_source_safe,val,0,real,0.0010690855560824275,0.8212602734565735,0
faceforensics/real/897/000025.jpg,hybrid,ffpp_source_safe,val,0,real,0.4868486225605011,0.8212602734565735,0
faceforensics/real/897/000026.jpg,hybrid,ffpp_source_safe,val,0,real,0.011132223531603813,0.8212602734565735,0
faceforensics/real/897/000027.jpg,hybrid,ffpp_source_safe,val,0,real,0.09825216233730316,0.8212602734565735,0
faceforensics/real/897/000028.jpg,hybrid,ffpp_source_safe,val,0,real,0.2703150510787964,0.8212602734565735,0
faceforensics/real/897/000029.jpg,hybrid,ffpp_source_safe,val,0,real,0.2556481659412384,0.8212602734565735,0
faceforensics/real/920/000000.jpg,hybrid,ffpp_source_safe,val,0,real,0.021541448310017586,0.8212602734565735,0
faceforensics/real/920/000001.jpg,hybrid,ffpp_source_safe,val,0,real,0.0012962210457772017,0.8212602734565735,0
faceforensics/real/920/000002.jpg,hybrid,ffpp_source_safe,val,0,real,0.000379790406441316,0.8212602734565735,0
faceforensics/real/920/000003.jpg,hybrid,ffpp_source_safe,val,0,real,0.038027990609407425,0.8212602734565735,0
faceforensics/real/920/000004.jpg,hybrid,ffpp_source_safe,val,0,real,0.003182991873472929,0.8212602734565735,0
faceforensics/real/920/000005.jpg,hybrid,ffpp_source_safe,val,0,real,0.00015722114767413586,0.8212602734565735,0
faceforensics/real/920/000006.jpg,hybrid,ffpp_source_safe,val,0,real,0.04855210706591606,0.8212602734565735,0
faceforensics/real/920/000007.jpg,hybrid,ffpp_source_safe,val,0,real,0.014963826164603233,0.8212602734565735,0
faceforensics/real/920/000008.jpg,hybrid,ffpp_source_safe,val,0,real,0.0055053383111953735,0.8212602734565735,0
faceforensics/real/920/000009.jpg,hybrid,ffpp_source_safe,val,0,real,0.0007701529539190233,0.8212602734565735,0
faceforensics/real/920/000010.jpg,hybrid,ffpp_source_safe,val,0,real,0.005200336687266827,0.8212602734565735,0
faceforensics/real/920/000011.jpg,hybrid,ffpp_source_safe,val,0,real,0.13527502119541168,0.8212602734565735,0
faceforensics/real/920/000012.jpg,hybrid,ffpp_source_safe,val,0,real,0.007686690427362919,0.8212602734565735,0
faceforensics/real/920/000013.jpg,hybrid,ffpp_source_safe,val,0,real,0.004836122039705515,0.8212602734565735,0
faceforensics/real/920/000014.jpg,hybrid,ffpp_source_safe,val,0,real,0.09749492257833481,0.8212602734565735,0
faceforensics/real/920/000015.jpg,hybrid,ffpp_source_safe,val,0,real,0.053294289857149124,0.8212602734565735,0
faceforensics/real/920/000016.jpg,hybrid,ffpp_source_safe,val,0,real,0.009375028312206268,0.8212602734565735,0
faceforensics/real/920/000017.jpg,hybrid,ffpp_source_safe,val,0,real,0.0525030754506588,0.8212602734565735,0
faceforensics/real/920/000018.jpg,hybrid,ffpp_source_safe,val,0,real,0.0032688456121832132,0.8212602734565735,0
faceforensics/real/920/000019.jpg,hybrid,ffpp_source_safe,val,0,real,0.0004543065733741969,0.8212602734565735,0
faceforensics/real/920/000020.jpg,hybrid,ffpp_source_safe,val,0,real,0.02320018783211708,0.8212602734565735,0
faceforensics/real/920/000021.jpg,hybrid,ffpp_source_safe,val,0,real,0.0038176497910171747,0.8212602734565735,0
faceforensics/real/920/000022.jpg,hybrid,ffpp_source_safe,val,0,real,0.027110392227768898,0.8212602734565735,0
faceforensics/real/920/000023.jpg,hybrid,ffpp_source_safe,val,0,real,0.024045348167419434,0.8212602734565735,0
faceforensics/real/920/000024.jpg,hybrid,ffpp_source_safe,val,0,real,0.0007947091944515705,0.8212602734565735,0
faceforensics/real/920/000025.jpg,hybrid,ffpp_source_safe,val,0,real,0.0012428179616108537,0.8212602734565735,0
faceforensics/real/920/000026.jpg,hybrid,ffpp_source_safe,val,0,real,0.0036983501631766558,0.8212602734565735,0
faceforensics/real/920/000027.jpg,hybrid,ffpp_source_safe,val,0,real,0.0026883266400545835,0.8212602734565735,0
faceforensics/real/920/000028.jpg,hybrid,ffpp_source_safe,val,0,real,0.0025093629956245422,0.8212602734565735,0
faceforensics/real/920/000029.jpg,hybrid,ffpp_source_safe,val,0,real,0.0002784299140330404,0.8212602734565735,0
faceforensics/real/943/000000.jpg,hybrid,ffpp_source_safe,val,0,real,6.1894825194031e-06,0.8212602734565735,0
faceforensics/real/943/000001.jpg,hybrid,ffpp_source_safe,val,0,real,2.967254476970993e-05,0.8212602734565735,0
faceforensics/real/943/000002.jpg,hybrid,ffpp_source_safe,val,0,real,1.4105105947237462e-05,0.8212602734565735,0
faceforensics/real/943/000003.jpg,hybrid,ffpp_source_safe,val,0,real,9.496605343883857e-06,0.8212602734565735,0
faceforensics/real/943/000004.jpg,hybrid,ffpp_source_safe,val,0,real,3.005608232342638e-05,0.8212602734565735,0
faceforensics/real/943/000005.jpg,hybrid,ffpp_source_safe,val,0,real,2.438006595184561e-05,0.8212602734565735,0
faceforensics/real/943/000006.jpg,hybrid,ffpp_source_safe,val,0,real,6.270317953749327e-06,0.8212602734565735,0
faceforensics/real/943/000007.jpg,hybrid,ffpp_source_safe,val,0,real,1.7320801362075144e-06,0.8212602734565735,0
faceforensics/real/943/000008.jpg,hybrid,ffpp_source_safe,val,0,real,2.3377269826596603e-05,0.8212602734565735,0
faceforensics/real/943/000009.jpg,hybrid,ffpp_source_safe,val,0,real,5.634373155771755e-05,0.8212602734565735,0
faceforensics/real/943/000010.jpg,hybrid,ffpp_source_safe,val,0,real,0.00043609653948806226,0.8212602734565735,0
faceforensics/real/943/000011.jpg,hybrid,ffpp_source_safe,val,0,real,7.48254615245969e-06,0.8212602734565735,0
faceforensics/real/943/000012.jpg,hybrid,ffpp_source_safe,val,0,real,2.431493703625165e-05,0.8212602734565735,0
faceforensics/real/943/000013.jpg,hybrid,ffpp_source_safe,val,0,real,2.6413352316012606e-05,0.8212602734565735,0
faceforensics/real/943/000014.jpg,hybrid,ffpp_source_safe,val,0,real,1.576908107381314e-05,0.8212602734565735,0
faceforensics/real/943/000015.jpg,hybrid,ffpp_source_safe,val,0,real,0.00011100328993052244,0.8212602734565735,0
faceforensics/real/943/000016.jpg,hybrid,ffpp_source_safe,val,0,real,2.052050331258215e-05,0.8212602734565735,0
faceforensics/real/943/000017.jpg,hybrid,ffpp_source_safe,val,0,real,5.794245225843042e-06,0.8212602734565735,0
faceforensics/real/943/000018.jpg,hybrid,ffpp_source_safe,val,0,real,4.0022723624133505e-06,0.8212602734565735,0
faceforensics/real/943/000019.jpg,hybrid,ffpp_source_safe,val,0,real,4.800219903700054e-05,0.8212602734565735,0
faceforensics/real/943/000020.jpg,hybrid,ffpp_source_safe,val,0,real,6.026105893397471e-06,0.8212602734565735,0
faceforensics/real/943/000021.jpg,hybrid,ffpp_source_safe,val,0,real,1.1296099728497211e-05,0.8212602734565735,0
faceforensics/real/943/000022.jpg,hybrid,ffpp_source_safe,val,0,real,2.7091305128124077e-06,0.8212602734565735,0
faceforensics/real/943/000023.jpg,hybrid,ffpp_source_safe,val,0,real,3.911740714102052e-05,0.8212602734565735,0
faceforensics/real/943/000024.jpg,hybrid,ffpp_source_safe,val,0,real,2.565086651884485e-05,0.8212602734565735,0
faceforensics/real/943/000025.jpg,hybrid,ffpp_source_safe,val,0,real,1.2260420589882415e-05,0.8212602734565735,0
faceforensics/real/943/000026.jpg,hybrid,ffpp_source_safe,val,0,real,1.4498264135909267e-05,0.8212602734565735,0
faceforensics/real/943/000027.jpg,hybrid,ffpp_source_safe,val,0,real,2.9502805318770697e-06,0.8212602734565735,0
faceforensics/real/943/000028.jpg,hybrid,ffpp_source_safe,val,0,real,7.712817932770122e-06,0.8212602734565735,0
faceforensics/real/943/000029.jpg,hybrid,ffpp_source_safe,val,0,real,3.1672445857111597e-06,0.8212602734565735,0
faceforensics/real/947/000000.jpg,hybrid,ffpp_source_safe,val,0,real,0.007001099642366171,0.8212602734565735,0
faceforensics/real/947/000001.jpg,hybrid,ffpp_source_safe,val,0,real,0.004897774662822485,0.8212602734565735,0
faceforensics/real/947/000002.jpg,hybrid,ffpp_source_safe,val,0,real,0.051790058612823486,0.8212602734565735,0
faceforensics/real/947/000003.jpg,hybrid,ffpp_source_safe,val,0,real,0.0018344441195949912,0.8212602734565735,0
faceforensics/real/947/000004.jpg,hybrid,ffpp_source_safe,val,0,real,0.0008628827636130154,0.8212602734565735,0
faceforensics/real/947/000005.jpg,hybrid,ffpp_source_safe,val,0,real,0.00037864167825318873,0.8212602734565735,0
faceforensics/real/947/000006.jpg,hybrid,ffpp_source_safe,val,0,real,0.0010601378744468093,0.8212602734565735,0
faceforensics/real/947/000007.jpg,hybrid,ffpp_source_safe,val,0,real,0.00048333348240703344,0.8212602734565735,0
faceforensics/real/947/000008.jpg,hybrid,ffpp_source_safe,val,0,real,0.0003136989544145763,0.8212602734565735,0
faceforensics/real/947/000009.jpg,hybrid,ffpp_source_safe,val,0,real,0.007930385880172253,0.8212602734565735,0
faceforensics/real/947/000010.jpg,hybrid,ffpp_source_safe,val,0,real,0.001540333149023354,0.8212602734565735,0
faceforensics/real/947/000011.jpg,hybrid,ffpp_source_safe,val,0,real,0.0002479644608683884,0.8212602734565735,0
faceforensics/real/947/000012.jpg,hybrid,ffpp_source_safe,val,0,real,0.01182028092443943,0.8212602734565735,0
faceforensics/real/947/000013.jpg,hybrid,ffpp_source_safe,val,0,real,0.00012911886733490974,0.8212602734565735,0
faceforensics/real/947/000014.jpg,hybrid,ffpp_source_safe,val,0,real,0.0002647247747518122,0.8212602734565735,0
faceforensics/real/947/000015.jpg,hybrid,ffpp_source_safe,val,0,real,0.0002931581111624837,0.8212602734565735,0
faceforensics/real/947/000016.jpg,hybrid,ffpp_source_safe,val,0,real,0.00017808697884902358,0.8212602734565735,0
faceforensics/real/947/000017.jpg,hybrid,ffpp_source_safe,val,0,real,0.7619511485099792,0.8212602734565735,0
faceforensics/real/947/000018.jpg,hybrid,ffpp_source_safe,val,0,real,0.0024304906837642193,0.8212602734565735,0
faceforensics/real/947/000019.jpg,hybrid,ffpp_source_safe,val,0,real,0.00042510576895438135,0.8212602734565735,0
faceforensics/real/947/000020.jpg,hybrid,ffpp_source_safe,val,0,real,0.0003158629988320172,0.8212602734565735,0
faceforensics/real/947/000021.jpg,hybrid,ffpp_source_safe,val,0,real,0.0005827950080856681,0.8212602734565735,0
faceforensics/real/947/000022.jpg,hybrid,ffpp_source_safe,val,0,real,0.0013241791166365147,0.8212602734565735,0
faceforensics/real/947/000023.jpg,hybrid,ffpp_source_safe,val,0,real,0.00029023608658462763,0.8212602734565735,0
faceforensics/real/947/000024.jpg,hybrid,ffpp_source_safe,val,0,real,0.0006689021829515696,0.8212602734565735,0
faceforensics/real/947/000025.jpg,hybrid,ffpp_source_safe,val,0,real,0.0003228019049856812,0.8212602734565735,0
faceforensics/real/947/000026.jpg,hybrid,ffpp_source_safe,val,0,real,0.0008519510156475008,0.8212602734565735,0
faceforensics/real/947/000027.jpg,hybrid,ffpp_source_safe,val,0,real,0.016442984342575073,0.8212602734565735,0
faceforensics/real/947/000028.jpg,hybrid,ffpp_source_safe,val,0,real,0.002083508064970374,0.8212602734565735,0
faceforensics/real/947/000029.jpg,hybrid,ffpp_source_safe,val,0,real,0.0006156552117317915,0.8212602734565735,0
faceforensics/real/988/000000.jpg,hybrid,ffpp_source_safe,val,0,real,0.0001748429931467399,0.8212602734565735,0
faceforensics/real/988/000001.jpg,hybrid,ffpp_source_safe,val,0,real,0.00042386693530716,0.8212602734565735,0
faceforensics/real/988/000002.jpg,hybrid,ffpp_source_safe,val,0,real,0.5255898833274841,0.8212602734565735,0
faceforensics/real/988/000003.jpg,hybrid,ffpp_source_safe,val,0,real,0.0002971901558339596,0.8212602734565735,0
faceforensics/real/988/000004.jpg,hybrid,ffpp_source_safe,val,0,real,0.022006522864103317,0.8212602734565735,0
faceforensics/real/988/000005.jpg,hybrid,ffpp_source_safe,val,0,real,0.0005126874893903732,0.8212602734565735,0
faceforensics/real/988/000006.jpg,hybrid,ffpp_source_safe,val,0,real,0.00029847564292140305,0.8212602734565735,0
faceforensics/real/988/000007.jpg,hybrid,ffpp_source_safe,val,0,real,0.0008576759719289839,0.8212602734565735,0
faceforensics/real/988/000008.jpg,hybrid,ffpp_source_safe,val,0,real,0.0004261269932612777,0.8212602734565735,0
faceforensics/real/988/000009.jpg,hybrid,ffpp_source_safe,val,0,real,0.024038109928369522,0.8212602734565735,0
faceforensics/real/988/000010.jpg,hybrid,ffpp_source_safe,val,0,real,0.004574489779770374,0.8212602734565735,0
faceforensics/real/988/000011.jpg,hybrid,ffpp_source_safe,val,0,real,0.0014096770901232958,0.8212602734565735,0
faceforensics/real/988/000012.jpg,hybrid,ffpp_source_safe,val,0,real,0.00030030295602045953,0.8212602734565735,0
faceforensics/real/988/000013.jpg,hybrid,ffpp_source_safe,val,0,real,0.00020654749823734164,0.8212602734565735,0
faceforensics/real/988/000014.jpg,hybrid,ffpp_source_safe,val,0,real,9.728800068842247e-05,0.8212602734565735,0
faceforensics/real/988/000015.jpg,hybrid,ffpp_source_safe,val,0,real,0.00017599073180463165,0.8212602734565735,0
faceforensics/real/988/000016.jpg,hybrid,ffpp_source_safe,val,0,real,0.000641013728454709,0.8212602734565735,0
faceforensics/real/988/000017.jpg,hybrid,ffpp_source_safe,val,0,real,0.00043845936306752264,0.8212602734565735,0
faceforensics/real/988/000018.jpg,hybrid,ffpp_source_safe,val,0,real,0.00022638797236140817,0.8212602734565735,0
faceforensics/real/988/000019.jpg,hybrid,ffpp_source_safe,val,0,real,0.0020723978523164988,0.8212602734565735,0
faceforensics/real/988/000020.jpg,hybrid,ffpp_source_safe,val,0,real,0.001891464926302433,0.8212602734565735,0
faceforensics/real/988/000021.jpg,hybrid,ffpp_source_safe,val,0,real,0.00011721191549440846,0.8212602734565735,0
faceforensics/real/988/000022.jpg,hybrid,ffpp_source_safe,val,0,real,0.000326240697177127,0.8212602734565735,0
faceforensics/real/988/000023.jpg,hybrid,ffpp_source_safe,val,0,real,0.00023296497238334268,0.8212602734565735,0
faceforensics/real/988/000024.jpg,hybrid,ffpp_source_safe,val,0,real,0.007432740647345781,0.8212602734565735,0
faceforensics/real/988/000025.jpg,hybrid,ffpp_source_safe,val,0,real,0.007413550280034542,0.8212602734565735,0
faceforensics/real/988/000026.jpg,hybrid,ffpp_source_safe,val,0,real,0.0007731756195425987,0.8212602734565735,0
faceforensics/real/988/000027.jpg,hybrid,ffpp_source_safe,val,0,real,0.0008774911984801292,0.8212602734565735,0
faceforensics/real/988/000028.jpg,hybrid,ffpp_source_safe,val,0,real,0.001158837229013443,0.8212602734565735,0
faceforensics/real/988/000029.jpg,hybrid,ffpp_source_safe,val,0,real,0.004036604892462492,0.8212602734565735,0
faceforensics/real/992/000000.jpg,hybrid,ffpp_source_safe,val,0,real,0.007341630756855011,0.8212602734565735,0
faceforensics/real/992/000001.jpg,hybrid,ffpp_source_safe,val,0,real,0.007581727579236031,0.8212602734565735,0
faceforensics/real/992/000002.jpg,hybrid,ffpp_source_safe,val,0,real,0.0055212052538990974,0.8212602734565735,0
faceforensics/real/992/000003.jpg,hybrid,ffpp_source_safe,val,0,real,0.0033891920465976,0.8212602734565735,0
faceforensics/real/992/000004.jpg,hybrid,ffpp_source_safe,val,0,real,0.863052248954773,0.8212602734565735,1
faceforensics/real/992/000005.jpg,hybrid,ffpp_source_safe,val,0,real,0.7504073977470398,0.8212602734565735,0
faceforensics/real/992/000006.jpg,hybrid,ffpp_source_safe,val,0,real,0.007534679491072893,0.8212602734565735,0
faceforensics/real/992/000007.jpg,hybrid,ffpp_source_safe,val,0,real,0.004067071247845888,0.8212602734565735,0
faceforensics/real/992/000008.jpg,hybrid,ffpp_source_safe,val,0,real,0.0004182309494353831,0.8212602734565735,0
faceforensics/real/992/000009.jpg,hybrid,ffpp_source_safe,val,0,real,0.0014834702014923096,0.8212602734565735,0
faceforensics/real/992/000010.jpg,hybrid,ffpp_source_safe,val,0,real,0.009799697436392307,0.8212602734565735,0
faceforensics/real/992/000011.jpg,hybrid,ffpp_source_safe,val,0,real,0.0033531999215483665,0.8212602734565735,0
faceforensics/real/992/000012.jpg,hybrid,ffpp_source_safe,val,0,real,4.292017547413707e-05,0.8212602734565735,0
faceforensics/real/992/000013.jpg,hybrid,ffpp_source_safe,val,0,real,0.8745851516723633,0.8212602734565735,1
faceforensics/real/992/000014.jpg,hybrid,ffpp_source_safe,val,0,real,0.014210103079676628,0.8212602734565735,0
faceforensics/real/992/000015.jpg,hybrid,ffpp_source_safe,val,0,real,0.00416522566229105,0.8212602734565735,0
faceforensics/real/992/000016.jpg,hybrid,ffpp_source_safe,val,0,real,0.004207738675177097,0.8212602734565735,0
faceforensics/real/992/000017.jpg,hybrid,ffpp_source_safe,val,0,real,0.03224925324320793,0.8212602734565735,0
faceforensics/real/992/000018.jpg,hybrid,ffpp_source_safe,val,0,real,0.23570656776428223,0.8212602734565735,0
faceforensics/real/992/000019.jpg,hybrid,ffpp_source_safe,val,0,real,0.009364524856209755,0.8212602734565735,0
faceforensics/real/992/000020.jpg,hybrid,ffpp_source_safe,val,0,real,0.006024669390171766,0.8212602734565735,0
faceforensics/real/992/000021.jpg,hybrid,ffpp_source_safe,val,0,real,0.6308593153953552,0.8212602734565735,0
faceforensics/real/992/000022.jpg,hybrid,ffpp_source_safe,val,0,real,0.003986830823123455,0.8212602734565735,0
faceforensics/real/992/000023.jpg,hybrid,ffpp_source_safe,val,0,real,0.0026886246632784605,0.8212602734565735,0
faceforensics/real/992/000024.jpg,hybrid,ffpp_source_safe,val,0,real,0.015916485339403152,0.8212602734565735,0
faceforensics/real/992/000025.jpg,hybrid,ffpp_source_safe,val,0,real,0.0005457308143377304,0.8212602734565735,0
faceforensics/real/992/000026.jpg,hybrid,ffpp_source_safe,val,0,real,0.00010859991743927822,0.8212602734565735,0
faceforensics/real/992/000027.jpg,hybrid,ffpp_source_safe,val,0,real,0.1252901703119278,0.8212602734565735,0
faceforensics/real/992/000028.jpg,hybrid,ffpp_source_safe,val,0,real,0.010339617729187012,0.8212602734565735,0
faceforensics/real/992/000029.jpg,hybrid,ffpp_source_safe,val,0,real,0.046487174928188324,0.8212602734565735,0
faceforensics/Deepfakes/054_071/000000.jpg,hybrid,ffpp_source_safe,val,1,Deepfakes,0.9997013211250305,0.8212602734565735,1
faceforensics/Deepfakes/054_071/000001.jpg,hybrid,ffpp_source_safe,val,1,Deepfakes,0.999818742275238,0.8212602734565735,1
faceforensics/Deepfakes/054_071/000002.jpg,hybrid,ffpp_source_safe,val,1,Deepfakes,0.9999552965164185,0.8212602734565735,1
faceforensics/Deepfakes/054_071/000003.jpg,hybrid,ffpp_source_safe,val,1,Deepfakes,0.9999316930770874,0.8212602734565735,1
faceforensics/Deepfakes/054_071/000004.jpg,hybrid,ffpp_source_safe,val,1,Deepfakes,0.9998675584793091,0.8212602734565735,1
faceforensics/Deepfakes/054_071/000005.jpg,hybrid,ffpp_source_safe,val,1,Deepfakes,0.9955471754074097,0.8212602734565735,1
faceforensics/Deepfakes/054_071/000006.jpg,hybrid,ffpp_source_safe,val,1,Deepfakes,0.9999343156814575,0.8212602734565735,1
faceforensics/Deepfakes/054_071/000007.jpg,hybrid,ffpp_source_safe,val,1,Deepfakes,0.999431312084198,0.8212602734565735,1
faceforensics/Deepfakes/054_071/000008.jpg,hybrid,ffpp_source_safe,val,1,Deepfakes,0.9992719292640686,0.8212602734565735,1
faceforensics/Deepfakes/054_071/000009.jpg,hybrid,ffpp_source_safe,val,1,Deepfakes,0.9976822137832642,0.8212602734565735,1
faceforensics/Deepfakes/054_071/000010.jpg,hybrid,ffpp_source_safe,val,1,Deepfakes,0.9999643564224243,0.8212602734565735,1
faceforensics/Deepfakes/054_071/000011.jpg,hybrid,ffpp_source_safe,val,1,Deepfakes,0.9999421834945679,0.8212602734565735,1
faceforensics/Deepfakes/054_071/000012.jpg,hybrid,ffpp_source_safe,val,1,Deepfakes,0.9999709129333496,0.8212602734565735,1
faceforensics/Deepfakes/054_071/000013.jpg,hybrid,ffpp_source_safe,val,1,Deepfakes,0.9999455213546753,0.8212602734565735,1
faceforensics/Deepfakes/054_071/000014.jpg,hybrid,ffpp_source_safe,val,1,Deepfakes,0.9999822378158569,0.8212602734565735,1
faceforensics/Deepfakes/054_071/000015.jpg,hybrid,ffpp_source_safe,val,1,Deepfakes,0.999937891960144,0.8212602734565735,1
faceforensics/Deepfakes/054_071/000016.jpg,hybrid,ffpp_source_safe,val,1,Deepfakes,0.997480571269989,0.8212602734565735,1
faceforensics/Deepfakes/054_071/000017.jpg,hybrid,ffpp_source_safe,val,1,Deepfakes,0.9999306201934814,0.8212602734565735,1
faceforensics/Deepfakes/054_071/000018.jpg,hybrid,ffpp_source_safe,val,1,Deepfakes,0.9999945163726807,0.8212602734565735,1
faceforensics/Deepfakes/054_071/000019.jpg,hybrid,ffpp_source_safe,val,1,Deepfakes,0.9999849796295166,0.8212602734565735,1
faceforensics/Deepfakes/054_071/000020.jpg,hybrid,ffpp_source_safe,val,1,Deepfakes,0.9999812841415405,0.8212602734565735,1
faceforensics/Deepfakes/054_071/000021.jpg,hybrid,ffpp_source_safe,val,1,Deepfakes,0.9999918937683105,0.8212602734565735,1
faceforensics/Deepfakes/054_071/000022.jpg,hybrid,ffpp_source_safe,val,1,Deepfakes,0.9993904829025269,0.8212602734565735,1
faceforensics/Deepfakes/054_071/000023.jpg,hybrid,ffpp_source_safe,val,1,Deepfakes,0.9999423027038574,0.8212602734565735,1
faceforensics/Deepfakes/054_071/000024.jpg,hybrid,ffpp_source_safe,val,1,Deepfakes,0.99965500831604,0.8212602734565735,1
faceforensics/Deepfakes/054_071/000025.jpg,hybrid,ffpp_source_safe,val,1,Deepfakes,0.9999845027923584,0.8212602734565735,1
faceforensics/Deepfakes/054_071/000026.jpg,hybrid,ffpp_source_safe,val,1,Deepfakes,0.9998600482940674,0.8212602734565735,1
faceforensics/Deepfakes/054_071/000027.jpg,hybrid,ffpp_source_safe,val,1,Deepfakes,0.9999324083328247,0.8212602734565735,1
faceforensics/Deepfakes/054_071/000028.jpg,hybrid,ffpp_source_safe,val,1,Deepfakes,0.9999196529388428,0.8212602734565735,1
faceforensics/Deepfakes/054_071/000029.jpg,hybrid,ffpp_source_safe,val,1,Deepfakes,0.9993900060653687,0.8212602734565735,1
faceforensics/Deepfakes/071_054/000000.jpg,hybrid,ffpp_source_safe,val,1,Deepfakes,0.03863966837525368,0.8212602734565735,0
faceforensics/Deepfakes/071_054/000001.jpg,hybrid,ffpp_source_safe,val,1,Deepfakes,0.011376789771020412,0.8212602734565735,0
faceforensics/Deepfakes/071_054/000002.jpg,hybrid,ffpp_source_safe,val,1,Deepfakes,0.0427420549094677,0.8212602734565735,0
faceforensics/Deepfakes/071_054/000003.jpg,hybrid,ffpp_source_safe,val,1,Deepfakes,0.015445551835000515,0.8212602734565735,0
faceforensics/Deepfakes/071_054/000004.jpg,hybrid,ffpp_source_safe,val,1,Deepfakes,0.08772535622119904,0.8212602734565735,0
faceforensics/Deepfakes/071_054/000005.jpg,hybrid,ffpp_source_safe,val,1,Deepfakes,0.1398354172706604,0.8212602734565735,0
faceforensics/Deepfakes/071_054/000006.jpg,hybrid,ffpp_source_safe,val,1,Deepfakes,0.00234684394672513,0.8212602734565735,0
faceforensics/Deepfakes/071_054/000007.jpg,hybrid,ffpp_source_safe,val,1,Deepfakes,0.0019542258232831955,0.8212602734565735,0
faceforensics/Deepfakes/071_054/000008.jpg,hybrid,ffpp_source_safe,val,1,Deepfakes,0.014378064312040806,0.8212602734565735,0
faceforensics/Deepfakes/071_054/000009.jpg,hybrid,ffpp_source_safe,val,1,Deepfakes,0.11284711956977844,0.8212602734565735,0
faceforensics/Deepfakes/071_054/000010.jpg,hybrid,ffpp_source_safe,val,1,Deepfakes,0.13501596450805664,0.8212602734565735,0
faceforensics/Deepfakes/071_054/000011.jpg,hybrid,ffpp_source_safe,val,1,Deepfakes,0.8249053955078125,0.8212602734565735,1
faceforensics/Deepfakes/071_054/000012.jpg,hybrid,ffpp_source_safe,val,1,Deepfakes,0.04767417907714844,0.8212602734565735,0
faceforensics/Deepfakes/071_054/000013.jpg,hybrid,ffpp_source_safe,val,1,Deepfakes,0.3337247669696808,0.8212602734565735,0
faceforensics/Deepfakes/071_054/000014.jpg,hybrid,ffpp_source_safe,val,1,Deepfakes,0.10097156465053558,0.8212602734565735,0
faceforensics/Deepfakes/071_054/000015.jpg,hybrid,ffpp_source_safe,val,1,Deepfakes,0.17102545499801636,0.8212602734565735,0
faceforensics/Deepfakes/071_054/000016.jpg,hybrid,ffpp_source_safe,val,1,Deepfakes,0.034385159611701965,0.8212602734565735,0
faceforensics/Deepfakes/071_054/000017.jpg,hybrid,ffpp_source_safe,val,1,Deepfakes,0.22376154363155365,0.8212602734565735,0
faceforensics/Deepfakes/071_054/000018.jpg,hybrid,ffpp_source_safe,val,1,Deepfakes,0.16064560413360596,0.8212602734565735,0
faceforensics/Deepfakes/071_054/000019.jpg,hybrid,ffpp_source_safe,val,1,Deepfakes,0.6073020696640015,0.8212602734565735,0
faceforensics/Deepfakes/071_054/000020.jpg,hybrid,ffpp_source_safe,val,1,Deepfakes,0.006709657143801451,0.8212602734565735,0
faceforensics/Deepfakes/071_054/000021.jpg,hybrid,ffpp_source_safe,val,1,Deepfakes,0.015458856709301472,0.8212602734565735,0
faceforensics/Deepfakes/071_054/000022.jpg,hybrid,ffpp_source_safe,val,1,Deepfakes,0.034309837967157364,0.8212602734565735,0
faceforensics/Deepfakes/071_054/000023.jpg,hybrid,ffpp_source_safe,val,1,Deepfakes,0.04148723930120468,0.8212602734565735,0
faceforensics/Deepfakes/071_054/000024.jpg,hybrid,ffpp_source_safe,val,1,Deepfakes,0.4720754623413086,0.8212602734565735,0
faceforensics/Deepfakes/071_054/000025.jpg,hybrid,ffpp_source_safe,val,1,Deepfakes,0.02616656944155693,0.8212602734565735,0
faceforensics/Deepfakes/071_054/000026.jpg,hybrid,ffpp_source_safe,val,1,Deepfakes,0.2853580713272095,0.8212602734565735,0
faceforensics/Deepfakes/071_054/000027.jpg,hybrid,ffpp_source_safe,val,1,Deepfakes,0.5117637515068054,0.8212602734565735,0
faceforensics/Deepfakes/071_054/000028.jpg,hybrid,ffpp_source_safe,val,1,Deepfakes,0.06432455778121948,0.8212602734565735,0
faceforensics/Deepfakes/071_054/000029.jpg,hybrid,ffpp_source_safe,val,1,Deepfakes,0.14985616505146027,0.8212602734565735,0
faceforensics/Deepfakes/376_381/000000.jpg,hybrid,ffpp_source_safe,val,1,Deepfakes,0.7737454771995544,0.8212602734565735,0
faceforensics/Deepfakes/376_381/000001.jpg,hybrid,ffpp_source_safe,val,1,Deepfakes,0.9881464242935181,0.8212602734565735,1
faceforensics/Deepfakes/376_381/000002.jpg,hybrid,ffpp_source_safe,val,1,Deepfakes,0.7511203289031982,0.8212602734565735,0
faceforensics/Deepfakes/376_381/000003.jpg,hybrid,ffpp_source_safe,val,1,Deepfakes,0.2606799304485321,0.8212602734565735,0
faceforensics/Deepfakes/376_381/000004.jpg,hybrid,ffpp_source_safe,val,1,Deepfakes,0.8305290937423706,0.8212602734565735,1
faceforensics/Deepfakes/376_381/000005.jpg,hybrid,ffpp_source_safe,val,1,Deepfakes,0.9993174076080322,0.8212602734565735,1
faceforensics/Deepfakes/376_381/000006.jpg,hybrid,ffpp_source_safe,val,1,Deepfakes,0.9849026799201965,0.8212602734565735,1
faceforensics/Deepfakes/376_381/000007.jpg,hybrid,ffpp_source_safe,val,1,Deepfakes,0.9957360029220581,0.8212602734565735,1
faceforensics/Deepfakes/376_381/000008.jpg,hybrid,ffpp_source_safe,val,1,Deepfakes,0.9996138215065002,0.8212602734565735,1
faceforensics/Deepfakes/376_381/000009.jpg,hybrid,ffpp_source_safe,val,1,Deepfakes,0.9997240900993347,0.8212602734565735,1
faceforensics/Deepfakes/376_381/000010.jpg,hybrid,ffpp_source_safe,val,1,Deepfakes,0.9967371821403503,0.8212602734565735,1
faceforensics/Deepfakes/376_381/000011.jpg,hybrid,ffpp_source_safe,val,1,Deepfakes,0.999723494052887,0.8212602734565735,1
faceforensics/Deepfakes/376_381/000012.jpg,hybrid,ffpp_source_safe,val,1,Deepfakes,0.9998703002929688,0.8212602734565735,1
faceforensics/Deepfakes/376_381/000013.jpg,hybrid,ffpp_source_safe,val,1,Deepfakes,0.9280495047569275,0.8212602734565735,1
faceforensics/Deepfakes/376_381/000014.jpg,hybrid,ffpp_source_safe,val,1,Deepfakes,0.6731512546539307,0.8212602734565735,0
faceforensics/Deepfakes/376_381/000015.jpg,hybrid,ffpp_source_safe,val,1,Deepfakes,0.9796344637870789,0.8212602734565735,1
faceforensics/Deepfakes/376_381/000016.jpg,hybrid,ffpp_source_safe,val,1,Deepfakes,0.22893622517585754,0.8212602734565735,0
faceforensics/Deepfakes/376_381/000017.jpg,hybrid,ffpp_source_safe,val,1,Deepfakes,0.10560547560453415,0.8212602734565735,0
faceforensics/Deepfakes/376_381/000018.jpg,hybrid,ffpp_source_safe,val,1,Deepfakes,0.7802897095680237,0.8212602734565735,0
faceforensics/Deepfakes/376_381/000019.jpg,hybrid,ffpp_source_safe,val,1,Deepfakes,0.994284451007843,0.8212602734565735,1
faceforensics/Deepfakes/376_381/000020.jpg,hybrid,ffpp_source_safe,val,1,Deepfakes,0.9882383942604065,0.8212602734565735,1
faceforensics/Deepfakes/376_381/000021.jpg,hybrid,ffpp_source_safe,val,1,Deepfakes,0.9452283978462219,0.8212602734565735,1
faceforensics/Deepfakes/376_381/000022.jpg,hybrid,ffpp_source_safe,val,1,Deepfakes,0.9981968998908997,0.8212602734565735,1
faceforensics/Deepfakes/376_381/000023.jpg,hybrid,ffpp_source_safe,val,1,Deepfakes,0.9992483258247375,0.8212602734565735,1
faceforensics/Deepfakes/376_381/000024.jpg,hybrid,ffpp_source_safe,val,1,Deepfakes,0.9994378685951233,0.8212602734565735,1
faceforensics/Deepfakes/376_381/000025.jpg,hybrid,ffpp_source_safe,val,1,Deepfakes,0.9997637867927551,0.8212602734565735,1
faceforensics/Deepfakes/376_381/000026.jpg,hybrid,ffpp_source_safe,val,1,Deepfakes,0.9967928528785706,0.8212602734565735,1
faceforensics/Deepfakes/376_381/000027.jpg,hybrid,ffpp_source_safe,val,1,Deepfakes,0.0250081866979599,0.8212602734565735,0
faceforensics/Deepfakes/376_381/000028.jpg,hybrid,ffpp_source_safe,val,1,Deepfakes,0.8633979558944702,0.8212602734565735,1
faceforensics/Deepfakes/376_381/000029.jpg,hybrid,ffpp_source_safe,val,1,Deepfakes,0.9060288667678833,0.8212602734565735,1
faceforensics/Deepfakes/381_376/000000.jpg,hybrid,ffpp_source_safe,val,1,Deepfakes,0.9999802112579346,0.8212602734565735,1
faceforensics/Deepfakes/381_376/000001.jpg,hybrid,ffpp_source_safe,val,1,Deepfakes,0.9999948740005493,0.8212602734565735,1
faceforensics/Deepfakes/381_376/000002.jpg,hybrid,ffpp_source_safe,val,1,Deepfakes,0.9999656677246094,0.8212602734565735,1
faceforensics/Deepfakes/381_376/000003.jpg,hybrid,ffpp_source_safe,val,1,Deepfakes,0.9963825941085815,0.8212602734565735,1
faceforensics/Deepfakes/381_376/000004.jpg,hybrid,ffpp_source_safe,val,1,Deepfakes,0.9999959468841553,0.8212602734565735,1
faceforensics/Deepfakes/381_376/000005.jpg,hybrid,ffpp_source_safe,val,1,Deepfakes,0.9999964237213135,0.8212602734565735,1
faceforensics/Deepfakes/381_376/000006.jpg,hybrid,ffpp_source_safe,val,1,Deepfakes,0.9999964237213135,0.8212602734565735,1
faceforensics/Deepfakes/381_376/000007.jpg,hybrid,ffpp_source_safe,val,1,Deepfakes,0.9999902248382568,0.8212602734565735,1
faceforensics/Deepfakes/381_376/000008.jpg,hybrid,ffpp_source_safe,val,1,Deepfakes,0.9999979734420776,0.8212602734565735,1
faceforensics/Deepfakes/381_376/000009.jpg,hybrid,ffpp_source_safe,val,1,Deepfakes,0.9999935626983643,0.8212602734565735,1
faceforensics/Deepfakes/381_376/000010.jpg,hybrid,ffpp_source_safe,val,1,Deepfakes,0.9999954700469971,0.8212602734565735,1
faceforensics/Deepfakes/381_376/000011.jpg,hybrid,ffpp_source_safe,val,1,Deepfakes,0.999998927116394,0.8212602734565735,1
faceforensics/Deepfakes/381_376/000012.jpg,hybrid,ffpp_source_safe,val,1,Deepfakes,0.999997615814209,0.8212602734565735,1
faceforensics/Deepfakes/381_376/000013.jpg,hybrid,ffpp_source_safe,val,1,Deepfakes,0.9999940395355225,0.8212602734565735,1
faceforensics/Deepfakes/381_376/000014.jpg,hybrid,ffpp_source_safe,val,1,Deepfakes,0.9999322891235352,0.8212602734565735,1
faceforensics/Deepfakes/381_376/000015.jpg,hybrid,ffpp_source_safe,val,1,Deepfakes,0.9996615648269653,0.8212602734565735,1
faceforensics/Deepfakes/381_376/000016.jpg,hybrid,ffpp_source_safe,val,1,Deepfakes,0.9999754428863525,0.8212602734565735,1
faceforensics/Deepfakes/381_376/000017.jpg,hybrid,ffpp_source_safe,val,1,Deepfakes,0.9980089068412781,0.8212602734565735,1
faceforensics/Deepfakes/381_376/000018.jpg,hybrid,ffpp_source_safe,val,1,Deepfakes,0.9999886751174927,0.8212602734565735,1
faceforensics/Deepfakes/381_376/000019.jpg,hybrid,ffpp_source_safe,val,1,Deepfakes,0.9999980926513672,0.8212602734565735,1
faceforensics/Deepfakes/381_376/000020.jpg,hybrid,ffpp_source_safe,val,1,Deepfakes,0.9999948740005493,0.8212602734565735,1
faceforensics/Deepfakes/381_376/000021.jpg,hybrid,ffpp_source_safe,val,1,Deepfakes,0.9999884366989136,0.8212602734565735,1
faceforensics/Deepfakes/381_376/000022.jpg,hybrid,ffpp_source_safe,val,1,Deepfakes,0.9999971389770508,0.8212602734565735,1
faceforensics/Deepfakes/381_376/000023.jpg,hybrid,ffpp_source_safe,val,1,Deepfakes,0.9999960660934448,0.8212602734565735,1
faceforensics/Deepfakes/381_376/000024.jpg,hybrid,ffpp_source_safe,val,1,Deepfakes,0.9999953508377075,0.8212602734565735,1
faceforensics/Deepfakes/381_376/000025.jpg,hybrid,ffpp_source_safe,val,1,Deepfakes,0.9999940395355225,0.8212602734565735,1
faceforensics/Deepfakes/381_376/000026.jpg,hybrid,ffpp_source_safe,val,1,Deepfakes,0.9999974966049194,0.8212602734565735,1
faceforensics/Deepfakes/381_376/000027.jpg,hybrid,ffpp_source_safe,val,1,Deepfakes,0.9999085664749146,0.8212602734565735,1
faceforensics/Deepfakes/381_376/000028.jpg,hybrid,ffpp_source_safe,val,1,Deepfakes,0.9999924898147583,0.8212602734565735,1
faceforensics/Deepfakes/381_376/000029.jpg,hybrid,ffpp_source_safe,val,1,Deepfakes,0.9977540373802185,0.8212602734565735,1
faceforensics/Face2Face/054_071/000000.jpg,hybrid,ffpp_source_safe,val,1,Face2Face,0.935681164264679,0.8212602734565735,1
faceforensics/Face2Face/054_071/000001.jpg,hybrid,ffpp_source_safe,val,1,Face2Face,0.8542783260345459,0.8212602734565735,1
faceforensics/Face2Face/054_071/000002.jpg,hybrid,ffpp_source_safe,val,1,Face2Face,0.013800912536680698,0.8212602734565735,0
faceforensics/Face2Face/054_071/000003.jpg,hybrid,ffpp_source_safe,val,1,Face2Face,0.011687510646879673,0.8212602734565735,0
faceforensics/Face2Face/054_071/000004.jpg,hybrid,ffpp_source_safe,val,1,Face2Face,0.0012137752491980791,0.8212602734565735,0
faceforensics/Face2Face/054_071/000005.jpg,hybrid,ffpp_source_safe,val,1,Face2Face,0.07014338672161102,0.8212602734565735,0
faceforensics/Face2Face/054_071/000006.jpg,hybrid,ffpp_source_safe,val,1,Face2Face,0.8671087026596069,0.8212602734565735,1
faceforensics/Face2Face/054_071/000007.jpg,hybrid,ffpp_source_safe,val,1,Face2Face,0.9996652603149414,0.8212602734565735,1
faceforensics/Face2Face/054_071/000008.jpg,hybrid,ffpp_source_safe,val,1,Face2Face,0.9881653785705566,0.8212602734565735,1
faceforensics/Face2Face/054_071/000009.jpg,hybrid,ffpp_source_safe,val,1,Face2Face,0.002289195777848363,0.8212602734565735,0
faceforensics/Face2Face/054_071/000010.jpg,hybrid,ffpp_source_safe,val,1,Face2Face,0.38251233100891113,0.8212602734565735,0
faceforensics/Face2Face/054_071/000011.jpg,hybrid,ffpp_source_safe,val,1,Face2Face,0.8699103593826294,0.8212602734565735,1
faceforensics/Face2Face/054_071/000012.jpg,hybrid,ffpp_source_safe,val,1,Face2Face,0.4854026436805725,0.8212602734565735,0
faceforensics/Face2Face/054_071/000013.jpg,hybrid,ffpp_source_safe,val,1,Face2Face,0.990227460861206,0.8212602734565735,1
faceforensics/Face2Face/054_071/000014.jpg,hybrid,ffpp_source_safe,val,1,Face2Face,0.143257275223732,0.8212602734565735,0
faceforensics/Face2Face/054_071/000015.jpg,hybrid,ffpp_source_safe,val,1,Face2Face,0.9352620244026184,0.8212602734565735,1
faceforensics/Face2Face/054_071/000016.jpg,hybrid,ffpp_source_safe,val,1,Face2Face,0.30724453926086426,0.8212602734565735,0
faceforensics/Face2Face/054_071/000017.jpg,hybrid,ffpp_source_safe,val,1,Face2Face,0.9962967038154602,0.8212602734565735,1
faceforensics/Face2Face/054_071/000018.jpg,hybrid,ffpp_source_safe,val,1,Face2Face,0.9972620010375977,0.8212602734565735,1
faceforensics/Face2Face/054_071/000019.jpg,hybrid,ffpp_source_safe,val,1,Face2Face,0.9977672100067139,0.8212602734565735,1
faceforensics/Face2Face/054_071/000020.jpg,hybrid,ffpp_source_safe,val,1,Face2Face,0.9998038411140442,0.8212602734565735,1
faceforensics/Face2Face/054_071/000021.jpg,hybrid,ffpp_source_safe,val,1,Face2Face,0.0705023929476738,0.8212602734565735,0
faceforensics/Face2Face/054_071/000022.jpg,hybrid,ffpp_source_safe,val,1,Face2Face,0.12883050739765167,0.8212602734565735,0
faceforensics/Face2Face/054_071/000023.jpg,hybrid,ffpp_source_safe,val,1,Face2Face,0.9986563920974731,0.8212602734565735,1
faceforensics/Face2Face/054_071/000024.jpg,hybrid,ffpp_source_safe,val,1,Face2Face,0.9957849383354187,0.8212602734565735,1
faceforensics/Face2Face/054_071/000025.jpg,hybrid,ffpp_source_safe,val,1,Face2Face,0.9854414463043213,0.8212602734565735,1
faceforensics/Face2Face/054_071/000026.jpg,hybrid,ffpp_source_safe,val,1,Face2Face,0.8455162644386292,0.8212602734565735,1
faceforensics/Face2Face/054_071/000027.jpg,hybrid,ffpp_source_safe,val,1,Face2Face,0.4468497335910797,0.8212602734565735,0
faceforensics/Face2Face/054_071/000028.jpg,hybrid,ffpp_source_safe,val,1,Face2Face,0.9974550604820251,0.8212602734565735,1
faceforensics/Face2Face/054_071/000029.jpg,hybrid,ffpp_source_safe,val,1,Face2Face,0.44131892919540405,0.8212602734565735,0
faceforensics/Face2Face/071_054/000000.jpg,hybrid,ffpp_source_safe,val,1,Face2Face,0.9999730587005615,0.8212602734565735,1
faceforensics/Face2Face/071_054/000001.jpg,hybrid,ffpp_source_safe,val,1,Face2Face,0.9999748468399048,0.8212602734565735,1
faceforensics/Face2Face/071_054/000002.jpg,hybrid,ffpp_source_safe,val,1,Face2Face,0.9997945427894592,0.8212602734565735,1
faceforensics/Face2Face/071_054/000003.jpg,hybrid,ffpp_source_safe,val,1,Face2Face,0.9977376461029053,0.8212602734565735,1
faceforensics/Face2Face/071_054/000004.jpg,hybrid,ffpp_source_safe,val,1,Face2Face,0.9918550252914429,0.8212602734565735,1
faceforensics/Face2Face/071_054/000005.jpg,hybrid,ffpp_source_safe,val,1,Face2Face,0.9990806579589844,0.8212602734565735,1
faceforensics/Face2Face/071_054/000006.jpg,hybrid,ffpp_source_safe,val,1,Face2Face,0.9993384480476379,0.8212602734565735,1
faceforensics/Face2Face/071_054/000007.jpg,hybrid,ffpp_source_safe,val,1,Face2Face,0.9999094009399414,0.8212602734565735,1
faceforensics/Face2Face/071_054/000008.jpg,hybrid,ffpp_source_safe,val,1,Face2Face,0.9999700784683228,0.8212602734565735,1
faceforensics/Face2Face/071_054/000009.jpg,hybrid,ffpp_source_safe,val,1,Face2Face,0.9999895095825195,0.8212602734565735,1
faceforensics/Face2Face/071_054/000010.jpg,hybrid,ffpp_source_safe,val,1,Face2Face,0.9999691247940063,0.8212602734565735,1
faceforensics/Face2Face/071_054/000011.jpg,hybrid,ffpp_source_safe,val,1,Face2Face,0.9797937273979187,0.8212602734565735,1
faceforensics/Face2Face/071_054/000012.jpg,hybrid,ffpp_source_safe,val,1,Face2Face,0.9944888353347778,0.8212602734565735,1
faceforensics/Face2Face/071_054/000013.jpg,hybrid,ffpp_source_safe,val,1,Face2Face,0.99978107213974,0.8212602734565735,1
faceforensics/Face2Face/071_054/000014.jpg,hybrid,ffpp_source_safe,val,1,Face2Face,0.9889049530029297,0.8212602734565735,1
faceforensics/Face2Face/071_054/000015.jpg,hybrid,ffpp_source_safe,val,1,Face2Face,0.9912312626838684,0.8212602734565735,1
faceforensics/Face2Face/071_054/000016.jpg,hybrid,ffpp_source_safe,val,1,Face2Face,0.9996739625930786,0.8212602734565735,1
faceforensics/Face2Face/071_054/000017.jpg,hybrid,ffpp_source_safe,val,1,Face2Face,0.9998993873596191,0.8212602734565735,1
faceforensics/Face2Face/071_054/000018.jpg,hybrid,ffpp_source_safe,val,1,Face2Face,0.9997180104255676,0.8212602734565735,1
faceforensics/Face2Face/071_054/000019.jpg,hybrid,ffpp_source_safe,val,1,Face2Face,0.9994350075721741,0.8212602734565735,1
faceforensics/Face2Face/071_054/000020.jpg,hybrid,ffpp_source_safe,val,1,Face2Face,0.9998773336410522,0.8212602734565735,1
faceforensics/Face2Face/071_054/000021.jpg,hybrid,ffpp_source_safe,val,1,Face2Face,0.9999387264251709,0.8212602734565735,1
faceforensics/Face2Face/071_054/000022.jpg,hybrid,ffpp_source_safe,val,1,Face2Face,0.9999772310256958,0.8212602734565735,1
faceforensics/Face2Face/071_054/000023.jpg,hybrid,ffpp_source_safe,val,1,Face2Face,0.9967877864837646,0.8212602734565735,1
faceforensics/Face2Face/071_054/000024.jpg,hybrid,ffpp_source_safe,val,1,Face2Face,0.9972147345542908,0.8212602734565735,1
faceforensics/Face2Face/071_054/000025.jpg,hybrid,ffpp_source_safe,val,1,Face2Face,0.8522247076034546,0.8212602734565735,1
faceforensics/Face2Face/071_054/000026.jpg,hybrid,ffpp_source_safe,val,1,Face2Face,0.987154483795166,0.8212602734565735,1
faceforensics/Face2Face/071_054/000027.jpg,hybrid,ffpp_source_safe,val,1,Face2Face,0.9364452362060547,0.8212602734565735,1
faceforensics/Face2Face/071_054/000028.jpg,hybrid,ffpp_source_safe,val,1,Face2Face,0.9917045831680298,0.8212602734565735,1
faceforensics/Face2Face/071_054/000029.jpg,hybrid,ffpp_source_safe,val,1,Face2Face,0.990085244178772,0.8212602734565735,1
faceforensics/Face2Face/376_381/000000.jpg,hybrid,ffpp_source_safe,val,1,Face2Face,0.8551017642021179,0.8212602734565735,1
faceforensics/Face2Face/376_381/000001.jpg,hybrid,ffpp_source_safe,val,1,Face2Face,0.968262255191803,0.8212602734565735,1
faceforensics/Face2Face/376_381/000002.jpg,hybrid,ffpp_source_safe,val,1,Face2Face,0.09118513017892838,0.8212602734565735,0
faceforensics/Face2Face/376_381/000003.jpg,hybrid,ffpp_source_safe,val,1,Face2Face,0.9881666302680969,0.8212602734565735,1
faceforensics/Face2Face/376_381/000004.jpg,hybrid,ffpp_source_safe,val,1,Face2Face,0.9750846028327942,0.8212602734565735,1
faceforensics/Face2Face/376_381/000005.jpg,hybrid,ffpp_source_safe,val,1,Face2Face,0.9967250227928162,0.8212602734565735,1
faceforensics/Face2Face/376_381/000006.jpg,hybrid,ffpp_source_safe,val,1,Face2Face,0.8940290808677673,0.8212602734565735,1
faceforensics/Face2Face/376_381/000007.jpg,hybrid,ffpp_source_safe,val,1,Face2Face,0.9773629903793335,0.8212602734565735,1
faceforensics/Face2Face/376_381/000008.jpg,hybrid,ffpp_source_safe,val,1,Face2Face,0.9969306588172913,0.8212602734565735,1
faceforensics/Face2Face/376_381/000009.jpg,hybrid,ffpp_source_safe,val,1,Face2Face,0.9999837875366211,0.8212602734565735,1
faceforensics/Face2Face/376_381/000010.jpg,hybrid,ffpp_source_safe,val,1,Face2Face,0.9989680051803589,0.8212602734565735,1
faceforensics/Face2Face/376_381/000011.jpg,hybrid,ffpp_source_safe,val,1,Face2Face,0.9997387528419495,0.8212602734565735,1
faceforensics/Face2Face/376_381/000012.jpg,hybrid,ffpp_source_safe,val,1,Face2Face,0.8173931837081909,0.8212602734565735,0
faceforensics/Face2Face/376_381/000013.jpg,hybrid,ffpp_source_safe,val,1,Face2Face,0.999880313873291,0.8212602734565735,1
faceforensics/Face2Face/376_381/000014.jpg,hybrid,ffpp_source_safe,val,1,Face2Face,0.9999771118164062,0.8212602734565735,1
faceforensics/Face2Face/376_381/000015.jpg,hybrid,ffpp_source_safe,val,1,Face2Face,0.9991832375526428,0.8212602734565735,1
faceforensics/Face2Face/376_381/000016.jpg,hybrid,ffpp_source_safe,val,1,Face2Face,0.999984860420227,0.8212602734565735,1
faceforensics/Face2Face/376_381/000017.jpg,hybrid,ffpp_source_safe,val,1,Face2Face,0.9995172023773193,0.8212602734565735,1
faceforensics/Face2Face/376_381/000018.jpg,hybrid,ffpp_source_safe,val,1,Face2Face,0.8587436079978943,0.8212602734565735,1
faceforensics/Face2Face/376_381/000019.jpg,hybrid,ffpp_source_safe,val,1,Face2Face,0.999972939491272,0.8212602734565735,1
faceforensics/Face2Face/376_381/000020.jpg,hybrid,ffpp_source_safe,val,1,Face2Face,0.99652498960495,0.8212602734565735,1
faceforensics/Face2Face/376_381/000021.jpg,hybrid,ffpp_source_safe,val,1,Face2Face,0.8927661776542664,0.8212602734565735,1
faceforensics/Face2Face/376_381/000022.jpg,hybrid,ffpp_source_safe,val,1,Face2Face,0.9999785423278809,0.8212602734565735,1
faceforensics/Face2Face/376_381/000023.jpg,hybrid,ffpp_source_safe,val,1,Face2Face,0.9994833469390869,0.8212602734565735,1
faceforensics/Face2Face/376_381/000024.jpg,hybrid,ffpp_source_safe,val,1,Face2Face,0.6563417315483093,0.8212602734565735,0
faceforensics/Face2Face/376_381/000025.jpg,hybrid,ffpp_source_safe,val,1,Face2Face,0.7062161564826965,0.8212602734565735,0
faceforensics/Face2Face/376_381/000026.jpg,hybrid,ffpp_source_safe,val,1,Face2Face,0.13002453744411469,0.8212602734565735,0
faceforensics/Face2Face/376_381/000027.jpg,hybrid,ffpp_source_safe,val,1,Face2Face,0.9995096921920776,0.8212602734565735,1
faceforensics/Face2Face/376_381/000028.jpg,hybrid,ffpp_source_safe,val,1,Face2Face,0.27084583044052124,0.8212602734565735,0
faceforensics/Face2Face/376_381/000029.jpg,hybrid,ffpp_source_safe,val,1,Face2Face,0.9990492463111877,0.8212602734565735,1
faceforensics/Face2Face/381_376/000000.jpg,hybrid,ffpp_source_safe,val,1,Face2Face,0.9553267955780029,0.8212602734565735,1
faceforensics/Face2Face/381_376/000001.jpg,hybrid,ffpp_source_safe,val,1,Face2Face,0.9864702820777893,0.8212602734565735,1
faceforensics/Face2Face/381_376/000002.jpg,hybrid,ffpp_source_safe,val,1,Face2Face,0.9976745247840881,0.8212602734565735,1
faceforensics/Face2Face/381_376/000003.jpg,hybrid,ffpp_source_safe,val,1,Face2Face,0.9999977350234985,0.8212602734565735,1
faceforensics/Face2Face/381_376/000004.jpg,hybrid,ffpp_source_safe,val,1,Face2Face,0.9333686828613281,0.8212602734565735,1
faceforensics/Face2Face/381_376/000005.jpg,hybrid,ffpp_source_safe,val,1,Face2Face,0.9410571455955505,0.8212602734565735,1
faceforensics/Face2Face/381_376/000006.jpg,hybrid,ffpp_source_safe,val,1,Face2Face,0.9867643117904663,0.8212602734565735,1
faceforensics/Face2Face/381_376/000007.jpg,hybrid,ffpp_source_safe,val,1,Face2Face,0.9980453252792358,0.8212602734565735,1
faceforensics/Face2Face/381_376/000008.jpg,hybrid,ffpp_source_safe,val,1,Face2Face,0.9998773336410522,0.8212602734565735,1
faceforensics/Face2Face/381_376/000009.jpg,hybrid,ffpp_source_safe,val,1,Face2Face,0.9998599290847778,0.8212602734565735,1
faceforensics/Face2Face/381_376/000010.jpg,hybrid,ffpp_source_safe,val,1,Face2Face,0.9999566078186035,0.8212602734565735,1
faceforensics/Face2Face/381_376/000011.jpg,hybrid,ffpp_source_safe,val,1,Face2Face,0.9947338104248047,0.8212602734565735,1
faceforensics/Face2Face/381_376/000012.jpg,hybrid,ffpp_source_safe,val,1,Face2Face,0.9907497763633728,0.8212602734565735,1
faceforensics/Face2Face/381_376/000013.jpg,hybrid,ffpp_source_safe,val,1,Face2Face,0.9995564818382263,0.8212602734565735,1
faceforensics/Face2Face/381_376/000014.jpg,hybrid,ffpp_source_safe,val,1,Face2Face,0.9988497495651245,0.8212602734565735,1
faceforensics/Face2Face/381_376/000015.jpg,hybrid,ffpp_source_safe,val,1,Face2Face,0.9989414811134338,0.8212602734565735,1
faceforensics/Face2Face/381_376/000016.jpg,hybrid,ffpp_source_safe,val,1,Face2Face,0.9998859167098999,0.8212602734565735,1
faceforensics/Face2Face/381_376/000017.jpg,hybrid,ffpp_source_safe,val,1,Face2Face,0.9986168146133423,0.8212602734565735,1
faceforensics/Face2Face/381_376/000018.jpg,hybrid,ffpp_source_safe,val,1,Face2Face,0.9908090829849243,0.8212602734565735,1
faceforensics/Face2Face/381_376/000019.jpg,hybrid,ffpp_source_safe,val,1,Face2Face,0.9912412166595459,0.8212602734565735,1
faceforensics/Face2Face/381_376/000020.jpg,hybrid,ffpp_source_safe,val,1,Face2Face,0.997282862663269,0.8212602734565735,1
faceforensics/Face2Face/381_376/000021.jpg,hybrid,ffpp_source_safe,val,1,Face2Face,0.9996968507766724,0.8212602734565735,1
faceforensics/Face2Face/381_376/000022.jpg,hybrid,ffpp_source_safe,val,1,Face2Face,0.999987006187439,0.8212602734565735,1
faceforensics/Face2Face/381_376/000023.jpg,hybrid,ffpp_source_safe,val,1,Face2Face,0.9983797073364258,0.8212602734565735,1
faceforensics/Face2Face/381_376/000024.jpg,hybrid,ffpp_source_safe,val,1,Face2Face,0.9994997978210449,0.8212602734565735,1
faceforensics/Face2Face/381_376/000025.jpg,hybrid,ffpp_source_safe,val,1,Face2Face,0.9973070621490479,0.8212602734565735,1
faceforensics/Face2Face/381_376/000026.jpg,hybrid,ffpp_source_safe,val,1,Face2Face,0.9963726997375488,0.8212602734565735,1
faceforensics/Face2Face/381_376/000027.jpg,hybrid,ffpp_source_safe,val,1,Face2Face,0.990211546421051,0.8212602734565735,1
faceforensics/Face2Face/381_376/000028.jpg,hybrid,ffpp_source_safe,val,1,Face2Face,0.1279849261045456,0.8212602734565735,0
faceforensics/Face2Face/381_376/000029.jpg,hybrid,ffpp_source_safe,val,1,Face2Face,0.9133557677268982,0.8212602734565735,1
faceforensics/FaceSwap/054_071/000000.jpg,hybrid,ffpp_source_safe,val,1,FaceSwap,0.9991544485092163,0.8212602734565735,1
faceforensics/FaceSwap/054_071/000001.jpg,hybrid,ffpp_source_safe,val,1,FaceSwap,0.9998254179954529,0.8212602734565735,1
faceforensics/FaceSwap/054_071/000002.jpg,hybrid,ffpp_source_safe,val,1,FaceSwap,0.9998950958251953,0.8212602734565735,1
faceforensics/FaceSwap/054_071/000003.jpg,hybrid,ffpp_source_safe,val,1,FaceSwap,0.9998260140419006,0.8212602734565735,1
faceforensics/FaceSwap/054_071/000004.jpg,hybrid,ffpp_source_safe,val,1,FaceSwap,0.9723953604698181,0.8212602734565735,1
faceforensics/FaceSwap/054_071/000005.jpg,hybrid,ffpp_source_safe,val,1,FaceSwap,0.9995996356010437,0.8212602734565735,1
faceforensics/FaceSwap/054_071/000006.jpg,hybrid,ffpp_source_safe,val,1,FaceSwap,0.9982313513755798,0.8212602734565735,1
faceforensics/FaceSwap/054_071/000007.jpg,hybrid,ffpp_source_safe,val,1,FaceSwap,0.9979210495948792,0.8212602734565735,1
faceforensics/FaceSwap/054_071/000008.jpg,hybrid,ffpp_source_safe,val,1,FaceSwap,0.9978821873664856,0.8212602734565735,1
faceforensics/FaceSwap/054_071/000009.jpg,hybrid,ffpp_source_safe,val,1,FaceSwap,0.788891077041626,0.8212602734565735,0
faceforensics/FaceSwap/054_071/000010.jpg,hybrid,ffpp_source_safe,val,1,FaceSwap,0.999861478805542,0.8212602734565735,1
faceforensics/FaceSwap/054_071/000011.jpg,hybrid,ffpp_source_safe,val,1,FaceSwap,0.9984562397003174,0.8212602734565735,1
faceforensics/FaceSwap/054_071/000012.jpg,hybrid,ffpp_source_safe,val,1,FaceSwap,0.9153941869735718,0.8212602734565735,1
faceforensics/FaceSwap/054_071/000013.jpg,hybrid,ffpp_source_safe,val,1,FaceSwap,0.9987561702728271,0.8212602734565735,1
faceforensics/FaceSwap/054_071/000014.jpg,hybrid,ffpp_source_safe,val,1,FaceSwap,0.9999724626541138,0.8212602734565735,1
faceforensics/FaceSwap/054_071/000015.jpg,hybrid,ffpp_source_safe,val,1,FaceSwap,0.9974121451377869,0.8212602734565735,1
faceforensics/FaceSwap/054_071/000016.jpg,hybrid,ffpp_source_safe,val,1,FaceSwap,0.8056690096855164,0.8212602734565735,0
faceforensics/FaceSwap/054_071/000017.jpg,hybrid,ffpp_source_safe,val,1,FaceSwap,0.31832432746887207,0.8212602734565735,0
faceforensics/FaceSwap/054_071/000018.jpg,hybrid,ffpp_source_safe,val,1,FaceSwap,0.0537961982190609,0.8212602734565735,0
faceforensics/FaceSwap/054_071/000019.jpg,hybrid,ffpp_source_safe,val,1,FaceSwap,0.6958609819412231,0.8212602734565735,0
faceforensics/FaceSwap/054_071/000020.jpg,hybrid,ffpp_source_safe,val,1,FaceSwap,0.9789533019065857,0.8212602734565735,1
faceforensics/FaceSwap/054_071/000021.jpg,hybrid,ffpp_source_safe,val,1,FaceSwap,0.9998151659965515,0.8212602734565735,1
faceforensics/FaceSwap/054_071/000022.jpg,hybrid,ffpp_source_safe,val,1,FaceSwap,0.9985365867614746,0.8212602734565735,1
faceforensics/FaceSwap/054_071/000023.jpg,hybrid,ffpp_source_safe,val,1,FaceSwap,0.9974355101585388,0.8212602734565735,1
faceforensics/FaceSwap/054_071/000024.jpg,hybrid,ffpp_source_safe,val,1,FaceSwap,0.8730179071426392,0.8212602734565735,1
faceforensics/FaceSwap/054_071/000025.jpg,hybrid,ffpp_source_safe,val,1,FaceSwap,0.9999113082885742,0.8212602734565735,1
faceforensics/FaceSwap/054_071/000026.jpg,hybrid,ffpp_source_safe,val,1,FaceSwap,0.9988958835601807,0.8212602734565735,1
faceforensics/FaceSwap/054_071/000027.jpg,hybrid,ffpp_source_safe,val,1,FaceSwap,0.8625027537345886,0.8212602734565735,1
faceforensics/FaceSwap/054_071/000028.jpg,hybrid,ffpp_source_safe,val,1,FaceSwap,0.9989626407623291,0.8212602734565735,1
faceforensics/FaceSwap/054_071/000029.jpg,hybrid,ffpp_source_safe,val,1,FaceSwap,0.003968049772083759,0.8212602734565735,0
faceforensics/FaceSwap/071_054/000000.jpg,hybrid,ffpp_source_safe,val,1,FaceSwap,0.9995670914649963,0.8212602734565735,1
faceforensics/FaceSwap/071_054/000001.jpg,hybrid,ffpp_source_safe,val,1,FaceSwap,0.9999904632568359,0.8212602734565735,1
faceforensics/FaceSwap/071_054/000002.jpg,hybrid,ffpp_source_safe,val,1,FaceSwap,0.9999434947967529,0.8212602734565735,1
faceforensics/FaceSwap/071_054/000003.jpg,hybrid,ffpp_source_safe,val,1,FaceSwap,0.9799277782440186,0.8212602734565735,1
faceforensics/FaceSwap/071_054/000004.jpg,hybrid,ffpp_source_safe,val,1,FaceSwap,0.9905279874801636,0.8212602734565735,1
faceforensics/FaceSwap/071_054/000005.jpg,hybrid,ffpp_source_safe,val,1,FaceSwap,0.9810509085655212,0.8212602734565735,1
faceforensics/FaceSwap/071_054/000006.jpg,hybrid,ffpp_source_safe,val,1,FaceSwap,0.9949353337287903,0.8212602734565735,1
faceforensics/FaceSwap/071_054/000007.jpg,hybrid,ffpp_source_safe,val,1,FaceSwap,0.9989070892333984,0.8212602734565735,1
faceforensics/FaceSwap/071_054/000008.jpg,hybrid,ffpp_source_safe,val,1,FaceSwap,0.9998399019241333,0.8212602734565735,1
faceforensics/FaceSwap/071_054/000009.jpg,hybrid,ffpp_source_safe,val,1,FaceSwap,0.9999258518218994,0.8212602734565735,1
faceforensics/FaceSwap/071_054/000010.jpg,hybrid,ffpp_source_safe,val,1,FaceSwap,0.9994009733200073,0.8212602734565735,1
faceforensics/FaceSwap/071_054/000011.jpg,hybrid,ffpp_source_safe,val,1,FaceSwap,0.9997462630271912,0.8212602734565735,1
faceforensics/FaceSwap/071_054/000012.jpg,hybrid,ffpp_source_safe,val,1,FaceSwap,0.995449960231781,0.8212602734565735,1
faceforensics/FaceSwap/071_054/000013.jpg,hybrid,ffpp_source_safe,val,1,FaceSwap,0.9977803826332092,0.8212602734565735,1
faceforensics/FaceSwap/071_054/000014.jpg,hybrid,ffpp_source_safe,val,1,FaceSwap,0.9999091625213623,0.8212602734565735,1
faceforensics/FaceSwap/071_054/000015.jpg,hybrid,ffpp_source_safe,val,1,FaceSwap,0.9998602867126465,0.8212602734565735,1
faceforensics/FaceSwap/071_054/000016.jpg,hybrid,ffpp_source_safe,val,1,FaceSwap,0.9999887943267822,0.8212602734565735,1
faceforensics/FaceSwap/071_054/000017.jpg,hybrid,ffpp_source_safe,val,1,FaceSwap,0.9998867511749268,0.8212602734565735,1
faceforensics/FaceSwap/071_054/000018.jpg,hybrid,ffpp_source_safe,val,1,FaceSwap,0.9998989105224609,0.8212602734565735,1
faceforensics/FaceSwap/071_054/000019.jpg,hybrid,ffpp_source_safe,val,1,FaceSwap,0.9995608925819397,0.8212602734565735,1
faceforensics/FaceSwap/071_054/000020.jpg,hybrid,ffpp_source_safe,val,1,FaceSwap,0.9999786615371704,0.8212602734565735,1
faceforensics/FaceSwap/071_054/000021.jpg,hybrid,ffpp_source_safe,val,1,FaceSwap,0.999967098236084,0.8212602734565735,1
faceforensics/FaceSwap/071_054/000022.jpg,hybrid,ffpp_source_safe,val,1,FaceSwap,0.9999388456344604,0.8212602734565735,1
faceforensics/FaceSwap/071_054/000023.jpg,hybrid,ffpp_source_safe,val,1,FaceSwap,0.9998379945755005,0.8212602734565735,1
faceforensics/FaceSwap/071_054/000024.jpg,hybrid,ffpp_source_safe,val,1,FaceSwap,0.9994332194328308,0.8212602734565735,1
faceforensics/FaceSwap/071_054/000025.jpg,hybrid,ffpp_source_safe,val,1,FaceSwap,0.9995647072792053,0.8212602734565735,1
faceforensics/FaceSwap/071_054/000026.jpg,hybrid,ffpp_source_safe,val,1,FaceSwap,0.9949407577514648,0.8212602734565735,1
faceforensics/FaceSwap/071_054/000027.jpg,hybrid,ffpp_source_safe,val,1,FaceSwap,0.992723286151886,0.8212602734565735,1
faceforensics/FaceSwap/071_054/000028.jpg,hybrid,ffpp_source_safe,val,1,FaceSwap,0.9962487816810608,0.8212602734565735,1
faceforensics/FaceSwap/071_054/000029.jpg,hybrid,ffpp_source_safe,val,1,FaceSwap,0.9604535698890686,0.8212602734565735,1
faceforensics/FaceSwap/376_381/000000.jpg,hybrid,ffpp_source_safe,val,1,FaceSwap,0.9999977350234985,0.8212602734565735,1
faceforensics/FaceSwap/376_381/000001.jpg,hybrid,ffpp_source_safe,val,1,FaceSwap,0.9999995231628418,0.8212602734565735,1
faceforensics/FaceSwap/376_381/000002.jpg,hybrid,ffpp_source_safe,val,1,FaceSwap,0.9998952150344849,0.8212602734565735,1
faceforensics/FaceSwap/376_381/000003.jpg,hybrid,ffpp_source_safe,val,1,FaceSwap,0.9972631931304932,0.8212602734565735,1
faceforensics/FaceSwap/376_381/000004.jpg,hybrid,ffpp_source_safe,val,1,FaceSwap,0.9999133348464966,0.8212602734565735,1
faceforensics/FaceSwap/376_381/000005.jpg,hybrid,ffpp_source_safe,val,1,FaceSwap,0.9999995231628418,0.8212602734565735,1
faceforensics/FaceSwap/376_381/000006.jpg,hybrid,ffpp_source_safe,val,1,FaceSwap,0.9999980926513672,0.8212602734565735,1
faceforensics/FaceSwap/376_381/000007.jpg,hybrid,ffpp_source_safe,val,1,FaceSwap,0.999955415725708,0.8212602734565735,1
faceforensics/FaceSwap/376_381/000008.jpg,hybrid,ffpp_source_safe,val,1,FaceSwap,0.9999994039535522,0.8212602734565735,1
faceforensics/FaceSwap/376_381/000009.jpg,hybrid,ffpp_source_safe,val,1,FaceSwap,0.9999997615814209,0.8212602734565735,1
faceforensics/FaceSwap/376_381/000010.jpg,hybrid,ffpp_source_safe,val,1,FaceSwap,0.9999995231628418,0.8212602734565735,1
faceforensics/FaceSwap/376_381/000011.jpg,hybrid,ffpp_source_safe,val,1,FaceSwap,0.9999996423721313,0.8212602734565735,1
faceforensics/FaceSwap/376_381/000012.jpg,hybrid,ffpp_source_safe,val,1,FaceSwap,0.9999936819076538,0.8212602734565735,1
faceforensics/FaceSwap/376_381/000013.jpg,hybrid,ffpp_source_safe,val,1,FaceSwap,0.9996378421783447,0.8212602734565735,1
faceforensics/FaceSwap/376_381/000014.jpg,hybrid,ffpp_source_safe,val,1,FaceSwap,0.9989836812019348,0.8212602734565735,1
faceforensics/FaceSwap/376_381/000015.jpg,hybrid,ffpp_source_safe,val,1,FaceSwap,0.9979051351547241,0.8212602734565735,1
faceforensics/FaceSwap/376_381/000016.jpg,hybrid,ffpp_source_safe,val,1,FaceSwap,0.9999750852584839,0.8212602734565735,1
faceforensics/FaceSwap/376_381/000017.jpg,hybrid,ffpp_source_safe,val,1,FaceSwap,0.9800301194190979,0.8212602734565735,1
faceforensics/FaceSwap/376_381/000018.jpg,hybrid,ffpp_source_safe,val,1,FaceSwap,0.9996412992477417,0.8212602734565735,1
faceforensics/FaceSwap/376_381/000019.jpg,hybrid,ffpp_source_safe,val,1,FaceSwap,0.9989749193191528,0.8212602734565735,1
faceforensics/FaceSwap/376_381/000020.jpg,hybrid,ffpp_source_safe,val,1,FaceSwap,0.9999911785125732,0.8212602734565735,1
faceforensics/FaceSwap/376_381/000021.jpg,hybrid,ffpp_source_safe,val,1,FaceSwap,0.9997192025184631,0.8212602734565735,1
faceforensics/FaceSwap/376_381/000022.jpg,hybrid,ffpp_source_safe,val,1,FaceSwap,0.9999997615814209,0.8212602734565735,1
faceforensics/FaceSwap/376_381/000023.jpg,hybrid,ffpp_source_safe,val,1,FaceSwap,0.9999840259552002,0.8212602734565735,1
faceforensics/FaceSwap/376_381/000024.jpg,hybrid,ffpp_source_safe,val,1,FaceSwap,0.9999949932098389,0.8212602734565735,1
faceforensics/FaceSwap/376_381/000025.jpg,hybrid,ffpp_source_safe,val,1,FaceSwap,0.9999994039535522,0.8212602734565735,1
faceforensics/FaceSwap/376_381/000026.jpg,hybrid,ffpp_source_safe,val,1,FaceSwap,0.9999953508377075,0.8212602734565735,1
faceforensics/FaceSwap/376_381/000027.jpg,hybrid,ffpp_source_safe,val,1,FaceSwap,0.9999654293060303,0.8212602734565735,1
faceforensics/FaceSwap/376_381/000028.jpg,hybrid,ffpp_source_safe,val,1,FaceSwap,0.9999974966049194,0.8212602734565735,1
faceforensics/FaceSwap/376_381/000029.jpg,hybrid,ffpp_source_safe,val,1,FaceSwap,0.9984068274497986,0.8212602734565735,1
faceforensics/FaceSwap/381_376/000000.jpg,hybrid,ffpp_source_safe,val,1,FaceSwap,0.9999798536300659,0.8212602734565735,1
faceforensics/FaceSwap/381_376/000001.jpg,hybrid,ffpp_source_safe,val,1,FaceSwap,0.9999765157699585,0.8212602734565735,1
faceforensics/FaceSwap/381_376/000002.jpg,hybrid,ffpp_source_safe,val,1,FaceSwap,0.9999629259109497,0.8212602734565735,1
faceforensics/FaceSwap/381_376/000003.jpg,hybrid,ffpp_source_safe,val,1,FaceSwap,0.9999691247940063,0.8212602734565735,1
faceforensics/FaceSwap/381_376/000004.jpg,hybrid,ffpp_source_safe,val,1,FaceSwap,0.9998780488967896,0.8212602734565735,1
faceforensics/FaceSwap/381_376/000005.jpg,hybrid,ffpp_source_safe,val,1,FaceSwap,0.9999454021453857,0.8212602734565735,1
faceforensics/FaceSwap/381_376/000006.jpg,hybrid,ffpp_source_safe,val,1,FaceSwap,0.9999492168426514,0.8212602734565735,1
faceforensics/FaceSwap/381_376/000007.jpg,hybrid,ffpp_source_safe,val,1,FaceSwap,0.9999908208847046,0.8212602734565735,1
faceforensics/FaceSwap/381_376/000008.jpg,hybrid,ffpp_source_safe,val,1,FaceSwap,0.9999706745147705,0.8212602734565735,1
faceforensics/FaceSwap/381_376/000009.jpg,hybrid,ffpp_source_safe,val,1,FaceSwap,0.9999693632125854,0.8212602734565735,1
faceforensics/FaceSwap/381_376/000010.jpg,hybrid,ffpp_source_safe,val,1,FaceSwap,0.9997242093086243,0.8212602734565735,1
faceforensics/FaceSwap/381_376/000011.jpg,hybrid,ffpp_source_safe,val,1,FaceSwap,0.9999145269393921,0.8212602734565735,1
faceforensics/FaceSwap/381_376/000012.jpg,hybrid,ffpp_source_safe,val,1,FaceSwap,0.9998553991317749,0.8212602734565735,1
faceforensics/FaceSwap/381_376/000013.jpg,hybrid,ffpp_source_safe,val,1,FaceSwap,0.9999706745147705,0.8212602734565735,1
faceforensics/FaceSwap/381_376/000014.jpg,hybrid,ffpp_source_safe,val,1,FaceSwap,0.9999740123748779,0.8212602734565735,1
faceforensics/FaceSwap/381_376/000015.jpg,hybrid,ffpp_source_safe,val,1,FaceSwap,0.9999556541442871,0.8212602734565735,1
faceforensics/FaceSwap/381_376/000016.jpg,hybrid,ffpp_source_safe,val,1,FaceSwap,0.9998651742935181,0.8212602734565735,1
faceforensics/FaceSwap/381_376/000017.jpg,hybrid,ffpp_source_safe,val,1,FaceSwap,0.9999841451644897,0.8212602734565735,1
faceforensics/FaceSwap/381_376/000018.jpg,hybrid,ffpp_source_safe,val,1,FaceSwap,0.9999943971633911,0.8212602734565735,1
faceforensics/FaceSwap/381_376/000019.jpg,hybrid,ffpp_source_safe,val,1,FaceSwap,0.9999834299087524,0.8212602734565735,1
faceforensics/FaceSwap/381_376/000020.jpg,hybrid,ffpp_source_safe,val,1,FaceSwap,0.9991426467895508,0.8212602734565735,1
faceforensics/FaceSwap/381_376/000021.jpg,hybrid,ffpp_source_safe,val,1,FaceSwap,0.9999641180038452,0.8212602734565735,1
faceforensics/FaceSwap/381_376/000022.jpg,hybrid,ffpp_source_safe,val,1,FaceSwap,0.9996485710144043,0.8212602734565735,1
faceforensics/FaceSwap/381_376/000023.jpg,hybrid,ffpp_source_safe,val,1,FaceSwap,0.9999579191207886,0.8212602734565735,1
faceforensics/FaceSwap/381_376/000024.jpg,hybrid,ffpp_source_safe,val,1,FaceSwap,0.9999580383300781,0.8212602734565735,1
faceforensics/FaceSwap/381_376/000025.jpg,hybrid,ffpp_source_safe,val,1,FaceSwap,0.9999538660049438,0.8212602734565735,1
faceforensics/FaceSwap/381_376/000026.jpg,hybrid,ffpp_source_safe,val,1,FaceSwap,0.9999868869781494,0.8212602734565735,1
faceforensics/FaceSwap/381_376/000027.jpg,hybrid,ffpp_source_safe,val,1,FaceSwap,0.9999369382858276,0.8212602734565735,1
faceforensics/FaceSwap/381_376/000028.jpg,hybrid,ffpp_source_safe,val,1,FaceSwap,0.9999178647994995,0.8212602734565735,1
faceforensics/FaceSwap/381_376/000029.jpg,hybrid,ffpp_source_safe,val,1,FaceSwap,0.9998515844345093,0.8212602734565735,1
faceforensics/NeuralTextures/054_071/000000.jpg,hybrid,ffpp_source_safe,val,1,NeuralTextures,0.7087572813034058,0.8212602734565735,0
faceforensics/NeuralTextures/054_071/000001.jpg,hybrid,ffpp_source_safe,val,1,NeuralTextures,0.982543408870697,0.8212602734565735,1
faceforensics/NeuralTextures/054_071/000002.jpg,hybrid,ffpp_source_safe,val,1,NeuralTextures,0.9964086413383484,0.8212602734565735,1
faceforensics/NeuralTextures/054_071/000003.jpg,hybrid,ffpp_source_safe,val,1,NeuralTextures,0.9709875583648682,0.8212602734565735,1
faceforensics/NeuralTextures/054_071/000004.jpg,hybrid,ffpp_source_safe,val,1,NeuralTextures,0.9896696209907532,0.8212602734565735,1
faceforensics/NeuralTextures/054_071/000005.jpg,hybrid,ffpp_source_safe,val,1,NeuralTextures,0.9359409809112549,0.8212602734565735,1
faceforensics/NeuralTextures/054_071/000006.jpg,hybrid,ffpp_source_safe,val,1,NeuralTextures,0.7303642630577087,0.8212602734565735,0
faceforensics/NeuralTextures/054_071/000007.jpg,hybrid,ffpp_source_safe,val,1,NeuralTextures,0.6865864992141724,0.8212602734565735,0
faceforensics/NeuralTextures/054_071/000008.jpg,hybrid,ffpp_source_safe,val,1,NeuralTextures,0.9752172231674194,0.8212602734565735,1
faceforensics/NeuralTextures/054_071/000009.jpg,hybrid,ffpp_source_safe,val,1,NeuralTextures,0.2135324776172638,0.8212602734565735,0
faceforensics/NeuralTextures/054_071/000010.jpg,hybrid,ffpp_source_safe,val,1,NeuralTextures,0.9692838788032532,0.8212602734565735,1
faceforensics/NeuralTextures/054_071/000011.jpg,hybrid,ffpp_source_safe,val,1,NeuralTextures,0.9019556641578674,0.8212602734565735,1
faceforensics/NeuralTextures/054_071/000012.jpg,hybrid,ffpp_source_safe,val,1,NeuralTextures,0.9249548316001892,0.8212602734565735,1
faceforensics/NeuralTextures/054_071/000013.jpg,hybrid,ffpp_source_safe,val,1,NeuralTextures,0.2772819399833679,0.8212602734565735,0
faceforensics/NeuralTextures/054_071/000014.jpg,hybrid,ffpp_source_safe,val,1,NeuralTextures,0.992554247379303,0.8212602734565735,1
faceforensics/NeuralTextures/054_071/000015.jpg,hybrid,ffpp_source_safe,val,1,NeuralTextures,0.9903236627578735,0.8212602734565735,1
faceforensics/NeuralTextures/054_071/000016.jpg,hybrid,ffpp_source_safe,val,1,NeuralTextures,0.9692604541778564,0.8212602734565735,1
faceforensics/NeuralTextures/054_071/000017.jpg,hybrid,ffpp_source_safe,val,1,NeuralTextures,0.8340684771537781,0.8212602734565735,1
faceforensics/NeuralTextures/054_071/000018.jpg,hybrid,ffpp_source_safe,val,1,NeuralTextures,0.34818747639656067,0.8212602734565735,0
faceforensics/NeuralTextures/054_071/000019.jpg,hybrid,ffpp_source_safe,val,1,NeuralTextures,0.05576717481017113,0.8212602734565735,0
faceforensics/NeuralTextures/054_071/000020.jpg,hybrid,ffpp_source_safe,val,1,NeuralTextures,0.9125573039054871,0.8212602734565735,1
faceforensics/NeuralTextures/054_071/000021.jpg,hybrid,ffpp_source_safe,val,1,NeuralTextures,0.6680330038070679,0.8212602734565735,0
faceforensics/NeuralTextures/054_071/000022.jpg,hybrid,ffpp_source_safe,val,1,NeuralTextures,0.48163267970085144,0.8212602734565735,0
faceforensics/NeuralTextures/054_071/000023.jpg,hybrid,ffpp_source_safe,val,1,NeuralTextures,0.4074651896953583,0.8212602734565735,0
faceforensics/NeuralTextures/054_071/000024.jpg,hybrid,ffpp_source_safe,val,1,NeuralTextures,0.11997964233160019,0.8212602734565735,0
faceforensics/NeuralTextures/054_071/000025.jpg,hybrid,ffpp_source_safe,val,1,NeuralTextures,0.40348950028419495,0.8212602734565735,0
faceforensics/NeuralTextures/054_071/000026.jpg,hybrid,ffpp_source_safe,val,1,NeuralTextures,0.7844886779785156,0.8212602734565735,0
faceforensics/NeuralTextures/054_071/000027.jpg,hybrid,ffpp_source_safe,val,1,NeuralTextures,0.2838057279586792,0.8212602734565735,0
faceforensics/NeuralTextures/054_071/000028.jpg,hybrid,ffpp_source_safe,val,1,NeuralTextures,0.920661985874176,0.8212602734565735,1
faceforensics/NeuralTextures/054_071/000029.jpg,hybrid,ffpp_source_safe,val,1,NeuralTextures,0.0008985829772427678,0.8212602734565735,0
faceforensics/NeuralTextures/071_054/000000.jpg,hybrid,ffpp_source_safe,val,1,NeuralTextures,0.9573721885681152,0.8212602734565735,1
faceforensics/NeuralTextures/071_054/000001.jpg,hybrid,ffpp_source_safe,val,1,NeuralTextures,0.998431384563446,0.8212602734565735,1
faceforensics/NeuralTextures/071_054/000002.jpg,hybrid,ffpp_source_safe,val,1,NeuralTextures,0.3049919903278351,0.8212602734565735,0
faceforensics/NeuralTextures/071_054/000003.jpg,hybrid,ffpp_source_safe,val,1,NeuralTextures,0.13208241760730743,0.8212602734565735,0
faceforensics/NeuralTextures/071_054/000004.jpg,hybrid,ffpp_source_safe,val,1,NeuralTextures,0.007163520902395248,0.8212602734565735,0
faceforensics/NeuralTextures/071_054/000005.jpg,hybrid,ffpp_source_safe,val,1,NeuralTextures,0.384063184261322,0.8212602734565735,0
faceforensics/NeuralTextures/071_054/000006.jpg,hybrid,ffpp_source_safe,val,1,NeuralTextures,0.08640694618225098,0.8212602734565735,0
faceforensics/NeuralTextures/071_054/000007.jpg,hybrid,ffpp_source_safe,val,1,NeuralTextures,0.634871780872345,0.8212602734565735,0
faceforensics/NeuralTextures/071_054/000008.jpg,hybrid,ffpp_source_safe,val,1,NeuralTextures,0.9186913371086121,0.8212602734565735,1
faceforensics/NeuralTextures/071_054/000009.jpg,hybrid,ffpp_source_safe,val,1,NeuralTextures,0.9733914732933044,0.8212602734565735,1
faceforensics/NeuralTextures/071_054/000010.jpg,hybrid,ffpp_source_safe,val,1,NeuralTextures,0.9577401876449585,0.8212602734565735,1
faceforensics/NeuralTextures/071_054/000011.jpg,hybrid,ffpp_source_safe,val,1,NeuralTextures,0.9910677075386047,0.8212602734565735,1
faceforensics/NeuralTextures/071_054/000012.jpg,hybrid,ffpp_source_safe,val,1,NeuralTextures,0.8482421636581421,0.8212602734565735,1
faceforensics/NeuralTextures/071_054/000013.jpg,hybrid,ffpp_source_safe,val,1,NeuralTextures,0.9857150912284851,0.8212602734565735,1
faceforensics/NeuralTextures/071_054/000014.jpg,hybrid,ffpp_source_safe,val,1,NeuralTextures,0.9978083968162537,0.8212602734565735,1
faceforensics/NeuralTextures/071_054/000015.jpg,hybrid,ffpp_source_safe,val,1,NeuralTextures,0.4411170482635498,0.8212602734565735,0
faceforensics/NeuralTextures/071_054/000016.jpg,hybrid,ffpp_source_safe,val,1,NeuralTextures,0.972542941570282,0.8212602734565735,1
faceforensics/NeuralTextures/071_054/000017.jpg,hybrid,ffpp_source_safe,val,1,NeuralTextures,0.972658634185791,0.8212602734565735,1
faceforensics/NeuralTextures/071_054/000018.jpg,hybrid,ffpp_source_safe,val,1,NeuralTextures,0.9923160076141357,0.8212602734565735,1
faceforensics/NeuralTextures/071_054/000019.jpg,hybrid,ffpp_source_safe,val,1,NeuralTextures,0.9396715760231018,0.8212602734565735,1
faceforensics/NeuralTextures/071_054/000020.jpg,hybrid,ffpp_source_safe,val,1,NeuralTextures,0.9799761772155762,0.8212602734565735,1
faceforensics/NeuralTextures/071_054/000021.jpg,hybrid,ffpp_source_safe,val,1,NeuralTextures,0.9952812790870667,0.8212602734565735,1
faceforensics/NeuralTextures/071_054/000022.jpg,hybrid,ffpp_source_safe,val,1,NeuralTextures,0.9942771792411804,0.8212602734565735,1
faceforensics/NeuralTextures/071_054/000023.jpg,hybrid,ffpp_source_safe,val,1,NeuralTextures,0.9441038370132446,0.8212602734565735,1
faceforensics/NeuralTextures/071_054/000024.jpg,hybrid,ffpp_source_safe,val,1,NeuralTextures,0.5843745470046997,0.8212602734565735,0
faceforensics/NeuralTextures/071_054/000025.jpg,hybrid,ffpp_source_safe,val,1,NeuralTextures,0.01895441859960556,0.8212602734565735,0
faceforensics/NeuralTextures/071_054/000026.jpg,hybrid,ffpp_source_safe,val,1,NeuralTextures,0.19253882765769958,0.8212602734565735,0
faceforensics/NeuralTextures/071_054/000027.jpg,hybrid,ffpp_source_safe,val,1,NeuralTextures,0.026425017043948174,0.8212602734565735,0
faceforensics/NeuralTextures/071_054/000028.jpg,hybrid,ffpp_source_safe,val,1,NeuralTextures,0.7215001583099365,0.8212602734565735,0
faceforensics/NeuralTextures/071_054/000029.jpg,hybrid,ffpp_source_safe,val,1,NeuralTextures,0.23993776738643646,0.8212602734565735,0
faceforensics/NeuralTextures/376_381/000000.jpg,hybrid,ffpp_source_safe,val,1,NeuralTextures,0.9612690806388855,0.8212602734565735,1
faceforensics/NeuralTextures/376_381/000001.jpg,hybrid,ffpp_source_safe,val,1,NeuralTextures,0.9652382731437683,0.8212602734565735,1
faceforensics/NeuralTextures/376_381/000002.jpg,hybrid,ffpp_source_safe,val,1,NeuralTextures,0.9460154175758362,0.8212602734565735,1
faceforensics/NeuralTextures/376_381/000003.jpg,hybrid,ffpp_source_safe,val,1,NeuralTextures,0.9543708562850952,0.8212602734565735,1
faceforensics/NeuralTextures/376_381/000004.jpg,hybrid,ffpp_source_safe,val,1,NeuralTextures,0.35936033725738525,0.8212602734565735,0
faceforensics/NeuralTextures/376_381/000005.jpg,hybrid,ffpp_source_safe,val,1,NeuralTextures,0.9906569719314575,0.8212602734565735,1
faceforensics/NeuralTextures/376_381/000006.jpg,hybrid,ffpp_source_safe,val,1,NeuralTextures,0.9974685907363892,0.8212602734565735,1
faceforensics/NeuralTextures/376_381/000007.jpg,hybrid,ffpp_source_safe,val,1,NeuralTextures,0.9982348680496216,0.8212602734565735,1
faceforensics/NeuralTextures/376_381/000008.jpg,hybrid,ffpp_source_safe,val,1,NeuralTextures,0.9999024868011475,0.8212602734565735,1
faceforensics/NeuralTextures/376_381/000009.jpg,hybrid,ffpp_source_safe,val,1,NeuralTextures,0.9945639371871948,0.8212602734565735,1
faceforensics/NeuralTextures/376_381/000010.jpg,hybrid,ffpp_source_safe,val,1,NeuralTextures,0.994737446308136,0.8212602734565735,1
faceforensics/NeuralTextures/376_381/000011.jpg,hybrid,ffpp_source_safe,val,1,NeuralTextures,0.9986133575439453,0.8212602734565735,1
faceforensics/NeuralTextures/376_381/000012.jpg,hybrid,ffpp_source_safe,val,1,NeuralTextures,0.9991206526756287,0.8212602734565735,1
faceforensics/NeuralTextures/376_381/000013.jpg,hybrid,ffpp_source_safe,val,1,NeuralTextures,0.9369350075721741,0.8212602734565735,1
faceforensics/NeuralTextures/376_381/000014.jpg,hybrid,ffpp_source_safe,val,1,NeuralTextures,0.9993245601654053,0.8212602734565735,1
faceforensics/NeuralTextures/376_381/000015.jpg,hybrid,ffpp_source_safe,val,1,NeuralTextures,0.9982288479804993,0.8212602734565735,1
faceforensics/NeuralTextures/376_381/000016.jpg,hybrid,ffpp_source_safe,val,1,NeuralTextures,0.9828457236289978,0.8212602734565735,1
faceforensics/NeuralTextures/376_381/000017.jpg,hybrid,ffpp_source_safe,val,1,NeuralTextures,0.9853794574737549,0.8212602734565735,1
faceforensics/NeuralTextures/376_381/000018.jpg,hybrid,ffpp_source_safe,val,1,NeuralTextures,0.4149244725704193,0.8212602734565735,0
faceforensics/NeuralTextures/376_381/000019.jpg,hybrid,ffpp_source_safe,val,1,NeuralTextures,0.9800745248794556,0.8212602734565735,1
faceforensics/NeuralTextures/376_381/000020.jpg,hybrid,ffpp_source_safe,val,1,NeuralTextures,0.6222103238105774,0.8212602734565735,0
faceforensics/NeuralTextures/376_381/000021.jpg,hybrid,ffpp_source_safe,val,1,NeuralTextures,0.9596861600875854,0.8212602734565735,1
faceforensics/NeuralTextures/376_381/000022.jpg,hybrid,ffpp_source_safe,val,1,NeuralTextures,0.9568827152252197,0.8212602734565735,1
faceforensics/NeuralTextures/376_381/000023.jpg,hybrid,ffpp_source_safe,val,1,NeuralTextures,0.8663881421089172,0.8212602734565735,1
faceforensics/NeuralTextures/376_381/000024.jpg,hybrid,ffpp_source_safe,val,1,NeuralTextures,0.9973514080047607,0.8212602734565735,1
faceforensics/NeuralTextures/376_381/000025.jpg,hybrid,ffpp_source_safe,val,1,NeuralTextures,0.8808189630508423,0.8212602734565735,1
faceforensics/NeuralTextures/376_381/000026.jpg,hybrid,ffpp_source_safe,val,1,NeuralTextures,0.6978734731674194,0.8212602734565735,0
faceforensics/NeuralTextures/376_381/000027.jpg,hybrid,ffpp_source_safe,val,1,NeuralTextures,0.8307358622550964,0.8212602734565735,1
faceforensics/NeuralTextures/376_381/000028.jpg,hybrid,ffpp_source_safe,val,1,NeuralTextures,0.9843919277191162,0.8212602734565735,1
faceforensics/NeuralTextures/376_381/000029.jpg,hybrid,ffpp_source_safe,val,1,NeuralTextures,0.9968107342720032,0.8212602734565735,1
faceforensics/NeuralTextures/381_376/000000.jpg,hybrid,ffpp_source_safe,val,1,NeuralTextures,0.0018525478662922978,0.8212602734565735,0
faceforensics/NeuralTextures/381_376/000001.jpg,hybrid,ffpp_source_safe,val,1,NeuralTextures,0.003535733325406909,0.8212602734565735,0
faceforensics/NeuralTextures/381_376/000002.jpg,hybrid,ffpp_source_safe,val,1,NeuralTextures,0.02034655585885048,0.8212602734565735,0
faceforensics/NeuralTextures/381_376/000003.jpg,hybrid,ffpp_source_safe,val,1,NeuralTextures,0.003938321955502033,0.8212602734565735,0
faceforensics/NeuralTextures/381_376/000004.jpg,hybrid,ffpp_source_safe,val,1,NeuralTextures,0.007204568013548851,0.8212602734565735,0
faceforensics/NeuralTextures/381_376/000005.jpg,hybrid,ffpp_source_safe,val,1,NeuralTextures,0.011704448610544205,0.8212602734565735,0
faceforensics/NeuralTextures/381_376/000006.jpg,hybrid,ffpp_source_safe,val,1,NeuralTextures,0.923371434211731,0.8212602734565735,1
faceforensics/NeuralTextures/381_376/000007.jpg,hybrid,ffpp_source_safe,val,1,NeuralTextures,0.04669744893908501,0.8212602734565735,0
faceforensics/NeuralTextures/381_376/000008.jpg,hybrid,ffpp_source_safe,val,1,NeuralTextures,0.016775473952293396,0.8212602734565735,0
faceforensics/NeuralTextures/381_376/000009.jpg,hybrid,ffpp_source_safe,val,1,NeuralTextures,0.017029864713549614,0.8212602734565735,0
faceforensics/NeuralTextures/381_376/000010.jpg,hybrid,ffpp_source_safe,val,1,NeuralTextures,0.15742003917694092,0.8212602734565735,0
faceforensics/NeuralTextures/381_376/000011.jpg,hybrid,ffpp_source_safe,val,1,NeuralTextures,0.01707177422940731,0.8212602734565735,0
faceforensics/NeuralTextures/381_376/000012.jpg,hybrid,ffpp_source_safe,val,1,NeuralTextures,0.6347241401672363,0.8212602734565735,0
faceforensics/NeuralTextures/381_376/000013.jpg,hybrid,ffpp_source_safe,val,1,NeuralTextures,0.8212602734565735,0.8212602734565735,1
faceforensics/NeuralTextures/381_376/000014.jpg,hybrid,ffpp_source_safe,val,1,NeuralTextures,0.071830615401268,0.8212602734565735,0
faceforensics/NeuralTextures/381_376/000015.jpg,hybrid,ffpp_source_safe,val,1,NeuralTextures,0.06588386744260788,0.8212602734565735,0
faceforensics/NeuralTextures/381_376/000016.jpg,hybrid,ffpp_source_safe,val,1,NeuralTextures,0.0027725843247026205,0.8212602734565735,0
faceforensics/NeuralTextures/381_376/000017.jpg,hybrid,ffpp_source_safe,val,1,NeuralTextures,0.16321629285812378,0.8212602734565735,0
faceforensics/NeuralTextures/381_376/000018.jpg,hybrid,ffpp_source_safe,val,1,NeuralTextures,0.013424072414636612,0.8212602734565735,0
faceforensics/NeuralTextures/381_376/000019.jpg,hybrid,ffpp_source_safe,val,1,NeuralTextures,0.27045193314552307,0.8212602734565735,0
faceforensics/NeuralTextures/381_376/000020.jpg,hybrid,ffpp_source_safe,val,1,NeuralTextures,0.011416713707149029,0.8212602734565735,0
faceforensics/NeuralTextures/381_376/000021.jpg,hybrid,ffpp_source_safe,val,1,NeuralTextures,0.0011126624885946512,0.8212602734565735,0
faceforensics/NeuralTextures/381_376/000022.jpg,hybrid,ffpp_source_safe,val,1,NeuralTextures,0.010024070739746094,0.8212602734565735,0
faceforensics/NeuralTextures/381_376/000023.jpg,hybrid,ffpp_source_safe,val,1,NeuralTextures,0.013792477548122406,0.8212602734565735,0
faceforensics/NeuralTextures/381_376/000024.jpg,hybrid,ffpp_source_safe,val,1,NeuralTextures,0.017673075199127197,0.8212602734565735,0
faceforensics/NeuralTextures/381_376/000025.jpg,hybrid,ffpp_source_safe,val,1,NeuralTextures,0.11277974396944046,0.8212602734565735,0
faceforensics/NeuralTextures/381_376/000026.jpg,hybrid,ffpp_source_safe,val,1,NeuralTextures,0.000411498622270301,0.8212602734565735,0
faceforensics/NeuralTextures/381_376/000027.jpg,hybrid,ffpp_source_safe,val,1,NeuralTextures,0.0007268067565746605,0.8212602734565735,0
faceforensics/NeuralTextures/381_376/000028.jpg,hybrid,ffpp_source_safe,val,1,NeuralTextures,0.004779570735991001,0.8212602734565735,0
faceforensics/NeuralTextures/381_376/000029.jpg,hybrid,ffpp_source_safe,val,1,NeuralTextures,0.014367762953042984,0.8212602734565735,0
faceforensics/real/004/000000.jpg,hybrid,ffpp_source_safe,test,0,real,0.0013567666755989194,0.8212602734565735,0
faceforensics/real/004/000001.jpg,hybrid,ffpp_source_safe,test,0,real,0.0007872104179114103,0.8212602734565735,0
faceforensics/real/004/000002.jpg,hybrid,ffpp_source_safe,test,0,real,0.00012302343384362757,0.8212602734565735,0
faceforensics/real/004/000003.jpg,hybrid,ffpp_source_safe,test,0,real,4.9939335440285504e-05,0.8212602734565735,0
faceforensics/real/004/000004.jpg,hybrid,ffpp_source_safe,test,0,real,0.00535145029425621,0.8212602734565735,0
faceforensics/real/004/000005.jpg,hybrid,ffpp_source_safe,test,0,real,0.0002629869559314102,0.8212602734565735,0
faceforensics/real/004/000006.jpg,hybrid,ffpp_source_safe,test,0,real,0.00012460061407182366,0.8212602734565735,0
faceforensics/real/004/000007.jpg,hybrid,ffpp_source_safe,test,0,real,9.6462870715186e-05,0.8212602734565735,0
faceforensics/real/004/000008.jpg,hybrid,ffpp_source_safe,test,0,real,0.0005458338418975472,0.8212602734565735,0
faceforensics/real/004/000009.jpg,hybrid,ffpp_source_safe,test,0,real,3.6777604691451415e-05,0.8212602734565735,0
faceforensics/real/004/000010.jpg,hybrid,ffpp_source_safe,test,0,real,9.908628999255598e-05,0.8212602734565735,0
faceforensics/real/004/000011.jpg,hybrid,ffpp_source_safe,test,0,real,3.37673191097565e-05,0.8212602734565735,0
faceforensics/real/004/000012.jpg,hybrid,ffpp_source_safe,test,0,real,4.321786400396377e-05,0.8212602734565735,0
faceforensics/real/004/000013.jpg,hybrid,ffpp_source_safe,test,0,real,0.00034919282188639045,0.8212602734565735,0
faceforensics/real/004/000014.jpg,hybrid,ffpp_source_safe,test,0,real,5.066491212346591e-05,0.8212602734565735,0
faceforensics/real/004/000015.jpg,hybrid,ffpp_source_safe,test,0,real,6.70203662593849e-05,0.8212602734565735,0
faceforensics/real/004/000016.jpg,hybrid,ffpp_source_safe,test,0,real,0.00010608982847770676,0.8212602734565735,0
faceforensics/real/004/000017.jpg,hybrid,ffpp_source_safe,test,0,real,7.504948735004291e-05,0.8212602734565735,0
faceforensics/real/004/000018.jpg,hybrid,ffpp_source_safe,test,0,real,0.00019043275096919388,0.8212602734565735,0
faceforensics/real/004/000019.jpg,hybrid,ffpp_source_safe,test,0,real,0.0008883774280548096,0.8212602734565735,0
faceforensics/real/004/000020.jpg,hybrid,ffpp_source_safe,test,0,real,0.00028949961415492,0.8212602734565735,0
faceforensics/real/004/000021.jpg,hybrid,ffpp_source_safe,test,0,real,0.00013503602531272918,0.8212602734565735,0
faceforensics/real/004/000022.jpg,hybrid,ffpp_source_safe,test,0,real,5.590667205979116e-05,0.8212602734565735,0
faceforensics/real/004/000023.jpg,hybrid,ffpp_source_safe,test,0,real,0.22829847037792206,0.8212602734565735,0
faceforensics/real/004/000024.jpg,hybrid,ffpp_source_safe,test,0,real,0.1312548965215683,0.8212602734565735,0
faceforensics/real/004/000025.jpg,hybrid,ffpp_source_safe,test,0,real,0.23922711610794067,0.8212602734565735,0
faceforensics/real/004/000026.jpg,hybrid,ffpp_source_safe,test,0,real,0.21696168184280396,0.8212602734565735,0
faceforensics/real/004/000027.jpg,hybrid,ffpp_source_safe,test,0,real,0.3084368109703064,0.8212602734565735,0
faceforensics/real/004/000028.jpg,hybrid,ffpp_source_safe,test,0,real,0.14963707327842712,0.8212602734565735,0
faceforensics/real/004/000029.jpg,hybrid,ffpp_source_safe,test,0,real,0.14782021939754486,0.8212602734565735,0
faceforensics/real/008/000000.jpg,hybrid,ffpp_source_safe,test,0,real,0.005395510699599981,0.8212602734565735,0
faceforensics/real/008/000001.jpg,hybrid,ffpp_source_safe,test,0,real,0.005057670176029205,0.8212602734565735,0
faceforensics/real/008/000002.jpg,hybrid,ffpp_source_safe,test,0,real,0.0023597427643835545,0.8212602734565735,0
faceforensics/real/008/000003.jpg,hybrid,ffpp_source_safe,test,0,real,0.49666017293930054,0.8212602734565735,0
faceforensics/real/008/000004.jpg,hybrid,ffpp_source_safe,test,0,real,0.005915753077715635,0.8212602734565735,0
faceforensics/real/008/000005.jpg,hybrid,ffpp_source_safe,test,0,real,0.017688363790512085,0.8212602734565735,0
faceforensics/real/008/000006.jpg,hybrid,ffpp_source_safe,test,0,real,0.021565020084381104,0.8212602734565735,0
faceforensics/real/008/000007.jpg,hybrid,ffpp_source_safe,test,0,real,0.056957509368658066,0.8212602734565735,0
faceforensics/real/008/000008.jpg,hybrid,ffpp_source_safe,test,0,real,0.07706992328166962,0.8212602734565735,0
faceforensics/real/008/000009.jpg,hybrid,ffpp_source_safe,test,0,real,0.005294433794915676,0.8212602734565735,0
faceforensics/real/008/000010.jpg,hybrid,ffpp_source_safe,test,0,real,0.028110738843679428,0.8212602734565735,0
faceforensics/real/008/000011.jpg,hybrid,ffpp_source_safe,test,0,real,0.003708078758791089,0.8212602734565735,0
faceforensics/real/008/000012.jpg,hybrid,ffpp_source_safe,test,0,real,0.007058362476527691,0.8212602734565735,0
faceforensics/real/008/000013.jpg,hybrid,ffpp_source_safe,test,0,real,0.053888145834207535,0.8212602734565735,0
faceforensics/real/008/000014.jpg,hybrid,ffpp_source_safe,test,0,real,0.1135580763220787,0.8212602734565735,0
faceforensics/real/008/000015.jpg,hybrid,ffpp_source_safe,test,0,real,0.0013592472532764077,0.8212602734565735,0
faceforensics/real/008/000016.jpg,hybrid,ffpp_source_safe,test,0,real,0.0039499239064753056,0.8212602734565735,0
faceforensics/real/008/000017.jpg,hybrid,ffpp_source_safe,test,0,real,0.031642407178878784,0.8212602734565735,0
faceforensics/real/008/000018.jpg,hybrid,ffpp_source_safe,test,0,real,0.1262936294078827,0.8212602734565735,0
faceforensics/real/008/000019.jpg,hybrid,ffpp_source_safe,test,0,real,0.29748496413230896,0.8212602734565735,0
faceforensics/real/008/000020.jpg,hybrid,ffpp_source_safe,test,0,real,0.0023367172107100487,0.8212602734565735,0
faceforensics/real/008/000021.jpg,hybrid,ffpp_source_safe,test,0,real,0.16618071496486664,0.8212602734565735,0
faceforensics/real/008/000022.jpg,hybrid,ffpp_source_safe,test,0,real,0.003341526258736849,0.8212602734565735,0
faceforensics/real/008/000023.jpg,hybrid,ffpp_source_safe,test,0,real,0.0005604607285931706,0.8212602734565735,0
faceforensics/real/008/000024.jpg,hybrid,ffpp_source_safe,test,0,real,0.0008588707423768938,0.8212602734565735,0
faceforensics/real/008/000025.jpg,hybrid,ffpp_source_safe,test,0,real,0.0028175855986773968,0.8212602734565735,0
faceforensics/real/008/000026.jpg,hybrid,ffpp_source_safe,test,0,real,0.4957757592201233,0.8212602734565735,0
faceforensics/real/008/000027.jpg,hybrid,ffpp_source_safe,test,0,real,0.004405928310006857,0.8212602734565735,0
faceforensics/real/008/000028.jpg,hybrid,ffpp_source_safe,test,0,real,0.0026852586306631565,0.8212602734565735,0
faceforensics/real/008/000029.jpg,hybrid,ffpp_source_safe,test,0,real,0.003361381823197007,0.8212602734565735,0
faceforensics/real/062/000000.jpg,hybrid,ffpp_source_safe,test,0,real,0.9972791075706482,0.8212602734565735,1
faceforensics/real/062/000001.jpg,hybrid,ffpp_source_safe,test,0,real,0.9982337951660156,0.8212602734565735,1
faceforensics/real/062/000002.jpg,hybrid,ffpp_source_safe,test,0,real,0.9984731078147888,0.8212602734565735,1
faceforensics/real/062/000003.jpg,hybrid,ffpp_source_safe,test,0,real,0.9963816404342651,0.8212602734565735,1
faceforensics/real/062/000004.jpg,hybrid,ffpp_source_safe,test,0,real,0.9987996816635132,0.8212602734565735,1
faceforensics/real/062/000005.jpg,hybrid,ffpp_source_safe,test,0,real,0.9891813397407532,0.8212602734565735,1
faceforensics/real/062/000006.jpg,hybrid,ffpp_source_safe,test,0,real,0.9953059554100037,0.8212602734565735,1
faceforensics/real/062/000007.jpg,hybrid,ffpp_source_safe,test,0,real,0.9977502226829529,0.8212602734565735,1
faceforensics/real/062/000008.jpg,hybrid,ffpp_source_safe,test,0,real,0.998755931854248,0.8212602734565735,1
faceforensics/real/062/000009.jpg,hybrid,ffpp_source_safe,test,0,real,0.9914455413818359,0.8212602734565735,1
faceforensics/real/062/000010.jpg,hybrid,ffpp_source_safe,test,0,real,0.9997140765190125,0.8212602734565735,1
faceforensics/real/062/000011.jpg,hybrid,ffpp_source_safe,test,0,real,0.9857358336448669,0.8212602734565735,1
faceforensics/real/062/000012.jpg,hybrid,ffpp_source_safe,test,0,real,0.9991618394851685,0.8212602734565735,1
faceforensics/real/062/000013.jpg,hybrid,ffpp_source_safe,test,0,real,0.9371904730796814,0.8212602734565735,1
faceforensics/real/062/000014.jpg,hybrid,ffpp_source_safe,test,0,real,0.06650345772504807,0.8212602734565735,0
faceforensics/real/062/000015.jpg,hybrid,ffpp_source_safe,test,0,real,0.026817109435796738,0.8212602734565735,0
faceforensics/real/062/000016.jpg,hybrid,ffpp_source_safe,test,0,real,0.0382477268576622,0.8212602734565735,0
faceforensics/real/062/000017.jpg,hybrid,ffpp_source_safe,test,0,real,0.5396861433982849,0.8212602734565735,0
faceforensics/real/062/000018.jpg,hybrid,ffpp_source_safe,test,0,real,0.9981095790863037,0.8212602734565735,1
faceforensics/real/062/000019.jpg,hybrid,ffpp_source_safe,test,0,real,0.9880123138427734,0.8212602734565735,1
faceforensics/real/062/000020.jpg,hybrid,ffpp_source_safe,test,0,real,0.9985678195953369,0.8212602734565735,1
faceforensics/real/062/000021.jpg,hybrid,ffpp_source_safe,test,0,real,0.017943643033504486,0.8212602734565735,0
faceforensics/real/062/000022.jpg,hybrid,ffpp_source_safe,test,0,real,0.9987640380859375,0.8212602734565735,1
faceforensics/real/062/000023.jpg,hybrid,ffpp_source_safe,test,0,real,0.9986891150474548,0.8212602734565735,1
faceforensics/real/062/000024.jpg,hybrid,ffpp_source_safe,test,0,real,0.9847862124443054,0.8212602734565735,1
faceforensics/real/062/000025.jpg,hybrid,ffpp_source_safe,test,0,real,0.9914221167564392,0.8212602734565735,1
faceforensics/real/062/000026.jpg,hybrid,ffpp_source_safe,test,0,real,0.9855475425720215,0.8212602734565735,1
faceforensics/real/062/000027.jpg,hybrid,ffpp_source_safe,test,0,real,0.9699383974075317,0.8212602734565735,1
faceforensics/real/062/000028.jpg,hybrid,ffpp_source_safe,test,0,real,0.9997251629829407,0.8212602734565735,1
faceforensics/real/062/000029.jpg,hybrid,ffpp_source_safe,test,0,real,0.9237948656082153,0.8212602734565735,1
faceforensics/real/096/000000.jpg,hybrid,ffpp_source_safe,test,0,real,0.0003974915307480842,0.8212602734565735,0
faceforensics/real/096/000001.jpg,hybrid,ffpp_source_safe,test,0,real,0.001736082835122943,0.8212602734565735,0
faceforensics/real/096/000002.jpg,hybrid,ffpp_source_safe,test,0,real,0.0050363000482320786,0.8212602734565735,0
faceforensics/real/096/000003.jpg,hybrid,ffpp_source_safe,test,0,real,0.007315492257475853,0.8212602734565735,0
faceforensics/real/096/000004.jpg,hybrid,ffpp_source_safe,test,0,real,0.00024463876616209745,0.8212602734565735,0
faceforensics/real/096/000005.jpg,hybrid,ffpp_source_safe,test,0,real,0.00023206249170470983,0.8212602734565735,0
faceforensics/real/096/000006.jpg,hybrid,ffpp_source_safe,test,0,real,0.00034326541936025023,0.8212602734565735,0
faceforensics/real/096/000007.jpg,hybrid,ffpp_source_safe,test,0,real,0.00947621464729309,0.8212602734565735,0
faceforensics/real/096/000008.jpg,hybrid,ffpp_source_safe,test,0,real,0.00021243597439024597,0.8212602734565735,0
faceforensics/real/096/000009.jpg,hybrid,ffpp_source_safe,test,0,real,0.08234677463769913,0.8212602734565735,0
faceforensics/real/096/000010.jpg,hybrid,ffpp_source_safe,test,0,real,0.0009741932735778391,0.8212602734565735,0
faceforensics/real/096/000011.jpg,hybrid,ffpp_source_safe,test,0,real,0.02123783901333809,0.8212602734565735,0
faceforensics/real/096/000012.jpg,hybrid,ffpp_source_safe,test,0,real,0.02812274731695652,0.8212602734565735,0
faceforensics/real/096/000013.jpg,hybrid,ffpp_source_safe,test,0,real,0.0006674979813396931,0.8212602734565735,0
faceforensics/real/096/000014.jpg,hybrid,ffpp_source_safe,test,0,real,0.0001831554836826399,0.8212602734565735,0
faceforensics/real/096/000015.jpg,hybrid,ffpp_source_safe,test,0,real,0.059874217957258224,0.8212602734565735,0
faceforensics/real/096/000016.jpg,hybrid,ffpp_source_safe,test,0,real,0.011058665812015533,0.8212602734565735,0
faceforensics/real/096/000017.jpg,hybrid,ffpp_source_safe,test,0,real,0.0001251594367204234,0.8212602734565735,0
faceforensics/real/096/000018.jpg,hybrid,ffpp_source_safe,test,0,real,0.00011430994345573708,0.8212602734565735,0
faceforensics/real/096/000019.jpg,hybrid,ffpp_source_safe,test,0,real,0.8315253257751465,0.8212602734565735,1
faceforensics/real/096/000020.jpg,hybrid,ffpp_source_safe,test,0,real,0.013934132643043995,0.8212602734565735,0
faceforensics/real/096/000021.jpg,hybrid,ffpp_source_safe,test,0,real,0.0009337896481156349,0.8212602734565735,0
faceforensics/real/096/000022.jpg,hybrid,ffpp_source_safe,test,0,real,0.0015870375791564584,0.8212602734565735,0
faceforensics/real/096/000023.jpg,hybrid,ffpp_source_safe,test,0,real,0.0002587609924376011,0.8212602734565735,0
faceforensics/real/096/000024.jpg,hybrid,ffpp_source_safe,test,0,real,0.0019078418845310807,0.8212602734565735,0
faceforensics/real/096/000025.jpg,hybrid,ffpp_source_safe,test,0,real,0.0011450251331552863,0.8212602734565735,0
faceforensics/real/096/000026.jpg,hybrid,ffpp_source_safe,test,0,real,0.0003108528326265514,0.8212602734565735,0
faceforensics/real/096/000027.jpg,hybrid,ffpp_source_safe,test,0,real,8.328077819896862e-05,0.8212602734565735,0
faceforensics/real/096/000028.jpg,hybrid,ffpp_source_safe,test,0,real,0.8681878447532654,0.8212602734565735,1
faceforensics/real/096/000029.jpg,hybrid,ffpp_source_safe,test,0,real,0.002031526295468211,0.8212602734565735,0
faceforensics/real/192/000000.jpg,hybrid,ffpp_source_safe,test,0,real,0.00013030612899456173,0.8212602734565735,0
faceforensics/real/192/000001.jpg,hybrid,ffpp_source_safe,test,0,real,0.00010816595022333786,0.8212602734565735,0
faceforensics/real/192/000002.jpg,hybrid,ffpp_source_safe,test,0,real,0.00018393638310953975,0.8212602734565735,0
faceforensics/real/192/000003.jpg,hybrid,ffpp_source_safe,test,0,real,8.808829443296418e-05,0.8212602734565735,0
faceforensics/real/192/000004.jpg,hybrid,ffpp_source_safe,test,0,real,5.337871698429808e-05,0.8212602734565735,0
faceforensics/real/192/000005.jpg,hybrid,ffpp_source_safe,test,0,real,0.00011399860522942618,0.8212602734565735,0
faceforensics/real/192/000006.jpg,hybrid,ffpp_source_safe,test,0,real,9.772761404747143e-05,0.8212602734565735,0
faceforensics/real/192/000007.jpg,hybrid,ffpp_source_safe,test,0,real,6.567892705788836e-05,0.8212602734565735,0
faceforensics/real/192/000008.jpg,hybrid,ffpp_source_safe,test,0,real,9.727425640448928e-05,0.8212602734565735,0
faceforensics/real/192/000009.jpg,hybrid,ffpp_source_safe,test,0,real,7.30992978787981e-05,0.8212602734565735,0
faceforensics/real/192/000010.jpg,hybrid,ffpp_source_safe,test,0,real,4.330668889451772e-05,0.8212602734565735,0
faceforensics/real/192/000011.jpg,hybrid,ffpp_source_safe,test,0,real,4.3647291022352874e-05,0.8212602734565735,0
faceforensics/real/192/000012.jpg,hybrid,ffpp_source_safe,test,0,real,6.68036809656769e-05,0.8212602734565735,0
faceforensics/real/192/000013.jpg,hybrid,ffpp_source_safe,test,0,real,4.887609975412488e-05,0.8212602734565735,0
faceforensics/real/192/000014.jpg,hybrid,ffpp_source_safe,test,0,real,8.949250332079828e-05,0.8212602734565735,0
faceforensics/real/192/000015.jpg,hybrid,ffpp_source_safe,test,0,real,5.348459308152087e-05,0.8212602734565735,0
faceforensics/real/192/000016.jpg,hybrid,ffpp_source_safe,test,0,real,3.981847476097755e-05,0.8212602734565735,0
faceforensics/real/192/000017.jpg,hybrid,ffpp_source_safe,test,0,real,0.00010536987247178331,0.8212602734565735,0
faceforensics/real/192/000018.jpg,hybrid,ffpp_source_safe,test,0,real,4.906621325062588e-05,0.8212602734565735,0
faceforensics/real/192/000019.jpg,hybrid,ffpp_source_safe,test,0,real,9.41987891565077e-05,0.8212602734565735,0
faceforensics/real/192/000020.jpg,hybrid,ffpp_source_safe,test,0,real,2.386615233263001e-05,0.8212602734565735,0
faceforensics/real/192/000021.jpg,hybrid,ffpp_source_safe,test,0,real,0.00022239855024963617,0.8212602734565735,0
faceforensics/real/192/000022.jpg,hybrid,ffpp_source_safe,test,0,real,6.342001870507374e-05,0.8212602734565735,0
faceforensics/real/192/000023.jpg,hybrid,ffpp_source_safe,test,0,real,0.00010064872185466811,0.8212602734565735,0
faceforensics/real/192/000024.jpg,hybrid,ffpp_source_safe,test,0,real,5.348265403881669e-05,0.8212602734565735,0
faceforensics/real/192/000025.jpg,hybrid,ffpp_source_safe,test,0,real,8.069415343925357e-05,0.8212602734565735,0
faceforensics/real/192/000026.jpg,hybrid,ffpp_source_safe,test,0,real,7.22564072930254e-05,0.8212602734565735,0
faceforensics/real/192/000027.jpg,hybrid,ffpp_source_safe,test,0,real,3.448512143222615e-05,0.8212602734565735,0
faceforensics/real/192/000028.jpg,hybrid,ffpp_source_safe,test,0,real,5.9767600760096684e-05,0.8212602734565735,0
faceforensics/real/192/000029.jpg,hybrid,ffpp_source_safe,test,0,real,5.673900886904448e-05,0.8212602734565735,0
faceforensics/real/210/000000.jpg,hybrid,ffpp_source_safe,test,0,real,0.9755059480667114,0.8212602734565735,1
faceforensics/real/210/000001.jpg,hybrid,ffpp_source_safe,test,0,real,0.9969422221183777,0.8212602734565735,1
faceforensics/real/210/000002.jpg,hybrid,ffpp_source_safe,test,0,real,0.8637281656265259,0.8212602734565735,1
faceforensics/real/210/000003.jpg,hybrid,ffpp_source_safe,test,0,real,0.808800220489502,0.8212602734565735,0
faceforensics/real/210/000004.jpg,hybrid,ffpp_source_safe,test,0,real,0.7311787605285645,0.8212602734565735,0
faceforensics/real/210/000005.jpg,hybrid,ffpp_source_safe,test,0,real,0.6052150130271912,0.8212602734565735,0
faceforensics/real/210/000006.jpg,hybrid,ffpp_source_safe,test,0,real,0.9649364948272705,0.8212602734565735,1
faceforensics/real/210/000007.jpg,hybrid,ffpp_source_safe,test,0,real,0.8489851355552673,0.8212602734565735,1
faceforensics/real/210/000008.jpg,hybrid,ffpp_source_safe,test,0,real,0.9842745661735535,0.8212602734565735,1
faceforensics/real/210/000009.jpg,hybrid,ffpp_source_safe,test,0,real,0.9947033524513245,0.8212602734565735,1
faceforensics/real/210/000010.jpg,hybrid,ffpp_source_safe,test,0,real,0.9380318522453308,0.8212602734565735,1
faceforensics/real/210/000011.jpg,hybrid,ffpp_source_safe,test,0,real,0.9617274403572083,0.8212602734565735,1
faceforensics/real/210/000012.jpg,hybrid,ffpp_source_safe,test,0,real,0.9875472784042358,0.8212602734565735,1
faceforensics/real/210/000013.jpg,hybrid,ffpp_source_safe,test,0,real,0.9989913105964661,0.8212602734565735,1
faceforensics/real/210/000014.jpg,hybrid,ffpp_source_safe,test,0,real,0.9948132038116455,0.8212602734565735,1
faceforensics/real/210/000015.jpg,hybrid,ffpp_source_safe,test,0,real,0.9953717589378357,0.8212602734565735,1
faceforensics/real/210/000016.jpg,hybrid,ffpp_source_safe,test,0,real,0.8868586421012878,0.8212602734565735,1
faceforensics/real/210/000017.jpg,hybrid,ffpp_source_safe,test,0,real,0.959376871585846,0.8212602734565735,1
faceforensics/real/210/000018.jpg,hybrid,ffpp_source_safe,test,0,real,0.9990900754928589,0.8212602734565735,1
faceforensics/real/210/000019.jpg,hybrid,ffpp_source_safe,test,0,real,0.998126208782196,0.8212602734565735,1
faceforensics/real/210/000020.jpg,hybrid,ffpp_source_safe,test,0,real,0.9967947602272034,0.8212602734565735,1
faceforensics/real/210/000021.jpg,hybrid,ffpp_source_safe,test,0,real,0.9414418339729309,0.8212602734565735,1
faceforensics/real/210/000022.jpg,hybrid,ffpp_source_safe,test,0,real,0.8457943797111511,0.8212602734565735,1
faceforensics/real/210/000023.jpg,hybrid,ffpp_source_safe,test,0,real,0.9987830519676208,0.8212602734565735,1
faceforensics/real/210/000024.jpg,hybrid,ffpp_source_safe,test,0,real,0.9979524612426758,0.8212602734565735,1
faceforensics/real/210/000025.jpg,hybrid,ffpp_source_safe,test,0,real,0.9431778788566589,0.8212602734565735,1
faceforensics/real/210/000026.jpg,hybrid,ffpp_source_safe,test,0,real,0.9979782700538635,0.8212602734565735,1
faceforensics/real/210/000027.jpg,hybrid,ffpp_source_safe,test,0,real,0.9687308073043823,0.8212602734565735,1
faceforensics/real/210/000028.jpg,hybrid,ffpp_source_safe,test,0,real,0.848229169845581,0.8212602734565735,1
faceforensics/real/210/000029.jpg,hybrid,ffpp_source_safe,test,0,real,0.001990312011912465,0.8212602734565735,0
faceforensics/real/246/000000.jpg,hybrid,ffpp_source_safe,test,0,real,0.0006647497648373246,0.8212602734565735,0
faceforensics/real/246/000001.jpg,hybrid,ffpp_source_safe,test,0,real,0.005644972436130047,0.8212602734565735,0
faceforensics/real/246/000002.jpg,hybrid,ffpp_source_safe,test,0,real,0.0007355483248829842,0.8212602734565735,0
faceforensics/real/246/000003.jpg,hybrid,ffpp_source_safe,test,0,real,0.00035326561192050576,0.8212602734565735,0
faceforensics/real/246/000004.jpg,hybrid,ffpp_source_safe,test,0,real,0.00020220597798470408,0.8212602734565735,0
faceforensics/real/246/000005.jpg,hybrid,ffpp_source_safe,test,0,real,0.02779872715473175,0.8212602734565735,0
faceforensics/real/246/000006.jpg,hybrid,ffpp_source_safe,test,0,real,0.0008780139614827931,0.8212602734565735,0
faceforensics/real/246/000007.jpg,hybrid,ffpp_source_safe,test,0,real,0.007271649781614542,0.8212602734565735,0
faceforensics/real/246/000008.jpg,hybrid,ffpp_source_safe,test,0,real,0.01312300655990839,0.8212602734565735,0
faceforensics/real/246/000009.jpg,hybrid,ffpp_source_safe,test,0,real,0.0019196164794266224,0.8212602734565735,0
faceforensics/real/246/000010.jpg,hybrid,ffpp_source_safe,test,0,real,0.01058835256844759,0.8212602734565735,0
faceforensics/real/246/000011.jpg,hybrid,ffpp_source_safe,test,0,real,0.0007010564440861344,0.8212602734565735,0
faceforensics/real/246/000012.jpg,hybrid,ffpp_source_safe,test,0,real,0.013475582003593445,0.8212602734565735,0
faceforensics/real/246/000013.jpg,hybrid,ffpp_source_safe,test,0,real,0.00045375694753602147,0.8212602734565735,0
faceforensics/real/246/000014.jpg,hybrid,ffpp_source_safe,test,0,real,0.0005729560507461429,0.8212602734565735,0
faceforensics/real/246/000015.jpg,hybrid,ffpp_source_safe,test,0,real,0.000848575378768146,0.8212602734565735,0
faceforensics/real/246/000016.jpg,hybrid,ffpp_source_safe,test,0,real,0.0029702347237616777,0.8212602734565735,0
faceforensics/real/246/000017.jpg,hybrid,ffpp_source_safe,test,0,real,0.9998202919960022,0.8212602734565735,1
faceforensics/real/246/000018.jpg,hybrid,ffpp_source_safe,test,0,real,0.0029835833702236414,0.8212602734565735,0
faceforensics/real/246/000019.jpg,hybrid,ffpp_source_safe,test,0,real,0.00036378231015987694,0.8212602734565735,0
faceforensics/real/246/000020.jpg,hybrid,ffpp_source_safe,test,0,real,0.0003344513534102589,0.8212602734565735,0
faceforensics/real/246/000021.jpg,hybrid,ffpp_source_safe,test,0,real,0.7462195754051208,0.8212602734565735,0
faceforensics/real/246/000022.jpg,hybrid,ffpp_source_safe,test,0,real,0.009186286479234695,0.8212602734565735,0
faceforensics/real/246/000023.jpg,hybrid,ffpp_source_safe,test,0,real,0.02037925086915493,0.8212602734565735,0
faceforensics/real/246/000024.jpg,hybrid,ffpp_source_safe,test,0,real,0.10159604251384735,0.8212602734565735,0
faceforensics/real/246/000025.jpg,hybrid,ffpp_source_safe,test,0,real,0.024754729121923447,0.8212602734565735,0
faceforensics/real/246/000026.jpg,hybrid,ffpp_source_safe,test,0,real,0.0068578715436160564,0.8212602734565735,0
faceforensics/real/246/000027.jpg,hybrid,ffpp_source_safe,test,0,real,0.006104018073529005,0.8212602734565735,0
faceforensics/real/246/000028.jpg,hybrid,ffpp_source_safe,test,0,real,0.00024722368107177317,0.8212602734565735,0
faceforensics/real/246/000029.jpg,hybrid,ffpp_source_safe,test,0,real,0.0006044022738933563,0.8212602734565735,0
faceforensics/real/257/000000.jpg,hybrid,ffpp_source_safe,test,0,real,0.9420803189277649,0.8212602734565735,1
faceforensics/real/257/000001.jpg,hybrid,ffpp_source_safe,test,0,real,0.01658071018755436,0.8212602734565735,0
faceforensics/real/257/000002.jpg,hybrid,ffpp_source_safe,test,0,real,0.9217566847801208,0.8212602734565735,1
faceforensics/real/257/000003.jpg,hybrid,ffpp_source_safe,test,0,real,0.9610397219657898,0.8212602734565735,1
faceforensics/real/257/000004.jpg,hybrid,ffpp_source_safe,test,0,real,0.5943887829780579,0.8212602734565735,0
faceforensics/real/257/000005.jpg,hybrid,ffpp_source_safe,test,0,real,0.1314842700958252,0.8212602734565735,0
faceforensics/real/257/000006.jpg,hybrid,ffpp_source_safe,test,0,real,0.9954290390014648,0.8212602734565735,1
faceforensics/real/257/000007.jpg,hybrid,ffpp_source_safe,test,0,real,0.9605653882026672,0.8212602734565735,1
faceforensics/real/257/000008.jpg,hybrid,ffpp_source_safe,test,0,real,0.9805480241775513,0.8212602734565735,1
faceforensics/real/257/000009.jpg,hybrid,ffpp_source_safe,test,0,real,0.9333693981170654,0.8212602734565735,1
faceforensics/real/257/000010.jpg,hybrid,ffpp_source_safe,test,0,real,0.8010448217391968,0.8212602734565735,0
faceforensics/real/257/000011.jpg,hybrid,ffpp_source_safe,test,0,real,0.7858292460441589,0.8212602734565735,0
faceforensics/real/257/000012.jpg,hybrid,ffpp_source_safe,test,0,real,0.9493315815925598,0.8212602734565735,1
faceforensics/real/257/000013.jpg,hybrid,ffpp_source_safe,test,0,real,0.991740345954895,0.8212602734565735,1
faceforensics/real/257/000014.jpg,hybrid,ffpp_source_safe,test,0,real,0.9893775582313538,0.8212602734565735,1
faceforensics/real/257/000015.jpg,hybrid,ffpp_source_safe,test,0,real,0.13034974038600922,0.8212602734565735,0
faceforensics/real/257/000016.jpg,hybrid,ffpp_source_safe,test,0,real,0.8999131321907043,0.8212602734565735,1
faceforensics/real/257/000017.jpg,hybrid,ffpp_source_safe,test,0,real,0.3931134343147278,0.8212602734565735,0
faceforensics/real/257/000018.jpg,hybrid,ffpp_source_safe,test,0,real,0.9831505417823792,0.8212602734565735,1
faceforensics/real/257/000019.jpg,hybrid,ffpp_source_safe,test,0,real,0.9918373227119446,0.8212602734565735,1
faceforensics/real/257/000020.jpg,hybrid,ffpp_source_safe,test,0,real,0.9018763303756714,0.8212602734565735,1
faceforensics/real/257/000021.jpg,hybrid,ffpp_source_safe,test,0,real,0.9872543215751648,0.8212602734565735,1
faceforensics/real/257/000022.jpg,hybrid,ffpp_source_safe,test,0,real,0.10163604468107224,0.8212602734565735,0
faceforensics/real/257/000023.jpg,hybrid,ffpp_source_safe,test,0,real,0.9845629334449768,0.8212602734565735,1
faceforensics/real/257/000024.jpg,hybrid,ffpp_source_safe,test,0,real,0.9811190366744995,0.8212602734565735,1
faceforensics/real/257/000025.jpg,hybrid,ffpp_source_safe,test,0,real,0.8854401707649231,0.8212602734565735,1
faceforensics/real/257/000026.jpg,hybrid,ffpp_source_safe,test,0,real,0.9150605201721191,0.8212602734565735,1
faceforensics/real/257/000027.jpg,hybrid,ffpp_source_safe,test,0,real,0.9977250695228577,0.8212602734565735,1
faceforensics/real/257/000028.jpg,hybrid,ffpp_source_safe,test,0,real,0.7916039228439331,0.8212602734565735,0
faceforensics/real/257/000029.jpg,hybrid,ffpp_source_safe,test,0,real,0.02821001596748829,0.8212602734565735,0
faceforensics/real/258/000000.jpg,hybrid,ffpp_source_safe,test,0,real,0.01097208634018898,0.8212602734565735,0
faceforensics/real/258/000001.jpg,hybrid,ffpp_source_safe,test,0,real,0.015104429796338081,0.8212602734565735,0
faceforensics/real/258/000002.jpg,hybrid,ffpp_source_safe,test,0,real,0.20121368765830994,0.8212602734565735,0
faceforensics/real/258/000003.jpg,hybrid,ffpp_source_safe,test,0,real,0.04113936424255371,0.8212602734565735,0
faceforensics/real/258/000004.jpg,hybrid,ffpp_source_safe,test,0,real,0.007664739619940519,0.8212602734565735,0
faceforensics/real/258/000005.jpg,hybrid,ffpp_source_safe,test,0,real,0.34401020407676697,0.8212602734565735,0
faceforensics/real/258/000006.jpg,hybrid,ffpp_source_safe,test,0,real,0.0034512346610426903,0.8212602734565735,0
faceforensics/real/258/000007.jpg,hybrid,ffpp_source_safe,test,0,real,0.006866044364869595,0.8212602734565735,0
faceforensics/real/258/000008.jpg,hybrid,ffpp_source_safe,test,0,real,0.06553974002599716,0.8212602734565735,0
faceforensics/real/258/000009.jpg,hybrid,ffpp_source_safe,test,0,real,0.010131760500371456,0.8212602734565735,0
faceforensics/real/258/000010.jpg,hybrid,ffpp_source_safe,test,0,real,0.008134436793625355,0.8212602734565735,0
faceforensics/real/258/000011.jpg,hybrid,ffpp_source_safe,test,0,real,0.10123477876186371,0.8212602734565735,0
faceforensics/real/258/000012.jpg,hybrid,ffpp_source_safe,test,0,real,0.030611597001552582,0.8212602734565735,0
faceforensics/real/258/000013.jpg,hybrid,ffpp_source_safe,test,0,real,0.003974877763539553,0.8212602734565735,0
faceforensics/real/258/000014.jpg,hybrid,ffpp_source_safe,test,0,real,0.20064720511436462,0.8212602734565735,0
faceforensics/real/258/000015.jpg,hybrid,ffpp_source_safe,test,0,real,0.008561656810343266,0.8212602734565735,0
faceforensics/real/258/000016.jpg,hybrid,ffpp_source_safe,test,0,real,0.0022585177794098854,0.8212602734565735,0
faceforensics/real/258/000017.jpg,hybrid,ffpp_source_safe,test,0,real,0.004485247191041708,0.8212602734565735,0
faceforensics/real/258/000018.jpg,hybrid,ffpp_source_safe,test,0,real,0.014620066620409489,0.8212602734565735,0
faceforensics/real/258/000019.jpg,hybrid,ffpp_source_safe,test,0,real,0.001689273864030838,0.8212602734565735,0
faceforensics/real/258/000020.jpg,hybrid,ffpp_source_safe,test,0,real,0.005933451000601053,0.8212602734565735,0
faceforensics/real/258/000021.jpg,hybrid,ffpp_source_safe,test,0,real,0.5026249289512634,0.8212602734565735,0
faceforensics/real/258/000022.jpg,hybrid,ffpp_source_safe,test,0,real,0.944488525390625,0.8212602734565735,1
faceforensics/real/258/000023.jpg,hybrid,ffpp_source_safe,test,0,real,0.06054810807108879,0.8212602734565735,0
faceforensics/real/258/000024.jpg,hybrid,ffpp_source_safe,test,0,real,0.8413845896720886,0.8212602734565735,1
faceforensics/real/258/000025.jpg,hybrid,ffpp_source_safe,test,0,real,0.0023707072250545025,0.8212602734565735,0
faceforensics/real/258/000026.jpg,hybrid,ffpp_source_safe,test,0,real,0.17142271995544434,0.8212602734565735,0
faceforensics/real/258/000027.jpg,hybrid,ffpp_source_safe,test,0,real,0.004413041286170483,0.8212602734565735,0
faceforensics/real/258/000028.jpg,hybrid,ffpp_source_safe,test,0,real,0.34229788184165955,0.8212602734565735,0
faceforensics/real/258/000029.jpg,hybrid,ffpp_source_safe,test,0,real,0.7141164541244507,0.8212602734565735,0
faceforensics/real/438/000000.jpg,hybrid,ffpp_source_safe,test,0,real,0.13882674276828766,0.8212602734565735,0
faceforensics/real/438/000001.jpg,hybrid,ffpp_source_safe,test,0,real,0.9164910912513733,0.8212602734565735,1
faceforensics/real/438/000002.jpg,hybrid,ffpp_source_safe,test,0,real,0.9780715703964233,0.8212602734565735,1
faceforensics/real/438/000003.jpg,hybrid,ffpp_source_safe,test,0,real,0.07723113894462585,0.8212602734565735,0
faceforensics/real/438/000004.jpg,hybrid,ffpp_source_safe,test,0,real,0.07752770185470581,0.8212602734565735,0
faceforensics/real/438/000005.jpg,hybrid,ffpp_source_safe,test,0,real,0.9988951086997986,0.8212602734565735,1
faceforensics/real/438/000006.jpg,hybrid,ffpp_source_safe,test,0,real,0.8576629161834717,0.8212602734565735,1
faceforensics/real/438/000007.jpg,hybrid,ffpp_source_safe,test,0,real,0.5522528886795044,0.8212602734565735,0
faceforensics/real/438/000008.jpg,hybrid,ffpp_source_safe,test,0,real,0.36235693097114563,0.8212602734565735,0
faceforensics/real/438/000009.jpg,hybrid,ffpp_source_safe,test,0,real,0.11768870800733566,0.8212602734565735,0
faceforensics/real/438/000010.jpg,hybrid,ffpp_source_safe,test,0,real,0.875211238861084,0.8212602734565735,1
faceforensics/real/438/000011.jpg,hybrid,ffpp_source_safe,test,0,real,0.856726348400116,0.8212602734565735,1
faceforensics/real/438/000012.jpg,hybrid,ffpp_source_safe,test,0,real,0.9619035720825195,0.8212602734565735,1
faceforensics/real/438/000013.jpg,hybrid,ffpp_source_safe,test,0,real,0.7652167677879333,0.8212602734565735,0
faceforensics/real/438/000014.jpg,hybrid,ffpp_source_safe,test,0,real,0.9693759083747864,0.8212602734565735,1
faceforensics/real/438/000015.jpg,hybrid,ffpp_source_safe,test,0,real,0.9676304459571838,0.8212602734565735,1
faceforensics/real/438/000016.jpg,hybrid,ffpp_source_safe,test,0,real,0.9798129796981812,0.8212602734565735,1
faceforensics/real/438/000017.jpg,hybrid,ffpp_source_safe,test,0,real,0.9925225377082825,0.8212602734565735,1
faceforensics/real/438/000018.jpg,hybrid,ffpp_source_safe,test,0,real,0.9459632039070129,0.8212602734565735,1
faceforensics/real/438/000019.jpg,hybrid,ffpp_source_safe,test,0,real,0.2535545825958252,0.8212602734565735,0
faceforensics/real/438/000020.jpg,hybrid,ffpp_source_safe,test,0,real,0.3832090198993683,0.8212602734565735,0
faceforensics/real/438/000021.jpg,hybrid,ffpp_source_safe,test,0,real,0.0012264491524547338,0.8212602734565735,0
faceforensics/real/438/000022.jpg,hybrid,ffpp_source_safe,test,0,real,0.19339202344417572,0.8212602734565735,0
faceforensics/real/438/000023.jpg,hybrid,ffpp_source_safe,test,0,real,0.8558664321899414,0.8212602734565735,1
faceforensics/real/438/000024.jpg,hybrid,ffpp_source_safe,test,0,real,0.9819985628128052,0.8212602734565735,1
faceforensics/real/438/000025.jpg,hybrid,ffpp_source_safe,test,0,real,0.9534912109375,0.8212602734565735,1
faceforensics/real/438/000026.jpg,hybrid,ffpp_source_safe,test,0,real,0.22931385040283203,0.8212602734565735,0
faceforensics/real/438/000027.jpg,hybrid,ffpp_source_safe,test,0,real,0.03641469404101372,0.8212602734565735,0
faceforensics/real/438/000028.jpg,hybrid,ffpp_source_safe,test,0,real,0.0831233412027359,0.8212602734565735,0
faceforensics/real/438/000029.jpg,hybrid,ffpp_source_safe,test,0,real,0.06535538285970688,0.8212602734565735,0
faceforensics/real/439/000000.jpg,hybrid,ffpp_source_safe,test,0,real,0.3633270263671875,0.8212602734565735,0
faceforensics/real/439/000001.jpg,hybrid,ffpp_source_safe,test,0,real,0.5001819133758545,0.8212602734565735,0
faceforensics/real/439/000002.jpg,hybrid,ffpp_source_safe,test,0,real,0.9211705923080444,0.8212602734565735,1
faceforensics/real/439/000003.jpg,hybrid,ffpp_source_safe,test,0,real,0.0824083536863327,0.8212602734565735,0
faceforensics/real/439/000004.jpg,hybrid,ffpp_source_safe,test,0,real,0.5219784379005432,0.8212602734565735,0
faceforensics/real/439/000005.jpg,hybrid,ffpp_source_safe,test,0,real,0.8095142245292664,0.8212602734565735,0
faceforensics/real/439/000006.jpg,hybrid,ffpp_source_safe,test,0,real,0.8925616145133972,0.8212602734565735,1
faceforensics/real/439/000007.jpg,hybrid,ffpp_source_safe,test,0,real,0.7226595282554626,0.8212602734565735,0
faceforensics/real/439/000008.jpg,hybrid,ffpp_source_safe,test,0,real,0.13524910807609558,0.8212602734565735,0
faceforensics/real/439/000009.jpg,hybrid,ffpp_source_safe,test,0,real,0.742891788482666,0.8212602734565735,0
faceforensics/real/439/000010.jpg,hybrid,ffpp_source_safe,test,0,real,0.9908635020256042,0.8212602734565735,1
faceforensics/real/439/000011.jpg,hybrid,ffpp_source_safe,test,0,real,0.9875749945640564,0.8212602734565735,1
faceforensics/real/439/000012.jpg,hybrid,ffpp_source_safe,test,0,real,0.3412110209465027,0.8212602734565735,0
faceforensics/real/439/000013.jpg,hybrid,ffpp_source_safe,test,0,real,0.004701205063611269,0.8212602734565735,0
faceforensics/real/439/000014.jpg,hybrid,ffpp_source_safe,test,0,real,0.14128147065639496,0.8212602734565735,0
faceforensics/real/439/000015.jpg,hybrid,ffpp_source_safe,test,0,real,0.8929233551025391,0.8212602734565735,1
faceforensics/real/439/000016.jpg,hybrid,ffpp_source_safe,test,0,real,0.7449890375137329,0.8212602734565735,0
faceforensics/real/439/000017.jpg,hybrid,ffpp_source_safe,test,0,real,0.01905212551355362,0.8212602734565735,0
faceforensics/real/439/000018.jpg,hybrid,ffpp_source_safe,test,0,real,0.08032850176095963,0.8212602734565735,0
faceforensics/real/439/000019.jpg,hybrid,ffpp_source_safe,test,0,real,0.9489089846611023,0.8212602734565735,1
faceforensics/real/439/000020.jpg,hybrid,ffpp_source_safe,test,0,real,0.6082651019096375,0.8212602734565735,0
faceforensics/real/439/000021.jpg,hybrid,ffpp_source_safe,test,0,real,0.01590842939913273,0.8212602734565735,0
faceforensics/real/439/000022.jpg,hybrid,ffpp_source_safe,test,0,real,0.773187518119812,0.8212602734565735,0
faceforensics/real/439/000023.jpg,hybrid,ffpp_source_safe,test,0,real,0.465390145778656,0.8212602734565735,0
faceforensics/real/439/000024.jpg,hybrid,ffpp_source_safe,test,0,real,0.18660123646259308,0.8212602734565735,0
faceforensics/real/439/000025.jpg,hybrid,ffpp_source_safe,test,0,real,0.028313366696238518,0.8212602734565735,0
faceforensics/real/439/000026.jpg,hybrid,ffpp_source_safe,test,0,real,0.9840208888053894,0.8212602734565735,1
faceforensics/real/439/000027.jpg,hybrid,ffpp_source_safe,test,0,real,0.7017220854759216,0.8212602734565735,0
faceforensics/real/439/000028.jpg,hybrid,ffpp_source_safe,test,0,real,0.3535948693752289,0.8212602734565735,0
faceforensics/real/439/000029.jpg,hybrid,ffpp_source_safe,test,0,real,0.20326395332813263,0.8212602734565735,0
faceforensics/real/448/000000.jpg,hybrid,ffpp_source_safe,test,0,real,0.0021512950770556927,0.8212602734565735,0
faceforensics/real/448/000001.jpg,hybrid,ffpp_source_safe,test,0,real,0.001162946573458612,0.8212602734565735,0
faceforensics/real/448/000002.jpg,hybrid,ffpp_source_safe,test,0,real,0.0005623734905384481,0.8212602734565735,0
faceforensics/real/448/000003.jpg,hybrid,ffpp_source_safe,test,0,real,0.0004905937821604311,0.8212602734565735,0
faceforensics/real/448/000004.jpg,hybrid,ffpp_source_safe,test,0,real,0.00028695992659777403,0.8212602734565735,0
faceforensics/real/448/000005.jpg,hybrid,ffpp_source_safe,test,0,real,0.00165057263802737,0.8212602734565735,0
faceforensics/real/448/000006.jpg,hybrid,ffpp_source_safe,test,0,real,0.0003562010242603719,0.8212602734565735,0
faceforensics/real/448/000007.jpg,hybrid,ffpp_source_safe,test,0,real,0.0012161174090579152,0.8212602734565735,0
faceforensics/real/448/000008.jpg,hybrid,ffpp_source_safe,test,0,real,0.004735730588436127,0.8212602734565735,0
faceforensics/real/448/000009.jpg,hybrid,ffpp_source_safe,test,0,real,0.004152060020714998,0.8212602734565735,0
faceforensics/real/448/000010.jpg,hybrid,ffpp_source_safe,test,0,real,0.9696338772773743,0.8212602734565735,1
faceforensics/real/448/000011.jpg,hybrid,ffpp_source_safe,test,0,real,0.00047025654930621386,0.8212602734565735,0
faceforensics/real/448/000012.jpg,hybrid,ffpp_source_safe,test,0,real,0.00021664069208782166,0.8212602734565735,0
faceforensics/real/448/000013.jpg,hybrid,ffpp_source_safe,test,0,real,0.0002937727840617299,0.8212602734565735,0
faceforensics/real/448/000014.jpg,hybrid,ffpp_source_safe,test,0,real,0.00021546507196035236,0.8212602734565735,0
faceforensics/real/448/000015.jpg,hybrid,ffpp_source_safe,test,0,real,0.0004915946628898382,0.8212602734565735,0
faceforensics/real/448/000016.jpg,hybrid,ffpp_source_safe,test,0,real,0.002001767512410879,0.8212602734565735,0
faceforensics/real/448/000017.jpg,hybrid,ffpp_source_safe,test,0,real,0.0005099500995129347,0.8212602734565735,0
faceforensics/real/448/000018.jpg,hybrid,ffpp_source_safe,test,0,real,0.001765325665473938,0.8212602734565735,0
faceforensics/real/448/000019.jpg,hybrid,ffpp_source_safe,test,0,real,0.0012129932874813676,0.8212602734565735,0
faceforensics/real/448/000020.jpg,hybrid,ffpp_source_safe,test,0,real,0.0045542046427726746,0.8212602734565735,0
faceforensics/real/448/000021.jpg,hybrid,ffpp_source_safe,test,0,real,0.0008163899183273315,0.8212602734565735,0
faceforensics/real/448/000022.jpg,hybrid,ffpp_source_safe,test,0,real,0.0003096162108704448,0.8212602734565735,0
faceforensics/real/448/000023.jpg,hybrid,ffpp_source_safe,test,0,real,0.0009534286218695343,0.8212602734565735,0
faceforensics/real/448/000024.jpg,hybrid,ffpp_source_safe,test,0,real,0.0002942947903648019,0.8212602734565735,0
faceforensics/real/448/000025.jpg,hybrid,ffpp_source_safe,test,0,real,0.0006646020920015872,0.8212602734565735,0
faceforensics/real/448/000026.jpg,hybrid,ffpp_source_safe,test,0,real,8.996525139082223e-05,0.8212602734565735,0
faceforensics/real/448/000027.jpg,hybrid,ffpp_source_safe,test,0,real,0.004414181225001812,0.8212602734565735,0
faceforensics/real/448/000028.jpg,hybrid,ffpp_source_safe,test,0,real,0.00010881781054195017,0.8212602734565735,0
faceforensics/real/448/000029.jpg,hybrid,ffpp_source_safe,test,0,real,0.0002739597694016993,0.8212602734565735,0
faceforensics/real/468/000000.jpg,hybrid,ffpp_source_safe,test,0,real,0.0006869271164759994,0.8212602734565735,0
faceforensics/real/468/000001.jpg,hybrid,ffpp_source_safe,test,0,real,0.016436109319329262,0.8212602734565735,0
faceforensics/real/468/000002.jpg,hybrid,ffpp_source_safe,test,0,real,0.0024440656416118145,0.8212602734565735,0
faceforensics/real/468/000003.jpg,hybrid,ffpp_source_safe,test,0,real,0.001162125845439732,0.8212602734565735,0
faceforensics/real/468/000004.jpg,hybrid,ffpp_source_safe,test,0,real,0.0016322362935170531,0.8212602734565735,0
faceforensics/real/468/000005.jpg,hybrid,ffpp_source_safe,test,0,real,0.0014437291538342834,0.8212602734565735,0
faceforensics/real/468/000006.jpg,hybrid,ffpp_source_safe,test,0,real,0.00046716659562662244,0.8212602734565735,0
faceforensics/real/468/000007.jpg,hybrid,ffpp_source_safe,test,0,real,0.002154251327738166,0.8212602734565735,0
faceforensics/real/468/000008.jpg,hybrid,ffpp_source_safe,test,0,real,0.0003999332257080823,0.8212602734565735,0
faceforensics/real/468/000009.jpg,hybrid,ffpp_source_safe,test,0,real,0.0006188576226122677,0.8212602734565735,0
faceforensics/real/468/000010.jpg,hybrid,ffpp_source_safe,test,0,real,0.00039308416307903826,0.8212602734565735,0
faceforensics/real/468/000011.jpg,hybrid,ffpp_source_safe,test,0,real,0.0119086354970932,0.8212602734565735,0
faceforensics/real/468/000012.jpg,hybrid,ffpp_source_safe,test,0,real,0.0024270399007946253,0.8212602734565735,0
faceforensics/real/468/000013.jpg,hybrid,ffpp_source_safe,test,0,real,0.00400139344856143,0.8212602734565735,0
faceforensics/real/468/000014.jpg,hybrid,ffpp_source_safe,test,0,real,0.0011412807507440448,0.8212602734565735,0
faceforensics/real/468/000015.jpg,hybrid,ffpp_source_safe,test,0,real,0.00045670647523365915,0.8212602734565735,0
faceforensics/real/468/000016.jpg,hybrid,ffpp_source_safe,test,0,real,0.0017529407050460577,0.8212602734565735,0
faceforensics/real/468/000017.jpg,hybrid,ffpp_source_safe,test,0,real,0.0006125093786977232,0.8212602734565735,0
faceforensics/real/468/000018.jpg,hybrid,ffpp_source_safe,test,0,real,0.0024455867242068052,0.8212602734565735,0
faceforensics/real/468/000019.jpg,hybrid,ffpp_source_safe,test,0,real,0.0029235081747174263,0.8212602734565735,0
faceforensics/real/468/000020.jpg,hybrid,ffpp_source_safe,test,0,real,0.01237359456717968,0.8212602734565735,0
faceforensics/real/468/000021.jpg,hybrid,ffpp_source_safe,test,0,real,0.0006649328279308975,0.8212602734565735,0
faceforensics/real/468/000022.jpg,hybrid,ffpp_source_safe,test,0,real,0.0005848324508406222,0.8212602734565735,0
faceforensics/real/468/000023.jpg,hybrid,ffpp_source_safe,test,0,real,0.003920439630746841,0.8212602734565735,0
faceforensics/real/468/000024.jpg,hybrid,ffpp_source_safe,test,0,real,0.00028894454590044916,0.8212602734565735,0
faceforensics/real/468/000025.jpg,hybrid,ffpp_source_safe,test,0,real,0.0003445956972427666,0.8212602734565735,0
faceforensics/real/468/000026.jpg,hybrid,ffpp_source_safe,test,0,real,0.0008229774539358914,0.8212602734565735,0
faceforensics/real/468/000027.jpg,hybrid,ffpp_source_safe,test,0,real,0.0029343825299292803,0.8212602734565735,0
faceforensics/real/468/000028.jpg,hybrid,ffpp_source_safe,test,0,real,0.007389833685010672,0.8212602734565735,0
faceforensics/real/468/000029.jpg,hybrid,ffpp_source_safe,test,0,real,0.00047943569370545447,0.8212602734565735,0
faceforensics/real/470/000000.jpg,hybrid,ffpp_source_safe,test,0,real,0.03119722753763199,0.8212602734565735,0
faceforensics/real/470/000001.jpg,hybrid,ffpp_source_safe,test,0,real,0.382416695356369,0.8212602734565735,0
faceforensics/real/470/000002.jpg,hybrid,ffpp_source_safe,test,0,real,0.005423230584710836,0.8212602734565735,0
faceforensics/real/470/000003.jpg,hybrid,ffpp_source_safe,test,0,real,0.45739641785621643,0.8212602734565735,0
faceforensics/real/470/000004.jpg,hybrid,ffpp_source_safe,test,0,real,0.755757749080658,0.8212602734565735,0
faceforensics/real/470/000005.jpg,hybrid,ffpp_source_safe,test,0,real,0.07803089916706085,0.8212602734565735,0
faceforensics/real/470/000006.jpg,hybrid,ffpp_source_safe,test,0,real,0.3055498003959656,0.8212602734565735,0
faceforensics/real/470/000007.jpg,hybrid,ffpp_source_safe,test,0,real,0.717470109462738,0.8212602734565735,0
faceforensics/real/470/000008.jpg,hybrid,ffpp_source_safe,test,0,real,0.022580023854970932,0.8212602734565735,0
faceforensics/real/470/000009.jpg,hybrid,ffpp_source_safe,test,0,real,0.292998343706131,0.8212602734565735,0
faceforensics/real/470/000010.jpg,hybrid,ffpp_source_safe,test,0,real,0.03425063192844391,0.8212602734565735,0
faceforensics/real/470/000011.jpg,hybrid,ffpp_source_safe,test,0,real,0.1614389419555664,0.8212602734565735,0
faceforensics/real/470/000012.jpg,hybrid,ffpp_source_safe,test,0,real,0.042202532291412354,0.8212602734565735,0
faceforensics/real/470/000013.jpg,hybrid,ffpp_source_safe,test,0,real,0.00507135596126318,0.8212602734565735,0
faceforensics/real/470/000014.jpg,hybrid,ffpp_source_safe,test,0,real,0.20949828624725342,0.8212602734565735,0
faceforensics/real/470/000015.jpg,hybrid,ffpp_source_safe,test,0,real,0.0880625918507576,0.8212602734565735,0
faceforensics/real/470/000016.jpg,hybrid,ffpp_source_safe,test,0,real,0.8755807280540466,0.8212602734565735,1
faceforensics/real/470/000017.jpg,hybrid,ffpp_source_safe,test,0,real,0.012421089224517345,0.8212602734565735,0
faceforensics/real/470/000018.jpg,hybrid,ffpp_source_safe,test,0,real,0.1535767912864685,0.8212602734565735,0
faceforensics/real/470/000019.jpg,hybrid,ffpp_source_safe,test,0,real,0.07178610563278198,0.8212602734565735,0
faceforensics/real/470/000020.jpg,hybrid,ffpp_source_safe,test,0,real,0.27036428451538086,0.8212602734565735,0
faceforensics/real/470/000021.jpg,hybrid,ffpp_source_safe,test,0,real,0.19688715040683746,0.8212602734565735,0
faceforensics/real/470/000022.jpg,hybrid,ffpp_source_safe,test,0,real,0.30207836627960205,0.8212602734565735,0
faceforensics/real/470/000023.jpg,hybrid,ffpp_source_safe,test,0,real,0.038723789155483246,0.8212602734565735,0
faceforensics/real/470/000024.jpg,hybrid,ffpp_source_safe,test,0,real,0.013406477868556976,0.8212602734565735,0
faceforensics/real/470/000025.jpg,hybrid,ffpp_source_safe,test,0,real,0.04819682613015175,0.8212602734565735,0
faceforensics/real/470/000026.jpg,hybrid,ffpp_source_safe,test,0,real,0.02567867375910282,0.8212602734565735,0
faceforensics/real/470/000027.jpg,hybrid,ffpp_source_safe,test,0,real,0.0423547625541687,0.8212602734565735,0
faceforensics/real/470/000028.jpg,hybrid,ffpp_source_safe,test,0,real,0.0342697948217392,0.8212602734565735,0
faceforensics/real/470/000029.jpg,hybrid,ffpp_source_safe,test,0,real,0.0009784227004274726,0.8212602734565735,0
faceforensics/real/488/000000.jpg,hybrid,ffpp_source_safe,test,0,real,0.1484377235174179,0.8212602734565735,0
faceforensics/real/488/000001.jpg,hybrid,ffpp_source_safe,test,0,real,0.04694683104753494,0.8212602734565735,0
faceforensics/real/488/000002.jpg,hybrid,ffpp_source_safe,test,0,real,0.0032650460489094257,0.8212602734565735,0
faceforensics/real/488/000003.jpg,hybrid,ffpp_source_safe,test,0,real,0.11653725802898407,0.8212602734565735,0
faceforensics/real/488/000004.jpg,hybrid,ffpp_source_safe,test,0,real,0.3027803897857666,0.8212602734565735,0
faceforensics/real/488/000005.jpg,hybrid,ffpp_source_safe,test,0,real,0.984698474407196,0.8212602734565735,1
faceforensics/real/488/000006.jpg,hybrid,ffpp_source_safe,test,0,real,0.20415373146533966,0.8212602734565735,0
faceforensics/real/488/000007.jpg,hybrid,ffpp_source_safe,test,0,real,0.23520199954509735,0.8212602734565735,0
faceforensics/real/488/000008.jpg,hybrid,ffpp_source_safe,test,0,real,0.5610089898109436,0.8212602734565735,0
faceforensics/real/488/000009.jpg,hybrid,ffpp_source_safe,test,0,real,0.05633441358804703,0.8212602734565735,0
faceforensics/real/488/000010.jpg,hybrid,ffpp_source_safe,test,0,real,0.13169269263744354,0.8212602734565735,0
faceforensics/real/488/000011.jpg,hybrid,ffpp_source_safe,test,0,real,0.1185229942202568,0.8212602734565735,0
faceforensics/real/488/000012.jpg,hybrid,ffpp_source_safe,test,0,real,0.8140825033187866,0.8212602734565735,0
faceforensics/real/488/000013.jpg,hybrid,ffpp_source_safe,test,0,real,0.12044119834899902,0.8212602734565735,0
faceforensics/real/488/000014.jpg,hybrid,ffpp_source_safe,test,0,real,0.4185871183872223,0.8212602734565735,0
faceforensics/real/488/000015.jpg,hybrid,ffpp_source_safe,test,0,real,0.5147891044616699,0.8212602734565735,0
faceforensics/real/488/000016.jpg,hybrid,ffpp_source_safe,test,0,real,0.8900267481803894,0.8212602734565735,1
faceforensics/real/488/000017.jpg,hybrid,ffpp_source_safe,test,0,real,0.7295294404029846,0.8212602734565735,0
faceforensics/real/488/000018.jpg,hybrid,ffpp_source_safe,test,0,real,0.03075527399778366,0.8212602734565735,0
faceforensics/real/488/000019.jpg,hybrid,ffpp_source_safe,test,0,real,0.5682015419006348,0.8212602734565735,0
faceforensics/real/488/000020.jpg,hybrid,ffpp_source_safe,test,0,real,0.6305128335952759,0.8212602734565735,0
faceforensics/real/488/000021.jpg,hybrid,ffpp_source_safe,test,0,real,0.45524463057518005,0.8212602734565735,0
faceforensics/real/488/000022.jpg,hybrid,ffpp_source_safe,test,0,real,0.8313983082771301,0.8212602734565735,1
faceforensics/real/488/000023.jpg,hybrid,ffpp_source_safe,test,0,real,0.12629352509975433,0.8212602734565735,0
faceforensics/real/488/000024.jpg,hybrid,ffpp_source_safe,test,0,real,0.5283151268959045,0.8212602734565735,0
faceforensics/real/488/000025.jpg,hybrid,ffpp_source_safe,test,0,real,0.9006780385971069,0.8212602734565735,1
faceforensics/real/488/000026.jpg,hybrid,ffpp_source_safe,test,0,real,0.03776444494724274,0.8212602734565735,0
faceforensics/real/488/000027.jpg,hybrid,ffpp_source_safe,test,0,real,0.13298867642879486,0.8212602734565735,0
faceforensics/real/488/000028.jpg,hybrid,ffpp_source_safe,test,0,real,0.9661178588867188,0.8212602734565735,1
faceforensics/real/488/000029.jpg,hybrid,ffpp_source_safe,test,0,real,0.5892127752304077,0.8212602734565735,0
faceforensics/real/554/000000.jpg,hybrid,ffpp_source_safe,test,0,real,0.3439440429210663,0.8212602734565735,0
faceforensics/real/554/000001.jpg,hybrid,ffpp_source_safe,test,0,real,0.8913935422897339,0.8212602734565735,1
faceforensics/real/554/000002.jpg,hybrid,ffpp_source_safe,test,0,real,0.9372985363006592,0.8212602734565735,1
faceforensics/real/554/000003.jpg,hybrid,ffpp_source_safe,test,0,real,0.5820676684379578,0.8212602734565735,0
faceforensics/real/554/000004.jpg,hybrid,ffpp_source_safe,test,0,real,0.8373996019363403,0.8212602734565735,1
faceforensics/real/554/000005.jpg,hybrid,ffpp_source_safe,test,0,real,0.9931783676147461,0.8212602734565735,1
faceforensics/real/554/000006.jpg,hybrid,ffpp_source_safe,test,0,real,0.9885565042495728,0.8212602734565735,1
faceforensics/real/554/000007.jpg,hybrid,ffpp_source_safe,test,0,real,0.9461320042610168,0.8212602734565735,1
faceforensics/real/554/000008.jpg,hybrid,ffpp_source_safe,test,0,real,0.5565291047096252,0.8212602734565735,0
faceforensics/real/554/000009.jpg,hybrid,ffpp_source_safe,test,0,real,0.7661868333816528,0.8212602734565735,0
faceforensics/real/554/000010.jpg,hybrid,ffpp_source_safe,test,0,real,0.9697638750076294,0.8212602734565735,1
faceforensics/real/554/000011.jpg,hybrid,ffpp_source_safe,test,0,real,0.3547104001045227,0.8212602734565735,0
faceforensics/real/554/000012.jpg,hybrid,ffpp_source_safe,test,0,real,0.9884754419326782,0.8212602734565735,1
faceforensics/real/554/000013.jpg,hybrid,ffpp_source_safe,test,0,real,0.979453980922699,0.8212602734565735,1
faceforensics/real/554/000014.jpg,hybrid,ffpp_source_safe,test,0,real,0.8285436630249023,0.8212602734565735,1
faceforensics/real/554/000015.jpg,hybrid,ffpp_source_safe,test,0,real,0.9617993235588074,0.8212602734565735,1
faceforensics/real/554/000016.jpg,hybrid,ffpp_source_safe,test,0,real,0.15760184824466705,0.8212602734565735,0
faceforensics/real/554/000017.jpg,hybrid,ffpp_source_safe,test,0,real,0.6734520792961121,0.8212602734565735,0
faceforensics/real/554/000018.jpg,hybrid,ffpp_source_safe,test,0,real,0.47469452023506165,0.8212602734565735,0
faceforensics/real/554/000019.jpg,hybrid,ffpp_source_safe,test,0,real,0.9640501141548157,0.8212602734565735,1
faceforensics/real/554/000020.jpg,hybrid,ffpp_source_safe,test,0,real,0.1334647834300995,0.8212602734565735,0
faceforensics/real/554/000021.jpg,hybrid,ffpp_source_safe,test,0,real,0.9027054309844971,0.8212602734565735,1
faceforensics/real/554/000022.jpg,hybrid,ffpp_source_safe,test,0,real,0.9985483288764954,0.8212602734565735,1
faceforensics/real/554/000023.jpg,hybrid,ffpp_source_safe,test,0,real,0.8816561102867126,0.8212602734565735,1
faceforensics/real/554/000024.jpg,hybrid,ffpp_source_safe,test,0,real,0.10273527354001999,0.8212602734565735,0
faceforensics/real/554/000025.jpg,hybrid,ffpp_source_safe,test,0,real,0.9161098599433899,0.8212602734565735,1
faceforensics/real/554/000026.jpg,hybrid,ffpp_source_safe,test,0,real,0.7894142866134644,0.8212602734565735,0
faceforensics/real/554/000027.jpg,hybrid,ffpp_source_safe,test,0,real,0.9489494562149048,0.8212602734565735,1
faceforensics/real/554/000028.jpg,hybrid,ffpp_source_safe,test,0,real,0.9984456896781921,0.8212602734565735,1
faceforensics/real/554/000029.jpg,hybrid,ffpp_source_safe,test,0,real,0.4818567633628845,0.8212602734565735,0
faceforensics/real/598/000000.jpg,hybrid,ffpp_source_safe,test,0,real,0.9984316229820251,0.8212602734565735,1
faceforensics/real/598/000001.jpg,hybrid,ffpp_source_safe,test,0,real,0.9988969564437866,0.8212602734565735,1
faceforensics/real/598/000002.jpg,hybrid,ffpp_source_safe,test,0,real,0.9981167316436768,0.8212602734565735,1
faceforensics/real/598/000003.jpg,hybrid,ffpp_source_safe,test,0,real,0.947506308555603,0.8212602734565735,1
faceforensics/real/598/000004.jpg,hybrid,ffpp_source_safe,test,0,real,0.9995001554489136,0.8212602734565735,1
faceforensics/real/598/000005.jpg,hybrid,ffpp_source_safe,test,0,real,0.9969645142555237,0.8212602734565735,1
faceforensics/real/598/000006.jpg,hybrid,ffpp_source_safe,test,0,real,0.9894130825996399,0.8212602734565735,1
faceforensics/real/598/000007.jpg,hybrid,ffpp_source_safe,test,0,real,0.9886849522590637,0.8212602734565735,1
faceforensics/real/598/000008.jpg,hybrid,ffpp_source_safe,test,0,real,0.9904882907867432,0.8212602734565735,1
faceforensics/real/598/000009.jpg,hybrid,ffpp_source_safe,test,0,real,0.9987350106239319,0.8212602734565735,1
faceforensics/real/598/000010.jpg,hybrid,ffpp_source_safe,test,0,real,0.9962448477745056,0.8212602734565735,1
faceforensics/real/598/000011.jpg,hybrid,ffpp_source_safe,test,0,real,0.9926774501800537,0.8212602734565735,1
faceforensics/real/598/000012.jpg,hybrid,ffpp_source_safe,test,0,real,0.9983471632003784,0.8212602734565735,1
faceforensics/real/598/000013.jpg,hybrid,ffpp_source_safe,test,0,real,0.9989151954650879,0.8212602734565735,1
faceforensics/real/598/000014.jpg,hybrid,ffpp_source_safe,test,0,real,0.9961368441581726,0.8212602734565735,1
faceforensics/real/598/000015.jpg,hybrid,ffpp_source_safe,test,0,real,0.999599039554596,0.8212602734565735,1
faceforensics/real/598/000016.jpg,hybrid,ffpp_source_safe,test,0,real,0.9993985891342163,0.8212602734565735,1
faceforensics/real/598/000017.jpg,hybrid,ffpp_source_safe,test,0,real,0.8078029751777649,0.8212602734565735,0
faceforensics/real/598/000018.jpg,hybrid,ffpp_source_safe,test,0,real,0.9982576966285706,0.8212602734565735,1
faceforensics/real/598/000019.jpg,hybrid,ffpp_source_safe,test,0,real,0.9995088577270508,0.8212602734565735,1
faceforensics/real/598/000020.jpg,hybrid,ffpp_source_safe,test,0,real,0.9995728135108948,0.8212602734565735,1
faceforensics/real/598/000021.jpg,hybrid,ffpp_source_safe,test,0,real,0.9988183379173279,0.8212602734565735,1
faceforensics/real/598/000022.jpg,hybrid,ffpp_source_safe,test,0,real,0.9959337115287781,0.8212602734565735,1
faceforensics/real/598/000023.jpg,hybrid,ffpp_source_safe,test,0,real,0.9989217519760132,0.8212602734565735,1
faceforensics/real/598/000024.jpg,hybrid,ffpp_source_safe,test,0,real,0.9923555850982666,0.8212602734565735,1
faceforensics/real/598/000025.jpg,hybrid,ffpp_source_safe,test,0,real,0.9988746047019958,0.8212602734565735,1
faceforensics/real/598/000026.jpg,hybrid,ffpp_source_safe,test,0,real,0.9614421725273132,0.8212602734565735,1
faceforensics/real/598/000027.jpg,hybrid,ffpp_source_safe,test,0,real,0.9978274703025818,0.8212602734565735,1
faceforensics/real/598/000028.jpg,hybrid,ffpp_source_safe,test,0,real,0.9963963627815247,0.8212602734565735,1
faceforensics/real/598/000029.jpg,hybrid,ffpp_source_safe,test,0,real,0.7805870175361633,0.8212602734565735,0
faceforensics/real/599/000000.jpg,hybrid,ffpp_source_safe,test,0,real,0.005509485956281424,0.8212602734565735,0
faceforensics/real/599/000001.jpg,hybrid,ffpp_source_safe,test,0,real,0.003030568128451705,0.8212602734565735,0
faceforensics/real/599/000002.jpg,hybrid,ffpp_source_safe,test,0,real,0.05298500508069992,0.8212602734565735,0
faceforensics/real/599/000003.jpg,hybrid,ffpp_source_safe,test,0,real,0.9700541496276855,0.8212602734565735,1
faceforensics/real/599/000004.jpg,hybrid,ffpp_source_safe,test,0,real,0.9997186064720154,0.8212602734565735,1
faceforensics/real/599/000005.jpg,hybrid,ffpp_source_safe,test,0,real,0.19918806850910187,0.8212602734565735,0
faceforensics/real/599/000006.jpg,hybrid,ffpp_source_safe,test,0,real,0.05656807869672775,0.8212602734565735,0
faceforensics/real/599/000007.jpg,hybrid,ffpp_source_safe,test,0,real,0.0006162998615764081,0.8212602734565735,0
faceforensics/real/599/000008.jpg,hybrid,ffpp_source_safe,test,0,real,0.15767250955104828,0.8212602734565735,0
faceforensics/real/599/000009.jpg,hybrid,ffpp_source_safe,test,0,real,0.012948282063007355,0.8212602734565735,0
faceforensics/real/599/000010.jpg,hybrid,ffpp_source_safe,test,0,real,0.9422702193260193,0.8212602734565735,1
faceforensics/real/599/000011.jpg,hybrid,ffpp_source_safe,test,0,real,0.679393470287323,0.8212602734565735,0
faceforensics/real/599/000012.jpg,hybrid,ffpp_source_safe,test,0,real,0.006058526691049337,0.8212602734565735,0
faceforensics/real/599/000013.jpg,hybrid,ffpp_source_safe,test,0,real,0.9579576253890991,0.8212602734565735,1
faceforensics/real/599/000014.jpg,hybrid,ffpp_source_safe,test,0,real,0.16002881526947021,0.8212602734565735,0
faceforensics/real/599/000015.jpg,hybrid,ffpp_source_safe,test,0,real,0.42574962973594666,0.8212602734565735,0
faceforensics/real/599/000016.jpg,hybrid,ffpp_source_safe,test,0,real,0.9297551512718201,0.8212602734565735,1
faceforensics/real/599/000017.jpg,hybrid,ffpp_source_safe,test,0,real,0.12534213066101074,0.8212602734565735,0
faceforensics/real/599/000018.jpg,hybrid,ffpp_source_safe,test,0,real,0.5093141198158264,0.8212602734565735,0
faceforensics/real/599/000019.jpg,hybrid,ffpp_source_safe,test,0,real,0.006117476616054773,0.8212602734565735,0
faceforensics/real/599/000020.jpg,hybrid,ffpp_source_safe,test,0,real,0.08216871321201324,0.8212602734565735,0
faceforensics/real/599/000021.jpg,hybrid,ffpp_source_safe,test,0,real,0.0077802930027246475,0.8212602734565735,0
faceforensics/real/599/000022.jpg,hybrid,ffpp_source_safe,test,0,real,0.1704910695552826,0.8212602734565735,0
faceforensics/real/599/000023.jpg,hybrid,ffpp_source_safe,test,0,real,0.4474131464958191,0.8212602734565735,0
faceforensics/real/599/000024.jpg,hybrid,ffpp_source_safe,test,0,real,0.0049621039070189,0.8212602734565735,0
faceforensics/real/599/000025.jpg,hybrid,ffpp_source_safe,test,0,real,0.030431309714913368,0.8212602734565735,0
faceforensics/real/599/000026.jpg,hybrid,ffpp_source_safe,test,0,real,0.008547897450625896,0.8212602734565735,0
faceforensics/real/599/000027.jpg,hybrid,ffpp_source_safe,test,0,real,0.37170761823654175,0.8212602734565735,0
faceforensics/real/599/000028.jpg,hybrid,ffpp_source_safe,test,0,real,0.0007298736018128693,0.8212602734565735,0
faceforensics/real/599/000029.jpg,hybrid,ffpp_source_safe,test,0,real,0.021895019337534904,0.8212602734565735,0
faceforensics/real/651/000000.jpg,hybrid,ffpp_source_safe,test,0,real,0.00019331157091073692,0.8212602734565735,0
faceforensics/real/651/000001.jpg,hybrid,ffpp_source_safe,test,0,real,9.114106796914712e-05,0.8212602734565735,0
faceforensics/real/651/000002.jpg,hybrid,ffpp_source_safe,test,0,real,0.00021875581296626478,0.8212602734565735,0
faceforensics/real/651/000003.jpg,hybrid,ffpp_source_safe,test,0,real,0.00018897539121098816,0.8212602734565735,0
faceforensics/real/651/000004.jpg,hybrid,ffpp_source_safe,test,0,real,0.00012394008808769286,0.8212602734565735,0
faceforensics/real/651/000005.jpg,hybrid,ffpp_source_safe,test,0,real,0.00011546933819772676,0.8212602734565735,0
faceforensics/real/651/000006.jpg,hybrid,ffpp_source_safe,test,0,real,0.0002792143786791712,0.8212602734565735,0
faceforensics/real/651/000007.jpg,hybrid,ffpp_source_safe,test,0,real,0.0003894479013979435,0.8212602734565735,0
faceforensics/real/651/000008.jpg,hybrid,ffpp_source_safe,test,0,real,8.300226181745529e-05,0.8212602734565735,0
faceforensics/real/651/000009.jpg,hybrid,ffpp_source_safe,test,0,real,0.00015236609033308923,0.8212602734565735,0
faceforensics/real/651/000010.jpg,hybrid,ffpp_source_safe,test,0,real,0.00013787677744403481,0.8212602734565735,0
faceforensics/real/651/000011.jpg,hybrid,ffpp_source_safe,test,0,real,0.00018787820590659976,0.8212602734565735,0
faceforensics/real/651/000012.jpg,hybrid,ffpp_source_safe,test,0,real,6.011565710650757e-05,0.8212602734565735,0
faceforensics/real/651/000013.jpg,hybrid,ffpp_source_safe,test,0,real,8.594957762397826e-05,0.8212602734565735,0
faceforensics/real/651/000014.jpg,hybrid,ffpp_source_safe,test,0,real,0.000202991024707444,0.8212602734565735,0
faceforensics/real/651/000015.jpg,hybrid,ffpp_source_safe,test,0,real,0.00019378824799787253,0.8212602734565735,0
faceforensics/real/651/000016.jpg,hybrid,ffpp_source_safe,test,0,real,0.0014181594597175717,0.8212602734565735,0
faceforensics/real/651/000017.jpg,hybrid,ffpp_source_safe,test,0,real,0.0004415478906594217,0.8212602734565735,0
faceforensics/real/651/000018.jpg,hybrid,ffpp_source_safe,test,0,real,0.00038657276309095323,0.8212602734565735,0
faceforensics/real/651/000019.jpg,hybrid,ffpp_source_safe,test,0,real,0.0001889420673251152,0.8212602734565735,0
faceforensics/real/651/000020.jpg,hybrid,ffpp_source_safe,test,0,real,0.0004107631684746593,0.8212602734565735,0
faceforensics/real/651/000021.jpg,hybrid,ffpp_source_safe,test,0,real,0.0008934111101552844,0.8212602734565735,0
faceforensics/real/651/000022.jpg,hybrid,ffpp_source_safe,test,0,real,4.3845619075000286e-05,0.8212602734565735,0
faceforensics/real/651/000023.jpg,hybrid,ffpp_source_safe,test,0,real,0.00012813348439522088,0.8212602734565735,0
faceforensics/real/651/000024.jpg,hybrid,ffpp_source_safe,test,0,real,0.0001140577660407871,0.8212602734565735,0
faceforensics/real/651/000025.jpg,hybrid,ffpp_source_safe,test,0,real,0.0001124677510233596,0.8212602734565735,0
faceforensics/real/651/000026.jpg,hybrid,ffpp_source_safe,test,0,real,0.002159004332497716,0.8212602734565735,0
faceforensics/real/651/000027.jpg,hybrid,ffpp_source_safe,test,0,real,0.0005582401645369828,0.8212602734565735,0
faceforensics/real/651/000028.jpg,hybrid,ffpp_source_safe,test,0,real,0.0011287519009783864,0.8212602734565735,0
faceforensics/real/651/000029.jpg,hybrid,ffpp_source_safe,test,0,real,0.0004961155937053263,0.8212602734565735,0
faceforensics/real/672/000000.jpg,hybrid,ffpp_source_safe,test,0,real,0.13514746725559235,0.8212602734565735,0
faceforensics/real/672/000001.jpg,hybrid,ffpp_source_safe,test,0,real,0.07953492552042007,0.8212602734565735,0
faceforensics/real/672/000002.jpg,hybrid,ffpp_source_safe,test,0,real,0.5723869800567627,0.8212602734565735,0
faceforensics/real/672/000003.jpg,hybrid,ffpp_source_safe,test,0,real,0.6289162635803223,0.8212602734565735,0
faceforensics/real/672/000004.jpg,hybrid,ffpp_source_safe,test,0,real,0.31836527585983276,0.8212602734565735,0
faceforensics/real/672/000005.jpg,hybrid,ffpp_source_safe,test,0,real,0.20659798383712769,0.8212602734565735,0
faceforensics/real/672/000006.jpg,hybrid,ffpp_source_safe,test,0,real,0.7531193494796753,0.8212602734565735,0
faceforensics/real/672/000007.jpg,hybrid,ffpp_source_safe,test,0,real,0.752397894859314,0.8212602734565735,0
faceforensics/real/672/000008.jpg,hybrid,ffpp_source_safe,test,0,real,0.7175324559211731,0.8212602734565735,0
faceforensics/real/672/000009.jpg,hybrid,ffpp_source_safe,test,0,real,0.86277174949646,0.8212602734565735,1
faceforensics/real/672/000010.jpg,hybrid,ffpp_source_safe,test,0,real,0.5466145277023315,0.8212602734565735,0
faceforensics/real/672/000011.jpg,hybrid,ffpp_source_safe,test,0,real,0.009067016653716564,0.8212602734565735,0
faceforensics/real/672/000012.jpg,hybrid,ffpp_source_safe,test,0,real,0.7226585745811462,0.8212602734565735,0
faceforensics/real/672/000013.jpg,hybrid,ffpp_source_safe,test,0,real,0.5200768709182739,0.8212602734565735,0
faceforensics/real/672/000014.jpg,hybrid,ffpp_source_safe,test,0,real,0.9443764686584473,0.8212602734565735,1
faceforensics/real/672/000015.jpg,hybrid,ffpp_source_safe,test,0,real,0.22082531452178955,0.8212602734565735,0
faceforensics/real/672/000016.jpg,hybrid,ffpp_source_safe,test,0,real,0.9171187281608582,0.8212602734565735,1
faceforensics/real/672/000017.jpg,hybrid,ffpp_source_safe,test,0,real,0.48608940839767456,0.8212602734565735,0
faceforensics/real/672/000018.jpg,hybrid,ffpp_source_safe,test,0,real,0.9297131896018982,0.8212602734565735,1
faceforensics/real/672/000019.jpg,hybrid,ffpp_source_safe,test,0,real,0.004177502356469631,0.8212602734565735,0
faceforensics/real/672/000020.jpg,hybrid,ffpp_source_safe,test,0,real,0.009340875782072544,0.8212602734565735,0
faceforensics/real/672/000021.jpg,hybrid,ffpp_source_safe,test,0,real,0.04772096127271652,0.8212602734565735,0
faceforensics/real/672/000022.jpg,hybrid,ffpp_source_safe,test,0,real,0.9009749293327332,0.8212602734565735,1
faceforensics/real/672/000023.jpg,hybrid,ffpp_source_safe,test,0,real,0.06184297055006027,0.8212602734565735,0
faceforensics/real/672/000024.jpg,hybrid,ffpp_source_safe,test,0,real,0.03852704167366028,0.8212602734565735,0
faceforensics/real/672/000025.jpg,hybrid,ffpp_source_safe,test,0,real,0.05872679501771927,0.8212602734565735,0
faceforensics/real/672/000026.jpg,hybrid,ffpp_source_safe,test,0,real,0.13744883239269257,0.8212602734565735,0
faceforensics/real/672/000027.jpg,hybrid,ffpp_source_safe,test,0,real,0.046887580305337906,0.8212602734565735,0
faceforensics/real/672/000028.jpg,hybrid,ffpp_source_safe,test,0,real,0.6501316428184509,0.8212602734565735,0
faceforensics/real/672/000029.jpg,hybrid,ffpp_source_safe,test,0,real,0.772067666053772,0.8212602734565735,0
faceforensics/real/677/000000.jpg,hybrid,ffpp_source_safe,test,0,real,0.06959053874015808,0.8212602734565735,0
faceforensics/real/677/000001.jpg,hybrid,ffpp_source_safe,test,0,real,0.046657197177410126,0.8212602734565735,0
faceforensics/real/677/000002.jpg,hybrid,ffpp_source_safe,test,0,real,0.08801491558551788,0.8212602734565735,0
faceforensics/real/677/000003.jpg,hybrid,ffpp_source_safe,test,0,real,0.4952891767024994,0.8212602734565735,0
faceforensics/real/677/000004.jpg,hybrid,ffpp_source_safe,test,0,real,0.18066523969173431,0.8212602734565735,0
faceforensics/real/677/000005.jpg,hybrid,ffpp_source_safe,test,0,real,0.01109240110963583,0.8212602734565735,0
faceforensics/real/677/000006.jpg,hybrid,ffpp_source_safe,test,0,real,0.007843018509447575,0.8212602734565735,0
faceforensics/real/677/000007.jpg,hybrid,ffpp_source_safe,test,0,real,0.550148606300354,0.8212602734565735,0
faceforensics/real/677/000008.jpg,hybrid,ffpp_source_safe,test,0,real,0.028782933950424194,0.8212602734565735,0
faceforensics/real/677/000009.jpg,hybrid,ffpp_source_safe,test,0,real,0.013724836520850658,0.8212602734565735,0
faceforensics/real/677/000010.jpg,hybrid,ffpp_source_safe,test,0,real,0.10879330337047577,0.8212602734565735,0
faceforensics/real/677/000011.jpg,hybrid,ffpp_source_safe,test,0,real,0.0005925907753407955,0.8212602734565735,0
faceforensics/real/677/000012.jpg,hybrid,ffpp_source_safe,test,0,real,0.6280664205551147,0.8212602734565735,0
faceforensics/real/677/000013.jpg,hybrid,ffpp_source_safe,test,0,real,0.9867923259735107,0.8212602734565735,1
faceforensics/real/677/000014.jpg,hybrid,ffpp_source_safe,test,0,real,0.05180337280035019,0.8212602734565735,0
faceforensics/real/677/000015.jpg,hybrid,ffpp_source_safe,test,0,real,0.07779844105243683,0.8212602734565735,0
faceforensics/real/677/000016.jpg,hybrid,ffpp_source_safe,test,0,real,0.5119566321372986,0.8212602734565735,0
faceforensics/real/677/000017.jpg,hybrid,ffpp_source_safe,test,0,real,0.35207387804985046,0.8212602734565735,0
faceforensics/real/677/000018.jpg,hybrid,ffpp_source_safe,test,0,real,0.6556310057640076,0.8212602734565735,0
faceforensics/real/677/000019.jpg,hybrid,ffpp_source_safe,test,0,real,0.2896483540534973,0.8212602734565735,0
faceforensics/real/677/000020.jpg,hybrid,ffpp_source_safe,test,0,real,0.7295252084732056,0.8212602734565735,0
faceforensics/real/677/000021.jpg,hybrid,ffpp_source_safe,test,0,real,0.666236400604248,0.8212602734565735,0
faceforensics/real/677/000022.jpg,hybrid,ffpp_source_safe,test,0,real,0.7669432759284973,0.8212602734565735,0
faceforensics/real/677/000023.jpg,hybrid,ffpp_source_safe,test,0,real,0.7713624238967896,0.8212602734565735,0
faceforensics/real/677/000024.jpg,hybrid,ffpp_source_safe,test,0,real,0.8035176992416382,0.8212602734565735,0
faceforensics/real/677/000025.jpg,hybrid,ffpp_source_safe,test,0,real,0.9949830770492554,0.8212602734565735,1
faceforensics/real/677/000026.jpg,hybrid,ffpp_source_safe,test,0,real,0.9937756061553955,0.8212602734565735,1
faceforensics/real/677/000027.jpg,hybrid,ffpp_source_safe,test,0,real,0.9989252686500549,0.8212602734565735,1
faceforensics/real/677/000028.jpg,hybrid,ffpp_source_safe,test,0,real,0.9624394774436951,0.8212602734565735,1
faceforensics/real/677/000029.jpg,hybrid,ffpp_source_safe,test,0,real,0.9699339866638184,0.8212602734565735,1
faceforensics/real/683/000000.jpg,hybrid,ffpp_source_safe,test,0,real,0.057834286242723465,0.8212602734565735,0
faceforensics/real/683/000001.jpg,hybrid,ffpp_source_safe,test,0,real,0.019085193052887917,0.8212602734565735,0
faceforensics/real/683/000002.jpg,hybrid,ffpp_source_safe,test,0,real,0.5051089525222778,0.8212602734565735,0
faceforensics/real/683/000003.jpg,hybrid,ffpp_source_safe,test,0,real,0.07873199880123138,0.8212602734565735,0
faceforensics/real/683/000004.jpg,hybrid,ffpp_source_safe,test,0,real,0.0016043420182541013,0.8212602734565735,0
faceforensics/real/683/000005.jpg,hybrid,ffpp_source_safe,test,0,real,0.00851487647742033,0.8212602734565735,0
faceforensics/real/683/000006.jpg,hybrid,ffpp_source_safe,test,0,real,0.04739200696349144,0.8212602734565735,0
faceforensics/real/683/000007.jpg,hybrid,ffpp_source_safe,test,0,real,0.6525301337242126,0.8212602734565735,0
faceforensics/real/683/000008.jpg,hybrid,ffpp_source_safe,test,0,real,0.08412044495344162,0.8212602734565735,0
faceforensics/real/683/000009.jpg,hybrid,ffpp_source_safe,test,0,real,0.31241127848625183,0.8212602734565735,0
faceforensics/real/683/000010.jpg,hybrid,ffpp_source_safe,test,0,real,0.002547950018197298,0.8212602734565735,0
faceforensics/real/683/000011.jpg,hybrid,ffpp_source_safe,test,0,real,0.13324353098869324,0.8212602734565735,0
faceforensics/real/683/000012.jpg,hybrid,ffpp_source_safe,test,0,real,0.4043031632900238,0.8212602734565735,0
faceforensics/real/683/000013.jpg,hybrid,ffpp_source_safe,test,0,real,0.002498804358765483,0.8212602734565735,0
faceforensics/real/683/000014.jpg,hybrid,ffpp_source_safe,test,0,real,0.011982300318777561,0.8212602734565735,0
faceforensics/real/683/000015.jpg,hybrid,ffpp_source_safe,test,0,real,0.09858424961566925,0.8212602734565735,0
faceforensics/real/683/000016.jpg,hybrid,ffpp_source_safe,test,0,real,0.9639058113098145,0.8212602734565735,1
faceforensics/real/683/000017.jpg,hybrid,ffpp_source_safe,test,0,real,0.06739871203899384,0.8212602734565735,0
faceforensics/real/683/000018.jpg,hybrid,ffpp_source_safe,test,0,real,0.11971431225538254,0.8212602734565735,0
faceforensics/real/683/000019.jpg,hybrid,ffpp_source_safe,test,0,real,0.26871952414512634,0.8212602734565735,0
faceforensics/real/683/000020.jpg,hybrid,ffpp_source_safe,test,0,real,0.009373398497700691,0.8212602734565735,0
faceforensics/real/683/000021.jpg,hybrid,ffpp_source_safe,test,0,real,0.046457987278699875,0.8212602734565735,0
faceforensics/real/683/000022.jpg,hybrid,ffpp_source_safe,test,0,real,0.36955899000167847,0.8212602734565735,0
faceforensics/real/683/000023.jpg,hybrid,ffpp_source_safe,test,0,real,0.9597563147544861,0.8212602734565735,1
faceforensics/real/683/000024.jpg,hybrid,ffpp_source_safe,test,0,real,0.34708619117736816,0.8212602734565735,0
faceforensics/real/683/000025.jpg,hybrid,ffpp_source_safe,test,0,real,0.33215388655662537,0.8212602734565735,0
faceforensics/real/683/000026.jpg,hybrid,ffpp_source_safe,test,0,real,0.33214765787124634,0.8212602734565735,0
faceforensics/real/683/000027.jpg,hybrid,ffpp_source_safe,test,0,real,0.02333049103617668,0.8212602734565735,0
faceforensics/real/683/000028.jpg,hybrid,ffpp_source_safe,test,0,real,0.913314938545227,0.8212602734565735,1
faceforensics/real/683/000029.jpg,hybrid,ffpp_source_safe,test,0,real,0.017127586528658867,0.8212602734565735,0
faceforensics/real/719/000000.jpg,hybrid,ffpp_source_safe,test,0,real,0.005716738291084766,0.8212602734565735,0
faceforensics/real/719/000001.jpg,hybrid,ffpp_source_safe,test,0,real,0.02240837551653385,0.8212602734565735,0
faceforensics/real/719/000002.jpg,hybrid,ffpp_source_safe,test,0,real,0.0025836145505309105,0.8212602734565735,0
faceforensics/real/719/000003.jpg,hybrid,ffpp_source_safe,test,0,real,0.0250861793756485,0.8212602734565735,0
faceforensics/real/719/000004.jpg,hybrid,ffpp_source_safe,test,0,real,0.17929953336715698,0.8212602734565735,0
faceforensics/real/719/000005.jpg,hybrid,ffpp_source_safe,test,0,real,0.01163626741617918,0.8212602734565735,0
faceforensics/real/719/000006.jpg,hybrid,ffpp_source_safe,test,0,real,0.818160891532898,0.8212602734565735,0
faceforensics/real/719/000007.jpg,hybrid,ffpp_source_safe,test,0,real,0.0567249171435833,0.8212602734565735,0
faceforensics/real/719/000008.jpg,hybrid,ffpp_source_safe,test,0,real,0.1010122075676918,0.8212602734565735,0
faceforensics/real/719/000009.jpg,hybrid,ffpp_source_safe,test,0,real,0.0258418507874012,0.8212602734565735,0
faceforensics/real/719/000010.jpg,hybrid,ffpp_source_safe,test,0,real,0.009293104521930218,0.8212602734565735,0
faceforensics/real/719/000011.jpg,hybrid,ffpp_source_safe,test,0,real,0.1100349873304367,0.8212602734565735,0
faceforensics/real/719/000012.jpg,hybrid,ffpp_source_safe,test,0,real,0.007137170992791653,0.8212602734565735,0
faceforensics/real/719/000013.jpg,hybrid,ffpp_source_safe,test,0,real,0.004839632660150528,0.8212602734565735,0
faceforensics/real/719/000014.jpg,hybrid,ffpp_source_safe,test,0,real,0.37248486280441284,0.8212602734565735,0
faceforensics/real/719/000015.jpg,hybrid,ffpp_source_safe,test,0,real,0.30688127875328064,0.8212602734565735,0
faceforensics/real/719/000016.jpg,hybrid,ffpp_source_safe,test,0,real,0.42522966861724854,0.8212602734565735,0
faceforensics/real/719/000017.jpg,hybrid,ffpp_source_safe,test,0,real,0.13856437802314758,0.8212602734565735,0
faceforensics/real/719/000018.jpg,hybrid,ffpp_source_safe,test,0,real,0.06448652595281601,0.8212602734565735,0
faceforensics/real/719/000019.jpg,hybrid,ffpp_source_safe,test,0,real,0.0016426515066996217,0.8212602734565735,0
faceforensics/real/719/000020.jpg,hybrid,ffpp_source_safe,test,0,real,0.0005932098138146102,0.8212602734565735,0
faceforensics/real/719/000021.jpg,hybrid,ffpp_source_safe,test,0,real,0.04303116351366043,0.8212602734565735,0
faceforensics/real/719/000022.jpg,hybrid,ffpp_source_safe,test,0,real,0.09477127343416214,0.8212602734565735,0
faceforensics/real/719/000023.jpg,hybrid,ffpp_source_safe,test,0,real,0.09406067430973053,0.8212602734565735,0
faceforensics/real/719/000024.jpg,hybrid,ffpp_source_safe,test,0,real,0.013784132897853851,0.8212602734565735,0
faceforensics/real/719/000025.jpg,hybrid,ffpp_source_safe,test,0,real,0.29481178522109985,0.8212602734565735,0
faceforensics/real/719/000026.jpg,hybrid,ffpp_source_safe,test,0,real,0.0582488514482975,0.8212602734565735,0
faceforensics/real/719/000027.jpg,hybrid,ffpp_source_safe,test,0,real,0.10246296972036362,0.8212602734565735,0
faceforensics/real/719/000028.jpg,hybrid,ffpp_source_safe,test,0,real,0.95420902967453,0.8212602734565735,1
faceforensics/real/719/000029.jpg,hybrid,ffpp_source_safe,test,0,real,0.06925860792398453,0.8212602734565735,0
faceforensics/real/737/000000.jpg,hybrid,ffpp_source_safe,test,0,real,0.0008877622312866151,0.8212602734565735,0
faceforensics/real/737/000001.jpg,hybrid,ffpp_source_safe,test,0,real,4.2096722609130666e-05,0.8212602734565735,0
faceforensics/real/737/000002.jpg,hybrid,ffpp_source_safe,test,0,real,4.495563916862011e-05,0.8212602734565735,0
faceforensics/real/737/000003.jpg,hybrid,ffpp_source_safe,test,0,real,0.00017103139543905854,0.8212602734565735,0
faceforensics/real/737/000004.jpg,hybrid,ffpp_source_safe,test,0,real,0.00028624647529795766,0.8212602734565735,0
faceforensics/real/737/000005.jpg,hybrid,ffpp_source_safe,test,0,real,0.00032101821852847934,0.8212602734565735,0
faceforensics/real/737/000006.jpg,hybrid,ffpp_source_safe,test,0,real,6.0689875681418926e-05,0.8212602734565735,0
faceforensics/real/737/000007.jpg,hybrid,ffpp_source_safe,test,0,real,0.00017885255510918796,0.8212602734565735,0
faceforensics/real/737/000008.jpg,hybrid,ffpp_source_safe,test,0,real,0.00012370795593596995,0.8212602734565735,0
faceforensics/real/737/000009.jpg,hybrid,ffpp_source_safe,test,0,real,0.0002736058086156845,0.8212602734565735,0
faceforensics/real/737/000010.jpg,hybrid,ffpp_source_safe,test,0,real,0.00045055922237224877,0.8212602734565735,0
faceforensics/real/737/000011.jpg,hybrid,ffpp_source_safe,test,0,real,5.691790283890441e-05,0.8212602734565735,0
faceforensics/real/737/000012.jpg,hybrid,ffpp_source_safe,test,0,real,4.032233846373856e-05,0.8212602734565735,0
faceforensics/real/737/000013.jpg,hybrid,ffpp_source_safe,test,0,real,7.334193651331589e-05,0.8212602734565735,0
faceforensics/real/737/000014.jpg,hybrid,ffpp_source_safe,test,0,real,0.0002559385902713984,0.8212602734565735,0
faceforensics/real/737/000015.jpg,hybrid,ffpp_source_safe,test,0,real,0.00020035760826431215,0.8212602734565735,0
faceforensics/real/737/000016.jpg,hybrid,ffpp_source_safe,test,0,real,8.842265378916636e-05,0.8212602734565735,0
faceforensics/real/737/000017.jpg,hybrid,ffpp_source_safe,test,0,real,0.00034737790701910853,0.8212602734565735,0
faceforensics/real/737/000018.jpg,hybrid,ffpp_source_safe,test,0,real,0.0002786646946333349,0.8212602734565735,0
faceforensics/real/737/000019.jpg,hybrid,ffpp_source_safe,test,0,real,0.00012004762538708746,0.8212602734565735,0
faceforensics/real/737/000020.jpg,hybrid,ffpp_source_safe,test,0,real,0.00012781705299858004,0.8212602734565735,0
faceforensics/real/737/000021.jpg,hybrid,ffpp_source_safe,test,0,real,0.00021306888083927333,0.8212602734565735,0
faceforensics/real/737/000022.jpg,hybrid,ffpp_source_safe,test,0,real,0.0004741859738714993,0.8212602734565735,0
faceforensics/real/737/000023.jpg,hybrid,ffpp_source_safe,test,0,real,0.0008565876632928848,0.8212602734565735,0
faceforensics/real/737/000024.jpg,hybrid,ffpp_source_safe,test,0,real,0.00016206914733629674,0.8212602734565735,0
faceforensics/real/737/000025.jpg,hybrid,ffpp_source_safe,test,0,real,8.746229286771268e-05,0.8212602734565735,0
faceforensics/real/737/000026.jpg,hybrid,ffpp_source_safe,test,0,real,0.0019862281624227762,0.8212602734565735,0
faceforensics/real/737/000027.jpg,hybrid,ffpp_source_safe,test,0,real,5.085732482257299e-05,0.8212602734565735,0
faceforensics/real/737/000028.jpg,hybrid,ffpp_source_safe,test,0,real,7.97437023720704e-05,0.8212602734565735,0
faceforensics/real/737/000029.jpg,hybrid,ffpp_source_safe,test,0,real,3.2572788768447936e-05,0.8212602734565735,0
faceforensics/real/779/000000.jpg,hybrid,ffpp_source_safe,test,0,real,0.02792731299996376,0.8212602734565735,0
faceforensics/real/779/000001.jpg,hybrid,ffpp_source_safe,test,0,real,0.0018736012279987335,0.8212602734565735,0
faceforensics/real/779/000002.jpg,hybrid,ffpp_source_safe,test,0,real,0.020092807710170746,0.8212602734565735,0
faceforensics/real/779/000003.jpg,hybrid,ffpp_source_safe,test,0,real,0.0009312339825555682,0.8212602734565735,0
faceforensics/real/779/000004.jpg,hybrid,ffpp_source_safe,test,0,real,0.0014278152957558632,0.8212602734565735,0
faceforensics/real/779/000005.jpg,hybrid,ffpp_source_safe,test,0,real,0.0007880912744440138,0.8212602734565735,0
faceforensics/real/779/000006.jpg,hybrid,ffpp_source_safe,test,0,real,0.002038737526163459,0.8212602734565735,0
faceforensics/real/779/000007.jpg,hybrid,ffpp_source_safe,test,0,real,0.00040110747795552015,0.8212602734565735,0
faceforensics/real/779/000008.jpg,hybrid,ffpp_source_safe,test,0,real,0.0005704073118977249,0.8212602734565735,0
faceforensics/real/779/000009.jpg,hybrid,ffpp_source_safe,test,0,real,0.02470095269382,0.8212602734565735,0
faceforensics/real/779/000010.jpg,hybrid,ffpp_source_safe,test,0,real,0.009530737064778805,0.8212602734565735,0
faceforensics/real/779/000011.jpg,hybrid,ffpp_source_safe,test,0,real,0.15542171895503998,0.8212602734565735,0
faceforensics/real/779/000012.jpg,hybrid,ffpp_source_safe,test,0,real,0.001096639083698392,0.8212602734565735,0
faceforensics/real/779/000013.jpg,hybrid,ffpp_source_safe,test,0,real,0.0018439129926264286,0.8212602734565735,0
faceforensics/real/779/000014.jpg,hybrid,ffpp_source_safe,test,0,real,0.00027572590624913573,0.8212602734565735,0
faceforensics/real/779/000015.jpg,hybrid,ffpp_source_safe,test,0,real,0.00011445258860476315,0.8212602734565735,0
faceforensics/real/779/000016.jpg,hybrid,ffpp_source_safe,test,0,real,0.00043258158257231116,0.8212602734565735,0
faceforensics/real/779/000017.jpg,hybrid,ffpp_source_safe,test,0,real,0.0005846123094670475,0.8212602734565735,0
faceforensics/real/779/000018.jpg,hybrid,ffpp_source_safe,test,0,real,0.0014847209677100182,0.8212602734565735,0
faceforensics/real/779/000019.jpg,hybrid,ffpp_source_safe,test,0,real,0.0009669485734775662,0.8212602734565735,0
faceforensics/real/779/000020.jpg,hybrid,ffpp_source_safe,test,0,real,0.0002638227306306362,0.8212602734565735,0
faceforensics/real/779/000021.jpg,hybrid,ffpp_source_safe,test,0,real,0.04264936223626137,0.8212602734565735,0
faceforensics/real/779/000022.jpg,hybrid,ffpp_source_safe,test,0,real,0.2944129407405853,0.8212602734565735,0
faceforensics/real/779/000023.jpg,hybrid,ffpp_source_safe,test,0,real,0.12226390838623047,0.8212602734565735,0
faceforensics/real/779/000024.jpg,hybrid,ffpp_source_safe,test,0,real,0.0020874517504125834,0.8212602734565735,0
faceforensics/real/779/000025.jpg,hybrid,ffpp_source_safe,test,0,real,0.0003674830368254334,0.8212602734565735,0
faceforensics/real/779/000026.jpg,hybrid,ffpp_source_safe,test,0,real,0.0002122262230841443,0.8212602734565735,0
faceforensics/real/779/000027.jpg,hybrid,ffpp_source_safe,test,0,real,0.01740601845085621,0.8212602734565735,0
faceforensics/real/779/000028.jpg,hybrid,ffpp_source_safe,test,0,real,0.00833870004862547,0.8212602734565735,0
faceforensics/real/779/000029.jpg,hybrid,ffpp_source_safe,test,0,real,0.0006896713748574257,0.8212602734565735,0
faceforensics/real/835/000000.jpg,hybrid,ffpp_source_safe,test,0,real,0.6749958395957947,0.8212602734565735,0
faceforensics/real/835/000001.jpg,hybrid,ffpp_source_safe,test,0,real,0.0013502539368346334,0.8212602734565735,0
faceforensics/real/835/000002.jpg,hybrid,ffpp_source_safe,test,0,real,0.0027683605439960957,0.8212602734565735,0
faceforensics/real/835/000003.jpg,hybrid,ffpp_source_safe,test,0,real,0.675744354724884,0.8212602734565735,0
faceforensics/real/835/000004.jpg,hybrid,ffpp_source_safe,test,0,real,0.001593053457327187,0.8212602734565735,0
faceforensics/real/835/000005.jpg,hybrid,ffpp_source_safe,test,0,real,0.012715312652289867,0.8212602734565735,0
faceforensics/real/835/000006.jpg,hybrid,ffpp_source_safe,test,0,real,0.032886601984500885,0.8212602734565735,0
faceforensics/real/835/000007.jpg,hybrid,ffpp_source_safe,test,0,real,0.0014173107920214534,0.8212602734565735,0
faceforensics/real/835/000008.jpg,hybrid,ffpp_source_safe,test,0,real,0.013049137778580189,0.8212602734565735,0
faceforensics/real/835/000009.jpg,hybrid,ffpp_source_safe,test,0,real,0.0021036642137914896,0.8212602734565735,0
faceforensics/real/835/000010.jpg,hybrid,ffpp_source_safe,test,0,real,0.08462700247764587,0.8212602734565735,0
faceforensics/real/835/000011.jpg,hybrid,ffpp_source_safe,test,0,real,0.01728551648557186,0.8212602734565735,0
faceforensics/real/835/000012.jpg,hybrid,ffpp_source_safe,test,0,real,0.960434079170227,0.8212602734565735,1
faceforensics/real/835/000013.jpg,hybrid,ffpp_source_safe,test,0,real,0.027269810438156128,0.8212602734565735,0
faceforensics/real/835/000014.jpg,hybrid,ffpp_source_safe,test,0,real,0.0703953355550766,0.8212602734565735,0
faceforensics/real/835/000015.jpg,hybrid,ffpp_source_safe,test,0,real,0.0020000783260911703,0.8212602734565735,0
faceforensics/real/835/000016.jpg,hybrid,ffpp_source_safe,test,0,real,0.04079338535666466,0.8212602734565735,0
faceforensics/real/835/000017.jpg,hybrid,ffpp_source_safe,test,0,real,0.0012689727591350675,0.8212602734565735,0
faceforensics/real/835/000018.jpg,hybrid,ffpp_source_safe,test,0,real,0.0014497219817712903,0.8212602734565735,0
faceforensics/real/835/000019.jpg,hybrid,ffpp_source_safe,test,0,real,0.0027417968958616257,0.8212602734565735,0
faceforensics/real/835/000020.jpg,hybrid,ffpp_source_safe,test,0,real,0.010993742384016514,0.8212602734565735,0
faceforensics/real/835/000021.jpg,hybrid,ffpp_source_safe,test,0,real,0.0007509452407248318,0.8212602734565735,0
faceforensics/real/835/000022.jpg,hybrid,ffpp_source_safe,test,0,real,0.0032698698341846466,0.8212602734565735,0
faceforensics/real/835/000023.jpg,hybrid,ffpp_source_safe,test,0,real,0.807944655418396,0.8212602734565735,0
faceforensics/real/835/000024.jpg,hybrid,ffpp_source_safe,test,0,real,0.012548754923045635,0.8212602734565735,0
faceforensics/real/835/000025.jpg,hybrid,ffpp_source_safe,test,0,real,0.9354039430618286,0.8212602734565735,1
faceforensics/real/835/000026.jpg,hybrid,ffpp_source_safe,test,0,real,0.022243792191147804,0.8212602734565735,0
faceforensics/real/835/000027.jpg,hybrid,ffpp_source_safe,test,0,real,0.0027072574011981487,0.8212602734565735,0
faceforensics/real/835/000028.jpg,hybrid,ffpp_source_safe,test,0,real,0.0025518431793898344,0.8212602734565735,0
faceforensics/real/835/000029.jpg,hybrid,ffpp_source_safe,test,0,real,0.0016579428920522332,0.8212602734565735,0
faceforensics/real/876/000000.jpg,hybrid,ffpp_source_safe,test,0,real,4.7460449422942474e-05,0.8212602734565735,0
faceforensics/real/876/000001.jpg,hybrid,ffpp_source_safe,test,0,real,4.5588323700940236e-05,0.8212602734565735,0
faceforensics/real/876/000002.jpg,hybrid,ffpp_source_safe,test,0,real,8.554482337785885e-05,0.8212602734565735,0
faceforensics/real/876/000003.jpg,hybrid,ffpp_source_safe,test,0,real,0.00010159137309528887,0.8212602734565735,0
faceforensics/real/876/000004.jpg,hybrid,ffpp_source_safe,test,0,real,5.001301542506553e-05,0.8212602734565735,0
faceforensics/real/876/000005.jpg,hybrid,ffpp_source_safe,test,0,real,0.00014524813741445541,0.8212602734565735,0
faceforensics/real/876/000006.jpg,hybrid,ffpp_source_safe,test,0,real,0.00011524010915309191,0.8212602734565735,0
faceforensics/real/876/000007.jpg,hybrid,ffpp_source_safe,test,0,real,4.513803287409246e-05,0.8212602734565735,0
faceforensics/real/876/000008.jpg,hybrid,ffpp_source_safe,test,0,real,0.00015303703548852354,0.8212602734565735,0
faceforensics/real/876/000009.jpg,hybrid,ffpp_source_safe,test,0,real,7.004862709436566e-05,0.8212602734565735,0
faceforensics/real/876/000010.jpg,hybrid,ffpp_source_safe,test,0,real,0.00028329502674750984,0.8212602734565735,0
faceforensics/real/876/000011.jpg,hybrid,ffpp_source_safe,test,0,real,5.778572813142091e-05,0.8212602734565735,0
faceforensics/real/876/000012.jpg,hybrid,ffpp_source_safe,test,0,real,7.521484076278284e-05,0.8212602734565735,0
faceforensics/real/876/000013.jpg,hybrid,ffpp_source_safe,test,0,real,2.3344120563706383e-05,0.8212602734565735,0
faceforensics/real/876/000014.jpg,hybrid,ffpp_source_safe,test,0,real,0.0008018531952984631,0.8212602734565735,0
faceforensics/real/876/000015.jpg,hybrid,ffpp_source_safe,test,0,real,9.234096796717495e-05,0.8212602734565735,0
faceforensics/real/876/000016.jpg,hybrid,ffpp_source_safe,test,0,real,2.2101206923252903e-05,0.8212602734565735,0
faceforensics/real/876/000017.jpg,hybrid,ffpp_source_safe,test,0,real,3.4671564208110794e-05,0.8212602734565735,0
faceforensics/real/876/000018.jpg,hybrid,ffpp_source_safe,test,0,real,7.829754031263292e-05,0.8212602734565735,0
faceforensics/real/876/000019.jpg,hybrid,ffpp_source_safe,test,0,real,0.0002272027631988749,0.8212602734565735,0
faceforensics/real/876/000020.jpg,hybrid,ffpp_source_safe,test,0,real,1.1562750842131209e-05,0.8212602734565735,0
faceforensics/real/876/000021.jpg,hybrid,ffpp_source_safe,test,0,real,3.5896471672458574e-05,0.8212602734565735,0
faceforensics/real/876/000022.jpg,hybrid,ffpp_source_safe,test,0,real,0.00013406250218395144,0.8212602734565735,0
faceforensics/real/876/000023.jpg,hybrid,ffpp_source_safe,test,0,real,4.19657735619694e-05,0.8212602734565735,0
faceforensics/real/876/000024.jpg,hybrid,ffpp_source_safe,test,0,real,1.526944470242597e-05,0.8212602734565735,0
faceforensics/real/876/000025.jpg,hybrid,ffpp_source_safe,test,0,real,3.6406738217920065e-05,0.8212602734565735,0
faceforensics/real/876/000026.jpg,hybrid,ffpp_source_safe,test,0,real,8.17827312857844e-05,0.8212602734565735,0
faceforensics/real/876/000027.jpg,hybrid,ffpp_source_safe,test,0,real,4.912019721814431e-05,0.8212602734565735,0
faceforensics/real/876/000028.jpg,hybrid,ffpp_source_safe,test,0,real,7.262938015628606e-05,0.8212602734565735,0
faceforensics/real/876/000029.jpg,hybrid,ffpp_source_safe,test,0,real,3.751089025172405e-05,0.8212602734565735,0
faceforensics/real/938/000000.jpg,hybrid,ffpp_source_safe,test,0,real,4.873477337241638e-07,0.8212602734565735,0
faceforensics/real/938/000001.jpg,hybrid,ffpp_source_safe,test,0,real,7.843829621378973e-07,0.8212602734565735,0
faceforensics/real/938/000002.jpg,hybrid,ffpp_source_safe,test,0,real,5.607220828096615e-06,0.8212602734565735,0
faceforensics/real/938/000003.jpg,hybrid,ffpp_source_safe,test,0,real,8.019125630198687e-07,0.8212602734565735,0
faceforensics/real/938/000004.jpg,hybrid,ffpp_source_safe,test,0,real,4.6799752340120904e-07,0.8212602734565735,0
faceforensics/real/938/000005.jpg,hybrid,ffpp_source_safe,test,0,real,9.086989507522958e-07,0.8212602734565735,0
faceforensics/real/938/000006.jpg,hybrid,ffpp_source_safe,test,0,real,1.5227502672132687e-06,0.8212602734565735,0
faceforensics/real/938/000007.jpg,hybrid,ffpp_source_safe,test,0,real,7.878615519985033e-07,0.8212602734565735,0
faceforensics/real/938/000008.jpg,hybrid,ffpp_source_safe,test,0,real,7.017343932602671e-07,0.8212602734565735,0
faceforensics/real/938/000009.jpg,hybrid,ffpp_source_safe,test,0,real,8.579357881899341e-07,0.8212602734565735,0
faceforensics/real/938/000010.jpg,hybrid,ffpp_source_safe,test,0,real,1.0952389857266098e-06,0.8212602734565735,0
faceforensics/real/938/000011.jpg,hybrid,ffpp_source_safe,test,0,real,5.416939643509977e-07,0.8212602734565735,0
faceforensics/real/938/000012.jpg,hybrid,ffpp_source_safe,test,0,real,7.401260404549248e-07,0.8212602734565735,0
faceforensics/real/938/000013.jpg,hybrid,ffpp_source_safe,test,0,real,3.6316573641670402e-06,0.8212602734565735,0
faceforensics/real/938/000014.jpg,hybrid,ffpp_source_safe,test,0,real,8.663179187351489e-07,0.8212602734565735,0
faceforensics/real/938/000015.jpg,hybrid,ffpp_source_safe,test,0,real,8.895794962882064e-07,0.8212602734565735,0
faceforensics/real/938/000016.jpg,hybrid,ffpp_source_safe,test,0,real,8.389069989789277e-07,0.8212602734565735,0
faceforensics/real/938/000017.jpg,hybrid,ffpp_source_safe,test,0,real,6.809984256506141e-07,0.8212602734565735,0
faceforensics/real/938/000018.jpg,hybrid,ffpp_source_safe,test,0,real,5.892875947210996e-07,0.8212602734565735,0
faceforensics/real/938/000019.jpg,hybrid,ffpp_source_safe,test,0,real,3.2474025601914036e-07,0.8212602734565735,0
faceforensics/real/938/000020.jpg,hybrid,ffpp_source_safe,test,0,real,2.7681542746904597e-07,0.8212602734565735,0
faceforensics/real/938/000021.jpg,hybrid,ffpp_source_safe,test,0,real,8.821702977002133e-07,0.8212602734565735,0
faceforensics/real/938/000022.jpg,hybrid,ffpp_source_safe,test,0,real,1.1702391020662617e-06,0.8212602734565735,0
faceforensics/real/938/000023.jpg,hybrid,ffpp_source_safe,test,0,real,4.779949449584819e-07,0.8212602734565735,0
faceforensics/real/938/000024.jpg,hybrid,ffpp_source_safe,test,0,real,3.646545394531131e-07,0.8212602734565735,0
faceforensics/real/938/000025.jpg,hybrid,ffpp_source_safe,test,0,real,1.8146434968002723e-06,0.8212602734565735,0
faceforensics/real/938/000026.jpg,hybrid,ffpp_source_safe,test,0,real,2.5677461508166743e-06,0.8212602734565735,0
faceforensics/real/938/000027.jpg,hybrid,ffpp_source_safe,test,0,real,7.881065471337934e-07,0.8212602734565735,0
faceforensics/real/938/000028.jpg,hybrid,ffpp_source_safe,test,0,real,1.1995360864602844e-06,0.8212602734565735,0
faceforensics/real/938/000029.jpg,hybrid,ffpp_source_safe,test,0,real,1.4631467820436228e-05,0.8212602734565735,0
faceforensics/real/942/000000.jpg,hybrid,ffpp_source_safe,test,0,real,0.014320382848381996,0.8212602734565735,0
faceforensics/real/942/000001.jpg,hybrid,ffpp_source_safe,test,0,real,0.031192252412438393,0.8212602734565735,0
faceforensics/real/942/000002.jpg,hybrid,ffpp_source_safe,test,0,real,0.003879490541294217,0.8212602734565735,0
faceforensics/real/942/000003.jpg,hybrid,ffpp_source_safe,test,0,real,0.002819767454639077,0.8212602734565735,0
faceforensics/real/942/000004.jpg,hybrid,ffpp_source_safe,test,0,real,0.008230704814195633,0.8212602734565735,0
faceforensics/real/942/000005.jpg,hybrid,ffpp_source_safe,test,0,real,0.0015765212010592222,0.8212602734565735,0
faceforensics/real/942/000006.jpg,hybrid,ffpp_source_safe,test,0,real,0.005414595361799002,0.8212602734565735,0
faceforensics/real/942/000007.jpg,hybrid,ffpp_source_safe,test,0,real,0.0029404896777123213,0.8212602734565735,0
faceforensics/real/942/000008.jpg,hybrid,ffpp_source_safe,test,0,real,0.06171778216958046,0.8212602734565735,0
faceforensics/real/942/000009.jpg,hybrid,ffpp_source_safe,test,0,real,0.003202422522008419,0.8212602734565735,0
faceforensics/real/942/000010.jpg,hybrid,ffpp_source_safe,test,0,real,0.013093989342451096,0.8212602734565735,0
faceforensics/real/942/000011.jpg,hybrid,ffpp_source_safe,test,0,real,0.3621138036251068,0.8212602734565735,0
faceforensics/real/942/000012.jpg,hybrid,ffpp_source_safe,test,0,real,0.002624076558277011,0.8212602734565735,0
faceforensics/real/942/000013.jpg,hybrid,ffpp_source_safe,test,0,real,0.014780400320887566,0.8212602734565735,0
faceforensics/real/942/000014.jpg,hybrid,ffpp_source_safe,test,0,real,0.0031082474160939455,0.8212602734565735,0
faceforensics/real/942/000015.jpg,hybrid,ffpp_source_safe,test,0,real,0.09971334785223007,0.8212602734565735,0
faceforensics/real/942/000016.jpg,hybrid,ffpp_source_safe,test,0,real,0.021489033475518227,0.8212602734565735,0
faceforensics/real/942/000017.jpg,hybrid,ffpp_source_safe,test,0,real,0.013176419772207737,0.8212602734565735,0
faceforensics/real/942/000018.jpg,hybrid,ffpp_source_safe,test,0,real,0.005834946408867836,0.8212602734565735,0
faceforensics/real/942/000019.jpg,hybrid,ffpp_source_safe,test,0,real,0.0363725945353508,0.8212602734565735,0
faceforensics/real/942/000020.jpg,hybrid,ffpp_source_safe,test,0,real,0.007186132948845625,0.8212602734565735,0
faceforensics/real/942/000021.jpg,hybrid,ffpp_source_safe,test,0,real,0.007847245782613754,0.8212602734565735,0
faceforensics/real/942/000022.jpg,hybrid,ffpp_source_safe,test,0,real,0.00648191012442112,0.8212602734565735,0
faceforensics/real/942/000023.jpg,hybrid,ffpp_source_safe,test,0,real,0.002893869299441576,0.8212602734565735,0
faceforensics/real/942/000024.jpg,hybrid,ffpp_source_safe,test,0,real,0.01117196585983038,0.8212602734565735,0
faceforensics/real/942/000025.jpg,hybrid,ffpp_source_safe,test,0,real,0.019498471170663834,0.8212602734565735,0
faceforensics/real/942/000026.jpg,hybrid,ffpp_source_safe,test,0,real,0.02132817730307579,0.8212602734565735,0
faceforensics/real/942/000027.jpg,hybrid,ffpp_source_safe,test,0,real,0.011542188003659248,0.8212602734565735,0
faceforensics/real/942/000028.jpg,hybrid,ffpp_source_safe,test,0,real,0.006593834143131971,0.8212602734565735,0
faceforensics/real/942/000029.jpg,hybrid,ffpp_source_safe,test,0,real,0.08897846937179565,0.8212602734565735,0
faceforensics/real/969/000000.jpg,hybrid,ffpp_source_safe,test,0,real,0.20192599296569824,0.8212602734565735,0
faceforensics/real/969/000001.jpg,hybrid,ffpp_source_safe,test,0,real,0.30968177318573,0.8212602734565735,0
faceforensics/real/969/000002.jpg,hybrid,ffpp_source_safe,test,0,real,0.09527953714132309,0.8212602734565735,0
faceforensics/real/969/000003.jpg,hybrid,ffpp_source_safe,test,0,real,0.5307100415229797,0.8212602734565735,0
faceforensics/real/969/000004.jpg,hybrid,ffpp_source_safe,test,0,real,0.4339282810688019,0.8212602734565735,0
faceforensics/real/969/000005.jpg,hybrid,ffpp_source_safe,test,0,real,0.5701796412467957,0.8212602734565735,0
faceforensics/real/969/000006.jpg,hybrid,ffpp_source_safe,test,0,real,0.04335878789424896,0.8212602734565735,0
faceforensics/real/969/000007.jpg,hybrid,ffpp_source_safe,test,0,real,0.9814167022705078,0.8212602734565735,1
faceforensics/real/969/000008.jpg,hybrid,ffpp_source_safe,test,0,real,0.41711366176605225,0.8212602734565735,0
faceforensics/real/969/000009.jpg,hybrid,ffpp_source_safe,test,0,real,0.9537345170974731,0.8212602734565735,1
faceforensics/real/969/000010.jpg,hybrid,ffpp_source_safe,test,0,real,0.9450817704200745,0.8212602734565735,1
faceforensics/real/969/000011.jpg,hybrid,ffpp_source_safe,test,0,real,0.9536528587341309,0.8212602734565735,1
faceforensics/real/969/000012.jpg,hybrid,ffpp_source_safe,test,0,real,0.48284047842025757,0.8212602734565735,0
faceforensics/real/969/000013.jpg,hybrid,ffpp_source_safe,test,0,real,0.8807690143585205,0.8212602734565735,1
faceforensics/real/969/000014.jpg,hybrid,ffpp_source_safe,test,0,real,0.8223509788513184,0.8212602734565735,1
faceforensics/real/969/000015.jpg,hybrid,ffpp_source_safe,test,0,real,0.8481316566467285,0.8212602734565735,1
faceforensics/real/969/000016.jpg,hybrid,ffpp_source_safe,test,0,real,0.6590977311134338,0.8212602734565735,0
faceforensics/real/969/000017.jpg,hybrid,ffpp_source_safe,test,0,real,0.9876667261123657,0.8212602734565735,1
faceforensics/real/969/000018.jpg,hybrid,ffpp_source_safe,test,0,real,0.9352165460586548,0.8212602734565735,1
faceforensics/real/969/000019.jpg,hybrid,ffpp_source_safe,test,0,real,0.9257367253303528,0.8212602734565735,1
faceforensics/real/969/000020.jpg,hybrid,ffpp_source_safe,test,0,real,0.8138949275016785,0.8212602734565735,0
faceforensics/real/969/000021.jpg,hybrid,ffpp_source_safe,test,0,real,0.9063615202903748,0.8212602734565735,1
faceforensics/real/969/000022.jpg,hybrid,ffpp_source_safe,test,0,real,0.018525294959545135,0.8212602734565735,0
faceforensics/real/969/000023.jpg,hybrid,ffpp_source_safe,test,0,real,0.8696796298027039,0.8212602734565735,1
faceforensics/real/969/000024.jpg,hybrid,ffpp_source_safe,test,0,real,0.9227573275566101,0.8212602734565735,1
faceforensics/real/969/000025.jpg,hybrid,ffpp_source_safe,test,0,real,0.5859495401382446,0.8212602734565735,0
faceforensics/real/969/000026.jpg,hybrid,ffpp_source_safe,test,0,real,0.9838855266571045,0.8212602734565735,1
faceforensics/real/969/000027.jpg,hybrid,ffpp_source_safe,test,0,real,0.38069361448287964,0.8212602734565735,0
faceforensics/real/969/000028.jpg,hybrid,ffpp_source_safe,test,0,real,0.743337869644165,0.8212602734565735,0
faceforensics/real/969/000029.jpg,hybrid,ffpp_source_safe,test,0,real,0.7192094326019287,0.8212602734565735,0
faceforensics/Deepfakes/246_258/000000.jpg,hybrid,ffpp_source_safe,test,1,Deepfakes,0.9995286464691162,0.8212602734565735,1
faceforensics/Deepfakes/246_258/000001.jpg,hybrid,ffpp_source_safe,test,1,Deepfakes,0.9999829530715942,0.8212602734565735,1
faceforensics/Deepfakes/246_258/000002.jpg,hybrid,ffpp_source_safe,test,1,Deepfakes,0.9997707009315491,0.8212602734565735,1
faceforensics/Deepfakes/246_258/000003.jpg,hybrid,ffpp_source_safe,test,1,Deepfakes,0.9999653100967407,0.8212602734565735,1
faceforensics/Deepfakes/246_258/000004.jpg,hybrid,ffpp_source_safe,test,1,Deepfakes,0.9943978786468506,0.8212602734565735,1
faceforensics/Deepfakes/246_258/000005.jpg,hybrid,ffpp_source_safe,test,1,Deepfakes,0.9995842576026917,0.8212602734565735,1
faceforensics/Deepfakes/246_258/000006.jpg,hybrid,ffpp_source_safe,test,1,Deepfakes,0.99982750415802,0.8212602734565735,1
faceforensics/Deepfakes/246_258/000007.jpg,hybrid,ffpp_source_safe,test,1,Deepfakes,0.9979535341262817,0.8212602734565735,1
faceforensics/Deepfakes/246_258/000008.jpg,hybrid,ffpp_source_safe,test,1,Deepfakes,0.9995781779289246,0.8212602734565735,1
faceforensics/Deepfakes/246_258/000009.jpg,hybrid,ffpp_source_safe,test,1,Deepfakes,0.9997751116752625,0.8212602734565735,1
faceforensics/Deepfakes/246_258/000010.jpg,hybrid,ffpp_source_safe,test,1,Deepfakes,0.9999402761459351,0.8212602734565735,1
faceforensics/Deepfakes/246_258/000011.jpg,hybrid,ffpp_source_safe,test,1,Deepfakes,0.9997156262397766,0.8212602734565735,1
faceforensics/Deepfakes/246_258/000012.jpg,hybrid,ffpp_source_safe,test,1,Deepfakes,0.9997988343238831,0.8212602734565735,1
faceforensics/Deepfakes/246_258/000013.jpg,hybrid,ffpp_source_safe,test,1,Deepfakes,0.9993283748626709,0.8212602734565735,1
faceforensics/Deepfakes/246_258/000014.jpg,hybrid,ffpp_source_safe,test,1,Deepfakes,0.9725887179374695,0.8212602734565735,1
faceforensics/Deepfakes/246_258/000015.jpg,hybrid,ffpp_source_safe,test,1,Deepfakes,0.9954421520233154,0.8212602734565735,1
faceforensics/Deepfakes/246_258/000016.jpg,hybrid,ffpp_source_safe,test,1,Deepfakes,0.9999370574951172,0.8212602734565735,1
faceforensics/Deepfakes/246_258/000017.jpg,hybrid,ffpp_source_safe,test,1,Deepfakes,0.9987784028053284,0.8212602734565735,1
faceforensics/Deepfakes/246_258/000018.jpg,hybrid,ffpp_source_safe,test,1,Deepfakes,0.9991388320922852,0.8212602734565735,1
faceforensics/Deepfakes/246_258/000019.jpg,hybrid,ffpp_source_safe,test,1,Deepfakes,0.9998296499252319,0.8212602734565735,1
faceforensics/Deepfakes/246_258/000020.jpg,hybrid,ffpp_source_safe,test,1,Deepfakes,0.9994995594024658,0.8212602734565735,1
faceforensics/Deepfakes/246_258/000021.jpg,hybrid,ffpp_source_safe,test,1,Deepfakes,0.9999533891677856,0.8212602734565735,1
faceforensics/Deepfakes/246_258/000022.jpg,hybrid,ffpp_source_safe,test,1,Deepfakes,0.9999111890792847,0.8212602734565735,1
faceforensics/Deepfakes/246_258/000023.jpg,hybrid,ffpp_source_safe,test,1,Deepfakes,0.9998596906661987,0.8212602734565735,1
faceforensics/Deepfakes/246_258/000024.jpg,hybrid,ffpp_source_safe,test,1,Deepfakes,0.9998630285263062,0.8212602734565735,1
faceforensics/Deepfakes/246_258/000025.jpg,hybrid,ffpp_source_safe,test,1,Deepfakes,0.9996683597564697,0.8212602734565735,1
faceforensics/Deepfakes/246_258/000026.jpg,hybrid,ffpp_source_safe,test,1,Deepfakes,0.999790608882904,0.8212602734565735,1
faceforensics/Deepfakes/246_258/000027.jpg,hybrid,ffpp_source_safe,test,1,Deepfakes,0.9999101161956787,0.8212602734565735,1
faceforensics/Deepfakes/246_258/000028.jpg,hybrid,ffpp_source_safe,test,1,Deepfakes,0.9896117448806763,0.8212602734565735,1
faceforensics/Deepfakes/246_258/000029.jpg,hybrid,ffpp_source_safe,test,1,Deepfakes,0.9993550181388855,0.8212602734565735,1
faceforensics/Deepfakes/258_246/000000.jpg,hybrid,ffpp_source_safe,test,1,Deepfakes,0.9999728202819824,0.8212602734565735,1
faceforensics/Deepfakes/258_246/000001.jpg,hybrid,ffpp_source_safe,test,1,Deepfakes,0.9999412298202515,0.8212602734565735,1
faceforensics/Deepfakes/258_246/000002.jpg,hybrid,ffpp_source_safe,test,1,Deepfakes,0.9998065829277039,0.8212602734565735,1
faceforensics/Deepfakes/258_246/000003.jpg,hybrid,ffpp_source_safe,test,1,Deepfakes,0.9999656677246094,0.8212602734565735,1
faceforensics/Deepfakes/258_246/000004.jpg,hybrid,ffpp_source_safe,test,1,Deepfakes,0.9998149275779724,0.8212602734565735,1
faceforensics/Deepfakes/258_246/000005.jpg,hybrid,ffpp_source_safe,test,1,Deepfakes,0.5518772602081299,0.8212602734565735,0
faceforensics/Deepfakes/258_246/000006.jpg,hybrid,ffpp_source_safe,test,1,Deepfakes,0.9999219179153442,0.8212602734565735,1
faceforensics/Deepfakes/258_246/000007.jpg,hybrid,ffpp_source_safe,test,1,Deepfakes,0.9998687505722046,0.8212602734565735,1
faceforensics/Deepfakes/258_246/000008.jpg,hybrid,ffpp_source_safe,test,1,Deepfakes,0.9996440410614014,0.8212602734565735,1
faceforensics/Deepfakes/258_246/000009.jpg,hybrid,ffpp_source_safe,test,1,Deepfakes,0.5461896061897278,0.8212602734565735,0
faceforensics/Deepfakes/258_246/000010.jpg,hybrid,ffpp_source_safe,test,1,Deepfakes,0.9999431371688843,0.8212602734565735,1
faceforensics/Deepfakes/258_246/000011.jpg,hybrid,ffpp_source_safe,test,1,Deepfakes,0.17397978901863098,0.8212602734565735,0
faceforensics/Deepfakes/258_246/000012.jpg,hybrid,ffpp_source_safe,test,1,Deepfakes,0.9994747042655945,0.8212602734565735,1
faceforensics/Deepfakes/258_246/000013.jpg,hybrid,ffpp_source_safe,test,1,Deepfakes,0.9999692440032959,0.8212602734565735,1
faceforensics/Deepfakes/258_246/000014.jpg,hybrid,ffpp_source_safe,test,1,Deepfakes,0.9968665242195129,0.8212602734565735,1
faceforensics/Deepfakes/258_246/000015.jpg,hybrid,ffpp_source_safe,test,1,Deepfakes,0.9997273087501526,0.8212602734565735,1
faceforensics/Deepfakes/258_246/000016.jpg,hybrid,ffpp_source_safe,test,1,Deepfakes,0.9998200535774231,0.8212602734565735,1
faceforensics/Deepfakes/258_246/000017.jpg,hybrid,ffpp_source_safe,test,1,Deepfakes,0.9999613761901855,0.8212602734565735,1
faceforensics/Deepfakes/258_246/000018.jpg,hybrid,ffpp_source_safe,test,1,Deepfakes,0.9994465708732605,0.8212602734565735,1
faceforensics/Deepfakes/258_246/000019.jpg,hybrid,ffpp_source_safe,test,1,Deepfakes,0.9990955591201782,0.8212602734565735,1
faceforensics/Deepfakes/258_246/000020.jpg,hybrid,ffpp_source_safe,test,1,Deepfakes,0.9999009370803833,0.8212602734565735,1
faceforensics/Deepfakes/258_246/000021.jpg,hybrid,ffpp_source_safe,test,1,Deepfakes,0.999795138835907,0.8212602734565735,1
faceforensics/Deepfakes/258_246/000022.jpg,hybrid,ffpp_source_safe,test,1,Deepfakes,0.9999867677688599,0.8212602734565735,1
faceforensics/Deepfakes/258_246/000023.jpg,hybrid,ffpp_source_safe,test,1,Deepfakes,0.9993065595626831,0.8212602734565735,1
faceforensics/Deepfakes/258_246/000024.jpg,hybrid,ffpp_source_safe,test,1,Deepfakes,0.9999383687973022,0.8212602734565735,1
faceforensics/Deepfakes/258_246/000025.jpg,hybrid,ffpp_source_safe,test,1,Deepfakes,0.9967637062072754,0.8212602734565735,1
faceforensics/Deepfakes/258_246/000026.jpg,hybrid,ffpp_source_safe,test,1,Deepfakes,0.9987396597862244,0.8212602734565735,1
faceforensics/Deepfakes/258_246/000027.jpg,hybrid,ffpp_source_safe,test,1,Deepfakes,0.999739944934845,0.8212602734565735,1
faceforensics/Deepfakes/258_246/000028.jpg,hybrid,ffpp_source_safe,test,1,Deepfakes,0.9988428354263306,0.8212602734565735,1
faceforensics/Deepfakes/258_246/000029.jpg,hybrid,ffpp_source_safe,test,1,Deepfakes,0.990050733089447,0.8212602734565735,1
faceforensics/Deepfakes/468_470/000000.jpg,hybrid,ffpp_source_safe,test,1,Deepfakes,0.9262166619300842,0.8212602734565735,1
faceforensics/Deepfakes/468_470/000001.jpg,hybrid,ffpp_source_safe,test,1,Deepfakes,0.6488450169563293,0.8212602734565735,0
faceforensics/Deepfakes/468_470/000002.jpg,hybrid,ffpp_source_safe,test,1,Deepfakes,0.8874632716178894,0.8212602734565735,1
faceforensics/Deepfakes/468_470/000003.jpg,hybrid,ffpp_source_safe,test,1,Deepfakes,0.9515445232391357,0.8212602734565735,1
faceforensics/Deepfakes/468_470/000004.jpg,hybrid,ffpp_source_safe,test,1,Deepfakes,0.8716759085655212,0.8212602734565735,1
faceforensics/Deepfakes/468_470/000005.jpg,hybrid,ffpp_source_safe,test,1,Deepfakes,0.30748480558395386,0.8212602734565735,0
faceforensics/Deepfakes/468_470/000006.jpg,hybrid,ffpp_source_safe,test,1,Deepfakes,0.7706232070922852,0.8212602734565735,0
faceforensics/Deepfakes/468_470/000007.jpg,hybrid,ffpp_source_safe,test,1,Deepfakes,0.8103153109550476,0.8212602734565735,0
faceforensics/Deepfakes/468_470/000008.jpg,hybrid,ffpp_source_safe,test,1,Deepfakes,0.9963670969009399,0.8212602734565735,1
faceforensics/Deepfakes/468_470/000009.jpg,hybrid,ffpp_source_safe,test,1,Deepfakes,0.8786762356758118,0.8212602734565735,1
faceforensics/Deepfakes/468_470/000010.jpg,hybrid,ffpp_source_safe,test,1,Deepfakes,0.7798992991447449,0.8212602734565735,0
faceforensics/Deepfakes/468_470/000011.jpg,hybrid,ffpp_source_safe,test,1,Deepfakes,0.9976906776428223,0.8212602734565735,1
faceforensics/Deepfakes/468_470/000012.jpg,hybrid,ffpp_source_safe,test,1,Deepfakes,0.9934070110321045,0.8212602734565735,1
faceforensics/Deepfakes/468_470/000013.jpg,hybrid,ffpp_source_safe,test,1,Deepfakes,0.8346784114837646,0.8212602734565735,1
faceforensics/Deepfakes/468_470/000014.jpg,hybrid,ffpp_source_safe,test,1,Deepfakes,0.9985016584396362,0.8212602734565735,1
faceforensics/Deepfakes/468_470/000015.jpg,hybrid,ffpp_source_safe,test,1,Deepfakes,0.6769158840179443,0.8212602734565735,0
faceforensics/Deepfakes/468_470/000016.jpg,hybrid,ffpp_source_safe,test,1,Deepfakes,0.4981691241264343,0.8212602734565735,0
faceforensics/Deepfakes/468_470/000017.jpg,hybrid,ffpp_source_safe,test,1,Deepfakes,0.804793119430542,0.8212602734565735,0
faceforensics/Deepfakes/468_470/000018.jpg,hybrid,ffpp_source_safe,test,1,Deepfakes,0.6468703150749207,0.8212602734565735,0
faceforensics/Deepfakes/468_470/000019.jpg,hybrid,ffpp_source_safe,test,1,Deepfakes,0.9045428037643433,0.8212602734565735,1
faceforensics/Deepfakes/468_470/000020.jpg,hybrid,ffpp_source_safe,test,1,Deepfakes,0.3372293710708618,0.8212602734565735,0
faceforensics/Deepfakes/468_470/000021.jpg,hybrid,ffpp_source_safe,test,1,Deepfakes,0.990272581577301,0.8212602734565735,1
faceforensics/Deepfakes/468_470/000022.jpg,hybrid,ffpp_source_safe,test,1,Deepfakes,0.9641561508178711,0.8212602734565735,1
faceforensics/Deepfakes/468_470/000023.jpg,hybrid,ffpp_source_safe,test,1,Deepfakes,0.9860097169876099,0.8212602734565735,1
faceforensics/Deepfakes/468_470/000024.jpg,hybrid,ffpp_source_safe,test,1,Deepfakes,0.978871762752533,0.8212602734565735,1
faceforensics/Deepfakes/468_470/000025.jpg,hybrid,ffpp_source_safe,test,1,Deepfakes,0.9949992895126343,0.8212602734565735,1
faceforensics/Deepfakes/468_470/000026.jpg,hybrid,ffpp_source_safe,test,1,Deepfakes,0.9669519662857056,0.8212602734565735,1
faceforensics/Deepfakes/468_470/000027.jpg,hybrid,ffpp_source_safe,test,1,Deepfakes,0.9728497266769409,0.8212602734565735,1
faceforensics/Deepfakes/468_470/000028.jpg,hybrid,ffpp_source_safe,test,1,Deepfakes,0.9778456091880798,0.8212602734565735,1
faceforensics/Deepfakes/468_470/000029.jpg,hybrid,ffpp_source_safe,test,1,Deepfakes,0.9986739158630371,0.8212602734565735,1
faceforensics/Deepfakes/470_468/000000.jpg,hybrid,ffpp_source_safe,test,1,Deepfakes,0.005430887918919325,0.8212602734565735,0
faceforensics/Deepfakes/470_468/000001.jpg,hybrid,ffpp_source_safe,test,1,Deepfakes,0.07112766802310944,0.8212602734565735,0
faceforensics/Deepfakes/470_468/000002.jpg,hybrid,ffpp_source_safe,test,1,Deepfakes,0.1138119101524353,0.8212602734565735,0
faceforensics/Deepfakes/470_468/000003.jpg,hybrid,ffpp_source_safe,test,1,Deepfakes,0.7307026386260986,0.8212602734565735,0
faceforensics/Deepfakes/470_468/000004.jpg,hybrid,ffpp_source_safe,test,1,Deepfakes,0.0992947444319725,0.8212602734565735,0
faceforensics/Deepfakes/470_468/000005.jpg,hybrid,ffpp_source_safe,test,1,Deepfakes,0.3224407434463501,0.8212602734565735,0
faceforensics/Deepfakes/470_468/000006.jpg,hybrid,ffpp_source_safe,test,1,Deepfakes,0.03242908790707588,0.8212602734565735,0
faceforensics/Deepfakes/470_468/000007.jpg,hybrid,ffpp_source_safe,test,1,Deepfakes,0.3064935505390167,0.8212602734565735,0
faceforensics/Deepfakes/470_468/000008.jpg,hybrid,ffpp_source_safe,test,1,Deepfakes,0.04544121026992798,0.8212602734565735,0
faceforensics/Deepfakes/470_468/000009.jpg,hybrid,ffpp_source_safe,test,1,Deepfakes,0.7807641625404358,0.8212602734565735,0
faceforensics/Deepfakes/470_468/000010.jpg,hybrid,ffpp_source_safe,test,1,Deepfakes,0.0025611594319343567,0.8212602734565735,0
faceforensics/Deepfakes/470_468/000011.jpg,hybrid,ffpp_source_safe,test,1,Deepfakes,0.9610145092010498,0.8212602734565735,1
faceforensics/Deepfakes/470_468/000012.jpg,hybrid,ffpp_source_safe,test,1,Deepfakes,0.4269647002220154,0.8212602734565735,0
faceforensics/Deepfakes/470_468/000013.jpg,hybrid,ffpp_source_safe,test,1,Deepfakes,0.004373812582343817,0.8212602734565735,0
faceforensics/Deepfakes/470_468/000014.jpg,hybrid,ffpp_source_safe,test,1,Deepfakes,0.9850502610206604,0.8212602734565735,1
faceforensics/Deepfakes/470_468/000015.jpg,hybrid,ffpp_source_safe,test,1,Deepfakes,0.7665932774543762,0.8212602734565735,0
faceforensics/Deepfakes/470_468/000016.jpg,hybrid,ffpp_source_safe,test,1,Deepfakes,0.12614013254642487,0.8212602734565735,0
faceforensics/Deepfakes/470_468/000017.jpg,hybrid,ffpp_source_safe,test,1,Deepfakes,0.8614802360534668,0.8212602734565735,1
faceforensics/Deepfakes/470_468/000018.jpg,hybrid,ffpp_source_safe,test,1,Deepfakes,0.9640622138977051,0.8212602734565735,1
faceforensics/Deepfakes/470_468/000019.jpg,hybrid,ffpp_source_safe,test,1,Deepfakes,0.6769089698791504,0.8212602734565735,0
faceforensics/Deepfakes/470_468/000020.jpg,hybrid,ffpp_source_safe,test,1,Deepfakes,0.9079306125640869,0.8212602734565735,1
faceforensics/Deepfakes/470_468/000021.jpg,hybrid,ffpp_source_safe,test,1,Deepfakes,0.9665968418121338,0.8212602734565735,1
faceforensics/Deepfakes/470_468/000022.jpg,hybrid,ffpp_source_safe,test,1,Deepfakes,0.04604080319404602,0.8212602734565735,0
faceforensics/Deepfakes/470_468/000023.jpg,hybrid,ffpp_source_safe,test,1,Deepfakes,0.10592491179704666,0.8212602734565735,0
faceforensics/Deepfakes/470_468/000024.jpg,hybrid,ffpp_source_safe,test,1,Deepfakes,0.09357744455337524,0.8212602734565735,0
faceforensics/Deepfakes/470_468/000025.jpg,hybrid,ffpp_source_safe,test,1,Deepfakes,0.07033935934305191,0.8212602734565735,0
faceforensics/Deepfakes/470_468/000026.jpg,hybrid,ffpp_source_safe,test,1,Deepfakes,0.09129945188760757,0.8212602734565735,0
faceforensics/Deepfakes/470_468/000027.jpg,hybrid,ffpp_source_safe,test,1,Deepfakes,0.03146883100271225,0.8212602734565735,0
faceforensics/Deepfakes/470_468/000028.jpg,hybrid,ffpp_source_safe,test,1,Deepfakes,0.9139142632484436,0.8212602734565735,1
faceforensics/Deepfakes/470_468/000029.jpg,hybrid,ffpp_source_safe,test,1,Deepfakes,0.004702394362539053,0.8212602734565735,0
faceforensics/Deepfakes/651_835/000000.jpg,hybrid,ffpp_source_safe,test,1,Deepfakes,0.9788815975189209,0.8212602734565735,1
faceforensics/Deepfakes/651_835/000001.jpg,hybrid,ffpp_source_safe,test,1,Deepfakes,0.6937287449836731,0.8212602734565735,0
faceforensics/Deepfakes/651_835/000002.jpg,hybrid,ffpp_source_safe,test,1,Deepfakes,0.47793495655059814,0.8212602734565735,0
faceforensics/Deepfakes/651_835/000003.jpg,hybrid,ffpp_source_safe,test,1,Deepfakes,0.7387146949768066,0.8212602734565735,0
faceforensics/Deepfakes/651_835/000004.jpg,hybrid,ffpp_source_safe,test,1,Deepfakes,0.9851943850517273,0.8212602734565735,1
faceforensics/Deepfakes/651_835/000005.jpg,hybrid,ffpp_source_safe,test,1,Deepfakes,0.9549415707588196,0.8212602734565735,1
faceforensics/Deepfakes/651_835/000006.jpg,hybrid,ffpp_source_safe,test,1,Deepfakes,0.24885915219783783,0.8212602734565735,0
faceforensics/Deepfakes/651_835/000007.jpg,hybrid,ffpp_source_safe,test,1,Deepfakes,0.46401599049568176,0.8212602734565735,0
faceforensics/Deepfakes/651_835/000008.jpg,hybrid,ffpp_source_safe,test,1,Deepfakes,0.9125389456748962,0.8212602734565735,1
faceforensics/Deepfakes/651_835/000009.jpg,hybrid,ffpp_source_safe,test,1,Deepfakes,0.9795166254043579,0.8212602734565735,1
faceforensics/Deepfakes/651_835/000010.jpg,hybrid,ffpp_source_safe,test,1,Deepfakes,0.06582015752792358,0.8212602734565735,0
faceforensics/Deepfakes/651_835/000011.jpg,hybrid,ffpp_source_safe,test,1,Deepfakes,0.12198585271835327,0.8212602734565735,0
faceforensics/Deepfakes/651_835/000012.jpg,hybrid,ffpp_source_safe,test,1,Deepfakes,0.23992832005023956,0.8212602734565735,0
faceforensics/Deepfakes/651_835/000013.jpg,hybrid,ffpp_source_safe,test,1,Deepfakes,0.8717820644378662,0.8212602734565735,1
faceforensics/Deepfakes/651_835/000014.jpg,hybrid,ffpp_source_safe,test,1,Deepfakes,0.8041781187057495,0.8212602734565735,0
faceforensics/Deepfakes/651_835/000015.jpg,hybrid,ffpp_source_safe,test,1,Deepfakes,0.027464844286441803,0.8212602734565735,0
faceforensics/Deepfakes/651_835/000016.jpg,hybrid,ffpp_source_safe,test,1,Deepfakes,0.19085241854190826,0.8212602734565735,0
faceforensics/Deepfakes/651_835/000017.jpg,hybrid,ffpp_source_safe,test,1,Deepfakes,0.9781286120414734,0.8212602734565735,1
faceforensics/Deepfakes/651_835/000018.jpg,hybrid,ffpp_source_safe,test,1,Deepfakes,0.7992259860038757,0.8212602734565735,0
faceforensics/Deepfakes/651_835/000019.jpg,hybrid,ffpp_source_safe,test,1,Deepfakes,0.951849102973938,0.8212602734565735,1
faceforensics/Deepfakes/651_835/000020.jpg,hybrid,ffpp_source_safe,test,1,Deepfakes,0.21875439584255219,0.8212602734565735,0
faceforensics/Deepfakes/651_835/000021.jpg,hybrid,ffpp_source_safe,test,1,Deepfakes,0.8283295631408691,0.8212602734565735,1
faceforensics/Deepfakes/651_835/000022.jpg,hybrid,ffpp_source_safe,test,1,Deepfakes,0.10388673841953278,0.8212602734565735,0
faceforensics/Deepfakes/651_835/000023.jpg,hybrid,ffpp_source_safe,test,1,Deepfakes,0.008999881334602833,0.8212602734565735,0
faceforensics/Deepfakes/651_835/000024.jpg,hybrid,ffpp_source_safe,test,1,Deepfakes,0.11432887613773346,0.8212602734565735,0
faceforensics/Deepfakes/651_835/000025.jpg,hybrid,ffpp_source_safe,test,1,Deepfakes,0.04355883225798607,0.8212602734565735,0
faceforensics/Deepfakes/651_835/000026.jpg,hybrid,ffpp_source_safe,test,1,Deepfakes,0.9976682066917419,0.8212602734565735,1
faceforensics/Deepfakes/651_835/000027.jpg,hybrid,ffpp_source_safe,test,1,Deepfakes,0.9035711288452148,0.8212602734565735,1
faceforensics/Deepfakes/651_835/000028.jpg,hybrid,ffpp_source_safe,test,1,Deepfakes,0.9458175301551819,0.8212602734565735,1
faceforensics/Deepfakes/651_835/000029.jpg,hybrid,ffpp_source_safe,test,1,Deepfakes,0.9981569647789001,0.8212602734565735,1
faceforensics/Deepfakes/719_737/000000.jpg,hybrid,ffpp_source_safe,test,1,Deepfakes,0.037831246852874756,0.8212602734565735,0
faceforensics/Deepfakes/719_737/000001.jpg,hybrid,ffpp_source_safe,test,1,Deepfakes,0.958378791809082,0.8212602734565735,1
faceforensics/Deepfakes/719_737/000002.jpg,hybrid,ffpp_source_safe,test,1,Deepfakes,0.03585251420736313,0.8212602734565735,0
faceforensics/Deepfakes/719_737/000003.jpg,hybrid,ffpp_source_safe,test,1,Deepfakes,0.8033360838890076,0.8212602734565735,0
faceforensics/Deepfakes/719_737/000004.jpg,hybrid,ffpp_source_safe,test,1,Deepfakes,0.18264353275299072,0.8212602734565735,0
faceforensics/Deepfakes/719_737/000005.jpg,hybrid,ffpp_source_safe,test,1,Deepfakes,0.5726063847541809,0.8212602734565735,0
faceforensics/Deepfakes/719_737/000006.jpg,hybrid,ffpp_source_safe,test,1,Deepfakes,0.4322773218154907,0.8212602734565735,0
faceforensics/Deepfakes/719_737/000007.jpg,hybrid,ffpp_source_safe,test,1,Deepfakes,0.9509746432304382,0.8212602734565735,1
faceforensics/Deepfakes/719_737/000008.jpg,hybrid,ffpp_source_safe,test,1,Deepfakes,0.007790990173816681,0.8212602734565735,0
faceforensics/Deepfakes/719_737/000009.jpg,hybrid,ffpp_source_safe,test,1,Deepfakes,0.042473528534173965,0.8212602734565735,0
faceforensics/Deepfakes/719_737/000010.jpg,hybrid,ffpp_source_safe,test,1,Deepfakes,0.02827136591076851,0.8212602734565735,0
faceforensics/Deepfakes/719_737/000011.jpg,hybrid,ffpp_source_safe,test,1,Deepfakes,0.17844556272029877,0.8212602734565735,0
faceforensics/Deepfakes/719_737/000012.jpg,hybrid,ffpp_source_safe,test,1,Deepfakes,0.09942217171192169,0.8212602734565735,0
faceforensics/Deepfakes/719_737/000013.jpg,hybrid,ffpp_source_safe,test,1,Deepfakes,0.19288508594036102,0.8212602734565735,0
faceforensics/Deepfakes/719_737/000014.jpg,hybrid,ffpp_source_safe,test,1,Deepfakes,0.3939313292503357,0.8212602734565735,0
faceforensics/Deepfakes/719_737/000015.jpg,hybrid,ffpp_source_safe,test,1,Deepfakes,0.1713285744190216,0.8212602734565735,0
faceforensics/Deepfakes/719_737/000016.jpg,hybrid,ffpp_source_safe,test,1,Deepfakes,0.9284591674804688,0.8212602734565735,1
faceforensics/Deepfakes/719_737/000017.jpg,hybrid,ffpp_source_safe,test,1,Deepfakes,0.7944031953811646,0.8212602734565735,0
faceforensics/Deepfakes/719_737/000018.jpg,hybrid,ffpp_source_safe,test,1,Deepfakes,0.014105202630162239,0.8212602734565735,0
faceforensics/Deepfakes/719_737/000019.jpg,hybrid,ffpp_source_safe,test,1,Deepfakes,0.8905088901519775,0.8212602734565735,1
faceforensics/Deepfakes/719_737/000020.jpg,hybrid,ffpp_source_safe,test,1,Deepfakes,0.15478453040122986,0.8212602734565735,0
faceforensics/Deepfakes/719_737/000021.jpg,hybrid,ffpp_source_safe,test,1,Deepfakes,0.6067849397659302,0.8212602734565735,0
faceforensics/Deepfakes/719_737/000022.jpg,hybrid,ffpp_source_safe,test,1,Deepfakes,0.06746676564216614,0.8212602734565735,0
faceforensics/Deepfakes/719_737/000023.jpg,hybrid,ffpp_source_safe,test,1,Deepfakes,0.6727922558784485,0.8212602734565735,0
faceforensics/Deepfakes/719_737/000024.jpg,hybrid,ffpp_source_safe,test,1,Deepfakes,0.048707250505685806,0.8212602734565735,0
faceforensics/Deepfakes/719_737/000025.jpg,hybrid,ffpp_source_safe,test,1,Deepfakes,0.3894469141960144,0.8212602734565735,0
faceforensics/Deepfakes/719_737/000026.jpg,hybrid,ffpp_source_safe,test,1,Deepfakes,0.929534375667572,0.8212602734565735,1
faceforensics/Deepfakes/719_737/000027.jpg,hybrid,ffpp_source_safe,test,1,Deepfakes,0.02732190676033497,0.8212602734565735,0
faceforensics/Deepfakes/719_737/000028.jpg,hybrid,ffpp_source_safe,test,1,Deepfakes,0.08874412626028061,0.8212602734565735,0
faceforensics/Deepfakes/719_737/000029.jpg,hybrid,ffpp_source_safe,test,1,Deepfakes,0.03657154738903046,0.8212602734565735,0
faceforensics/Deepfakes/737_719/000000.jpg,hybrid,ffpp_source_safe,test,1,Deepfakes,0.45959052443504333,0.8212602734565735,0
faceforensics/Deepfakes/737_719/000001.jpg,hybrid,ffpp_source_safe,test,1,Deepfakes,0.11836143583059311,0.8212602734565735,0
faceforensics/Deepfakes/737_719/000002.jpg,hybrid,ffpp_source_safe,test,1,Deepfakes,0.27493274211883545,0.8212602734565735,0
faceforensics/Deepfakes/737_719/000003.jpg,hybrid,ffpp_source_safe,test,1,Deepfakes,0.8408821225166321,0.8212602734565735,1
faceforensics/Deepfakes/737_719/000004.jpg,hybrid,ffpp_source_safe,test,1,Deepfakes,0.9851570129394531,0.8212602734565735,1
faceforensics/Deepfakes/737_719/000005.jpg,hybrid,ffpp_source_safe,test,1,Deepfakes,0.647872805595398,0.8212602734565735,0
faceforensics/Deepfakes/737_719/000006.jpg,hybrid,ffpp_source_safe,test,1,Deepfakes,0.9958763122558594,0.8212602734565735,1
faceforensics/Deepfakes/737_719/000007.jpg,hybrid,ffpp_source_safe,test,1,Deepfakes,0.10255307704210281,0.8212602734565735,0
faceforensics/Deepfakes/737_719/000008.jpg,hybrid,ffpp_source_safe,test,1,Deepfakes,0.9883900880813599,0.8212602734565735,1
faceforensics/Deepfakes/737_719/000009.jpg,hybrid,ffpp_source_safe,test,1,Deepfakes,0.660877525806427,0.8212602734565735,0
faceforensics/Deepfakes/737_719/000010.jpg,hybrid,ffpp_source_safe,test,1,Deepfakes,0.08711744099855423,0.8212602734565735,0
faceforensics/Deepfakes/737_719/000011.jpg,hybrid,ffpp_source_safe,test,1,Deepfakes,0.034381203353405,0.8212602734565735,0
faceforensics/Deepfakes/737_719/000012.jpg,hybrid,ffpp_source_safe,test,1,Deepfakes,0.25131189823150635,0.8212602734565735,0
faceforensics/Deepfakes/737_719/000013.jpg,hybrid,ffpp_source_safe,test,1,Deepfakes,0.6266863346099854,0.8212602734565735,0
faceforensics/Deepfakes/737_719/000014.jpg,hybrid,ffpp_source_safe,test,1,Deepfakes,0.9165180921554565,0.8212602734565735,1
faceforensics/Deepfakes/737_719/000015.jpg,hybrid,ffpp_source_safe,test,1,Deepfakes,0.40125107765197754,0.8212602734565735,0
faceforensics/Deepfakes/737_719/000016.jpg,hybrid,ffpp_source_safe,test,1,Deepfakes,0.003752737073227763,0.8212602734565735,0
faceforensics/Deepfakes/737_719/000017.jpg,hybrid,ffpp_source_safe,test,1,Deepfakes,0.17955783009529114,0.8212602734565735,0
faceforensics/Deepfakes/737_719/000018.jpg,hybrid,ffpp_source_safe,test,1,Deepfakes,0.018541870638728142,0.8212602734565735,0
faceforensics/Deepfakes/737_719/000019.jpg,hybrid,ffpp_source_safe,test,1,Deepfakes,0.0010668985778465867,0.8212602734565735,0
faceforensics/Deepfakes/737_719/000020.jpg,hybrid,ffpp_source_safe,test,1,Deepfakes,0.4273264408111572,0.8212602734565735,0
faceforensics/Deepfakes/737_719/000021.jpg,hybrid,ffpp_source_safe,test,1,Deepfakes,0.1743050366640091,0.8212602734565735,0
faceforensics/Deepfakes/737_719/000022.jpg,hybrid,ffpp_source_safe,test,1,Deepfakes,0.3287367820739746,0.8212602734565735,0
faceforensics/Deepfakes/737_719/000023.jpg,hybrid,ffpp_source_safe,test,1,Deepfakes,0.9961603879928589,0.8212602734565735,1
faceforensics/Deepfakes/737_719/000024.jpg,hybrid,ffpp_source_safe,test,1,Deepfakes,0.968062698841095,0.8212602734565735,1
faceforensics/Deepfakes/737_719/000025.jpg,hybrid,ffpp_source_safe,test,1,Deepfakes,0.024377482011914253,0.8212602734565735,0
faceforensics/Deepfakes/737_719/000026.jpg,hybrid,ffpp_source_safe,test,1,Deepfakes,0.012319924309849739,0.8212602734565735,0
faceforensics/Deepfakes/737_719/000027.jpg,hybrid,ffpp_source_safe,test,1,Deepfakes,0.028111932799220085,0.8212602734565735,0
faceforensics/Deepfakes/737_719/000028.jpg,hybrid,ffpp_source_safe,test,1,Deepfakes,0.11776674538850784,0.8212602734565735,0
faceforensics/Deepfakes/737_719/000029.jpg,hybrid,ffpp_source_safe,test,1,Deepfakes,0.8356510400772095,0.8212602734565735,1
faceforensics/Deepfakes/835_651/000000.jpg,hybrid,ffpp_source_safe,test,1,Deepfakes,0.9999793767929077,0.8212602734565735,1
faceforensics/Deepfakes/835_651/000001.jpg,hybrid,ffpp_source_safe,test,1,Deepfakes,0.9997137188911438,0.8212602734565735,1
faceforensics/Deepfakes/835_651/000002.jpg,hybrid,ffpp_source_safe,test,1,Deepfakes,0.9999797344207764,0.8212602734565735,1
faceforensics/Deepfakes/835_651/000003.jpg,hybrid,ffpp_source_safe,test,1,Deepfakes,0.9999709129333496,0.8212602734565735,1
faceforensics/Deepfakes/835_651/000004.jpg,hybrid,ffpp_source_safe,test,1,Deepfakes,0.9997785687446594,0.8212602734565735,1
faceforensics/Deepfakes/835_651/000005.jpg,hybrid,ffpp_source_safe,test,1,Deepfakes,0.9999850988388062,0.8212602734565735,1
faceforensics/Deepfakes/835_651/000006.jpg,hybrid,ffpp_source_safe,test,1,Deepfakes,0.9997715353965759,0.8212602734565735,1
faceforensics/Deepfakes/835_651/000007.jpg,hybrid,ffpp_source_safe,test,1,Deepfakes,0.9998830556869507,0.8212602734565735,1
faceforensics/Deepfakes/835_651/000008.jpg,hybrid,ffpp_source_safe,test,1,Deepfakes,0.9999693632125854,0.8212602734565735,1
faceforensics/Deepfakes/835_651/000009.jpg,hybrid,ffpp_source_safe,test,1,Deepfakes,0.9999496936798096,0.8212602734565735,1
faceforensics/Deepfakes/835_651/000010.jpg,hybrid,ffpp_source_safe,test,1,Deepfakes,0.9997596144676208,0.8212602734565735,1
faceforensics/Deepfakes/835_651/000011.jpg,hybrid,ffpp_source_safe,test,1,Deepfakes,0.9602192640304565,0.8212602734565735,1
faceforensics/Deepfakes/835_651/000012.jpg,hybrid,ffpp_source_safe,test,1,Deepfakes,0.9974724650382996,0.8212602734565735,1
faceforensics/Deepfakes/835_651/000013.jpg,hybrid,ffpp_source_safe,test,1,Deepfakes,0.9999158382415771,0.8212602734565735,1
faceforensics/Deepfakes/835_651/000014.jpg,hybrid,ffpp_source_safe,test,1,Deepfakes,0.9999744892120361,0.8212602734565735,1
faceforensics/Deepfakes/835_651/000015.jpg,hybrid,ffpp_source_safe,test,1,Deepfakes,0.9998811483383179,0.8212602734565735,1
faceforensics/Deepfakes/835_651/000016.jpg,hybrid,ffpp_source_safe,test,1,Deepfakes,0.9999945163726807,0.8212602734565735,1
faceforensics/Deepfakes/835_651/000017.jpg,hybrid,ffpp_source_safe,test,1,Deepfakes,0.9986181259155273,0.8212602734565735,1
faceforensics/Deepfakes/835_651/000018.jpg,hybrid,ffpp_source_safe,test,1,Deepfakes,0.9995298385620117,0.8212602734565735,1
faceforensics/Deepfakes/835_651/000019.jpg,hybrid,ffpp_source_safe,test,1,Deepfakes,0.9998114705085754,0.8212602734565735,1
faceforensics/Deepfakes/835_651/000020.jpg,hybrid,ffpp_source_safe,test,1,Deepfakes,0.9998214840888977,0.8212602734565735,1
faceforensics/Deepfakes/835_651/000021.jpg,hybrid,ffpp_source_safe,test,1,Deepfakes,0.9986907839775085,0.8212602734565735,1
faceforensics/Deepfakes/835_651/000022.jpg,hybrid,ffpp_source_safe,test,1,Deepfakes,0.9999127388000488,0.8212602734565735,1
faceforensics/Deepfakes/835_651/000023.jpg,hybrid,ffpp_source_safe,test,1,Deepfakes,0.9999587535858154,0.8212602734565735,1
faceforensics/Deepfakes/835_651/000024.jpg,hybrid,ffpp_source_safe,test,1,Deepfakes,0.9998026490211487,0.8212602734565735,1
faceforensics/Deepfakes/835_651/000025.jpg,hybrid,ffpp_source_safe,test,1,Deepfakes,0.9999819993972778,0.8212602734565735,1
faceforensics/Deepfakes/835_651/000026.jpg,hybrid,ffpp_source_safe,test,1,Deepfakes,0.9986951947212219,0.8212602734565735,1
faceforensics/Deepfakes/835_651/000027.jpg,hybrid,ffpp_source_safe,test,1,Deepfakes,0.9999933242797852,0.8212602734565735,1
faceforensics/Deepfakes/835_651/000028.jpg,hybrid,ffpp_source_safe,test,1,Deepfakes,0.99998939037323,0.8212602734565735,1
faceforensics/Deepfakes/835_651/000029.jpg,hybrid,ffpp_source_safe,test,1,Deepfakes,0.9999909400939941,0.8212602734565735,1
faceforensics/Face2Face/246_258/000000.jpg,hybrid,ffpp_source_safe,test,1,Face2Face,0.9858418107032776,0.8212602734565735,1
faceforensics/Face2Face/246_258/000001.jpg,hybrid,ffpp_source_safe,test,1,Face2Face,0.9997902512550354,0.8212602734565735,1
faceforensics/Face2Face/246_258/000002.jpg,hybrid,ffpp_source_safe,test,1,Face2Face,0.9818887114524841,0.8212602734565735,1
faceforensics/Face2Face/246_258/000003.jpg,hybrid,ffpp_source_safe,test,1,Face2Face,0.9959173798561096,0.8212602734565735,1
faceforensics/Face2Face/246_258/000004.jpg,hybrid,ffpp_source_safe,test,1,Face2Face,0.9950587749481201,0.8212602734565735,1
faceforensics/Face2Face/246_258/000005.jpg,hybrid,ffpp_source_safe,test,1,Face2Face,0.9997329115867615,0.8212602734565735,1
faceforensics/Face2Face/246_258/000006.jpg,hybrid,ffpp_source_safe,test,1,Face2Face,0.9987333416938782,0.8212602734565735,1
faceforensics/Face2Face/246_258/000007.jpg,hybrid,ffpp_source_safe,test,1,Face2Face,0.9996998310089111,0.8212602734565735,1
faceforensics/Face2Face/246_258/000008.jpg,hybrid,ffpp_source_safe,test,1,Face2Face,0.994475781917572,0.8212602734565735,1
faceforensics/Face2Face/246_258/000009.jpg,hybrid,ffpp_source_safe,test,1,Face2Face,0.9771293997764587,0.8212602734565735,1
faceforensics/Face2Face/246_258/000010.jpg,hybrid,ffpp_source_safe,test,1,Face2Face,0.9853459596633911,0.8212602734565735,1
faceforensics/Face2Face/246_258/000011.jpg,hybrid,ffpp_source_safe,test,1,Face2Face,0.9792224764823914,0.8212602734565735,1
faceforensics/Face2Face/246_258/000012.jpg,hybrid,ffpp_source_safe,test,1,Face2Face,0.995553195476532,0.8212602734565735,1
faceforensics/Face2Face/246_258/000013.jpg,hybrid,ffpp_source_safe,test,1,Face2Face,0.9998059868812561,0.8212602734565735,1
faceforensics/Face2Face/246_258/000014.jpg,hybrid,ffpp_source_safe,test,1,Face2Face,0.9997383952140808,0.8212602734565735,1
faceforensics/Face2Face/246_258/000015.jpg,hybrid,ffpp_source_safe,test,1,Face2Face,0.9998760223388672,0.8212602734565735,1
faceforensics/Face2Face/246_258/000016.jpg,hybrid,ffpp_source_safe,test,1,Face2Face,0.992443859577179,0.8212602734565735,1
faceforensics/Face2Face/246_258/000017.jpg,hybrid,ffpp_source_safe,test,1,Face2Face,0.9995823502540588,0.8212602734565735,1
faceforensics/Face2Face/246_258/000018.jpg,hybrid,ffpp_source_safe,test,1,Face2Face,0.6270269155502319,0.8212602734565735,0
faceforensics/Face2Face/246_258/000019.jpg,hybrid,ffpp_source_safe,test,1,Face2Face,0.9982530474662781,0.8212602734565735,1
faceforensics/Face2Face/246_258/000020.jpg,hybrid,ffpp_source_safe,test,1,Face2Face,0.9997554421424866,0.8212602734565735,1
faceforensics/Face2Face/246_258/000021.jpg,hybrid,ffpp_source_safe,test,1,Face2Face,0.9997372031211853,0.8212602734565735,1
faceforensics/Face2Face/246_258/000022.jpg,hybrid,ffpp_source_safe,test,1,Face2Face,0.9999665021896362,0.8212602734565735,1
faceforensics/Face2Face/246_258/000023.jpg,hybrid,ffpp_source_safe,test,1,Face2Face,0.9990461468696594,0.8212602734565735,1
faceforensics/Face2Face/246_258/000024.jpg,hybrid,ffpp_source_safe,test,1,Face2Face,0.9998334646224976,0.8212602734565735,1
faceforensics/Face2Face/246_258/000025.jpg,hybrid,ffpp_source_safe,test,1,Face2Face,0.9999632835388184,0.8212602734565735,1
faceforensics/Face2Face/246_258/000026.jpg,hybrid,ffpp_source_safe,test,1,Face2Face,0.9907222986221313,0.8212602734565735,1
faceforensics/Face2Face/246_258/000027.jpg,hybrid,ffpp_source_safe,test,1,Face2Face,0.9996170997619629,0.8212602734565735,1
faceforensics/Face2Face/246_258/000028.jpg,hybrid,ffpp_source_safe,test,1,Face2Face,0.9995110034942627,0.8212602734565735,1
faceforensics/Face2Face/246_258/000029.jpg,hybrid,ffpp_source_safe,test,1,Face2Face,0.9995237588882446,0.8212602734565735,1
faceforensics/Face2Face/258_246/000000.jpg,hybrid,ffpp_source_safe,test,1,Face2Face,0.9995855689048767,0.8212602734565735,1
faceforensics/Face2Face/258_246/000001.jpg,hybrid,ffpp_source_safe,test,1,Face2Face,0.9999266862869263,0.8212602734565735,1
faceforensics/Face2Face/258_246/000002.jpg,hybrid,ffpp_source_safe,test,1,Face2Face,0.9997636675834656,0.8212602734565735,1
faceforensics/Face2Face/258_246/000003.jpg,hybrid,ffpp_source_safe,test,1,Face2Face,0.9997491240501404,0.8212602734565735,1
faceforensics/Face2Face/258_246/000004.jpg,hybrid,ffpp_source_safe,test,1,Face2Face,0.9998602867126465,0.8212602734565735,1
faceforensics/Face2Face/258_246/000005.jpg,hybrid,ffpp_source_safe,test,1,Face2Face,0.999882698059082,0.8212602734565735,1
faceforensics/Face2Face/258_246/000006.jpg,hybrid,ffpp_source_safe,test,1,Face2Face,0.9999552965164185,0.8212602734565735,1
faceforensics/Face2Face/258_246/000007.jpg,hybrid,ffpp_source_safe,test,1,Face2Face,0.9999629259109497,0.8212602734565735,1
faceforensics/Face2Face/258_246/000008.jpg,hybrid,ffpp_source_safe,test,1,Face2Face,0.9999085664749146,0.8212602734565735,1
faceforensics/Face2Face/258_246/000009.jpg,hybrid,ffpp_source_safe,test,1,Face2Face,0.9998763799667358,0.8212602734565735,1
faceforensics/Face2Face/258_246/000010.jpg,hybrid,ffpp_source_safe,test,1,Face2Face,0.9999964237213135,0.8212602734565735,1
faceforensics/Face2Face/258_246/000011.jpg,hybrid,ffpp_source_safe,test,1,Face2Face,0.3742152452468872,0.8212602734565735,0
faceforensics/Face2Face/258_246/000012.jpg,hybrid,ffpp_source_safe,test,1,Face2Face,0.9999539852142334,0.8212602734565735,1
faceforensics/Face2Face/258_246/000013.jpg,hybrid,ffpp_source_safe,test,1,Face2Face,0.9998688697814941,0.8212602734565735,1
faceforensics/Face2Face/258_246/000014.jpg,hybrid,ffpp_source_safe,test,1,Face2Face,0.8981851935386658,0.8212602734565735,1
faceforensics/Face2Face/258_246/000015.jpg,hybrid,ffpp_source_safe,test,1,Face2Face,0.9999721050262451,0.8212602734565735,1
faceforensics/Face2Face/258_246/000016.jpg,hybrid,ffpp_source_safe,test,1,Face2Face,0.999749481678009,0.8212602734565735,1
faceforensics/Face2Face/258_246/000017.jpg,hybrid,ffpp_source_safe,test,1,Face2Face,0.9997894167900085,0.8212602734565735,1
faceforensics/Face2Face/258_246/000018.jpg,hybrid,ffpp_source_safe,test,1,Face2Face,0.999976634979248,0.8212602734565735,1
faceforensics/Face2Face/258_246/000019.jpg,hybrid,ffpp_source_safe,test,1,Face2Face,0.9999175071716309,0.8212602734565735,1
faceforensics/Face2Face/258_246/000020.jpg,hybrid,ffpp_source_safe,test,1,Face2Face,0.9999779462814331,0.8212602734565735,1
faceforensics/Face2Face/258_246/000021.jpg,hybrid,ffpp_source_safe,test,1,Face2Face,0.9999802112579346,0.8212602734565735,1
faceforensics/Face2Face/258_246/000022.jpg,hybrid,ffpp_source_safe,test,1,Face2Face,0.9999853372573853,0.8212602734565735,1
faceforensics/Face2Face/258_246/000023.jpg,hybrid,ffpp_source_safe,test,1,Face2Face,0.9999147653579712,0.8212602734565735,1
faceforensics/Face2Face/258_246/000024.jpg,hybrid,ffpp_source_safe,test,1,Face2Face,0.9999145269393921,0.8212602734565735,1
faceforensics/Face2Face/258_246/000025.jpg,hybrid,ffpp_source_safe,test,1,Face2Face,0.9999582767486572,0.8212602734565735,1
faceforensics/Face2Face/258_246/000026.jpg,hybrid,ffpp_source_safe,test,1,Face2Face,0.9999924898147583,0.8212602734565735,1
faceforensics/Face2Face/258_246/000027.jpg,hybrid,ffpp_source_safe,test,1,Face2Face,0.9999600648880005,0.8212602734565735,1
faceforensics/Face2Face/258_246/000028.jpg,hybrid,ffpp_source_safe,test,1,Face2Face,0.9993960857391357,0.8212602734565735,1
faceforensics/Face2Face/258_246/000029.jpg,hybrid,ffpp_source_safe,test,1,Face2Face,0.9997126460075378,0.8212602734565735,1
faceforensics/Face2Face/468_470/000000.jpg,hybrid,ffpp_source_safe,test,1,Face2Face,0.9978806972503662,0.8212602734565735,1
faceforensics/Face2Face/468_470/000001.jpg,hybrid,ffpp_source_safe,test,1,Face2Face,0.9972789883613586,0.8212602734565735,1
faceforensics/Face2Face/468_470/000002.jpg,hybrid,ffpp_source_safe,test,1,Face2Face,0.991925060749054,0.8212602734565735,1
faceforensics/Face2Face/468_470/000003.jpg,hybrid,ffpp_source_safe,test,1,Face2Face,0.9997476935386658,0.8212602734565735,1
faceforensics/Face2Face/468_470/000004.jpg,hybrid,ffpp_source_safe,test,1,Face2Face,0.9948717355728149,0.8212602734565735,1
faceforensics/Face2Face/468_470/000005.jpg,hybrid,ffpp_source_safe,test,1,Face2Face,0.9999905824661255,0.8212602734565735,1
faceforensics/Face2Face/468_470/000006.jpg,hybrid,ffpp_source_safe,test,1,Face2Face,0.9998588562011719,0.8212602734565735,1
faceforensics/Face2Face/468_470/000007.jpg,hybrid,ffpp_source_safe,test,1,Face2Face,0.9999815225601196,0.8212602734565735,1
faceforensics/Face2Face/468_470/000008.jpg,hybrid,ffpp_source_safe,test,1,Face2Face,0.9940809607505798,0.8212602734565735,1
faceforensics/Face2Face/468_470/000009.jpg,hybrid,ffpp_source_safe,test,1,Face2Face,0.9995467066764832,0.8212602734565735,1
faceforensics/Face2Face/468_470/000010.jpg,hybrid,ffpp_source_safe,test,1,Face2Face,0.9940412640571594,0.8212602734565735,1
faceforensics/Face2Face/468_470/000011.jpg,hybrid,ffpp_source_safe,test,1,Face2Face,0.9843180179595947,0.8212602734565735,1
faceforensics/Face2Face/468_470/000012.jpg,hybrid,ffpp_source_safe,test,1,Face2Face,0.9997829794883728,0.8212602734565735,1
faceforensics/Face2Face/468_470/000013.jpg,hybrid,ffpp_source_safe,test,1,Face2Face,0.9870644807815552,0.8212602734565735,1
faceforensics/Face2Face/468_470/000014.jpg,hybrid,ffpp_source_safe,test,1,Face2Face,0.9999361038208008,0.8212602734565735,1
faceforensics/Face2Face/468_470/000015.jpg,hybrid,ffpp_source_safe,test,1,Face2Face,0.9999527931213379,0.8212602734565735,1
faceforensics/Face2Face/468_470/000016.jpg,hybrid,ffpp_source_safe,test,1,Face2Face,0.9972585439682007,0.8212602734565735,1
faceforensics/Face2Face/468_470/000017.jpg,hybrid,ffpp_source_safe,test,1,Face2Face,0.9992409944534302,0.8212602734565735,1
faceforensics/Face2Face/468_470/000018.jpg,hybrid,ffpp_source_safe,test,1,Face2Face,0.9687087535858154,0.8212602734565735,1
faceforensics/Face2Face/468_470/000019.jpg,hybrid,ffpp_source_safe,test,1,Face2Face,0.9998655319213867,0.8212602734565735,1
faceforensics/Face2Face/468_470/000020.jpg,hybrid,ffpp_source_safe,test,1,Face2Face,0.9734107851982117,0.8212602734565735,1
faceforensics/Face2Face/468_470/000021.jpg,hybrid,ffpp_source_safe,test,1,Face2Face,0.9999402761459351,0.8212602734565735,1
faceforensics/Face2Face/468_470/000022.jpg,hybrid,ffpp_source_safe,test,1,Face2Face,0.9999537467956543,0.8212602734565735,1
faceforensics/Face2Face/468_470/000023.jpg,hybrid,ffpp_source_safe,test,1,Face2Face,0.9999154806137085,0.8212602734565735,1
faceforensics/Face2Face/468_470/000024.jpg,hybrid,ffpp_source_safe,test,1,Face2Face,0.9996678829193115,0.8212602734565735,1
faceforensics/Face2Face/468_470/000025.jpg,hybrid,ffpp_source_safe,test,1,Face2Face,0.999931812286377,0.8212602734565735,1
faceforensics/Face2Face/468_470/000026.jpg,hybrid,ffpp_source_safe,test,1,Face2Face,0.9999076128005981,0.8212602734565735,1
faceforensics/Face2Face/468_470/000027.jpg,hybrid,ffpp_source_safe,test,1,Face2Face,0.999309778213501,0.8212602734565735,1
faceforensics/Face2Face/468_470/000028.jpg,hybrid,ffpp_source_safe,test,1,Face2Face,0.9912228584289551,0.8212602734565735,1
faceforensics/Face2Face/468_470/000029.jpg,hybrid,ffpp_source_safe,test,1,Face2Face,0.997527539730072,0.8212602734565735,1
faceforensics/Face2Face/470_468/000000.jpg,hybrid,ffpp_source_safe,test,1,Face2Face,0.9997547268867493,0.8212602734565735,1
faceforensics/Face2Face/470_468/000001.jpg,hybrid,ffpp_source_safe,test,1,Face2Face,0.9999508857727051,0.8212602734565735,1
faceforensics/Face2Face/470_468/000002.jpg,hybrid,ffpp_source_safe,test,1,Face2Face,0.9999597072601318,0.8212602734565735,1
faceforensics/Face2Face/470_468/000003.jpg,hybrid,ffpp_source_safe,test,1,Face2Face,0.9999206066131592,0.8212602734565735,1
faceforensics/Face2Face/470_468/000004.jpg,hybrid,ffpp_source_safe,test,1,Face2Face,0.9990686774253845,0.8212602734565735,1
faceforensics/Face2Face/470_468/000005.jpg,hybrid,ffpp_source_safe,test,1,Face2Face,0.8486948609352112,0.8212602734565735,1
faceforensics/Face2Face/470_468/000006.jpg,hybrid,ffpp_source_safe,test,1,Face2Face,0.9771436452865601,0.8212602734565735,1
faceforensics/Face2Face/470_468/000007.jpg,hybrid,ffpp_source_safe,test,1,Face2Face,0.9995390176773071,0.8212602734565735,1
faceforensics/Face2Face/470_468/000008.jpg,hybrid,ffpp_source_safe,test,1,Face2Face,0.9999516010284424,0.8212602734565735,1
faceforensics/Face2Face/470_468/000009.jpg,hybrid,ffpp_source_safe,test,1,Face2Face,0.9962981343269348,0.8212602734565735,1
faceforensics/Face2Face/470_468/000010.jpg,hybrid,ffpp_source_safe,test,1,Face2Face,0.9999855756759644,0.8212602734565735,1
faceforensics/Face2Face/470_468/000011.jpg,hybrid,ffpp_source_safe,test,1,Face2Face,0.9979485869407654,0.8212602734565735,1
faceforensics/Face2Face/470_468/000012.jpg,hybrid,ffpp_source_safe,test,1,Face2Face,0.9982579350471497,0.8212602734565735,1
faceforensics/Face2Face/470_468/000013.jpg,hybrid,ffpp_source_safe,test,1,Face2Face,0.9999746084213257,0.8212602734565735,1
faceforensics/Face2Face/470_468/000014.jpg,hybrid,ffpp_source_safe,test,1,Face2Face,0.9992746710777283,0.8212602734565735,1
faceforensics/Face2Face/470_468/000015.jpg,hybrid,ffpp_source_safe,test,1,Face2Face,0.9998718500137329,0.8212602734565735,1
faceforensics/Face2Face/470_468/000016.jpg,hybrid,ffpp_source_safe,test,1,Face2Face,0.9993736147880554,0.8212602734565735,1
faceforensics/Face2Face/470_468/000017.jpg,hybrid,ffpp_source_safe,test,1,Face2Face,0.9974915981292725,0.8212602734565735,1
faceforensics/Face2Face/470_468/000018.jpg,hybrid,ffpp_source_safe,test,1,Face2Face,0.9995788931846619,0.8212602734565735,1
faceforensics/Face2Face/470_468/000019.jpg,hybrid,ffpp_source_safe,test,1,Face2Face,0.9991714954376221,0.8212602734565735,1
faceforensics/Face2Face/470_468/000020.jpg,hybrid,ffpp_source_safe,test,1,Face2Face,0.9999860525131226,0.8212602734565735,1
faceforensics/Face2Face/470_468/000021.jpg,hybrid,ffpp_source_safe,test,1,Face2Face,0.9936007857322693,0.8212602734565735,1
faceforensics/Face2Face/470_468/000022.jpg,hybrid,ffpp_source_safe,test,1,Face2Face,0.9999619722366333,0.8212602734565735,1
faceforensics/Face2Face/470_468/000023.jpg,hybrid,ffpp_source_safe,test,1,Face2Face,0.9998862743377686,0.8212602734565735,1
faceforensics/Face2Face/470_468/000024.jpg,hybrid,ffpp_source_safe,test,1,Face2Face,0.9999911785125732,0.8212602734565735,1
faceforensics/Face2Face/470_468/000025.jpg,hybrid,ffpp_source_safe,test,1,Face2Face,0.9951536655426025,0.8212602734565735,1
faceforensics/Face2Face/470_468/000026.jpg,hybrid,ffpp_source_safe,test,1,Face2Face,0.9999632835388184,0.8212602734565735,1
faceforensics/Face2Face/470_468/000027.jpg,hybrid,ffpp_source_safe,test,1,Face2Face,0.9999957084655762,0.8212602734565735,1
faceforensics/Face2Face/470_468/000028.jpg,hybrid,ffpp_source_safe,test,1,Face2Face,0.9999829530715942,0.8212602734565735,1
faceforensics/Face2Face/470_468/000029.jpg,hybrid,ffpp_source_safe,test,1,Face2Face,0.999996542930603,0.8212602734565735,1
faceforensics/Face2Face/651_835/000000.jpg,hybrid,ffpp_source_safe,test,1,Face2Face,0.9999716281890869,0.8212602734565735,1
faceforensics/Face2Face/651_835/000001.jpg,hybrid,ffpp_source_safe,test,1,Face2Face,0.9995238780975342,0.8212602734565735,1
faceforensics/Face2Face/651_835/000002.jpg,hybrid,ffpp_source_safe,test,1,Face2Face,0.999970555305481,0.8212602734565735,1
faceforensics/Face2Face/651_835/000003.jpg,hybrid,ffpp_source_safe,test,1,Face2Face,0.9330054521560669,0.8212602734565735,1
faceforensics/Face2Face/651_835/000004.jpg,hybrid,ffpp_source_safe,test,1,Face2Face,0.9950370192527771,0.8212602734565735,1
faceforensics/Face2Face/651_835/000005.jpg,hybrid,ffpp_source_safe,test,1,Face2Face,0.8789094686508179,0.8212602734565735,1
faceforensics/Face2Face/651_835/000006.jpg,hybrid,ffpp_source_safe,test,1,Face2Face,0.959835946559906,0.8212602734565735,1
faceforensics/Face2Face/651_835/000007.jpg,hybrid,ffpp_source_safe,test,1,Face2Face,0.9760764837265015,0.8212602734565735,1
faceforensics/Face2Face/651_835/000008.jpg,hybrid,ffpp_source_safe,test,1,Face2Face,0.9999514818191528,0.8212602734565735,1
faceforensics/Face2Face/651_835/000009.jpg,hybrid,ffpp_source_safe,test,1,Face2Face,0.9999630451202393,0.8212602734565735,1
faceforensics/Face2Face/651_835/000010.jpg,hybrid,ffpp_source_safe,test,1,Face2Face,0.9992327690124512,0.8212602734565735,1
faceforensics/Face2Face/651_835/000011.jpg,hybrid,ffpp_source_safe,test,1,Face2Face,0.18156974017620087,0.8212602734565735,0
faceforensics/Face2Face/651_835/000012.jpg,hybrid,ffpp_source_safe,test,1,Face2Face,0.9979254007339478,0.8212602734565735,1
faceforensics/Face2Face/651_835/000013.jpg,hybrid,ffpp_source_safe,test,1,Face2Face,0.9790455102920532,0.8212602734565735,1
faceforensics/Face2Face/651_835/000014.jpg,hybrid,ffpp_source_safe,test,1,Face2Face,0.9950193166732788,0.8212602734565735,1
faceforensics/Face2Face/651_835/000015.jpg,hybrid,ffpp_source_safe,test,1,Face2Face,0.9997147917747498,0.8212602734565735,1
faceforensics/Face2Face/651_835/000016.jpg,hybrid,ffpp_source_safe,test,1,Face2Face,0.9960285425186157,0.8212602734565735,1
faceforensics/Face2Face/651_835/000017.jpg,hybrid,ffpp_source_safe,test,1,Face2Face,0.9998281002044678,0.8212602734565735,1
faceforensics/Face2Face/651_835/000018.jpg,hybrid,ffpp_source_safe,test,1,Face2Face,0.9999687671661377,0.8212602734565735,1
faceforensics/Face2Face/651_835/000019.jpg,hybrid,ffpp_source_safe,test,1,Face2Face,0.9999662637710571,0.8212602734565735,1
faceforensics/Face2Face/651_835/000020.jpg,hybrid,ffpp_source_safe,test,1,Face2Face,0.9928668737411499,0.8212602734565735,1
faceforensics/Face2Face/651_835/000021.jpg,hybrid,ffpp_source_safe,test,1,Face2Face,0.98296058177948,0.8212602734565735,1
faceforensics/Face2Face/651_835/000022.jpg,hybrid,ffpp_source_safe,test,1,Face2Face,0.9999748468399048,0.8212602734565735,1
faceforensics/Face2Face/651_835/000023.jpg,hybrid,ffpp_source_safe,test,1,Face2Face,0.9103342294692993,0.8212602734565735,1
faceforensics/Face2Face/651_835/000024.jpg,hybrid,ffpp_source_safe,test,1,Face2Face,0.9999529123306274,0.8212602734565735,1
faceforensics/Face2Face/651_835/000025.jpg,hybrid,ffpp_source_safe,test,1,Face2Face,0.9962718486785889,0.8212602734565735,1
faceforensics/Face2Face/651_835/000026.jpg,hybrid,ffpp_source_safe,test,1,Face2Face,0.9999895095825195,0.8212602734565735,1
faceforensics/Face2Face/651_835/000027.jpg,hybrid,ffpp_source_safe,test,1,Face2Face,0.9998723268508911,0.8212602734565735,1
faceforensics/Face2Face/651_835/000028.jpg,hybrid,ffpp_source_safe,test,1,Face2Face,0.9425066709518433,0.8212602734565735,1
faceforensics/Face2Face/651_835/000029.jpg,hybrid,ffpp_source_safe,test,1,Face2Face,0.15304532647132874,0.8212602734565735,0
faceforensics/Face2Face/719_737/000000.jpg,hybrid,ffpp_source_safe,test,1,Face2Face,0.9547101855278015,0.8212602734565735,1
faceforensics/Face2Face/719_737/000001.jpg,hybrid,ffpp_source_safe,test,1,Face2Face,0.9977272152900696,0.8212602734565735,1
faceforensics/Face2Face/719_737/000002.jpg,hybrid,ffpp_source_safe,test,1,Face2Face,0.93366539478302,0.8212602734565735,1
faceforensics/Face2Face/719_737/000003.jpg,hybrid,ffpp_source_safe,test,1,Face2Face,0.999872088432312,0.8212602734565735,1
faceforensics/Face2Face/719_737/000004.jpg,hybrid,ffpp_source_safe,test,1,Face2Face,0.9999856948852539,0.8212602734565735,1
faceforensics/Face2Face/719_737/000005.jpg,hybrid,ffpp_source_safe,test,1,Face2Face,0.9999431371688843,0.8212602734565735,1
faceforensics/Face2Face/719_737/000006.jpg,hybrid,ffpp_source_safe,test,1,Face2Face,0.9968959093093872,0.8212602734565735,1
faceforensics/Face2Face/719_737/000007.jpg,hybrid,ffpp_source_safe,test,1,Face2Face,0.9984371066093445,0.8212602734565735,1
faceforensics/Face2Face/719_737/000008.jpg,hybrid,ffpp_source_safe,test,1,Face2Face,0.9964905381202698,0.8212602734565735,1
faceforensics/Face2Face/719_737/000009.jpg,hybrid,ffpp_source_safe,test,1,Face2Face,0.9972999691963196,0.8212602734565735,1
faceforensics/Face2Face/719_737/000010.jpg,hybrid,ffpp_source_safe,test,1,Face2Face,0.8866543173789978,0.8212602734565735,1
faceforensics/Face2Face/719_737/000011.jpg,hybrid,ffpp_source_safe,test,1,Face2Face,0.8906251788139343,0.8212602734565735,1
faceforensics/Face2Face/719_737/000012.jpg,hybrid,ffpp_source_safe,test,1,Face2Face,0.9952173233032227,0.8212602734565735,1
faceforensics/Face2Face/719_737/000013.jpg,hybrid,ffpp_source_safe,test,1,Face2Face,0.9871203303337097,0.8212602734565735,1
faceforensics/Face2Face/719_737/000014.jpg,hybrid,ffpp_source_safe,test,1,Face2Face,0.9990949630737305,0.8212602734565735,1
faceforensics/Face2Face/719_737/000015.jpg,hybrid,ffpp_source_safe,test,1,Face2Face,0.9294402599334717,0.8212602734565735,1
faceforensics/Face2Face/719_737/000016.jpg,hybrid,ffpp_source_safe,test,1,Face2Face,0.9935933947563171,0.8212602734565735,1
faceforensics/Face2Face/719_737/000017.jpg,hybrid,ffpp_source_safe,test,1,Face2Face,0.8290188312530518,0.8212602734565735,1
faceforensics/Face2Face/719_737/000018.jpg,hybrid,ffpp_source_safe,test,1,Face2Face,0.9440841674804688,0.8212602734565735,1
faceforensics/Face2Face/719_737/000019.jpg,hybrid,ffpp_source_safe,test,1,Face2Face,0.9981054067611694,0.8212602734565735,1
faceforensics/Face2Face/719_737/000020.jpg,hybrid,ffpp_source_safe,test,1,Face2Face,0.9940022826194763,0.8212602734565735,1
faceforensics/Face2Face/719_737/000021.jpg,hybrid,ffpp_source_safe,test,1,Face2Face,0.9957423806190491,0.8212602734565735,1
faceforensics/Face2Face/719_737/000022.jpg,hybrid,ffpp_source_safe,test,1,Face2Face,0.9937362670898438,0.8212602734565735,1
faceforensics/Face2Face/719_737/000023.jpg,hybrid,ffpp_source_safe,test,1,Face2Face,0.981361448764801,0.8212602734565735,1
faceforensics/Face2Face/719_737/000024.jpg,hybrid,ffpp_source_safe,test,1,Face2Face,0.9980902075767517,0.8212602734565735,1
faceforensics/Face2Face/719_737/000025.jpg,hybrid,ffpp_source_safe,test,1,Face2Face,0.768714427947998,0.8212602734565735,0
faceforensics/Face2Face/719_737/000026.jpg,hybrid,ffpp_source_safe,test,1,Face2Face,0.9974128603935242,0.8212602734565735,1
faceforensics/Face2Face/719_737/000027.jpg,hybrid,ffpp_source_safe,test,1,Face2Face,0.8733057379722595,0.8212602734565735,1
faceforensics/Face2Face/719_737/000028.jpg,hybrid,ffpp_source_safe,test,1,Face2Face,0.999242901802063,0.8212602734565735,1
faceforensics/Face2Face/719_737/000029.jpg,hybrid,ffpp_source_safe,test,1,Face2Face,0.9947410821914673,0.8212602734565735,1
faceforensics/Face2Face/737_719/000000.jpg,hybrid,ffpp_source_safe,test,1,Face2Face,0.01226524356752634,0.8212602734565735,0
faceforensics/Face2Face/737_719/000001.jpg,hybrid,ffpp_source_safe,test,1,Face2Face,0.9317173361778259,0.8212602734565735,1
faceforensics/Face2Face/737_719/000002.jpg,hybrid,ffpp_source_safe,test,1,Face2Face,0.8557782769203186,0.8212602734565735,1
faceforensics/Face2Face/737_719/000003.jpg,hybrid,ffpp_source_safe,test,1,Face2Face,0.9910186529159546,0.8212602734565735,1
faceforensics/Face2Face/737_719/000004.jpg,hybrid,ffpp_source_safe,test,1,Face2Face,0.9983905553817749,0.8212602734565735,1
faceforensics/Face2Face/737_719/000005.jpg,hybrid,ffpp_source_safe,test,1,Face2Face,0.869317889213562,0.8212602734565735,1
faceforensics/Face2Face/737_719/000006.jpg,hybrid,ffpp_source_safe,test,1,Face2Face,0.9952417612075806,0.8212602734565735,1
faceforensics/Face2Face/737_719/000007.jpg,hybrid,ffpp_source_safe,test,1,Face2Face,0.6658984422683716,0.8212602734565735,0
faceforensics/Face2Face/737_719/000008.jpg,hybrid,ffpp_source_safe,test,1,Face2Face,0.9165040850639343,0.8212602734565735,1
faceforensics/Face2Face/737_719/000009.jpg,hybrid,ffpp_source_safe,test,1,Face2Face,0.5364761352539062,0.8212602734565735,0
faceforensics/Face2Face/737_719/000010.jpg,hybrid,ffpp_source_safe,test,1,Face2Face,0.17945167422294617,0.8212602734565735,0
faceforensics/Face2Face/737_719/000011.jpg,hybrid,ffpp_source_safe,test,1,Face2Face,0.8689595460891724,0.8212602734565735,1
faceforensics/Face2Face/737_719/000012.jpg,hybrid,ffpp_source_safe,test,1,Face2Face,0.9911918044090271,0.8212602734565735,1
faceforensics/Face2Face/737_719/000013.jpg,hybrid,ffpp_source_safe,test,1,Face2Face,0.9496651887893677,0.8212602734565735,1
faceforensics/Face2Face/737_719/000014.jpg,hybrid,ffpp_source_safe,test,1,Face2Face,0.9449915885925293,0.8212602734565735,1
faceforensics/Face2Face/737_719/000015.jpg,hybrid,ffpp_source_safe,test,1,Face2Face,0.003920075949281454,0.8212602734565735,0
faceforensics/Face2Face/737_719/000016.jpg,hybrid,ffpp_source_safe,test,1,Face2Face,0.5622979998588562,0.8212602734565735,0
faceforensics/Face2Face/737_719/000017.jpg,hybrid,ffpp_source_safe,test,1,Face2Face,0.7898789644241333,0.8212602734565735,0
faceforensics/Face2Face/737_719/000018.jpg,hybrid,ffpp_source_safe,test,1,Face2Face,0.9527730941772461,0.8212602734565735,1
faceforensics/Face2Face/737_719/000019.jpg,hybrid,ffpp_source_safe,test,1,Face2Face,0.7276450991630554,0.8212602734565735,0
faceforensics/Face2Face/737_719/000020.jpg,hybrid,ffpp_source_safe,test,1,Face2Face,0.9977108240127563,0.8212602734565735,1
faceforensics/Face2Face/737_719/000021.jpg,hybrid,ffpp_source_safe,test,1,Face2Face,0.9948019981384277,0.8212602734565735,1
faceforensics/Face2Face/737_719/000022.jpg,hybrid,ffpp_source_safe,test,1,Face2Face,0.7555539011955261,0.8212602734565735,0
faceforensics/Face2Face/737_719/000023.jpg,hybrid,ffpp_source_safe,test,1,Face2Face,0.994351863861084,0.8212602734565735,1
faceforensics/Face2Face/737_719/000024.jpg,hybrid,ffpp_source_safe,test,1,Face2Face,0.9511964321136475,0.8212602734565735,1
faceforensics/Face2Face/737_719/000025.jpg,hybrid,ffpp_source_safe,test,1,Face2Face,0.5964935421943665,0.8212602734565735,0
faceforensics/Face2Face/737_719/000026.jpg,hybrid,ffpp_source_safe,test,1,Face2Face,0.19412696361541748,0.8212602734565735,0
faceforensics/Face2Face/737_719/000027.jpg,hybrid,ffpp_source_safe,test,1,Face2Face,0.6908060908317566,0.8212602734565735,0
faceforensics/Face2Face/737_719/000028.jpg,hybrid,ffpp_source_safe,test,1,Face2Face,0.9949243068695068,0.8212602734565735,1
faceforensics/Face2Face/737_719/000029.jpg,hybrid,ffpp_source_safe,test,1,Face2Face,0.9805593490600586,0.8212602734565735,1
faceforensics/Face2Face/835_651/000000.jpg,hybrid,ffpp_source_safe,test,1,Face2Face,0.9999667406082153,0.8212602734565735,1
faceforensics/Face2Face/835_651/000001.jpg,hybrid,ffpp_source_safe,test,1,Face2Face,0.9999852180480957,0.8212602734565735,1
faceforensics/Face2Face/835_651/000002.jpg,hybrid,ffpp_source_safe,test,1,Face2Face,0.9999982118606567,0.8212602734565735,1
faceforensics/Face2Face/835_651/000003.jpg,hybrid,ffpp_source_safe,test,1,Face2Face,0.9998373985290527,0.8212602734565735,1
faceforensics/Face2Face/835_651/000004.jpg,hybrid,ffpp_source_safe,test,1,Face2Face,0.9999620914459229,0.8212602734565735,1
faceforensics/Face2Face/835_651/000005.jpg,hybrid,ffpp_source_safe,test,1,Face2Face,0.9999954700469971,0.8212602734565735,1
faceforensics/Face2Face/835_651/000006.jpg,hybrid,ffpp_source_safe,test,1,Face2Face,0.9999446868896484,0.8212602734565735,1
faceforensics/Face2Face/835_651/000007.jpg,hybrid,ffpp_source_safe,test,1,Face2Face,0.9999845027923584,0.8212602734565735,1
faceforensics/Face2Face/835_651/000008.jpg,hybrid,ffpp_source_safe,test,1,Face2Face,0.9999911785125732,0.8212602734565735,1
faceforensics/Face2Face/835_651/000009.jpg,hybrid,ffpp_source_safe,test,1,Face2Face,0.9999511241912842,0.8212602734565735,1
faceforensics/Face2Face/835_651/000010.jpg,hybrid,ffpp_source_safe,test,1,Face2Face,0.9999474287033081,0.8212602734565735,1
faceforensics/Face2Face/835_651/000011.jpg,hybrid,ffpp_source_safe,test,1,Face2Face,0.9989596605300903,0.8212602734565735,1
faceforensics/Face2Face/835_651/000012.jpg,hybrid,ffpp_source_safe,test,1,Face2Face,0.9999866485595703,0.8212602734565735,1
faceforensics/Face2Face/835_651/000013.jpg,hybrid,ffpp_source_safe,test,1,Face2Face,0.9999568462371826,0.8212602734565735,1
faceforensics/Face2Face/835_651/000014.jpg,hybrid,ffpp_source_safe,test,1,Face2Face,0.9996628761291504,0.8212602734565735,1
faceforensics/Face2Face/835_651/000015.jpg,hybrid,ffpp_source_safe,test,1,Face2Face,0.9999713897705078,0.8212602734565735,1
faceforensics/Face2Face/835_651/000016.jpg,hybrid,ffpp_source_safe,test,1,Face2Face,0.9999788999557495,0.8212602734565735,1
faceforensics/Face2Face/835_651/000017.jpg,hybrid,ffpp_source_safe,test,1,Face2Face,0.9999830722808838,0.8212602734565735,1
faceforensics/Face2Face/835_651/000018.jpg,hybrid,ffpp_source_safe,test,1,Face2Face,0.9999641180038452,0.8212602734565735,1
faceforensics/Face2Face/835_651/000019.jpg,hybrid,ffpp_source_safe,test,1,Face2Face,0.9999716281890869,0.8212602734565735,1
faceforensics/Face2Face/835_651/000020.jpg,hybrid,ffpp_source_safe,test,1,Face2Face,0.9999797344207764,0.8212602734565735,1
faceforensics/Face2Face/835_651/000021.jpg,hybrid,ffpp_source_safe,test,1,Face2Face,0.9998959302902222,0.8212602734565735,1
faceforensics/Face2Face/835_651/000022.jpg,hybrid,ffpp_source_safe,test,1,Face2Face,0.9997459053993225,0.8212602734565735,1
faceforensics/Face2Face/835_651/000023.jpg,hybrid,ffpp_source_safe,test,1,Face2Face,0.9999749660491943,0.8212602734565735,1
faceforensics/Face2Face/835_651/000024.jpg,hybrid,ffpp_source_safe,test,1,Face2Face,0.9999748468399048,0.8212602734565735,1
faceforensics/Face2Face/835_651/000025.jpg,hybrid,ffpp_source_safe,test,1,Face2Face,0.9999980926513672,0.8212602734565735,1
faceforensics/Face2Face/835_651/000026.jpg,hybrid,ffpp_source_safe,test,1,Face2Face,0.9999942779541016,0.8212602734565735,1
faceforensics/Face2Face/835_651/000027.jpg,hybrid,ffpp_source_safe,test,1,Face2Face,0.9999933242797852,0.8212602734565735,1
faceforensics/Face2Face/835_651/000028.jpg,hybrid,ffpp_source_safe,test,1,Face2Face,0.9999905824661255,0.8212602734565735,1
faceforensics/Face2Face/835_651/000029.jpg,hybrid,ffpp_source_safe,test,1,Face2Face,0.999966025352478,0.8212602734565735,1
faceforensics/FaceSwap/246_258/000000.jpg,hybrid,ffpp_source_safe,test,1,FaceSwap,0.9999274015426636,0.8212602734565735,1
faceforensics/FaceSwap/246_258/000001.jpg,hybrid,ffpp_source_safe,test,1,FaceSwap,0.9991282820701599,0.8212602734565735,1
faceforensics/FaceSwap/246_258/000002.jpg,hybrid,ffpp_source_safe,test,1,FaceSwap,0.9999657869338989,0.8212602734565735,1
faceforensics/FaceSwap/246_258/000003.jpg,hybrid,ffpp_source_safe,test,1,FaceSwap,0.9193890690803528,0.8212602734565735,1
faceforensics/FaceSwap/246_258/000004.jpg,hybrid,ffpp_source_safe,test,1,FaceSwap,0.9997709393501282,0.8212602734565735,1
faceforensics/FaceSwap/246_258/000005.jpg,hybrid,ffpp_source_safe,test,1,FaceSwap,0.9998985528945923,0.8212602734565735,1
faceforensics/FaceSwap/246_258/000006.jpg,hybrid,ffpp_source_safe,test,1,FaceSwap,0.9999711513519287,0.8212602734565735,1
faceforensics/FaceSwap/246_258/000007.jpg,hybrid,ffpp_source_safe,test,1,FaceSwap,0.9996730089187622,0.8212602734565735,1
faceforensics/FaceSwap/246_258/000008.jpg,hybrid,ffpp_source_safe,test,1,FaceSwap,0.9999737739562988,0.8212602734565735,1
faceforensics/FaceSwap/246_258/000009.jpg,hybrid,ffpp_source_safe,test,1,FaceSwap,0.9984999895095825,0.8212602734565735,1
faceforensics/FaceSwap/246_258/000010.jpg,hybrid,ffpp_source_safe,test,1,FaceSwap,0.7521487474441528,0.8212602734565735,0
faceforensics/FaceSwap/246_258/000011.jpg,hybrid,ffpp_source_safe,test,1,FaceSwap,0.8734793066978455,0.8212602734565735,1
faceforensics/FaceSwap/246_258/000012.jpg,hybrid,ffpp_source_safe,test,1,FaceSwap,0.9309170246124268,0.8212602734565735,1
faceforensics/FaceSwap/246_258/000013.jpg,hybrid,ffpp_source_safe,test,1,FaceSwap,0.9653253555297852,0.8212602734565735,1
faceforensics/FaceSwap/246_258/000014.jpg,hybrid,ffpp_source_safe,test,1,FaceSwap,0.9997473359107971,0.8212602734565735,1
faceforensics/FaceSwap/246_258/000015.jpg,hybrid,ffpp_source_safe,test,1,FaceSwap,0.9871211647987366,0.8212602734565735,1
faceforensics/FaceSwap/246_258/000016.jpg,hybrid,ffpp_source_safe,test,1,FaceSwap,0.999945878982544,0.8212602734565735,1
faceforensics/FaceSwap/246_258/000017.jpg,hybrid,ffpp_source_safe,test,1,FaceSwap,0.9999687671661377,0.8212602734565735,1
faceforensics/FaceSwap/246_258/000018.jpg,hybrid,ffpp_source_safe,test,1,FaceSwap,0.9991521835327148,0.8212602734565735,1
faceforensics/FaceSwap/246_258/000019.jpg,hybrid,ffpp_source_safe,test,1,FaceSwap,0.9574450850486755,0.8212602734565735,1
faceforensics/FaceSwap/246_258/000020.jpg,hybrid,ffpp_source_safe,test,1,FaceSwap,0.9815775752067566,0.8212602734565735,1
faceforensics/FaceSwap/246_258/000021.jpg,hybrid,ffpp_source_safe,test,1,FaceSwap,0.9976525902748108,0.8212602734565735,1
faceforensics/FaceSwap/246_258/000022.jpg,hybrid,ffpp_source_safe,test,1,FaceSwap,0.9957695007324219,0.8212602734565735,1
faceforensics/FaceSwap/246_258/000023.jpg,hybrid,ffpp_source_safe,test,1,FaceSwap,0.9975284934043884,0.8212602734565735,1
faceforensics/FaceSwap/246_258/000024.jpg,hybrid,ffpp_source_safe,test,1,FaceSwap,0.9999572038650513,0.8212602734565735,1
faceforensics/FaceSwap/246_258/000025.jpg,hybrid,ffpp_source_safe,test,1,FaceSwap,0.9999550580978394,0.8212602734565735,1
faceforensics/FaceSwap/246_258/000026.jpg,hybrid,ffpp_source_safe,test,1,FaceSwap,0.9999586343765259,0.8212602734565735,1
faceforensics/FaceSwap/246_258/000027.jpg,hybrid,ffpp_source_safe,test,1,FaceSwap,0.9999853372573853,0.8212602734565735,1
faceforensics/FaceSwap/246_258/000028.jpg,hybrid,ffpp_source_safe,test,1,FaceSwap,0.9996681213378906,0.8212602734565735,1
faceforensics/FaceSwap/246_258/000029.jpg,hybrid,ffpp_source_safe,test,1,FaceSwap,0.9994545578956604,0.8212602734565735,1
faceforensics/FaceSwap/258_246/000000.jpg,hybrid,ffpp_source_safe,test,1,FaceSwap,0.9999384880065918,0.8212602734565735,1
faceforensics/FaceSwap/258_246/000001.jpg,hybrid,ffpp_source_safe,test,1,FaceSwap,0.9998084902763367,0.8212602734565735,1
faceforensics/FaceSwap/258_246/000002.jpg,hybrid,ffpp_source_safe,test,1,FaceSwap,0.9779560565948486,0.8212602734565735,1
faceforensics/FaceSwap/258_246/000003.jpg,hybrid,ffpp_source_safe,test,1,FaceSwap,0.9830840229988098,0.8212602734565735,1
faceforensics/FaceSwap/258_246/000004.jpg,hybrid,ffpp_source_safe,test,1,FaceSwap,0.9849668145179749,0.8212602734565735,1
faceforensics/FaceSwap/258_246/000005.jpg,hybrid,ffpp_source_safe,test,1,FaceSwap,0.6150876879692078,0.8212602734565735,0
faceforensics/FaceSwap/258_246/000006.jpg,hybrid,ffpp_source_safe,test,1,FaceSwap,0.923693060874939,0.8212602734565735,1
faceforensics/FaceSwap/258_246/000007.jpg,hybrid,ffpp_source_safe,test,1,FaceSwap,0.9339940547943115,0.8212602734565735,1
faceforensics/FaceSwap/258_246/000008.jpg,hybrid,ffpp_source_safe,test,1,FaceSwap,0.9092670679092407,0.8212602734565735,1
faceforensics/FaceSwap/258_246/000009.jpg,hybrid,ffpp_source_safe,test,1,FaceSwap,0.8647439479827881,0.8212602734565735,1
faceforensics/FaceSwap/258_246/000010.jpg,hybrid,ffpp_source_safe,test,1,FaceSwap,0.9925980567932129,0.8212602734565735,1
faceforensics/FaceSwap/258_246/000011.jpg,hybrid,ffpp_source_safe,test,1,FaceSwap,0.498207688331604,0.8212602734565735,0
faceforensics/FaceSwap/258_246/000012.jpg,hybrid,ffpp_source_safe,test,1,FaceSwap,0.0850585475564003,0.8212602734565735,0
faceforensics/FaceSwap/258_246/000013.jpg,hybrid,ffpp_source_safe,test,1,FaceSwap,0.2125903069972992,0.8212602734565735,0
faceforensics/FaceSwap/258_246/000014.jpg,hybrid,ffpp_source_safe,test,1,FaceSwap,0.9814736247062683,0.8212602734565735,1
faceforensics/FaceSwap/258_246/000015.jpg,hybrid,ffpp_source_safe,test,1,FaceSwap,0.9859703183174133,0.8212602734565735,1
faceforensics/FaceSwap/258_246/000016.jpg,hybrid,ffpp_source_safe,test,1,FaceSwap,0.3167121708393097,0.8212602734565735,0
faceforensics/FaceSwap/258_246/000017.jpg,hybrid,ffpp_source_safe,test,1,FaceSwap,0.9997286200523376,0.8212602734565735,1
faceforensics/FaceSwap/258_246/000018.jpg,hybrid,ffpp_source_safe,test,1,FaceSwap,0.9691290855407715,0.8212602734565735,1
faceforensics/FaceSwap/258_246/000019.jpg,hybrid,ffpp_source_safe,test,1,FaceSwap,0.9662395715713501,0.8212602734565735,1
faceforensics/FaceSwap/258_246/000020.jpg,hybrid,ffpp_source_safe,test,1,FaceSwap,0.9645927548408508,0.8212602734565735,1
faceforensics/FaceSwap/258_246/000021.jpg,hybrid,ffpp_source_safe,test,1,FaceSwap,0.9986697435379028,0.8212602734565735,1
faceforensics/FaceSwap/258_246/000022.jpg,hybrid,ffpp_source_safe,test,1,FaceSwap,0.9184722304344177,0.8212602734565735,1
faceforensics/FaceSwap/258_246/000023.jpg,hybrid,ffpp_source_safe,test,1,FaceSwap,0.4964729845523834,0.8212602734565735,0
faceforensics/FaceSwap/258_246/000024.jpg,hybrid,ffpp_source_safe,test,1,FaceSwap,0.8489988446235657,0.8212602734565735,1
faceforensics/FaceSwap/258_246/000025.jpg,hybrid,ffpp_source_safe,test,1,FaceSwap,0.7968322038650513,0.8212602734565735,0
faceforensics/FaceSwap/258_246/000026.jpg,hybrid,ffpp_source_safe,test,1,FaceSwap,0.9746272563934326,0.8212602734565735,1
faceforensics/FaceSwap/258_246/000027.jpg,hybrid,ffpp_source_safe,test,1,FaceSwap,0.9980546236038208,0.8212602734565735,1
faceforensics/FaceSwap/258_246/000028.jpg,hybrid,ffpp_source_safe,test,1,FaceSwap,0.9946886301040649,0.8212602734565735,1
faceforensics/FaceSwap/258_246/000029.jpg,hybrid,ffpp_source_safe,test,1,FaceSwap,0.9990127086639404,0.8212602734565735,1
faceforensics/FaceSwap/468_470/000000.jpg,hybrid,ffpp_source_safe,test,1,FaceSwap,0.9775600433349609,0.8212602734565735,1
faceforensics/FaceSwap/468_470/000001.jpg,hybrid,ffpp_source_safe,test,1,FaceSwap,0.9996235370635986,0.8212602734565735,1
faceforensics/FaceSwap/468_470/000002.jpg,hybrid,ffpp_source_safe,test,1,FaceSwap,0.13037270307540894,0.8212602734565735,0
faceforensics/FaceSwap/468_470/000003.jpg,hybrid,ffpp_source_safe,test,1,FaceSwap,0.6733000874519348,0.8212602734565735,0
faceforensics/FaceSwap/468_470/000004.jpg,hybrid,ffpp_source_safe,test,1,FaceSwap,0.2642148435115814,0.8212602734565735,0
faceforensics/FaceSwap/468_470/000005.jpg,hybrid,ffpp_source_safe,test,1,FaceSwap,0.9997833371162415,0.8212602734565735,1
faceforensics/FaceSwap/468_470/000006.jpg,hybrid,ffpp_source_safe,test,1,FaceSwap,0.5604333877563477,0.8212602734565735,0
faceforensics/FaceSwap/468_470/000007.jpg,hybrid,ffpp_source_safe,test,1,FaceSwap,0.9996110796928406,0.8212602734565735,1
faceforensics/FaceSwap/468_470/000008.jpg,hybrid,ffpp_source_safe,test,1,FaceSwap,0.9996671676635742,0.8212602734565735,1
faceforensics/FaceSwap/468_470/000009.jpg,hybrid,ffpp_source_safe,test,1,FaceSwap,0.9996387958526611,0.8212602734565735,1
faceforensics/FaceSwap/468_470/000010.jpg,hybrid,ffpp_source_safe,test,1,FaceSwap,0.6755174398422241,0.8212602734565735,0
faceforensics/FaceSwap/468_470/000011.jpg,hybrid,ffpp_source_safe,test,1,FaceSwap,0.9808228611946106,0.8212602734565735,1
faceforensics/FaceSwap/468_470/000012.jpg,hybrid,ffpp_source_safe,test,1,FaceSwap,0.9981635212898254,0.8212602734565735,1
faceforensics/FaceSwap/468_470/000013.jpg,hybrid,ffpp_source_safe,test,1,FaceSwap,0.9936157464981079,0.8212602734565735,1
faceforensics/FaceSwap/468_470/000014.jpg,hybrid,ffpp_source_safe,test,1,FaceSwap,0.9999299049377441,0.8212602734565735,1
faceforensics/FaceSwap/468_470/000015.jpg,hybrid,ffpp_source_safe,test,1,FaceSwap,0.10565214604139328,0.8212602734565735,0
faceforensics/FaceSwap/468_470/000016.jpg,hybrid,ffpp_source_safe,test,1,FaceSwap,0.6825934648513794,0.8212602734565735,0
faceforensics/FaceSwap/468_470/000017.jpg,hybrid,ffpp_source_safe,test,1,FaceSwap,0.9392555952072144,0.8212602734565735,1
faceforensics/FaceSwap/468_470/000018.jpg,hybrid,ffpp_source_safe,test,1,FaceSwap,0.9976523518562317,0.8212602734565735,1
faceforensics/FaceSwap/468_470/000019.jpg,hybrid,ffpp_source_safe,test,1,FaceSwap,0.9999631643295288,0.8212602734565735,1
faceforensics/FaceSwap/468_470/000020.jpg,hybrid,ffpp_source_safe,test,1,FaceSwap,0.8771195411682129,0.8212602734565735,1
faceforensics/FaceSwap/468_470/000021.jpg,hybrid,ffpp_source_safe,test,1,FaceSwap,0.9999959468841553,0.8212602734565735,1
faceforensics/FaceSwap/468_470/000022.jpg,hybrid,ffpp_source_safe,test,1,FaceSwap,0.9999486207962036,0.8212602734565735,1
faceforensics/FaceSwap/468_470/000023.jpg,hybrid,ffpp_source_safe,test,1,FaceSwap,0.11798519641160965,0.8212602734565735,0
faceforensics/FaceSwap/468_470/000024.jpg,hybrid,ffpp_source_safe,test,1,FaceSwap,0.05456170439720154,0.8212602734565735,0
faceforensics/FaceSwap/468_470/000025.jpg,hybrid,ffpp_source_safe,test,1,FaceSwap,0.9998107552528381,0.8212602734565735,1
faceforensics/FaceSwap/468_470/000026.jpg,hybrid,ffpp_source_safe,test,1,FaceSwap,0.9651430249214172,0.8212602734565735,1
faceforensics/FaceSwap/468_470/000027.jpg,hybrid,ffpp_source_safe,test,1,FaceSwap,0.9993138313293457,0.8212602734565735,1
faceforensics/FaceSwap/468_470/000028.jpg,hybrid,ffpp_source_safe,test,1,FaceSwap,0.13119083642959595,0.8212602734565735,0
faceforensics/FaceSwap/468_470/000029.jpg,hybrid,ffpp_source_safe,test,1,FaceSwap,0.9942861199378967,0.8212602734565735,1
faceforensics/FaceSwap/470_468/000000.jpg,hybrid,ffpp_source_safe,test,1,FaceSwap,0.9998629093170166,0.8212602734565735,1
faceforensics/FaceSwap/470_468/000001.jpg,hybrid,ffpp_source_safe,test,1,FaceSwap,0.9990329742431641,0.8212602734565735,1
faceforensics/FaceSwap/470_468/000002.jpg,hybrid,ffpp_source_safe,test,1,FaceSwap,0.9909629225730896,0.8212602734565735,1
faceforensics/FaceSwap/470_468/000003.jpg,hybrid,ffpp_source_safe,test,1,FaceSwap,0.002167531056329608,0.8212602734565735,0
faceforensics/FaceSwap/470_468/000004.jpg,hybrid,ffpp_source_safe,test,1,FaceSwap,0.9481040835380554,0.8212602734565735,1
faceforensics/FaceSwap/470_468/000005.jpg,hybrid,ffpp_source_safe,test,1,FaceSwap,0.9998841285705566,0.8212602734565735,1
faceforensics/FaceSwap/470_468/000006.jpg,hybrid,ffpp_source_safe,test,1,FaceSwap,0.9998658895492554,0.8212602734565735,1
faceforensics/FaceSwap/470_468/000007.jpg,hybrid,ffpp_source_safe,test,1,FaceSwap,0.9978827834129333,0.8212602734565735,1
faceforensics/FaceSwap/470_468/000008.jpg,hybrid,ffpp_source_safe,test,1,FaceSwap,0.9999574422836304,0.8212602734565735,1
faceforensics/FaceSwap/470_468/000009.jpg,hybrid,ffpp_source_safe,test,1,FaceSwap,0.9997941851615906,0.8212602734565735,1
faceforensics/FaceSwap/470_468/000010.jpg,hybrid,ffpp_source_safe,test,1,FaceSwap,0.09044096618890762,0.8212602734565735,0
faceforensics/FaceSwap/470_468/000011.jpg,hybrid,ffpp_source_safe,test,1,FaceSwap,0.6481528282165527,0.8212602734565735,0
faceforensics/FaceSwap/470_468/000012.jpg,hybrid,ffpp_source_safe,test,1,FaceSwap,0.9992169141769409,0.8212602734565735,1
faceforensics/FaceSwap/470_468/000013.jpg,hybrid,ffpp_source_safe,test,1,FaceSwap,0.9970276951789856,0.8212602734565735,1
faceforensics/FaceSwap/470_468/000014.jpg,hybrid,ffpp_source_safe,test,1,FaceSwap,0.9996088147163391,0.8212602734565735,1
faceforensics/FaceSwap/470_468/000015.jpg,hybrid,ffpp_source_safe,test,1,FaceSwap,0.9998030066490173,0.8212602734565735,1
faceforensics/FaceSwap/470_468/000016.jpg,hybrid,ffpp_source_safe,test,1,FaceSwap,0.9989892840385437,0.8212602734565735,1
faceforensics/FaceSwap/470_468/000017.jpg,hybrid,ffpp_source_safe,test,1,FaceSwap,0.02505175769329071,0.8212602734565735,0
faceforensics/FaceSwap/470_468/000018.jpg,hybrid,ffpp_source_safe,test,1,FaceSwap,0.9996129870414734,0.8212602734565735,1
faceforensics/FaceSwap/470_468/000019.jpg,hybrid,ffpp_source_safe,test,1,FaceSwap,0.9992470741271973,0.8212602734565735,1
faceforensics/FaceSwap/470_468/000020.jpg,hybrid,ffpp_source_safe,test,1,FaceSwap,0.9570650458335876,0.8212602734565735,1
faceforensics/FaceSwap/470_468/000021.jpg,hybrid,ffpp_source_safe,test,1,FaceSwap,0.99782395362854,0.8212602734565735,1
faceforensics/FaceSwap/470_468/000022.jpg,hybrid,ffpp_source_safe,test,1,FaceSwap,0.9999568462371826,0.8212602734565735,1
faceforensics/FaceSwap/470_468/000023.jpg,hybrid,ffpp_source_safe,test,1,FaceSwap,0.9998231530189514,0.8212602734565735,1
faceforensics/FaceSwap/470_468/000024.jpg,hybrid,ffpp_source_safe,test,1,FaceSwap,0.9963183403015137,0.8212602734565735,1
faceforensics/FaceSwap/470_468/000025.jpg,hybrid,ffpp_source_safe,test,1,FaceSwap,0.9998881816864014,0.8212602734565735,1
faceforensics/FaceSwap/470_468/000026.jpg,hybrid,ffpp_source_safe,test,1,FaceSwap,0.9998530149459839,0.8212602734565735,1
faceforensics/FaceSwap/470_468/000027.jpg,hybrid,ffpp_source_safe,test,1,FaceSwap,0.99790358543396,0.8212602734565735,1
faceforensics/FaceSwap/470_468/000028.jpg,hybrid,ffpp_source_safe,test,1,FaceSwap,0.9979380965232849,0.8212602734565735,1
faceforensics/FaceSwap/470_468/000029.jpg,hybrid,ffpp_source_safe,test,1,FaceSwap,0.07902445644140244,0.8212602734565735,0
faceforensics/FaceSwap/651_835/000000.jpg,hybrid,ffpp_source_safe,test,1,FaceSwap,0.7583854794502258,0.8212602734565735,0
faceforensics/FaceSwap/651_835/000001.jpg,hybrid,ffpp_source_safe,test,1,FaceSwap,0.3352770507335663,0.8212602734565735,0
faceforensics/FaceSwap/651_835/000002.jpg,hybrid,ffpp_source_safe,test,1,FaceSwap,0.9995315074920654,0.8212602734565735,1
faceforensics/FaceSwap/651_835/000003.jpg,hybrid,ffpp_source_safe,test,1,FaceSwap,0.9941877126693726,0.8212602734565735,1
faceforensics/FaceSwap/651_835/000004.jpg,hybrid,ffpp_source_safe,test,1,FaceSwap,0.9954564571380615,0.8212602734565735,1
faceforensics/FaceSwap/651_835/000005.jpg,hybrid,ffpp_source_safe,test,1,FaceSwap,0.999929666519165,0.8212602734565735,1
faceforensics/FaceSwap/651_835/000006.jpg,hybrid,ffpp_source_safe,test,1,FaceSwap,0.9999103546142578,0.8212602734565735,1
faceforensics/FaceSwap/651_835/000007.jpg,hybrid,ffpp_source_safe,test,1,FaceSwap,0.9962558746337891,0.8212602734565735,1
faceforensics/FaceSwap/651_835/000008.jpg,hybrid,ffpp_source_safe,test,1,FaceSwap,0.9999573230743408,0.8212602734565735,1
faceforensics/FaceSwap/651_835/000009.jpg,hybrid,ffpp_source_safe,test,1,FaceSwap,0.9998862743377686,0.8212602734565735,1
faceforensics/FaceSwap/651_835/000010.jpg,hybrid,ffpp_source_safe,test,1,FaceSwap,0.999659538269043,0.8212602734565735,1
faceforensics/FaceSwap/651_835/000011.jpg,hybrid,ffpp_source_safe,test,1,FaceSwap,0.9981294274330139,0.8212602734565735,1
faceforensics/FaceSwap/651_835/000012.jpg,hybrid,ffpp_source_safe,test,1,FaceSwap,0.03628506511449814,0.8212602734565735,0
faceforensics/FaceSwap/651_835/000013.jpg,hybrid,ffpp_source_safe,test,1,FaceSwap,0.9998611211776733,0.8212602734565735,1
faceforensics/FaceSwap/651_835/000014.jpg,hybrid,ffpp_source_safe,test,1,FaceSwap,0.9916067123413086,0.8212602734565735,1
faceforensics/FaceSwap/651_835/000015.jpg,hybrid,ffpp_source_safe,test,1,FaceSwap,0.9959157109260559,0.8212602734565735,1
faceforensics/FaceSwap/651_835/000016.jpg,hybrid,ffpp_source_safe,test,1,FaceSwap,0.9980790615081787,0.8212602734565735,1
faceforensics/FaceSwap/651_835/000017.jpg,hybrid,ffpp_source_safe,test,1,FaceSwap,0.9974361062049866,0.8212602734565735,1
faceforensics/FaceSwap/651_835/000018.jpg,hybrid,ffpp_source_safe,test,1,FaceSwap,0.993009090423584,0.8212602734565735,1
faceforensics/FaceSwap/651_835/000019.jpg,hybrid,ffpp_source_safe,test,1,FaceSwap,0.032759957015514374,0.8212602734565735,0
faceforensics/FaceSwap/651_835/000020.jpg,hybrid,ffpp_source_safe,test,1,FaceSwap,0.26663532853126526,0.8212602734565735,0
faceforensics/FaceSwap/651_835/000021.jpg,hybrid,ffpp_source_safe,test,1,FaceSwap,0.7701654434204102,0.8212602734565735,0
faceforensics/FaceSwap/651_835/000022.jpg,hybrid,ffpp_source_safe,test,1,FaceSwap,0.45873895287513733,0.8212602734565735,0
faceforensics/FaceSwap/651_835/000023.jpg,hybrid,ffpp_source_safe,test,1,FaceSwap,0.9998679161071777,0.8212602734565735,1
faceforensics/FaceSwap/651_835/000024.jpg,hybrid,ffpp_source_safe,test,1,FaceSwap,0.05622445046901703,0.8212602734565735,0
faceforensics/FaceSwap/651_835/000025.jpg,hybrid,ffpp_source_safe,test,1,FaceSwap,0.9115412831306458,0.8212602734565735,1
faceforensics/FaceSwap/651_835/000026.jpg,hybrid,ffpp_source_safe,test,1,FaceSwap,0.9778317213058472,0.8212602734565735,1
faceforensics/FaceSwap/651_835/000027.jpg,hybrid,ffpp_source_safe,test,1,FaceSwap,0.7012235522270203,0.8212602734565735,0
faceforensics/FaceSwap/651_835/000028.jpg,hybrid,ffpp_source_safe,test,1,FaceSwap,0.5015795230865479,0.8212602734565735,0
faceforensics/FaceSwap/651_835/000029.jpg,hybrid,ffpp_source_safe,test,1,FaceSwap,0.9983198046684265,0.8212602734565735,1
faceforensics/FaceSwap/719_737/000000.jpg,hybrid,ffpp_source_safe,test,1,FaceSwap,0.2365398108959198,0.8212602734565735,0
faceforensics/FaceSwap/719_737/000001.jpg,hybrid,ffpp_source_safe,test,1,FaceSwap,0.9585670232772827,0.8212602734565735,1
faceforensics/FaceSwap/719_737/000002.jpg,hybrid,ffpp_source_safe,test,1,FaceSwap,0.8636409640312195,0.8212602734565735,1
faceforensics/FaceSwap/719_737/000003.jpg,hybrid,ffpp_source_safe,test,1,FaceSwap,0.9953188300132751,0.8212602734565735,1
faceforensics/FaceSwap/719_737/000004.jpg,hybrid,ffpp_source_safe,test,1,FaceSwap,0.9411090016365051,0.8212602734565735,1
faceforensics/FaceSwap/719_737/000005.jpg,hybrid,ffpp_source_safe,test,1,FaceSwap,0.9994962215423584,0.8212602734565735,1
faceforensics/FaceSwap/719_737/000006.jpg,hybrid,ffpp_source_safe,test,1,FaceSwap,0.9953171014785767,0.8212602734565735,1
faceforensics/FaceSwap/719_737/000007.jpg,hybrid,ffpp_source_safe,test,1,FaceSwap,0.9494938254356384,0.8212602734565735,1
faceforensics/FaceSwap/719_737/000008.jpg,hybrid,ffpp_source_safe,test,1,FaceSwap,0.9536049365997314,0.8212602734565735,1
faceforensics/FaceSwap/719_737/000009.jpg,hybrid,ffpp_source_safe,test,1,FaceSwap,0.9949572682380676,0.8212602734565735,1
faceforensics/FaceSwap/719_737/000010.jpg,hybrid,ffpp_source_safe,test,1,FaceSwap,0.999858021736145,0.8212602734565735,1
faceforensics/FaceSwap/719_737/000011.jpg,hybrid,ffpp_source_safe,test,1,FaceSwap,0.22522278130054474,0.8212602734565735,0
faceforensics/FaceSwap/719_737/000012.jpg,hybrid,ffpp_source_safe,test,1,FaceSwap,0.9620989561080933,0.8212602734565735,1
faceforensics/FaceSwap/719_737/000013.jpg,hybrid,ffpp_source_safe,test,1,FaceSwap,0.9930506944656372,0.8212602734565735,1
faceforensics/FaceSwap/719_737/000014.jpg,hybrid,ffpp_source_safe,test,1,FaceSwap,0.9917373061180115,0.8212602734565735,1
faceforensics/FaceSwap/719_737/000015.jpg,hybrid,ffpp_source_safe,test,1,FaceSwap,0.9231467843055725,0.8212602734565735,1
faceforensics/FaceSwap/719_737/000016.jpg,hybrid,ffpp_source_safe,test,1,FaceSwap,0.9974744915962219,0.8212602734565735,1
faceforensics/FaceSwap/719_737/000017.jpg,hybrid,ffpp_source_safe,test,1,FaceSwap,0.9610761404037476,0.8212602734565735,1
faceforensics/FaceSwap/719_737/000018.jpg,hybrid,ffpp_source_safe,test,1,FaceSwap,0.7901219129562378,0.8212602734565735,0
faceforensics/FaceSwap/719_737/000019.jpg,hybrid,ffpp_source_safe,test,1,FaceSwap,0.9022473096847534,0.8212602734565735,1
faceforensics/FaceSwap/719_737/000020.jpg,hybrid,ffpp_source_safe,test,1,FaceSwap,0.9989666938781738,0.8212602734565735,1
faceforensics/FaceSwap/719_737/000021.jpg,hybrid,ffpp_source_safe,test,1,FaceSwap,0.9947735667228699,0.8212602734565735,1
faceforensics/FaceSwap/719_737/000022.jpg,hybrid,ffpp_source_safe,test,1,FaceSwap,0.9983646273612976,0.8212602734565735,1
faceforensics/FaceSwap/719_737/000023.jpg,hybrid,ffpp_source_safe,test,1,FaceSwap,0.2110978066921234,0.8212602734565735,0
faceforensics/FaceSwap/719_737/000024.jpg,hybrid,ffpp_source_safe,test,1,FaceSwap,0.9913923740386963,0.8212602734565735,1
faceforensics/FaceSwap/719_737/000025.jpg,hybrid,ffpp_source_safe,test,1,FaceSwap,0.9956791996955872,0.8212602734565735,1
faceforensics/FaceSwap/719_737/000026.jpg,hybrid,ffpp_source_safe,test,1,FaceSwap,0.9981983304023743,0.8212602734565735,1
faceforensics/FaceSwap/719_737/000027.jpg,hybrid,ffpp_source_safe,test,1,FaceSwap,0.9969902038574219,0.8212602734565735,1
faceforensics/FaceSwap/719_737/000028.jpg,hybrid,ffpp_source_safe,test,1,FaceSwap,0.9981034994125366,0.8212602734565735,1
faceforensics/FaceSwap/719_737/000029.jpg,hybrid,ffpp_source_safe,test,1,FaceSwap,0.8425512313842773,0.8212602734565735,1
faceforensics/FaceSwap/737_719/000000.jpg,hybrid,ffpp_source_safe,test,1,FaceSwap,0.6617750525474548,0.8212602734565735,0
faceforensics/FaceSwap/737_719/000001.jpg,hybrid,ffpp_source_safe,test,1,FaceSwap,0.6527345776557922,0.8212602734565735,0
faceforensics/FaceSwap/737_719/000002.jpg,hybrid,ffpp_source_safe,test,1,FaceSwap,0.0010816457215696573,0.8212602734565735,0
faceforensics/FaceSwap/737_719/000003.jpg,hybrid,ffpp_source_safe,test,1,FaceSwap,0.003464985406026244,0.8212602734565735,0
faceforensics/FaceSwap/737_719/000004.jpg,hybrid,ffpp_source_safe,test,1,FaceSwap,0.6628801822662354,0.8212602734565735,0
faceforensics/FaceSwap/737_719/000005.jpg,hybrid,ffpp_source_safe,test,1,FaceSwap,0.004069949965924025,0.8212602734565735,0
faceforensics/FaceSwap/737_719/000006.jpg,hybrid,ffpp_source_safe,test,1,FaceSwap,0.0008197941933758557,0.8212602734565735,0
faceforensics/FaceSwap/737_719/000007.jpg,hybrid,ffpp_source_safe,test,1,FaceSwap,0.00035371771082282066,0.8212602734565735,0
faceforensics/FaceSwap/737_719/000008.jpg,hybrid,ffpp_source_safe,test,1,FaceSwap,0.025814039632678032,0.8212602734565735,0
faceforensics/FaceSwap/737_719/000009.jpg,hybrid,ffpp_source_safe,test,1,FaceSwap,0.02167389914393425,0.8212602734565735,0
faceforensics/FaceSwap/737_719/000010.jpg,hybrid,ffpp_source_safe,test,1,FaceSwap,0.03401222079992294,0.8212602734565735,0
faceforensics/FaceSwap/737_719/000011.jpg,hybrid,ffpp_source_safe,test,1,FaceSwap,0.0016748273046687245,0.8212602734565735,0
faceforensics/FaceSwap/737_719/000012.jpg,hybrid,ffpp_source_safe,test,1,FaceSwap,0.009553203359246254,0.8212602734565735,0
faceforensics/FaceSwap/737_719/000013.jpg,hybrid,ffpp_source_safe,test,1,FaceSwap,0.018869444727897644,0.8212602734565735,0
faceforensics/FaceSwap/737_719/000014.jpg,hybrid,ffpp_source_safe,test,1,FaceSwap,0.6964401602745056,0.8212602734565735,0
faceforensics/FaceSwap/737_719/000015.jpg,hybrid,ffpp_source_safe,test,1,FaceSwap,0.0018034616950899363,0.8212602734565735,0
faceforensics/FaceSwap/737_719/000016.jpg,hybrid,ffpp_source_safe,test,1,FaceSwap,0.002850332297384739,0.8212602734565735,0
faceforensics/FaceSwap/737_719/000017.jpg,hybrid,ffpp_source_safe,test,1,FaceSwap,0.0800761878490448,0.8212602734565735,0
faceforensics/FaceSwap/737_719/000018.jpg,hybrid,ffpp_source_safe,test,1,FaceSwap,0.037530817091464996,0.8212602734565735,0
faceforensics/FaceSwap/737_719/000019.jpg,hybrid,ffpp_source_safe,test,1,FaceSwap,0.0769425481557846,0.8212602734565735,0
faceforensics/FaceSwap/737_719/000020.jpg,hybrid,ffpp_source_safe,test,1,FaceSwap,0.00323555083014071,0.8212602734565735,0
faceforensics/FaceSwap/737_719/000021.jpg,hybrid,ffpp_source_safe,test,1,FaceSwap,0.0232846699655056,0.8212602734565735,0
faceforensics/FaceSwap/737_719/000022.jpg,hybrid,ffpp_source_safe,test,1,FaceSwap,0.10884495824575424,0.8212602734565735,0
faceforensics/FaceSwap/737_719/000023.jpg,hybrid,ffpp_source_safe,test,1,FaceSwap,0.008986332453787327,0.8212602734565735,0
faceforensics/FaceSwap/737_719/000024.jpg,hybrid,ffpp_source_safe,test,1,FaceSwap,0.015080267563462257,0.8212602734565735,0
faceforensics/FaceSwap/737_719/000025.jpg,hybrid,ffpp_source_safe,test,1,FaceSwap,0.3859386444091797,0.8212602734565735,0
faceforensics/FaceSwap/737_719/000026.jpg,hybrid,ffpp_source_safe,test,1,FaceSwap,0.821370542049408,0.8212602734565735,1
faceforensics/FaceSwap/737_719/000027.jpg,hybrid,ffpp_source_safe,test,1,FaceSwap,0.001863981015048921,0.8212602734565735,0
faceforensics/FaceSwap/737_719/000028.jpg,hybrid,ffpp_source_safe,test,1,FaceSwap,0.008729154244065285,0.8212602734565735,0
faceforensics/FaceSwap/737_719/000029.jpg,hybrid,ffpp_source_safe,test,1,FaceSwap,0.01462576910853386,0.8212602734565735,0
faceforensics/FaceSwap/835_651/000000.jpg,hybrid,ffpp_source_safe,test,1,FaceSwap,0.9981325268745422,0.8212602734565735,1
faceforensics/FaceSwap/835_651/000001.jpg,hybrid,ffpp_source_safe,test,1,FaceSwap,0.994976818561554,0.8212602734565735,1
faceforensics/FaceSwap/835_651/000002.jpg,hybrid,ffpp_source_safe,test,1,FaceSwap,0.7516463994979858,0.8212602734565735,0
faceforensics/FaceSwap/835_651/000003.jpg,hybrid,ffpp_source_safe,test,1,FaceSwap,0.9972953200340271,0.8212602734565735,1
faceforensics/FaceSwap/835_651/000004.jpg,hybrid,ffpp_source_safe,test,1,FaceSwap,0.9981374740600586,0.8212602734565735,1
faceforensics/FaceSwap/835_651/000005.jpg,hybrid,ffpp_source_safe,test,1,FaceSwap,0.9996485710144043,0.8212602734565735,1
faceforensics/FaceSwap/835_651/000006.jpg,hybrid,ffpp_source_safe,test,1,FaceSwap,0.9999839067459106,0.8212602734565735,1
faceforensics/FaceSwap/835_651/000007.jpg,hybrid,ffpp_source_safe,test,1,FaceSwap,0.999936580657959,0.8212602734565735,1
faceforensics/FaceSwap/835_651/000008.jpg,hybrid,ffpp_source_safe,test,1,FaceSwap,0.9006396532058716,0.8212602734565735,1
faceforensics/FaceSwap/835_651/000009.jpg,hybrid,ffpp_source_safe,test,1,FaceSwap,0.3788256049156189,0.8212602734565735,0
faceforensics/FaceSwap/835_651/000010.jpg,hybrid,ffpp_source_safe,test,1,FaceSwap,0.9997279047966003,0.8212602734565735,1
faceforensics/FaceSwap/835_651/000011.jpg,hybrid,ffpp_source_safe,test,1,FaceSwap,0.999830961227417,0.8212602734565735,1
faceforensics/FaceSwap/835_651/000012.jpg,hybrid,ffpp_source_safe,test,1,FaceSwap,0.9995021820068359,0.8212602734565735,1
faceforensics/FaceSwap/835_651/000013.jpg,hybrid,ffpp_source_safe,test,1,FaceSwap,0.8817930221557617,0.8212602734565735,1
faceforensics/FaceSwap/835_651/000014.jpg,hybrid,ffpp_source_safe,test,1,FaceSwap,0.9999626874923706,0.8212602734565735,1
faceforensics/FaceSwap/835_651/000015.jpg,hybrid,ffpp_source_safe,test,1,FaceSwap,0.8377830982208252,0.8212602734565735,1
faceforensics/FaceSwap/835_651/000016.jpg,hybrid,ffpp_source_safe,test,1,FaceSwap,0.6652851104736328,0.8212602734565735,0
faceforensics/FaceSwap/835_651/000017.jpg,hybrid,ffpp_source_safe,test,1,FaceSwap,0.34115639328956604,0.8212602734565735,0
faceforensics/FaceSwap/835_651/000018.jpg,hybrid,ffpp_source_safe,test,1,FaceSwap,0.40768420696258545,0.8212602734565735,0
faceforensics/FaceSwap/835_651/000019.jpg,hybrid,ffpp_source_safe,test,1,FaceSwap,0.003254770766943693,0.8212602734565735,0
faceforensics/FaceSwap/835_651/000020.jpg,hybrid,ffpp_source_safe,test,1,FaceSwap,0.014769003726541996,0.8212602734565735,0
faceforensics/FaceSwap/835_651/000021.jpg,hybrid,ffpp_source_safe,test,1,FaceSwap,0.648507833480835,0.8212602734565735,0
faceforensics/FaceSwap/835_651/000022.jpg,hybrid,ffpp_source_safe,test,1,FaceSwap,0.9985153079032898,0.8212602734565735,1
faceforensics/FaceSwap/835_651/000023.jpg,hybrid,ffpp_source_safe,test,1,FaceSwap,0.004325035028159618,0.8212602734565735,0
faceforensics/FaceSwap/835_651/000024.jpg,hybrid,ffpp_source_safe,test,1,FaceSwap,0.11137507110834122,0.8212602734565735,0
faceforensics/FaceSwap/835_651/000025.jpg,hybrid,ffpp_source_safe,test,1,FaceSwap,0.9995244741439819,0.8212602734565735,1
faceforensics/FaceSwap/835_651/000026.jpg,hybrid,ffpp_source_safe,test,1,FaceSwap,0.9992237091064453,0.8212602734565735,1
faceforensics/FaceSwap/835_651/000027.jpg,hybrid,ffpp_source_safe,test,1,FaceSwap,0.9999929666519165,0.8212602734565735,1
faceforensics/FaceSwap/835_651/000028.jpg,hybrid,ffpp_source_safe,test,1,FaceSwap,0.9998712539672852,0.8212602734565735,1
faceforensics/FaceSwap/835_651/000029.jpg,hybrid,ffpp_source_safe,test,1,FaceSwap,0.4431583285331726,0.8212602734565735,0
faceforensics/NeuralTextures/246_258/000000.jpg,hybrid,ffpp_source_safe,test,1,NeuralTextures,0.8785040974617004,0.8212602734565735,1
faceforensics/NeuralTextures/246_258/000001.jpg,hybrid,ffpp_source_safe,test,1,NeuralTextures,0.9534708857536316,0.8212602734565735,1
faceforensics/NeuralTextures/246_258/000002.jpg,hybrid,ffpp_source_safe,test,1,NeuralTextures,0.8996466994285583,0.8212602734565735,1
faceforensics/NeuralTextures/246_258/000003.jpg,hybrid,ffpp_source_safe,test,1,NeuralTextures,0.5573539137840271,0.8212602734565735,0
faceforensics/NeuralTextures/246_258/000004.jpg,hybrid,ffpp_source_safe,test,1,NeuralTextures,0.8622391819953918,0.8212602734565735,1
faceforensics/NeuralTextures/246_258/000005.jpg,hybrid,ffpp_source_safe,test,1,NeuralTextures,0.7360065579414368,0.8212602734565735,0
faceforensics/NeuralTextures/246_258/000006.jpg,hybrid,ffpp_source_safe,test,1,NeuralTextures,0.9840907454490662,0.8212602734565735,1
faceforensics/NeuralTextures/246_258/000007.jpg,hybrid,ffpp_source_safe,test,1,NeuralTextures,0.05493396893143654,0.8212602734565735,0
faceforensics/NeuralTextures/246_258/000008.jpg,hybrid,ffpp_source_safe,test,1,NeuralTextures,0.9176657199859619,0.8212602734565735,1
faceforensics/NeuralTextures/246_258/000009.jpg,hybrid,ffpp_source_safe,test,1,NeuralTextures,0.11207455396652222,0.8212602734565735,0
faceforensics/NeuralTextures/246_258/000010.jpg,hybrid,ffpp_source_safe,test,1,NeuralTextures,0.9511858820915222,0.8212602734565735,1
faceforensics/NeuralTextures/246_258/000011.jpg,hybrid,ffpp_source_safe,test,1,NeuralTextures,0.9292857646942139,0.8212602734565735,1
faceforensics/NeuralTextures/246_258/000012.jpg,hybrid,ffpp_source_safe,test,1,NeuralTextures,0.9512664079666138,0.8212602734565735,1
faceforensics/NeuralTextures/246_258/000013.jpg,hybrid,ffpp_source_safe,test,1,NeuralTextures,0.5800614953041077,0.8212602734565735,0
faceforensics/NeuralTextures/246_258/000014.jpg,hybrid,ffpp_source_safe,test,1,NeuralTextures,0.9409948587417603,0.8212602734565735,1
faceforensics/NeuralTextures/246_258/000015.jpg,hybrid,ffpp_source_safe,test,1,NeuralTextures,0.9040921330451965,0.8212602734565735,1
faceforensics/NeuralTextures/246_258/000016.jpg,hybrid,ffpp_source_safe,test,1,NeuralTextures,0.7123711705207825,0.8212602734565735,0
faceforensics/NeuralTextures/246_258/000017.jpg,hybrid,ffpp_source_safe,test,1,NeuralTextures,0.6428999304771423,0.8212602734565735,0
faceforensics/NeuralTextures/246_258/000018.jpg,hybrid,ffpp_source_safe,test,1,NeuralTextures,0.9597873687744141,0.8212602734565735,1
faceforensics/NeuralTextures/246_258/000019.jpg,hybrid,ffpp_source_safe,test,1,NeuralTextures,0.9171091914176941,0.8212602734565735,1
faceforensics/NeuralTextures/246_258/000020.jpg,hybrid,ffpp_source_safe,test,1,NeuralTextures,0.9519681334495544,0.8212602734565735,1
faceforensics/NeuralTextures/246_258/000021.jpg,hybrid,ffpp_source_safe,test,1,NeuralTextures,0.8330265283584595,0.8212602734565735,1
faceforensics/NeuralTextures/246_258/000022.jpg,hybrid,ffpp_source_safe,test,1,NeuralTextures,0.9879893064498901,0.8212602734565735,1
faceforensics/NeuralTextures/246_258/000023.jpg,hybrid,ffpp_source_safe,test,1,NeuralTextures,0.9505323767662048,0.8212602734565735,1
faceforensics/NeuralTextures/246_258/000024.jpg,hybrid,ffpp_source_safe,test,1,NeuralTextures,0.9629369378089905,0.8212602734565735,1
faceforensics/NeuralTextures/246_258/000025.jpg,hybrid,ffpp_source_safe,test,1,NeuralTextures,0.9658424258232117,0.8212602734565735,1
faceforensics/NeuralTextures/246_258/000026.jpg,hybrid,ffpp_source_safe,test,1,NeuralTextures,0.9918028712272644,0.8212602734565735,1
faceforensics/NeuralTextures/246_258/000027.jpg,hybrid,ffpp_source_safe,test,1,NeuralTextures,0.9981350898742676,0.8212602734565735,1
faceforensics/NeuralTextures/246_258/000028.jpg,hybrid,ffpp_source_safe,test,1,NeuralTextures,0.9150527715682983,0.8212602734565735,1
faceforensics/NeuralTextures/246_258/000029.jpg,hybrid,ffpp_source_safe,test,1,NeuralTextures,0.3990810215473175,0.8212602734565735,0
faceforensics/NeuralTextures/258_246/000000.jpg,hybrid,ffpp_source_safe,test,1,NeuralTextures,0.9909884333610535,0.8212602734565735,1
faceforensics/NeuralTextures/258_246/000001.jpg,hybrid,ffpp_source_safe,test,1,NeuralTextures,0.999546468257904,0.8212602734565735,1
faceforensics/NeuralTextures/258_246/000002.jpg,hybrid,ffpp_source_safe,test,1,NeuralTextures,0.999152421951294,0.8212602734565735,1
faceforensics/NeuralTextures/258_246/000003.jpg,hybrid,ffpp_source_safe,test,1,NeuralTextures,0.9984789490699768,0.8212602734565735,1
faceforensics/NeuralTextures/258_246/000004.jpg,hybrid,ffpp_source_safe,test,1,NeuralTextures,0.9972791075706482,0.8212602734565735,1
faceforensics/NeuralTextures/258_246/000005.jpg,hybrid,ffpp_source_safe,test,1,NeuralTextures,0.6270478367805481,0.8212602734565735,0
faceforensics/NeuralTextures/258_246/000006.jpg,hybrid,ffpp_source_safe,test,1,NeuralTextures,0.997617781162262,0.8212602734565735,1
faceforensics/NeuralTextures/258_246/000007.jpg,hybrid,ffpp_source_safe,test,1,NeuralTextures,0.9978917241096497,0.8212602734565735,1
faceforensics/NeuralTextures/258_246/000008.jpg,hybrid,ffpp_source_safe,test,1,NeuralTextures,0.9969722032546997,0.8212602734565735,1
faceforensics/NeuralTextures/258_246/000009.jpg,hybrid,ffpp_source_safe,test,1,NeuralTextures,0.9976401329040527,0.8212602734565735,1
faceforensics/NeuralTextures/258_246/000010.jpg,hybrid,ffpp_source_safe,test,1,NeuralTextures,0.9980875849723816,0.8212602734565735,1
faceforensics/NeuralTextures/258_246/000011.jpg,hybrid,ffpp_source_safe,test,1,NeuralTextures,0.29067128896713257,0.8212602734565735,0
faceforensics/NeuralTextures/258_246/000012.jpg,hybrid,ffpp_source_safe,test,1,NeuralTextures,0.972953200340271,0.8212602734565735,1
faceforensics/NeuralTextures/258_246/000013.jpg,hybrid,ffpp_source_safe,test,1,NeuralTextures,0.9972891807556152,0.8212602734565735,1
faceforensics/NeuralTextures/258_246/000014.jpg,hybrid,ffpp_source_safe,test,1,NeuralTextures,0.605597734451294,0.8212602734565735,0
faceforensics/NeuralTextures/258_246/000015.jpg,hybrid,ffpp_source_safe,test,1,NeuralTextures,0.9979168772697449,0.8212602734565735,1
faceforensics/NeuralTextures/258_246/000016.jpg,hybrid,ffpp_source_safe,test,1,NeuralTextures,0.9721032977104187,0.8212602734565735,1
faceforensics/NeuralTextures/258_246/000017.jpg,hybrid,ffpp_source_safe,test,1,NeuralTextures,0.9987584352493286,0.8212602734565735,1
faceforensics/NeuralTextures/258_246/000018.jpg,hybrid,ffpp_source_safe,test,1,NeuralTextures,0.9980060458183289,0.8212602734565735,1
faceforensics/NeuralTextures/258_246/000019.jpg,hybrid,ffpp_source_safe,test,1,NeuralTextures,0.9959086179733276,0.8212602734565735,1
faceforensics/NeuralTextures/258_246/000020.jpg,hybrid,ffpp_source_safe,test,1,NeuralTextures,0.9986957907676697,0.8212602734565735,1
faceforensics/NeuralTextures/258_246/000021.jpg,hybrid,ffpp_source_safe,test,1,NeuralTextures,0.9974380731582642,0.8212602734565735,1
faceforensics/NeuralTextures/258_246/000022.jpg,hybrid,ffpp_source_safe,test,1,NeuralTextures,0.9985401630401611,0.8212602734565735,1
faceforensics/NeuralTextures/258_246/000023.jpg,hybrid,ffpp_source_safe,test,1,NeuralTextures,0.9977523684501648,0.8212602734565735,1
faceforensics/NeuralTextures/258_246/000024.jpg,hybrid,ffpp_source_safe,test,1,NeuralTextures,0.9982190728187561,0.8212602734565735,1
faceforensics/NeuralTextures/258_246/000025.jpg,hybrid,ffpp_source_safe,test,1,NeuralTextures,0.999256432056427,0.8212602734565735,1
faceforensics/NeuralTextures/258_246/000026.jpg,hybrid,ffpp_source_safe,test,1,NeuralTextures,0.9977363348007202,0.8212602734565735,1
faceforensics/NeuralTextures/258_246/000027.jpg,hybrid,ffpp_source_safe,test,1,NeuralTextures,0.9958513975143433,0.8212602734565735,1
faceforensics/NeuralTextures/258_246/000028.jpg,hybrid,ffpp_source_safe,test,1,NeuralTextures,0.9866976141929626,0.8212602734565735,1
faceforensics/NeuralTextures/258_246/000029.jpg,hybrid,ffpp_source_safe,test,1,NeuralTextures,0.9758269786834717,0.8212602734565735,1
faceforensics/NeuralTextures/468_470/000000.jpg,hybrid,ffpp_source_safe,test,1,NeuralTextures,0.05112696811556816,0.8212602734565735,0
faceforensics/NeuralTextures/468_470/000001.jpg,hybrid,ffpp_source_safe,test,1,NeuralTextures,0.08379717916250229,0.8212602734565735,0
faceforensics/NeuralTextures/468_470/000002.jpg,hybrid,ffpp_source_safe,test,1,NeuralTextures,0.27640217542648315,0.8212602734565735,0
faceforensics/NeuralTextures/468_470/000003.jpg,hybrid,ffpp_source_safe,test,1,NeuralTextures,0.007055572234094143,0.8212602734565735,0
faceforensics/NeuralTextures/468_470/000004.jpg,hybrid,ffpp_source_safe,test,1,NeuralTextures,0.16425250470638275,0.8212602734565735,0
faceforensics/NeuralTextures/468_470/000005.jpg,hybrid,ffpp_source_safe,test,1,NeuralTextures,0.01422423031181097,0.8212602734565735,0
faceforensics/NeuralTextures/468_470/000006.jpg,hybrid,ffpp_source_safe,test,1,NeuralTextures,0.012978714890778065,0.8212602734565735,0
faceforensics/NeuralTextures/468_470/000007.jpg,hybrid,ffpp_source_safe,test,1,NeuralTextures,0.01531142182648182,0.8212602734565735,0
faceforensics/NeuralTextures/468_470/000008.jpg,hybrid,ffpp_source_safe,test,1,NeuralTextures,0.01190243661403656,0.8212602734565735,0
faceforensics/NeuralTextures/468_470/000009.jpg,hybrid,ffpp_source_safe,test,1,NeuralTextures,0.018716057762503624,0.8212602734565735,0
faceforensics/NeuralTextures/468_470/000010.jpg,hybrid,ffpp_source_safe,test,1,NeuralTextures,0.0057753873988986015,0.8212602734565735,0
faceforensics/NeuralTextures/468_470/000011.jpg,hybrid,ffpp_source_safe,test,1,NeuralTextures,0.011851768009364605,0.8212602734565735,0
faceforensics/NeuralTextures/468_470/000012.jpg,hybrid,ffpp_source_safe,test,1,NeuralTextures,0.169027641415596,0.8212602734565735,0
faceforensics/NeuralTextures/468_470/000013.jpg,hybrid,ffpp_source_safe,test,1,NeuralTextures,0.030322469770908356,0.8212602734565735,0
faceforensics/NeuralTextures/468_470/000014.jpg,hybrid,ffpp_source_safe,test,1,NeuralTextures,0.08472304791212082,0.8212602734565735,0
faceforensics/NeuralTextures/468_470/000015.jpg,hybrid,ffpp_source_safe,test,1,NeuralTextures,0.006827306933701038,0.8212602734565735,0
faceforensics/NeuralTextures/468_470/000016.jpg,hybrid,ffpp_source_safe,test,1,NeuralTextures,0.014524510130286217,0.8212602734565735,0
faceforensics/NeuralTextures/468_470/000017.jpg,hybrid,ffpp_source_safe,test,1,NeuralTextures,0.08733430504798889,0.8212602734565735,0
faceforensics/NeuralTextures/468_470/000018.jpg,hybrid,ffpp_source_safe,test,1,NeuralTextures,0.1842922866344452,0.8212602734565735,0
faceforensics/NeuralTextures/468_470/000019.jpg,hybrid,ffpp_source_safe,test,1,NeuralTextures,0.053157757967710495,0.8212602734565735,0
faceforensics/NeuralTextures/468_470/000020.jpg,hybrid,ffpp_source_safe,test,1,NeuralTextures,0.10544776916503906,0.8212602734565735,0
faceforensics/NeuralTextures/468_470/000021.jpg,hybrid,ffpp_source_safe,test,1,NeuralTextures,0.01718590408563614,0.8212602734565735,0
faceforensics/NeuralTextures/468_470/000022.jpg,hybrid,ffpp_source_safe,test,1,NeuralTextures,0.0014496915973722935,0.8212602734565735,0
faceforensics/NeuralTextures/468_470/000023.jpg,hybrid,ffpp_source_safe,test,1,NeuralTextures,0.047731202095746994,0.8212602734565735,0
faceforensics/NeuralTextures/468_470/000024.jpg,hybrid,ffpp_source_safe,test,1,NeuralTextures,0.012463719584047794,0.8212602734565735,0
faceforensics/NeuralTextures/468_470/000025.jpg,hybrid,ffpp_source_safe,test,1,NeuralTextures,0.014451192691922188,0.8212602734565735,0
faceforensics/NeuralTextures/468_470/000026.jpg,hybrid,ffpp_source_safe,test,1,NeuralTextures,0.019458668306469917,0.8212602734565735,0
faceforensics/NeuralTextures/468_470/000027.jpg,hybrid,ffpp_source_safe,test,1,NeuralTextures,0.030250445008277893,0.8212602734565735,0
faceforensics/NeuralTextures/468_470/000028.jpg,hybrid,ffpp_source_safe,test,1,NeuralTextures,0.11536220461130142,0.8212602734565735,0
faceforensics/NeuralTextures/468_470/000029.jpg,hybrid,ffpp_source_safe,test,1,NeuralTextures,0.005943004507571459,0.8212602734565735,0
faceforensics/NeuralTextures/470_468/000000.jpg,hybrid,ffpp_source_safe,test,1,NeuralTextures,0.9715776443481445,0.8212602734565735,1
faceforensics/NeuralTextures/470_468/000001.jpg,hybrid,ffpp_source_safe,test,1,NeuralTextures,0.08955315500497818,0.8212602734565735,0
faceforensics/NeuralTextures/470_468/000002.jpg,hybrid,ffpp_source_safe,test,1,NeuralTextures,0.9692329168319702,0.8212602734565735,1
faceforensics/NeuralTextures/470_468/000003.jpg,hybrid,ffpp_source_safe,test,1,NeuralTextures,0.9984427094459534,0.8212602734565735,1
faceforensics/NeuralTextures/470_468/000004.jpg,hybrid,ffpp_source_safe,test,1,NeuralTextures,0.9814785718917847,0.8212602734565735,1
faceforensics/NeuralTextures/470_468/000005.jpg,hybrid,ffpp_source_safe,test,1,NeuralTextures,0.9675767421722412,0.8212602734565735,1
faceforensics/NeuralTextures/470_468/000006.jpg,hybrid,ffpp_source_safe,test,1,NeuralTextures,0.9928339719772339,0.8212602734565735,1
faceforensics/NeuralTextures/470_468/000007.jpg,hybrid,ffpp_source_safe,test,1,NeuralTextures,0.47749602794647217,0.8212602734565735,0
faceforensics/NeuralTextures/470_468/000008.jpg,hybrid,ffpp_source_safe,test,1,NeuralTextures,0.9858944416046143,0.8212602734565735,1
faceforensics/NeuralTextures/470_468/000009.jpg,hybrid,ffpp_source_safe,test,1,NeuralTextures,0.8493491411209106,0.8212602734565735,1
faceforensics/NeuralTextures/470_468/000010.jpg,hybrid,ffpp_source_safe,test,1,NeuralTextures,0.9061118960380554,0.8212602734565735,1
faceforensics/NeuralTextures/470_468/000011.jpg,hybrid,ffpp_source_safe,test,1,NeuralTextures,0.936269223690033,0.8212602734565735,1
faceforensics/NeuralTextures/470_468/000012.jpg,hybrid,ffpp_source_safe,test,1,NeuralTextures,0.9345005750656128,0.8212602734565735,1
faceforensics/NeuralTextures/470_468/000013.jpg,hybrid,ffpp_source_safe,test,1,NeuralTextures,0.9526428580284119,0.8212602734565735,1
faceforensics/NeuralTextures/470_468/000014.jpg,hybrid,ffpp_source_safe,test,1,NeuralTextures,0.9877674579620361,0.8212602734565735,1
faceforensics/NeuralTextures/470_468/000015.jpg,hybrid,ffpp_source_safe,test,1,NeuralTextures,0.8502944707870483,0.8212602734565735,1
faceforensics/NeuralTextures/470_468/000016.jpg,hybrid,ffpp_source_safe,test,1,NeuralTextures,0.9971804618835449,0.8212602734565735,1
faceforensics/NeuralTextures/470_468/000017.jpg,hybrid,ffpp_source_safe,test,1,NeuralTextures,0.9129170775413513,0.8212602734565735,1
faceforensics/NeuralTextures/470_468/000018.jpg,hybrid,ffpp_source_safe,test,1,NeuralTextures,0.8964720368385315,0.8212602734565735,1
faceforensics/NeuralTextures/470_468/000019.jpg,hybrid,ffpp_source_safe,test,1,NeuralTextures,0.9324699640274048,0.8212602734565735,1
faceforensics/NeuralTextures/470_468/000020.jpg,hybrid,ffpp_source_safe,test,1,NeuralTextures,0.9933114051818848,0.8212602734565735,1
faceforensics/NeuralTextures/470_468/000021.jpg,hybrid,ffpp_source_safe,test,1,NeuralTextures,0.9755703210830688,0.8212602734565735,1
faceforensics/NeuralTextures/470_468/000022.jpg,hybrid,ffpp_source_safe,test,1,NeuralTextures,0.9629634022712708,0.8212602734565735,1
faceforensics/NeuralTextures/470_468/000023.jpg,hybrid,ffpp_source_safe,test,1,NeuralTextures,0.9951686859130859,0.8212602734565735,1
faceforensics/NeuralTextures/470_468/000024.jpg,hybrid,ffpp_source_safe,test,1,NeuralTextures,0.9942963719367981,0.8212602734565735,1
faceforensics/NeuralTextures/470_468/000025.jpg,hybrid,ffpp_source_safe,test,1,NeuralTextures,0.8090850114822388,0.8212602734565735,0
faceforensics/NeuralTextures/470_468/000026.jpg,hybrid,ffpp_source_safe,test,1,NeuralTextures,0.9884034991264343,0.8212602734565735,1
faceforensics/NeuralTextures/470_468/000027.jpg,hybrid,ffpp_source_safe,test,1,NeuralTextures,0.9985548853874207,0.8212602734565735,1
faceforensics/NeuralTextures/470_468/000028.jpg,hybrid,ffpp_source_safe,test,1,NeuralTextures,0.9988235831260681,0.8212602734565735,1
faceforensics/NeuralTextures/470_468/000029.jpg,hybrid,ffpp_source_safe,test,1,NeuralTextures,0.997478187084198,0.8212602734565735,1
faceforensics/NeuralTextures/651_835/000000.jpg,hybrid,ffpp_source_safe,test,1,NeuralTextures,0.3152030110359192,0.8212602734565735,0
faceforensics/NeuralTextures/651_835/000001.jpg,hybrid,ffpp_source_safe,test,1,NeuralTextures,0.46876317262649536,0.8212602734565735,0
faceforensics/NeuralTextures/651_835/000002.jpg,hybrid,ffpp_source_safe,test,1,NeuralTextures,0.749316930770874,0.8212602734565735,0
faceforensics/NeuralTextures/651_835/000003.jpg,hybrid,ffpp_source_safe,test,1,NeuralTextures,0.6099868416786194,0.8212602734565735,0
faceforensics/NeuralTextures/651_835/000004.jpg,hybrid,ffpp_source_safe,test,1,NeuralTextures,0.8756805658340454,0.8212602734565735,1
faceforensics/NeuralTextures/651_835/000005.jpg,hybrid,ffpp_source_safe,test,1,NeuralTextures,0.7891834378242493,0.8212602734565735,0
faceforensics/NeuralTextures/651_835/000006.jpg,hybrid,ffpp_source_safe,test,1,NeuralTextures,0.5244532823562622,0.8212602734565735,0
faceforensics/NeuralTextures/651_835/000007.jpg,hybrid,ffpp_source_safe,test,1,NeuralTextures,0.38948094844818115,0.8212602734565735,0
faceforensics/NeuralTextures/651_835/000008.jpg,hybrid,ffpp_source_safe,test,1,NeuralTextures,0.3134639859199524,0.8212602734565735,0
faceforensics/NeuralTextures/651_835/000009.jpg,hybrid,ffpp_source_safe,test,1,NeuralTextures,0.3884305953979492,0.8212602734565735,0
faceforensics/NeuralTextures/651_835/000010.jpg,hybrid,ffpp_source_safe,test,1,NeuralTextures,0.48450303077697754,0.8212602734565735,0
faceforensics/NeuralTextures/651_835/000011.jpg,hybrid,ffpp_source_safe,test,1,NeuralTextures,0.8218501210212708,0.8212602734565735,1
faceforensics/NeuralTextures/651_835/000012.jpg,hybrid,ffpp_source_safe,test,1,NeuralTextures,0.24535617232322693,0.8212602734565735,0
faceforensics/NeuralTextures/651_835/000013.jpg,hybrid,ffpp_source_safe,test,1,NeuralTextures,0.3406089246273041,0.8212602734565735,0
faceforensics/NeuralTextures/651_835/000014.jpg,hybrid,ffpp_source_safe,test,1,NeuralTextures,0.6945603489875793,0.8212602734565735,0
faceforensics/NeuralTextures/651_835/000015.jpg,hybrid,ffpp_source_safe,test,1,NeuralTextures,0.9402965903282166,0.8212602734565735,1
faceforensics/NeuralTextures/651_835/000016.jpg,hybrid,ffpp_source_safe,test,1,NeuralTextures,0.212760791182518,0.8212602734565735,0
faceforensics/NeuralTextures/651_835/000017.jpg,hybrid,ffpp_source_safe,test,1,NeuralTextures,0.20454032719135284,0.8212602734565735,0
faceforensics/NeuralTextures/651_835/000018.jpg,hybrid,ffpp_source_safe,test,1,NeuralTextures,0.24522848427295685,0.8212602734565735,0
faceforensics/NeuralTextures/651_835/000019.jpg,hybrid,ffpp_source_safe,test,1,NeuralTextures,0.06675603240728378,0.8212602734565735,0
faceforensics/NeuralTextures/651_835/000020.jpg,hybrid,ffpp_source_safe,test,1,NeuralTextures,0.2749268710613251,0.8212602734565735,0
faceforensics/NeuralTextures/651_835/000021.jpg,hybrid,ffpp_source_safe,test,1,NeuralTextures,0.29439735412597656,0.8212602734565735,0
faceforensics/NeuralTextures/651_835/000022.jpg,hybrid,ffpp_source_safe,test,1,NeuralTextures,0.7405857443809509,0.8212602734565735,0
faceforensics/NeuralTextures/651_835/000023.jpg,hybrid,ffpp_source_safe,test,1,NeuralTextures,0.754261314868927,0.8212602734565735,0
faceforensics/NeuralTextures/651_835/000024.jpg,hybrid,ffpp_source_safe,test,1,NeuralTextures,0.3552931845188141,0.8212602734565735,0
faceforensics/NeuralTextures/651_835/000025.jpg,hybrid,ffpp_source_safe,test,1,NeuralTextures,0.8739636540412903,0.8212602734565735,1
faceforensics/NeuralTextures/651_835/000026.jpg,hybrid,ffpp_source_safe,test,1,NeuralTextures,0.975113034248352,0.8212602734565735,1
faceforensics/NeuralTextures/651_835/000027.jpg,hybrid,ffpp_source_safe,test,1,NeuralTextures,0.5255981683731079,0.8212602734565735,0
faceforensics/NeuralTextures/651_835/000028.jpg,hybrid,ffpp_source_safe,test,1,NeuralTextures,0.8695480823516846,0.8212602734565735,1
faceforensics/NeuralTextures/651_835/000029.jpg,hybrid,ffpp_source_safe,test,1,NeuralTextures,0.4579370319843292,0.8212602734565735,0
faceforensics/NeuralTextures/719_737/000000.jpg,hybrid,ffpp_source_safe,test,1,NeuralTextures,0.9991777539253235,0.8212602734565735,1
faceforensics/NeuralTextures/719_737/000001.jpg,hybrid,ffpp_source_safe,test,1,NeuralTextures,0.9978735446929932,0.8212602734565735,1
faceforensics/NeuralTextures/719_737/000002.jpg,hybrid,ffpp_source_safe,test,1,NeuralTextures,0.9975996613502502,0.8212602734565735,1
faceforensics/NeuralTextures/719_737/000003.jpg,hybrid,ffpp_source_safe,test,1,NeuralTextures,0.9957394599914551,0.8212602734565735,1
faceforensics/NeuralTextures/719_737/000004.jpg,hybrid,ffpp_source_safe,test,1,NeuralTextures,0.9945017099380493,0.8212602734565735,1
faceforensics/NeuralTextures/719_737/000005.jpg,hybrid,ffpp_source_safe,test,1,NeuralTextures,0.9985964894294739,0.8212602734565735,1
faceforensics/NeuralTextures/719_737/000006.jpg,hybrid,ffpp_source_safe,test,1,NeuralTextures,0.9986962676048279,0.8212602734565735,1
faceforensics/NeuralTextures/719_737/000007.jpg,hybrid,ffpp_source_safe,test,1,NeuralTextures,0.9992200136184692,0.8212602734565735,1
faceforensics/NeuralTextures/719_737/000008.jpg,hybrid,ffpp_source_safe,test,1,NeuralTextures,0.9991599321365356,0.8212602734565735,1
faceforensics/NeuralTextures/719_737/000009.jpg,hybrid,ffpp_source_safe,test,1,NeuralTextures,0.9992222785949707,0.8212602734565735,1
faceforensics/NeuralTextures/719_737/000010.jpg,hybrid,ffpp_source_safe,test,1,NeuralTextures,0.997174859046936,0.8212602734565735,1
faceforensics/NeuralTextures/719_737/000011.jpg,hybrid,ffpp_source_safe,test,1,NeuralTextures,0.9963285326957703,0.8212602734565735,1
faceforensics/NeuralTextures/719_737/000012.jpg,hybrid,ffpp_source_safe,test,1,NeuralTextures,0.9958778619766235,0.8212602734565735,1
faceforensics/NeuralTextures/719_737/000013.jpg,hybrid,ffpp_source_safe,test,1,NeuralTextures,0.9931427240371704,0.8212602734565735,1
faceforensics/NeuralTextures/719_737/000014.jpg,hybrid,ffpp_source_safe,test,1,NeuralTextures,0.998982846736908,0.8212602734565735,1
faceforensics/NeuralTextures/719_737/000015.jpg,hybrid,ffpp_source_safe,test,1,NeuralTextures,0.9974265694618225,0.8212602734565735,1
faceforensics/NeuralTextures/719_737/000016.jpg,hybrid,ffpp_source_safe,test,1,NeuralTextures,0.9990463852882385,0.8212602734565735,1
faceforensics/NeuralTextures/719_737/000017.jpg,hybrid,ffpp_source_safe,test,1,NeuralTextures,0.9985792636871338,0.8212602734565735,1
faceforensics/NeuralTextures/719_737/000018.jpg,hybrid,ffpp_source_safe,test,1,NeuralTextures,0.998538613319397,0.8212602734565735,1
faceforensics/NeuralTextures/719_737/000019.jpg,hybrid,ffpp_source_safe,test,1,NeuralTextures,0.99892657995224,0.8212602734565735,1
faceforensics/NeuralTextures/719_737/000020.jpg,hybrid,ffpp_source_safe,test,1,NeuralTextures,0.9992421865463257,0.8212602734565735,1
faceforensics/NeuralTextures/719_737/000021.jpg,hybrid,ffpp_source_safe,test,1,NeuralTextures,0.9904457330703735,0.8212602734565735,1
faceforensics/NeuralTextures/719_737/000022.jpg,hybrid,ffpp_source_safe,test,1,NeuralTextures,0.9994198083877563,0.8212602734565735,1
faceforensics/NeuralTextures/719_737/000023.jpg,hybrid,ffpp_source_safe,test,1,NeuralTextures,0.9970827698707581,0.8212602734565735,1
faceforensics/NeuralTextures/719_737/000024.jpg,hybrid,ffpp_source_safe,test,1,NeuralTextures,0.9995706677436829,0.8212602734565735,1
faceforensics/NeuralTextures/719_737/000025.jpg,hybrid,ffpp_source_safe,test,1,NeuralTextures,0.9995182752609253,0.8212602734565735,1
faceforensics/NeuralTextures/719_737/000026.jpg,hybrid,ffpp_source_safe,test,1,NeuralTextures,0.9966476559638977,0.8212602734565735,1
faceforensics/NeuralTextures/719_737/000027.jpg,hybrid,ffpp_source_safe,test,1,NeuralTextures,0.9993426203727722,0.8212602734565735,1
faceforensics/NeuralTextures/719_737/000028.jpg,hybrid,ffpp_source_safe,test,1,NeuralTextures,0.9991326928138733,0.8212602734565735,1
faceforensics/NeuralTextures/719_737/000029.jpg,hybrid,ffpp_source_safe,test,1,NeuralTextures,0.9996364116668701,0.8212602734565735,1
faceforensics/NeuralTextures/737_719/000000.jpg,hybrid,ffpp_source_safe,test,1,NeuralTextures,0.10823389142751694,0.8212602734565735,0
faceforensics/NeuralTextures/737_719/000001.jpg,hybrid,ffpp_source_safe,test,1,NeuralTextures,0.07612597197294235,0.8212602734565735,0
faceforensics/NeuralTextures/737_719/000002.jpg,hybrid,ffpp_source_safe,test,1,NeuralTextures,0.8190085887908936,0.8212602734565735,0
faceforensics/NeuralTextures/737_719/000003.jpg,hybrid,ffpp_source_safe,test,1,NeuralTextures,0.21942010521888733,0.8212602734565735,0
faceforensics/NeuralTextures/737_719/000004.jpg,hybrid,ffpp_source_safe,test,1,NeuralTextures,0.4447062611579895,0.8212602734565735,0
faceforensics/NeuralTextures/737_719/000005.jpg,hybrid,ffpp_source_safe,test,1,NeuralTextures,0.415865421295166,0.8212602734565735,0
faceforensics/NeuralTextures/737_719/000006.jpg,hybrid,ffpp_source_safe,test,1,NeuralTextures,0.3739646077156067,0.8212602734565735,0
faceforensics/NeuralTextures/737_719/000007.jpg,hybrid,ffpp_source_safe,test,1,NeuralTextures,0.2802736163139343,0.8212602734565735,0
faceforensics/NeuralTextures/737_719/000008.jpg,hybrid,ffpp_source_safe,test,1,NeuralTextures,0.11182726919651031,0.8212602734565735,0
faceforensics/NeuralTextures/737_719/000009.jpg,hybrid,ffpp_source_safe,test,1,NeuralTextures,0.9824009537696838,0.8212602734565735,1
faceforensics/NeuralTextures/737_719/000010.jpg,hybrid,ffpp_source_safe,test,1,NeuralTextures,0.03210856020450592,0.8212602734565735,0
faceforensics/NeuralTextures/737_719/000011.jpg,hybrid,ffpp_source_safe,test,1,NeuralTextures,0.2876906096935272,0.8212602734565735,0
faceforensics/NeuralTextures/737_719/000012.jpg,hybrid,ffpp_source_safe,test,1,NeuralTextures,0.878872275352478,0.8212602734565735,1
faceforensics/NeuralTextures/737_719/000013.jpg,hybrid,ffpp_source_safe,test,1,NeuralTextures,0.7679768204689026,0.8212602734565735,0
faceforensics/NeuralTextures/737_719/000014.jpg,hybrid,ffpp_source_safe,test,1,NeuralTextures,0.1810423880815506,0.8212602734565735,0
faceforensics/NeuralTextures/737_719/000015.jpg,hybrid,ffpp_source_safe,test,1,NeuralTextures,0.4820559322834015,0.8212602734565735,0
faceforensics/NeuralTextures/737_719/000016.jpg,hybrid,ffpp_source_safe,test,1,NeuralTextures,0.7566261291503906,0.8212602734565735,0
faceforensics/NeuralTextures/737_719/000017.jpg,hybrid,ffpp_source_safe,test,1,NeuralTextures,0.43086105585098267,0.8212602734565735,0
faceforensics/NeuralTextures/737_719/000018.jpg,hybrid,ffpp_source_safe,test,1,NeuralTextures,0.1753942370414734,0.8212602734565735,0
faceforensics/NeuralTextures/737_719/000019.jpg,hybrid,ffpp_source_safe,test,1,NeuralTextures,0.06530382484197617,0.8212602734565735,0
faceforensics/NeuralTextures/737_719/000020.jpg,hybrid,ffpp_source_safe,test,1,NeuralTextures,0.2577805519104004,0.8212602734565735,0
faceforensics/NeuralTextures/737_719/000021.jpg,hybrid,ffpp_source_safe,test,1,NeuralTextures,0.16628320515155792,0.8212602734565735,0
faceforensics/NeuralTextures/737_719/000022.jpg,hybrid,ffpp_source_safe,test,1,NeuralTextures,0.9428071975708008,0.8212602734565735,1
faceforensics/NeuralTextures/737_719/000023.jpg,hybrid,ffpp_source_safe,test,1,NeuralTextures,0.8339566588401794,0.8212602734565735,1
faceforensics/NeuralTextures/737_719/000024.jpg,hybrid,ffpp_source_safe,test,1,NeuralTextures,0.9613463282585144,0.8212602734565735,1
faceforensics/NeuralTextures/737_719/000025.jpg,hybrid,ffpp_source_safe,test,1,NeuralTextures,0.13137629628181458,0.8212602734565735,0
faceforensics/NeuralTextures/737_719/000026.jpg,hybrid,ffpp_source_safe,test,1,NeuralTextures,0.054060693830251694,0.8212602734565735,0
faceforensics/NeuralTextures/737_719/000027.jpg,hybrid,ffpp_source_safe,test,1,NeuralTextures,0.015968244522809982,0.8212602734565735,0
faceforensics/NeuralTextures/737_719/000028.jpg,hybrid,ffpp_source_safe,test,1,NeuralTextures,0.3609507977962494,0.8212602734565735,0
faceforensics/NeuralTextures/737_719/000029.jpg,hybrid,ffpp_source_safe,test,1,NeuralTextures,0.24486303329467773,0.8212602734565735,0
faceforensics/NeuralTextures/835_651/000000.jpg,hybrid,ffpp_source_safe,test,1,NeuralTextures,0.9996920824050903,0.8212602734565735,1
faceforensics/NeuralTextures/835_651/000001.jpg,hybrid,ffpp_source_safe,test,1,NeuralTextures,0.9982873797416687,0.8212602734565735,1
faceforensics/NeuralTextures/835_651/000002.jpg,hybrid,ffpp_source_safe,test,1,NeuralTextures,0.9998095631599426,0.8212602734565735,1
faceforensics/NeuralTextures/835_651/000003.jpg,hybrid,ffpp_source_safe,test,1,NeuralTextures,0.9994024038314819,0.8212602734565735,1
faceforensics/NeuralTextures/835_651/000004.jpg,hybrid,ffpp_source_safe,test,1,NeuralTextures,0.9998674392700195,0.8212602734565735,1
faceforensics/NeuralTextures/835_651/000005.jpg,hybrid,ffpp_source_safe,test,1,NeuralTextures,0.9998492002487183,0.8212602734565735,1
faceforensics/NeuralTextures/835_651/000006.jpg,hybrid,ffpp_source_safe,test,1,NeuralTextures,0.9995843768119812,0.8212602734565735,1
faceforensics/NeuralTextures/835_651/000007.jpg,hybrid,ffpp_source_safe,test,1,NeuralTextures,0.9997988343238831,0.8212602734565735,1
faceforensics/NeuralTextures/835_651/000008.jpg,hybrid,ffpp_source_safe,test,1,NeuralTextures,0.9997954964637756,0.8212602734565735,1
faceforensics/NeuralTextures/835_651/000009.jpg,hybrid,ffpp_source_safe,test,1,NeuralTextures,0.9998179078102112,0.8212602734565735,1
faceforensics/NeuralTextures/835_651/000010.jpg,hybrid,ffpp_source_safe,test,1,NeuralTextures,0.9969319105148315,0.8212602734565735,1
faceforensics/NeuralTextures/835_651/000011.jpg,hybrid,ffpp_source_safe,test,1,NeuralTextures,0.9994584918022156,0.8212602734565735,1
faceforensics/NeuralTextures/835_651/000012.jpg,hybrid,ffpp_source_safe,test,1,NeuralTextures,0.9962803721427917,0.8212602734565735,1
faceforensics/NeuralTextures/835_651/000013.jpg,hybrid,ffpp_source_safe,test,1,NeuralTextures,0.9999090433120728,0.8212602734565735,1
faceforensics/NeuralTextures/835_651/000014.jpg,hybrid,ffpp_source_safe,test,1,NeuralTextures,0.9996198415756226,0.8212602734565735,1
faceforensics/NeuralTextures/835_651/000015.jpg,hybrid,ffpp_source_safe,test,1,NeuralTextures,0.9605288505554199,0.8212602734565735,1
faceforensics/NeuralTextures/835_651/000016.jpg,hybrid,ffpp_source_safe,test,1,NeuralTextures,0.9886341094970703,0.8212602734565735,1
faceforensics/NeuralTextures/835_651/000017.jpg,hybrid,ffpp_source_safe,test,1,NeuralTextures,0.9301733374595642,0.8212602734565735,1
faceforensics/NeuralTextures/835_651/000018.jpg,hybrid,ffpp_source_safe,test,1,NeuralTextures,0.9990247488021851,0.8212602734565735,1
faceforensics/NeuralTextures/835_651/000019.jpg,hybrid,ffpp_source_safe,test,1,NeuralTextures,0.9981417655944824,0.8212602734565735,1
faceforensics/NeuralTextures/835_651/000020.jpg,hybrid,ffpp_source_safe,test,1,NeuralTextures,0.9734578132629395,0.8212602734565735,1
faceforensics/NeuralTextures/835_651/000021.jpg,hybrid,ffpp_source_safe,test,1,NeuralTextures,0.9889203906059265,0.8212602734565735,1
faceforensics/NeuralTextures/835_651/000022.jpg,hybrid,ffpp_source_safe,test,1,NeuralTextures,0.9759430289268494,0.8212602734565735,1
faceforensics/NeuralTextures/835_651/000023.jpg,hybrid,ffpp_source_safe,test,1,NeuralTextures,0.6868706345558167,0.8212602734565735,0
faceforensics/NeuralTextures/835_651/000024.jpg,hybrid,ffpp_source_safe,test,1,NeuralTextures,0.9989961981773376,0.8212602734565735,1
faceforensics/NeuralTextures/835_651/000025.jpg,hybrid,ffpp_source_safe,test,1,NeuralTextures,0.9991633892059326,0.8212602734565735,1
faceforensics/NeuralTextures/835_651/000026.jpg,hybrid,ffpp_source_safe,test,1,NeuralTextures,0.999051034450531,0.8212602734565735,1
faceforensics/NeuralTextures/835_651/000027.jpg,hybrid,ffpp_source_safe,test,1,NeuralTextures,0.998977541923523,0.8212602734565735,1
faceforensics/NeuralTextures/835_651/000028.jpg,hybrid,ffpp_source_safe,test,1,NeuralTextures,0.9931421279907227,0.8212602734565735,1
faceforensics/NeuralTextures/835_651/000029.jpg,hybrid,ffpp_source_safe,test,1,NeuralTextures,0.8971182107925415,0.8212602734565735,1
deepfakeface_sd15/real/00/12596800_1920-10-18_1955.jpg,hybrid,external_original_matched,external_test,0,real,0.001961308531463146,0.8212602734565735,0
deepfakeface_sd15/real/00/15550600_1973-11-01_2000.jpg,hybrid,external_original_matched,external_test,0,real,0.00010995203047059476,0.8212602734565735,0
deepfakeface_sd15/real/00/18407100_1917-10-18_1958.jpg,hybrid,external_original_matched,external_test,0,real,0.00011219301086384803,0.8212602734565735,0
deepfakeface_sd15/real/00/23804200_1950-03-31_2013.jpg,hybrid,external_original_matched,external_test,0,real,9.595764277037233e-05,0.8212602734565735,0
deepfakeface_sd15/real/00/2540500_1970-10-10_2008.jpg,hybrid,external_original_matched,external_test,0,real,0.02552027814090252,0.8212602734565735,0
deepfakeface_sd15/real/00/2669900_1933-07-29_1968.jpg,hybrid,external_original_matched,external_test,0,real,0.06500768661499023,0.8212602734565735,0
deepfakeface_sd15/real/00/26771200_1988-08-13_2009.jpg,hybrid,external_original_matched,external_test,0,real,0.27378928661346436,0.8212602734565735,0
deepfakeface_sd15/real/00/2690900_1963-03-12_2010.jpg,hybrid,external_original_matched,external_test,0,real,0.01061107125133276,0.8212602734565735,0
deepfakeface_sd15/real/00/28476500_1938-06-12_1959.jpg,hybrid,external_original_matched,external_test,0,real,0.15649296343326569,0.8212602734565735,0
deepfakeface_sd15/real/00/28886000_1928-01-17_2009.jpg,hybrid,external_original_matched,external_test,0,real,0.0046508898958563805,0.8212602734565735,0
deepfakeface_sd15/real/00/3293900_1973-09-23_2004.jpg,hybrid,external_original_matched,external_test,0,real,0.9229461550712585,0.8212602734565735,1
deepfakeface_sd15/real/00/34199700_1921-05-23_1946.jpg,hybrid,external_original_matched,external_test,0,real,0.0001400983310304582,0.8212602734565735,0
deepfakeface_sd15/real/00/34316600_1994-11-15_2013.jpg,hybrid,external_original_matched,external_test,0,real,0.05542347952723503,0.8212602734565735,0
deepfakeface_sd15/real/00/35360200_1996-11-01_2012.jpg,hybrid,external_original_matched,external_test,0,real,0.1334289014339447,0.8212602734565735,0
deepfakeface_sd15/real/00/36606300_1984-08-03_2014.jpg,hybrid,external_original_matched,external_test,0,real,0.002395462244749069,0.8212602734565735,0
deepfakeface_sd15/real/00/38882500_1940-10-04_1977.jpg,hybrid,external_original_matched,external_test,0,real,0.0874074175953865,0.8212602734565735,0
deepfakeface_sd15/real/00/3982800_1988-01-29_2012.jpg,hybrid,external_original_matched,external_test,0,real,0.010857493616640568,0.8212602734565735,0
deepfakeface_sd15/real/00/41835500_1992-05-12_2014.jpg,hybrid,external_original_matched,external_test,0,real,0.4121702015399933,0.8212602734565735,0
deepfakeface_sd15/real/00/4236500_1977-10-18_2005.jpg,hybrid,external_original_matched,external_test,0,real,0.27697044610977173,0.8212602734565735,0
deepfakeface_sd15/real/00/46667800_1978-03-16_2014.jpg,hybrid,external_original_matched,external_test,0,real,5.8714816987048835e-05,0.8212602734565735,0
deepfakeface_sd15/real/00/5616200_1968-09-06_2006.jpg,hybrid,external_original_matched,external_test,0,real,0.2507997453212738,0.8212602734565735,0
deepfakeface_sd15/real/00/5751800_1950-09-09_2010.jpg,hybrid,external_original_matched,external_test,0,real,1.5251645891112275e-05,0.8212602734565735,0
deepfakeface_sd15/real/00/67000_1947-05-13_2007.jpg,hybrid,external_original_matched,external_test,0,real,0.22449399530887604,0.8212602734565735,0
deepfakeface_sd15/real/00/7567200_1932-07-31_1966.jpg,hybrid,external_original_matched,external_test,0,real,0.023446761071681976,0.8212602734565735,0
deepfakeface_sd15/real/00/8222200_1941-05-15_1964.jpg,hybrid,external_original_matched,external_test,0,real,0.16175822913646698,0.8212602734565735,0
deepfakeface_sd15/real/00/836500_1977-03-04_2007.jpg,hybrid,external_original_matched,external_test,0,real,0.10505799949169159,0.8212602734565735,0
deepfakeface_sd15/real/00/9210500_1912-02-06_1942.jpg,hybrid,external_original_matched,external_test,0,real,0.1741257607936859,0.8212602734565735,0
deepfakeface_sd15/real/00/944600_1968-02-05_2006.jpg,hybrid,external_original_matched,external_test,0,real,0.06159832701086998,0.8212602734565735,0
deepfakeface_sd15/real/00/9801700_1969-10-11_2012.jpg,hybrid,external_original_matched,external_test,0,real,0.0012185507221147418,0.8212602734565735,0
deepfakeface_sd15/real/02/4539602_1977-04-26_2010.jpg,hybrid,external_original_matched,external_test,0,real,0.012372354045510292,0.8212602734565735,0
deepfakeface_sd15/real/03/10970703_1984-05-21_2011.jpg,hybrid,external_original_matched,external_test,0,real,0.1098301112651825,0.8212602734565735,0
deepfakeface_sd15/real/03/1142203_1949-03-03_2008.jpg,hybrid,external_original_matched,external_test,0,real,0.011784099042415619,0.8212602734565735,0
deepfakeface_sd15/real/03/13181303_1944-01-11_1971.jpg,hybrid,external_original_matched,external_test,0,real,1.4242831639421638e-05,0.8212602734565735,0
deepfakeface_sd15/real/03/14926103_1928-01-13_1958.jpg,hybrid,external_original_matched,external_test,0,real,0.02566441334784031,0.8212602734565735,0
deepfakeface_sd15/real/03/16103_1907-05-26_1965.jpg,hybrid,external_original_matched,external_test,0,real,0.0048074801452457905,0.8212602734565735,0
deepfakeface_sd15/real/03/18388503_1942-09-14_2007.jpg,hybrid,external_original_matched,external_test,0,real,0.40120387077331543,0.8212602734565735,0
deepfakeface_sd15/real/03/19966503_1974-03-04_2011.jpg,hybrid,external_original_matched,external_test,0,real,0.5386004447937012,0.8212602734565735,0
deepfakeface_sd15/real/03/21296103_1982-04-25_2011.jpg,hybrid,external_original_matched,external_test,0,real,0.9857553839683533,0.8212602734565735,1
deepfakeface_sd15/real/03/2220103_1954-05-18_2009.jpg,hybrid,external_original_matched,external_test,0,real,0.0027449827175587416,0.8212602734565735,0
deepfakeface_sd15/real/03/225903_1935-04-21_2007.jpg,hybrid,external_original_matched,external_test,0,real,0.00046979912440292537,0.8212602734565735,0
deepfakeface_sd15/real/03/2395003_1940-06-21_1977.jpg,hybrid,external_original_matched,external_test,0,real,9.72795533016324e-05,0.8212602734565735,0
deepfakeface_sd15/real/03/2420403_1964-03-18_2007.jpg,hybrid,external_original_matched,external_test,0,real,0.0048172264359891415,0.8212602734565735,0
deepfakeface_sd15/real/03/2740303_1974-11-03_1999.jpg,hybrid,external_original_matched,external_test,0,real,0.5240262746810913,0.8212602734565735,0
deepfakeface_sd15/real/03/2779203_1965-10-01_2008.jpg,hybrid,external_original_matched,external_test,0,real,0.8251924514770508,0.8212602734565735,1
deepfakeface_sd15/real/03/317803_1920-03-03_2011.jpg,hybrid,external_original_matched,external_test,0,real,0.018092578276991844,0.8212602734565735,0
deepfakeface_sd15/real/03/32442803_1991-09-14_2012.jpg,hybrid,external_original_matched,external_test,0,real,0.6013310551643372,0.8212602734565735,0
deepfakeface_sd15/real/03/34807003_1990-05-29_2013.jpg,hybrid,external_original_matched,external_test,0,real,0.004660818260163069,0.8212602734565735,0
deepfakeface_sd15/real/03/37970303_1977-07-09_2013.jpg,hybrid,external_original_matched,external_test,0,real,0.3365660011768341,0.8212602734565735,0
deepfakeface_sd15/real/03/39605003_1966-06-21_2012.jpg,hybrid,external_original_matched,external_test,0,real,0.5679085850715637,0.8212602734565735,0
deepfakeface_sd15/real/03/39918103_1988-09-29_2012.jpg,hybrid,external_original_matched,external_test,0,real,0.9982543587684631,0.8212602734565735,1
deepfakeface_sd15/real/03/4830003_1961-12-01_2010.jpg,hybrid,external_original_matched,external_test,0,real,0.5106768608093262,0.8212602734565735,0
deepfakeface_sd15/real/03/555703_1913-07-13_1970.jpg,hybrid,external_original_matched,external_test,0,real,0.00016313708329107612,0.8212602734565735,0
deepfakeface_sd15/real/03/6104003_1985-07-06_2006.jpg,hybrid,external_original_matched,external_test,0,real,0.9763709306716919,0.8212602734565735,1
deepfakeface_sd15/real/03/7100903_1961-03-15_2010.jpg,hybrid,external_original_matched,external_test,0,real,0.5725752115249634,0.8212602734565735,0
deepfakeface_sd15/real/03/7655603_1956-03-09_2010.jpg,hybrid,external_original_matched,external_test,0,real,0.0013549744617193937,0.8212602734565735,0
deepfakeface_sd15/real/03/8902703_1978-09-20_2007.jpg,hybrid,external_original_matched,external_test,0,real,0.38923323154449463,0.8212602734565735,0
deepfakeface_sd15/real/03/9000703_1982-07-16_2008.jpg,hybrid,external_original_matched,external_test,0,real,0.436770498752594,0.8212602734565735,0
deepfakeface_sd15/real/03/9729003_1988-05-18_2011.jpg,hybrid,external_original_matched,external_test,0,real,0.029680218547582626,0.8212602734565735,0
deepfakeface_sd15/real/03/97803_1991-04-04_2007.jpg,hybrid,external_original_matched,external_test,0,real,0.0015311278402805328,0.8212602734565735,0
deepfakeface_sd15/real/12/1836812_1976-11-06_2013.jpg,hybrid,external_original_matched,external_test,0,real,0.0012354725040495396,0.8212602734565735,0
deepfakeface_sd15/real/14/12041214_1955-03-25_2012.jpg,hybrid,external_original_matched,external_test,0,real,0.00192402140237391,0.8212602734565735,0
deepfakeface_sd15/real/14/12461914_1975-12-14_2007.jpg,hybrid,external_original_matched,external_test,0,real,0.003777817590162158,0.8212602734565735,0
deepfakeface_sd15/real/14/14307714_1977-01-29_2013.jpg,hybrid,external_original_matched,external_test,0,real,0.001875914167612791,0.8212602734565735,0
deepfakeface_sd15/real/14/170514_1963-03-06_1970.jpg,hybrid,external_original_matched,external_test,0,real,0.0004377907025627792,0.8212602734565735,0
deepfakeface_sd15/real/14/1830414_1971-07-01_2013.jpg,hybrid,external_original_matched,external_test,0,real,0.2788049280643463,0.8212602734565735,0
deepfakeface_sd15/real/14/19894914_1989-10-19_2012.jpg,hybrid,external_original_matched,external_test,0,real,0.9605395197868347,0.8212602734565735,1
deepfakeface_sd15/real/14/1995914_1928-11-21_1976.jpg,hybrid,external_original_matched,external_test,0,real,0.0018174293218180537,0.8212602734565735,0
deepfakeface_sd15/real/14/2009614_1964-05-13_2008.jpg,hybrid,external_original_matched,external_test,0,real,0.0001322554307989776,0.8212602734565735,0
deepfakeface_sd15/real/14/21538614_1990-11-01_2015.jpg,hybrid,external_original_matched,external_test,0,real,0.2285279929637909,0.8212602734565735,0
deepfakeface_sd15/real/14/22037414_1987-06-05_2013.jpg,hybrid,external_original_matched,external_test,0,real,0.00022578997595701367,0.8212602734565735,0
deepfakeface_sd15/real/14/23420614_1974-04-16_2008.jpg,hybrid,external_original_matched,external_test,0,real,0.8977392911911011,0.8212602734565735,1
deepfakeface_sd15/real/14/27131114_1983-08-30_2011.jpg,hybrid,external_original_matched,external_test,0,real,0.010550768114626408,0.8212602734565735,0
deepfakeface_sd15/real/14/28269114_1941-03-21_2011.jpg,hybrid,external_original_matched,external_test,0,real,0.000653084774967283,0.8212602734565735,0
deepfakeface_sd15/real/14/28819114_1961-06-26_2009.jpg,hybrid,external_original_matched,external_test,0,real,0.12335053086280823,0.8212602734565735,0
deepfakeface_sd15/real/14/33258714_1979-05-30_2011.jpg,hybrid,external_original_matched,external_test,0,real,0.9708285331726074,0.8212602734565735,1
deepfakeface_sd15/real/14/35642014_1989-04-27_2012.jpg,hybrid,external_original_matched,external_test,0,real,0.00012888932542409748,0.8212602734565735,0
deepfakeface_sd15/real/14/36566914_1988-08-11_2014.jpg,hybrid,external_original_matched,external_test,0,real,0.13832905888557434,0.8212602734565735,0
deepfakeface_sd15/real/14/36573714_1984-12-01_2012.jpg,hybrid,external_original_matched,external_test,0,real,0.4289526343345642,0.8212602734565735,0
deepfakeface_sd15/real/14/3772814_1978-02-28_2008.jpg,hybrid,external_original_matched,external_test,0,real,0.06380884349346161,0.8212602734565735,0
deepfakeface_sd15/real/14/41732014_1943-06-18_1969.jpg,hybrid,external_original_matched,external_test,0,real,0.21516022086143494,0.8212602734565735,0
deepfakeface_sd15/real/14/4295614_1924-09-15_1987.jpg,hybrid,external_original_matched,external_test,0,real,0.021642474457621574,0.8212602734565735,0
deepfakeface_sd15/real/14/44096714_1964-06-29_2012.jpg,hybrid,external_original_matched,external_test,0,real,0.4012397527694702,0.8212602734565735,0
deepfakeface_sd15/real/14/448514_1959-03-06_2007.jpg,hybrid,external_original_matched,external_test,0,real,0.003179742256179452,0.8212602734565735,0
deepfakeface_sd15/real/14/585414_1951-03-17_2014.jpg,hybrid,external_original_matched,external_test,0,real,0.0012586184311658144,0.8212602734565735,0
deepfakeface_sd15/real/14/5923814_1958-08-28_1991.jpg,hybrid,external_original_matched,external_test,0,real,0.7627653479576111,0.8212602734565735,0
deepfakeface_sd15/real/14/5965014_1981-12-21_2013.jpg,hybrid,external_original_matched,external_test,0,real,0.03014359064400196,0.8212602734565735,0
deepfakeface_sd15/real/14/852514_1980-01-18_2013.jpg,hybrid,external_original_matched,external_test,0,real,0.01902644708752632,0.8212602734565735,0
deepfakeface_sd15/real/14/8543614_1983-09-25_2010.jpg,hybrid,external_original_matched,external_test,0,real,0.009595471434295177,0.8212602734565735,0
deepfakeface_sd15/real/14/9716514_1900-04-10_1946.jpg,hybrid,external_original_matched,external_test,0,real,2.420079727016855e-05,0.8212602734565735,0
deepfakeface_sd15/real/21/10172021_1963-06-02_2006.jpg,hybrid,external_original_matched,external_test,0,real,0.0021869814954698086,0.8212602734565735,0
deepfakeface_sd15/real/21/1176621_1966-05-16_2010.jpg,hybrid,external_original_matched,external_test,0,real,0.0013909327099099755,0.8212602734565735,0
deepfakeface_sd15/real/21/12261121_1985-01-04_2014.jpg,hybrid,external_original_matched,external_test,0,real,0.041575897485017776,0.8212602734565735,0
deepfakeface_sd15/real/21/15872621_1922-08-28_1952.jpg,hybrid,external_original_matched,external_test,0,real,0.05034352093935013,0.8212602734565735,0
deepfakeface_sd15/real/21/15905321_1990-01-06_2009.jpg,hybrid,external_original_matched,external_test,0,real,0.007189062889665365,0.8212602734565735,0
deepfakeface_sd15/real/21/16521_1938-12-29_2011.jpg,hybrid,external_original_matched,external_test,0,real,5.70659976801835e-05,0.8212602734565735,0
deepfakeface_sd15/real/21/174821_1961-09-25_1993.jpg,hybrid,external_original_matched,external_test,0,real,0.012375564314424992,0.8212602734565735,0
deepfakeface_sd15/real/21/1825621_1945-09-08_2008.jpg,hybrid,external_original_matched,external_test,0,real,0.28891345858573914,0.8212602734565735,0
deepfakeface_sd15/real/21/20599521_1967-08-09_2012.jpg,hybrid,external_original_matched,external_test,0,real,0.0009723781258799136,0.8212602734565735,0
deepfakeface_sd15/real/21/24644621_1964-12-15_2010.jpg,hybrid,external_original_matched,external_test,0,real,0.027122732251882553,0.8212602734565735,0
deepfakeface_sd15/real/21/250721_1956-06-03_2010.jpg,hybrid,external_original_matched,external_test,0,real,0.0299986582249403,0.8212602734565735,0
deepfakeface_sd15/real/21/2797621_1960-03-15_2011.jpg,hybrid,external_original_matched,external_test,0,real,0.0003558641183190048,0.8212602734565735,0
deepfakeface_sd15/real/21/29126821_1986-10-07_2014.jpg,hybrid,external_original_matched,external_test,0,real,7.486149843316525e-05,0.8212602734565735,0
deepfakeface_sd15/real/21/2950421_1974-09-11_2007.jpg,hybrid,external_original_matched,external_test,0,real,2.577371196821332e-05,0.8212602734565735,0
deepfakeface_sd15/real/21/295321_1904-08-23_1955.jpg,hybrid,external_original_matched,external_test,0,real,0.000549273390788585,0.8212602734565735,0
deepfakeface_sd15/real/21/3003021_1956-12-23_2014.jpg,hybrid,external_original_matched,external_test,0,real,0.498134970664978,0.8212602734565735,0
deepfakeface_sd15/real/21/30496921_1916-02-13_1977.jpg,hybrid,external_original_matched,external_test,0,real,0.9668111205101013,0.8212602734565735,1
deepfakeface_sd15/real/21/332221_1903-07-21_2007.jpg,hybrid,external_original_matched,external_test,0,real,0.7082668542861938,0.8212602734565735,0
deepfakeface_sd15/real/21/35191121_1990-01-18_2014.jpg,hybrid,external_original_matched,external_test,0,real,0.4865357577800751,0.8212602734565735,0
deepfakeface_sd15/real/21/40783721_1958-04-16_2013.jpg,hybrid,external_original_matched,external_test,0,real,0.02745315432548523,0.8212602734565735,0
deepfakeface_sd15/real/21/4137921_1965-08-22_2013.jpg,hybrid,external_original_matched,external_test,0,real,0.01910550706088543,0.8212602734565735,0
deepfakeface_sd15/real/21/6573321_1986-05-01_2008.jpg,hybrid,external_original_matched,external_test,0,real,0.025319881737232208,0.8212602734565735,0
deepfakeface_sd15/real/21/6574321_1982-08-10_2012.jpg,hybrid,external_original_matched,external_test,0,real,0.14804694056510925,0.8212602734565735,0
deepfakeface_sd15/real/21/7170221_1933-03-27_1983.jpg,hybrid,external_original_matched,external_test,0,real,0.016196442767977715,0.8212602734565735,0
deepfakeface_sd15/real/21/7623721_1978-03-01_2010.jpg,hybrid,external_original_matched,external_test,0,real,0.000524021394085139,0.8212602734565735,0
deepfakeface_sd15/real/21/8194621_1986-02-16_2009.jpg,hybrid,external_original_matched,external_test,0,real,0.4669831097126007,0.8212602734565735,0
deepfakeface_sd15/real/21/8774721_1967-04-29_2010.jpg,hybrid,external_original_matched,external_test,0,real,0.0006034571561031044,0.8212602734565735,0
deepfakeface_sd15/real/21/8789221_1983-08-14_2012.jpg,hybrid,external_original_matched,external_test,0,real,0.06994330883026123,0.8212602734565735,0
deepfakeface_sd15/real/21/9404921_1978-07-09_2009.jpg,hybrid,external_original_matched,external_test,0,real,0.1791536659002304,0.8212602734565735,0
deepfakeface_sd15/real/24/2968824_1963-05-26_2011.jpg,hybrid,external_original_matched,external_test,0,real,0.0003420427383389324,0.8212602734565735,0
deepfakeface_sd15/real/26/503926_1976-12-31_2009.jpg,hybrid,external_original_matched,external_test,0,real,0.0029049140866845846,0.8212602734565735,0
deepfakeface_sd15/real/30/11772430_1938-04-14_2008.jpg,hybrid,external_original_matched,external_test,0,real,2.7815425710286945e-05,0.8212602734565735,0
deepfakeface_sd15/real/34/1149234_1978-10-03_2010.jpg,hybrid,external_original_matched,external_test,0,real,0.009772245772182941,0.8212602734565735,0
deepfakeface_sd15/real/34/11653234_1986-12-23_2012.jpg,hybrid,external_original_matched,external_test,0,real,0.0002197609283030033,0.8212602734565735,0
deepfakeface_sd15/real/34/1266534_1975-11-03_2011.jpg,hybrid,external_original_matched,external_test,0,real,0.003446095623075962,0.8212602734565735,0
deepfakeface_sd15/real/34/12829834_1950-08-15_2002.jpg,hybrid,external_original_matched,external_test,0,real,0.09575702250003815,0.8212602734565735,0
deepfakeface_sd15/real/34/13846034_1977-08-30_2009.jpg,hybrid,external_original_matched,external_test,0,real,0.5434892773628235,0.8212602734565735,0
deepfakeface_sd15/real/34/1386234_1952-04-25_2004.jpg,hybrid,external_original_matched,external_test,0,real,0.14667652547359467,0.8212602734565735,0
deepfakeface_sd15/real/34/19258134_1986-05-13_2009.jpg,hybrid,external_original_matched,external_test,0,real,0.00269854674115777,0.8212602734565735,0
deepfakeface_sd15/real/34/19354934_1986-10-18_2009.jpg,hybrid,external_original_matched,external_test,0,real,0.48252376914024353,0.8212602734565735,0
deepfakeface_sd15/real/34/20500734_1950-03-30_2014.jpg,hybrid,external_original_matched,external_test,0,real,0.0010388542432338,0.8212602734565735,0
deepfakeface_sd15/real/34/21284234_1983-06-02_2011.jpg,hybrid,external_original_matched,external_test,0,real,0.06568784266710281,0.8212602734565735,0
deepfakeface_sd15/real/34/23945334_1979-07-30_2008.jpg,hybrid,external_original_matched,external_test,0,real,0.9675412774085999,0.8212602734565735,1
deepfakeface_sd15/real/34/25905034_1992-04-05_2009.jpg,hybrid,external_original_matched,external_test,0,real,0.12483279407024384,0.8212602734565735,0
deepfakeface_sd15/real/34/276834_1928-01-30_2010.jpg,hybrid,external_original_matched,external_test,0,real,0.000536785984877497,0.8212602734565735,0
deepfakeface_sd15/real/34/32504534_1990-12-18_2011.jpg,hybrid,external_original_matched,external_test,0,real,0.3421339988708496,0.8212602734565735,0
deepfakeface_sd15/real/34/32670934_1973-08-28_2013.jpg,hybrid,external_original_matched,external_test,0,real,6.111517723184079e-05,0.8212602734565735,0
deepfakeface_sd15/real/34/33682634_1989-09-15_2011.jpg,hybrid,external_original_matched,external_test,0,real,0.3217158913612366,0.8212602734565735,0
deepfakeface_sd15/real/34/36722334_1937-08-31_2005.jpg,hybrid,external_original_matched,external_test,0,real,0.006038576830178499,0.8212602734565735,0
deepfakeface_sd15/real/34/39718934_1987-12-07_2013.jpg,hybrid,external_original_matched,external_test,0,real,0.024319356307387352,0.8212602734565735,0
deepfakeface_sd15/real/34/398734_1932-05-04_1955.jpg,hybrid,external_original_matched,external_test,0,real,0.0934506207704544,0.8212602734565735,0
deepfakeface_sd15/real/34/42708434_1996-03-11_2013.jpg,hybrid,external_original_matched,external_test,0,real,0.014610321260988712,0.8212602734565735,0
deepfakeface_sd15/real/34/43639934_1912-04-03_2003.jpg,hybrid,external_original_matched,external_test,0,real,0.004454568959772587,0.8212602734565735,0
deepfakeface_sd15/real/34/440034_1924-04-29_1963.jpg,hybrid,external_original_matched,external_test,0,real,0.07719729840755463,0.8212602734565735,0
deepfakeface_sd15/real/34/4413434_1984-01-21_2013.jpg,hybrid,external_original_matched,external_test,0,real,0.23305301368236542,0.8212602734565735,0
deepfakeface_sd15/real/34/4998434_1979-05-16_2005.jpg,hybrid,external_original_matched,external_test,0,real,0.00025582732632756233,0.8212602734565735,0
deepfakeface_sd15/real/34/5354734_1976-10-17_1995.jpg,hybrid,external_original_matched,external_test,0,real,0.9765450358390808,0.8212602734565735,1
deepfakeface_sd15/real/34/603934_1963-12-04_2013.jpg,hybrid,external_original_matched,external_test,0,real,0.0001523043611086905,0.8212602734565735,0
deepfakeface_sd15/real/34/78834_1970-04-29_2014.jpg,hybrid,external_original_matched,external_test,0,real,0.006378479301929474,0.8212602734565735,0
deepfakeface_sd15/real/34/9326434_1987-05-02_2006.jpg,hybrid,external_original_matched,external_test,0,real,0.457045316696167,0.8212602734565735,0
deepfakeface_sd15/real/35/10970235_1972-10-10_2010.jpg,hybrid,external_original_matched,external_test,0,real,0.004383504390716553,0.8212602734565735,0
deepfakeface_sd15/real/35/12523735_1981-04-21_2014.jpg,hybrid,external_original_matched,external_test,0,real,0.02966204658150673,0.8212602734565735,0
deepfakeface_sd15/real/35/1323135_1941-09-15_1966.jpg,hybrid,external_original_matched,external_test,0,real,0.4277905523777008,0.8212602734565735,0
deepfakeface_sd15/real/35/13774535_1942-06-09_1957.jpg,hybrid,external_original_matched,external_test,0,real,0.03716535493731499,0.8212602734565735,0
deepfakeface_sd15/real/35/14180235_1985-10-27_2015.jpg,hybrid,external_original_matched,external_test,0,real,0.9334260821342468,0.8212602734565735,1
deepfakeface_sd15/real/35/14347235_1959-06-15_2013.jpg,hybrid,external_original_matched,external_test,0,real,0.17593441903591156,0.8212602734565735,0
deepfakeface_sd15/real/35/1437535_1935-02-22_2010.jpg,hybrid,external_original_matched,external_test,0,real,0.08784961700439453,0.8212602734565735,0
deepfakeface_sd15/real/35/14619035_1990-02-25_2014.jpg,hybrid,external_original_matched,external_test,0,real,0.0004491837462410331,0.8212602734565735,0
deepfakeface_sd15/real/35/1566935_1953-09-11_2010.jpg,hybrid,external_original_matched,external_test,0,real,0.5631313323974609,0.8212602734565735,0
deepfakeface_sd15/real/35/16105135_1980-04-18_2012.jpg,hybrid,external_original_matched,external_test,0,real,0.807348906993866,0.8212602734565735,0
deepfakeface_sd15/real/35/17974235_1973-06-13_2009.jpg,hybrid,external_original_matched,external_test,0,real,0.020891496911644936,0.8212602734565735,0
deepfakeface_sd15/real/35/18933035_1982-08-26_2012.jpg,hybrid,external_original_matched,external_test,0,real,0.2622595727443695,0.8212602734565735,0
deepfakeface_sd15/real/35/19966435_1968-04-03_2012.jpg,hybrid,external_original_matched,external_test,0,real,0.0009732882608659565,0.8212602734565735,0
deepfakeface_sd15/real/35/2357835_1982-06-16_2014.jpg,hybrid,external_original_matched,external_test,0,real,0.0005211239331401885,0.8212602734565735,0
deepfakeface_sd15/real/35/2663135_1941-03-20_2008.jpg,hybrid,external_original_matched,external_test,0,real,0.05481095612049103,0.8212602734565735,0
deepfakeface_sd15/real/35/2667535_1937-12-16_1985.jpg,hybrid,external_original_matched,external_test,0,real,0.04738939180970192,0.8212602734565735,0
deepfakeface_sd15/real/35/28265335_1988-06-22_2013.jpg,hybrid,external_original_matched,external_test,0,real,0.0033876076340675354,0.8212602734565735,0
deepfakeface_sd15/real/35/30385335_1991-08-22_2011.jpg,hybrid,external_original_matched,external_test,0,real,0.3095126748085022,0.8212602734565735,0
deepfakeface_sd15/real/35/3110335_1948-04-03_2012.jpg,hybrid,external_original_matched,external_test,0,real,0.0018527761567384005,0.8212602734565735,0
deepfakeface_sd15/real/35/31663335_1976-06-05_2013.jpg,hybrid,external_original_matched,external_test,0,real,0.0004461658245418221,0.8212602734565735,0
deepfakeface_sd15/real/35/32471435_1932-05-10_1959.jpg,hybrid,external_original_matched,external_test,0,real,0.03229271247982979,0.8212602734565735,0
deepfakeface_sd15/real/35/33199835_1985-06-12_2011.jpg,hybrid,external_original_matched,external_test,0,real,0.012821147218346596,0.8212602734565735,0
deepfakeface_sd15/real/35/3338735_1981-11-16_2013.jpg,hybrid,external_original_matched,external_test,0,real,0.045957405120134354,0.8212602734565735,0
deepfakeface_sd15/real/35/34163535_1988-04-03_2011.jpg,hybrid,external_original_matched,external_test,0,real,0.7388331294059753,0.8212602734565735,0
deepfakeface_sd15/real/35/36702535_1992-07-04_2012.jpg,hybrid,external_original_matched,external_test,0,real,0.38012880086898804,0.8212602734565735,0
deepfakeface_sd15/real/35/4943835_1891-09-22_1968.jpg,hybrid,external_original_matched,external_test,0,real,0.00018236869073007256,0.8212602734565735,0
deepfakeface_sd15/real/35/6232035_1987-09-07_2013.jpg,hybrid,external_original_matched,external_test,0,real,0.006333658471703529,0.8212602734565735,0
deepfakeface_sd15/real/35/89835_1951-04-07_1981.jpg,hybrid,external_original_matched,external_test,0,real,0.9291179180145264,0.8212602734565735,1
deepfakeface_sd15/real/55/10095655_1985-07-10_2012.jpg,hybrid,external_original_matched,external_test,0,real,0.00029189500492066145,0.8212602734565735,0
deepfakeface_sd15/real/55/10486955_1937-11-18_1975.jpg,hybrid,external_original_matched,external_test,0,real,0.0008144830935634673,0.8212602734565735,0
deepfakeface_sd15/real/55/1196855_1923-06-24_2009.jpg,hybrid,external_original_matched,external_test,0,real,0.00898581463843584,0.8212602734565735,0
deepfakeface_sd15/real/55/12428755_1982-12-09_2012.jpg,hybrid,external_original_matched,external_test,0,real,0.17737212777137756,0.8212602734565735,0
deepfakeface_sd15/real/55/1349055_1974-02-24_2009.jpg,hybrid,external_original_matched,external_test,0,real,0.102820985019207,0.8212602734565735,0
deepfakeface_sd15/real/55/14640255_1980-09-24_2006.jpg,hybrid,external_original_matched,external_test,0,real,0.3861333131790161,0.8212602734565735,0
deepfakeface_sd15/real/55/14904555_1915-05-08_1941.jpg,hybrid,external_original_matched,external_test,0,real,0.06928642839193344,0.8212602734565735,0
deepfakeface_sd15/real/55/15890555_1987-12-03_2014.jpg,hybrid,external_original_matched,external_test,0,real,0.040933120995759964,0.8212602734565735,0
deepfakeface_sd15/real/55/1941155_1993-07-26_2010.jpg,hybrid,external_original_matched,external_test,0,real,0.2745559513568878,0.8212602734565735,0
deepfakeface_sd15/real/55/20025755_1979-03-10_2009.jpg,hybrid,external_original_matched,external_test,0,real,6.785114965168759e-05,0.8212602734565735,0
deepfakeface_sd15/real/55/2538755_1933-07-01_1979.jpg,hybrid,external_original_matched,external_test,0,real,0.0012642682995647192,0.8212602734565735,0
deepfakeface_sd15/real/55/27599355_1985-04-07_2007.jpg,hybrid,external_original_matched,external_test,0,real,0.1983402520418167,0.8212602734565735,0
deepfakeface_sd15/real/55/2894455_1947-09-13_2009.jpg,hybrid,external_original_matched,external_test,0,real,0.05634620785713196,0.8212602734565735,0
deepfakeface_sd15/real/55/295555_1950-07-15_2012.jpg,hybrid,external_original_matched,external_test,0,real,0.0009803444845601916,0.8212602734565735,0
deepfakeface_sd15/real/55/2979255_1982-08-30_2012.jpg,hybrid,external_original_matched,external_test,0,real,0.00010471348650753498,0.8212602734565735,0
deepfakeface_sd15/real/55/30781355_1963-07-29_2015.jpg,hybrid,external_original_matched,external_test,0,real,0.8760460019111633,0.8212602734565735,1
deepfakeface_sd15/real/55/31689055_1988-03-014_2013.jpg,hybrid,external_original_matched,external_test,0,real,0.026081135496497154,0.8212602734565735,0
deepfakeface_sd15/real/55/3523055_1984-05-01_2014.jpg,hybrid,external_original_matched,external_test,0,real,0.028683502227067947,0.8212602734565735,0
deepfakeface_sd15/real/55/3566855_1977-08-09_2010.jpg,hybrid,external_original_matched,external_test,0,real,0.7005383968353271,0.8212602734565735,0
deepfakeface_sd15/real/55/36326355_1990-10-27_2014.jpg,hybrid,external_original_matched,external_test,0,real,0.00035940465750172734,0.8212602734565735,0
deepfakeface_sd15/real/55/38909755_1989-02-21_2013.jpg,hybrid,external_original_matched,external_test,0,real,0.3700226843357086,0.8212602734565735,0
deepfakeface_sd15/real/55/39790655_2013-07-22_2014.jpg,hybrid,external_original_matched,external_test,0,real,0.04022784158587456,0.8212602734565735,0
deepfakeface_sd15/real/55/42718155_1946-01-25_2006.jpg,hybrid,external_original_matched,external_test,0,real,0.001439299900084734,0.8212602734565735,0
deepfakeface_sd15/real/55/43284855_1980-08-11_2012.jpg,hybrid,external_original_matched,external_test,0,real,0.08942058682441711,0.8212602734565735,0
deepfakeface_sd15/real/55/45263455_1979-05-12_2015.jpg,hybrid,external_original_matched,external_test,0,real,0.0027684196829795837,0.8212602734565735,0
deepfakeface_sd15/real/55/46238055_1947-10-19_1980.jpg,hybrid,external_original_matched,external_test,0,real,7.227280730148777e-05,0.8212602734565735,0
deepfakeface_sd15/real/55/72655_1975-10-12_2004.jpg,hybrid,external_original_matched,external_test,0,real,0.0016177431680262089,0.8212602734565735,0
deepfakeface_sd15/real/55/870155_1962-12-01_2010.jpg,hybrid,external_original_matched,external_test,0,real,0.0007921559736132622,0.8212602734565735,0
deepfakeface_sd15/real/69/41427969_1939-03-30_1972.jpg,hybrid,external_original_matched,external_test,0,real,0.04906035587191582,0.8212602734565735,0
deepfakeface_sd15/real/71/12738371_1985-05-25_2015.jpg,hybrid,external_original_matched,external_test,0,real,0.013237861916422844,0.8212602734565735,0
deepfakeface_sd15/real/71/14220271_1972-11-30_2008.jpg,hybrid,external_original_matched,external_test,0,real,9.41818070714362e-05,0.8212602734565735,0
deepfakeface_sd15/real/71/165871_1942-09-30_1950.jpg,hybrid,external_original_matched,external_test,0,real,0.00031470725662074983,0.8212602734565735,0
deepfakeface_sd15/real/71/17112571_1992-02-27_2012.jpg,hybrid,external_original_matched,external_test,0,real,0.9854409098625183,0.8212602734565735,1
deepfakeface_sd15/real/71/1854071_1958-08-14_1991.jpg,hybrid,external_original_matched,external_test,0,real,0.5972642302513123,0.8212602734565735,0
deepfakeface_sd15/real/71/18720671_1986-06-23_2012.jpg,hybrid,external_original_matched,external_test,0,real,0.21388089656829834,0.8212602734565735,0
deepfakeface_sd15/real/71/19476171_1989-08-02_2014.jpg,hybrid,external_original_matched,external_test,0,real,0.3470853865146637,0.8212602734565735,0
deepfakeface_sd15/real/71/23399171_1991-05-22_2009.jpg,hybrid,external_original_matched,external_test,0,real,9.479793516220525e-05,0.8212602734565735,0
deepfakeface_sd15/real/71/2492371_1942-11-06_1965.jpg,hybrid,external_original_matched,external_test,0,real,0.0001830657565733418,0.8212602734565735,0
deepfakeface_sd15/real/71/25422271_1990-09-11_2014.jpg,hybrid,external_original_matched,external_test,0,real,0.03132975473999977,0.8212602734565735,0
deepfakeface_sd15/real/71/27164771_1990-09-17_2009.jpg,hybrid,external_original_matched,external_test,0,real,0.00021334698249120265,0.8212602734565735,0
deepfakeface_sd15/real/71/27987171_1987-05-10_2013.jpg,hybrid,external_original_matched,external_test,0,real,0.002385334111750126,0.8212602734565735,0
deepfakeface_sd15/real/71/29084271_1991-09-22_2014.jpg,hybrid,external_original_matched,external_test,0,real,0.15742693841457367,0.8212602734565735,0
deepfakeface_sd15/real/71/30657971_1992-05-11_2014.jpg,hybrid,external_original_matched,external_test,0,real,0.1937047243118286,0.8212602734565735,0
deepfakeface_sd15/real/71/31706371_1989-01-14_2011.jpg,hybrid,external_original_matched,external_test,0,real,0.06099992245435715,0.8212602734565735,0
deepfakeface_sd15/real/71/33021371_1988-02-18_2013.jpg,hybrid,external_original_matched,external_test,0,real,0.13046275079250336,0.8212602734565735,0
deepfakeface_sd15/real/71/3312671_1985-08-02_2008.jpg,hybrid,external_original_matched,external_test,0,real,0.05081666260957718,0.8212602734565735,0
deepfakeface_sd15/real/71/35188571_1983-09-18_2009.jpg,hybrid,external_original_matched,external_test,0,real,0.0002891517651733011,0.8212602734565735,0
deepfakeface_sd15/real/71/42650171_1946-12-10_2013.jpg,hybrid,external_original_matched,external_test,0,real,0.00021617046149913222,0.8212602734565735,0
deepfakeface_sd15/real/71/5081071_1925-11-13_1953.jpg,hybrid,external_original_matched,external_test,0,real,0.05583251640200615,0.8212602734565735,0
deepfakeface_sd15/real/71/566471_1971-05-18_2011.jpg,hybrid,external_original_matched,external_test,0,real,0.007435206789523363,0.8212602734565735,0
deepfakeface_sd15/real/71/703371_1918-03-12_1980.jpg,hybrid,external_original_matched,external_test,0,real,0.0004817753506358713,0.8212602734565735,0
deepfakeface_sd15/real/71/775271_1959-09-16_2011.jpg,hybrid,external_original_matched,external_test,0,real,0.004888004623353481,0.8212602734565735,0
deepfakeface_sd15/real/71/8334671_1931-02-14_1966.jpg,hybrid,external_original_matched,external_test,0,real,0.017693376168608665,0.8212602734565735,0
deepfakeface_sd15/real/71/9069371_1986-03-19_2013.jpg,hybrid,external_original_matched,external_test,0,real,0.7718618512153625,0.8212602734565735,0
deepfakeface_sd15/real/71/967871_1972-12-15_2008.jpg,hybrid,external_original_matched,external_test,0,real,0.04759744554758072,0.8212602734565735,0
deepfakeface_sd15/real/71/9845271_1955-09-16_2001.jpg,hybrid,external_original_matched,external_test,0,real,0.0029285901691764593,0.8212602734565735,0
deepfakeface_sd15/real/73/1013073_1978-05-24_2010.jpg,hybrid,external_original_matched,external_test,0,real,0.2125842124223709,0.8212602734565735,0
deepfakeface_sd15/real/73/12464473_1935-03-06_1958.jpg,hybrid,external_original_matched,external_test,0,real,0.000268796575255692,0.8212602734565735,0
deepfakeface_sd15/real/73/12786073_1984-05-18_2011.jpg,hybrid,external_original_matched,external_test,0,real,0.0010612321784719825,0.8212602734565735,0
deepfakeface_sd15/real/73/16855173_1937-10-21_2008.jpg,hybrid,external_original_matched,external_test,0,real,0.005454729776829481,0.8212602734565735,0
deepfakeface_sd15/real/73/18933173_1984-05-13_2011.jpg,hybrid,external_original_matched,external_test,0,real,0.0028981182258576155,0.8212602734565735,0
deepfakeface_sd15/real/73/20989373_1938-09-15_1988.jpg,hybrid,external_original_matched,external_test,0,real,0.0006650431314483285,0.8212602734565735,0
deepfakeface_sd15/real/73/21741673_1995-03-01_2009.jpg,hybrid,external_original_matched,external_test,0,real,0.8271769285202026,0.8212602734565735,1
deepfakeface_sd15/real/73/2210573_1958-04-04_2007.jpg,hybrid,external_original_matched,external_test,0,real,0.005759580060839653,0.8212602734565735,0
deepfakeface_sd15/real/73/24079373_1979-07-15_2009.jpg,hybrid,external_original_matched,external_test,0,real,0.14481718838214874,0.8212602734565735,0
deepfakeface_sd15/real/73/25286273_1990-11-02_2013.jpg,hybrid,external_original_matched,external_test,0,real,0.9530510902404785,0.8212602734565735,1
deepfakeface_sd15/real/73/27347573_1992-06-02_2010.jpg,hybrid,external_original_matched,external_test,0,real,0.0005099401460029185,0.8212602734565735,0
deepfakeface_sd15/real/73/3365773_1949-06-24_1985.jpg,hybrid,external_original_matched,external_test,0,real,0.06188731640577316,0.8212602734565735,0
deepfakeface_sd15/real/73/34239373_1994-11-30_2014.jpg,hybrid,external_original_matched,external_test,0,real,0.47382214665412903,0.8212602734565735,0
deepfakeface_sd15/real/73/3517073_1984-09-10_2011.jpg,hybrid,external_original_matched,external_test,0,real,0.5118980407714844,0.8212602734565735,0
deepfakeface_sd15/real/73/36499973_1985-09-06_2011.jpg,hybrid,external_original_matched,external_test,0,real,0.17255562543869019,0.8212602734565735,0
deepfakeface_sd15/real/73/37985373_1988-12-05_2014.jpg,hybrid,external_original_matched,external_test,0,real,0.004003528039902449,0.8212602734565735,0
deepfakeface_sd15/real/73/38089073_1988-06-26_2014.jpg,hybrid,external_original_matched,external_test,0,real,0.0028659251984208822,0.8212602734565735,0
deepfakeface_sd15/real/73/41639973_1876-12-25_1940.jpg,hybrid,external_original_matched,external_test,0,real,0.007173433434218168,0.8212602734565735,0
deepfakeface_sd15/real/73/46452873_1906-12-20_1945.jpg,hybrid,external_original_matched,external_test,0,real,0.9848858714103699,0.8212602734565735,1
deepfakeface_sd15/real/73/479273_1985-12-08_2014.jpg,hybrid,external_original_matched,external_test,0,real,0.0008161623845808208,0.8212602734565735,0
deepfakeface_sd15/real/73/502973_1958-03-25_2012.jpg,hybrid,external_original_matched,external_test,0,real,0.00830428022891283,0.8212602734565735,0
deepfakeface_sd15/real/73/5332173_1935-09-06_2008.jpg,hybrid,external_original_matched,external_test,0,real,0.0005843735998496413,0.8212602734565735,0
deepfakeface_sd15/real/73/666973_1960-09-19_2005.jpg,hybrid,external_original_matched,external_test,0,real,0.009194697253406048,0.8212602734565735,0
deepfakeface_sd15/real/73/9311273_1979-08-24_2010.jpg,hybrid,external_original_matched,external_test,0,real,0.0020019705407321453,0.8212602734565735,0
deepfakeface_sd15/real/80/2798180_1985-12-19_2014.jpg,hybrid,external_original_matched,external_test,0,real,0.030859582126140594,0.8212602734565735,0
deepfakeface_sd15/real/80/6049880_1985-02-26_2013.jpg,hybrid,external_original_matched,external_test,0,real,0.3803464472293854,0.8212602734565735,0
deepfakeface_sd15/real/80/9076080_1971-09-21_2011.jpg,hybrid,external_original_matched,external_test,0,real,0.8040711879730225,0.8212602734565735,0
deepfakeface_sd15/real/98/10760998_1937-01-14_1968.jpg,hybrid,external_original_matched,external_test,0,real,2.410424167464953e-05,0.8212602734565735,0
deepfakeface_sd15/real/98/13664298_1989-04-27_2014.jpg,hybrid,external_original_matched,external_test,0,real,0.001026528887450695,0.8212602734565735,0
deepfakeface_sd15/real/98/14073598_1892-03-06_1943.jpg,hybrid,external_original_matched,external_test,0,real,0.7926249504089355,0.8212602734565735,0
deepfakeface_sd15/real/98/142698_1939-09-01_2014.jpg,hybrid,external_original_matched,external_test,0,real,0.00018133992853108793,0.8212602734565735,0
deepfakeface_sd15/real/98/15230998_1983-01-10_2007.jpg,hybrid,external_original_matched,external_test,0,real,0.009760353714227676,0.8212602734565735,0
deepfakeface_sd15/real/98/176998_1933-08-16_1965.jpg,hybrid,external_original_matched,external_test,0,real,0.31983569264411926,0.8212602734565735,0
deepfakeface_sd15/real/98/22298398_1962-09-19_2011.jpg,hybrid,external_original_matched,external_test,0,real,5.289953332976438e-05,0.8212602734565735,0
deepfakeface_sd15/real/98/23428298_1982-12-22_2009.jpg,hybrid,external_original_matched,external_test,0,real,0.294401615858078,0.8212602734565735,0
deepfakeface_sd15/real/98/23560198_1992-06-20_2014.jpg,hybrid,external_original_matched,external_test,0,real,0.0025573617313057184,0.8212602734565735,0
deepfakeface_sd15/real/98/25616698_1980-08-12_2012.jpg,hybrid,external_original_matched,external_test,0,real,0.0006929790833964944,0.8212602734565735,0
deepfakeface_sd15/real/98/25980298_1980-07-05_2013.jpg,hybrid,external_original_matched,external_test,0,real,0.00245737936347723,0.8212602734565735,0
deepfakeface_sd15/real/98/2705698_1958-12-06_2007.jpg,hybrid,external_original_matched,external_test,0,real,0.0002458214294165373,0.8212602734565735,0
deepfakeface_sd15/real/98/27687598_1957-10-28_2009.jpg,hybrid,external_original_matched,external_test,0,real,0.1473778486251831,0.8212602734565735,0
deepfakeface_sd15/real/98/30789098_1986-05-13_2012.jpg,hybrid,external_original_matched,external_test,0,real,0.10388877242803574,0.8212602734565735,0
deepfakeface_sd15/real/98/32664798_1990-03-03_2014.jpg,hybrid,external_original_matched,external_test,0,real,0.023465946316719055,0.8212602734565735,0
deepfakeface_sd15/real/98/3604398_1981-06-16_2012.jpg,hybrid,external_original_matched,external_test,0,real,0.219665065407753,0.8212602734565735,0
deepfakeface_sd15/real/98/40219898_1975-03-11_2013.jpg,hybrid,external_original_matched,external_test,0,real,0.05963035672903061,0.8212602734565735,0
deepfakeface_sd15/real/98/40883698_1972-01-26_2014.jpg,hybrid,external_original_matched,external_test,0,real,0.12501506507396698,0.8212602734565735,0
deepfakeface_sd15/real/98/4276598_1950-10-14_1975.jpg,hybrid,external_original_matched,external_test,0,real,0.013684166595339775,0.8212602734565735,0
deepfakeface_sd15/real/98/45298998_1988-08-17_2012.jpg,hybrid,external_original_matched,external_test,0,real,0.6312096118927002,0.8212602734565735,0
deepfakeface_sd15/real/98/4691798_1977-09-15_2005.jpg,hybrid,external_original_matched,external_test,0,real,0.005945201963186264,0.8212602734565735,0
deepfakeface_sd15/real/98/46974698_1942-02-22_1968.jpg,hybrid,external_original_matched,external_test,0,real,0.02486569620668888,0.8212602734565735,0
deepfakeface_sd15/real/98/577798_1933-12-08_1969.jpg,hybrid,external_original_matched,external_test,0,real,0.007516623008996248,0.8212602734565735,0
deepfakeface_sd15/real/98/591698_1968-01-15_2000.jpg,hybrid,external_original_matched,external_test,0,real,0.7150350213050842,0.8212602734565735,0
deepfakeface_sd15/real/98/609598_1929-11-08_2007.jpg,hybrid,external_original_matched,external_test,0,real,0.7814533114433289,0.8212602734565735,0
deepfakeface_sd15/real/98/6548698_1964-02-27_2010.jpg,hybrid,external_original_matched,external_test,0,real,0.01456541009247303,0.8212602734565735,0
deepfakeface_sd15/real/98/670098_1974-07-29_2009.jpg,hybrid,external_original_matched,external_test,0,real,0.3969288170337677,0.8212602734565735,0
deepfakeface_sd15/real/98/6808898_1936-01-17_2012.jpg,hybrid,external_original_matched,external_test,0,real,0.00045164459152147174,0.8212602734565735,0
deepfakeface_sd15/fake/00/12596800_1920-10-18_1955.jpg,hybrid,external_original_matched,external_test,1,StableDiffusion_v1_5,0.026062199845910072,0.8212602734565735,0
deepfakeface_sd15/fake/00/15550600_1973-11-01_2000.jpg,hybrid,external_original_matched,external_test,1,StableDiffusion_v1_5,0.008536295033991337,0.8212602734565735,0
deepfakeface_sd15/fake/00/18407100_1917-10-18_1958.jpg,hybrid,external_original_matched,external_test,1,StableDiffusion_v1_5,0.9996998310089111,0.8212602734565735,1
deepfakeface_sd15/fake/00/23804200_1950-03-31_2013.jpg,hybrid,external_original_matched,external_test,1,StableDiffusion_v1_5,0.01782565750181675,0.8212602734565735,0
deepfakeface_sd15/fake/00/2540500_1970-10-10_2008.jpg,hybrid,external_original_matched,external_test,1,StableDiffusion_v1_5,0.15632230043411255,0.8212602734565735,0
deepfakeface_sd15/fake/00/2669900_1933-07-29_1968.jpg,hybrid,external_original_matched,external_test,1,StableDiffusion_v1_5,0.0004881522909272462,0.8212602734565735,0
deepfakeface_sd15/fake/00/26771200_1988-08-13_2009.jpg,hybrid,external_original_matched,external_test,1,StableDiffusion_v1_5,0.0008280199836008251,0.8212602734565735,0
deepfakeface_sd15/fake/00/2690900_1963-03-12_2010.jpg,hybrid,external_original_matched,external_test,1,StableDiffusion_v1_5,1.0908225704042707e-05,0.8212602734565735,0
deepfakeface_sd15/fake/00/28476500_1938-06-12_1959.jpg,hybrid,external_original_matched,external_test,1,StableDiffusion_v1_5,0.02275007963180542,0.8212602734565735,0
deepfakeface_sd15/fake/00/28886000_1928-01-17_2009.jpg,hybrid,external_original_matched,external_test,1,StableDiffusion_v1_5,0.0001931645383592695,0.8212602734565735,0
deepfakeface_sd15/fake/00/3293900_1973-09-23_2004.jpg,hybrid,external_original_matched,external_test,1,StableDiffusion_v1_5,0.0003882424207404256,0.8212602734565735,0
deepfakeface_sd15/fake/00/34199700_1921-05-23_1946.jpg,hybrid,external_original_matched,external_test,1,StableDiffusion_v1_5,2.1640116756316274e-05,0.8212602734565735,0
deepfakeface_sd15/fake/00/34316600_1994-11-15_2013.jpg,hybrid,external_original_matched,external_test,1,StableDiffusion_v1_5,0.006010246463119984,0.8212602734565735,0
deepfakeface_sd15/fake/00/35360200_1996-11-01_2012.jpg,hybrid,external_original_matched,external_test,1,StableDiffusion_v1_5,0.032626282423734665,0.8212602734565735,0
deepfakeface_sd15/fake/00/36606300_1984-08-03_2014.jpg,hybrid,external_original_matched,external_test,1,StableDiffusion_v1_5,0.0021433287765830755,0.8212602734565735,0
deepfakeface_sd15/fake/00/38882500_1940-10-04_1977.jpg,hybrid,external_original_matched,external_test,1,StableDiffusion_v1_5,0.0007992739556357265,0.8212602734565735,0
deepfakeface_sd15/fake/00/3982800_1988-01-29_2012.jpg,hybrid,external_original_matched,external_test,1,StableDiffusion_v1_5,0.0005810376605950296,0.8212602734565735,0
deepfakeface_sd15/fake/00/41835500_1992-05-12_2014.jpg,hybrid,external_original_matched,external_test,1,StableDiffusion_v1_5,0.0001508366985945031,0.8212602734565735,0
deepfakeface_sd15/fake/00/4236500_1977-10-18_2005.jpg,hybrid,external_original_matched,external_test,1,StableDiffusion_v1_5,0.0037540385965257883,0.8212602734565735,0
deepfakeface_sd15/fake/00/46667800_1978-03-16_2014.jpg,hybrid,external_original_matched,external_test,1,StableDiffusion_v1_5,0.0012656213948503137,0.8212602734565735,0
deepfakeface_sd15/fake/00/5616200_1968-09-06_2006.jpg,hybrid,external_original_matched,external_test,1,StableDiffusion_v1_5,0.0009343143319711089,0.8212602734565735,0
deepfakeface_sd15/fake/00/5751800_1950-09-09_2010.jpg,hybrid,external_original_matched,external_test,1,StableDiffusion_v1_5,0.03029821813106537,0.8212602734565735,0
deepfakeface_sd15/fake/00/67000_1947-05-13_2007.jpg,hybrid,external_original_matched,external_test,1,StableDiffusion_v1_5,0.004169299732893705,0.8212602734565735,0
deepfakeface_sd15/fake/00/7567200_1932-07-31_1966.jpg,hybrid,external_original_matched,external_test,1,StableDiffusion_v1_5,0.20558443665504456,0.8212602734565735,0
deepfakeface_sd15/fake/00/8222200_1941-05-15_1964.jpg,hybrid,external_original_matched,external_test,1,StableDiffusion_v1_5,0.02658190205693245,0.8212602734565735,0
deepfakeface_sd15/fake/00/836500_1977-03-04_2007.jpg,hybrid,external_original_matched,external_test,1,StableDiffusion_v1_5,0.10483291000127792,0.8212602734565735,0
deepfakeface_sd15/fake/00/9210500_1912-02-06_1942.jpg,hybrid,external_original_matched,external_test,1,StableDiffusion_v1_5,0.00047137224464677274,0.8212602734565735,0
deepfakeface_sd15/fake/00/944600_1968-02-05_2006.jpg,hybrid,external_original_matched,external_test,1,StableDiffusion_v1_5,0.0001622198906261474,0.8212602734565735,0
deepfakeface_sd15/fake/00/9801700_1969-10-11_2012.jpg,hybrid,external_original_matched,external_test,1,StableDiffusion_v1_5,0.00038126538856886327,0.8212602734565735,0
deepfakeface_sd15/fake/02/4539602_1977-04-26_2010.jpg,hybrid,external_original_matched,external_test,1,StableDiffusion_v1_5,0.0044200061820447445,0.8212602734565735,0
deepfakeface_sd15/fake/03/10970703_1984-05-21_2011.jpg,hybrid,external_original_matched,external_test,1,StableDiffusion_v1_5,5.776875696028583e-05,0.8212602734565735,0
deepfakeface_sd15/fake/03/1142203_1949-03-03_2008.jpg,hybrid,external_original_matched,external_test,1,StableDiffusion_v1_5,0.9334221482276917,0.8212602734565735,1
deepfakeface_sd15/fake/03/13181303_1944-01-11_1971.jpg,hybrid,external_original_matched,external_test,1,StableDiffusion_v1_5,0.0002098168624797836,0.8212602734565735,0
deepfakeface_sd15/fake/03/14926103_1928-01-13_1958.jpg,hybrid,external_original_matched,external_test,1,StableDiffusion_v1_5,0.0001334258558927104,0.8212602734565735,0
deepfakeface_sd15/fake/03/16103_1907-05-26_1965.jpg,hybrid,external_original_matched,external_test,1,StableDiffusion_v1_5,0.016548318788409233,0.8212602734565735,0
deepfakeface_sd15/fake/03/18388503_1942-09-14_2007.jpg,hybrid,external_original_matched,external_test,1,StableDiffusion_v1_5,0.0024235823657363653,0.8212602734565735,0
deepfakeface_sd15/fake/03/19966503_1974-03-04_2011.jpg,hybrid,external_original_matched,external_test,1,StableDiffusion_v1_5,0.3627270758152008,0.8212602734565735,0
deepfakeface_sd15/fake/03/21296103_1982-04-25_2011.jpg,hybrid,external_original_matched,external_test,1,StableDiffusion_v1_5,0.0006074743578210473,0.8212602734565735,0
deepfakeface_sd15/fake/03/2220103_1954-05-18_2009.jpg,hybrid,external_original_matched,external_test,1,StableDiffusion_v1_5,0.2341715693473816,0.8212602734565735,0
deepfakeface_sd15/fake/03/225903_1935-04-21_2007.jpg,hybrid,external_original_matched,external_test,1,StableDiffusion_v1_5,0.002461434109136462,0.8212602734565735,0
deepfakeface_sd15/fake/03/2395003_1940-06-21_1977.jpg,hybrid,external_original_matched,external_test,1,StableDiffusion_v1_5,0.0914410725235939,0.8212602734565735,0
deepfakeface_sd15/fake/03/2420403_1964-03-18_2007.jpg,hybrid,external_original_matched,external_test,1,StableDiffusion_v1_5,0.3252892792224884,0.8212602734565735,0
deepfakeface_sd15/fake/03/2740303_1974-11-03_1999.jpg,hybrid,external_original_matched,external_test,1,StableDiffusion_v1_5,0.014492548070847988,0.8212602734565735,0
deepfakeface_sd15/fake/03/2779203_1965-10-01_2008.jpg,hybrid,external_original_matched,external_test,1,StableDiffusion_v1_5,0.0016921348869800568,0.8212602734565735,0
deepfakeface_sd15/fake/03/317803_1920-03-03_2011.jpg,hybrid,external_original_matched,external_test,1,StableDiffusion_v1_5,6.229447171790525e-05,0.8212602734565735,0
deepfakeface_sd15/fake/03/32442803_1991-09-14_2012.jpg,hybrid,external_original_matched,external_test,1,StableDiffusion_v1_5,0.0024730723816901445,0.8212602734565735,0
deepfakeface_sd15/fake/03/34807003_1990-05-29_2013.jpg,hybrid,external_original_matched,external_test,1,StableDiffusion_v1_5,0.009263604879379272,0.8212602734565735,0
deepfakeface_sd15/fake/03/37970303_1977-07-09_2013.jpg,hybrid,external_original_matched,external_test,1,StableDiffusion_v1_5,0.0005516625242307782,0.8212602734565735,0
deepfakeface_sd15/fake/03/39605003_1966-06-21_2012.jpg,hybrid,external_original_matched,external_test,1,StableDiffusion_v1_5,0.037118442356586456,0.8212602734565735,0
deepfakeface_sd15/fake/03/39918103_1988-09-29_2012.jpg,hybrid,external_original_matched,external_test,1,StableDiffusion_v1_5,0.00039108472992666066,0.8212602734565735,0
deepfakeface_sd15/fake/03/4830003_1961-12-01_2010.jpg,hybrid,external_original_matched,external_test,1,StableDiffusion_v1_5,0.9837462902069092,0.8212602734565735,1
deepfakeface_sd15/fake/03/555703_1913-07-13_1970.jpg,hybrid,external_original_matched,external_test,1,StableDiffusion_v1_5,0.0009904573671519756,0.8212602734565735,0
deepfakeface_sd15/fake/03/6104003_1985-07-06_2006.jpg,hybrid,external_original_matched,external_test,1,StableDiffusion_v1_5,0.46136242151260376,0.8212602734565735,0
deepfakeface_sd15/fake/03/7100903_1961-03-15_2010.jpg,hybrid,external_original_matched,external_test,1,StableDiffusion_v1_5,0.15040409564971924,0.8212602734565735,0
deepfakeface_sd15/fake/03/7655603_1956-03-09_2010.jpg,hybrid,external_original_matched,external_test,1,StableDiffusion_v1_5,0.0012645369861274958,0.8212602734565735,0
deepfakeface_sd15/fake/03/8902703_1978-09-20_2007.jpg,hybrid,external_original_matched,external_test,1,StableDiffusion_v1_5,0.0004290178185328841,0.8212602734565735,0
deepfakeface_sd15/fake/03/9000703_1982-07-16_2008.jpg,hybrid,external_original_matched,external_test,1,StableDiffusion_v1_5,0.004733476787805557,0.8212602734565735,0
deepfakeface_sd15/fake/03/9729003_1988-05-18_2011.jpg,hybrid,external_original_matched,external_test,1,StableDiffusion_v1_5,0.0001131532117142342,0.8212602734565735,0
deepfakeface_sd15/fake/03/97803_1991-04-04_2007.jpg,hybrid,external_original_matched,external_test,1,StableDiffusion_v1_5,0.0007681875140406191,0.8212602734565735,0
deepfakeface_sd15/fake/12/1836812_1976-11-06_2013.jpg,hybrid,external_original_matched,external_test,1,StableDiffusion_v1_5,0.002027787733823061,0.8212602734565735,0
deepfakeface_sd15/fake/14/12041214_1955-03-25_2012.jpg,hybrid,external_original_matched,external_test,1,StableDiffusion_v1_5,0.0001125579874496907,0.8212602734565735,0
deepfakeface_sd15/fake/14/12461914_1975-12-14_2007.jpg,hybrid,external_original_matched,external_test,1,StableDiffusion_v1_5,0.0002226673677796498,0.8212602734565735,0
deepfakeface_sd15/fake/14/14307714_1977-01-29_2013.jpg,hybrid,external_original_matched,external_test,1,StableDiffusion_v1_5,0.029599890112876892,0.8212602734565735,0
deepfakeface_sd15/fake/14/170514_1963-03-06_1970.jpg,hybrid,external_original_matched,external_test,1,StableDiffusion_v1_5,0.012704637832939625,0.8212602734565735,0
deepfakeface_sd15/fake/14/1830414_1971-07-01_2013.jpg,hybrid,external_original_matched,external_test,1,StableDiffusion_v1_5,0.3030719757080078,0.8212602734565735,0
deepfakeface_sd15/fake/14/19894914_1989-10-19_2012.jpg,hybrid,external_original_matched,external_test,1,StableDiffusion_v1_5,0.00321538676507771,0.8212602734565735,0
deepfakeface_sd15/fake/14/1995914_1928-11-21_1976.jpg,hybrid,external_original_matched,external_test,1,StableDiffusion_v1_5,1.1277004887233488e-05,0.8212602734565735,0
deepfakeface_sd15/fake/14/2009614_1964-05-13_2008.jpg,hybrid,external_original_matched,external_test,1,StableDiffusion_v1_5,4.8074714868562296e-05,0.8212602734565735,0
deepfakeface_sd15/fake/14/21538614_1990-11-01_2015.jpg,hybrid,external_original_matched,external_test,1,StableDiffusion_v1_5,0.0037116198800504208,0.8212602734565735,0
deepfakeface_sd15/fake/14/22037414_1987-06-05_2013.jpg,hybrid,external_original_matched,external_test,1,StableDiffusion_v1_5,9.632171895646024e-06,0.8212602734565735,0
deepfakeface_sd15/fake/14/23420614_1974-04-16_2008.jpg,hybrid,external_original_matched,external_test,1,StableDiffusion_v1_5,0.0027106921188533306,0.8212602734565735,0
deepfakeface_sd15/fake/14/27131114_1983-08-30_2011.jpg,hybrid,external_original_matched,external_test,1,StableDiffusion_v1_5,0.00026934302877634764,0.8212602734565735,0
deepfakeface_sd15/fake/14/28269114_1941-03-21_2011.jpg,hybrid,external_original_matched,external_test,1,StableDiffusion_v1_5,7.267032196978107e-05,0.8212602734565735,0
deepfakeface_sd15/fake/14/28819114_1961-06-26_2009.jpg,hybrid,external_original_matched,external_test,1,StableDiffusion_v1_5,0.31201016902923584,0.8212602734565735,0
deepfakeface_sd15/fake/14/33258714_1979-05-30_2011.jpg,hybrid,external_original_matched,external_test,1,StableDiffusion_v1_5,0.0789637491106987,0.8212602734565735,0
deepfakeface_sd15/fake/14/35642014_1989-04-27_2012.jpg,hybrid,external_original_matched,external_test,1,StableDiffusion_v1_5,0.25910893082618713,0.8212602734565735,0
deepfakeface_sd15/fake/14/36566914_1988-08-11_2014.jpg,hybrid,external_original_matched,external_test,1,StableDiffusion_v1_5,0.24450823664665222,0.8212602734565735,0
deepfakeface_sd15/fake/14/36573714_1984-12-01_2012.jpg,hybrid,external_original_matched,external_test,1,StableDiffusion_v1_5,0.0006280320812948048,0.8212602734565735,0
deepfakeface_sd15/fake/14/3772814_1978-02-28_2008.jpg,hybrid,external_original_matched,external_test,1,StableDiffusion_v1_5,0.00021303314133547246,0.8212602734565735,0
deepfakeface_sd15/fake/14/41732014_1943-06-18_1969.jpg,hybrid,external_original_matched,external_test,1,StableDiffusion_v1_5,0.00011383534001652151,0.8212602734565735,0
deepfakeface_sd15/fake/14/4295614_1924-09-15_1987.jpg,hybrid,external_original_matched,external_test,1,StableDiffusion_v1_5,0.000842999666929245,0.8212602734565735,0
deepfakeface_sd15/fake/14/44096714_1964-06-29_2012.jpg,hybrid,external_original_matched,external_test,1,StableDiffusion_v1_5,0.10537044703960419,0.8212602734565735,0
deepfakeface_sd15/fake/14/448514_1959-03-06_2007.jpg,hybrid,external_original_matched,external_test,1,StableDiffusion_v1_5,0.006071873474866152,0.8212602734565735,0
deepfakeface_sd15/fake/14/585414_1951-03-17_2014.jpg,hybrid,external_original_matched,external_test,1,StableDiffusion_v1_5,0.01080235093832016,0.8212602734565735,0
deepfakeface_sd15/fake/14/5923814_1958-08-28_1991.jpg,hybrid,external_original_matched,external_test,1,StableDiffusion_v1_5,0.17843636870384216,0.8212602734565735,0
deepfakeface_sd15/fake/14/5965014_1981-12-21_2013.jpg,hybrid,external_original_matched,external_test,1,StableDiffusion_v1_5,0.11033345758914948,0.8212602734565735,0
deepfakeface_sd15/fake/14/852514_1980-01-18_2013.jpg,hybrid,external_original_matched,external_test,1,StableDiffusion_v1_5,0.0011336294701322913,0.8212602734565735,0
deepfakeface_sd15/fake/14/8543614_1983-09-25_2010.jpg,hybrid,external_original_matched,external_test,1,StableDiffusion_v1_5,8.93372343853116e-05,0.8212602734565735,0
deepfakeface_sd15/fake/14/9716514_1900-04-10_1946.jpg,hybrid,external_original_matched,external_test,1,StableDiffusion_v1_5,0.0033973564859479666,0.8212602734565735,0
deepfakeface_sd15/fake/21/10172021_1963-06-02_2006.jpg,hybrid,external_original_matched,external_test,1,StableDiffusion_v1_5,0.010289742611348629,0.8212602734565735,0
deepfakeface_sd15/fake/21/1176621_1966-05-16_2010.jpg,hybrid,external_original_matched,external_test,1,StableDiffusion_v1_5,0.0006485147168859839,0.8212602734565735,0
deepfakeface_sd15/fake/21/12261121_1985-01-04_2014.jpg,hybrid,external_original_matched,external_test,1,StableDiffusion_v1_5,0.0002316300815436989,0.8212602734565735,0
deepfakeface_sd15/fake/21/15872621_1922-08-28_1952.jpg,hybrid,external_original_matched,external_test,1,StableDiffusion_v1_5,5.5073833209462464e-05,0.8212602734565735,0
deepfakeface_sd15/fake/21/15905321_1990-01-06_2009.jpg,hybrid,external_original_matched,external_test,1,StableDiffusion_v1_5,0.002508332021534443,0.8212602734565735,0
deepfakeface_sd15/fake/21/16521_1938-12-29_2011.jpg,hybrid,external_original_matched,external_test,1,StableDiffusion_v1_5,0.013956812210381031,0.8212602734565735,0
deepfakeface_sd15/fake/21/174821_1961-09-25_1993.jpg,hybrid,external_original_matched,external_test,1,StableDiffusion_v1_5,0.00017407562700100243,0.8212602734565735,0
deepfakeface_sd15/fake/21/1825621_1945-09-08_2008.jpg,hybrid,external_original_matched,external_test,1,StableDiffusion_v1_5,0.00016553497698623687,0.8212602734565735,0
deepfakeface_sd15/fake/21/20599521_1967-08-09_2012.jpg,hybrid,external_original_matched,external_test,1,StableDiffusion_v1_5,0.0002720412448979914,0.8212602734565735,0
deepfakeface_sd15/fake/21/24644621_1964-12-15_2010.jpg,hybrid,external_original_matched,external_test,1,StableDiffusion_v1_5,0.2450180947780609,0.8212602734565735,0
deepfakeface_sd15/fake/21/250721_1956-06-03_2010.jpg,hybrid,external_original_matched,external_test,1,StableDiffusion_v1_5,0.00015167899255175143,0.8212602734565735,0
deepfakeface_sd15/fake/21/2797621_1960-03-15_2011.jpg,hybrid,external_original_matched,external_test,1,StableDiffusion_v1_5,0.10492544621229172,0.8212602734565735,0
deepfakeface_sd15/fake/21/29126821_1986-10-07_2014.jpg,hybrid,external_original_matched,external_test,1,StableDiffusion_v1_5,0.8898616433143616,0.8212602734565735,1
deepfakeface_sd15/fake/21/2950421_1974-09-11_2007.jpg,hybrid,external_original_matched,external_test,1,StableDiffusion_v1_5,7.016964082140476e-05,0.8212602734565735,0
deepfakeface_sd15/fake/21/295321_1904-08-23_1955.jpg,hybrid,external_original_matched,external_test,1,StableDiffusion_v1_5,0.001492075389251113,0.8212602734565735,0
deepfakeface_sd15/fake/21/3003021_1956-12-23_2014.jpg,hybrid,external_original_matched,external_test,1,StableDiffusion_v1_5,0.00031439930899068713,0.8212602734565735,0
deepfakeface_sd15/fake/21/30496921_1916-02-13_1977.jpg,hybrid,external_original_matched,external_test,1,StableDiffusion_v1_5,0.027521489188075066,0.8212602734565735,0
deepfakeface_sd15/fake/21/332221_1903-07-21_2007.jpg,hybrid,external_original_matched,external_test,1,StableDiffusion_v1_5,8.986072498373687e-05,0.8212602734565735,0
deepfakeface_sd15/fake/21/35191121_1990-01-18_2014.jpg,hybrid,external_original_matched,external_test,1,StableDiffusion_v1_5,0.0871596485376358,0.8212602734565735,0
deepfakeface_sd15/fake/21/40783721_1958-04-16_2013.jpg,hybrid,external_original_matched,external_test,1,StableDiffusion_v1_5,0.00015826107119210064,0.8212602734565735,0
deepfakeface_sd15/fake/21/4137921_1965-08-22_2013.jpg,hybrid,external_original_matched,external_test,1,StableDiffusion_v1_5,0.000764395110309124,0.8212602734565735,0
deepfakeface_sd15/fake/21/6573321_1986-05-01_2008.jpg,hybrid,external_original_matched,external_test,1,StableDiffusion_v1_5,0.01898077502846718,0.8212602734565735,0
deepfakeface_sd15/fake/21/6574321_1982-08-10_2012.jpg,hybrid,external_original_matched,external_test,1,StableDiffusion_v1_5,0.0077313524670898914,0.8212602734565735,0
deepfakeface_sd15/fake/21/7170221_1933-03-27_1983.jpg,hybrid,external_original_matched,external_test,1,StableDiffusion_v1_5,0.1478220373392105,0.8212602734565735,0
deepfakeface_sd15/fake/21/7623721_1978-03-01_2010.jpg,hybrid,external_original_matched,external_test,1,StableDiffusion_v1_5,1.079162484529661e-05,0.8212602734565735,0
deepfakeface_sd15/fake/21/8194621_1986-02-16_2009.jpg,hybrid,external_original_matched,external_test,1,StableDiffusion_v1_5,0.015581943094730377,0.8212602734565735,0
deepfakeface_sd15/fake/21/8774721_1967-04-29_2010.jpg,hybrid,external_original_matched,external_test,1,StableDiffusion_v1_5,5.030901593272574e-05,0.8212602734565735,0
deepfakeface_sd15/fake/21/8789221_1983-08-14_2012.jpg,hybrid,external_original_matched,external_test,1,StableDiffusion_v1_5,0.551612138748169,0.8212602734565735,0
deepfakeface_sd15/fake/21/9404921_1978-07-09_2009.jpg,hybrid,external_original_matched,external_test,1,StableDiffusion_v1_5,0.3084641993045807,0.8212602734565735,0
deepfakeface_sd15/fake/24/2968824_1963-05-26_2011.jpg,hybrid,external_original_matched,external_test,1,StableDiffusion_v1_5,0.006495592184364796,0.8212602734565735,0
deepfakeface_sd15/fake/26/503926_1976-12-31_2009.jpg,hybrid,external_original_matched,external_test,1,StableDiffusion_v1_5,0.0007946634432300925,0.8212602734565735,0
deepfakeface_sd15/fake/30/11772430_1938-04-14_2008.jpg,hybrid,external_original_matched,external_test,1,StableDiffusion_v1_5,0.004874612670391798,0.8212602734565735,0
deepfakeface_sd15/fake/34/1149234_1978-10-03_2010.jpg,hybrid,external_original_matched,external_test,1,StableDiffusion_v1_5,0.00019633985357359052,0.8212602734565735,0
deepfakeface_sd15/fake/34/11653234_1986-12-23_2012.jpg,hybrid,external_original_matched,external_test,1,StableDiffusion_v1_5,0.020086025819182396,0.8212602734565735,0
deepfakeface_sd15/fake/34/1266534_1975-11-03_2011.jpg,hybrid,external_original_matched,external_test,1,StableDiffusion_v1_5,0.0018455733079463243,0.8212602734565735,0
deepfakeface_sd15/fake/34/12829834_1950-08-15_2002.jpg,hybrid,external_original_matched,external_test,1,StableDiffusion_v1_5,0.3852495849132538,0.8212602734565735,0
deepfakeface_sd15/fake/34/13846034_1977-08-30_2009.jpg,hybrid,external_original_matched,external_test,1,StableDiffusion_v1_5,0.8534838557243347,0.8212602734565735,1
deepfakeface_sd15/fake/34/1386234_1952-04-25_2004.jpg,hybrid,external_original_matched,external_test,1,StableDiffusion_v1_5,0.9893794655799866,0.8212602734565735,1
deepfakeface_sd15/fake/34/19258134_1986-05-13_2009.jpg,hybrid,external_original_matched,external_test,1,StableDiffusion_v1_5,0.1687249094247818,0.8212602734565735,0
deepfakeface_sd15/fake/34/19354934_1986-10-18_2009.jpg,hybrid,external_original_matched,external_test,1,StableDiffusion_v1_5,0.21561312675476074,0.8212602734565735,0
deepfakeface_sd15/fake/34/20500734_1950-03-30_2014.jpg,hybrid,external_original_matched,external_test,1,StableDiffusion_v1_5,0.6155697703361511,0.8212602734565735,0
deepfakeface_sd15/fake/34/21284234_1983-06-02_2011.jpg,hybrid,external_original_matched,external_test,1,StableDiffusion_v1_5,0.9875685572624207,0.8212602734565735,1
deepfakeface_sd15/fake/34/23945334_1979-07-30_2008.jpg,hybrid,external_original_matched,external_test,1,StableDiffusion_v1_5,0.0016473729629069567,0.8212602734565735,0
deepfakeface_sd15/fake/34/25905034_1992-04-05_2009.jpg,hybrid,external_original_matched,external_test,1,StableDiffusion_v1_5,0.0014139148406684399,0.8212602734565735,0
deepfakeface_sd15/fake/34/276834_1928-01-30_2010.jpg,hybrid,external_original_matched,external_test,1,StableDiffusion_v1_5,0.06283020228147507,0.8212602734565735,0
deepfakeface_sd15/fake/34/32504534_1990-12-18_2011.jpg,hybrid,external_original_matched,external_test,1,StableDiffusion_v1_5,0.17185655236244202,0.8212602734565735,0
deepfakeface_sd15/fake/34/32670934_1973-08-28_2013.jpg,hybrid,external_original_matched,external_test,1,StableDiffusion_v1_5,0.00023503944976255298,0.8212602734565735,0
deepfakeface_sd15/fake/34/33682634_1989-09-15_2011.jpg,hybrid,external_original_matched,external_test,1,StableDiffusion_v1_5,0.24353466928005219,0.8212602734565735,0
deepfakeface_sd15/fake/34/36722334_1937-08-31_2005.jpg,hybrid,external_original_matched,external_test,1,StableDiffusion_v1_5,0.004062537103891373,0.8212602734565735,0
deepfakeface_sd15/fake/34/39718934_1987-12-07_2013.jpg,hybrid,external_original_matched,external_test,1,StableDiffusion_v1_5,0.0012894462561234832,0.8212602734565735,0
deepfakeface_sd15/fake/34/398734_1932-05-04_1955.jpg,hybrid,external_original_matched,external_test,1,StableDiffusion_v1_5,0.0014778324402868748,0.8212602734565735,0
deepfakeface_sd15/fake/34/42708434_1996-03-11_2013.jpg,hybrid,external_original_matched,external_test,1,StableDiffusion_v1_5,0.00020558865799102932,0.8212602734565735,0
deepfakeface_sd15/fake/34/43639934_1912-04-03_2003.jpg,hybrid,external_original_matched,external_test,1,StableDiffusion_v1_5,5.910660183872096e-05,0.8212602734565735,0
deepfakeface_sd15/fake/34/440034_1924-04-29_1963.jpg,hybrid,external_original_matched,external_test,1,StableDiffusion_v1_5,0.029021883383393288,0.8212602734565735,0
deepfakeface_sd15/fake/34/4413434_1984-01-21_2013.jpg,hybrid,external_original_matched,external_test,1,StableDiffusion_v1_5,0.9846354722976685,0.8212602734565735,1
deepfakeface_sd15/fake/34/4998434_1979-05-16_2005.jpg,hybrid,external_original_matched,external_test,1,StableDiffusion_v1_5,0.6740403175354004,0.8212602734565735,0
deepfakeface_sd15/fake/34/5354734_1976-10-17_1995.jpg,hybrid,external_original_matched,external_test,1,StableDiffusion_v1_5,0.0026899061631411314,0.8212602734565735,0
deepfakeface_sd15/fake/34/603934_1963-12-04_2013.jpg,hybrid,external_original_matched,external_test,1,StableDiffusion_v1_5,0.0008126539178192616,0.8212602734565735,0
deepfakeface_sd15/fake/34/78834_1970-04-29_2014.jpg,hybrid,external_original_matched,external_test,1,StableDiffusion_v1_5,0.0018768509617075324,0.8212602734565735,0
deepfakeface_sd15/fake/34/9326434_1987-05-02_2006.jpg,hybrid,external_original_matched,external_test,1,StableDiffusion_v1_5,0.20814980566501617,0.8212602734565735,0
deepfakeface_sd15/fake/35/10970235_1972-10-10_2010.jpg,hybrid,external_original_matched,external_test,1,StableDiffusion_v1_5,0.0002390316512901336,0.8212602734565735,0
deepfakeface_sd15/fake/35/12523735_1981-04-21_2014.jpg,hybrid,external_original_matched,external_test,1,StableDiffusion_v1_5,4.04923121095635e-05,0.8212602734565735,0
deepfakeface_sd15/fake/35/1323135_1941-09-15_1966.jpg,hybrid,external_original_matched,external_test,1,StableDiffusion_v1_5,0.0012151772389188409,0.8212602734565735,0
deepfakeface_sd15/fake/35/13774535_1942-06-09_1957.jpg,hybrid,external_original_matched,external_test,1,StableDiffusion_v1_5,0.0069048781879246235,0.8212602734565735,0
deepfakeface_sd15/fake/35/14180235_1985-10-27_2015.jpg,hybrid,external_original_matched,external_test,1,StableDiffusion_v1_5,0.0005236269789747894,0.8212602734565735,0
deepfakeface_sd15/fake/35/14347235_1959-06-15_2013.jpg,hybrid,external_original_matched,external_test,1,StableDiffusion_v1_5,0.9748845100402832,0.8212602734565735,1
deepfakeface_sd15/fake/35/1437535_1935-02-22_2010.jpg,hybrid,external_original_matched,external_test,1,StableDiffusion_v1_5,0.0001493125455453992,0.8212602734565735,0
deepfakeface_sd15/fake/35/14619035_1990-02-25_2014.jpg,hybrid,external_original_matched,external_test,1,StableDiffusion_v1_5,0.023544924333691597,0.8212602734565735,0
deepfakeface_sd15/fake/35/1566935_1953-09-11_2010.jpg,hybrid,external_original_matched,external_test,1,StableDiffusion_v1_5,7.660377741558477e-05,0.8212602734565735,0
deepfakeface_sd15/fake/35/16105135_1980-04-18_2012.jpg,hybrid,external_original_matched,external_test,1,StableDiffusion_v1_5,0.002643669955432415,0.8212602734565735,0
deepfakeface_sd15/fake/35/17974235_1973-06-13_2009.jpg,hybrid,external_original_matched,external_test,1,StableDiffusion_v1_5,0.04258321598172188,0.8212602734565735,0
deepfakeface_sd15/fake/35/18933035_1982-08-26_2012.jpg,hybrid,external_original_matched,external_test,1,StableDiffusion_v1_5,0.04365662485361099,0.8212602734565735,0
deepfakeface_sd15/fake/35/19966435_1968-04-03_2012.jpg,hybrid,external_original_matched,external_test,1,StableDiffusion_v1_5,0.006833352614194155,0.8212602734565735,0
deepfakeface_sd15/fake/35/2357835_1982-06-16_2014.jpg,hybrid,external_original_matched,external_test,1,StableDiffusion_v1_5,0.09645722806453705,0.8212602734565735,0
deepfakeface_sd15/fake/35/2663135_1941-03-20_2008.jpg,hybrid,external_original_matched,external_test,1,StableDiffusion_v1_5,0.07591348886489868,0.8212602734565735,0
deepfakeface_sd15/fake/35/2667535_1937-12-16_1985.jpg,hybrid,external_original_matched,external_test,1,StableDiffusion_v1_5,0.0005354195600375533,0.8212602734565735,0
deepfakeface_sd15/fake/35/28265335_1988-06-22_2013.jpg,hybrid,external_original_matched,external_test,1,StableDiffusion_v1_5,0.6446630954742432,0.8212602734565735,0
deepfakeface_sd15/fake/35/30385335_1991-08-22_2011.jpg,hybrid,external_original_matched,external_test,1,StableDiffusion_v1_5,0.022579079493880272,0.8212602734565735,0
deepfakeface_sd15/fake/35/3110335_1948-04-03_2012.jpg,hybrid,external_original_matched,external_test,1,StableDiffusion_v1_5,9.465395851293579e-05,0.8212602734565735,0
deepfakeface_sd15/fake/35/31663335_1976-06-05_2013.jpg,hybrid,external_original_matched,external_test,1,StableDiffusion_v1_5,0.0839802622795105,0.8212602734565735,0
deepfakeface_sd15/fake/35/32471435_1932-05-10_1959.jpg,hybrid,external_original_matched,external_test,1,StableDiffusion_v1_5,0.000288168725091964,0.8212602734565735,0
deepfakeface_sd15/fake/35/33199835_1985-06-12_2011.jpg,hybrid,external_original_matched,external_test,1,StableDiffusion_v1_5,0.09007865190505981,0.8212602734565735,0
deepfakeface_sd15/fake/35/3338735_1981-11-16_2013.jpg,hybrid,external_original_matched,external_test,1,StableDiffusion_v1_5,0.00115293450653553,0.8212602734565735,0
deepfakeface_sd15/fake/35/34163535_1988-04-03_2011.jpg,hybrid,external_original_matched,external_test,1,StableDiffusion_v1_5,0.9292126893997192,0.8212602734565735,1
deepfakeface_sd15/fake/35/36702535_1992-07-04_2012.jpg,hybrid,external_original_matched,external_test,1,StableDiffusion_v1_5,0.8031724691390991,0.8212602734565735,0
deepfakeface_sd15/fake/35/4943835_1891-09-22_1968.jpg,hybrid,external_original_matched,external_test,1,StableDiffusion_v1_5,0.0018273253226652741,0.8212602734565735,0
deepfakeface_sd15/fake/35/6232035_1987-09-07_2013.jpg,hybrid,external_original_matched,external_test,1,StableDiffusion_v1_5,0.0023048061411827803,0.8212602734565735,0
deepfakeface_sd15/fake/35/89835_1951-04-07_1981.jpg,hybrid,external_original_matched,external_test,1,StableDiffusion_v1_5,0.00012563689961098135,0.8212602734565735,0
deepfakeface_sd15/fake/55/10095655_1985-07-10_2012.jpg,hybrid,external_original_matched,external_test,1,StableDiffusion_v1_5,0.3571981191635132,0.8212602734565735,0
deepfakeface_sd15/fake/55/10486955_1937-11-18_1975.jpg,hybrid,external_original_matched,external_test,1,StableDiffusion_v1_5,0.00011152071238029748,0.8212602734565735,0
deepfakeface_sd15/fake/55/1196855_1923-06-24_2009.jpg,hybrid,external_original_matched,external_test,1,StableDiffusion_v1_5,0.9988692402839661,0.8212602734565735,1
deepfakeface_sd15/fake/55/12428755_1982-12-09_2012.jpg,hybrid,external_original_matched,external_test,1,StableDiffusion_v1_5,0.8614875078201294,0.8212602734565735,1
deepfakeface_sd15/fake/55/1349055_1974-02-24_2009.jpg,hybrid,external_original_matched,external_test,1,StableDiffusion_v1_5,0.17612117528915405,0.8212602734565735,0
deepfakeface_sd15/fake/55/14640255_1980-09-24_2006.jpg,hybrid,external_original_matched,external_test,1,StableDiffusion_v1_5,8.703215280547738e-05,0.8212602734565735,0
deepfakeface_sd15/fake/55/14904555_1915-05-08_1941.jpg,hybrid,external_original_matched,external_test,1,StableDiffusion_v1_5,1.7399011994712055e-05,0.8212602734565735,0
deepfakeface_sd15/fake/55/15890555_1987-12-03_2014.jpg,hybrid,external_original_matched,external_test,1,StableDiffusion_v1_5,0.2130378633737564,0.8212602734565735,0
deepfakeface_sd15/fake/55/1941155_1993-07-26_2010.jpg,hybrid,external_original_matched,external_test,1,StableDiffusion_v1_5,0.001380127272568643,0.8212602734565735,0
deepfakeface_sd15/fake/55/20025755_1979-03-10_2009.jpg,hybrid,external_original_matched,external_test,1,StableDiffusion_v1_5,0.0010008948156610131,0.8212602734565735,0
deepfakeface_sd15/fake/55/2538755_1933-07-01_1979.jpg,hybrid,external_original_matched,external_test,1,StableDiffusion_v1_5,0.9754412174224854,0.8212602734565735,1
deepfakeface_sd15/fake/55/27599355_1985-04-07_2007.jpg,hybrid,external_original_matched,external_test,1,StableDiffusion_v1_5,0.9530428647994995,0.8212602734565735,1
deepfakeface_sd15/fake/55/2894455_1947-09-13_2009.jpg,hybrid,external_original_matched,external_test,1,StableDiffusion_v1_5,0.0018791238544508815,0.8212602734565735,0
deepfakeface_sd15/fake/55/295555_1950-07-15_2012.jpg,hybrid,external_original_matched,external_test,1,StableDiffusion_v1_5,0.0029108854942023754,0.8212602734565735,0
deepfakeface_sd15/fake/55/2979255_1982-08-30_2012.jpg,hybrid,external_original_matched,external_test,1,StableDiffusion_v1_5,0.009615621529519558,0.8212602734565735,0
deepfakeface_sd15/fake/55/30781355_1963-07-29_2015.jpg,hybrid,external_original_matched,external_test,1,StableDiffusion_v1_5,0.00018822676793206483,0.8212602734565735,0
deepfakeface_sd15/fake/55/31689055_1988-03-014_2013.jpg,hybrid,external_original_matched,external_test,1,StableDiffusion_v1_5,0.03297002613544464,0.8212602734565735,0
deepfakeface_sd15/fake/55/3523055_1984-05-01_2014.jpg,hybrid,external_original_matched,external_test,1,StableDiffusion_v1_5,0.011592595838010311,0.8212602734565735,0
deepfakeface_sd15/fake/55/3566855_1977-08-09_2010.jpg,hybrid,external_original_matched,external_test,1,StableDiffusion_v1_5,0.28000983595848083,0.8212602734565735,0
deepfakeface_sd15/fake/55/36326355_1990-10-27_2014.jpg,hybrid,external_original_matched,external_test,1,StableDiffusion_v1_5,0.564120352268219,0.8212602734565735,0
deepfakeface_sd15/fake/55/38909755_1989-02-21_2013.jpg,hybrid,external_original_matched,external_test,1,StableDiffusion_v1_5,0.9344517588615417,0.8212602734565735,1
deepfakeface_sd15/fake/55/39790655_2013-07-22_2014.jpg,hybrid,external_original_matched,external_test,1,StableDiffusion_v1_5,0.00014289614045992494,0.8212602734565735,0
deepfakeface_sd15/fake/55/42718155_1946-01-25_2006.jpg,hybrid,external_original_matched,external_test,1,StableDiffusion_v1_5,0.00037744210567325354,0.8212602734565735,0
deepfakeface_sd15/fake/55/43284855_1980-08-11_2012.jpg,hybrid,external_original_matched,external_test,1,StableDiffusion_v1_5,0.045888546854257584,0.8212602734565735,0
deepfakeface_sd15/fake/55/45263455_1979-05-12_2015.jpg,hybrid,external_original_matched,external_test,1,StableDiffusion_v1_5,0.010664217174053192,0.8212602734565735,0
deepfakeface_sd15/fake/55/46238055_1947-10-19_1980.jpg,hybrid,external_original_matched,external_test,1,StableDiffusion_v1_5,0.006526845041662455,0.8212602734565735,0
deepfakeface_sd15/fake/55/72655_1975-10-12_2004.jpg,hybrid,external_original_matched,external_test,1,StableDiffusion_v1_5,0.3470646142959595,0.8212602734565735,0
deepfakeface_sd15/fake/55/870155_1962-12-01_2010.jpg,hybrid,external_original_matched,external_test,1,StableDiffusion_v1_5,5.7897927035810426e-05,0.8212602734565735,0
deepfakeface_sd15/fake/69/41427969_1939-03-30_1972.jpg,hybrid,external_original_matched,external_test,1,StableDiffusion_v1_5,0.005440745502710342,0.8212602734565735,0
deepfakeface_sd15/fake/71/12738371_1985-05-25_2015.jpg,hybrid,external_original_matched,external_test,1,StableDiffusion_v1_5,8.881628309609368e-05,0.8212602734565735,0
deepfakeface_sd15/fake/71/14220271_1972-11-30_2008.jpg,hybrid,external_original_matched,external_test,1,StableDiffusion_v1_5,0.5121984481811523,0.8212602734565735,0
deepfakeface_sd15/fake/71/165871_1942-09-30_1950.jpg,hybrid,external_original_matched,external_test,1,StableDiffusion_v1_5,0.0005821579834446311,0.8212602734565735,0
deepfakeface_sd15/fake/71/17112571_1992-02-27_2012.jpg,hybrid,external_original_matched,external_test,1,StableDiffusion_v1_5,0.013681890442967415,0.8212602734565735,0
deepfakeface_sd15/fake/71/1854071_1958-08-14_1991.jpg,hybrid,external_original_matched,external_test,1,StableDiffusion_v1_5,7.324932084884495e-05,0.8212602734565735,0
deepfakeface_sd15/fake/71/18720671_1986-06-23_2012.jpg,hybrid,external_original_matched,external_test,1,StableDiffusion_v1_5,0.5769636034965515,0.8212602734565735,0
deepfakeface_sd15/fake/71/19476171_1989-08-02_2014.jpg,hybrid,external_original_matched,external_test,1,StableDiffusion_v1_5,0.0008854547049850225,0.8212602734565735,0
deepfakeface_sd15/fake/71/23399171_1991-05-22_2009.jpg,hybrid,external_original_matched,external_test,1,StableDiffusion_v1_5,0.0001648421020945534,0.8212602734565735,0
deepfakeface_sd15/fake/71/2492371_1942-11-06_1965.jpg,hybrid,external_original_matched,external_test,1,StableDiffusion_v1_5,0.9936450719833374,0.8212602734565735,1
deepfakeface_sd15/fake/71/25422271_1990-09-11_2014.jpg,hybrid,external_original_matched,external_test,1,StableDiffusion_v1_5,0.0054424358531832695,0.8212602734565735,0
deepfakeface_sd15/fake/71/27164771_1990-09-17_2009.jpg,hybrid,external_original_matched,external_test,1,StableDiffusion_v1_5,0.2892766296863556,0.8212602734565735,0
deepfakeface_sd15/fake/71/27987171_1987-05-10_2013.jpg,hybrid,external_original_matched,external_test,1,StableDiffusion_v1_5,0.007765534333884716,0.8212602734565735,0
deepfakeface_sd15/fake/71/29084271_1991-09-22_2014.jpg,hybrid,external_original_matched,external_test,1,StableDiffusion_v1_5,0.0007062877411954105,0.8212602734565735,0
deepfakeface_sd15/fake/71/30657971_1992-05-11_2014.jpg,hybrid,external_original_matched,external_test,1,StableDiffusion_v1_5,0.0007214166689664125,0.8212602734565735,0
deepfakeface_sd15/fake/71/31706371_1989-01-14_2011.jpg,hybrid,external_original_matched,external_test,1,StableDiffusion_v1_5,0.46293142437934875,0.8212602734565735,0
deepfakeface_sd15/fake/71/33021371_1988-02-18_2013.jpg,hybrid,external_original_matched,external_test,1,StableDiffusion_v1_5,0.022985972464084625,0.8212602734565735,0
deepfakeface_sd15/fake/71/3312671_1985-08-02_2008.jpg,hybrid,external_original_matched,external_test,1,StableDiffusion_v1_5,0.0009379787952639163,0.8212602734565735,0
deepfakeface_sd15/fake/71/35188571_1983-09-18_2009.jpg,hybrid,external_original_matched,external_test,1,StableDiffusion_v1_5,0.3285558223724365,0.8212602734565735,0
deepfakeface_sd15/fake/71/42650171_1946-12-10_2013.jpg,hybrid,external_original_matched,external_test,1,StableDiffusion_v1_5,0.009270084090530872,0.8212602734565735,0
deepfakeface_sd15/fake/71/5081071_1925-11-13_1953.jpg,hybrid,external_original_matched,external_test,1,StableDiffusion_v1_5,0.002190916333347559,0.8212602734565735,0
deepfakeface_sd15/fake/71/566471_1971-05-18_2011.jpg,hybrid,external_original_matched,external_test,1,StableDiffusion_v1_5,0.0006830172496847808,0.8212602734565735,0
deepfakeface_sd15/fake/71/703371_1918-03-12_1980.jpg,hybrid,external_original_matched,external_test,1,StableDiffusion_v1_5,0.00019100865756627172,0.8212602734565735,0
deepfakeface_sd15/fake/71/775271_1959-09-16_2011.jpg,hybrid,external_original_matched,external_test,1,StableDiffusion_v1_5,0.00012286059791222215,0.8212602734565735,0
deepfakeface_sd15/fake/71/8334671_1931-02-14_1966.jpg,hybrid,external_original_matched,external_test,1,StableDiffusion_v1_5,0.00046659426880069077,0.8212602734565735,0
deepfakeface_sd15/fake/71/9069371_1986-03-19_2013.jpg,hybrid,external_original_matched,external_test,1,StableDiffusion_v1_5,0.9074702858924866,0.8212602734565735,1
deepfakeface_sd15/fake/71/967871_1972-12-15_2008.jpg,hybrid,external_original_matched,external_test,1,StableDiffusion_v1_5,0.011329024098813534,0.8212602734565735,0
deepfakeface_sd15/fake/71/9845271_1955-09-16_2001.jpg,hybrid,external_original_matched,external_test,1,StableDiffusion_v1_5,3.6181299947202206e-06,0.8212602734565735,0
deepfakeface_sd15/fake/73/1013073_1978-05-24_2010.jpg,hybrid,external_original_matched,external_test,1,StableDiffusion_v1_5,0.0005755413440056145,0.8212602734565735,0
deepfakeface_sd15/fake/73/12464473_1935-03-06_1958.jpg,hybrid,external_original_matched,external_test,1,StableDiffusion_v1_5,0.03660207241773605,0.8212602734565735,0
deepfakeface_sd15/fake/73/12786073_1984-05-18_2011.jpg,hybrid,external_original_matched,external_test,1,StableDiffusion_v1_5,6.674305768683553e-05,0.8212602734565735,0
deepfakeface_sd15/fake/73/16855173_1937-10-21_2008.jpg,hybrid,external_original_matched,external_test,1,StableDiffusion_v1_5,0.11795783042907715,0.8212602734565735,0
deepfakeface_sd15/fake/73/18933173_1984-05-13_2011.jpg,hybrid,external_original_matched,external_test,1,StableDiffusion_v1_5,0.0013391050742939115,0.8212602734565735,0
deepfakeface_sd15/fake/73/20989373_1938-09-15_1988.jpg,hybrid,external_original_matched,external_test,1,StableDiffusion_v1_5,0.00010548728459980339,0.8212602734565735,0
deepfakeface_sd15/fake/73/21741673_1995-03-01_2009.jpg,hybrid,external_original_matched,external_test,1,StableDiffusion_v1_5,0.006906058173626661,0.8212602734565735,0
deepfakeface_sd15/fake/73/2210573_1958-04-04_2007.jpg,hybrid,external_original_matched,external_test,1,StableDiffusion_v1_5,6.454848335124552e-05,0.8212602734565735,0
deepfakeface_sd15/fake/73/24079373_1979-07-15_2009.jpg,hybrid,external_original_matched,external_test,1,StableDiffusion_v1_5,0.23713259398937225,0.8212602734565735,0
deepfakeface_sd15/fake/73/25286273_1990-11-02_2013.jpg,hybrid,external_original_matched,external_test,1,StableDiffusion_v1_5,0.0001408903335686773,0.8212602734565735,0
deepfakeface_sd15/fake/73/27347573_1992-06-02_2010.jpg,hybrid,external_original_matched,external_test,1,StableDiffusion_v1_5,0.0255123320966959,0.8212602734565735,0
deepfakeface_sd15/fake/73/3365773_1949-06-24_1985.jpg,hybrid,external_original_matched,external_test,1,StableDiffusion_v1_5,6.0035628848709166e-05,0.8212602734565735,0
deepfakeface_sd15/fake/73/34239373_1994-11-30_2014.jpg,hybrid,external_original_matched,external_test,1,StableDiffusion_v1_5,0.7900397181510925,0.8212602734565735,0
deepfakeface_sd15/fake/73/3517073_1984-09-10_2011.jpg,hybrid,external_original_matched,external_test,1,StableDiffusion_v1_5,0.003071541665121913,0.8212602734565735,0
deepfakeface_sd15/fake/73/36499973_1985-09-06_2011.jpg,hybrid,external_original_matched,external_test,1,StableDiffusion_v1_5,0.0052725812420248985,0.8212602734565735,0
deepfakeface_sd15/fake/73/37985373_1988-12-05_2014.jpg,hybrid,external_original_matched,external_test,1,StableDiffusion_v1_5,9.466089977649972e-05,0.8212602734565735,0
deepfakeface_sd15/fake/73/38089073_1988-06-26_2014.jpg,hybrid,external_original_matched,external_test,1,StableDiffusion_v1_5,0.09256324172019958,0.8212602734565735,0
deepfakeface_sd15/fake/73/41639973_1876-12-25_1940.jpg,hybrid,external_original_matched,external_test,1,StableDiffusion_v1_5,0.016774939373135567,0.8212602734565735,0
deepfakeface_sd15/fake/73/46452873_1906-12-20_1945.jpg,hybrid,external_original_matched,external_test,1,StableDiffusion_v1_5,0.9250920414924622,0.8212602734565735,1
deepfakeface_sd15/fake/73/479273_1985-12-08_2014.jpg,hybrid,external_original_matched,external_test,1,StableDiffusion_v1_5,0.000657572818454355,0.8212602734565735,0
deepfakeface_sd15/fake/73/502973_1958-03-25_2012.jpg,hybrid,external_original_matched,external_test,1,StableDiffusion_v1_5,9.316370415035635e-05,0.8212602734565735,0
deepfakeface_sd15/fake/73/5332173_1935-09-06_2008.jpg,hybrid,external_original_matched,external_test,1,StableDiffusion_v1_5,0.0003002729208674282,0.8212602734565735,0
deepfakeface_sd15/fake/73/666973_1960-09-19_2005.jpg,hybrid,external_original_matched,external_test,1,StableDiffusion_v1_5,0.6090162396430969,0.8212602734565735,0
deepfakeface_sd15/fake/73/9311273_1979-08-24_2010.jpg,hybrid,external_original_matched,external_test,1,StableDiffusion_v1_5,0.0009502256871201098,0.8212602734565735,0
deepfakeface_sd15/fake/80/2798180_1985-12-19_2014.jpg,hybrid,external_original_matched,external_test,1,StableDiffusion_v1_5,0.04950420930981636,0.8212602734565735,0
deepfakeface_sd15/fake/80/6049880_1985-02-26_2013.jpg,hybrid,external_original_matched,external_test,1,StableDiffusion_v1_5,0.8471911549568176,0.8212602734565735,1
deepfakeface_sd15/fake/80/9076080_1971-09-21_2011.jpg,hybrid,external_original_matched,external_test,1,StableDiffusion_v1_5,0.012809457257390022,0.8212602734565735,0
deepfakeface_sd15/fake/98/10760998_1937-01-14_1968.jpg,hybrid,external_original_matched,external_test,1,StableDiffusion_v1_5,0.0769253745675087,0.8212602734565735,0
deepfakeface_sd15/fake/98/13664298_1989-04-27_2014.jpg,hybrid,external_original_matched,external_test,1,StableDiffusion_v1_5,0.005160751286894083,0.8212602734565735,0
deepfakeface_sd15/fake/98/14073598_1892-03-06_1943.jpg,hybrid,external_original_matched,external_test,1,StableDiffusion_v1_5,5.8930108934873715e-05,0.8212602734565735,0
deepfakeface_sd15/fake/98/142698_1939-09-01_2014.jpg,hybrid,external_original_matched,external_test,1,StableDiffusion_v1_5,0.03777189925312996,0.8212602734565735,0
deepfakeface_sd15/fake/98/15230998_1983-01-10_2007.jpg,hybrid,external_original_matched,external_test,1,StableDiffusion_v1_5,0.01733914017677307,0.8212602734565735,0
deepfakeface_sd15/fake/98/176998_1933-08-16_1965.jpg,hybrid,external_original_matched,external_test,1,StableDiffusion_v1_5,0.004326316528022289,0.8212602734565735,0
deepfakeface_sd15/fake/98/22298398_1962-09-19_2011.jpg,hybrid,external_original_matched,external_test,1,StableDiffusion_v1_5,0.0005091422353871167,0.8212602734565735,0
deepfakeface_sd15/fake/98/23428298_1982-12-22_2009.jpg,hybrid,external_original_matched,external_test,1,StableDiffusion_v1_5,0.9691696166992188,0.8212602734565735,1
deepfakeface_sd15/fake/98/23560198_1992-06-20_2014.jpg,hybrid,external_original_matched,external_test,1,StableDiffusion_v1_5,0.21096448600292206,0.8212602734565735,0
deepfakeface_sd15/fake/98/25616698_1980-08-12_2012.jpg,hybrid,external_original_matched,external_test,1,StableDiffusion_v1_5,0.016236426308751106,0.8212602734565735,0
deepfakeface_sd15/fake/98/25980298_1980-07-05_2013.jpg,hybrid,external_original_matched,external_test,1,StableDiffusion_v1_5,0.00017141569696832448,0.8212602734565735,0
deepfakeface_sd15/fake/98/2705698_1958-12-06_2007.jpg,hybrid,external_original_matched,external_test,1,StableDiffusion_v1_5,0.0032177718821913004,0.8212602734565735,0
deepfakeface_sd15/fake/98/27687598_1957-10-28_2009.jpg,hybrid,external_original_matched,external_test,1,StableDiffusion_v1_5,0.00011729903053492308,0.8212602734565735,0
deepfakeface_sd15/fake/98/30789098_1986-05-13_2012.jpg,hybrid,external_original_matched,external_test,1,StableDiffusion_v1_5,0.04670313000679016,0.8212602734565735,0
deepfakeface_sd15/fake/98/32664798_1990-03-03_2014.jpg,hybrid,external_original_matched,external_test,1,StableDiffusion_v1_5,0.702151894569397,0.8212602734565735,0
deepfakeface_sd15/fake/98/3604398_1981-06-16_2012.jpg,hybrid,external_original_matched,external_test,1,StableDiffusion_v1_5,0.009454661048948765,0.8212602734565735,0
deepfakeface_sd15/fake/98/40219898_1975-03-11_2013.jpg,hybrid,external_original_matched,external_test,1,StableDiffusion_v1_5,0.004260226618498564,0.8212602734565735,0
deepfakeface_sd15/fake/98/40883698_1972-01-26_2014.jpg,hybrid,external_original_matched,external_test,1,StableDiffusion_v1_5,4.388242814457044e-05,0.8212602734565735,0
deepfakeface_sd15/fake/98/4276598_1950-10-14_1975.jpg,hybrid,external_original_matched,external_test,1,StableDiffusion_v1_5,0.0002892355842050165,0.8212602734565735,0
deepfakeface_sd15/fake/98/45298998_1988-08-17_2012.jpg,hybrid,external_original_matched,external_test,1,StableDiffusion_v1_5,0.0016252101631835103,0.8212602734565735,0
deepfakeface_sd15/fake/98/4691798_1977-09-15_2005.jpg,hybrid,external_original_matched,external_test,1,StableDiffusion_v1_5,0.001867202459834516,0.8212602734565735,0
deepfakeface_sd15/fake/98/46974698_1942-02-22_1968.jpg,hybrid,external_original_matched,external_test,1,StableDiffusion_v1_5,0.01188083179295063,0.8212602734565735,0
deepfakeface_sd15/fake/98/577798_1933-12-08_1969.jpg,hybrid,external_original_matched,external_test,1,StableDiffusion_v1_5,0.00011091419582953677,0.8212602734565735,0
deepfakeface_sd15/fake/98/591698_1968-01-15_2000.jpg,hybrid,external_original_matched,external_test,1,StableDiffusion_v1_5,0.3265065550804138,0.8212602734565735,0
deepfakeface_sd15/fake/98/609598_1929-11-08_2007.jpg,hybrid,external_original_matched,external_test,1,StableDiffusion_v1_5,0.00019632093608379364,0.8212602734565735,0
deepfakeface_sd15/fake/98/6548698_1964-02-27_2010.jpg,hybrid,external_original_matched,external_test,1,StableDiffusion_v1_5,3.8025315006962046e-05,0.8212602734565735,0
deepfakeface_sd15/fake/98/670098_1974-07-29_2009.jpg,hybrid,external_original_matched,external_test,1,StableDiffusion_v1_5,0.9999167919158936,0.8212602734565735,1
deepfakeface_sd15/fake/98/6808898_1936-01-17_2012.jpg,hybrid,external_original_matched,external_test,1,StableDiffusion_v1_5,0.9988177418708801,0.8212602734565735,1
deepfakeface_sd15/real/00/12596800_1920-10-18_1955.jpg,hybrid,external_normalized,external_test,0,real,0.057103876024484634,0.8212602734565735,0
deepfakeface_sd15/real/00/15550600_1973-11-01_2000.jpg,hybrid,external_normalized,external_test,0,real,6.285332801780896e-06,0.8212602734565735,0
deepfakeface_sd15/real/00/18407100_1917-10-18_1958.jpg,hybrid,external_normalized,external_test,0,real,0.00017957384989131242,0.8212602734565735,0
deepfakeface_sd15/real/00/23804200_1950-03-31_2013.jpg,hybrid,external_normalized,external_test,0,real,9.33211631490849e-05,0.8212602734565735,0
deepfakeface_sd15/real/00/2540500_1970-10-10_2008.jpg,hybrid,external_normalized,external_test,0,real,0.20131218433380127,0.8212602734565735,0
deepfakeface_sd15/real/00/2669900_1933-07-29_1968.jpg,hybrid,external_normalized,external_test,0,real,0.0013129526050761342,0.8212602734565735,0
deepfakeface_sd15/real/00/26771200_1988-08-13_2009.jpg,hybrid,external_normalized,external_test,0,real,0.683661699295044,0.8212602734565735,0
deepfakeface_sd15/real/00/2690900_1963-03-12_2010.jpg,hybrid,external_normalized,external_test,0,real,0.0009281394304707646,0.8212602734565735,0
deepfakeface_sd15/real/00/28476500_1938-06-12_1959.jpg,hybrid,external_normalized,external_test,0,real,0.20597191154956818,0.8212602734565735,0
deepfakeface_sd15/real/00/28886000_1928-01-17_2009.jpg,hybrid,external_normalized,external_test,0,real,0.011157861910760403,0.8212602734565735,0
deepfakeface_sd15/real/00/3293900_1973-09-23_2004.jpg,hybrid,external_normalized,external_test,0,real,0.6724812984466553,0.8212602734565735,0
deepfakeface_sd15/real/00/34199700_1921-05-23_1946.jpg,hybrid,external_normalized,external_test,0,real,0.00019065095693804324,0.8212602734565735,0
deepfakeface_sd15/real/00/34316600_1994-11-15_2013.jpg,hybrid,external_normalized,external_test,0,real,0.5899083018302917,0.8212602734565735,0
deepfakeface_sd15/real/00/35360200_1996-11-01_2012.jpg,hybrid,external_normalized,external_test,0,real,0.0022657779045403004,0.8212602734565735,0
deepfakeface_sd15/real/00/36606300_1984-08-03_2014.jpg,hybrid,external_normalized,external_test,0,real,0.024964971467852592,0.8212602734565735,0
deepfakeface_sd15/real/00/38882500_1940-10-04_1977.jpg,hybrid,external_normalized,external_test,0,real,0.11135368794202805,0.8212602734565735,0
deepfakeface_sd15/real/00/3982800_1988-01-29_2012.jpg,hybrid,external_normalized,external_test,0,real,0.204176664352417,0.8212602734565735,0
deepfakeface_sd15/real/00/41835500_1992-05-12_2014.jpg,hybrid,external_normalized,external_test,0,real,0.653272807598114,0.8212602734565735,0
deepfakeface_sd15/real/00/4236500_1977-10-18_2005.jpg,hybrid,external_normalized,external_test,0,real,0.05079667642712593,0.8212602734565735,0
deepfakeface_sd15/real/00/46667800_1978-03-16_2014.jpg,hybrid,external_normalized,external_test,0,real,3.1200186640489846e-05,0.8212602734565735,0
deepfakeface_sd15/real/00/5616200_1968-09-06_2006.jpg,hybrid,external_normalized,external_test,0,real,0.3520261347293854,0.8212602734565735,0
deepfakeface_sd15/real/00/5751800_1950-09-09_2010.jpg,hybrid,external_normalized,external_test,0,real,0.00034214480547234416,0.8212602734565735,0
deepfakeface_sd15/real/00/67000_1947-05-13_2007.jpg,hybrid,external_normalized,external_test,0,real,0.467859148979187,0.8212602734565735,0
deepfakeface_sd15/real/00/7567200_1932-07-31_1966.jpg,hybrid,external_normalized,external_test,0,real,0.6198015213012695,0.8212602734565735,0
deepfakeface_sd15/real/00/8222200_1941-05-15_1964.jpg,hybrid,external_normalized,external_test,0,real,0.8065255880355835,0.8212602734565735,0
deepfakeface_sd15/real/00/836500_1977-03-04_2007.jpg,hybrid,external_normalized,external_test,0,real,0.2851318120956421,0.8212602734565735,0
deepfakeface_sd15/real/00/9210500_1912-02-06_1942.jpg,hybrid,external_normalized,external_test,0,real,0.1355884075164795,0.8212602734565735,0
deepfakeface_sd15/real/00/944600_1968-02-05_2006.jpg,hybrid,external_normalized,external_test,0,real,0.20503637194633484,0.8212602734565735,0
deepfakeface_sd15/real/00/9801700_1969-10-11_2012.jpg,hybrid,external_normalized,external_test,0,real,0.05618912726640701,0.8212602734565735,0
deepfakeface_sd15/real/02/4539602_1977-04-26_2010.jpg,hybrid,external_normalized,external_test,0,real,0.004329887684434652,0.8212602734565735,0
deepfakeface_sd15/real/03/10970703_1984-05-21_2011.jpg,hybrid,external_normalized,external_test,0,real,0.11397557705640793,0.8212602734565735,0
deepfakeface_sd15/real/03/1142203_1949-03-03_2008.jpg,hybrid,external_normalized,external_test,0,real,0.0001402416091877967,0.8212602734565735,0
deepfakeface_sd15/real/03/13181303_1944-01-11_1971.jpg,hybrid,external_normalized,external_test,0,real,0.0008895657956600189,0.8212602734565735,0
deepfakeface_sd15/real/03/14926103_1928-01-13_1958.jpg,hybrid,external_normalized,external_test,0,real,0.11582592129707336,0.8212602734565735,0
deepfakeface_sd15/real/03/16103_1907-05-26_1965.jpg,hybrid,external_normalized,external_test,0,real,0.0005951653583906591,0.8212602734565735,0
deepfakeface_sd15/real/03/18388503_1942-09-14_2007.jpg,hybrid,external_normalized,external_test,0,real,0.550663948059082,0.8212602734565735,0
deepfakeface_sd15/real/03/19966503_1974-03-04_2011.jpg,hybrid,external_normalized,external_test,0,real,0.8422518968582153,0.8212602734565735,1
deepfakeface_sd15/real/03/21296103_1982-04-25_2011.jpg,hybrid,external_normalized,external_test,0,real,0.9987608194351196,0.8212602734565735,1
deepfakeface_sd15/real/03/2220103_1954-05-18_2009.jpg,hybrid,external_normalized,external_test,0,real,0.0034052038099616766,0.8212602734565735,0
deepfakeface_sd15/real/03/225903_1935-04-21_2007.jpg,hybrid,external_normalized,external_test,0,real,0.03198990225791931,0.8212602734565735,0
deepfakeface_sd15/real/03/2395003_1940-06-21_1977.jpg,hybrid,external_normalized,external_test,0,real,0.00011455348430899903,0.8212602734565735,0
deepfakeface_sd15/real/03/2420403_1964-03-18_2007.jpg,hybrid,external_normalized,external_test,0,real,0.000355922500602901,0.8212602734565735,0
deepfakeface_sd15/real/03/2740303_1974-11-03_1999.jpg,hybrid,external_normalized,external_test,0,real,0.0007851271075196564,0.8212602734565735,0
deepfakeface_sd15/real/03/2779203_1965-10-01_2008.jpg,hybrid,external_normalized,external_test,0,real,0.7542015314102173,0.8212602734565735,0
deepfakeface_sd15/real/03/317803_1920-03-03_2011.jpg,hybrid,external_normalized,external_test,0,real,0.012038650922477245,0.8212602734565735,0
deepfakeface_sd15/real/03/32442803_1991-09-14_2012.jpg,hybrid,external_normalized,external_test,0,real,0.0002404229308012873,0.8212602734565735,0
deepfakeface_sd15/real/03/34807003_1990-05-29_2013.jpg,hybrid,external_normalized,external_test,0,real,0.015071028843522072,0.8212602734565735,0
deepfakeface_sd15/real/03/37970303_1977-07-09_2013.jpg,hybrid,external_normalized,external_test,0,real,0.2362423837184906,0.8212602734565735,0
deepfakeface_sd15/real/03/39605003_1966-06-21_2012.jpg,hybrid,external_normalized,external_test,0,real,0.9822319746017456,0.8212602734565735,1
deepfakeface_sd15/real/03/39918103_1988-09-29_2012.jpg,hybrid,external_normalized,external_test,0,real,0.9984306693077087,0.8212602734565735,1
deepfakeface_sd15/real/03/4830003_1961-12-01_2010.jpg,hybrid,external_normalized,external_test,0,real,0.790765643119812,0.8212602734565735,0
deepfakeface_sd15/real/03/555703_1913-07-13_1970.jpg,hybrid,external_normalized,external_test,0,real,2.263433088955935e-05,0.8212602734565735,0
deepfakeface_sd15/real/03/6104003_1985-07-06_2006.jpg,hybrid,external_normalized,external_test,0,real,0.6242318749427795,0.8212602734565735,0
deepfakeface_sd15/real/03/7100903_1961-03-15_2010.jpg,hybrid,external_normalized,external_test,0,real,0.7859251499176025,0.8212602734565735,0
deepfakeface_sd15/real/03/7655603_1956-03-09_2010.jpg,hybrid,external_normalized,external_test,0,real,0.0003814462397713214,0.8212602734565735,0
deepfakeface_sd15/real/03/8902703_1978-09-20_2007.jpg,hybrid,external_normalized,external_test,0,real,0.6696719527244568,0.8212602734565735,0
deepfakeface_sd15/real/03/9000703_1982-07-16_2008.jpg,hybrid,external_normalized,external_test,0,real,0.5812103748321533,0.8212602734565735,0
deepfakeface_sd15/real/03/9729003_1988-05-18_2011.jpg,hybrid,external_normalized,external_test,0,real,0.324154257774353,0.8212602734565735,0
deepfakeface_sd15/real/03/97803_1991-04-04_2007.jpg,hybrid,external_normalized,external_test,0,real,4.601053660735488e-05,0.8212602734565735,0
deepfakeface_sd15/real/12/1836812_1976-11-06_2013.jpg,hybrid,external_normalized,external_test,0,real,0.000431714637670666,0.8212602734565735,0
deepfakeface_sd15/real/14/12041214_1955-03-25_2012.jpg,hybrid,external_normalized,external_test,0,real,0.00021925715554971248,0.8212602734565735,0
deepfakeface_sd15/real/14/12461914_1975-12-14_2007.jpg,hybrid,external_normalized,external_test,0,real,0.0009235549950972199,0.8212602734565735,0
deepfakeface_sd15/real/14/14307714_1977-01-29_2013.jpg,hybrid,external_normalized,external_test,0,real,0.0015233982121571898,0.8212602734565735,0
deepfakeface_sd15/real/14/170514_1963-03-06_1970.jpg,hybrid,external_normalized,external_test,0,real,0.0005940285045653582,0.8212602734565735,0
deepfakeface_sd15/real/14/1830414_1971-07-01_2013.jpg,hybrid,external_normalized,external_test,0,real,0.6076286435127258,0.8212602734565735,0
deepfakeface_sd15/real/14/19894914_1989-10-19_2012.jpg,hybrid,external_normalized,external_test,0,real,0.9191820621490479,0.8212602734565735,1
deepfakeface_sd15/real/14/1995914_1928-11-21_1976.jpg,hybrid,external_normalized,external_test,0,real,0.00022500641352962703,0.8212602734565735,0
deepfakeface_sd15/real/14/2009614_1964-05-13_2008.jpg,hybrid,external_normalized,external_test,0,real,0.00020064954878762364,0.8212602734565735,0
deepfakeface_sd15/real/14/21538614_1990-11-01_2015.jpg,hybrid,external_normalized,external_test,0,real,0.009571154601871967,0.8212602734565735,0
deepfakeface_sd15/real/14/22037414_1987-06-05_2013.jpg,hybrid,external_normalized,external_test,0,real,0.0026400175411254168,0.8212602734565735,0
deepfakeface_sd15/real/14/23420614_1974-04-16_2008.jpg,hybrid,external_normalized,external_test,0,real,0.748741626739502,0.8212602734565735,0
deepfakeface_sd15/real/14/27131114_1983-08-30_2011.jpg,hybrid,external_normalized,external_test,0,real,0.9404749870300293,0.8212602734565735,1
deepfakeface_sd15/real/14/28269114_1941-03-21_2011.jpg,hybrid,external_normalized,external_test,0,real,2.7729111025109887e-05,0.8212602734565735,0
deepfakeface_sd15/real/14/28819114_1961-06-26_2009.jpg,hybrid,external_normalized,external_test,0,real,0.21624332666397095,0.8212602734565735,0
deepfakeface_sd15/real/14/33258714_1979-05-30_2011.jpg,hybrid,external_normalized,external_test,0,real,0.7203061580657959,0.8212602734565735,0
deepfakeface_sd15/real/14/35642014_1989-04-27_2012.jpg,hybrid,external_normalized,external_test,0,real,0.00015583177446387708,0.8212602734565735,0
deepfakeface_sd15/real/14/36566914_1988-08-11_2014.jpg,hybrid,external_normalized,external_test,0,real,0.04023540019989014,0.8212602734565735,0
deepfakeface_sd15/real/14/36573714_1984-12-01_2012.jpg,hybrid,external_normalized,external_test,0,real,0.06955177336931229,0.8212602734565735,0
deepfakeface_sd15/real/14/3772814_1978-02-28_2008.jpg,hybrid,external_normalized,external_test,0,real,0.0034634333569556475,0.8212602734565735,0
deepfakeface_sd15/real/14/41732014_1943-06-18_1969.jpg,hybrid,external_normalized,external_test,0,real,0.75953209400177,0.8212602734565735,0
deepfakeface_sd15/real/14/4295614_1924-09-15_1987.jpg,hybrid,external_normalized,external_test,0,real,0.004889150615781546,0.8212602734565735,0
deepfakeface_sd15/real/14/44096714_1964-06-29_2012.jpg,hybrid,external_normalized,external_test,0,real,0.010571056976914406,0.8212602734565735,0
deepfakeface_sd15/real/14/448514_1959-03-06_2007.jpg,hybrid,external_normalized,external_test,0,real,0.00021980871679261327,0.8212602734565735,0
deepfakeface_sd15/real/14/585414_1951-03-17_2014.jpg,hybrid,external_normalized,external_test,0,real,0.04999329522252083,0.8212602734565735,0
deepfakeface_sd15/real/14/5923814_1958-08-28_1991.jpg,hybrid,external_normalized,external_test,0,real,0.9837141036987305,0.8212602734565735,1
deepfakeface_sd15/real/14/5965014_1981-12-21_2013.jpg,hybrid,external_normalized,external_test,0,real,0.46132418513298035,0.8212602734565735,0
deepfakeface_sd15/real/14/852514_1980-01-18_2013.jpg,hybrid,external_normalized,external_test,0,real,0.4085720181465149,0.8212602734565735,0
deepfakeface_sd15/real/14/8543614_1983-09-25_2010.jpg,hybrid,external_normalized,external_test,0,real,0.001493379706516862,0.8212602734565735,0
deepfakeface_sd15/real/14/9716514_1900-04-10_1946.jpg,hybrid,external_normalized,external_test,0,real,0.0010837353765964508,0.8212602734565735,0
deepfakeface_sd15/real/21/10172021_1963-06-02_2006.jpg,hybrid,external_normalized,external_test,0,real,0.006335994228720665,0.8212602734565735,0
deepfakeface_sd15/real/21/1176621_1966-05-16_2010.jpg,hybrid,external_normalized,external_test,0,real,0.0039056986570358276,0.8212602734565735,0
deepfakeface_sd15/real/21/12261121_1985-01-04_2014.jpg,hybrid,external_normalized,external_test,0,real,0.005231895484030247,0.8212602734565735,0
deepfakeface_sd15/real/21/15872621_1922-08-28_1952.jpg,hybrid,external_normalized,external_test,0,real,0.16993646323680878,0.8212602734565735,0
deepfakeface_sd15/real/21/15905321_1990-01-06_2009.jpg,hybrid,external_normalized,external_test,0,real,0.11287232488393784,0.8212602734565735,0
deepfakeface_sd15/real/21/16521_1938-12-29_2011.jpg,hybrid,external_normalized,external_test,0,real,6.377715635608183e-06,0.8212602734565735,0
deepfakeface_sd15/real/21/174821_1961-09-25_1993.jpg,hybrid,external_normalized,external_test,0,real,0.0007019215263426304,0.8212602734565735,0
deepfakeface_sd15/real/21/1825621_1945-09-08_2008.jpg,hybrid,external_normalized,external_test,0,real,0.8554052114486694,0.8212602734565735,1
deepfakeface_sd15/real/21/20599521_1967-08-09_2012.jpg,hybrid,external_normalized,external_test,0,real,0.00011196803825441748,0.8212602734565735,0
deepfakeface_sd15/real/21/24644621_1964-12-15_2010.jpg,hybrid,external_normalized,external_test,0,real,0.0048089949414134026,0.8212602734565735,0
deepfakeface_sd15/real/21/250721_1956-06-03_2010.jpg,hybrid,external_normalized,external_test,0,real,0.6575559973716736,0.8212602734565735,0
deepfakeface_sd15/real/21/2797621_1960-03-15_2011.jpg,hybrid,external_normalized,external_test,0,real,2.4058357666945085e-05,0.8212602734565735,0
deepfakeface_sd15/real/21/29126821_1986-10-07_2014.jpg,hybrid,external_normalized,external_test,0,real,4.669201189244632e-06,0.8212602734565735,0
deepfakeface_sd15/real/21/2950421_1974-09-11_2007.jpg,hybrid,external_normalized,external_test,0,real,3.1582738301949576e-05,0.8212602734565735,0
deepfakeface_sd15/real/21/295321_1904-08-23_1955.jpg,hybrid,external_normalized,external_test,0,real,0.00020422945090103894,0.8212602734565735,0
deepfakeface_sd15/real/21/3003021_1956-12-23_2014.jpg,hybrid,external_normalized,external_test,0,real,0.20821042358875275,0.8212602734565735,0
deepfakeface_sd15/real/21/30496921_1916-02-13_1977.jpg,hybrid,external_normalized,external_test,0,real,0.9879751801490784,0.8212602734565735,1
deepfakeface_sd15/real/21/332221_1903-07-21_2007.jpg,hybrid,external_normalized,external_test,0,real,0.7834782004356384,0.8212602734565735,0
deepfakeface_sd15/real/21/35191121_1990-01-18_2014.jpg,hybrid,external_normalized,external_test,0,real,0.7811409831047058,0.8212602734565735,0
deepfakeface_sd15/real/21/40783721_1958-04-16_2013.jpg,hybrid,external_normalized,external_test,0,real,0.04318179935216904,0.8212602734565735,0
deepfakeface_sd15/real/21/4137921_1965-08-22_2013.jpg,hybrid,external_normalized,external_test,0,real,0.13268937170505524,0.8212602734565735,0
deepfakeface_sd15/real/21/6573321_1986-05-01_2008.jpg,hybrid,external_normalized,external_test,0,real,0.019285405054688454,0.8212602734565735,0
deepfakeface_sd15/real/21/6574321_1982-08-10_2012.jpg,hybrid,external_normalized,external_test,0,real,0.18292935192584991,0.8212602734565735,0
deepfakeface_sd15/real/21/7170221_1933-03-27_1983.jpg,hybrid,external_normalized,external_test,0,real,0.07827255129814148,0.8212602734565735,0
deepfakeface_sd15/real/21/7623721_1978-03-01_2010.jpg,hybrid,external_normalized,external_test,0,real,0.0003659843932837248,0.8212602734565735,0
deepfakeface_sd15/real/21/8194621_1986-02-16_2009.jpg,hybrid,external_normalized,external_test,0,real,0.1636853814125061,0.8212602734565735,0
deepfakeface_sd15/real/21/8774721_1967-04-29_2010.jpg,hybrid,external_normalized,external_test,0,real,2.0495548596954904e-05,0.8212602734565735,0
deepfakeface_sd15/real/21/8789221_1983-08-14_2012.jpg,hybrid,external_normalized,external_test,0,real,0.0042414055205881596,0.8212602734565735,0
deepfakeface_sd15/real/21/9404921_1978-07-09_2009.jpg,hybrid,external_normalized,external_test,0,real,0.037479955703020096,0.8212602734565735,0
deepfakeface_sd15/real/24/2968824_1963-05-26_2011.jpg,hybrid,external_normalized,external_test,0,real,0.0007250803173519671,0.8212602734565735,0
deepfakeface_sd15/real/26/503926_1976-12-31_2009.jpg,hybrid,external_normalized,external_test,0,real,0.0008549026097171009,0.8212602734565735,0
deepfakeface_sd15/real/30/11772430_1938-04-14_2008.jpg,hybrid,external_normalized,external_test,0,real,0.0002422642573947087,0.8212602734565735,0
deepfakeface_sd15/real/34/1149234_1978-10-03_2010.jpg,hybrid,external_normalized,external_test,0,real,0.0006198962801136076,0.8212602734565735,0
deepfakeface_sd15/real/34/11653234_1986-12-23_2012.jpg,hybrid,external_normalized,external_test,0,real,0.0022202907130122185,0.8212602734565735,0
deepfakeface_sd15/real/34/1266534_1975-11-03_2011.jpg,hybrid,external_normalized,external_test,0,real,9.69238972174935e-05,0.8212602734565735,0
deepfakeface_sd15/real/34/12829834_1950-08-15_2002.jpg,hybrid,external_normalized,external_test,0,real,0.7476016879081726,0.8212602734565735,0
deepfakeface_sd15/real/34/13846034_1977-08-30_2009.jpg,hybrid,external_normalized,external_test,0,real,0.30314821004867554,0.8212602734565735,0
deepfakeface_sd15/real/34/1386234_1952-04-25_2004.jpg,hybrid,external_normalized,external_test,0,real,0.4253770112991333,0.8212602734565735,0
deepfakeface_sd15/real/34/19258134_1986-05-13_2009.jpg,hybrid,external_normalized,external_test,0,real,0.13756218552589417,0.8212602734565735,0
deepfakeface_sd15/real/34/19354934_1986-10-18_2009.jpg,hybrid,external_normalized,external_test,0,real,0.9321761131286621,0.8212602734565735,1
deepfakeface_sd15/real/34/20500734_1950-03-30_2014.jpg,hybrid,external_normalized,external_test,0,real,0.0013330543879419565,0.8212602734565735,0
deepfakeface_sd15/real/34/21284234_1983-06-02_2011.jpg,hybrid,external_normalized,external_test,0,real,0.007727022748440504,0.8212602734565735,0
deepfakeface_sd15/real/34/23945334_1979-07-30_2008.jpg,hybrid,external_normalized,external_test,0,real,0.9618850350379944,0.8212602734565735,1
deepfakeface_sd15/real/34/25905034_1992-04-05_2009.jpg,hybrid,external_normalized,external_test,0,real,0.9872087836265564,0.8212602734565735,1
deepfakeface_sd15/real/34/276834_1928-01-30_2010.jpg,hybrid,external_normalized,external_test,0,real,0.04904210567474365,0.8212602734565735,0
deepfakeface_sd15/real/34/32504534_1990-12-18_2011.jpg,hybrid,external_normalized,external_test,0,real,0.024901609867811203,0.8212602734565735,0
deepfakeface_sd15/real/34/32670934_1973-08-28_2013.jpg,hybrid,external_normalized,external_test,0,real,2.2003227059030905e-05,0.8212602734565735,0
deepfakeface_sd15/real/34/33682634_1989-09-15_2011.jpg,hybrid,external_normalized,external_test,0,real,0.6971946954727173,0.8212602734565735,0
deepfakeface_sd15/real/34/36722334_1937-08-31_2005.jpg,hybrid,external_normalized,external_test,0,real,0.015842335298657417,0.8212602734565735,0
deepfakeface_sd15/real/34/39718934_1987-12-07_2013.jpg,hybrid,external_normalized,external_test,0,real,0.0024892704095691442,0.8212602734565735,0
deepfakeface_sd15/real/34/398734_1932-05-04_1955.jpg,hybrid,external_normalized,external_test,0,real,0.7992927432060242,0.8212602734565735,0
deepfakeface_sd15/real/34/42708434_1996-03-11_2013.jpg,hybrid,external_normalized,external_test,0,real,0.19063210487365723,0.8212602734565735,0
deepfakeface_sd15/real/34/43639934_1912-04-03_2003.jpg,hybrid,external_normalized,external_test,0,real,0.011541475541889668,0.8212602734565735,0
deepfakeface_sd15/real/34/440034_1924-04-29_1963.jpg,hybrid,external_normalized,external_test,0,real,0.15970279276371002,0.8212602734565735,0
deepfakeface_sd15/real/34/4413434_1984-01-21_2013.jpg,hybrid,external_normalized,external_test,0,real,0.9769819974899292,0.8212602734565735,1
deepfakeface_sd15/real/34/4998434_1979-05-16_2005.jpg,hybrid,external_normalized,external_test,0,real,0.00015373615315183997,0.8212602734565735,0
deepfakeface_sd15/real/34/5354734_1976-10-17_1995.jpg,hybrid,external_normalized,external_test,0,real,0.9824711680412292,0.8212602734565735,1
deepfakeface_sd15/real/34/603934_1963-12-04_2013.jpg,hybrid,external_normalized,external_test,0,real,0.0006344403955154121,0.8212602734565735,0
deepfakeface_sd15/real/34/78834_1970-04-29_2014.jpg,hybrid,external_normalized,external_test,0,real,0.003785660956054926,0.8212602734565735,0
deepfakeface_sd15/real/34/9326434_1987-05-02_2006.jpg,hybrid,external_normalized,external_test,0,real,0.7074891924858093,0.8212602734565735,0
deepfakeface_sd15/real/35/10970235_1972-10-10_2010.jpg,hybrid,external_normalized,external_test,0,real,0.03824315965175629,0.8212602734565735,0
deepfakeface_sd15/real/35/12523735_1981-04-21_2014.jpg,hybrid,external_normalized,external_test,0,real,0.005052648019045591,0.8212602734565735,0
deepfakeface_sd15/real/35/1323135_1941-09-15_1966.jpg,hybrid,external_normalized,external_test,0,real,0.27962160110473633,0.8212602734565735,0
deepfakeface_sd15/real/35/13774535_1942-06-09_1957.jpg,hybrid,external_normalized,external_test,0,real,0.29452192783355713,0.8212602734565735,0
deepfakeface_sd15/real/35/14180235_1985-10-27_2015.jpg,hybrid,external_normalized,external_test,0,real,0.023508531972765923,0.8212602734565735,0
deepfakeface_sd15/real/35/14347235_1959-06-15_2013.jpg,hybrid,external_normalized,external_test,0,real,0.39201855659484863,0.8212602734565735,0
deepfakeface_sd15/real/35/1437535_1935-02-22_2010.jpg,hybrid,external_normalized,external_test,0,real,0.3905286192893982,0.8212602734565735,0
deepfakeface_sd15/real/35/14619035_1990-02-25_2014.jpg,hybrid,external_normalized,external_test,0,real,0.000290701340418309,0.8212602734565735,0
deepfakeface_sd15/real/35/1566935_1953-09-11_2010.jpg,hybrid,external_normalized,external_test,0,real,0.663539469242096,0.8212602734565735,0
deepfakeface_sd15/real/35/16105135_1980-04-18_2012.jpg,hybrid,external_normalized,external_test,0,real,0.7918515205383301,0.8212602734565735,0
deepfakeface_sd15/real/35/17974235_1973-06-13_2009.jpg,hybrid,external_normalized,external_test,0,real,0.0025974928867071867,0.8212602734565735,0
deepfakeface_sd15/real/35/18933035_1982-08-26_2012.jpg,hybrid,external_normalized,external_test,0,real,0.3537918031215668,0.8212602734565735,0
deepfakeface_sd15/real/35/19966435_1968-04-03_2012.jpg,hybrid,external_normalized,external_test,0,real,0.000105898296169471,0.8212602734565735,0
deepfakeface_sd15/real/35/2357835_1982-06-16_2014.jpg,hybrid,external_normalized,external_test,0,real,6.947916062927106e-06,0.8212602734565735,0
deepfakeface_sd15/real/35/2663135_1941-03-20_2008.jpg,hybrid,external_normalized,external_test,0,real,0.7235450148582458,0.8212602734565735,0
deepfakeface_sd15/real/35/2667535_1937-12-16_1985.jpg,hybrid,external_normalized,external_test,0,real,0.32897844910621643,0.8212602734565735,0
deepfakeface_sd15/real/35/28265335_1988-06-22_2013.jpg,hybrid,external_normalized,external_test,0,real,0.00034448516089469194,0.8212602734565735,0
deepfakeface_sd15/real/35/30385335_1991-08-22_2011.jpg,hybrid,external_normalized,external_test,0,real,0.9540759921073914,0.8212602734565735,1
deepfakeface_sd15/real/35/3110335_1948-04-03_2012.jpg,hybrid,external_normalized,external_test,0,real,0.0020991386845707893,0.8212602734565735,0
deepfakeface_sd15/real/35/31663335_1976-06-05_2013.jpg,hybrid,external_normalized,external_test,0,real,0.0007020626799203455,0.8212602734565735,0
deepfakeface_sd15/real/35/32471435_1932-05-10_1959.jpg,hybrid,external_normalized,external_test,0,real,0.015383857302367687,0.8212602734565735,0
deepfakeface_sd15/real/35/33199835_1985-06-12_2011.jpg,hybrid,external_normalized,external_test,0,real,0.017981013283133507,0.8212602734565735,0
deepfakeface_sd15/real/35/3338735_1981-11-16_2013.jpg,hybrid,external_normalized,external_test,0,real,0.05671316757798195,0.8212602734565735,0
deepfakeface_sd15/real/35/34163535_1988-04-03_2011.jpg,hybrid,external_normalized,external_test,0,real,0.8360654711723328,0.8212602734565735,1
deepfakeface_sd15/real/35/36702535_1992-07-04_2012.jpg,hybrid,external_normalized,external_test,0,real,0.7968807816505432,0.8212602734565735,0
deepfakeface_sd15/real/35/4943835_1891-09-22_1968.jpg,hybrid,external_normalized,external_test,0,real,1.724080902931746e-05,0.8212602734565735,0
deepfakeface_sd15/real/35/6232035_1987-09-07_2013.jpg,hybrid,external_normalized,external_test,0,real,0.00749507499858737,0.8212602734565735,0
deepfakeface_sd15/real/35/89835_1951-04-07_1981.jpg,hybrid,external_normalized,external_test,0,real,0.3088950216770172,0.8212602734565735,0
deepfakeface_sd15/real/55/10095655_1985-07-10_2012.jpg,hybrid,external_normalized,external_test,0,real,0.0005981503054499626,0.8212602734565735,0
deepfakeface_sd15/real/55/10486955_1937-11-18_1975.jpg,hybrid,external_normalized,external_test,0,real,0.027337737381458282,0.8212602734565735,0
deepfakeface_sd15/real/55/1196855_1923-06-24_2009.jpg,hybrid,external_normalized,external_test,0,real,0.08750583231449127,0.8212602734565735,0
deepfakeface_sd15/real/55/12428755_1982-12-09_2012.jpg,hybrid,external_normalized,external_test,0,real,0.0905827060341835,0.8212602734565735,0
deepfakeface_sd15/real/55/1349055_1974-02-24_2009.jpg,hybrid,external_normalized,external_test,0,real,0.3231652081012726,0.8212602734565735,0
deepfakeface_sd15/real/55/14640255_1980-09-24_2006.jpg,hybrid,external_normalized,external_test,0,real,0.129952073097229,0.8212602734565735,0
deepfakeface_sd15/real/55/14904555_1915-05-08_1941.jpg,hybrid,external_normalized,external_test,0,real,9.98245959635824e-05,0.8212602734565735,0
deepfakeface_sd15/real/55/15890555_1987-12-03_2014.jpg,hybrid,external_normalized,external_test,0,real,0.13892070949077606,0.8212602734565735,0
deepfakeface_sd15/real/55/1941155_1993-07-26_2010.jpg,hybrid,external_normalized,external_test,0,real,0.10750202089548111,0.8212602734565735,0
deepfakeface_sd15/real/55/20025755_1979-03-10_2009.jpg,hybrid,external_normalized,external_test,0,real,5.41405170224607e-05,0.8212602734565735,0
deepfakeface_sd15/real/55/2538755_1933-07-01_1979.jpg,hybrid,external_normalized,external_test,0,real,5.0423521315678954e-05,0.8212602734565735,0
deepfakeface_sd15/real/55/27599355_1985-04-07_2007.jpg,hybrid,external_normalized,external_test,0,real,0.7255151867866516,0.8212602734565735,0
deepfakeface_sd15/real/55/2894455_1947-09-13_2009.jpg,hybrid,external_normalized,external_test,0,real,0.029415791854262352,0.8212602734565735,0
deepfakeface_sd15/real/55/295555_1950-07-15_2012.jpg,hybrid,external_normalized,external_test,0,real,9.951931133400649e-05,0.8212602734565735,0
deepfakeface_sd15/real/55/2979255_1982-08-30_2012.jpg,hybrid,external_normalized,external_test,0,real,0.0036652316339313984,0.8212602734565735,0
deepfakeface_sd15/real/55/30781355_1963-07-29_2015.jpg,hybrid,external_normalized,external_test,0,real,0.9877898693084717,0.8212602734565735,1
deepfakeface_sd15/real/55/31689055_1988-03-014_2013.jpg,hybrid,external_normalized,external_test,0,real,0.15597786009311676,0.8212602734565735,0
deepfakeface_sd15/real/55/3523055_1984-05-01_2014.jpg,hybrid,external_normalized,external_test,0,real,0.14656022191047668,0.8212602734565735,0
deepfakeface_sd15/real/55/3566855_1977-08-09_2010.jpg,hybrid,external_normalized,external_test,0,real,0.6768513917922974,0.8212602734565735,0
deepfakeface_sd15/real/55/36326355_1990-10-27_2014.jpg,hybrid,external_normalized,external_test,0,real,3.907509017153643e-05,0.8212602734565735,0
deepfakeface_sd15/real/55/38909755_1989-02-21_2013.jpg,hybrid,external_normalized,external_test,0,real,0.5744375586509705,0.8212602734565735,0
deepfakeface_sd15/real/55/39790655_2013-07-22_2014.jpg,hybrid,external_normalized,external_test,0,real,0.6365483999252319,0.8212602734565735,0
deepfakeface_sd15/real/55/42718155_1946-01-25_2006.jpg,hybrid,external_normalized,external_test,0,real,7.818563608452678e-05,0.8212602734565735,0
deepfakeface_sd15/real/55/43284855_1980-08-11_2012.jpg,hybrid,external_normalized,external_test,0,real,0.0010303020244464278,0.8212602734565735,0
deepfakeface_sd15/real/55/45263455_1979-05-12_2015.jpg,hybrid,external_normalized,external_test,0,real,0.007559973746538162,0.8212602734565735,0
deepfakeface_sd15/real/55/46238055_1947-10-19_1980.jpg,hybrid,external_normalized,external_test,0,real,5.5664721003267914e-05,0.8212602734565735,0
deepfakeface_sd15/real/55/72655_1975-10-12_2004.jpg,hybrid,external_normalized,external_test,0,real,0.41702985763549805,0.8212602734565735,0
deepfakeface_sd15/real/55/870155_1962-12-01_2010.jpg,hybrid,external_normalized,external_test,0,real,0.00018733653996605426,0.8212602734565735,0
deepfakeface_sd15/real/69/41427969_1939-03-30_1972.jpg,hybrid,external_normalized,external_test,0,real,0.4900745451450348,0.8212602734565735,0
deepfakeface_sd15/real/71/12738371_1985-05-25_2015.jpg,hybrid,external_normalized,external_test,0,real,0.3875492811203003,0.8212602734565735,0
deepfakeface_sd15/real/71/14220271_1972-11-30_2008.jpg,hybrid,external_normalized,external_test,0,real,1.1421876479289494e-05,0.8212602734565735,0
deepfakeface_sd15/real/71/165871_1942-09-30_1950.jpg,hybrid,external_normalized,external_test,0,real,7.469563570339233e-05,0.8212602734565735,0
deepfakeface_sd15/real/71/17112571_1992-02-27_2012.jpg,hybrid,external_normalized,external_test,0,real,0.989065408706665,0.8212602734565735,1
deepfakeface_sd15/real/71/1854071_1958-08-14_1991.jpg,hybrid,external_normalized,external_test,0,real,0.9897950291633606,0.8212602734565735,1
deepfakeface_sd15/real/71/18720671_1986-06-23_2012.jpg,hybrid,external_normalized,external_test,0,real,0.8008167743682861,0.8212602734565735,0
deepfakeface_sd15/real/71/19476171_1989-08-02_2014.jpg,hybrid,external_normalized,external_test,0,real,0.339184433221817,0.8212602734565735,0
deepfakeface_sd15/real/71/23399171_1991-05-22_2009.jpg,hybrid,external_normalized,external_test,0,real,0.00018504919717088342,0.8212602734565735,0
deepfakeface_sd15/real/71/2492371_1942-11-06_1965.jpg,hybrid,external_normalized,external_test,0,real,0.00014486914733424783,0.8212602734565735,0
deepfakeface_sd15/real/71/25422271_1990-09-11_2014.jpg,hybrid,external_normalized,external_test,0,real,0.1309717893600464,0.8212602734565735,0
deepfakeface_sd15/real/71/27164771_1990-09-17_2009.jpg,hybrid,external_normalized,external_test,0,real,0.0005998868145979941,0.8212602734565735,0
deepfakeface_sd15/real/71/27987171_1987-05-10_2013.jpg,hybrid,external_normalized,external_test,0,real,0.02606809325516224,0.8212602734565735,0
deepfakeface_sd15/real/71/29084271_1991-09-22_2014.jpg,hybrid,external_normalized,external_test,0,real,0.714587390422821,0.8212602734565735,0
deepfakeface_sd15/real/71/30657971_1992-05-11_2014.jpg,hybrid,external_normalized,external_test,0,real,0.10377942770719528,0.8212602734565735,0
deepfakeface_sd15/real/71/31706371_1989-01-14_2011.jpg,hybrid,external_normalized,external_test,0,real,0.011838061735033989,0.8212602734565735,0
deepfakeface_sd15/real/71/33021371_1988-02-18_2013.jpg,hybrid,external_normalized,external_test,0,real,0.20074379444122314,0.8212602734565735,0
deepfakeface_sd15/real/71/3312671_1985-08-02_2008.jpg,hybrid,external_normalized,external_test,0,real,0.28821051120758057,0.8212602734565735,0
deepfakeface_sd15/real/71/35188571_1983-09-18_2009.jpg,hybrid,external_normalized,external_test,0,real,1.7037416910170577e-05,0.8212602734565735,0
deepfakeface_sd15/real/71/42650171_1946-12-10_2013.jpg,hybrid,external_normalized,external_test,0,real,4.0852402889868245e-05,0.8212602734565735,0
deepfakeface_sd15/real/71/5081071_1925-11-13_1953.jpg,hybrid,external_normalized,external_test,0,real,0.04868026077747345,0.8212602734565735,0
deepfakeface_sd15/real/71/566471_1971-05-18_2011.jpg,hybrid,external_normalized,external_test,0,real,0.42405810952186584,0.8212602734565735,0
deepfakeface_sd15/real/71/703371_1918-03-12_1980.jpg,hybrid,external_normalized,external_test,0,real,0.00315126683562994,0.8212602734565735,0
deepfakeface_sd15/real/71/775271_1959-09-16_2011.jpg,hybrid,external_normalized,external_test,0,real,0.0020768779795616865,0.8212602734565735,0
deepfakeface_sd15/real/71/8334671_1931-02-14_1966.jpg,hybrid,external_normalized,external_test,0,real,0.02551623061299324,0.8212602734565735,0
deepfakeface_sd15/real/71/9069371_1986-03-19_2013.jpg,hybrid,external_normalized,external_test,0,real,0.9017627239227295,0.8212602734565735,1
deepfakeface_sd15/real/71/967871_1972-12-15_2008.jpg,hybrid,external_normalized,external_test,0,real,0.04474246874451637,0.8212602734565735,0
deepfakeface_sd15/real/71/9845271_1955-09-16_2001.jpg,hybrid,external_normalized,external_test,0,real,0.19964902102947235,0.8212602734565735,0
deepfakeface_sd15/real/73/1013073_1978-05-24_2010.jpg,hybrid,external_normalized,external_test,0,real,0.04530368372797966,0.8212602734565735,0
deepfakeface_sd15/real/73/12464473_1935-03-06_1958.jpg,hybrid,external_normalized,external_test,0,real,0.00028626504354178905,0.8212602734565735,0
deepfakeface_sd15/real/73/12786073_1984-05-18_2011.jpg,hybrid,external_normalized,external_test,0,real,0.0010925307869911194,0.8212602734565735,0
deepfakeface_sd15/real/73/16855173_1937-10-21_2008.jpg,hybrid,external_normalized,external_test,0,real,0.05272957310080528,0.8212602734565735,0
deepfakeface_sd15/real/73/18933173_1984-05-13_2011.jpg,hybrid,external_normalized,external_test,0,real,0.3853102922439575,0.8212602734565735,0
deepfakeface_sd15/real/73/20989373_1938-09-15_1988.jpg,hybrid,external_normalized,external_test,0,real,0.09700248390436172,0.8212602734565735,0
deepfakeface_sd15/real/73/21741673_1995-03-01_2009.jpg,hybrid,external_normalized,external_test,0,real,0.4328356683254242,0.8212602734565735,0
deepfakeface_sd15/real/73/2210573_1958-04-04_2007.jpg,hybrid,external_normalized,external_test,0,real,0.057377323508262634,0.8212602734565735,0
deepfakeface_sd15/real/73/24079373_1979-07-15_2009.jpg,hybrid,external_normalized,external_test,0,real,0.24483782052993774,0.8212602734565735,0
deepfakeface_sd15/real/73/25286273_1990-11-02_2013.jpg,hybrid,external_normalized,external_test,0,real,0.9882164597511292,0.8212602734565735,1
deepfakeface_sd15/real/73/27347573_1992-06-02_2010.jpg,hybrid,external_normalized,external_test,0,real,0.004000221379101276,0.8212602734565735,0
deepfakeface_sd15/real/73/3365773_1949-06-24_1985.jpg,hybrid,external_normalized,external_test,0,real,0.5461702346801758,0.8212602734565735,0
deepfakeface_sd15/real/73/34239373_1994-11-30_2014.jpg,hybrid,external_normalized,external_test,0,real,0.9214970469474792,0.8212602734565735,1
deepfakeface_sd15/real/73/3517073_1984-09-10_2011.jpg,hybrid,external_normalized,external_test,0,real,0.14814847707748413,0.8212602734565735,0
deepfakeface_sd15/real/73/36499973_1985-09-06_2011.jpg,hybrid,external_normalized,external_test,0,real,0.0371331125497818,0.8212602734565735,0
deepfakeface_sd15/real/73/37985373_1988-12-05_2014.jpg,hybrid,external_normalized,external_test,0,real,0.09545476734638214,0.8212602734565735,0
deepfakeface_sd15/real/73/38089073_1988-06-26_2014.jpg,hybrid,external_normalized,external_test,0,real,7.539746729889885e-05,0.8212602734565735,0
deepfakeface_sd15/real/73/41639973_1876-12-25_1940.jpg,hybrid,external_normalized,external_test,0,real,0.11562266200780869,0.8212602734565735,0
deepfakeface_sd15/real/73/46452873_1906-12-20_1945.jpg,hybrid,external_normalized,external_test,0,real,0.9393465518951416,0.8212602734565735,1
deepfakeface_sd15/real/73/479273_1985-12-08_2014.jpg,hybrid,external_normalized,external_test,0,real,0.009885739535093307,0.8212602734565735,0
deepfakeface_sd15/real/73/502973_1958-03-25_2012.jpg,hybrid,external_normalized,external_test,0,real,0.004658639430999756,0.8212602734565735,0
deepfakeface_sd15/real/73/5332173_1935-09-06_2008.jpg,hybrid,external_normalized,external_test,0,real,0.00013057480100542307,0.8212602734565735,0
deepfakeface_sd15/real/73/666973_1960-09-19_2005.jpg,hybrid,external_normalized,external_test,0,real,0.0014200892765074968,0.8212602734565735,0
deepfakeface_sd15/real/73/9311273_1979-08-24_2010.jpg,hybrid,external_normalized,external_test,0,real,0.0003901937452610582,0.8212602734565735,0
deepfakeface_sd15/real/80/2798180_1985-12-19_2014.jpg,hybrid,external_normalized,external_test,0,real,0.050091154873371124,0.8212602734565735,0
deepfakeface_sd15/real/80/6049880_1985-02-26_2013.jpg,hybrid,external_normalized,external_test,0,real,0.5078883767127991,0.8212602734565735,0
deepfakeface_sd15/real/80/9076080_1971-09-21_2011.jpg,hybrid,external_normalized,external_test,0,real,0.005497806705534458,0.8212602734565735,0
deepfakeface_sd15/real/98/10760998_1937-01-14_1968.jpg,hybrid,external_normalized,external_test,0,real,1.3277259313326795e-05,0.8212602734565735,0
deepfakeface_sd15/real/98/13664298_1989-04-27_2014.jpg,hybrid,external_normalized,external_test,0,real,0.04633815214037895,0.8212602734565735,0
deepfakeface_sd15/real/98/14073598_1892-03-06_1943.jpg,hybrid,external_normalized,external_test,0,real,0.539228081703186,0.8212602734565735,0
deepfakeface_sd15/real/98/142698_1939-09-01_2014.jpg,hybrid,external_normalized,external_test,0,real,0.0003584009245969355,0.8212602734565735,0
deepfakeface_sd15/real/98/15230998_1983-01-10_2007.jpg,hybrid,external_normalized,external_test,0,real,0.0028656008653342724,0.8212602734565735,0
deepfakeface_sd15/real/98/176998_1933-08-16_1965.jpg,hybrid,external_normalized,external_test,0,real,0.21870484948158264,0.8212602734565735,0
deepfakeface_sd15/real/98/22298398_1962-09-19_2011.jpg,hybrid,external_normalized,external_test,0,real,7.634259418409783e-06,0.8212602734565735,0
deepfakeface_sd15/real/98/23428298_1982-12-22_2009.jpg,hybrid,external_normalized,external_test,0,real,0.06176818534731865,0.8212602734565735,0
deepfakeface_sd15/real/98/23560198_1992-06-20_2014.jpg,hybrid,external_normalized,external_test,0,real,0.000338514510076493,0.8212602734565735,0
deepfakeface_sd15/real/98/25616698_1980-08-12_2012.jpg,hybrid,external_normalized,external_test,0,real,0.01540593896061182,0.8212602734565735,0
deepfakeface_sd15/real/98/25980298_1980-07-05_2013.jpg,hybrid,external_normalized,external_test,0,real,0.40784087777137756,0.8212602734565735,0
deepfakeface_sd15/real/98/2705698_1958-12-06_2007.jpg,hybrid,external_normalized,external_test,0,real,1.803225495677907e-05,0.8212602734565735,0
deepfakeface_sd15/real/98/27687598_1957-10-28_2009.jpg,hybrid,external_normalized,external_test,0,real,0.094903863966465,0.8212602734565735,0
deepfakeface_sd15/real/98/30789098_1986-05-13_2012.jpg,hybrid,external_normalized,external_test,0,real,0.004261755850166082,0.8212602734565735,0
deepfakeface_sd15/real/98/32664798_1990-03-03_2014.jpg,hybrid,external_normalized,external_test,0,real,0.008380096405744553,0.8212602734565735,0
deepfakeface_sd15/real/98/3604398_1981-06-16_2012.jpg,hybrid,external_normalized,external_test,0,real,0.005514504387974739,0.8212602734565735,0
deepfakeface_sd15/real/98/40219898_1975-03-11_2013.jpg,hybrid,external_normalized,external_test,0,real,0.0009156324667856097,0.8212602734565735,0
deepfakeface_sd15/real/98/40883698_1972-01-26_2014.jpg,hybrid,external_normalized,external_test,0,real,0.2421851009130478,0.8212602734565735,0
deepfakeface_sd15/real/98/4276598_1950-10-14_1975.jpg,hybrid,external_normalized,external_test,0,real,9.411376231582835e-05,0.8212602734565735,0
deepfakeface_sd15/real/98/45298998_1988-08-17_2012.jpg,hybrid,external_normalized,external_test,0,real,0.9526528120040894,0.8212602734565735,1
deepfakeface_sd15/real/98/4691798_1977-09-15_2005.jpg,hybrid,external_normalized,external_test,0,real,0.10227245837450027,0.8212602734565735,0
deepfakeface_sd15/real/98/46974698_1942-02-22_1968.jpg,hybrid,external_normalized,external_test,0,real,0.16051283478736877,0.8212602734565735,0
deepfakeface_sd15/real/98/577798_1933-12-08_1969.jpg,hybrid,external_normalized,external_test,0,real,0.005395728629082441,0.8212602734565735,0
deepfakeface_sd15/real/98/591698_1968-01-15_2000.jpg,hybrid,external_normalized,external_test,0,real,0.7283372282981873,0.8212602734565735,0
deepfakeface_sd15/real/98/609598_1929-11-08_2007.jpg,hybrid,external_normalized,external_test,0,real,0.0340302512049675,0.8212602734565735,0
deepfakeface_sd15/real/98/6548698_1964-02-27_2010.jpg,hybrid,external_normalized,external_test,0,real,0.00025588294374756515,0.8212602734565735,0
deepfakeface_sd15/real/98/670098_1974-07-29_2009.jpg,hybrid,external_normalized,external_test,0,real,0.4121105670928955,0.8212602734565735,0
deepfakeface_sd15/real/98/6808898_1936-01-17_2012.jpg,hybrid,external_normalized,external_test,0,real,0.001878481823951006,0.8212602734565735,0
deepfakeface_sd15/fake/00/12596800_1920-10-18_1955.jpg,hybrid,external_normalized,external_test,1,StableDiffusion_v1_5,0.12444327771663666,0.8212602734565735,0
deepfakeface_sd15/fake/00/15550600_1973-11-01_2000.jpg,hybrid,external_normalized,external_test,1,StableDiffusion_v1_5,0.14150679111480713,0.8212602734565735,0
deepfakeface_sd15/fake/00/18407100_1917-10-18_1958.jpg,hybrid,external_normalized,external_test,1,StableDiffusion_v1_5,0.9743029475212097,0.8212602734565735,1
deepfakeface_sd15/fake/00/23804200_1950-03-31_2013.jpg,hybrid,external_normalized,external_test,1,StableDiffusion_v1_5,0.0014598234556615353,0.8212602734565735,0
deepfakeface_sd15/fake/00/2540500_1970-10-10_2008.jpg,hybrid,external_normalized,external_test,1,StableDiffusion_v1_5,0.0018530990928411484,0.8212602734565735,0
deepfakeface_sd15/fake/00/2669900_1933-07-29_1968.jpg,hybrid,external_normalized,external_test,1,StableDiffusion_v1_5,0.042501967400312424,0.8212602734565735,0
deepfakeface_sd15/fake/00/26771200_1988-08-13_2009.jpg,hybrid,external_normalized,external_test,1,StableDiffusion_v1_5,0.00038944827974773943,0.8212602734565735,0
deepfakeface_sd15/fake/00/2690900_1963-03-12_2010.jpg,hybrid,external_normalized,external_test,1,StableDiffusion_v1_5,5.625063931802288e-05,0.8212602734565735,0
deepfakeface_sd15/fake/00/28476500_1938-06-12_1959.jpg,hybrid,external_normalized,external_test,1,StableDiffusion_v1_5,0.005300189834088087,0.8212602734565735,0
deepfakeface_sd15/fake/00/28886000_1928-01-17_2009.jpg,hybrid,external_normalized,external_test,1,StableDiffusion_v1_5,0.03233207017183304,0.8212602734565735,0
deepfakeface_sd15/fake/00/3293900_1973-09-23_2004.jpg,hybrid,external_normalized,external_test,1,StableDiffusion_v1_5,0.00027247160323895514,0.8212602734565735,0
deepfakeface_sd15/fake/00/34199700_1921-05-23_1946.jpg,hybrid,external_normalized,external_test,1,StableDiffusion_v1_5,1.6002715710783377e-05,0.8212602734565735,0
deepfakeface_sd15/fake/00/34316600_1994-11-15_2013.jpg,hybrid,external_normalized,external_test,1,StableDiffusion_v1_5,0.001667560776695609,0.8212602734565735,0
deepfakeface_sd15/fake/00/35360200_1996-11-01_2012.jpg,hybrid,external_normalized,external_test,1,StableDiffusion_v1_5,0.3678482174873352,0.8212602734565735,0
deepfakeface_sd15/fake/00/36606300_1984-08-03_2014.jpg,hybrid,external_normalized,external_test,1,StableDiffusion_v1_5,0.00018503103638067842,0.8212602734565735,0
deepfakeface_sd15/fake/00/38882500_1940-10-04_1977.jpg,hybrid,external_normalized,external_test,1,StableDiffusion_v1_5,0.0009682623203843832,0.8212602734565735,0
deepfakeface_sd15/fake/00/3982800_1988-01-29_2012.jpg,hybrid,external_normalized,external_test,1,StableDiffusion_v1_5,0.002004113281145692,0.8212602734565735,0
deepfakeface_sd15/fake/00/41835500_1992-05-12_2014.jpg,hybrid,external_normalized,external_test,1,StableDiffusion_v1_5,0.00017874737386591733,0.8212602734565735,0
deepfakeface_sd15/fake/00/4236500_1977-10-18_2005.jpg,hybrid,external_normalized,external_test,1,StableDiffusion_v1_5,0.0017845816910266876,0.8212602734565735,0
deepfakeface_sd15/fake/00/46667800_1978-03-16_2014.jpg,hybrid,external_normalized,external_test,1,StableDiffusion_v1_5,0.0005339210038073361,0.8212602734565735,0
deepfakeface_sd15/fake/00/5616200_1968-09-06_2006.jpg,hybrid,external_normalized,external_test,1,StableDiffusion_v1_5,0.0036226476076990366,0.8212602734565735,0
deepfakeface_sd15/fake/00/5751800_1950-09-09_2010.jpg,hybrid,external_normalized,external_test,1,StableDiffusion_v1_5,0.00022546062245965004,0.8212602734565735,0
deepfakeface_sd15/fake/00/67000_1947-05-13_2007.jpg,hybrid,external_normalized,external_test,1,StableDiffusion_v1_5,0.00044997574877925217,0.8212602734565735,0
deepfakeface_sd15/fake/00/7567200_1932-07-31_1966.jpg,hybrid,external_normalized,external_test,1,StableDiffusion_v1_5,0.020938947796821594,0.8212602734565735,0
deepfakeface_sd15/fake/00/8222200_1941-05-15_1964.jpg,hybrid,external_normalized,external_test,1,StableDiffusion_v1_5,0.012995279394090176,0.8212602734565735,0
deepfakeface_sd15/fake/00/836500_1977-03-04_2007.jpg,hybrid,external_normalized,external_test,1,StableDiffusion_v1_5,0.0034253366757184267,0.8212602734565735,0
deepfakeface_sd15/fake/00/9210500_1912-02-06_1942.jpg,hybrid,external_normalized,external_test,1,StableDiffusion_v1_5,0.000262081332039088,0.8212602734565735,0
deepfakeface_sd15/fake/00/944600_1968-02-05_2006.jpg,hybrid,external_normalized,external_test,1,StableDiffusion_v1_5,0.029952676966786385,0.8212602734565735,0
deepfakeface_sd15/fake/00/9801700_1969-10-11_2012.jpg,hybrid,external_normalized,external_test,1,StableDiffusion_v1_5,0.0001258131378563121,0.8212602734565735,0
deepfakeface_sd15/fake/02/4539602_1977-04-26_2010.jpg,hybrid,external_normalized,external_test,1,StableDiffusion_v1_5,4.974664261681028e-05,0.8212602734565735,0
deepfakeface_sd15/fake/03/10970703_1984-05-21_2011.jpg,hybrid,external_normalized,external_test,1,StableDiffusion_v1_5,3.2096868380904198e-06,0.8212602734565735,0
deepfakeface_sd15/fake/03/1142203_1949-03-03_2008.jpg,hybrid,external_normalized,external_test,1,StableDiffusion_v1_5,0.8784760236740112,0.8212602734565735,1
deepfakeface_sd15/fake/03/13181303_1944-01-11_1971.jpg,hybrid,external_normalized,external_test,1,StableDiffusion_v1_5,5.5342701671179384e-05,0.8212602734565735,0
deepfakeface_sd15/fake/03/14926103_1928-01-13_1958.jpg,hybrid,external_normalized,external_test,1,StableDiffusion_v1_5,1.3688978469872382e-05,0.8212602734565735,0
deepfakeface_sd15/fake/03/16103_1907-05-26_1965.jpg,hybrid,external_normalized,external_test,1,StableDiffusion_v1_5,0.0012976669240742922,0.8212602734565735,0
deepfakeface_sd15/fake/03/18388503_1942-09-14_2007.jpg,hybrid,external_normalized,external_test,1,StableDiffusion_v1_5,0.0007767255301587284,0.8212602734565735,0
deepfakeface_sd15/fake/03/19966503_1974-03-04_2011.jpg,hybrid,external_normalized,external_test,1,StableDiffusion_v1_5,0.010964307002723217,0.8212602734565735,0
deepfakeface_sd15/fake/03/21296103_1982-04-25_2011.jpg,hybrid,external_normalized,external_test,1,StableDiffusion_v1_5,0.023954274132847786,0.8212602734565735,0
deepfakeface_sd15/fake/03/2220103_1954-05-18_2009.jpg,hybrid,external_normalized,external_test,1,StableDiffusion_v1_5,0.11000429093837738,0.8212602734565735,0
deepfakeface_sd15/fake/03/225903_1935-04-21_2007.jpg,hybrid,external_normalized,external_test,1,StableDiffusion_v1_5,0.04040297493338585,0.8212602734565735,0
deepfakeface_sd15/fake/03/2395003_1940-06-21_1977.jpg,hybrid,external_normalized,external_test,1,StableDiffusion_v1_5,0.08548271656036377,0.8212602734565735,0
deepfakeface_sd15/fake/03/2420403_1964-03-18_2007.jpg,hybrid,external_normalized,external_test,1,StableDiffusion_v1_5,0.09854879975318909,0.8212602734565735,0
deepfakeface_sd15/fake/03/2740303_1974-11-03_1999.jpg,hybrid,external_normalized,external_test,1,StableDiffusion_v1_5,0.0001623178250156343,0.8212602734565735,0
deepfakeface_sd15/fake/03/2779203_1965-10-01_2008.jpg,hybrid,external_normalized,external_test,1,StableDiffusion_v1_5,0.0002147556224372238,0.8212602734565735,0
deepfakeface_sd15/fake/03/317803_1920-03-03_2011.jpg,hybrid,external_normalized,external_test,1,StableDiffusion_v1_5,2.8437149012461305e-05,0.8212602734565735,0
deepfakeface_sd15/fake/03/32442803_1991-09-14_2012.jpg,hybrid,external_normalized,external_test,1,StableDiffusion_v1_5,0.006589390803128481,0.8212602734565735,0
deepfakeface_sd15/fake/03/34807003_1990-05-29_2013.jpg,hybrid,external_normalized,external_test,1,StableDiffusion_v1_5,0.0036312600132077932,0.8212602734565735,0
deepfakeface_sd15/fake/03/37970303_1977-07-09_2013.jpg,hybrid,external_normalized,external_test,1,StableDiffusion_v1_5,0.00016659828543197364,0.8212602734565735,0
deepfakeface_sd15/fake/03/39605003_1966-06-21_2012.jpg,hybrid,external_normalized,external_test,1,StableDiffusion_v1_5,0.0009731376194395125,0.8212602734565735,0
deepfakeface_sd15/fake/03/39918103_1988-09-29_2012.jpg,hybrid,external_normalized,external_test,1,StableDiffusion_v1_5,0.00016924123337958008,0.8212602734565735,0
deepfakeface_sd15/fake/03/4830003_1961-12-01_2010.jpg,hybrid,external_normalized,external_test,1,StableDiffusion_v1_5,0.7131149768829346,0.8212602734565735,0
deepfakeface_sd15/fake/03/555703_1913-07-13_1970.jpg,hybrid,external_normalized,external_test,1,StableDiffusion_v1_5,0.0004214818764012307,0.8212602734565735,0
deepfakeface_sd15/fake/03/6104003_1985-07-06_2006.jpg,hybrid,external_normalized,external_test,1,StableDiffusion_v1_5,0.5806816816329956,0.8212602734565735,0
deepfakeface_sd15/fake/03/7100903_1961-03-15_2010.jpg,hybrid,external_normalized,external_test,1,StableDiffusion_v1_5,0.4066592752933502,0.8212602734565735,0
deepfakeface_sd15/fake/03/7655603_1956-03-09_2010.jpg,hybrid,external_normalized,external_test,1,StableDiffusion_v1_5,0.00023778261675033718,0.8212602734565735,0
deepfakeface_sd15/fake/03/8902703_1978-09-20_2007.jpg,hybrid,external_normalized,external_test,1,StableDiffusion_v1_5,4.321770029491745e-05,0.8212602734565735,0
deepfakeface_sd15/fake/03/9000703_1982-07-16_2008.jpg,hybrid,external_normalized,external_test,1,StableDiffusion_v1_5,0.004750629886984825,0.8212602734565735,0
deepfakeface_sd15/fake/03/9729003_1988-05-18_2011.jpg,hybrid,external_normalized,external_test,1,StableDiffusion_v1_5,9.095769200939685e-05,0.8212602734565735,0
deepfakeface_sd15/fake/03/97803_1991-04-04_2007.jpg,hybrid,external_normalized,external_test,1,StableDiffusion_v1_5,0.008161647245287895,0.8212602734565735,0
deepfakeface_sd15/fake/12/1836812_1976-11-06_2013.jpg,hybrid,external_normalized,external_test,1,StableDiffusion_v1_5,0.000571260170545429,0.8212602734565735,0
deepfakeface_sd15/fake/14/12041214_1955-03-25_2012.jpg,hybrid,external_normalized,external_test,1,StableDiffusion_v1_5,3.1650827168050455e-06,0.8212602734565735,0
deepfakeface_sd15/fake/14/12461914_1975-12-14_2007.jpg,hybrid,external_normalized,external_test,1,StableDiffusion_v1_5,0.0005887459847144783,0.8212602734565735,0
deepfakeface_sd15/fake/14/14307714_1977-01-29_2013.jpg,hybrid,external_normalized,external_test,1,StableDiffusion_v1_5,0.21904553472995758,0.8212602734565735,0
deepfakeface_sd15/fake/14/170514_1963-03-06_1970.jpg,hybrid,external_normalized,external_test,1,StableDiffusion_v1_5,0.006797625217586756,0.8212602734565735,0
deepfakeface_sd15/fake/14/1830414_1971-07-01_2013.jpg,hybrid,external_normalized,external_test,1,StableDiffusion_v1_5,0.8165417909622192,0.8212602734565735,0
deepfakeface_sd15/fake/14/19894914_1989-10-19_2012.jpg,hybrid,external_normalized,external_test,1,StableDiffusion_v1_5,0.006289547309279442,0.8212602734565735,0
deepfakeface_sd15/fake/14/1995914_1928-11-21_1976.jpg,hybrid,external_normalized,external_test,1,StableDiffusion_v1_5,1.0263268450216856e-05,0.8212602734565735,0
deepfakeface_sd15/fake/14/2009614_1964-05-13_2008.jpg,hybrid,external_normalized,external_test,1,StableDiffusion_v1_5,2.5608240321162157e-05,0.8212602734565735,0
deepfakeface_sd15/fake/14/21538614_1990-11-01_2015.jpg,hybrid,external_normalized,external_test,1,StableDiffusion_v1_5,0.07635620981454849,0.8212602734565735,0
deepfakeface_sd15/fake/14/22037414_1987-06-05_2013.jpg,hybrid,external_normalized,external_test,1,StableDiffusion_v1_5,9.935015987139195e-05,0.8212602734565735,0
deepfakeface_sd15/fake/14/23420614_1974-04-16_2008.jpg,hybrid,external_normalized,external_test,1,StableDiffusion_v1_5,0.0036057541146874428,0.8212602734565735,0
deepfakeface_sd15/fake/14/27131114_1983-08-30_2011.jpg,hybrid,external_normalized,external_test,1,StableDiffusion_v1_5,0.0011086155427619815,0.8212602734565735,0
deepfakeface_sd15/fake/14/28269114_1941-03-21_2011.jpg,hybrid,external_normalized,external_test,1,StableDiffusion_v1_5,4.02343794121407e-05,0.8212602734565735,0
deepfakeface_sd15/fake/14/28819114_1961-06-26_2009.jpg,hybrid,external_normalized,external_test,1,StableDiffusion_v1_5,0.03196905180811882,0.8212602734565735,0
deepfakeface_sd15/fake/14/33258714_1979-05-30_2011.jpg,hybrid,external_normalized,external_test,1,StableDiffusion_v1_5,0.6933344602584839,0.8212602734565735,0
deepfakeface_sd15/fake/14/35642014_1989-04-27_2012.jpg,hybrid,external_normalized,external_test,1,StableDiffusion_v1_5,0.06973381340503693,0.8212602734565735,0
deepfakeface_sd15/fake/14/36566914_1988-08-11_2014.jpg,hybrid,external_normalized,external_test,1,StableDiffusion_v1_5,0.013855117373168468,0.8212602734565735,0
deepfakeface_sd15/fake/14/36573714_1984-12-01_2012.jpg,hybrid,external_normalized,external_test,1,StableDiffusion_v1_5,0.00033059492125175893,0.8212602734565735,0
deepfakeface_sd15/fake/14/3772814_1978-02-28_2008.jpg,hybrid,external_normalized,external_test,1,StableDiffusion_v1_5,0.00028633902547881007,0.8212602734565735,0
deepfakeface_sd15/fake/14/41732014_1943-06-18_1969.jpg,hybrid,external_normalized,external_test,1,StableDiffusion_v1_5,1.2711809176835231e-05,0.8212602734565735,0
deepfakeface_sd15/fake/14/4295614_1924-09-15_1987.jpg,hybrid,external_normalized,external_test,1,StableDiffusion_v1_5,0.001089507364667952,0.8212602734565735,0
deepfakeface_sd15/fake/14/44096714_1964-06-29_2012.jpg,hybrid,external_normalized,external_test,1,StableDiffusion_v1_5,0.01897243596613407,0.8212602734565735,0
deepfakeface_sd15/fake/14/448514_1959-03-06_2007.jpg,hybrid,external_normalized,external_test,1,StableDiffusion_v1_5,0.0035171606577932835,0.8212602734565735,0
deepfakeface_sd15/fake/14/585414_1951-03-17_2014.jpg,hybrid,external_normalized,external_test,1,StableDiffusion_v1_5,0.002091281348839402,0.8212602734565735,0
deepfakeface_sd15/fake/14/5923814_1958-08-28_1991.jpg,hybrid,external_normalized,external_test,1,StableDiffusion_v1_5,0.09933695197105408,0.8212602734565735,0
deepfakeface_sd15/fake/14/5965014_1981-12-21_2013.jpg,hybrid,external_normalized,external_test,1,StableDiffusion_v1_5,0.16481313109397888,0.8212602734565735,0
deepfakeface_sd15/fake/14/852514_1980-01-18_2013.jpg,hybrid,external_normalized,external_test,1,StableDiffusion_v1_5,5.487100861500949e-05,0.8212602734565735,0
deepfakeface_sd15/fake/14/8543614_1983-09-25_2010.jpg,hybrid,external_normalized,external_test,1,StableDiffusion_v1_5,0.001502640312537551,0.8212602734565735,0
deepfakeface_sd15/fake/14/9716514_1900-04-10_1946.jpg,hybrid,external_normalized,external_test,1,StableDiffusion_v1_5,0.0004705525061581284,0.8212602734565735,0
deepfakeface_sd15/fake/21/10172021_1963-06-02_2006.jpg,hybrid,external_normalized,external_test,1,StableDiffusion_v1_5,0.0006011076038703322,0.8212602734565735,0
deepfakeface_sd15/fake/21/1176621_1966-05-16_2010.jpg,hybrid,external_normalized,external_test,1,StableDiffusion_v1_5,5.6836976000340655e-05,0.8212602734565735,0
deepfakeface_sd15/fake/21/12261121_1985-01-04_2014.jpg,hybrid,external_normalized,external_test,1,StableDiffusion_v1_5,6.255014159251004e-05,0.8212602734565735,0
deepfakeface_sd15/fake/21/15872621_1922-08-28_1952.jpg,hybrid,external_normalized,external_test,1,StableDiffusion_v1_5,0.00017698225565254688,0.8212602734565735,0
deepfakeface_sd15/fake/21/15905321_1990-01-06_2009.jpg,hybrid,external_normalized,external_test,1,StableDiffusion_v1_5,0.0006635196623392403,0.8212602734565735,0
deepfakeface_sd15/fake/21/16521_1938-12-29_2011.jpg,hybrid,external_normalized,external_test,1,StableDiffusion_v1_5,0.00014528997417073697,0.8212602734565735,0
deepfakeface_sd15/fake/21/174821_1961-09-25_1993.jpg,hybrid,external_normalized,external_test,1,StableDiffusion_v1_5,3.6691992136184126e-05,0.8212602734565735,0
deepfakeface_sd15/fake/21/1825621_1945-09-08_2008.jpg,hybrid,external_normalized,external_test,1,StableDiffusion_v1_5,0.000213574108784087,0.8212602734565735,0
deepfakeface_sd15/fake/21/20599521_1967-08-09_2012.jpg,hybrid,external_normalized,external_test,1,StableDiffusion_v1_5,0.00017972766363527626,0.8212602734565735,0
deepfakeface_sd15/fake/21/24644621_1964-12-15_2010.jpg,hybrid,external_normalized,external_test,1,StableDiffusion_v1_5,0.33381208777427673,0.8212602734565735,0
deepfakeface_sd15/fake/21/250721_1956-06-03_2010.jpg,hybrid,external_normalized,external_test,1,StableDiffusion_v1_5,0.004811327904462814,0.8212602734565735,0
deepfakeface_sd15/fake/21/2797621_1960-03-15_2011.jpg,hybrid,external_normalized,external_test,1,StableDiffusion_v1_5,0.0007466007373295724,0.8212602734565735,0
deepfakeface_sd15/fake/21/29126821_1986-10-07_2014.jpg,hybrid,external_normalized,external_test,1,StableDiffusion_v1_5,0.04095658287405968,0.8212602734565735,0
deepfakeface_sd15/fake/21/2950421_1974-09-11_2007.jpg,hybrid,external_normalized,external_test,1,StableDiffusion_v1_5,1.2798638636013493e-05,0.8212602734565735,0
deepfakeface_sd15/fake/21/295321_1904-08-23_1955.jpg,hybrid,external_normalized,external_test,1,StableDiffusion_v1_5,2.149541978724301e-05,0.8212602734565735,0
deepfakeface_sd15/fake/21/3003021_1956-12-23_2014.jpg,hybrid,external_normalized,external_test,1,StableDiffusion_v1_5,5.6510918511776254e-05,0.8212602734565735,0
deepfakeface_sd15/fake/21/30496921_1916-02-13_1977.jpg,hybrid,external_normalized,external_test,1,StableDiffusion_v1_5,0.6043893694877625,0.8212602734565735,0
deepfakeface_sd15/fake/21/332221_1903-07-21_2007.jpg,hybrid,external_normalized,external_test,1,StableDiffusion_v1_5,0.00010127363202627748,0.8212602734565735,0
deepfakeface_sd15/fake/21/35191121_1990-01-18_2014.jpg,hybrid,external_normalized,external_test,1,StableDiffusion_v1_5,0.09666401892900467,0.8212602734565735,0
deepfakeface_sd15/fake/21/40783721_1958-04-16_2013.jpg,hybrid,external_normalized,external_test,1,StableDiffusion_v1_5,0.00012376105587463826,0.8212602734565735,0
deepfakeface_sd15/fake/21/4137921_1965-08-22_2013.jpg,hybrid,external_normalized,external_test,1,StableDiffusion_v1_5,2.3622305889148265e-05,0.8212602734565735,0
deepfakeface_sd15/fake/21/6573321_1986-05-01_2008.jpg,hybrid,external_normalized,external_test,1,StableDiffusion_v1_5,0.09754551202058792,0.8212602734565735,0
deepfakeface_sd15/fake/21/6574321_1982-08-10_2012.jpg,hybrid,external_normalized,external_test,1,StableDiffusion_v1_5,0.031306955963373184,0.8212602734565735,0
deepfakeface_sd15/fake/21/7170221_1933-03-27_1983.jpg,hybrid,external_normalized,external_test,1,StableDiffusion_v1_5,0.005505711771547794,0.8212602734565735,0
deepfakeface_sd15/fake/21/7623721_1978-03-01_2010.jpg,hybrid,external_normalized,external_test,1,StableDiffusion_v1_5,0.000698375457432121,0.8212602734565735,0
deepfakeface_sd15/fake/21/8194621_1986-02-16_2009.jpg,hybrid,external_normalized,external_test,1,StableDiffusion_v1_5,0.04963435232639313,0.8212602734565735,0
deepfakeface_sd15/fake/21/8774721_1967-04-29_2010.jpg,hybrid,external_normalized,external_test,1,StableDiffusion_v1_5,1.5344081475632265e-05,0.8212602734565735,0
deepfakeface_sd15/fake/21/8789221_1983-08-14_2012.jpg,hybrid,external_normalized,external_test,1,StableDiffusion_v1_5,0.5829789042472839,0.8212602734565735,0
deepfakeface_sd15/fake/21/9404921_1978-07-09_2009.jpg,hybrid,external_normalized,external_test,1,StableDiffusion_v1_5,0.919704258441925,0.8212602734565735,1
deepfakeface_sd15/fake/24/2968824_1963-05-26_2011.jpg,hybrid,external_normalized,external_test,1,StableDiffusion_v1_5,0.0003296897339168936,0.8212602734565735,0
deepfakeface_sd15/fake/26/503926_1976-12-31_2009.jpg,hybrid,external_normalized,external_test,1,StableDiffusion_v1_5,0.00016291697102133185,0.8212602734565735,0
deepfakeface_sd15/fake/30/11772430_1938-04-14_2008.jpg,hybrid,external_normalized,external_test,1,StableDiffusion_v1_5,0.026249947026371956,0.8212602734565735,0
deepfakeface_sd15/fake/34/1149234_1978-10-03_2010.jpg,hybrid,external_normalized,external_test,1,StableDiffusion_v1_5,4.779340451932512e-05,0.8212602734565735,0
deepfakeface_sd15/fake/34/11653234_1986-12-23_2012.jpg,hybrid,external_normalized,external_test,1,StableDiffusion_v1_5,0.02621937356889248,0.8212602734565735,0
deepfakeface_sd15/fake/34/1266534_1975-11-03_2011.jpg,hybrid,external_normalized,external_test,1,StableDiffusion_v1_5,0.000169706778251566,0.8212602734565735,0
deepfakeface_sd15/fake/34/12829834_1950-08-15_2002.jpg,hybrid,external_normalized,external_test,1,StableDiffusion_v1_5,0.009121489711105824,0.8212602734565735,0
deepfakeface_sd15/fake/34/13846034_1977-08-30_2009.jpg,hybrid,external_normalized,external_test,1,StableDiffusion_v1_5,0.6671713590621948,0.8212602734565735,0
deepfakeface_sd15/fake/34/1386234_1952-04-25_2004.jpg,hybrid,external_normalized,external_test,1,StableDiffusion_v1_5,0.9918187856674194,0.8212602734565735,1
deepfakeface_sd15/fake/34/19258134_1986-05-13_2009.jpg,hybrid,external_normalized,external_test,1,StableDiffusion_v1_5,0.7879739999771118,0.8212602734565735,0
deepfakeface_sd15/fake/34/19354934_1986-10-18_2009.jpg,hybrid,external_normalized,external_test,1,StableDiffusion_v1_5,0.08311863243579865,0.8212602734565735,0
deepfakeface_sd15/fake/34/20500734_1950-03-30_2014.jpg,hybrid,external_normalized,external_test,1,StableDiffusion_v1_5,0.0011639987351372838,0.8212602734565735,0
deepfakeface_sd15/fake/34/21284234_1983-06-02_2011.jpg,hybrid,external_normalized,external_test,1,StableDiffusion_v1_5,0.8932162523269653,0.8212602734565735,1
deepfakeface_sd15/fake/34/23945334_1979-07-30_2008.jpg,hybrid,external_normalized,external_test,1,StableDiffusion_v1_5,0.00032280528103001416,0.8212602734565735,0
deepfakeface_sd15/fake/34/25905034_1992-04-05_2009.jpg,hybrid,external_normalized,external_test,1,StableDiffusion_v1_5,0.01350758783519268,0.8212602734565735,0
deepfakeface_sd15/fake/34/276834_1928-01-30_2010.jpg,hybrid,external_normalized,external_test,1,StableDiffusion_v1_5,0.0021211879793554544,0.8212602734565735,0
deepfakeface_sd15/fake/34/32504534_1990-12-18_2011.jpg,hybrid,external_normalized,external_test,1,StableDiffusion_v1_5,0.0002263832138851285,0.8212602734565735,0
deepfakeface_sd15/fake/34/32670934_1973-08-28_2013.jpg,hybrid,external_normalized,external_test,1,StableDiffusion_v1_5,0.0016705577727407217,0.8212602734565735,0
deepfakeface_sd15/fake/34/33682634_1989-09-15_2011.jpg,hybrid,external_normalized,external_test,1,StableDiffusion_v1_5,0.022037474438548088,0.8212602734565735,0
deepfakeface_sd15/fake/34/36722334_1937-08-31_2005.jpg,hybrid,external_normalized,external_test,1,StableDiffusion_v1_5,0.001327210571616888,0.8212602734565735,0
deepfakeface_sd15/fake/34/39718934_1987-12-07_2013.jpg,hybrid,external_normalized,external_test,1,StableDiffusion_v1_5,0.016290858387947083,0.8212602734565735,0
deepfakeface_sd15/fake/34/398734_1932-05-04_1955.jpg,hybrid,external_normalized,external_test,1,StableDiffusion_v1_5,0.00028780847787857056,0.8212602734565735,0
deepfakeface_sd15/fake/34/42708434_1996-03-11_2013.jpg,hybrid,external_normalized,external_test,1,StableDiffusion_v1_5,0.0019331998191773891,0.8212602734565735,0
deepfakeface_sd15/fake/34/43639934_1912-04-03_2003.jpg,hybrid,external_normalized,external_test,1,StableDiffusion_v1_5,8.08265212981496e-06,0.8212602734565735,0
deepfakeface_sd15/fake/34/440034_1924-04-29_1963.jpg,hybrid,external_normalized,external_test,1,StableDiffusion_v1_5,0.01632918044924736,0.8212602734565735,0
deepfakeface_sd15/fake/34/4413434_1984-01-21_2013.jpg,hybrid,external_normalized,external_test,1,StableDiffusion_v1_5,0.9647074937820435,0.8212602734565735,1
deepfakeface_sd15/fake/34/4998434_1979-05-16_2005.jpg,hybrid,external_normalized,external_test,1,StableDiffusion_v1_5,0.0023952422197908163,0.8212602734565735,0
deepfakeface_sd15/fake/34/5354734_1976-10-17_1995.jpg,hybrid,external_normalized,external_test,1,StableDiffusion_v1_5,0.0017130001215264201,0.8212602734565735,0
deepfakeface_sd15/fake/34/603934_1963-12-04_2013.jpg,hybrid,external_normalized,external_test,1,StableDiffusion_v1_5,0.00013994665641803294,0.8212602734565735,0
deepfakeface_sd15/fake/34/78834_1970-04-29_2014.jpg,hybrid,external_normalized,external_test,1,StableDiffusion_v1_5,0.0012977016158401966,0.8212602734565735,0
deepfakeface_sd15/fake/34/9326434_1987-05-02_2006.jpg,hybrid,external_normalized,external_test,1,StableDiffusion_v1_5,0.5320762395858765,0.8212602734565735,0
deepfakeface_sd15/fake/35/10970235_1972-10-10_2010.jpg,hybrid,external_normalized,external_test,1,StableDiffusion_v1_5,1.510569200036116e-05,0.8212602734565735,0
deepfakeface_sd15/fake/35/12523735_1981-04-21_2014.jpg,hybrid,external_normalized,external_test,1,StableDiffusion_v1_5,0.00012402782158460468,0.8212602734565735,0
deepfakeface_sd15/fake/35/1323135_1941-09-15_1966.jpg,hybrid,external_normalized,external_test,1,StableDiffusion_v1_5,0.028331870213150978,0.8212602734565735,0
deepfakeface_sd15/fake/35/13774535_1942-06-09_1957.jpg,hybrid,external_normalized,external_test,1,StableDiffusion_v1_5,0.012831291183829308,0.8212602734565735,0
deepfakeface_sd15/fake/35/14180235_1985-10-27_2015.jpg,hybrid,external_normalized,external_test,1,StableDiffusion_v1_5,0.0004247035540174693,0.8212602734565735,0
deepfakeface_sd15/fake/35/14347235_1959-06-15_2013.jpg,hybrid,external_normalized,external_test,1,StableDiffusion_v1_5,0.910560131072998,0.8212602734565735,1
deepfakeface_sd15/fake/35/1437535_1935-02-22_2010.jpg,hybrid,external_normalized,external_test,1,StableDiffusion_v1_5,0.00014027932775206864,0.8212602734565735,0
deepfakeface_sd15/fake/35/14619035_1990-02-25_2014.jpg,hybrid,external_normalized,external_test,1,StableDiffusion_v1_5,0.0012130273971706629,0.8212602734565735,0
deepfakeface_sd15/fake/35/1566935_1953-09-11_2010.jpg,hybrid,external_normalized,external_test,1,StableDiffusion_v1_5,0.0001303827011724934,0.8212602734565735,0
deepfakeface_sd15/fake/35/16105135_1980-04-18_2012.jpg,hybrid,external_normalized,external_test,1,StableDiffusion_v1_5,6.313032645266503e-05,0.8212602734565735,0
deepfakeface_sd15/fake/35/17974235_1973-06-13_2009.jpg,hybrid,external_normalized,external_test,1,StableDiffusion_v1_5,0.0011446134885773063,0.8212602734565735,0
deepfakeface_sd15/fake/35/18933035_1982-08-26_2012.jpg,hybrid,external_normalized,external_test,1,StableDiffusion_v1_5,0.3313024938106537,0.8212602734565735,0
deepfakeface_sd15/fake/35/19966435_1968-04-03_2012.jpg,hybrid,external_normalized,external_test,1,StableDiffusion_v1_5,2.69940028374549e-05,0.8212602734565735,0
deepfakeface_sd15/fake/35/2357835_1982-06-16_2014.jpg,hybrid,external_normalized,external_test,1,StableDiffusion_v1_5,0.37244972586631775,0.8212602734565735,0
deepfakeface_sd15/fake/35/2663135_1941-03-20_2008.jpg,hybrid,external_normalized,external_test,1,StableDiffusion_v1_5,0.11734718829393387,0.8212602734565735,0
deepfakeface_sd15/fake/35/2667535_1937-12-16_1985.jpg,hybrid,external_normalized,external_test,1,StableDiffusion_v1_5,2.1598056264338084e-05,0.8212602734565735,0
deepfakeface_sd15/fake/35/28265335_1988-06-22_2013.jpg,hybrid,external_normalized,external_test,1,StableDiffusion_v1_5,0.03905700519680977,0.8212602734565735,0
deepfakeface_sd15/fake/35/30385335_1991-08-22_2011.jpg,hybrid,external_normalized,external_test,1,StableDiffusion_v1_5,0.01677166111767292,0.8212602734565735,0
deepfakeface_sd15/fake/35/3110335_1948-04-03_2012.jpg,hybrid,external_normalized,external_test,1,StableDiffusion_v1_5,0.00019746556063182652,0.8212602734565735,0
deepfakeface_sd15/fake/35/31663335_1976-06-05_2013.jpg,hybrid,external_normalized,external_test,1,StableDiffusion_v1_5,0.20288550853729248,0.8212602734565735,0
deepfakeface_sd15/fake/35/32471435_1932-05-10_1959.jpg,hybrid,external_normalized,external_test,1,StableDiffusion_v1_5,0.001233523478731513,0.8212602734565735,0
deepfakeface_sd15/fake/35/33199835_1985-06-12_2011.jpg,hybrid,external_normalized,external_test,1,StableDiffusion_v1_5,0.0018360706744715571,0.8212602734565735,0
deepfakeface_sd15/fake/35/3338735_1981-11-16_2013.jpg,hybrid,external_normalized,external_test,1,StableDiffusion_v1_5,6.797568494221196e-05,0.8212602734565735,0
deepfakeface_sd15/fake/35/34163535_1988-04-03_2011.jpg,hybrid,external_normalized,external_test,1,StableDiffusion_v1_5,0.9596392512321472,0.8212602734565735,1
deepfakeface_sd15/fake/35/36702535_1992-07-04_2012.jpg,hybrid,external_normalized,external_test,1,StableDiffusion_v1_5,0.8774423003196716,0.8212602734565735,1
deepfakeface_sd15/fake/35/4943835_1891-09-22_1968.jpg,hybrid,external_normalized,external_test,1,StableDiffusion_v1_5,0.0004289007047191262,0.8212602734565735,0
deepfakeface_sd15/fake/35/6232035_1987-09-07_2013.jpg,hybrid,external_normalized,external_test,1,StableDiffusion_v1_5,0.0017833954188972712,0.8212602734565735,0
deepfakeface_sd15/fake/35/89835_1951-04-07_1981.jpg,hybrid,external_normalized,external_test,1,StableDiffusion_v1_5,0.0001370599929941818,0.8212602734565735,0
deepfakeface_sd15/fake/55/10095655_1985-07-10_2012.jpg,hybrid,external_normalized,external_test,1,StableDiffusion_v1_5,0.16072548925876617,0.8212602734565735,0
deepfakeface_sd15/fake/55/10486955_1937-11-18_1975.jpg,hybrid,external_normalized,external_test,1,StableDiffusion_v1_5,1.1556445315363817e-05,0.8212602734565735,0
deepfakeface_sd15/fake/55/1196855_1923-06-24_2009.jpg,hybrid,external_normalized,external_test,1,StableDiffusion_v1_5,0.9818638563156128,0.8212602734565735,1
deepfakeface_sd15/fake/55/12428755_1982-12-09_2012.jpg,hybrid,external_normalized,external_test,1,StableDiffusion_v1_5,0.2728762626647949,0.8212602734565735,0
deepfakeface_sd15/fake/55/1349055_1974-02-24_2009.jpg,hybrid,external_normalized,external_test,1,StableDiffusion_v1_5,0.5972655415534973,0.8212602734565735,0
deepfakeface_sd15/fake/55/14640255_1980-09-24_2006.jpg,hybrid,external_normalized,external_test,1,StableDiffusion_v1_5,6.171919085318223e-05,0.8212602734565735,0
deepfakeface_sd15/fake/55/14904555_1915-05-08_1941.jpg,hybrid,external_normalized,external_test,1,StableDiffusion_v1_5,0.0002131026121787727,0.8212602734565735,0
deepfakeface_sd15/fake/55/15890555_1987-12-03_2014.jpg,hybrid,external_normalized,external_test,1,StableDiffusion_v1_5,0.6660928130149841,0.8212602734565735,0
deepfakeface_sd15/fake/55/1941155_1993-07-26_2010.jpg,hybrid,external_normalized,external_test,1,StableDiffusion_v1_5,0.02953900210559368,0.8212602734565735,0
deepfakeface_sd15/fake/55/20025755_1979-03-10_2009.jpg,hybrid,external_normalized,external_test,1,StableDiffusion_v1_5,0.00010131661838386208,0.8212602734565735,0
deepfakeface_sd15/fake/55/2538755_1933-07-01_1979.jpg,hybrid,external_normalized,external_test,1,StableDiffusion_v1_5,0.0660518929362297,0.8212602734565735,0
deepfakeface_sd15/fake/55/27599355_1985-04-07_2007.jpg,hybrid,external_normalized,external_test,1,StableDiffusion_v1_5,0.9847779273986816,0.8212602734565735,1
deepfakeface_sd15/fake/55/2894455_1947-09-13_2009.jpg,hybrid,external_normalized,external_test,1,StableDiffusion_v1_5,0.0003313313645776361,0.8212602734565735,0
deepfakeface_sd15/fake/55/295555_1950-07-15_2012.jpg,hybrid,external_normalized,external_test,1,StableDiffusion_v1_5,0.0006636400357820094,0.8212602734565735,0
deepfakeface_sd15/fake/55/2979255_1982-08-30_2012.jpg,hybrid,external_normalized,external_test,1,StableDiffusion_v1_5,0.43860992789268494,0.8212602734565735,0
deepfakeface_sd15/fake/55/30781355_1963-07-29_2015.jpg,hybrid,external_normalized,external_test,1,StableDiffusion_v1_5,0.0004408978275023401,0.8212602734565735,0
deepfakeface_sd15/fake/55/31689055_1988-03-014_2013.jpg,hybrid,external_normalized,external_test,1,StableDiffusion_v1_5,0.022785205394029617,0.8212602734565735,0
deepfakeface_sd15/fake/55/3523055_1984-05-01_2014.jpg,hybrid,external_normalized,external_test,1,StableDiffusion_v1_5,0.009358029812574387,0.8212602734565735,0
deepfakeface_sd15/fake/55/3566855_1977-08-09_2010.jpg,hybrid,external_normalized,external_test,1,StableDiffusion_v1_5,0.14317448437213898,0.8212602734565735,0
deepfakeface_sd15/fake/55/36326355_1990-10-27_2014.jpg,hybrid,external_normalized,external_test,1,StableDiffusion_v1_5,0.9822923541069031,0.8212602734565735,1
deepfakeface_sd15/fake/55/38909755_1989-02-21_2013.jpg,hybrid,external_normalized,external_test,1,StableDiffusion_v1_5,0.9991304278373718,0.8212602734565735,1
deepfakeface_sd15/fake/55/39790655_2013-07-22_2014.jpg,hybrid,external_normalized,external_test,1,StableDiffusion_v1_5,5.790323029941646e-06,0.8212602734565735,0
deepfakeface_sd15/fake/55/42718155_1946-01-25_2006.jpg,hybrid,external_normalized,external_test,1,StableDiffusion_v1_5,0.0005267250235192478,0.8212602734565735,0
deepfakeface_sd15/fake/55/43284855_1980-08-11_2012.jpg,hybrid,external_normalized,external_test,1,StableDiffusion_v1_5,0.0009301645332016051,0.8212602734565735,0
deepfakeface_sd15/fake/55/45263455_1979-05-12_2015.jpg,hybrid,external_normalized,external_test,1,StableDiffusion_v1_5,0.00012713186151813716,0.8212602734565735,0
deepfakeface_sd15/fake/55/46238055_1947-10-19_1980.jpg,hybrid,external_normalized,external_test,1,StableDiffusion_v1_5,0.008185908198356628,0.8212602734565735,0
deepfakeface_sd15/fake/55/72655_1975-10-12_2004.jpg,hybrid,external_normalized,external_test,1,StableDiffusion_v1_5,0.13666658103466034,0.8212602734565735,0
deepfakeface_sd15/fake/55/870155_1962-12-01_2010.jpg,hybrid,external_normalized,external_test,1,StableDiffusion_v1_5,0.0003635910979937762,0.8212602734565735,0
deepfakeface_sd15/fake/69/41427969_1939-03-30_1972.jpg,hybrid,external_normalized,external_test,1,StableDiffusion_v1_5,0.0014081179397180676,0.8212602734565735,0
deepfakeface_sd15/fake/71/12738371_1985-05-25_2015.jpg,hybrid,external_normalized,external_test,1,StableDiffusion_v1_5,2.0529156245174818e-05,0.8212602734565735,0
deepfakeface_sd15/fake/71/14220271_1972-11-30_2008.jpg,hybrid,external_normalized,external_test,1,StableDiffusion_v1_5,0.021791039034724236,0.8212602734565735,0
deepfakeface_sd15/fake/71/165871_1942-09-30_1950.jpg,hybrid,external_normalized,external_test,1,StableDiffusion_v1_5,0.00038520205998793244,0.8212602734565735,0
deepfakeface_sd15/fake/71/17112571_1992-02-27_2012.jpg,hybrid,external_normalized,external_test,1,StableDiffusion_v1_5,0.0006680889055132866,0.8212602734565735,0
deepfakeface_sd15/fake/71/1854071_1958-08-14_1991.jpg,hybrid,external_normalized,external_test,1,StableDiffusion_v1_5,0.00035836658207699656,0.8212602734565735,0
deepfakeface_sd15/fake/71/18720671_1986-06-23_2012.jpg,hybrid,external_normalized,external_test,1,StableDiffusion_v1_5,0.01716267690062523,0.8212602734565735,0
deepfakeface_sd15/fake/71/19476171_1989-08-02_2014.jpg,hybrid,external_normalized,external_test,1,StableDiffusion_v1_5,0.0004533911414910108,0.8212602734565735,0
deepfakeface_sd15/fake/71/23399171_1991-05-22_2009.jpg,hybrid,external_normalized,external_test,1,StableDiffusion_v1_5,0.004409213084727526,0.8212602734565735,0
deepfakeface_sd15/fake/71/2492371_1942-11-06_1965.jpg,hybrid,external_normalized,external_test,1,StableDiffusion_v1_5,0.9993124008178711,0.8212602734565735,1
deepfakeface_sd15/fake/71/25422271_1990-09-11_2014.jpg,hybrid,external_normalized,external_test,1,StableDiffusion_v1_5,0.07510621100664139,0.8212602734565735,0
deepfakeface_sd15/fake/71/27164771_1990-09-17_2009.jpg,hybrid,external_normalized,external_test,1,StableDiffusion_v1_5,0.7549769878387451,0.8212602734565735,0
deepfakeface_sd15/fake/71/27987171_1987-05-10_2013.jpg,hybrid,external_normalized,external_test,1,StableDiffusion_v1_5,0.002219230169430375,0.8212602734565735,0
deepfakeface_sd15/fake/71/29084271_1991-09-22_2014.jpg,hybrid,external_normalized,external_test,1,StableDiffusion_v1_5,0.004074212163686752,0.8212602734565735,0
deepfakeface_sd15/fake/71/30657971_1992-05-11_2014.jpg,hybrid,external_normalized,external_test,1,StableDiffusion_v1_5,0.00026095236535184085,0.8212602734565735,0
deepfakeface_sd15/fake/71/31706371_1989-01-14_2011.jpg,hybrid,external_normalized,external_test,1,StableDiffusion_v1_5,0.2844108045101166,0.8212602734565735,0
deepfakeface_sd15/fake/71/33021371_1988-02-18_2013.jpg,hybrid,external_normalized,external_test,1,StableDiffusion_v1_5,0.002080681500956416,0.8212602734565735,0
deepfakeface_sd15/fake/71/3312671_1985-08-02_2008.jpg,hybrid,external_normalized,external_test,1,StableDiffusion_v1_5,8.773092122282833e-05,0.8212602734565735,0
deepfakeface_sd15/fake/71/35188571_1983-09-18_2009.jpg,hybrid,external_normalized,external_test,1,StableDiffusion_v1_5,0.32954591512680054,0.8212602734565735,0
deepfakeface_sd15/fake/71/42650171_1946-12-10_2013.jpg,hybrid,external_normalized,external_test,1,StableDiffusion_v1_5,0.04045126959681511,0.8212602734565735,0
deepfakeface_sd15/fake/71/5081071_1925-11-13_1953.jpg,hybrid,external_normalized,external_test,1,StableDiffusion_v1_5,0.005292683839797974,0.8212602734565735,0
deepfakeface_sd15/fake/71/566471_1971-05-18_2011.jpg,hybrid,external_normalized,external_test,1,StableDiffusion_v1_5,0.00015016479301266372,0.8212602734565735,0
deepfakeface_sd15/fake/71/703371_1918-03-12_1980.jpg,hybrid,external_normalized,external_test,1,StableDiffusion_v1_5,0.0002253501588711515,0.8212602734565735,0
deepfakeface_sd15/fake/71/775271_1959-09-16_2011.jpg,hybrid,external_normalized,external_test,1,StableDiffusion_v1_5,3.8365775253623724e-05,0.8212602734565735,0
deepfakeface_sd15/fake/71/8334671_1931-02-14_1966.jpg,hybrid,external_normalized,external_test,1,StableDiffusion_v1_5,0.00018244294915348291,0.8212602734565735,0
deepfakeface_sd15/fake/71/9069371_1986-03-19_2013.jpg,hybrid,external_normalized,external_test,1,StableDiffusion_v1_5,0.9244690537452698,0.8212602734565735,1
deepfakeface_sd15/fake/71/967871_1972-12-15_2008.jpg,hybrid,external_normalized,external_test,1,StableDiffusion_v1_5,0.004490219056606293,0.8212602734565735,0
deepfakeface_sd15/fake/71/9845271_1955-09-16_2001.jpg,hybrid,external_normalized,external_test,1,StableDiffusion_v1_5,0.0006186205428093672,0.8212602734565735,0
deepfakeface_sd15/fake/73/1013073_1978-05-24_2010.jpg,hybrid,external_normalized,external_test,1,StableDiffusion_v1_5,0.00020515160576906055,0.8212602734565735,0
deepfakeface_sd15/fake/73/12464473_1935-03-06_1958.jpg,hybrid,external_normalized,external_test,1,StableDiffusion_v1_5,0.11658541858196259,0.8212602734565735,0
deepfakeface_sd15/fake/73/12786073_1984-05-18_2011.jpg,hybrid,external_normalized,external_test,1,StableDiffusion_v1_5,0.00013247266178950667,0.8212602734565735,0
deepfakeface_sd15/fake/73/16855173_1937-10-21_2008.jpg,hybrid,external_normalized,external_test,1,StableDiffusion_v1_5,0.5022438168525696,0.8212602734565735,0
deepfakeface_sd15/fake/73/18933173_1984-05-13_2011.jpg,hybrid,external_normalized,external_test,1,StableDiffusion_v1_5,0.0014293804997578263,0.8212602734565735,0
deepfakeface_sd15/fake/73/20989373_1938-09-15_1988.jpg,hybrid,external_normalized,external_test,1,StableDiffusion_v1_5,0.0001222861319547519,0.8212602734565735,0
deepfakeface_sd15/fake/73/21741673_1995-03-01_2009.jpg,hybrid,external_normalized,external_test,1,StableDiffusion_v1_5,0.0004585914721246809,0.8212602734565735,0
deepfakeface_sd15/fake/73/2210573_1958-04-04_2007.jpg,hybrid,external_normalized,external_test,1,StableDiffusion_v1_5,3.323697819723748e-05,0.8212602734565735,0
deepfakeface_sd15/fake/73/24079373_1979-07-15_2009.jpg,hybrid,external_normalized,external_test,1,StableDiffusion_v1_5,0.9763754606246948,0.8212602734565735,1
deepfakeface_sd15/fake/73/25286273_1990-11-02_2013.jpg,hybrid,external_normalized,external_test,1,StableDiffusion_v1_5,0.00022192552569322288,0.8212602734565735,0
deepfakeface_sd15/fake/73/27347573_1992-06-02_2010.jpg,hybrid,external_normalized,external_test,1,StableDiffusion_v1_5,0.33376961946487427,0.8212602734565735,0
deepfakeface_sd15/fake/73/3365773_1949-06-24_1985.jpg,hybrid,external_normalized,external_test,1,StableDiffusion_v1_5,1.1265106877544895e-05,0.8212602734565735,0
deepfakeface_sd15/fake/73/34239373_1994-11-30_2014.jpg,hybrid,external_normalized,external_test,1,StableDiffusion_v1_5,0.20122958719730377,0.8212602734565735,0
deepfakeface_sd15/fake/73/3517073_1984-09-10_2011.jpg,hybrid,external_normalized,external_test,1,StableDiffusion_v1_5,3.797943645622581e-05,0.8212602734565735,0
deepfakeface_sd15/fake/73/36499973_1985-09-06_2011.jpg,hybrid,external_normalized,external_test,1,StableDiffusion_v1_5,0.0005898415111005306,0.8212602734565735,0
deepfakeface_sd15/fake/73/37985373_1988-12-05_2014.jpg,hybrid,external_normalized,external_test,1,StableDiffusion_v1_5,0.00019126290862914175,0.8212602734565735,0
deepfakeface_sd15/fake/73/38089073_1988-06-26_2014.jpg,hybrid,external_normalized,external_test,1,StableDiffusion_v1_5,0.5475374460220337,0.8212602734565735,0
deepfakeface_sd15/fake/73/41639973_1876-12-25_1940.jpg,hybrid,external_normalized,external_test,1,StableDiffusion_v1_5,0.00015403563156723976,0.8212602734565735,0
deepfakeface_sd15/fake/73/46452873_1906-12-20_1945.jpg,hybrid,external_normalized,external_test,1,StableDiffusion_v1_5,0.8939739465713501,0.8212602734565735,1
deepfakeface_sd15/fake/73/479273_1985-12-08_2014.jpg,hybrid,external_normalized,external_test,1,StableDiffusion_v1_5,7.121804082999006e-05,0.8212602734565735,0
deepfakeface_sd15/fake/73/502973_1958-03-25_2012.jpg,hybrid,external_normalized,external_test,1,StableDiffusion_v1_5,0.00019100103236269206,0.8212602734565735,0
deepfakeface_sd15/fake/73/5332173_1935-09-06_2008.jpg,hybrid,external_normalized,external_test,1,StableDiffusion_v1_5,3.603094955906272e-05,0.8212602734565735,0
deepfakeface_sd15/fake/73/666973_1960-09-19_2005.jpg,hybrid,external_normalized,external_test,1,StableDiffusion_v1_5,0.8174279928207397,0.8212602734565735,0
deepfakeface_sd15/fake/73/9311273_1979-08-24_2010.jpg,hybrid,external_normalized,external_test,1,StableDiffusion_v1_5,0.0005269024986773729,0.8212602734565735,0
deepfakeface_sd15/fake/80/2798180_1985-12-19_2014.jpg,hybrid,external_normalized,external_test,1,StableDiffusion_v1_5,0.5246376395225525,0.8212602734565735,0
deepfakeface_sd15/fake/80/6049880_1985-02-26_2013.jpg,hybrid,external_normalized,external_test,1,StableDiffusion_v1_5,0.8840283751487732,0.8212602734565735,1
deepfakeface_sd15/fake/80/9076080_1971-09-21_2011.jpg,hybrid,external_normalized,external_test,1,StableDiffusion_v1_5,0.021196823567152023,0.8212602734565735,0
deepfakeface_sd15/fake/98/10760998_1937-01-14_1968.jpg,hybrid,external_normalized,external_test,1,StableDiffusion_v1_5,0.22302374243736267,0.8212602734565735,0
deepfakeface_sd15/fake/98/13664298_1989-04-27_2014.jpg,hybrid,external_normalized,external_test,1,StableDiffusion_v1_5,0.15482032299041748,0.8212602734565735,0
deepfakeface_sd15/fake/98/14073598_1892-03-06_1943.jpg,hybrid,external_normalized,external_test,1,StableDiffusion_v1_5,1.858360155893024e-05,0.8212602734565735,0
deepfakeface_sd15/fake/98/142698_1939-09-01_2014.jpg,hybrid,external_normalized,external_test,1,StableDiffusion_v1_5,0.07791467010974884,0.8212602734565735,0
deepfakeface_sd15/fake/98/15230998_1983-01-10_2007.jpg,hybrid,external_normalized,external_test,1,StableDiffusion_v1_5,0.0020359503105282784,0.8212602734565735,0
deepfakeface_sd15/fake/98/176998_1933-08-16_1965.jpg,hybrid,external_normalized,external_test,1,StableDiffusion_v1_5,1.1157110748172272e-05,0.8212602734565735,0
deepfakeface_sd15/fake/98/22298398_1962-09-19_2011.jpg,hybrid,external_normalized,external_test,1,StableDiffusion_v1_5,3.1739287805976346e-05,0.8212602734565735,0
deepfakeface_sd15/fake/98/23428298_1982-12-22_2009.jpg,hybrid,external_normalized,external_test,1,StableDiffusion_v1_5,0.7528541684150696,0.8212602734565735,0
deepfakeface_sd15/fake/98/23560198_1992-06-20_2014.jpg,hybrid,external_normalized,external_test,1,StableDiffusion_v1_5,0.17779487371444702,0.8212602734565735,0
deepfakeface_sd15/fake/98/25616698_1980-08-12_2012.jpg,hybrid,external_normalized,external_test,1,StableDiffusion_v1_5,0.00034362709266133606,0.8212602734565735,0
deepfakeface_sd15/fake/98/25980298_1980-07-05_2013.jpg,hybrid,external_normalized,external_test,1,StableDiffusion_v1_5,0.022032078355550766,0.8212602734565735,0
deepfakeface_sd15/fake/98/2705698_1958-12-06_2007.jpg,hybrid,external_normalized,external_test,1,StableDiffusion_v1_5,9.771643090061843e-05,0.8212602734565735,0
deepfakeface_sd15/fake/98/27687598_1957-10-28_2009.jpg,hybrid,external_normalized,external_test,1,StableDiffusion_v1_5,8.312019781442359e-05,0.8212602734565735,0
deepfakeface_sd15/fake/98/30789098_1986-05-13_2012.jpg,hybrid,external_normalized,external_test,1,StableDiffusion_v1_5,0.0018876394024118781,0.8212602734565735,0
deepfakeface_sd15/fake/98/32664798_1990-03-03_2014.jpg,hybrid,external_normalized,external_test,1,StableDiffusion_v1_5,0.01872817613184452,0.8212602734565735,0
deepfakeface_sd15/fake/98/3604398_1981-06-16_2012.jpg,hybrid,external_normalized,external_test,1,StableDiffusion_v1_5,0.0008040511165745556,0.8212602734565735,0
deepfakeface_sd15/fake/98/40219898_1975-03-11_2013.jpg,hybrid,external_normalized,external_test,1,StableDiffusion_v1_5,0.0037912398111075163,0.8212602734565735,0
deepfakeface_sd15/fake/98/40883698_1972-01-26_2014.jpg,hybrid,external_normalized,external_test,1,StableDiffusion_v1_5,3.795174052356742e-05,0.8212602734565735,0
deepfakeface_sd15/fake/98/4276598_1950-10-14_1975.jpg,hybrid,external_normalized,external_test,1,StableDiffusion_v1_5,0.004464080557227135,0.8212602734565735,0
deepfakeface_sd15/fake/98/45298998_1988-08-17_2012.jpg,hybrid,external_normalized,external_test,1,StableDiffusion_v1_5,0.0005576923722401261,0.8212602734565735,0
deepfakeface_sd15/fake/98/4691798_1977-09-15_2005.jpg,hybrid,external_normalized,external_test,1,StableDiffusion_v1_5,0.00014384188398253173,0.8212602734565735,0
deepfakeface_sd15/fake/98/46974698_1942-02-22_1968.jpg,hybrid,external_normalized,external_test,1,StableDiffusion_v1_5,0.013466115109622478,0.8212602734565735,0
deepfakeface_sd15/fake/98/577798_1933-12-08_1969.jpg,hybrid,external_normalized,external_test,1,StableDiffusion_v1_5,0.0003723282425198704,0.8212602734565735,0
deepfakeface_sd15/fake/98/591698_1968-01-15_2000.jpg,hybrid,external_normalized,external_test,1,StableDiffusion_v1_5,0.06766171753406525,0.8212602734565735,0
deepfakeface_sd15/fake/98/609598_1929-11-08_2007.jpg,hybrid,external_normalized,external_test,1,StableDiffusion_v1_5,0.0007211482152342796,0.8212602734565735,0
deepfakeface_sd15/fake/98/6548698_1964-02-27_2010.jpg,hybrid,external_normalized,external_test,1,StableDiffusion_v1_5,1.0483041478437372e-05,0.8212602734565735,0
deepfakeface_sd15/fake/98/670098_1974-07-29_2009.jpg,hybrid,external_normalized,external_test,1,StableDiffusion_v1_5,0.9995367527008057,0.8212602734565735,1
deepfakeface_sd15/fake/98/6808898_1936-01-17_2012.jpg,hybrid,external_normalized,external_test,1,StableDiffusion_v1_5,0.9956439733505249,0.8212602734565735,1
