Index,image_path,label,video_id,method,dataset,sample_id,prob_fake,threshold,prediction,model,split,protocol_id,condition,threshold_source,checkpoint_sha256
0,C:\Users\Rohith Syam\Documents\UTS SEMESTER 3\image processing\idea 2\outputs\generalization_upgrade\02_external_bias_audit\normalized_external\real\00\12596800_1920-10-18_1955.jpg,0,00/12596800_1920-10-18_1955.jpg,real,external_normalized,deepfakeface_sd15/real/00/12596800_1920-10-18_1955.jpg,0.20258142054080963,0.5181877613067627,0,freq_cnn,external_test,source_video_disjoint_v1,highpass_0.5,ffpp_validation_checkpoint,ad682adfaf8af8c993a52d42d033cc255791381fd208f7eef09a0e87344a8b6b
1,C:\Users\Rohith Syam\Documents\UTS SEMESTER 3\image processing\idea 2\outputs\generalization_upgrade\02_external_bias_audit\normalized_external\real\00\15550600_1973-11-01_2000.jpg,0,00/15550600_1973-11-01_2000.jpg,real,external_normalized,deepfakeface_sd15/real/00/15550600_1973-11-01_2000.jpg,0.09631078690290451,0.5181877613067627,0,freq_cnn,external_test,source_video_disjoint_v1,highpass_0.5,ffpp_validation_checkpoint,ad682adfaf8af8c993a52d42d033cc255791381fd208f7eef09a0e87344a8b6b
2,C:\Users\Rohith Syam\Documents\UTS SEMESTER 3\image processing\idea 2\outputs\generalization_upgrade\02_external_bias_audit\normalized_external\real\00\18407100_1917-10-18_1958.jpg,0,00/18407100_1917-10-18_1958.jpg,real,external_normalized,deepfakeface_sd15/real/00/18407100_1917-10-18_1958.jpg,0.2682580053806305,0.5181877613067627,0,freq_cnn,external_test,source_video_disjoint_v1,highpass_0.5,ffpp_validation_checkpoint,ad682adfaf8af8c993a52d42d033cc255791381fd208f7eef09a0e87344a8b6b
3,C:\Users\Rohith Syam\Documents\UTS SEMESTER 3\image processing\idea 2\outputs\generalization_upgrade\02_external_bias_audit\normalized_external\real\00\23804200_1950-03-31_2013.jpg,0,00/23804200_1950-03-31_2013.jpg,real,external_normalized,deepfakeface_sd15/real/00/23804200_1950-03-31_2013.jpg,0.15811780095100403,0.5181877613067627,0,freq_cnn,external_test,source_video_disjoint_v1,highpass_0.5,ffpp_validation_checkpoint,ad682adfaf8af8c993a52d42d033cc255791381fd208f7eef09a0e87344a8b6b
4,C:\Users\Rohith Syam\Documents\UTS SEMESTER 3\image processing\idea 2\outputs\generalization_upgrade\02_external_bias_audit\normalized_external\real\00\2540500_1970-10-10_2008.jpg,0,00/2540500_1970-10-10_2008.jpg,real,external_normalized,deepfakeface_sd15/real/00/2540500_1970-10-10_2008.jpg,0.3391799330711365,0.5181877613067627,0,freq_cnn,external_test,source_video_disjoint_v1,highpass_0.5,ffpp_validation_checkpoint,ad682adfaf8af8c993a52d42d033cc255791381fd208f7eef09a0e87344a8b6b
5,C:\Users\Rohith Syam\Documents\UTS SEMESTER 3\image processing\idea 2\outputs\generalization_upgrade\02_external_bias_audit\normalized_external\real\00\2669900_1933-07-29_1968.jpg,0,00/2669900_1933-07-29_1968.jpg,real,external_normalized,deepfakeface_sd15/real/00/2669900_1933-07-29_1968.jpg,0.15234850347042084,0.5181877613067627,0,freq_cnn,external_test,source_video_disjoint_v1,highpass_0.5,ffpp_validation_checkpoint,ad682adfaf8af8c993a52d42d033cc255791381fd208f7eef09a0e87344a8b6b
6,C:\Users\Rohith Syam\Documents\UTS SEMESTER 3\image processing\idea 2\outputs\generalization_upgrade\02_external_bias_audit\normalized_external\real\00\26771200_1988-08-13_2009.jpg,0,00/26771200_1988-08-13_2009.jpg,real,external_normalized,deepfakeface_sd15/real/00/26771200_1988-08-13_2009.jpg,0.322232186794281,0.5181877613067627,0,freq_cnn,external_test,source_video_disjoint_v1,highpass_0.5,ffpp_validation_checkpoint,ad682adfaf8af8c993a52d42d033cc255791381fd208f7eef09a0e87344a8b6b
7,C:\Users\Rohith Syam\Documents\UTS SEMESTER 3\image processing\idea 2\outputs\generalization_upgrade\02_external_bias_audit\normalized_external\real\00\2690900_1963-03-12_2010.jpg,0,00/2690900_1963-03-12_2010.jpg,real,external_normalized,deepfakeface_sd15/real/00/2690900_1963-03-12_2010.jpg,0.2979930341243744,0.5181877613067627,0,freq_cnn,external_test,source_video_disjoint_v1,highpass_0.5,ffpp_validation_checkpoint,ad682adfaf8af8c993a52d42d033cc255791381fd208f7eef09a0e87344a8b6b
8,C:\Users\Rohith Syam\Documents\UTS SEMESTER 3\image processing\idea 2\outputs\generalization_upgrade\02_external_bias_audit\normalized_external\real\00\28476500_1938-06-12_1959.jpg,0,00/28476500_1938-06-12_1959.jpg,real,external_normalized,deepfakeface_sd15/real/00/28476500_1938-06-12_1959.jpg,0.34212014079093933,0.5181877613067627,0,freq_cnn,external_test,source_video_disjoint_v1,highpass_0.5,ffpp_validation_checkpoint,ad682adfaf8af8c993a52d42d033cc255791381fd208f7eef09a0e87344a8b6b
9,C:\Users\Rohith Syam\Documents\UTS SEMESTER 3\image processing\idea 2\outputs\generalization_upgrade\02_external_bias_audit\normalized_external\real\00\28886000_1928-01-17_2009.jpg,0,00/28886000_1928-01-17_2009.jpg,real,external_normalized,deepfakeface_sd15/real/00/28886000_1928-01-17_2009.jpg,0.15686815977096558,0.5181877613067627,0,freq_cnn,external_test,source_video_disjoint_v1,highpass_0.5,ffpp_validation_checkpoint,ad682adfaf8af8c993a52d42d033cc255791381fd208f7eef09a0e87344a8b6b
10,C:\Users\Rohith Syam\Documents\UTS SEMESTER 3\image processing\idea 2\outputs\generalization_upgrade\02_external_bias_audit\normalized_external\real\00\3293900_1973-09-23_2004.jpg,0,00/3293900_1973-09-23_2004.jpg,real,external_normalized,deepfakeface_sd15/real/00/3293900_1973-09-23_2004.jpg,0.3687947988510132,0.5181877613067627,0,freq_cnn,external_test,source_video_disjoint_v1,highpass_0.5,ffpp_validation_checkpoint,ad682adfaf8af8c993a52d42d033cc255791381fd208f7eef09a0e87344a8b6b
11,C:\Users\Rohith Syam\Documents\UTS SEMESTER 3\image processing\idea 2\outputs\generalization_upgrade\02_external_bias_audit\normalized_external\real\00\34199700_1921-05-23_1946.jpg,0,00/34199700_1921-05-23_1946.jpg,real,external_normalized,deepfakeface_sd15/real/00/34199700_1921-05-23_1946.jpg,0.2651456594467163,0.5181877613067627,0,freq_cnn,external_test,source_video_disjoint_v1,highpass_0.5,ffpp_validation_checkpoint,ad682adfaf8af8c993a52d42d033cc255791381fd208f7eef09a0e87344a8b6b
12,C:\Users\Rohith Syam\Documents\UTS SEMESTER 3\image processing\idea 2\outputs\generalization_upgrade\02_external_bias_audit\normalized_external\real\00\34316600_1994-11-15_2013.jpg,0,00/34316600_1994-11-15_2013.jpg,real,external_normalized,deepfakeface_sd15/real/00/34316600_1994-11-15_2013.jpg,0.3368823230266571,0.5181877613067627,0,freq_cnn,external_test,source_video_disjoint_v1,highpass_0.5,ffpp_validation_checkpoint,ad682adfaf8af8c993a52d42d033cc255791381fd208f7eef09a0e87344a8b6b
13,C:\Users\Rohith Syam\Documents\UTS SEMESTER 3\image processing\idea 2\outputs\generalization_upgrade\02_external_bias_audit\normalized_external\real\00\35360200_1996-11-01_2012.jpg,0,00/35360200_1996-11-01_2012.jpg,real,external_normalized,deepfakeface_sd15/real/00/35360200_1996-11-01_2012.jpg,0.2729010283946991,0.5181877613067627,0,freq_cnn,external_test,source_video_disjoint_v1,highpass_0.5,ffpp_validation_checkpoint,ad682adfaf8af8c993a52d42d033cc255791381fd208f7eef09a0e87344a8b6b
14,C:\Users\Rohith Syam\Documents\UTS SEMESTER 3\image processing\idea 2\outputs\generalization_upgrade\02_external_bias_audit\normalized_external\real\00\36606300_1984-08-03_2014.jpg,0,00/36606300_1984-08-03_2014.jpg,real,external_normalized,deepfakeface_sd15/real/00/36606300_1984-08-03_2014.jpg,0.24221335351467133,0.5181877613067627,0,freq_cnn,external_test,source_video_disjoint_v1,highpass_0.5,ffpp_validation_checkpoint,ad682adfaf8af8c993a52d42d033cc255791381fd208f7eef09a0e87344a8b6b
15,C:\Users\Rohith Syam\Documents\UTS SEMESTER 3\image processing\idea 2\outputs\generalization_upgrade\02_external_bias_audit\normalized_external\real\00\38882500_1940-10-04_1977.jpg,0,00/38882500_1940-10-04_1977.jpg,real,external_normalized,deepfakeface_sd15/real/00/38882500_1940-10-04_1977.jpg,0.37783196568489075,0.5181877613067627,0,freq_cnn,external_test,source_video_disjoint_v1,highpass_0.5,ffpp_validation_checkpoint,ad682adfaf8af8c993a52d42d033cc255791381fd208f7eef09a0e87344a8b6b
16,C:\Users\Rohith Syam\Documents\UTS SEMESTER 3\image processing\idea 2\outputs\generalization_upgrade\02_external_bias_audit\normalized_external\real\00\3982800_1988-01-29_2012.jpg,0,00/3982800_1988-01-29_2012.jpg,real,external_normalized,deepfakeface_sd15/real/00/3982800_1988-01-29_2012.jpg,0.34929004311561584,0.5181877613067627,0,freq_cnn,external_test,source_video_disjoint_v1,highpass_0.5,ffpp_validation_checkpoint,ad682adfaf8af8c993a52d42d033cc255791381fd208f7eef09a0e87344a8b6b
17,C:\Users\Rohith Syam\Documents\UTS SEMESTER 3\image processing\idea 2\outputs\generalization_upgrade\02_external_bias_audit\normalized_external\real\00\41835500_1992-05-12_2014.jpg,0,00/41835500_1992-05-12_2014.jpg,real,external_normalized,deepfakeface_sd15/real/00/41835500_1992-05-12_2014.jpg,0.31460413336753845,0.5181877613067627,0,freq_cnn,external_test,source_video_disjoint_v1,highpass_0.5,ffpp_validation_checkpoint,ad682adfaf8af8c993a52d42d033cc255791381fd208f7eef09a0e87344a8b6b
18,C:\Users\Rohith Syam\Documents\UTS SEMESTER 3\image processing\idea 2\outputs\generalization_upgrade\02_external_bias_audit\normalized_external\real\00\4236500_1977-10-18_2005.jpg,0,00/4236500_1977-10-18_2005.jpg,real,external_normalized,deepfakeface_sd15/real/00/4236500_1977-10-18_2005.jpg,0.2790085971355438,0.5181877613067627,0,freq_cnn,external_test,source_video_disjoint_v1,highpass_0.5,ffpp_validation_checkpoint,ad682adfaf8af8c993a52d42d033cc255791381fd208f7eef09a0e87344a8b6b
19,C:\Users\Rohith Syam\Documents\UTS SEMESTER 3\image processing\idea 2\outputs\generalization_upgrade\02_external_bias_audit\normalized_external\real\00\46667800_1978-03-16_2014.jpg,0,00/46667800_1978-03-16_2014.jpg,real,external_normalized,deepfakeface_sd15/real/00/46667800_1978-03-16_2014.jpg,0.30611205101013184,0.5181877613067627,0,freq_cnn,external_test,source_video_disjoint_v1,highpass_0.5,ffpp_validation_checkpoint,ad682adfaf8af8c993a52d42d033cc255791381fd208f7eef09a0e87344a8b6b
20,C:\Users\Rohith Syam\Documents\UTS SEMESTER 3\image processing\idea 2\outputs\generalization_upgrade\02_external_bias_audit\normalized_external\real\00\5616200_1968-09-06_2006.jpg,0,00/5616200_1968-09-06_2006.jpg,real,external_normalized,deepfakeface_sd15/real/00/5616200_1968-09-06_2006.jpg,0.3880171477794647,0.5181877613067627,0,freq_cnn,external_test,source_video_disjoint_v1,highpass_0.5,ffpp_validation_checkpoint,ad682adfaf8af8c993a52d42d033cc255791381fd208f7eef09a0e87344a8b6b
21,C:\Users\Rohith Syam\Documents\UTS SEMESTER 3\image processing\idea 2\outputs\generalization_upgrade\02_external_bias_audit\normalized_external\real\00\5751800_1950-09-09_2010.jpg,0,00/5751800_1950-09-09_2010.jpg,real,external_normalized,deepfakeface_sd15/real/00/5751800_1950-09-09_2010.jpg,0.2963559329509735,0.5181877613067627,0,freq_cnn,external_test,source_video_disjoint_v1,highpass_0.5,ffpp_validation_checkpoint,ad682adfaf8af8c993a52d42d033cc255791381fd208f7eef09a0e87344a8b6b
22,C:\Users\Rohith Syam\Documents\UTS SEMESTER 3\image processing\idea 2\outputs\generalization_upgrade\02_external_bias_audit\normalized_external\real\00\67000_1947-05-13_2007.jpg,0,00/67000_1947-05-13_2007.jpg,real,external_normalized,deepfakeface_sd15/real/00/67000_1947-05-13_2007.jpg,0.3424029052257538,0.5181877613067627,0,freq_cnn,external_test,source_video_disjoint_v1,highpass_0.5,ffpp_validation_checkpoint,ad682adfaf8af8c993a52d42d033cc255791381fd208f7eef09a0e87344a8b6b
23,C:\Users\Rohith Syam\Documents\UTS SEMESTER 3\image processing\idea 2\outputs\generalization_upgrade\02_external_bias_audit\normalized_external\real\00\7567200_1932-07-31_1966.jpg,0,00/7567200_1932-07-31_1966.jpg,real,external_normalized,deepfakeface_sd15/real/00/7567200_1932-07-31_1966.jpg,0.38994812965393066,0.5181877613067627,0,freq_cnn,external_test,source_video_disjoint_v1,highpass_0.5,ffpp_validation_checkpoint,ad682adfaf8af8c993a52d42d033cc255791381fd208f7eef09a0e87344a8b6b
24,C:\Users\Rohith Syam\Documents\UTS SEMESTER 3\image processing\idea 2\outputs\generalization_upgrade\02_external_bias_audit\normalized_external\real\00\8222200_1941-05-15_1964.jpg,0,00/8222200_1941-05-15_1964.jpg,real,external_normalized,deepfakeface_sd15/real/00/8222200_1941-05-15_1964.jpg,0.34687063097953796,0.5181877613067627,0,freq_cnn,external_test,source_video_disjoint_v1,highpass_0.5,ffpp_validation_checkpoint,ad682adfaf8af8c993a52d42d033cc255791381fd208f7eef09a0e87344a8b6b
25,C:\Users\Rohith Syam\Documents\UTS SEMESTER 3\image processing\idea 2\outputs\generalization_upgrade\02_external_bias_audit\normalized_external\real\00\836500_1977-03-04_2007.jpg,0,00/836500_1977-03-04_2007.jpg,real,external_normalized,deepfakeface_sd15/real/00/836500_1977-03-04_2007.jpg,0.35112279653549194,0.5181877613067627,0,freq_cnn,external_test,source_video_disjoint_v1,highpass_0.5,ffpp_validation_checkpoint,ad682adfaf8af8c993a52d42d033cc255791381fd208f7eef09a0e87344a8b6b
26,C:\Users\Rohith Syam\Documents\UTS SEMESTER 3\image processing\idea 2\outputs\generalization_upgrade\02_external_bias_audit\normalized_external\real\00\9210500_1912-02-06_1942.jpg,0,00/9210500_1912-02-06_1942.jpg,real,external_normalized,deepfakeface_sd15/real/00/9210500_1912-02-06_1942.jpg,0.3542160391807556,0.5181877613067627,0,freq_cnn,external_test,source_video_disjoint_v1,highpass_0.5,ffpp_validation_checkpoint,ad682adfaf8af8c993a52d42d033cc255791381fd208f7eef09a0e87344a8b6b
27,C:\Users\Rohith Syam\Documents\UTS SEMESTER 3\image processing\idea 2\outputs\generalization_upgrade\02_external_bias_audit\normalized_external\real\00\944600_1968-02-05_2006.jpg,0,00/944600_1968-02-05_2006.jpg,real,external_normalized,deepfakeface_sd15/real/00/944600_1968-02-05_2006.jpg,0.3152775466442108,0.5181877613067627,0,freq_cnn,external_test,source_video_disjoint_v1,highpass_0.5,ffpp_validation_checkpoint,ad682adfaf8af8c993a52d42d033cc255791381fd208f7eef09a0e87344a8b6b
28,C:\Users\Rohith Syam\Documents\UTS SEMESTER 3\image processing\idea 2\outputs\generalization_upgrade\02_external_bias_audit\normalized_external\real\00\9801700_1969-10-11_2012.jpg,0,00/9801700_1969-10-11_2012.jpg,real,external_normalized,deepfakeface_sd15/real/00/9801700_1969-10-11_2012.jpg,0.3393048644065857,0.5181877613067627,0,freq_cnn,external_test,source_video_disjoint_v1,highpass_0.5,ffpp_validation_checkpoint,ad682adfaf8af8c993a52d42d033cc255791381fd208f7eef09a0e87344a8b6b
29,C:\Users\Rohith Syam\Documents\UTS SEMESTER 3\image processing\idea 2\outputs\generalization_upgrade\02_external_bias_audit\normalized_external\real\02\4539602_1977-04-26_2010.jpg,0,02/4539602_1977-04-26_2010.jpg,real,external_normalized,deepfakeface_sd15/real/02/4539602_1977-04-26_2010.jpg,0.24127697944641113,0.5181877613067627,0,freq_cnn,external_test,source_video_disjoint_v1,highpass_0.5,ffpp_validation_checkpoint,ad682adfaf8af8c993a52d42d033cc255791381fd208f7eef09a0e87344a8b6b
30,C:\Users\Rohith Syam\Documents\UTS SEMESTER 3\image processing\idea 2\outputs\generalization_upgrade\02_external_bias_audit\normalized_external\real\03\10970703_1984-05-21_2011.jpg,0,03/10970703_1984-05-21_2011.jpg,real,external_normalized,deepfakeface_sd15/real/03/10970703_1984-05-21_2011.jpg,0.32340672612190247,0.5181877613067627,0,freq_cnn,external_test,source_video_disjoint_v1,highpass_0.5,ffpp_validation_checkpoint,ad682adfaf8af8c993a52d42d033cc255791381fd208f7eef09a0e87344a8b6b
31,C:\Users\Rohith Syam\Documents\UTS SEMESTER 3\image processing\idea 2\outputs\generalization_upgrade\02_external_bias_audit\normalized_external\real\03\1142203_1949-03-03_2008.jpg,0,03/1142203_1949-03-03_2008.jpg,real,external_normalized,deepfakeface_sd15/real/03/1142203_1949-03-03_2008.jpg,0.08170703053474426,0.5181877613067627,0,freq_cnn,external_test,source_video_disjoint_v1,highpass_0.5,ffpp_validation_checkpoint,ad682adfaf8af8c993a52d42d033cc255791381fd208f7eef09a0e87344a8b6b
32,C:\Users\Rohith Syam\Documents\UTS SEMESTER 3\image processing\idea 2\outputs\generalization_upgrade\02_external_bias_audit\normalized_external\real\03\13181303_1944-01-11_1971.jpg,0,03/13181303_1944-01-11_1971.jpg,real,external_normalized,deepfakeface_sd15/real/03/13181303_1944-01-11_1971.jpg,0.2925107181072235,0.5181877613067627,0,freq_cnn,external_test,source_video_disjoint_v1,highpass_0.5,ffpp_validation_checkpoint,ad682adfaf8af8c993a52d42d033cc255791381fd208f7eef09a0e87344a8b6b
33,C:\Users\Rohith Syam\Documents\UTS SEMESTER 3\image processing\idea 2\outputs\generalization_upgrade\02_external_bias_audit\normalized_external\real\03\14926103_1928-01-13_1958.jpg,0,03/14926103_1928-01-13_1958.jpg,real,external_normalized,deepfakeface_sd15/real/03/14926103_1928-01-13_1958.jpg,0.36662721633911133,0.5181877613067627,0,freq_cnn,external_test,source_video_disjoint_v1,highpass_0.5,ffpp_validation_checkpoint,ad682adfaf8af8c993a52d42d033cc255791381fd208f7eef09a0e87344a8b6b
34,C:\Users\Rohith Syam\Documents\UTS SEMESTER 3\image processing\idea 2\outputs\generalization_upgrade\02_external_bias_audit\normalized_external\real\03\16103_1907-05-26_1965.jpg,0,03/16103_1907-05-26_1965.jpg,real,external_normalized,deepfakeface_sd15/real/03/16103_1907-05-26_1965.jpg,0.08059103786945343,0.5181877613067627,0,freq_cnn,external_test,source_video_disjoint_v1,highpass_0.5,ffpp_validation_checkpoint,ad682adfaf8af8c993a52d42d033cc255791381fd208f7eef09a0e87344a8b6b
35,C:\Users\Rohith Syam\Documents\UTS SEMESTER 3\image processing\idea 2\outputs\generalization_upgrade\02_external_bias_audit\normalized_external\real\03\18388503_1942-09-14_2007.jpg,0,03/18388503_1942-09-14_2007.jpg,real,external_normalized,deepfakeface_sd15/real/03/18388503_1942-09-14_2007.jpg,0.3711354732513428,0.5181877613067627,0,freq_cnn,external_test,source_video_disjoint_v1,highpass_0.5,ffpp_validation_checkpoint,ad682adfaf8af8c993a52d42d033cc255791381fd208f7eef09a0e87344a8b6b
36,C:\Users\Rohith Syam\Documents\UTS SEMESTER 3\image processing\idea 2\outputs\generalization_upgrade\02_external_bias_audit\normalized_external\real\03\19966503_1974-03-04_2011.jpg,0,03/19966503_1974-03-04_2011.jpg,real,external_normalized,deepfakeface_sd15/real/03/19966503_1974-03-04_2011.jpg,0.3494931757450104,0.5181877613067627,0,freq_cnn,external_test,source_video_disjoint_v1,highpass_0.5,ffpp_validation_checkpoint,ad682adfaf8af8c993a52d42d033cc255791381fd208f7eef09a0e87344a8b6b
37,C:\Users\Rohith Syam\Documents\UTS SEMESTER 3\image processing\idea 2\outputs\generalization_upgrade\02_external_bias_audit\normalized_external\real\03\21296103_1982-04-25_2011.jpg,0,03/21296103_1982-04-25_2011.jpg,real,external_normalized,deepfakeface_sd15/real/03/21296103_1982-04-25_2011.jpg,0.32625362277030945,0.5181877613067627,0,freq_cnn,external_test,source_video_disjoint_v1,highpass_0.5,ffpp_validation_checkpoint,ad682adfaf8af8c993a52d42d033cc255791381fd208f7eef09a0e87344a8b6b
38,C:\Users\Rohith Syam\Documents\UTS SEMESTER 3\image processing\idea 2\outputs\generalization_upgrade\02_external_bias_audit\normalized_external\real\03\2220103_1954-05-18_2009.jpg,0,03/2220103_1954-05-18_2009.jpg,real,external_normalized,deepfakeface_sd15/real/03/2220103_1954-05-18_2009.jpg,0.30191320180892944,0.5181877613067627,0,freq_cnn,external_test,source_video_disjoint_v1,highpass_0.5,ffpp_validation_checkpoint,ad682adfaf8af8c993a52d42d033cc255791381fd208f7eef09a0e87344a8b6b
39,C:\Users\Rohith Syam\Documents\UTS SEMESTER 3\image processing\idea 2\outputs\generalization_upgrade\02_external_bias_audit\normalized_external\real\03\225903_1935-04-21_2007.jpg,0,03/225903_1935-04-21_2007.jpg,real,external_normalized,deepfakeface_sd15/real/03/225903_1935-04-21_2007.jpg,0.2890428602695465,0.5181877613067627,0,freq_cnn,external_test,source_video_disjoint_v1,highpass_0.5,ffpp_validation_checkpoint,ad682adfaf8af8c993a52d42d033cc255791381fd208f7eef09a0e87344a8b6b
40,C:\Users\Rohith Syam\Documents\UTS SEMESTER 3\image processing\idea 2\outputs\generalization_upgrade\02_external_bias_audit\normalized_external\real\03\2395003_1940-06-21_1977.jpg,0,03/2395003_1940-06-21_1977.jpg,real,external_normalized,deepfakeface_sd15/real/03/2395003_1940-06-21_1977.jpg,0.30012521147727966,0.5181877613067627,0,freq_cnn,external_test,source_video_disjoint_v1,highpass_0.5,ffpp_validation_checkpoint,ad682adfaf8af8c993a52d42d033cc255791381fd208f7eef09a0e87344a8b6b
41,C:\Users\Rohith Syam\Documents\UTS SEMESTER 3\image processing\idea 2\outputs\generalization_upgrade\02_external_bias_audit\normalized_external\real\03\2420403_1964-03-18_2007.jpg,0,03/2420403_1964-03-18_2007.jpg,real,external_normalized,deepfakeface_sd15/real/03/2420403_1964-03-18_2007.jpg,0.26801401376724243,0.5181877613067627,0,freq_cnn,external_test,source_video_disjoint_v1,highpass_0.5,ffpp_validation_checkpoint,ad682adfaf8af8c993a52d42d033cc255791381fd208f7eef09a0e87344a8b6b
42,C:\Users\Rohith Syam\Documents\UTS SEMESTER 3\image processing\idea 2\outputs\generalization_upgrade\02_external_bias_audit\normalized_external\real\03\2740303_1974-11-03_1999.jpg,0,03/2740303_1974-11-03_1999.jpg,real,external_normalized,deepfakeface_sd15/real/03/2740303_1974-11-03_1999.jpg,0.23007351160049438,0.5181877613067627,0,freq_cnn,external_test,source_video_disjoint_v1,highpass_0.5,ffpp_validation_checkpoint,ad682adfaf8af8c993a52d42d033cc255791381fd208f7eef09a0e87344a8b6b
43,C:\Users\Rohith Syam\Documents\UTS SEMESTER 3\image processing\idea 2\outputs\generalization_upgrade\02_external_bias_audit\normalized_external\real\03\2779203_1965-10-01_2008.jpg,0,03/2779203_1965-10-01_2008.jpg,real,external_normalized,deepfakeface_sd15/real/03/2779203_1965-10-01_2008.jpg,0.3669593036174774,0.5181877613067627,0,freq_cnn,external_test,source_video_disjoint_v1,highpass_0.5,ffpp_validation_checkpoint,ad682adfaf8af8c993a52d42d033cc255791381fd208f7eef09a0e87344a8b6b
44,C:\Users\Rohith Syam\Documents\UTS SEMESTER 3\image processing\idea 2\outputs\generalization_upgrade\02_external_bias_audit\normalized_external\real\03\317803_1920-03-03_2011.jpg,0,03/317803_1920-03-03_2011.jpg,real,external_normalized,deepfakeface_sd15/real/03/317803_1920-03-03_2011.jpg,0.033036183565855026,0.5181877613067627,0,freq_cnn,external_test,source_video_disjoint_v1,highpass_0.5,ffpp_validation_checkpoint,ad682adfaf8af8c993a52d42d033cc255791381fd208f7eef09a0e87344a8b6b
45,C:\Users\Rohith Syam\Documents\UTS SEMESTER 3\image processing\idea 2\outputs\generalization_upgrade\02_external_bias_audit\normalized_external\real\03\32442803_1991-09-14_2012.jpg,0,03/32442803_1991-09-14_2012.jpg,real,external_normalized,deepfakeface_sd15/real/03/32442803_1991-09-14_2012.jpg,0.23383276164531708,0.5181877613067627,0,freq_cnn,external_test,source_video_disjoint_v1,highpass_0.5,ffpp_validation_checkpoint,ad682adfaf8af8c993a52d42d033cc255791381fd208f7eef09a0e87344a8b6b
46,C:\Users\Rohith Syam\Documents\UTS SEMESTER 3\image processing\idea 2\outputs\generalization_upgrade\02_external_bias_audit\normalized_external\real\03\34807003_1990-05-29_2013.jpg,0,03/34807003_1990-05-29_2013.jpg,real,external_normalized,deepfakeface_sd15/real/03/34807003_1990-05-29_2013.jpg,0.30096712708473206,0.5181877613067627,0,freq_cnn,external_test,source_video_disjoint_v1,highpass_0.5,ffpp_validation_checkpoint,ad682adfaf8af8c993a52d42d033cc255791381fd208f7eef09a0e87344a8b6b
47,C:\Users\Rohith Syam\Documents\UTS SEMESTER 3\image processing\idea 2\outputs\generalization_upgrade\02_external_bias_audit\normalized_external\real\03\37970303_1977-07-09_2013.jpg,0,03/37970303_1977-07-09_2013.jpg,real,external_normalized,deepfakeface_sd15/real/03/37970303_1977-07-09_2013.jpg,0.3257007896900177,0.5181877613067627,0,freq_cnn,external_test,source_video_disjoint_v1,highpass_0.5,ffpp_validation_checkpoint,ad682adfaf8af8c993a52d42d033cc255791381fd208f7eef09a0e87344a8b6b
48,C:\Users\Rohith Syam\Documents\UTS SEMESTER 3\image processing\idea 2\outputs\generalization_upgrade\02_external_bias_audit\normalized_external\real\03\39605003_1966-06-21_2012.jpg,0,03/39605003_1966-06-21_2012.jpg,real,external_normalized,deepfakeface_sd15/real/03/39605003_1966-06-21_2012.jpg,0.2867211699485779,0.5181877613067627,0,freq_cnn,external_test,source_video_disjoint_v1,highpass_0.5,ffpp_validation_checkpoint,ad682adfaf8af8c993a52d42d033cc255791381fd208f7eef09a0e87344a8b6b
49,C:\Users\Rohith Syam\Documents\UTS SEMESTER 3\image processing\idea 2\outputs\generalization_upgrade\02_external_bias_audit\normalized_external\real\03\39918103_1988-09-29_2012.jpg,0,03/39918103_1988-09-29_2012.jpg,real,external_normalized,deepfakeface_sd15/real/03/39918103_1988-09-29_2012.jpg,0.34015363454818726,0.5181877613067627,0,freq_cnn,external_test,source_video_disjoint_v1,highpass_0.5,ffpp_validation_checkpoint,ad682adfaf8af8c993a52d42d033cc255791381fd208f7eef09a0e87344a8b6b
50,C:\Users\Rohith Syam\Documents\UTS SEMESTER 3\image processing\idea 2\outputs\generalization_upgrade\02_external_bias_audit\normalized_external\real\03\4830003_1961-12-01_2010.jpg,0,03/4830003_1961-12-01_2010.jpg,real,external_normalized,deepfakeface_sd15/real/03/4830003_1961-12-01_2010.jpg,0.38112711906433105,0.5181877613067627,0,freq_cnn,external_test,source_video_disjoint_v1,highpass_0.5,ffpp_validation_checkpoint,ad682adfaf8af8c993a52d42d033cc255791381fd208f7eef09a0e87344a8b6b
51,C:\Users\Rohith Syam\Documents\UTS SEMESTER 3\image processing\idea 2\outputs\generalization_upgrade\02_external_bias_audit\normalized_external\real\03\555703_1913-07-13_1970.jpg,0,03/555703_1913-07-13_1970.jpg,real,external_normalized,deepfakeface_sd15/real/03/555703_1913-07-13_1970.jpg,0.23640765249729156,0.5181877613067627,0,freq_cnn,external_test,source_video_disjoint_v1,highpass_0.5,ffpp_validation_checkpoint,ad682adfaf8af8c993a52d42d033cc255791381fd208f7eef09a0e87344a8b6b
52,C:\Users\Rohith Syam\Documents\UTS SEMESTER 3\image processing\idea 2\outputs\generalization_upgrade\02_external_bias_audit\normalized_external\real\03\6104003_1985-07-06_2006.jpg,0,03/6104003_1985-07-06_2006.jpg,real,external_normalized,deepfakeface_sd15/real/03/6104003_1985-07-06_2006.jpg,0.3269525170326233,0.5181877613067627,0,freq_cnn,external_test,source_video_disjoint_v1,highpass_0.5,ffpp_validation_checkpoint,ad682adfaf8af8c993a52d42d033cc255791381fd208f7eef09a0e87344a8b6b
53,C:\Users\Rohith Syam\Documents\UTS SEMESTER 3\image processing\idea 2\outputs\generalization_upgrade\02_external_bias_audit\normalized_external\real\03\7100903_1961-03-15_2010.jpg,0,03/7100903_1961-03-15_2010.jpg,real,external_normalized,deepfakeface_sd15/real/03/7100903_1961-03-15_2010.jpg,0.3527030646800995,0.5181877613067627,0,freq_cnn,external_test,source_video_disjoint_v1,highpass_0.5,ffpp_validation_checkpoint,ad682adfaf8af8c993a52d42d033cc255791381fd208f7eef09a0e87344a8b6b
54,C:\Users\Rohith Syam\Documents\UTS SEMESTER 3\image processing\idea 2\outputs\generalization_upgrade\02_external_bias_audit\normalized_external\real\03\7655603_1956-03-09_2010.jpg,0,03/7655603_1956-03-09_2010.jpg,real,external_normalized,deepfakeface_sd15/real/03/7655603_1956-03-09_2010.jpg,0.08741956949234009,0.5181877613067627,0,freq_cnn,external_test,source_video_disjoint_v1,highpass_0.5,ffpp_validation_checkpoint,ad682adfaf8af8c993a52d42d033cc255791381fd208f7eef09a0e87344a8b6b
55,C:\Users\Rohith Syam\Documents\UTS SEMESTER 3\image processing\idea 2\outputs\generalization_upgrade\02_external_bias_audit\normalized_external\real\03\8902703_1978-09-20_2007.jpg,0,03/8902703_1978-09-20_2007.jpg,real,external_normalized,deepfakeface_sd15/real/03/8902703_1978-09-20_2007.jpg,0.30048930644989014,0.5181877613067627,0,freq_cnn,external_test,source_video_disjoint_v1,highpass_0.5,ffpp_validation_checkpoint,ad682adfaf8af8c993a52d42d033cc255791381fd208f7eef09a0e87344a8b6b
56,C:\Users\Rohith Syam\Documents\UTS SEMESTER 3\image processing\idea 2\outputs\generalization_upgrade\02_external_bias_audit\normalized_external\real\03\9000703_1982-07-16_2008.jpg,0,03/9000703_1982-07-16_2008.jpg,real,external_normalized,deepfakeface_sd15/real/03/9000703_1982-07-16_2008.jpg,0.3371111750602722,0.5181877613067627,0,freq_cnn,external_test,source_video_disjoint_v1,highpass_0.5,ffpp_validation_checkpoint,ad682adfaf8af8c993a52d42d033cc255791381fd208f7eef09a0e87344a8b6b
57,C:\Users\Rohith Syam\Documents\UTS SEMESTER 3\image processing\idea 2\outputs\generalization_upgrade\02_external_bias_audit\normalized_external\real\03\9729003_1988-05-18_2011.jpg,0,03/9729003_1988-05-18_2011.jpg,real,external_normalized,deepfakeface_sd15/real/03/9729003_1988-05-18_2011.jpg,0.3537987470626831,0.5181877613067627,0,freq_cnn,external_test,source_video_disjoint_v1,highpass_0.5,ffpp_validation_checkpoint,ad682adfaf8af8c993a52d42d033cc255791381fd208f7eef09a0e87344a8b6b
58,C:\Users\Rohith Syam\Documents\UTS SEMESTER 3\image processing\idea 2\outputs\generalization_upgrade\02_external_bias_audit\normalized_external\real\03\97803_1991-04-04_2007.jpg,0,03/97803_1991-04-04_2007.jpg,real,external_normalized,deepfakeface_sd15/real/03/97803_1991-04-04_2007.jpg,0.1710219532251358,0.5181877613067627,0,freq_cnn,external_test,source_video_disjoint_v1,highpass_0.5,ffpp_validation_checkpoint,ad682adfaf8af8c993a52d42d033cc255791381fd208f7eef09a0e87344a8b6b
59,C:\Users\Rohith Syam\Documents\UTS SEMESTER 3\image processing\idea 2\outputs\generalization_upgrade\02_external_bias_audit\normalized_external\real\12\1836812_1976-11-06_2013.jpg,0,12/1836812_1976-11-06_2013.jpg,real,external_normalized,deepfakeface_sd15/real/12/1836812_1976-11-06_2013.jpg,0.13660070300102234,0.5181877613067627,0,freq_cnn,external_test,source_video_disjoint_v1,highpass_0.5,ffpp_validation_checkpoint,ad682adfaf8af8c993a52d42d033cc255791381fd208f7eef09a0e87344a8b6b
60,C:\Users\Rohith Syam\Documents\UTS SEMESTER 3\image processing\idea 2\outputs\generalization_upgrade\02_external_bias_audit\normalized_external\real\14\12041214_1955-03-25_2012.jpg,0,14/12041214_1955-03-25_2012.jpg,real,external_normalized,deepfakeface_sd15/real/14/12041214_1955-03-25_2012.jpg,0.32038047909736633,0.5181877613067627,0,freq_cnn,external_test,source_video_disjoint_v1,highpass_0.5,ffpp_validation_checkpoint,ad682adfaf8af8c993a52d42d033cc255791381fd208f7eef09a0e87344a8b6b
61,C:\Users\Rohith Syam\Documents\UTS SEMESTER 3\image processing\idea 2\outputs\generalization_upgrade\02_external_bias_audit\normalized_external\real\14\12461914_1975-12-14_2007.jpg,0,14/12461914_1975-12-14_2007.jpg,real,external_normalized,deepfakeface_sd15/real/14/12461914_1975-12-14_2007.jpg,0.20868799090385437,0.5181877613067627,0,freq_cnn,external_test,source_video_disjoint_v1,highpass_0.5,ffpp_validation_checkpoint,ad682adfaf8af8c993a52d42d033cc255791381fd208f7eef09a0e87344a8b6b
62,C:\Users\Rohith Syam\Documents\UTS SEMESTER 3\image processing\idea 2\outputs\generalization_upgrade\02_external_bias_audit\normalized_external\real\14\14307714_1977-01-29_2013.jpg,0,14/14307714_1977-01-29_2013.jpg,real,external_normalized,deepfakeface_sd15/real/14/14307714_1977-01-29_2013.jpg,0.25522860884666443,0.5181877613067627,0,freq_cnn,external_test,source_video_disjoint_v1,highpass_0.5,ffpp_validation_checkpoint,ad682adfaf8af8c993a52d42d033cc255791381fd208f7eef09a0e87344a8b6b
63,C:\Users\Rohith Syam\Documents\UTS SEMESTER 3\image processing\idea 2\outputs\generalization_upgrade\02_external_bias_audit\normalized_external\real\14\170514_1963-03-06_1970.jpg,0,14/170514_1963-03-06_1970.jpg,real,external_normalized,deepfakeface_sd15/real/14/170514_1963-03-06_1970.jpg,0.14845383167266846,0.5181877613067627,0,freq_cnn,external_test,source_video_disjoint_v1,highpass_0.5,ffpp_validation_checkpoint,ad682adfaf8af8c993a52d42d033cc255791381fd208f7eef09a0e87344a8b6b
64,C:\Users\Rohith Syam\Documents\UTS SEMESTER 3\image processing\idea 2\outputs\generalization_upgrade\02_external_bias_audit\normalized_external\real\14\1830414_1971-07-01_2013.jpg,0,14/1830414_1971-07-01_2013.jpg,real,external_normalized,deepfakeface_sd15/real/14/1830414_1971-07-01_2013.jpg,0.342968225479126,0.5181877613067627,0,freq_cnn,external_test,source_video_disjoint_v1,highpass_0.5,ffpp_validation_checkpoint,ad682adfaf8af8c993a52d42d033cc255791381fd208f7eef09a0e87344a8b6b
65,C:\Users\Rohith Syam\Documents\UTS SEMESTER 3\image processing\idea 2\outputs\generalization_upgrade\02_external_bias_audit\normalized_external\real\14\19894914_1989-10-19_2012.jpg,0,14/19894914_1989-10-19_2012.jpg,real,external_normalized,deepfakeface_sd15/real/14/19894914_1989-10-19_2012.jpg,0.36956778168678284,0.5181877613067627,0,freq_cnn,external_test,source_video_disjoint_v1,highpass_0.5,ffpp_validation_checkpoint,ad682adfaf8af8c993a52d42d033cc255791381fd208f7eef09a0e87344a8b6b
66,C:\Users\Rohith Syam\Documents\UTS SEMESTER 3\image processing\idea 2\outputs\generalization_upgrade\02_external_bias_audit\normalized_external\real\14\1995914_1928-11-21_1976.jpg,0,14/1995914_1928-11-21_1976.jpg,real,external_normalized,deepfakeface_sd15/real/14/1995914_1928-11-21_1976.jpg,0.3123636543750763,0.5181877613067627,0,freq_cnn,external_test,source_video_disjoint_v1,highpass_0.5,ffpp_validation_checkpoint,ad682adfaf8af8c993a52d42d033cc255791381fd208f7eef09a0e87344a8b6b
67,C:\Users\Rohith Syam\Documents\UTS SEMESTER 3\image processing\idea 2\outputs\generalization_upgrade\02_external_bias_audit\normalized_external\real\14\2009614_1964-05-13_2008.jpg,0,14/2009614_1964-05-13_2008.jpg,real,external_normalized,deepfakeface_sd15/real/14/2009614_1964-05-13_2008.jpg,0.3176405131816864,0.5181877613067627,0,freq_cnn,external_test,source_video_disjoint_v1,highpass_0.5,ffpp_validation_checkpoint,ad682adfaf8af8c993a52d42d033cc255791381fd208f7eef09a0e87344a8b6b
68,C:\Users\Rohith Syam\Documents\UTS SEMESTER 3\image processing\idea 2\outputs\generalization_upgrade\02_external_bias_audit\normalized_external\real\14\21538614_1990-11-01_2015.jpg,0,14/21538614_1990-11-01_2015.jpg,real,external_normalized,deepfakeface_sd15/real/14/21538614_1990-11-01_2015.jpg,0.3446943759918213,0.5181877613067627,0,freq_cnn,external_test,source_video_disjoint_v1,highpass_0.5,ffpp_validation_checkpoint,ad682adfaf8af8c993a52d42d033cc255791381fd208f7eef09a0e87344a8b6b
69,C:\Users\Rohith Syam\Documents\UTS SEMESTER 3\image processing\idea 2\outputs\generalization_upgrade\02_external_bias_audit\normalized_external\real\14\22037414_1987-06-05_2013.jpg,0,14/22037414_1987-06-05_2013.jpg,real,external_normalized,deepfakeface_sd15/real/14/22037414_1987-06-05_2013.jpg,0.26297223567962646,0.5181877613067627,0,freq_cnn,external_test,source_video_disjoint_v1,highpass_0.5,ffpp_validation_checkpoint,ad682adfaf8af8c993a52d42d033cc255791381fd208f7eef09a0e87344a8b6b
70,C:\Users\Rohith Syam\Documents\UTS SEMESTER 3\image processing\idea 2\outputs\generalization_upgrade\02_external_bias_audit\normalized_external\real\14\23420614_1974-04-16_2008.jpg,0,14/23420614_1974-04-16_2008.jpg,real,external_normalized,deepfakeface_sd15/real/14/23420614_1974-04-16_2008.jpg,0.10250043123960495,0.5181877613067627,0,freq_cnn,external_test,source_video_disjoint_v1,highpass_0.5,ffpp_validation_checkpoint,ad682adfaf8af8c993a52d42d033cc255791381fd208f7eef09a0e87344a8b6b
71,C:\Users\Rohith Syam\Documents\UTS SEMESTER 3\image processing\idea 2\outputs\generalization_upgrade\02_external_bias_audit\normalized_external\real\14\27131114_1983-08-30_2011.jpg,0,14/27131114_1983-08-30_2011.jpg,real,external_normalized,deepfakeface_sd15/real/14/27131114_1983-08-30_2011.jpg,0.33109721541404724,0.5181877613067627,0,freq_cnn,external_test,source_video_disjoint_v1,highpass_0.5,ffpp_validation_checkpoint,ad682adfaf8af8c993a52d42d033cc255791381fd208f7eef09a0e87344a8b6b
72,C:\Users\Rohith Syam\Documents\UTS SEMESTER 3\image processing\idea 2\outputs\generalization_upgrade\02_external_bias_audit\normalized_external\real\14\28269114_1941-03-21_2011.jpg,0,14/28269114_1941-03-21_2011.jpg,real,external_normalized,deepfakeface_sd15/real/14/28269114_1941-03-21_2011.jpg,0.2539098858833313,0.5181877613067627,0,freq_cnn,external_test,source_video_disjoint_v1,highpass_0.5,ffpp_validation_checkpoint,ad682adfaf8af8c993a52d42d033cc255791381fd208f7eef09a0e87344a8b6b
73,C:\Users\Rohith Syam\Documents\UTS SEMESTER 3\image processing\idea 2\outputs\generalization_upgrade\02_external_bias_audit\normalized_external\real\14\28819114_1961-06-26_2009.jpg,0,14/28819114_1961-06-26_2009.jpg,real,external_normalized,deepfakeface_sd15/real/14/28819114_1961-06-26_2009.jpg,0.29672759771347046,0.5181877613067627,0,freq_cnn,external_test,source_video_disjoint_v1,highpass_0.5,ffpp_validation_checkpoint,ad682adfaf8af8c993a52d42d033cc255791381fd208f7eef09a0e87344a8b6b
74,C:\Users\Rohith Syam\Documents\UTS SEMESTER 3\image processing\idea 2\outputs\generalization_upgrade\02_external_bias_audit\normalized_external\real\14\33258714_1979-05-30_2011.jpg,0,14/33258714_1979-05-30_2011.jpg,real,external_normalized,deepfakeface_sd15/real/14/33258714_1979-05-30_2011.jpg,0.2783242464065552,0.5181877613067627,0,freq_cnn,external_test,source_video_disjoint_v1,highpass_0.5,ffpp_validation_checkpoint,ad682adfaf8af8c993a52d42d033cc255791381fd208f7eef09a0e87344a8b6b
75,C:\Users\Rohith Syam\Documents\UTS SEMESTER 3\image processing\idea 2\outputs\generalization_upgrade\02_external_bias_audit\normalized_external\real\14\35642014_1989-04-27_2012.jpg,0,14/35642014_1989-04-27_2012.jpg,real,external_normalized,deepfakeface_sd15/real/14/35642014_1989-04-27_2012.jpg,0.29220208525657654,0.5181877613067627,0,freq_cnn,external_test,source_video_disjoint_v1,highpass_0.5,ffpp_validation_checkpoint,ad682adfaf8af8c993a52d42d033cc255791381fd208f7eef09a0e87344a8b6b
76,C:\Users\Rohith Syam\Documents\UTS SEMESTER 3\image processing\idea 2\outputs\generalization_upgrade\02_external_bias_audit\normalized_external\real\14\36566914_1988-08-11_2014.jpg,0,14/36566914_1988-08-11_2014.jpg,real,external_normalized,deepfakeface_sd15/real/14/36566914_1988-08-11_2014.jpg,0.1775541603565216,0.5181877613067627,0,freq_cnn,external_test,source_video_disjoint_v1,highpass_0.5,ffpp_validation_checkpoint,ad682adfaf8af8c993a52d42d033cc255791381fd208f7eef09a0e87344a8b6b
77,C:\Users\Rohith Syam\Documents\UTS SEMESTER 3\image processing\idea 2\outputs\generalization_upgrade\02_external_bias_audit\normalized_external\real\14\36573714_1984-12-01_2012.jpg,0,14/36573714_1984-12-01_2012.jpg,real,external_normalized,deepfakeface_sd15/real/14/36573714_1984-12-01_2012.jpg,0.3626790940761566,0.5181877613067627,0,freq_cnn,external_test,source_video_disjoint_v1,highpass_0.5,ffpp_validation_checkpoint,ad682adfaf8af8c993a52d42d033cc255791381fd208f7eef09a0e87344a8b6b
78,C:\Users\Rohith Syam\Documents\UTS SEMESTER 3\image processing\idea 2\outputs\generalization_upgrade\02_external_bias_audit\normalized_external\real\14\3772814_1978-02-28_2008.jpg,0,14/3772814_1978-02-28_2008.jpg,real,external_normalized,deepfakeface_sd15/real/14/3772814_1978-02-28_2008.jpg,0.07149744033813477,0.5181877613067627,0,freq_cnn,external_test,source_video_disjoint_v1,highpass_0.5,ffpp_validation_checkpoint,ad682adfaf8af8c993a52d42d033cc255791381fd208f7eef09a0e87344a8b6b
79,C:\Users\Rohith Syam\Documents\UTS SEMESTER 3\image processing\idea 2\outputs\generalization_upgrade\02_external_bias_audit\normalized_external\real\14\41732014_1943-06-18_1969.jpg,0,14/41732014_1943-06-18_1969.jpg,real,external_normalized,deepfakeface_sd15/real/14/41732014_1943-06-18_1969.jpg,0.3658151924610138,0.5181877613067627,0,freq_cnn,external_test,source_video_disjoint_v1,highpass_0.5,ffpp_validation_checkpoint,ad682adfaf8af8c993a52d42d033cc255791381fd208f7eef09a0e87344a8b6b
80,C:\Users\Rohith Syam\Documents\UTS SEMESTER 3\image processing\idea 2\outputs\generalization_upgrade\02_external_bias_audit\normalized_external\real\14\4295614_1924-09-15_1987.jpg,0,14/4295614_1924-09-15_1987.jpg,real,external_normalized,deepfakeface_sd15/real/14/4295614_1924-09-15_1987.jpg,0.1314014345407486,0.5181877613067627,0,freq_cnn,external_test,source_video_disjoint_v1,highpass_0.5,ffpp_validation_checkpoint,ad682adfaf8af8c993a52d42d033cc255791381fd208f7eef09a0e87344a8b6b
81,C:\Users\Rohith Syam\Documents\UTS SEMESTER 3\image processing\idea 2\outputs\generalization_upgrade\02_external_bias_audit\normalized_external\real\14\44096714_1964-06-29_2012.jpg,0,14/44096714_1964-06-29_2012.jpg,real,external_normalized,deepfakeface_sd15/real/14/44096714_1964-06-29_2012.jpg,0.2555234432220459,0.5181877613067627,0,freq_cnn,external_test,source_video_disjoint_v1,highpass_0.5,ffpp_validation_checkpoint,ad682adfaf8af8c993a52d42d033cc255791381fd208f7eef09a0e87344a8b6b
82,C:\Users\Rohith Syam\Documents\UTS SEMESTER 3\image processing\idea 2\outputs\generalization_upgrade\02_external_bias_audit\normalized_external\real\14\448514_1959-03-06_2007.jpg,0,14/448514_1959-03-06_2007.jpg,real,external_normalized,deepfakeface_sd15/real/14/448514_1959-03-06_2007.jpg,0.1637553572654724,0.5181877613067627,0,freq_cnn,external_test,source_video_disjoint_v1,highpass_0.5,ffpp_validation_checkpoint,ad682adfaf8af8c993a52d42d033cc255791381fd208f7eef09a0e87344a8b6b
83,C:\Users\Rohith Syam\Documents\UTS SEMESTER 3\image processing\idea 2\outputs\generalization_upgrade\02_external_bias_audit\normalized_external\real\14\585414_1951-03-17_2014.jpg,0,14/585414_1951-03-17_2014.jpg,real,external_normalized,deepfakeface_sd15/real/14/585414_1951-03-17_2014.jpg,0.24398592114448547,0.5181877613067627,0,freq_cnn,external_test,source_video_disjoint_v1,highpass_0.5,ffpp_validation_checkpoint,ad682adfaf8af8c993a52d42d033cc255791381fd208f7eef09a0e87344a8b6b
84,C:\Users\Rohith Syam\Documents\UTS SEMESTER 3\image processing\idea 2\outputs\generalization_upgrade\02_external_bias_audit\normalized_external\real\14\5923814_1958-08-28_1991.jpg,0,14/5923814_1958-08-28_1991.jpg,real,external_normalized,deepfakeface_sd15/real/14/5923814_1958-08-28_1991.jpg,0.3413814604282379,0.5181877613067627,0,freq_cnn,external_test,source_video_disjoint_v1,highpass_0.5,ffpp_validation_checkpoint,ad682adfaf8af8c993a52d42d033cc255791381fd208f7eef09a0e87344a8b6b
85,C:\Users\Rohith Syam\Documents\UTS SEMESTER 3\image processing\idea 2\outputs\generalization_upgrade\02_external_bias_audit\normalized_external\real\14\5965014_1981-12-21_2013.jpg,0,14/5965014_1981-12-21_2013.jpg,real,external_normalized,deepfakeface_sd15/real/14/5965014_1981-12-21_2013.jpg,0.04731268063187599,0.5181877613067627,0,freq_cnn,external_test,source_video_disjoint_v1,highpass_0.5,ffpp_validation_checkpoint,ad682adfaf8af8c993a52d42d033cc255791381fd208f7eef09a0e87344a8b6b
86,C:\Users\Rohith Syam\Documents\UTS SEMESTER 3\image processing\idea 2\outputs\generalization_upgrade\02_external_bias_audit\normalized_external\real\14\852514_1980-01-18_2013.jpg,0,14/852514_1980-01-18_2013.jpg,real,external_normalized,deepfakeface_sd15/real/14/852514_1980-01-18_2013.jpg,0.2852248251438141,0.5181877613067627,0,freq_cnn,external_test,source_video_disjoint_v1,highpass_0.5,ffpp_validation_checkpoint,ad682adfaf8af8c993a52d42d033cc255791381fd208f7eef09a0e87344a8b6b
87,C:\Users\Rohith Syam\Documents\UTS SEMESTER 3\image processing\idea 2\outputs\generalization_upgrade\02_external_bias_audit\normalized_external\real\14\8543614_1983-09-25_2010.jpg,0,14/8543614_1983-09-25_2010.jpg,real,external_normalized,deepfakeface_sd15/real/14/8543614_1983-09-25_2010.jpg,0.13784049451351166,0.5181877613067627,0,freq_cnn,external_test,source_video_disjoint_v1,highpass_0.5,ffpp_validation_checkpoint,ad682adfaf8af8c993a52d42d033cc255791381fd208f7eef09a0e87344a8b6b
88,C:\Users\Rohith Syam\Documents\UTS SEMESTER 3\image processing\idea 2\outputs\generalization_upgrade\02_external_bias_audit\normalized_external\real\14\9716514_1900-04-10_1946.jpg,0,14/9716514_1900-04-10_1946.jpg,real,external_normalized,deepfakeface_sd15/real/14/9716514_1900-04-10_1946.jpg,0.2705591917037964,0.5181877613067627,0,freq_cnn,external_test,source_video_disjoint_v1,highpass_0.5,ffpp_validation_checkpoint,ad682adfaf8af8c993a52d42d033cc255791381fd208f7eef09a0e87344a8b6b
89,C:\Users\Rohith Syam\Documents\UTS SEMESTER 3\image processing\idea 2\outputs\generalization_upgrade\02_external_bias_audit\normalized_external\real\21\10172021_1963-06-02_2006.jpg,0,21/10172021_1963-06-02_2006.jpg,real,external_normalized,deepfakeface_sd15/real/21/10172021_1963-06-02_2006.jpg,0.3514852523803711,0.5181877613067627,0,freq_cnn,external_test,source_video_disjoint_v1,highpass_0.5,ffpp_validation_checkpoint,ad682adfaf8af8c993a52d42d033cc255791381fd208f7eef09a0e87344a8b6b
90,C:\Users\Rohith Syam\Documents\UTS SEMESTER 3\image processing\idea 2\outputs\generalization_upgrade\02_external_bias_audit\normalized_external\real\21\1176621_1966-05-16_2010.jpg,0,21/1176621_1966-05-16_2010.jpg,real,external_normalized,deepfakeface_sd15/real/21/1176621_1966-05-16_2010.jpg,0.2990877330303192,0.5181877613067627,0,freq_cnn,external_test,source_video_disjoint_v1,highpass_0.5,ffpp_validation_checkpoint,ad682adfaf8af8c993a52d42d033cc255791381fd208f7eef09a0e87344a8b6b
91,C:\Users\Rohith Syam\Documents\UTS SEMESTER 3\image processing\idea 2\outputs\generalization_upgrade\02_external_bias_audit\normalized_external\real\21\12261121_1985-01-04_2014.jpg,0,21/12261121_1985-01-04_2014.jpg,real,external_normalized,deepfakeface_sd15/real/21/12261121_1985-01-04_2014.jpg,0.3604496717453003,0.5181877613067627,0,freq_cnn,external_test,source_video_disjoint_v1,highpass_0.5,ffpp_validation_checkpoint,ad682adfaf8af8c993a52d42d033cc255791381fd208f7eef09a0e87344a8b6b
92,C:\Users\Rohith Syam\Documents\UTS SEMESTER 3\image processing\idea 2\outputs\generalization_upgrade\02_external_bias_audit\normalized_external\real\21\15872621_1922-08-28_1952.jpg,0,21/15872621_1922-08-28_1952.jpg,real,external_normalized,deepfakeface_sd15/real/21/15872621_1922-08-28_1952.jpg,0.2683941125869751,0.5181877613067627,0,freq_cnn,external_test,source_video_disjoint_v1,highpass_0.5,ffpp_validation_checkpoint,ad682adfaf8af8c993a52d42d033cc255791381fd208f7eef09a0e87344a8b6b
93,C:\Users\Rohith Syam\Documents\UTS SEMESTER 3\image processing\idea 2\outputs\generalization_upgrade\02_external_bias_audit\normalized_external\real\21\15905321_1990-01-06_2009.jpg,0,21/15905321_1990-01-06_2009.jpg,real,external_normalized,deepfakeface_sd15/real/21/15905321_1990-01-06_2009.jpg,0.25076135993003845,0.5181877613067627,0,freq_cnn,external_test,source_video_disjoint_v1,highpass_0.5,ffpp_validation_checkpoint,ad682adfaf8af8c993a52d42d033cc255791381fd208f7eef09a0e87344a8b6b
94,C:\Users\Rohith Syam\Documents\UTS SEMESTER 3\image processing\idea 2\outputs\generalization_upgrade\02_external_bias_audit\normalized_external\real\21\16521_1938-12-29_2011.jpg,0,21/16521_1938-12-29_2011.jpg,real,external_normalized,deepfakeface_sd15/real/21/16521_1938-12-29_2011.jpg,0.13605180382728577,0.5181877613067627,0,freq_cnn,external_test,source_video_disjoint_v1,highpass_0.5,ffpp_validation_checkpoint,ad682adfaf8af8c993a52d42d033cc255791381fd208f7eef09a0e87344a8b6b
95,C:\Users\Rohith Syam\Documents\UTS SEMESTER 3\image processing\idea 2\outputs\generalization_upgrade\02_external_bias_audit\normalized_external\real\21\174821_1961-09-25_1993.jpg,0,21/174821_1961-09-25_1993.jpg,real,external_normalized,deepfakeface_sd15/real/21/174821_1961-09-25_1993.jpg,0.24892768263816833,0.5181877613067627,0,freq_cnn,external_test,source_video_disjoint_v1,highpass_0.5,ffpp_validation_checkpoint,ad682adfaf8af8c993a52d42d033cc255791381fd208f7eef09a0e87344a8b6b
96,C:\Users\Rohith Syam\Documents\UTS SEMESTER 3\image processing\idea 2\outputs\generalization_upgrade\02_external_bias_audit\normalized_external\real\21\1825621_1945-09-08_2008.jpg,0,21/1825621_1945-09-08_2008.jpg,real,external_normalized,deepfakeface_sd15/real/21/1825621_1945-09-08_2008.jpg,0.2918342351913452,0.5181877613067627,0,freq_cnn,external_test,source_video_disjoint_v1,highpass_0.5,ffpp_validation_checkpoint,ad682adfaf8af8c993a52d42d033cc255791381fd208f7eef09a0e87344a8b6b
97,C:\Users\Rohith Syam\Documents\UTS SEMESTER 3\image processing\idea 2\outputs\generalization_upgrade\02_external_bias_audit\normalized_external\real\21\20599521_1967-08-09_2012.jpg,0,21/20599521_1967-08-09_2012.jpg,real,external_normalized,deepfakeface_sd15/real/21/20599521_1967-08-09_2012.jpg,0.2036619335412979,0.5181877613067627,0,freq_cnn,external_test,source_video_disjoint_v1,highpass_0.5,ffpp_validation_checkpoint,ad682adfaf8af8c993a52d42d033cc255791381fd208f7eef09a0e87344a8b6b
98,C:\Users\Rohith Syam\Documents\UTS SEMESTER 3\image processing\idea 2\outputs\generalization_upgrade\02_external_bias_audit\normalized_external\real\21\24644621_1964-12-15_2010.jpg,0,21/24644621_1964-12-15_2010.jpg,real,external_normalized,deepfakeface_sd15/real/21/24644621_1964-12-15_2010.jpg,0.25145354866981506,0.5181877613067627,0,freq_cnn,external_test,source_video_disjoint_v1,highpass_0.5,ffpp_validation_checkpoint,ad682adfaf8af8c993a52d42d033cc255791381fd208f7eef09a0e87344a8b6b
99,C:\Users\Rohith Syam\Documents\UTS SEMESTER 3\image processing\idea 2\outputs\generalization_upgrade\02_external_bias_audit\normalized_external\real\21\250721_1956-06-03_2010.jpg,0,21/250721_1956-06-03_2010.jpg,real,external_normalized,deepfakeface_sd15/real/21/250721_1956-06-03_2010.jpg,0.26288580894470215,0.5181877613067627,0,freq_cnn,external_test,source_video_disjoint_v1,highpass_0.5,ffpp_validation_checkpoint,ad682adfaf8af8c993a52d42d033cc255791381fd208f7eef09a0e87344a8b6b
100,C:\Users\Rohith Syam\Documents\UTS SEMESTER 3\image processing\idea 2\outputs\generalization_upgrade\02_external_bias_audit\normalized_external\real\21\2797621_1960-03-15_2011.jpg,0,21/2797621_1960-03-15_2011.jpg,real,external_normalized,deepfakeface_sd15/real/21/2797621_1960-03-15_2011.jpg,0.17582830786705017,0.5181877613067627,0,freq_cnn,external_test,source_video_disjoint_v1,highpass_0.5,ffpp_validation_checkpoint,ad682adfaf8af8c993a52d42d033cc255791381fd208f7eef09a0e87344a8b6b
101,C:\Users\Rohith Syam\Documents\UTS SEMESTER 3\image processing\idea 2\outputs\generalization_upgrade\02_external_bias_audit\normalized_external\real\21\29126821_1986-10-07_2014.jpg,0,21/29126821_1986-10-07_2014.jpg,real,external_normalized,deepfakeface_sd15/real/21/29126821_1986-10-07_2014.jpg,0.20118047297000885,0.5181877613067627,0,freq_cnn,external_test,source_video_disjoint_v1,highpass_0.5,ffpp_validation_checkpoint,ad682adfaf8af8c993a52d42d033cc255791381fd208f7eef09a0e87344a8b6b
102,C:\Users\Rohith Syam\Documents\UTS SEMESTER 3\image processing\idea 2\outputs\generalization_upgrade\02_external_bias_audit\normalized_external\real\21\2950421_1974-09-11_2007.jpg,0,21/2950421_1974-09-11_2007.jpg,real,external_normalized,deepfakeface_sd15/real/21/2950421_1974-09-11_2007.jpg,0.23477323353290558,0.5181877613067627,0,freq_cnn,external_test,source_video_disjoint_v1,highpass_0.5,ffpp_validation_checkpoint,ad682adfaf8af8c993a52d42d033cc255791381fd208f7eef09a0e87344a8b6b
103,C:\Users\Rohith Syam\Documents\UTS SEMESTER 3\image processing\idea 2\outputs\generalization_upgrade\02_external_bias_audit\normalized_external\real\21\295321_1904-08-23_1955.jpg,0,21/295321_1904-08-23_1955.jpg,real,external_normalized,deepfakeface_sd15/real/21/295321_1904-08-23_1955.jpg,0.29768216609954834,0.5181877613067627,0,freq_cnn,external_test,source_video_disjoint_v1,highpass_0.5,ffpp_validation_checkpoint,ad682adfaf8af8c993a52d42d033cc255791381fd208f7eef09a0e87344a8b6b
104,C:\Users\Rohith Syam\Documents\UTS SEMESTER 3\image processing\idea 2\outputs\generalization_upgrade\02_external_bias_audit\normalized_external\real\21\3003021_1956-12-23_2014.jpg,0,21/3003021_1956-12-23_2014.jpg,real,external_normalized,deepfakeface_sd15/real/21/3003021_1956-12-23_2014.jpg,0.3447714149951935,0.5181877613067627,0,freq_cnn,external_test,source_video_disjoint_v1,highpass_0.5,ffpp_validation_checkpoint,ad682adfaf8af8c993a52d42d033cc255791381fd208f7eef09a0e87344a8b6b
105,C:\Users\Rohith Syam\Documents\UTS SEMESTER 3\image processing\idea 2\outputs\generalization_upgrade\02_external_bias_audit\normalized_external\real\21\30496921_1916-02-13_1977.jpg,0,21/30496921_1916-02-13_1977.jpg,real,external_normalized,deepfakeface_sd15/real/21/30496921_1916-02-13_1977.jpg,0.35048437118530273,0.5181877613067627,0,freq_cnn,external_test,source_video_disjoint_v1,highpass_0.5,ffpp_validation_checkpoint,ad682adfaf8af8c993a52d42d033cc255791381fd208f7eef09a0e87344a8b6b
106,C:\Users\Rohith Syam\Documents\UTS SEMESTER 3\image processing\idea 2\outputs\generalization_upgrade\02_external_bias_audit\normalized_external\real\21\332221_1903-07-21_2007.jpg,0,21/332221_1903-07-21_2007.jpg,real,external_normalized,deepfakeface_sd15/real/21/332221_1903-07-21_2007.jpg,0.3776121139526367,0.5181877613067627,0,freq_cnn,external_test,source_video_disjoint_v1,highpass_0.5,ffpp_validation_checkpoint,ad682adfaf8af8c993a52d42d033cc255791381fd208f7eef09a0e87344a8b6b
107,C:\Users\Rohith Syam\Documents\UTS SEMESTER 3\image processing\idea 2\outputs\generalization_upgrade\02_external_bias_audit\normalized_external\real\21\35191121_1990-01-18_2014.jpg,0,21/35191121_1990-01-18_2014.jpg,real,external_normalized,deepfakeface_sd15/real/21/35191121_1990-01-18_2014.jpg,0.34611067175865173,0.5181877613067627,0,freq_cnn,external_test,source_video_disjoint_v1,highpass_0.5,ffpp_validation_checkpoint,ad682adfaf8af8c993a52d42d033cc255791381fd208f7eef09a0e87344a8b6b
108,C:\Users\Rohith Syam\Documents\UTS SEMESTER 3\image processing\idea 2\outputs\generalization_upgrade\02_external_bias_audit\normalized_external\real\21\40783721_1958-04-16_2013.jpg,0,21/40783721_1958-04-16_2013.jpg,real,external_normalized,deepfakeface_sd15/real/21/40783721_1958-04-16_2013.jpg,0.2953047752380371,0.5181877613067627,0,freq_cnn,external_test,source_video_disjoint_v1,highpass_0.5,ffpp_validation_checkpoint,ad682adfaf8af8c993a52d42d033cc255791381fd208f7eef09a0e87344a8b6b
109,C:\Users\Rohith Syam\Documents\UTS SEMESTER 3\image processing\idea 2\outputs\generalization_upgrade\02_external_bias_audit\normalized_external\real\21\4137921_1965-08-22_2013.jpg,0,21/4137921_1965-08-22_2013.jpg,real,external_normalized,deepfakeface_sd15/real/21/4137921_1965-08-22_2013.jpg,0.3178592622280121,0.5181877613067627,0,freq_cnn,external_test,source_video_disjoint_v1,highpass_0.5,ffpp_validation_checkpoint,ad682adfaf8af8c993a52d42d033cc255791381fd208f7eef09a0e87344a8b6b
110,C:\Users\Rohith Syam\Documents\UTS SEMESTER 3\image processing\idea 2\outputs\generalization_upgrade\02_external_bias_audit\normalized_external\real\21\6573321_1986-05-01_2008.jpg,0,21/6573321_1986-05-01_2008.jpg,real,external_normalized,deepfakeface_sd15/real/21/6573321_1986-05-01_2008.jpg,0.3072667717933655,0.5181877613067627,0,freq_cnn,external_test,source_video_disjoint_v1,highpass_0.5,ffpp_validation_checkpoint,ad682adfaf8af8c993a52d42d033cc255791381fd208f7eef09a0e87344a8b6b
111,C:\Users\Rohith Syam\Documents\UTS SEMESTER 3\image processing\idea 2\outputs\generalization_upgrade\02_external_bias_audit\normalized_external\real\21\6574321_1982-08-10_2012.jpg,0,21/6574321_1982-08-10_2012.jpg,real,external_normalized,deepfakeface_sd15/real/21/6574321_1982-08-10_2012.jpg,0.3039993643760681,0.5181877613067627,0,freq_cnn,external_test,source_video_disjoint_v1,highpass_0.5,ffpp_validation_checkpoint,ad682adfaf8af8c993a52d42d033cc255791381fd208f7eef09a0e87344a8b6b
112,C:\Users\Rohith Syam\Documents\UTS SEMESTER 3\image processing\idea 2\outputs\generalization_upgrade\02_external_bias_audit\normalized_external\real\21\7170221_1933-03-27_1983.jpg,0,21/7170221_1933-03-27_1983.jpg,real,external_normalized,deepfakeface_sd15/real/21/7170221_1933-03-27_1983.jpg,0.3434484004974365,0.5181877613067627,0,freq_cnn,external_test,source_video_disjoint_v1,highpass_0.5,ffpp_validation_checkpoint,ad682adfaf8af8c993a52d42d033cc255791381fd208f7eef09a0e87344a8b6b
113,C:\Users\Rohith Syam\Documents\UTS SEMESTER 3\image processing\idea 2\outputs\generalization_upgrade\02_external_bias_audit\normalized_external\real\21\7623721_1978-03-01_2010.jpg,0,21/7623721_1978-03-01_2010.jpg,real,external_normalized,deepfakeface_sd15/real/21/7623721_1978-03-01_2010.jpg,0.3326367139816284,0.5181877613067627,0,freq_cnn,external_test,source_video_disjoint_v1,highpass_0.5,ffpp_validation_checkpoint,ad682adfaf8af8c993a52d42d033cc255791381fd208f7eef09a0e87344a8b6b
114,C:\Users\Rohith Syam\Documents\UTS SEMESTER 3\image processing\idea 2\outputs\generalization_upgrade\02_external_bias_audit\normalized_external\real\21\8194621_1986-02-16_2009.jpg,0,21/8194621_1986-02-16_2009.jpg,real,external_normalized,deepfakeface_sd15/real/21/8194621_1986-02-16_2009.jpg,0.186387836933136,0.5181877613067627,0,freq_cnn,external_test,source_video_disjoint_v1,highpass_0.5,ffpp_validation_checkpoint,ad682adfaf8af8c993a52d42d033cc255791381fd208f7eef09a0e87344a8b6b
115,C:\Users\Rohith Syam\Documents\UTS SEMESTER 3\image processing\idea 2\outputs\generalization_upgrade\02_external_bias_audit\normalized_external\real\21\8774721_1967-04-29_2010.jpg,0,21/8774721_1967-04-29_2010.jpg,real,external_normalized,deepfakeface_sd15/real/21/8774721_1967-04-29_2010.jpg,0.19749483466148376,0.5181877613067627,0,freq_cnn,external_test,source_video_disjoint_v1,highpass_0.5,ffpp_validation_checkpoint,ad682adfaf8af8c993a52d42d033cc255791381fd208f7eef09a0e87344a8b6b
116,C:\Users\Rohith Syam\Documents\UTS SEMESTER 3\image processing\idea 2\outputs\generalization_upgrade\02_external_bias_audit\normalized_external\real\21\8789221_1983-08-14_2012.jpg,0,21/8789221_1983-08-14_2012.jpg,real,external_normalized,deepfakeface_sd15/real/21/8789221_1983-08-14_2012.jpg,0.3239690661430359,0.5181877613067627,0,freq_cnn,external_test,source_video_disjoint_v1,highpass_0.5,ffpp_validation_checkpoint,ad682adfaf8af8c993a52d42d033cc255791381fd208f7eef09a0e87344a8b6b
117,C:\Users\Rohith Syam\Documents\UTS SEMESTER 3\image processing\idea 2\outputs\generalization_upgrade\02_external_bias_audit\normalized_external\real\21\9404921_1978-07-09_2009.jpg,0,21/9404921_1978-07-09_2009.jpg,real,external_normalized,deepfakeface_sd15/real/21/9404921_1978-07-09_2009.jpg,0.3245117664337158,0.5181877613067627,0,freq_cnn,external_test,source_video_disjoint_v1,highpass_0.5,ffpp_validation_checkpoint,ad682adfaf8af8c993a52d42d033cc255791381fd208f7eef09a0e87344a8b6b
118,C:\Users\Rohith Syam\Documents\UTS SEMESTER 3\image processing\idea 2\outputs\generalization_upgrade\02_external_bias_audit\normalized_external\real\24\2968824_1963-05-26_2011.jpg,0,24/2968824_1963-05-26_2011.jpg,real,external_normalized,deepfakeface_sd15/real/24/2968824_1963-05-26_2011.jpg,0.2581721246242523,0.5181877613067627,0,freq_cnn,external_test,source_video_disjoint_v1,highpass_0.5,ffpp_validation_checkpoint,ad682adfaf8af8c993a52d42d033cc255791381fd208f7eef09a0e87344a8b6b
119,C:\Users\Rohith Syam\Documents\UTS SEMESTER 3\image processing\idea 2\outputs\generalization_upgrade\02_external_bias_audit\normalized_external\real\26\503926_1976-12-31_2009.jpg,0,26/503926_1976-12-31_2009.jpg,real,external_normalized,deepfakeface_sd15/real/26/503926_1976-12-31_2009.jpg,0.27604374289512634,0.5181877613067627,0,freq_cnn,external_test,source_video_disjoint_v1,highpass_0.5,ffpp_validation_checkpoint,ad682adfaf8af8c993a52d42d033cc255791381fd208f7eef09a0e87344a8b6b
120,C:\Users\Rohith Syam\Documents\UTS SEMESTER 3\image processing\idea 2\outputs\generalization_upgrade\02_external_bias_audit\normalized_external\real\30\11772430_1938-04-14_2008.jpg,0,30/11772430_1938-04-14_2008.jpg,real,external_normalized,deepfakeface_sd15/real/30/11772430_1938-04-14_2008.jpg,0.29834070801734924,0.5181877613067627,0,freq_cnn,external_test,source_video_disjoint_v1,highpass_0.5,ffpp_validation_checkpoint,ad682adfaf8af8c993a52d42d033cc255791381fd208f7eef09a0e87344a8b6b
121,C:\Users\Rohith Syam\Documents\UTS SEMESTER 3\image processing\idea 2\outputs\generalization_upgrade\02_external_bias_audit\normalized_external\real\34\1149234_1978-10-03_2010.jpg,0,34/1149234_1978-10-03_2010.jpg,real,external_normalized,deepfakeface_sd15/real/34/1149234_1978-10-03_2010.jpg,0.29293930530548096,0.5181877613067627,0,freq_cnn,external_test,source_video_disjoint_v1,highpass_0.5,ffpp_validation_checkpoint,ad682adfaf8af8c993a52d42d033cc255791381fd208f7eef09a0e87344a8b6b
122,C:\Users\Rohith Syam\Documents\UTS SEMESTER 3\image processing\idea 2\outputs\generalization_upgrade\02_external_bias_audit\normalized_external\real\34\11653234_1986-12-23_2012.jpg,0,34/11653234_1986-12-23_2012.jpg,real,external_normalized,deepfakeface_sd15/real/34/11653234_1986-12-23_2012.jpg,0.19157476723194122,0.5181877613067627,0,freq_cnn,external_test,source_video_disjoint_v1,highpass_0.5,ffpp_validation_checkpoint,ad682adfaf8af8c993a52d42d033cc255791381fd208f7eef09a0e87344a8b6b
123,C:\Users\Rohith Syam\Documents\UTS SEMESTER 3\image processing\idea 2\outputs\generalization_upgrade\02_external_bias_audit\normalized_external\real\34\1266534_1975-11-03_2011.jpg,0,34/1266534_1975-11-03_2011.jpg,real,external_normalized,deepfakeface_sd15/real/34/1266534_1975-11-03_2011.jpg,0.18625755608081818,0.5181877613067627,0,freq_cnn,external_test,source_video_disjoint_v1,highpass_0.5,ffpp_validation_checkpoint,ad682adfaf8af8c993a52d42d033cc255791381fd208f7eef09a0e87344a8b6b
124,C:\Users\Rohith Syam\Documents\UTS SEMESTER 3\image processing\idea 2\outputs\generalization_upgrade\02_external_bias_audit\normalized_external\real\34\12829834_1950-08-15_2002.jpg,0,34/12829834_1950-08-15_2002.jpg,real,external_normalized,deepfakeface_sd15/real/34/12829834_1950-08-15_2002.jpg,0.3640023171901703,0.5181877613067627,0,freq_cnn,external_test,source_video_disjoint_v1,highpass_0.5,ffpp_validation_checkpoint,ad682adfaf8af8c993a52d42d033cc255791381fd208f7eef09a0e87344a8b6b
125,C:\Users\Rohith Syam\Documents\UTS SEMESTER 3\image processing\idea 2\outputs\generalization_upgrade\02_external_bias_audit\normalized_external\real\34\13846034_1977-08-30_2009.jpg,0,34/13846034_1977-08-30_2009.jpg,real,external_normalized,deepfakeface_sd15/real/34/13846034_1977-08-30_2009.jpg,0.34084266424179077,0.5181877613067627,0,freq_cnn,external_test,source_video_disjoint_v1,highpass_0.5,ffpp_validation_checkpoint,ad682adfaf8af8c993a52d42d033cc255791381fd208f7eef09a0e87344a8b6b
126,C:\Users\Rohith Syam\Documents\UTS SEMESTER 3\image processing\idea 2\outputs\generalization_upgrade\02_external_bias_audit\normalized_external\real\34\1386234_1952-04-25_2004.jpg,0,34/1386234_1952-04-25_2004.jpg,real,external_normalized,deepfakeface_sd15/real/34/1386234_1952-04-25_2004.jpg,0.3097003698348999,0.5181877613067627,0,freq_cnn,external_test,source_video_disjoint_v1,highpass_0.5,ffpp_validation_checkpoint,ad682adfaf8af8c993a52d42d033cc255791381fd208f7eef09a0e87344a8b6b
127,C:\Users\Rohith Syam\Documents\UTS SEMESTER 3\image processing\idea 2\outputs\generalization_upgrade\02_external_bias_audit\normalized_external\real\34\19258134_1986-05-13_2009.jpg,0,34/19258134_1986-05-13_2009.jpg,real,external_normalized,deepfakeface_sd15/real/34/19258134_1986-05-13_2009.jpg,0.26035794615745544,0.5181877613067627,0,freq_cnn,external_test,source_video_disjoint_v1,highpass_0.5,ffpp_validation_checkpoint,ad682adfaf8af8c993a52d42d033cc255791381fd208f7eef09a0e87344a8b6b
128,C:\Users\Rohith Syam\Documents\UTS SEMESTER 3\image processing\idea 2\outputs\generalization_upgrade\02_external_bias_audit\normalized_external\real\34\19354934_1986-10-18_2009.jpg,0,34/19354934_1986-10-18_2009.jpg,real,external_normalized,deepfakeface_sd15/real/34/19354934_1986-10-18_2009.jpg,0.3198353946208954,0.5181877613067627,0,freq_cnn,external_test,source_video_disjoint_v1,highpass_0.5,ffpp_validation_checkpoint,ad682adfaf8af8c993a52d42d033cc255791381fd208f7eef09a0e87344a8b6b
129,C:\Users\Rohith Syam\Documents\UTS SEMESTER 3\image processing\idea 2\outputs\generalization_upgrade\02_external_bias_audit\normalized_external\real\34\20500734_1950-03-30_2014.jpg,0,34/20500734_1950-03-30_2014.jpg,real,external_normalized,deepfakeface_sd15/real/34/20500734_1950-03-30_2014.jpg,0.2362118661403656,0.5181877613067627,0,freq_cnn,external_test,source_video_disjoint_v1,highpass_0.5,ffpp_validation_checkpoint,ad682adfaf8af8c993a52d42d033cc255791381fd208f7eef09a0e87344a8b6b
130,C:\Users\Rohith Syam\Documents\UTS SEMESTER 3\image processing\idea 2\outputs\generalization_upgrade\02_external_bias_audit\normalized_external\real\34\21284234_1983-06-02_2011.jpg,0,34/21284234_1983-06-02_2011.jpg,real,external_normalized,deepfakeface_sd15/real/34/21284234_1983-06-02_2011.jpg,0.3447079360485077,0.5181877613067627,0,freq_cnn,external_test,source_video_disjoint_v1,highpass_0.5,ffpp_validation_checkpoint,ad682adfaf8af8c993a52d42d033cc255791381fd208f7eef09a0e87344a8b6b
131,C:\Users\Rohith Syam\Documents\UTS SEMESTER 3\image processing\idea 2\outputs\generalization_upgrade\02_external_bias_audit\normalized_external\real\34\23945334_1979-07-30_2008.jpg,0,34/23945334_1979-07-30_2008.jpg,real,external_normalized,deepfakeface_sd15/real/34/23945334_1979-07-30_2008.jpg,0.3210902512073517,0.5181877613067627,0,freq_cnn,external_test,source_video_disjoint_v1,highpass_0.5,ffpp_validation_checkpoint,ad682adfaf8af8c993a52d42d033cc255791381fd208f7eef09a0e87344a8b6b
132,C:\Users\Rohith Syam\Documents\UTS SEMESTER 3\image processing\idea 2\outputs\generalization_upgrade\02_external_bias_audit\normalized_external\real\34\25905034_1992-04-05_2009.jpg,0,34/25905034_1992-04-05_2009.jpg,real,external_normalized,deepfakeface_sd15/real/34/25905034_1992-04-05_2009.jpg,0.3292401432991028,0.5181877613067627,0,freq_cnn,external_test,source_video_disjoint_v1,highpass_0.5,ffpp_validation_checkpoint,ad682adfaf8af8c993a52d42d033cc255791381fd208f7eef09a0e87344a8b6b
133,C:\Users\Rohith Syam\Documents\UTS SEMESTER 3\image processing\idea 2\outputs\generalization_upgrade\02_external_bias_audit\normalized_external\real\34\276834_1928-01-30_2010.jpg,0,34/276834_1928-01-30_2010.jpg,real,external_normalized,deepfakeface_sd15/real/34/276834_1928-01-30_2010.jpg,0.2412058264017105,0.5181877613067627,0,freq_cnn,external_test,source_video_disjoint_v1,highpass_0.5,ffpp_validation_checkpoint,ad682adfaf8af8c993a52d42d033cc255791381fd208f7eef09a0e87344a8b6b
134,C:\Users\Rohith Syam\Documents\UTS SEMESTER 3\image processing\idea 2\outputs\generalization_upgrade\02_external_bias_audit\normalized_external\real\34\32504534_1990-12-18_2011.jpg,0,34/32504534_1990-12-18_2011.jpg,real,external_normalized,deepfakeface_sd15/real/34/32504534_1990-12-18_2011.jpg,0.3360341787338257,0.5181877613067627,0,freq_cnn,external_test,source_video_disjoint_v1,highpass_0.5,ffpp_validation_checkpoint,ad682adfaf8af8c993a52d42d033cc255791381fd208f7eef09a0e87344a8b6b
135,C:\Users\Rohith Syam\Documents\UTS SEMESTER 3\image processing\idea 2\outputs\generalization_upgrade\02_external_bias_audit\normalized_external\real\34\32670934_1973-08-28_2013.jpg,0,34/32670934_1973-08-28_2013.jpg,real,external_normalized,deepfakeface_sd15/real/34/32670934_1973-08-28_2013.jpg,0.24195978045463562,0.5181877613067627,0,freq_cnn,external_test,source_video_disjoint_v1,highpass_0.5,ffpp_validation_checkpoint,ad682adfaf8af8c993a52d42d033cc255791381fd208f7eef09a0e87344a8b6b
136,C:\Users\Rohith Syam\Documents\UTS SEMESTER 3\image processing\idea 2\outputs\generalization_upgrade\02_external_bias_audit\normalized_external\real\34\33682634_1989-09-15_2011.jpg,0,34/33682634_1989-09-15_2011.jpg,real,external_normalized,deepfakeface_sd15/real/34/33682634_1989-09-15_2011.jpg,0.37539437413215637,0.5181877613067627,0,freq_cnn,external_test,source_video_disjoint_v1,highpass_0.5,ffpp_validation_checkpoint,ad682adfaf8af8c993a52d42d033cc255791381fd208f7eef09a0e87344a8b6b
137,C:\Users\Rohith Syam\Documents\UTS SEMESTER 3\image processing\idea 2\outputs\generalization_upgrade\02_external_bias_audit\normalized_external\real\34\36722334_1937-08-31_2005.jpg,0,34/36722334_1937-08-31_2005.jpg,real,external_normalized,deepfakeface_sd15/real/34/36722334_1937-08-31_2005.jpg,0.27450403571128845,0.5181877613067627,0,freq_cnn,external_test,source_video_disjoint_v1,highpass_0.5,ffpp_validation_checkpoint,ad682adfaf8af8c993a52d42d033cc255791381fd208f7eef09a0e87344a8b6b
138,C:\Users\Rohith Syam\Documents\UTS SEMESTER 3\image processing\idea 2\outputs\generalization_upgrade\02_external_bias_audit\normalized_external\real\34\39718934_1987-12-07_2013.jpg,0,34/39718934_1987-12-07_2013.jpg,real,external_normalized,deepfakeface_sd15/real/34/39718934_1987-12-07_2013.jpg,0.32129546999931335,0.5181877613067627,0,freq_cnn,external_test,source_video_disjoint_v1,highpass_0.5,ffpp_validation_checkpoint,ad682adfaf8af8c993a52d42d033cc255791381fd208f7eef09a0e87344a8b6b
139,C:\Users\Rohith Syam\Documents\UTS SEMESTER 3\image processing\idea 2\outputs\generalization_upgrade\02_external_bias_audit\normalized_external\real\34\398734_1932-05-04_1955.jpg,0,34/398734_1932-05-04_1955.jpg,real,external_normalized,deepfakeface_sd15/real/34/398734_1932-05-04_1955.jpg,0.37280938029289246,0.5181877613067627,0,freq_cnn,external_test,source_video_disjoint_v1,highpass_0.5,ffpp_validation_checkpoint,ad682adfaf8af8c993a52d42d033cc255791381fd208f7eef09a0e87344a8b6b
140,C:\Users\Rohith Syam\Documents\UTS SEMESTER 3\image processing\idea 2\outputs\generalization_upgrade\02_external_bias_audit\normalized_external\real\34\42708434_1996-03-11_2013.jpg,0,34/42708434_1996-03-11_2013.jpg,real,external_normalized,deepfakeface_sd15/real/34/42708434_1996-03-11_2013.jpg,0.30662301182746887,0.5181877613067627,0,freq_cnn,external_test,source_video_disjoint_v1,highpass_0.5,ffpp_validation_checkpoint,ad682adfaf8af8c993a52d42d033cc255791381fd208f7eef09a0e87344a8b6b
141,C:\Users\Rohith Syam\Documents\UTS SEMESTER 3\image processing\idea 2\outputs\generalization_upgrade\02_external_bias_audit\normalized_external\real\34\43639934_1912-04-03_2003.jpg,0,34/43639934_1912-04-03_2003.jpg,real,external_normalized,deepfakeface_sd15/real/34/43639934_1912-04-03_2003.jpg,0.36006367206573486,0.5181877613067627,0,freq_cnn,external_test,source_video_disjoint_v1,highpass_0.5,ffpp_validation_checkpoint,ad682adfaf8af8c993a52d42d033cc255791381fd208f7eef09a0e87344a8b6b
142,C:\Users\Rohith Syam\Documents\UTS SEMESTER 3\image processing\idea 2\outputs\generalization_upgrade\02_external_bias_audit\normalized_external\real\34\440034_1924-04-29_1963.jpg,0,34/440034_1924-04-29_1963.jpg,real,external_normalized,deepfakeface_sd15/real/34/440034_1924-04-29_1963.jpg,0.1898704320192337,0.5181877613067627,0,freq_cnn,external_test,source_video_disjoint_v1,highpass_0.5,ffpp_validation_checkpoint,ad682adfaf8af8c993a52d42d033cc255791381fd208f7eef09a0e87344a8b6b
143,C:\Users\Rohith Syam\Documents\UTS SEMESTER 3\image processing\idea 2\outputs\generalization_upgrade\02_external_bias_audit\normalized_external\real\34\4413434_1984-01-21_2013.jpg,0,34/4413434_1984-01-21_2013.jpg,real,external_normalized,deepfakeface_sd15/real/34/4413434_1984-01-21_2013.jpg,0.3503478467464447,0.5181877613067627,0,freq_cnn,external_test,source_video_disjoint_v1,highpass_0.5,ffpp_validation_checkpoint,ad682adfaf8af8c993a52d42d033cc255791381fd208f7eef09a0e87344a8b6b
144,C:\Users\Rohith Syam\Documents\UTS SEMESTER 3\image processing\idea 2\outputs\generalization_upgrade\02_external_bias_audit\normalized_external\real\34\4998434_1979-05-16_2005.jpg,0,34/4998434_1979-05-16_2005.jpg,real,external_normalized,deepfakeface_sd15/real/34/4998434_1979-05-16_2005.jpg,0.2939070165157318,0.5181877613067627,0,freq_cnn,external_test,source_video_disjoint_v1,highpass_0.5,ffpp_validation_checkpoint,ad682adfaf8af8c993a52d42d033cc255791381fd208f7eef09a0e87344a8b6b
145,C:\Users\Rohith Syam\Documents\UTS SEMESTER 3\image processing\idea 2\outputs\generalization_upgrade\02_external_bias_audit\normalized_external\real\34\5354734_1976-10-17_1995.jpg,0,34/5354734_1976-10-17_1995.jpg,real,external_normalized,deepfakeface_sd15/real/34/5354734_1976-10-17_1995.jpg,0.27632617950439453,0.5181877613067627,0,freq_cnn,external_test,source_video_disjoint_v1,highpass_0.5,ffpp_validation_checkpoint,ad682adfaf8af8c993a52d42d033cc255791381fd208f7eef09a0e87344a8b6b
146,C:\Users\Rohith Syam\Documents\UTS SEMESTER 3\image processing\idea 2\outputs\generalization_upgrade\02_external_bias_audit\normalized_external\real\34\603934_1963-12-04_2013.jpg,0,34/603934_1963-12-04_2013.jpg,real,external_normalized,deepfakeface_sd15/real/34/603934_1963-12-04_2013.jpg,0.23798871040344238,0.5181877613067627,0,freq_cnn,external_test,source_video_disjoint_v1,highpass_0.5,ffpp_validation_checkpoint,ad682adfaf8af8c993a52d42d033cc255791381fd208f7eef09a0e87344a8b6b
147,C:\Users\Rohith Syam\Documents\UTS SEMESTER 3\image processing\idea 2\outputs\generalization_upgrade\02_external_bias_audit\normalized_external\real\34\78834_1970-04-29_2014.jpg,0,34/78834_1970-04-29_2014.jpg,real,external_normalized,deepfakeface_sd15/real/34/78834_1970-04-29_2014.jpg,0.10185167193412781,0.5181877613067627,0,freq_cnn,external_test,source_video_disjoint_v1,highpass_0.5,ffpp_validation_checkpoint,ad682adfaf8af8c993a52d42d033cc255791381fd208f7eef09a0e87344a8b6b
148,C:\Users\Rohith Syam\Documents\UTS SEMESTER 3\image processing\idea 2\outputs\generalization_upgrade\02_external_bias_audit\normalized_external\real\34\9326434_1987-05-02_2006.jpg,0,34/9326434_1987-05-02_2006.jpg,real,external_normalized,deepfakeface_sd15/real/34/9326434_1987-05-02_2006.jpg,0.3120165467262268,0.5181877613067627,0,freq_cnn,external_test,source_video_disjoint_v1,highpass_0.5,ffpp_validation_checkpoint,ad682adfaf8af8c993a52d42d033cc255791381fd208f7eef09a0e87344a8b6b
149,C:\Users\Rohith Syam\Documents\UTS SEMESTER 3\image processing\idea 2\outputs\generalization_upgrade\02_external_bias_audit\normalized_external\real\35\10970235_1972-10-10_2010.jpg,0,35/10970235_1972-10-10_2010.jpg,real,external_normalized,deepfakeface_sd15/real/35/10970235_1972-10-10_2010.jpg,0.16198666393756866,0.5181877613067627,0,freq_cnn,external_test,source_video_disjoint_v1,highpass_0.5,ffpp_validation_checkpoint,ad682adfaf8af8c993a52d42d033cc255791381fd208f7eef09a0e87344a8b6b
150,C:\Users\Rohith Syam\Documents\UTS SEMESTER 3\image processing\idea 2\outputs\generalization_upgrade\02_external_bias_audit\normalized_external\real\35\12523735_1981-04-21_2014.jpg,0,35/12523735_1981-04-21_2014.jpg,real,external_normalized,deepfakeface_sd15/real/35/12523735_1981-04-21_2014.jpg,0.22771111130714417,0.5181877613067627,0,freq_cnn,external_test,source_video_disjoint_v1,highpass_0.5,ffpp_validation_checkpoint,ad682adfaf8af8c993a52d42d033cc255791381fd208f7eef09a0e87344a8b6b
151,C:\Users\Rohith Syam\Documents\UTS SEMESTER 3\image processing\idea 2\outputs\generalization_upgrade\02_external_bias_audit\normalized_external\real\35\1323135_1941-09-15_1966.jpg,0,35/1323135_1941-09-15_1966.jpg,real,external_normalized,deepfakeface_sd15/real/35/1323135_1941-09-15_1966.jpg,0.34116607904434204,0.5181877613067627,0,freq_cnn,external_test,source_video_disjoint_v1,highpass_0.5,ffpp_validation_checkpoint,ad682adfaf8af8c993a52d42d033cc255791381fd208f7eef09a0e87344a8b6b
152,C:\Users\Rohith Syam\Documents\UTS SEMESTER 3\image processing\idea 2\outputs\generalization_upgrade\02_external_bias_audit\normalized_external\real\35\13774535_1942-06-09_1957.jpg,0,35/13774535_1942-06-09_1957.jpg,real,external_normalized,deepfakeface_sd15/real/35/13774535_1942-06-09_1957.jpg,0.37907665967941284,0.5181877613067627,0,freq_cnn,external_test,source_video_disjoint_v1,highpass_0.5,ffpp_validation_checkpoint,ad682adfaf8af8c993a52d42d033cc255791381fd208f7eef09a0e87344a8b6b
153,C:\Users\Rohith Syam\Documents\UTS SEMESTER 3\image processing\idea 2\outputs\generalization_upgrade\02_external_bias_audit\normalized_external\real\35\14180235_1985-10-27_2015.jpg,0,35/14180235_1985-10-27_2015.jpg,real,external_normalized,deepfakeface_sd15/real/35/14180235_1985-10-27_2015.jpg,0.33869805932044983,0.5181877613067627,0,freq_cnn,external_test,source_video_disjoint_v1,highpass_0.5,ffpp_validation_checkpoint,ad682adfaf8af8c993a52d42d033cc255791381fd208f7eef09a0e87344a8b6b
154,C:\Users\Rohith Syam\Documents\UTS SEMESTER 3\image processing\idea 2\outputs\generalization_upgrade\02_external_bias_audit\normalized_external\real\35\14347235_1959-06-15_2013.jpg,0,35/14347235_1959-06-15_2013.jpg,real,external_normalized,deepfakeface_sd15/real/35/14347235_1959-06-15_2013.jpg,0.23356202244758606,0.5181877613067627,0,freq_cnn,external_test,source_video_disjoint_v1,highpass_0.5,ffpp_validation_checkpoint,ad682adfaf8af8c993a52d42d033cc255791381fd208f7eef09a0e87344a8b6b
155,C:\Users\Rohith Syam\Documents\UTS SEMESTER 3\image processing\idea 2\outputs\generalization_upgrade\02_external_bias_audit\normalized_external\real\35\1437535_1935-02-22_2010.jpg,0,35/1437535_1935-02-22_2010.jpg,real,external_normalized,deepfakeface_sd15/real/35/1437535_1935-02-22_2010.jpg,1.7783995645004325e-05,0.5181877613067627,0,freq_cnn,external_test,source_video_disjoint_v1,highpass_0.5,ffpp_validation_checkpoint,ad682adfaf8af8c993a52d42d033cc255791381fd208f7eef09a0e87344a8b6b
156,C:\Users\Rohith Syam\Documents\UTS SEMESTER 3\image processing\idea 2\outputs\generalization_upgrade\02_external_bias_audit\normalized_external\real\35\14619035_1990-02-25_2014.jpg,0,35/14619035_1990-02-25_2014.jpg,real,external_normalized,deepfakeface_sd15/real/35/14619035_1990-02-25_2014.jpg,0.15138064324855804,0.5181877613067627,0,freq_cnn,external_test,source_video_disjoint_v1,highpass_0.5,ffpp_validation_checkpoint,ad682adfaf8af8c993a52d42d033cc255791381fd208f7eef09a0e87344a8b6b
157,C:\Users\Rohith Syam\Documents\UTS SEMESTER 3\image processing\idea 2\outputs\generalization_upgrade\02_external_bias_audit\normalized_external\real\35\1566935_1953-09-11_2010.jpg,0,35/1566935_1953-09-11_2010.jpg,real,external_normalized,deepfakeface_sd15/real/35/1566935_1953-09-11_2010.jpg,0.12147611379623413,0.5181877613067627,0,freq_cnn,external_test,source_video_disjoint_v1,highpass_0.5,ffpp_validation_checkpoint,ad682adfaf8af8c993a52d42d033cc255791381fd208f7eef09a0e87344a8b6b
158,C:\Users\Rohith Syam\Documents\UTS SEMESTER 3\image processing\idea 2\outputs\generalization_upgrade\02_external_bias_audit\normalized_external\real\35\16105135_1980-04-18_2012.jpg,0,35/16105135_1980-04-18_2012.jpg,real,external_normalized,deepfakeface_sd15/real/35/16105135_1980-04-18_2012.jpg,0.32184743881225586,0.5181877613067627,0,freq_cnn,external_test,source_video_disjoint_v1,highpass_0.5,ffpp_validation_checkpoint,ad682adfaf8af8c993a52d42d033cc255791381fd208f7eef09a0e87344a8b6b
159,C:\Users\Rohith Syam\Documents\UTS SEMESTER 3\image processing\idea 2\outputs\generalization_upgrade\02_external_bias_audit\normalized_external\real\35\17974235_1973-06-13_2009.jpg,0,35/17974235_1973-06-13_2009.jpg,real,external_normalized,deepfakeface_sd15/real/35/17974235_1973-06-13_2009.jpg,0.31047219038009644,0.5181877613067627,0,freq_cnn,external_test,source_video_disjoint_v1,highpass_0.5,ffpp_validation_checkpoint,ad682adfaf8af8c993a52d42d033cc255791381fd208f7eef09a0e87344a8b6b
160,C:\Users\Rohith Syam\Documents\UTS SEMESTER 3\image processing\idea 2\outputs\generalization_upgrade\02_external_bias_audit\normalized_external\real\35\18933035_1982-08-26_2012.jpg,0,35/18933035_1982-08-26_2012.jpg,real,external_normalized,deepfakeface_sd15/real/35/18933035_1982-08-26_2012.jpg,0.335466593503952,0.5181877613067627,0,freq_cnn,external_test,source_video_disjoint_v1,highpass_0.5,ffpp_validation_checkpoint,ad682adfaf8af8c993a52d42d033cc255791381fd208f7eef09a0e87344a8b6b
161,C:\Users\Rohith Syam\Documents\UTS SEMESTER 3\image processing\idea 2\outputs\generalization_upgrade\02_external_bias_audit\normalized_external\real\35\19966435_1968-04-03_2012.jpg,0,35/19966435_1968-04-03_2012.jpg,real,external_normalized,deepfakeface_sd15/real/35/19966435_1968-04-03_2012.jpg,0.2956272065639496,0.5181877613067627,0,freq_cnn,external_test,source_video_disjoint_v1,highpass_0.5,ffpp_validation_checkpoint,ad682adfaf8af8c993a52d42d033cc255791381fd208f7eef09a0e87344a8b6b
162,C:\Users\Rohith Syam\Documents\UTS SEMESTER 3\image processing\idea 2\outputs\generalization_upgrade\02_external_bias_audit\normalized_external\real\35\2357835_1982-06-16_2014.jpg,0,35/2357835_1982-06-16_2014.jpg,real,external_normalized,deepfakeface_sd15/real/35/2357835_1982-06-16_2014.jpg,0.21277686953544617,0.5181877613067627,0,freq_cnn,external_test,source_video_disjoint_v1,highpass_0.5,ffpp_validation_checkpoint,ad682adfaf8af8c993a52d42d033cc255791381fd208f7eef09a0e87344a8b6b
163,C:\Users\Rohith Syam\Documents\UTS SEMESTER 3\image processing\idea 2\outputs\generalization_upgrade\02_external_bias_audit\normalized_external\real\35\2663135_1941-03-20_2008.jpg,0,35/2663135_1941-03-20_2008.jpg,real,external_normalized,deepfakeface_sd15/real/35/2663135_1941-03-20_2008.jpg,0.3044629395008087,0.5181877613067627,0,freq_cnn,external_test,source_video_disjoint_v1,highpass_0.5,ffpp_validation_checkpoint,ad682adfaf8af8c993a52d42d033cc255791381fd208f7eef09a0e87344a8b6b
164,C:\Users\Rohith Syam\Documents\UTS SEMESTER 3\image processing\idea 2\outputs\generalization_upgrade\02_external_bias_audit\normalized_external\real\35\2667535_1937-12-16_1985.jpg,0,35/2667535_1937-12-16_1985.jpg,real,external_normalized,deepfakeface_sd15/real/35/2667535_1937-12-16_1985.jpg,0.26480138301849365,0.5181877613067627,0,freq_cnn,external_test,source_video_disjoint_v1,highpass_0.5,ffpp_validation_checkpoint,ad682adfaf8af8c993a52d42d033cc255791381fd208f7eef09a0e87344a8b6b
165,C:\Users\Rohith Syam\Documents\UTS SEMESTER 3\image processing\idea 2\outputs\generalization_upgrade\02_external_bias_audit\normalized_external\real\35\28265335_1988-06-22_2013.jpg,0,35/28265335_1988-06-22_2013.jpg,real,external_normalized,deepfakeface_sd15/real/35/28265335_1988-06-22_2013.jpg,0.1933891475200653,0.5181877613067627,0,freq_cnn,external_test,source_video_disjoint_v1,highpass_0.5,ffpp_validation_checkpoint,ad682adfaf8af8c993a52d42d033cc255791381fd208f7eef09a0e87344a8b6b
166,C:\Users\Rohith Syam\Documents\UTS SEMESTER 3\image processing\idea 2\outputs\generalization_upgrade\02_external_bias_audit\normalized_external\real\35\30385335_1991-08-22_2011.jpg,0,35/30385335_1991-08-22_2011.jpg,real,external_normalized,deepfakeface_sd15/real/35/30385335_1991-08-22_2011.jpg,0.33835041522979736,0.5181877613067627,0,freq_cnn,external_test,source_video_disjoint_v1,highpass_0.5,ffpp_validation_checkpoint,ad682adfaf8af8c993a52d42d033cc255791381fd208f7eef09a0e87344a8b6b
167,C:\Users\Rohith Syam\Documents\UTS SEMESTER 3\image processing\idea 2\outputs\generalization_upgrade\02_external_bias_audit\normalized_external\real\35\3110335_1948-04-03_2012.jpg,0,35/3110335_1948-04-03_2012.jpg,real,external_normalized,deepfakeface_sd15/real/35/3110335_1948-04-03_2012.jpg,0.24717240035533905,0.5181877613067627,0,freq_cnn,external_test,source_video_disjoint_v1,highpass_0.5,ffpp_validation_checkpoint,ad682adfaf8af8c993a52d42d033cc255791381fd208f7eef09a0e87344a8b6b
168,C:\Users\Rohith Syam\Documents\UTS SEMESTER 3\image processing\idea 2\outputs\generalization_upgrade\02_external_bias_audit\normalized_external\real\35\31663335_1976-06-05_2013.jpg,0,35/31663335_1976-06-05_2013.jpg,real,external_normalized,deepfakeface_sd15/real/35/31663335_1976-06-05_2013.jpg,0.2614331841468811,0.5181877613067627,0,freq_cnn,external_test,source_video_disjoint_v1,highpass_0.5,ffpp_validation_checkpoint,ad682adfaf8af8c993a52d42d033cc255791381fd208f7eef09a0e87344a8b6b
169,C:\Users\Rohith Syam\Documents\UTS SEMESTER 3\image processing\idea 2\outputs\generalization_upgrade\02_external_bias_audit\normalized_external\real\35\32471435_1932-05-10_1959.jpg,0,35/32471435_1932-05-10_1959.jpg,real,external_normalized,deepfakeface_sd15/real/35/32471435_1932-05-10_1959.jpg,0.26414215564727783,0.5181877613067627,0,freq_cnn,external_test,source_video_disjoint_v1,highpass_0.5,ffpp_validation_checkpoint,ad682adfaf8af8c993a52d42d033cc255791381fd208f7eef09a0e87344a8b6b
170,C:\Users\Rohith Syam\Documents\UTS SEMESTER 3\image processing\idea 2\outputs\generalization_upgrade\02_external_bias_audit\normalized_external\real\35\33199835_1985-06-12_2011.jpg,0,35/33199835_1985-06-12_2011.jpg,real,external_normalized,deepfakeface_sd15/real/35/33199835_1985-06-12_2011.jpg,0.3634174168109894,0.5181877613067627,0,freq_cnn,external_test,source_video_disjoint_v1,highpass_0.5,ffpp_validation_checkpoint,ad682adfaf8af8c993a52d42d033cc255791381fd208f7eef09a0e87344a8b6b
171,C:\Users\Rohith Syam\Documents\UTS SEMESTER 3\image processing\idea 2\outputs\generalization_upgrade\02_external_bias_audit\normalized_external\real\35\3338735_1981-11-16_2013.jpg,0,35/3338735_1981-11-16_2013.jpg,real,external_normalized,deepfakeface_sd15/real/35/3338735_1981-11-16_2013.jpg,0.22458359599113464,0.5181877613067627,0,freq_cnn,external_test,source_video_disjoint_v1,highpass_0.5,ffpp_validation_checkpoint,ad682adfaf8af8c993a52d42d033cc255791381fd208f7eef09a0e87344a8b6b
172,C:\Users\Rohith Syam\Documents\UTS SEMESTER 3\image processing\idea 2\outputs\generalization_upgrade\02_external_bias_audit\normalized_external\real\35\34163535_1988-04-03_2011.jpg,0,35/34163535_1988-04-03_2011.jpg,real,external_normalized,deepfakeface_sd15/real/35/34163535_1988-04-03_2011.jpg,0.325334370136261,0.5181877613067627,0,freq_cnn,external_test,source_video_disjoint_v1,highpass_0.5,ffpp_validation_checkpoint,ad682adfaf8af8c993a52d42d033cc255791381fd208f7eef09a0e87344a8b6b
173,C:\Users\Rohith Syam\Documents\UTS SEMESTER 3\image processing\idea 2\outputs\generalization_upgrade\02_external_bias_audit\normalized_external\real\35\36702535_1992-07-04_2012.jpg,0,35/36702535_1992-07-04_2012.jpg,real,external_normalized,deepfakeface_sd15/real/35/36702535_1992-07-04_2012.jpg,0.36189958453178406,0.5181877613067627,0,freq_cnn,external_test,source_video_disjoint_v1,highpass_0.5,ffpp_validation_checkpoint,ad682adfaf8af8c993a52d42d033cc255791381fd208f7eef09a0e87344a8b6b
174,C:\Users\Rohith Syam\Documents\UTS SEMESTER 3\image processing\idea 2\outputs\generalization_upgrade\02_external_bias_audit\normalized_external\real\35\4943835_1891-09-22_1968.jpg,0,35/4943835_1891-09-22_1968.jpg,real,external_normalized,deepfakeface_sd15/real/35/4943835_1891-09-22_1968.jpg,0.33282142877578735,0.5181877613067627,0,freq_cnn,external_test,source_video_disjoint_v1,highpass_0.5,ffpp_validation_checkpoint,ad682adfaf8af8c993a52d42d033cc255791381fd208f7eef09a0e87344a8b6b
175,C:\Users\Rohith Syam\Documents\UTS SEMESTER 3\image processing\idea 2\outputs\generalization_upgrade\02_external_bias_audit\normalized_external\real\35\6232035_1987-09-07_2013.jpg,0,35/6232035_1987-09-07_2013.jpg,real,external_normalized,deepfakeface_sd15/real/35/6232035_1987-09-07_2013.jpg,0.32226523756980896,0.5181877613067627,0,freq_cnn,external_test,source_video_disjoint_v1,highpass_0.5,ffpp_validation_checkpoint,ad682adfaf8af8c993a52d42d033cc255791381fd208f7eef09a0e87344a8b6b
176,C:\Users\Rohith Syam\Documents\UTS SEMESTER 3\image processing\idea 2\outputs\generalization_upgrade\02_external_bias_audit\normalized_external\real\35\89835_1951-04-07_1981.jpg,0,35/89835_1951-04-07_1981.jpg,real,external_normalized,deepfakeface_sd15/real/35/89835_1951-04-07_1981.jpg,0.28157839179039,0.5181877613067627,0,freq_cnn,external_test,source_video_disjoint_v1,highpass_0.5,ffpp_validation_checkpoint,ad682adfaf8af8c993a52d42d033cc255791381fd208f7eef09a0e87344a8b6b
177,C:\Users\Rohith Syam\Documents\UTS SEMESTER 3\image processing\idea 2\outputs\generalization_upgrade\02_external_bias_audit\normalized_external\real\55\10095655_1985-07-10_2012.jpg,0,55/10095655_1985-07-10_2012.jpg,real,external_normalized,deepfakeface_sd15/real/55/10095655_1985-07-10_2012.jpg,0.32027900218963623,0.5181877613067627,0,freq_cnn,external_test,source_video_disjoint_v1,highpass_0.5,ffpp_validation_checkpoint,ad682adfaf8af8c993a52d42d033cc255791381fd208f7eef09a0e87344a8b6b
178,C:\Users\Rohith Syam\Documents\UTS SEMESTER 3\image processing\idea 2\outputs\generalization_upgrade\02_external_bias_audit\normalized_external\real\55\10486955_1937-11-18_1975.jpg,0,55/10486955_1937-11-18_1975.jpg,real,external_normalized,deepfakeface_sd15/real/55/10486955_1937-11-18_1975.jpg,0.29357603192329407,0.5181877613067627,0,freq_cnn,external_test,source_video_disjoint_v1,highpass_0.5,ffpp_validation_checkpoint,ad682adfaf8af8c993a52d42d033cc255791381fd208f7eef09a0e87344a8b6b
179,C:\Users\Rohith Syam\Documents\UTS SEMESTER 3\image processing\idea 2\outputs\generalization_upgrade\02_external_bias_audit\normalized_external\real\55\1196855_1923-06-24_2009.jpg,0,55/1196855_1923-06-24_2009.jpg,real,external_normalized,deepfakeface_sd15/real/55/1196855_1923-06-24_2009.jpg,0.2595665454864502,0.5181877613067627,0,freq_cnn,external_test,source_video_disjoint_v1,highpass_0.5,ffpp_validation_checkpoint,ad682adfaf8af8c993a52d42d033cc255791381fd208f7eef09a0e87344a8b6b
180,C:\Users\Rohith Syam\Documents\UTS SEMESTER 3\image processing\idea 2\outputs\generalization_upgrade\02_external_bias_audit\normalized_external\real\55\12428755_1982-12-09_2012.jpg,0,55/12428755_1982-12-09_2012.jpg,real,external_normalized,deepfakeface_sd15/real/55/12428755_1982-12-09_2012.jpg,0.3398175835609436,0.5181877613067627,0,freq_cnn,external_test,source_video_disjoint_v1,highpass_0.5,ffpp_validation_checkpoint,ad682adfaf8af8c993a52d42d033cc255791381fd208f7eef09a0e87344a8b6b
181,C:\Users\Rohith Syam\Documents\UTS SEMESTER 3\image processing\idea 2\outputs\generalization_upgrade\02_external_bias_audit\normalized_external\real\55\1349055_1974-02-24_2009.jpg,0,55/1349055_1974-02-24_2009.jpg,real,external_normalized,deepfakeface_sd15/real/55/1349055_1974-02-24_2009.jpg,0.3448563814163208,0.5181877613067627,0,freq_cnn,external_test,source_video_disjoint_v1,highpass_0.5,ffpp_validation_checkpoint,ad682adfaf8af8c993a52d42d033cc255791381fd208f7eef09a0e87344a8b6b
182,C:\Users\Rohith Syam\Documents\UTS SEMESTER 3\image processing\idea 2\outputs\generalization_upgrade\02_external_bias_audit\normalized_external\real\55\14640255_1980-09-24_2006.jpg,0,55/14640255_1980-09-24_2006.jpg,real,external_normalized,deepfakeface_sd15/real/55/14640255_1980-09-24_2006.jpg,0.29424601793289185,0.5181877613067627,0,freq_cnn,external_test,source_video_disjoint_v1,highpass_0.5,ffpp_validation_checkpoint,ad682adfaf8af8c993a52d42d033cc255791381fd208f7eef09a0e87344a8b6b
183,C:\Users\Rohith Syam\Documents\UTS SEMESTER 3\image processing\idea 2\outputs\generalization_upgrade\02_external_bias_audit\normalized_external\real\55\14904555_1915-05-08_1941.jpg,0,55/14904555_1915-05-08_1941.jpg,real,external_normalized,deepfakeface_sd15/real/55/14904555_1915-05-08_1941.jpg,0.3088255524635315,0.5181877613067627,0,freq_cnn,external_test,source_video_disjoint_v1,highpass_0.5,ffpp_validation_checkpoint,ad682adfaf8af8c993a52d42d033cc255791381fd208f7eef09a0e87344a8b6b
184,C:\Users\Rohith Syam\Documents\UTS SEMESTER 3\image processing\idea 2\outputs\generalization_upgrade\02_external_bias_audit\normalized_external\real\55\15890555_1987-12-03_2014.jpg,0,55/15890555_1987-12-03_2014.jpg,real,external_normalized,deepfakeface_sd15/real/55/15890555_1987-12-03_2014.jpg,0.3065566420555115,0.5181877613067627,0,freq_cnn,external_test,source_video_disjoint_v1,highpass_0.5,ffpp_validation_checkpoint,ad682adfaf8af8c993a52d42d033cc255791381fd208f7eef09a0e87344a8b6b
185,C:\Users\Rohith Syam\Documents\UTS SEMESTER 3\image processing\idea 2\outputs\generalization_upgrade\02_external_bias_audit\normalized_external\real\55\1941155_1993-07-26_2010.jpg,0,55/1941155_1993-07-26_2010.jpg,real,external_normalized,deepfakeface_sd15/real/55/1941155_1993-07-26_2010.jpg,0.30599766969680786,0.5181877613067627,0,freq_cnn,external_test,source_video_disjoint_v1,highpass_0.5,ffpp_validation_checkpoint,ad682adfaf8af8c993a52d42d033cc255791381fd208f7eef09a0e87344a8b6b
186,C:\Users\Rohith Syam\Documents\UTS SEMESTER 3\image processing\idea 2\outputs\generalization_upgrade\02_external_bias_audit\normalized_external\real\55\20025755_1979-03-10_2009.jpg,0,55/20025755_1979-03-10_2009.jpg,real,external_normalized,deepfakeface_sd15/real/55/20025755_1979-03-10_2009.jpg,0.2925933301448822,0.5181877613067627,0,freq_cnn,external_test,source_video_disjoint_v1,highpass_0.5,ffpp_validation_checkpoint,ad682adfaf8af8c993a52d42d033cc255791381fd208f7eef09a0e87344a8b6b
187,C:\Users\Rohith Syam\Documents\UTS SEMESTER 3\image processing\idea 2\outputs\generalization_upgrade\02_external_bias_audit\normalized_external\real\55\2538755_1933-07-01_1979.jpg,0,55/2538755_1933-07-01_1979.jpg,real,external_normalized,deepfakeface_sd15/real/55/2538755_1933-07-01_1979.jpg,0.2481096237897873,0.5181877613067627,0,freq_cnn,external_test,source_video_disjoint_v1,highpass_0.5,ffpp_validation_checkpoint,ad682adfaf8af8c993a52d42d033cc255791381fd208f7eef09a0e87344a8b6b
188,C:\Users\Rohith Syam\Documents\UTS SEMESTER 3\image processing\idea 2\outputs\generalization_upgrade\02_external_bias_audit\normalized_external\real\55\27599355_1985-04-07_2007.jpg,0,55/27599355_1985-04-07_2007.jpg,real,external_normalized,deepfakeface_sd15/real/55/27599355_1985-04-07_2007.jpg,0.36671626567840576,0.5181877613067627,0,freq_cnn,external_test,source_video_disjoint_v1,highpass_0.5,ffpp_validation_checkpoint,ad682adfaf8af8c993a52d42d033cc255791381fd208f7eef09a0e87344a8b6b
189,C:\Users\Rohith Syam\Documents\UTS SEMESTER 3\image processing\idea 2\outputs\generalization_upgrade\02_external_bias_audit\normalized_external\real\55\2894455_1947-09-13_2009.jpg,0,55/2894455_1947-09-13_2009.jpg,real,external_normalized,deepfakeface_sd15/real/55/2894455_1947-09-13_2009.jpg,0.2522384524345398,0.5181877613067627,0,freq_cnn,external_test,source_video_disjoint_v1,highpass_0.5,ffpp_validation_checkpoint,ad682adfaf8af8c993a52d42d033cc255791381fd208f7eef09a0e87344a8b6b
190,C:\Users\Rohith Syam\Documents\UTS SEMESTER 3\image processing\idea 2\outputs\generalization_upgrade\02_external_bias_audit\normalized_external\real\55\295555_1950-07-15_2012.jpg,0,55/295555_1950-07-15_2012.jpg,real,external_normalized,deepfakeface_sd15/real/55/295555_1950-07-15_2012.jpg,0.13189947605133057,0.5181877613067627,0,freq_cnn,external_test,source_video_disjoint_v1,highpass_0.5,ffpp_validation_checkpoint,ad682adfaf8af8c993a52d42d033cc255791381fd208f7eef09a0e87344a8b6b
191,C:\Users\Rohith Syam\Documents\UTS SEMESTER 3\image processing\idea 2\outputs\generalization_upgrade\02_external_bias_audit\normalized_external\real\55\2979255_1982-08-30_2012.jpg,0,55/2979255_1982-08-30_2012.jpg,real,external_normalized,deepfakeface_sd15/real/55/2979255_1982-08-30_2012.jpg,0.19629931449890137,0.5181877613067627,0,freq_cnn,external_test,source_video_disjoint_v1,highpass_0.5,ffpp_validation_checkpoint,ad682adfaf8af8c993a52d42d033cc255791381fd208f7eef09a0e87344a8b6b
192,C:\Users\Rohith Syam\Documents\UTS SEMESTER 3\image processing\idea 2\outputs\generalization_upgrade\02_external_bias_audit\normalized_external\real\55\30781355_1963-07-29_2015.jpg,0,55/30781355_1963-07-29_2015.jpg,real,external_normalized,deepfakeface_sd15/real/55/30781355_1963-07-29_2015.jpg,0.3573090136051178,0.5181877613067627,0,freq_cnn,external_test,source_video_disjoint_v1,highpass_0.5,ffpp_validation_checkpoint,ad682adfaf8af8c993a52d42d033cc255791381fd208f7eef09a0e87344a8b6b
193,C:\Users\Rohith Syam\Documents\UTS SEMESTER 3\image processing\idea 2\outputs\generalization_upgrade\02_external_bias_audit\normalized_external\real\55\31689055_1988-03-014_2013.jpg,0,55/31689055_1988-03-014_2013.jpg,real,external_normalized,deepfakeface_sd15/real/55/31689055_1988-03-014_2013.jpg,0.34351688623428345,0.5181877613067627,0,freq_cnn,external_test,source_video_disjoint_v1,highpass_0.5,ffpp_validation_checkpoint,ad682adfaf8af8c993a52d42d033cc255791381fd208f7eef09a0e87344a8b6b
194,C:\Users\Rohith Syam\Documents\UTS SEMESTER 3\image processing\idea 2\outputs\generalization_upgrade\02_external_bias_audit\normalized_external\real\55\3523055_1984-05-01_2014.jpg,0,55/3523055_1984-05-01_2014.jpg,real,external_normalized,deepfakeface_sd15/real/55/3523055_1984-05-01_2014.jpg,0.3233259916305542,0.5181877613067627,0,freq_cnn,external_test,source_video_disjoint_v1,highpass_0.5,ffpp_validation_checkpoint,ad682adfaf8af8c993a52d42d033cc255791381fd208f7eef09a0e87344a8b6b
195,C:\Users\Rohith Syam\Documents\UTS SEMESTER 3\image processing\idea 2\outputs\generalization_upgrade\02_external_bias_audit\normalized_external\real\55\3566855_1977-08-09_2010.jpg,0,55/3566855_1977-08-09_2010.jpg,real,external_normalized,deepfakeface_sd15/real/55/3566855_1977-08-09_2010.jpg,0.31764885783195496,0.5181877613067627,0,freq_cnn,external_test,source_video_disjoint_v1,highpass_0.5,ffpp_validation_checkpoint,ad682adfaf8af8c993a52d42d033cc255791381fd208f7eef09a0e87344a8b6b
196,C:\Users\Rohith Syam\Documents\UTS SEMESTER 3\image processing\idea 2\outputs\generalization_upgrade\02_external_bias_audit\normalized_external\real\55\36326355_1990-10-27_2014.jpg,0,55/36326355_1990-10-27_2014.jpg,real,external_normalized,deepfakeface_sd15/real/55/36326355_1990-10-27_2014.jpg,0.17535191774368286,0.5181877613067627,0,freq_cnn,external_test,source_video_disjoint_v1,highpass_0.5,ffpp_validation_checkpoint,ad682adfaf8af8c993a52d42d033cc255791381fd208f7eef09a0e87344a8b6b
197,C:\Users\Rohith Syam\Documents\UTS SEMESTER 3\image processing\idea 2\outputs\generalization_upgrade\02_external_bias_audit\normalized_external\real\55\38909755_1989-02-21_2013.jpg,0,55/38909755_1989-02-21_2013.jpg,real,external_normalized,deepfakeface_sd15/real/55/38909755_1989-02-21_2013.jpg,0.3828516900539398,0.5181877613067627,0,freq_cnn,external_test,source_video_disjoint_v1,highpass_0.5,ffpp_validation_checkpoint,ad682adfaf8af8c993a52d42d033cc255791381fd208f7eef09a0e87344a8b6b
198,C:\Users\Rohith Syam\Documents\UTS SEMESTER 3\image processing\idea 2\outputs\generalization_upgrade\02_external_bias_audit\normalized_external\real\55\39790655_2013-07-22_2014.jpg,0,55/39790655_2013-07-22_2014.jpg,real,external_normalized,deepfakeface_sd15/real/55/39790655_2013-07-22_2014.jpg,0.3445523679256439,0.5181877613067627,0,freq_cnn,external_test,source_video_disjoint_v1,highpass_0.5,ffpp_validation_checkpoint,ad682adfaf8af8c993a52d42d033cc255791381fd208f7eef09a0e87344a8b6b
199,C:\Users\Rohith Syam\Documents\UTS SEMESTER 3\image processing\idea 2\outputs\generalization_upgrade\02_external_bias_audit\normalized_external\real\55\42718155_1946-01-25_2006.jpg,0,55/42718155_1946-01-25_2006.jpg,real,external_normalized,deepfakeface_sd15/real/55/42718155_1946-01-25_2006.jpg,0.3017922341823578,0.5181877613067627,0,freq_cnn,external_test,source_video_disjoint_v1,highpass_0.5,ffpp_validation_checkpoint,ad682adfaf8af8c993a52d42d033cc255791381fd208f7eef09a0e87344a8b6b
200,C:\Users\Rohith Syam\Documents\UTS SEMESTER 3\image processing\idea 2\outputs\generalization_upgrade\02_external_bias_audit\normalized_external\real\55\43284855_1980-08-11_2012.jpg,0,55/43284855_1980-08-11_2012.jpg,real,external_normalized,deepfakeface_sd15/real/55/43284855_1980-08-11_2012.jpg,0.2997478246688843,0.5181877613067627,0,freq_cnn,external_test,source_video_disjoint_v1,highpass_0.5,ffpp_validation_checkpoint,ad682adfaf8af8c993a52d42d033cc255791381fd208f7eef09a0e87344a8b6b
201,C:\Users\Rohith Syam\Documents\UTS SEMESTER 3\image processing\idea 2\outputs\generalization_upgrade\02_external_bias_audit\normalized_external\real\55\45263455_1979-05-12_2015.jpg,0,55/45263455_1979-05-12_2015.jpg,real,external_normalized,deepfakeface_sd15/real/55/45263455_1979-05-12_2015.jpg,0.3276168406009674,0.5181877613067627,0,freq_cnn,external_test,source_video_disjoint_v1,highpass_0.5,ffpp_validation_checkpoint,ad682adfaf8af8c993a52d42d033cc255791381fd208f7eef09a0e87344a8b6b
202,C:\Users\Rohith Syam\Documents\UTS SEMESTER 3\image processing\idea 2\outputs\generalization_upgrade\02_external_bias_audit\normalized_external\real\55\46238055_1947-10-19_1980.jpg,0,55/46238055_1947-10-19_1980.jpg,real,external_normalized,deepfakeface_sd15/real/55/46238055_1947-10-19_1980.jpg,0.2695847153663635,0.5181877613067627,0,freq_cnn,external_test,source_video_disjoint_v1,highpass_0.5,ffpp_validation_checkpoint,ad682adfaf8af8c993a52d42d033cc255791381fd208f7eef09a0e87344a8b6b
203,C:\Users\Rohith Syam\Documents\UTS SEMESTER 3\image processing\idea 2\outputs\generalization_upgrade\02_external_bias_audit\normalized_external\real\55\72655_1975-10-12_2004.jpg,0,55/72655_1975-10-12_2004.jpg,real,external_normalized,deepfakeface_sd15/real/55/72655_1975-10-12_2004.jpg,0.339325487613678,0.5181877613067627,0,freq_cnn,external_test,source_video_disjoint_v1,highpass_0.5,ffpp_validation_checkpoint,ad682adfaf8af8c993a52d42d033cc255791381fd208f7eef09a0e87344a8b6b
204,C:\Users\Rohith Syam\Documents\UTS SEMESTER 3\image processing\idea 2\outputs\generalization_upgrade\02_external_bias_audit\normalized_external\real\55\870155_1962-12-01_2010.jpg,0,55/870155_1962-12-01_2010.jpg,real,external_normalized,deepfakeface_sd15/real/55/870155_1962-12-01_2010.jpg,0.15389639139175415,0.5181877613067627,0,freq_cnn,external_test,source_video_disjoint_v1,highpass_0.5,ffpp_validation_checkpoint,ad682adfaf8af8c993a52d42d033cc255791381fd208f7eef09a0e87344a8b6b
205,C:\Users\Rohith Syam\Documents\UTS SEMESTER 3\image processing\idea 2\outputs\generalization_upgrade\02_external_bias_audit\normalized_external\real\69\41427969_1939-03-30_1972.jpg,0,69/41427969_1939-03-30_1972.jpg,real,external_normalized,deepfakeface_sd15/real/69/41427969_1939-03-30_1972.jpg,0.3649912178516388,0.5181877613067627,0,freq_cnn,external_test,source_video_disjoint_v1,highpass_0.5,ffpp_validation_checkpoint,ad682adfaf8af8c993a52d42d033cc255791381fd208f7eef09a0e87344a8b6b
206,C:\Users\Rohith Syam\Documents\UTS SEMESTER 3\image processing\idea 2\outputs\generalization_upgrade\02_external_bias_audit\normalized_external\real\71\12738371_1985-05-25_2015.jpg,0,71/12738371_1985-05-25_2015.jpg,real,external_normalized,deepfakeface_sd15/real/71/12738371_1985-05-25_2015.jpg,0.31758803129196167,0.5181877613067627,0,freq_cnn,external_test,source_video_disjoint_v1,highpass_0.5,ffpp_validation_checkpoint,ad682adfaf8af8c993a52d42d033cc255791381fd208f7eef09a0e87344a8b6b
207,C:\Users\Rohith Syam\Documents\UTS SEMESTER 3\image processing\idea 2\outputs\generalization_upgrade\02_external_bias_audit\normalized_external\real\71\14220271_1972-11-30_2008.jpg,0,71/14220271_1972-11-30_2008.jpg,real,external_normalized,deepfakeface_sd15/real/71/14220271_1972-11-30_2008.jpg,0.325472891330719,0.5181877613067627,0,freq_cnn,external_test,source_video_disjoint_v1,highpass_0.5,ffpp_validation_checkpoint,ad682adfaf8af8c993a52d42d033cc255791381fd208f7eef09a0e87344a8b6b
208,C:\Users\Rohith Syam\Documents\UTS SEMESTER 3\image processing\idea 2\outputs\generalization_upgrade\02_external_bias_audit\normalized_external\real\71\165871_1942-09-30_1950.jpg,0,71/165871_1942-09-30_1950.jpg,real,external_normalized,deepfakeface_sd15/real/71/165871_1942-09-30_1950.jpg,0.3120618760585785,0.5181877613067627,0,freq_cnn,external_test,source_video_disjoint_v1,highpass_0.5,ffpp_validation_checkpoint,ad682adfaf8af8c993a52d42d033cc255791381fd208f7eef09a0e87344a8b6b
209,C:\Users\Rohith Syam\Documents\UTS SEMESTER 3\image processing\idea 2\outputs\generalization_upgrade\02_external_bias_audit\normalized_external\real\71\17112571_1992-02-27_2012.jpg,0,71/17112571_1992-02-27_2012.jpg,real,external_normalized,deepfakeface_sd15/real/71/17112571_1992-02-27_2012.jpg,0.26596900820732117,0.5181877613067627,0,freq_cnn,external_test,source_video_disjoint_v1,highpass_0.5,ffpp_validation_checkpoint,ad682adfaf8af8c993a52d42d033cc255791381fd208f7eef09a0e87344a8b6b
210,C:\Users\Rohith Syam\Documents\UTS SEMESTER 3\image processing\idea 2\outputs\generalization_upgrade\02_external_bias_audit\normalized_external\real\71\1854071_1958-08-14_1991.jpg,0,71/1854071_1958-08-14_1991.jpg,real,external_normalized,deepfakeface_sd15/real/71/1854071_1958-08-14_1991.jpg,0.33085688948631287,0.5181877613067627,0,freq_cnn,external_test,source_video_disjoint_v1,highpass_0.5,ffpp_validation_checkpoint,ad682adfaf8af8c993a52d42d033cc255791381fd208f7eef09a0e87344a8b6b
211,C:\Users\Rohith Syam\Documents\UTS SEMESTER 3\image processing\idea 2\outputs\generalization_upgrade\02_external_bias_audit\normalized_external\real\71\18720671_1986-06-23_2012.jpg,0,71/18720671_1986-06-23_2012.jpg,real,external_normalized,deepfakeface_sd15/real/71/18720671_1986-06-23_2012.jpg,0.3642759621143341,0.5181877613067627,0,freq_cnn,external_test,source_video_disjoint_v1,highpass_0.5,ffpp_validation_checkpoint,ad682adfaf8af8c993a52d42d033cc255791381fd208f7eef09a0e87344a8b6b
212,C:\Users\Rohith Syam\Documents\UTS SEMESTER 3\image processing\idea 2\outputs\generalization_upgrade\02_external_bias_audit\normalized_external\real\71\19476171_1989-08-02_2014.jpg,0,71/19476171_1989-08-02_2014.jpg,real,external_normalized,deepfakeface_sd15/real/71/19476171_1989-08-02_2014.jpg,0.3343897759914398,0.5181877613067627,0,freq_cnn,external_test,source_video_disjoint_v1,highpass_0.5,ffpp_validation_checkpoint,ad682adfaf8af8c993a52d42d033cc255791381fd208f7eef09a0e87344a8b6b
213,C:\Users\Rohith Syam\Documents\UTS SEMESTER 3\image processing\idea 2\outputs\generalization_upgrade\02_external_bias_audit\normalized_external\real\71\23399171_1991-05-22_2009.jpg,0,71/23399171_1991-05-22_2009.jpg,real,external_normalized,deepfakeface_sd15/real/71/23399171_1991-05-22_2009.jpg,0.25811001658439636,0.5181877613067627,0,freq_cnn,external_test,source_video_disjoint_v1,highpass_0.5,ffpp_validation_checkpoint,ad682adfaf8af8c993a52d42d033cc255791381fd208f7eef09a0e87344a8b6b
214,C:\Users\Rohith Syam\Documents\UTS SEMESTER 3\image processing\idea 2\outputs\generalization_upgrade\02_external_bias_audit\normalized_external\real\71\2492371_1942-11-06_1965.jpg,0,71/2492371_1942-11-06_1965.jpg,real,external_normalized,deepfakeface_sd15/real/71/2492371_1942-11-06_1965.jpg,0.13428251445293427,0.5181877613067627,0,freq_cnn,external_test,source_video_disjoint_v1,highpass_0.5,ffpp_validation_checkpoint,ad682adfaf8af8c993a52d42d033cc255791381fd208f7eef09a0e87344a8b6b
215,C:\Users\Rohith Syam\Documents\UTS SEMESTER 3\image processing\idea 2\outputs\generalization_upgrade\02_external_bias_audit\normalized_external\real\71\25422271_1990-09-11_2014.jpg,0,71/25422271_1990-09-11_2014.jpg,real,external_normalized,deepfakeface_sd15/real/71/25422271_1990-09-11_2014.jpg,0.34091269969940186,0.5181877613067627,0,freq_cnn,external_test,source_video_disjoint_v1,highpass_0.5,ffpp_validation_checkpoint,ad682adfaf8af8c993a52d42d033cc255791381fd208f7eef09a0e87344a8b6b
216,C:\Users\Rohith Syam\Documents\UTS SEMESTER 3\image processing\idea 2\outputs\generalization_upgrade\02_external_bias_audit\normalized_external\real\71\27164771_1990-09-17_2009.jpg,0,71/27164771_1990-09-17_2009.jpg,real,external_normalized,deepfakeface_sd15/real/71/27164771_1990-09-17_2009.jpg,0.3077179789543152,0.5181877613067627,0,freq_cnn,external_test,source_video_disjoint_v1,highpass_0.5,ffpp_validation_checkpoint,ad682adfaf8af8c993a52d42d033cc255791381fd208f7eef09a0e87344a8b6b
217,C:\Users\Rohith Syam\Documents\UTS SEMESTER 3\image processing\idea 2\outputs\generalization_upgrade\02_external_bias_audit\normalized_external\real\71\27987171_1987-05-10_2013.jpg,0,71/27987171_1987-05-10_2013.jpg,real,external_normalized,deepfakeface_sd15/real/71/27987171_1987-05-10_2013.jpg,0.27309197187423706,0.5181877613067627,0,freq_cnn,external_test,source_video_disjoint_v1,highpass_0.5,ffpp_validation_checkpoint,ad682adfaf8af8c993a52d42d033cc255791381fd208f7eef09a0e87344a8b6b
218,C:\Users\Rohith Syam\Documents\UTS SEMESTER 3\image processing\idea 2\outputs\generalization_upgrade\02_external_bias_audit\normalized_external\real\71\29084271_1991-09-22_2014.jpg,0,71/29084271_1991-09-22_2014.jpg,real,external_normalized,deepfakeface_sd15/real/71/29084271_1991-09-22_2014.jpg,0.26071810722351074,0.5181877613067627,0,freq_cnn,external_test,source_video_disjoint_v1,highpass_0.5,ffpp_validation_checkpoint,ad682adfaf8af8c993a52d42d033cc255791381fd208f7eef09a0e87344a8b6b
219,C:\Users\Rohith Syam\Documents\UTS SEMESTER 3\image processing\idea 2\outputs\generalization_upgrade\02_external_bias_audit\normalized_external\real\71\30657971_1992-05-11_2014.jpg,0,71/30657971_1992-05-11_2014.jpg,real,external_normalized,deepfakeface_sd15/real/71/30657971_1992-05-11_2014.jpg,0.3131362795829773,0.5181877613067627,0,freq_cnn,external_test,source_video_disjoint_v1,highpass_0.5,ffpp_validation_checkpoint,ad682adfaf8af8c993a52d42d033cc255791381fd208f7eef09a0e87344a8b6b
220,C:\Users\Rohith Syam\Documents\UTS SEMESTER 3\image processing\idea 2\outputs\generalization_upgrade\02_external_bias_audit\normalized_external\real\71\31706371_1989-01-14_2011.jpg,0,71/31706371_1989-01-14_2011.jpg,real,external_normalized,deepfakeface_sd15/real/71/31706371_1989-01-14_2011.jpg,0.2848054766654968,0.5181877613067627,0,freq_cnn,external_test,source_video_disjoint_v1,highpass_0.5,ffpp_validation_checkpoint,ad682adfaf8af8c993a52d42d033cc255791381fd208f7eef09a0e87344a8b6b
221,C:\Users\Rohith Syam\Documents\UTS SEMESTER 3\image processing\idea 2\outputs\generalization_upgrade\02_external_bias_audit\normalized_external\real\71\33021371_1988-02-18_2013.jpg,0,71/33021371_1988-02-18_2013.jpg,real,external_normalized,deepfakeface_sd15/real/71/33021371_1988-02-18_2013.jpg,0.35683953762054443,0.5181877613067627,0,freq_cnn,external_test,source_video_disjoint_v1,highpass_0.5,ffpp_validation_checkpoint,ad682adfaf8af8c993a52d42d033cc255791381fd208f7eef09a0e87344a8b6b
222,C:\Users\Rohith Syam\Documents\UTS SEMESTER 3\image processing\idea 2\outputs\generalization_upgrade\02_external_bias_audit\normalized_external\real\71\3312671_1985-08-02_2008.jpg,0,71/3312671_1985-08-02_2008.jpg,real,external_normalized,deepfakeface_sd15/real/71/3312671_1985-08-02_2008.jpg,0.35685938596725464,0.5181877613067627,0,freq_cnn,external_test,source_video_disjoint_v1,highpass_0.5,ffpp_validation_checkpoint,ad682adfaf8af8c993a52d42d033cc255791381fd208f7eef09a0e87344a8b6b
223,C:\Users\Rohith Syam\Documents\UTS SEMESTER 3\image processing\idea 2\outputs\generalization_upgrade\02_external_bias_audit\normalized_external\real\71\35188571_1983-09-18_2009.jpg,0,71/35188571_1983-09-18_2009.jpg,real,external_normalized,deepfakeface_sd15/real/71/35188571_1983-09-18_2009.jpg,0.19195044040679932,0.5181877613067627,0,freq_cnn,external_test,source_video_disjoint_v1,highpass_0.5,ffpp_validation_checkpoint,ad682adfaf8af8c993a52d42d033cc255791381fd208f7eef09a0e87344a8b6b
224,C:\Users\Rohith Syam\Documents\UTS SEMESTER 3\image processing\idea 2\outputs\generalization_upgrade\02_external_bias_audit\normalized_external\real\71\42650171_1946-12-10_2013.jpg,0,71/42650171_1946-12-10_2013.jpg,real,external_normalized,deepfakeface_sd15/real/71/42650171_1946-12-10_2013.jpg,0.26839157938957214,0.5181877613067627,0,freq_cnn,external_test,source_video_disjoint_v1,highpass_0.5,ffpp_validation_checkpoint,ad682adfaf8af8c993a52d42d033cc255791381fd208f7eef09a0e87344a8b6b
225,C:\Users\Rohith Syam\Documents\UTS SEMESTER 3\image processing\idea 2\outputs\generalization_upgrade\02_external_bias_audit\normalized_external\real\71\5081071_1925-11-13_1953.jpg,0,71/5081071_1925-11-13_1953.jpg,real,external_normalized,deepfakeface_sd15/real/71/5081071_1925-11-13_1953.jpg,0.3413076102733612,0.5181877613067627,0,freq_cnn,external_test,source_video_disjoint_v1,highpass_0.5,ffpp_validation_checkpoint,ad682adfaf8af8c993a52d42d033cc255791381fd208f7eef09a0e87344a8b6b
226,C:\Users\Rohith Syam\Documents\UTS SEMESTER 3\image processing\idea 2\outputs\generalization_upgrade\02_external_bias_audit\normalized_external\real\71\566471_1971-05-18_2011.jpg,0,71/566471_1971-05-18_2011.jpg,real,external_normalized,deepfakeface_sd15/real/71/566471_1971-05-18_2011.jpg,0.30641138553619385,0.5181877613067627,0,freq_cnn,external_test,source_video_disjoint_v1,highpass_0.5,ffpp_validation_checkpoint,ad682adfaf8af8c993a52d42d033cc255791381fd208f7eef09a0e87344a8b6b
227,C:\Users\Rohith Syam\Documents\UTS SEMESTER 3\image processing\idea 2\outputs\generalization_upgrade\02_external_bias_audit\normalized_external\real\71\703371_1918-03-12_1980.jpg,0,71/703371_1918-03-12_1980.jpg,real,external_normalized,deepfakeface_sd15/real/71/703371_1918-03-12_1980.jpg,0.32523593306541443,0.5181877613067627,0,freq_cnn,external_test,source_video_disjoint_v1,highpass_0.5,ffpp_validation_checkpoint,ad682adfaf8af8c993a52d42d033cc255791381fd208f7eef09a0e87344a8b6b
228,C:\Users\Rohith Syam\Documents\UTS SEMESTER 3\image processing\idea 2\outputs\generalization_upgrade\02_external_bias_audit\normalized_external\real\71\775271_1959-09-16_2011.jpg,0,71/775271_1959-09-16_2011.jpg,real,external_normalized,deepfakeface_sd15/real/71/775271_1959-09-16_2011.jpg,0.29226651787757874,0.5181877613067627,0,freq_cnn,external_test,source_video_disjoint_v1,highpass_0.5,ffpp_validation_checkpoint,ad682adfaf8af8c993a52d42d033cc255791381fd208f7eef09a0e87344a8b6b
229,C:\Users\Rohith Syam\Documents\UTS SEMESTER 3\image processing\idea 2\outputs\generalization_upgrade\02_external_bias_audit\normalized_external\real\71\8334671_1931-02-14_1966.jpg,0,71/8334671_1931-02-14_1966.jpg,real,external_normalized,deepfakeface_sd15/real/71/8334671_1931-02-14_1966.jpg,0.25851890444755554,0.5181877613067627,0,freq_cnn,external_test,source_video_disjoint_v1,highpass_0.5,ffpp_validation_checkpoint,ad682adfaf8af8c993a52d42d033cc255791381fd208f7eef09a0e87344a8b6b
230,C:\Users\Rohith Syam\Documents\UTS SEMESTER 3\image processing\idea 2\outputs\generalization_upgrade\02_external_bias_audit\normalized_external\real\71\9069371_1986-03-19_2013.jpg,0,71/9069371_1986-03-19_2013.jpg,real,external_normalized,deepfakeface_sd15/real/71/9069371_1986-03-19_2013.jpg,0.3634370267391205,0.5181877613067627,0,freq_cnn,external_test,source_video_disjoint_v1,highpass_0.5,ffpp_validation_checkpoint,ad682adfaf8af8c993a52d42d033cc255791381fd208f7eef09a0e87344a8b6b
231,C:\Users\Rohith Syam\Documents\UTS SEMESTER 3\image processing\idea 2\outputs\generalization_upgrade\02_external_bias_audit\normalized_external\real\71\967871_1972-12-15_2008.jpg,0,71/967871_1972-12-15_2008.jpg,real,external_normalized,deepfakeface_sd15/real/71/967871_1972-12-15_2008.jpg,0.28649604320526123,0.5181877613067627,0,freq_cnn,external_test,source_video_disjoint_v1,highpass_0.5,ffpp_validation_checkpoint,ad682adfaf8af8c993a52d42d033cc255791381fd208f7eef09a0e87344a8b6b
232,C:\Users\Rohith Syam\Documents\UTS SEMESTER 3\image processing\idea 2\outputs\generalization_upgrade\02_external_bias_audit\normalized_external\real\71\9845271_1955-09-16_2001.jpg,0,71/9845271_1955-09-16_2001.jpg,real,external_normalized,deepfakeface_sd15/real/71/9845271_1955-09-16_2001.jpg,0.2876555323600769,0.5181877613067627,0,freq_cnn,external_test,source_video_disjoint_v1,highpass_0.5,ffpp_validation_checkpoint,ad682adfaf8af8c993a52d42d033cc255791381fd208f7eef09a0e87344a8b6b
233,C:\Users\Rohith Syam\Documents\UTS SEMESTER 3\image processing\idea 2\outputs\generalization_upgrade\02_external_bias_audit\normalized_external\real\73\1013073_1978-05-24_2010.jpg,0,73/1013073_1978-05-24_2010.jpg,real,external_normalized,deepfakeface_sd15/real/73/1013073_1978-05-24_2010.jpg,0.33916541934013367,0.5181877613067627,0,freq_cnn,external_test,source_video_disjoint_v1,highpass_0.5,ffpp_validation_checkpoint,ad682adfaf8af8c993a52d42d033cc255791381fd208f7eef09a0e87344a8b6b
234,C:\Users\Rohith Syam\Documents\UTS SEMESTER 3\image processing\idea 2\outputs\generalization_upgrade\02_external_bias_audit\normalized_external\real\73\12464473_1935-03-06_1958.jpg,0,73/12464473_1935-03-06_1958.jpg,real,external_normalized,deepfakeface_sd15/real/73/12464473_1935-03-06_1958.jpg,0.09744249284267426,0.5181877613067627,0,freq_cnn,external_test,source_video_disjoint_v1,highpass_0.5,ffpp_validation_checkpoint,ad682adfaf8af8c993a52d42d033cc255791381fd208f7eef09a0e87344a8b6b
235,C:\Users\Rohith Syam\Documents\UTS SEMESTER 3\image processing\idea 2\outputs\generalization_upgrade\02_external_bias_audit\normalized_external\real\73\12786073_1984-05-18_2011.jpg,0,73/12786073_1984-05-18_2011.jpg,real,external_normalized,deepfakeface_sd15/real/73/12786073_1984-05-18_2011.jpg,0.29690781235694885,0.5181877613067627,0,freq_cnn,external_test,source_video_disjoint_v1,highpass_0.5,ffpp_validation_checkpoint,ad682adfaf8af8c993a52d42d033cc255791381fd208f7eef09a0e87344a8b6b
236,C:\Users\Rohith Syam\Documents\UTS SEMESTER 3\image processing\idea 2\outputs\generalization_upgrade\02_external_bias_audit\normalized_external\real\73\16855173_1937-10-21_2008.jpg,0,73/16855173_1937-10-21_2008.jpg,real,external_normalized,deepfakeface_sd15/real/73/16855173_1937-10-21_2008.jpg,0.3462941348552704,0.5181877613067627,0,freq_cnn,external_test,source_video_disjoint_v1,highpass_0.5,ffpp_validation_checkpoint,ad682adfaf8af8c993a52d42d033cc255791381fd208f7eef09a0e87344a8b6b
237,C:\Users\Rohith Syam\Documents\UTS SEMESTER 3\image processing\idea 2\outputs\generalization_upgrade\02_external_bias_audit\normalized_external\real\73\18933173_1984-05-13_2011.jpg,0,73/18933173_1984-05-13_2011.jpg,real,external_normalized,deepfakeface_sd15/real/73/18933173_1984-05-13_2011.jpg,0.30817991495132446,0.5181877613067627,0,freq_cnn,external_test,source_video_disjoint_v1,highpass_0.5,ffpp_validation_checkpoint,ad682adfaf8af8c993a52d42d033cc255791381fd208f7eef09a0e87344a8b6b
238,C:\Users\Rohith Syam\Documents\UTS SEMESTER 3\image processing\idea 2\outputs\generalization_upgrade\02_external_bias_audit\normalized_external\real\73\20989373_1938-09-15_1988.jpg,0,73/20989373_1938-09-15_1988.jpg,real,external_normalized,deepfakeface_sd15/real/73/20989373_1938-09-15_1988.jpg,0.3067856729030609,0.5181877613067627,0,freq_cnn,external_test,source_video_disjoint_v1,highpass_0.5,ffpp_validation_checkpoint,ad682adfaf8af8c993a52d42d033cc255791381fd208f7eef09a0e87344a8b6b
239,C:\Users\Rohith Syam\Documents\UTS SEMESTER 3\image processing\idea 2\outputs\generalization_upgrade\02_external_bias_audit\normalized_external\real\73\21741673_1995-03-01_2009.jpg,0,73/21741673_1995-03-01_2009.jpg,real,external_normalized,deepfakeface_sd15/real/73/21741673_1995-03-01_2009.jpg,0.2729174792766571,0.5181877613067627,0,freq_cnn,external_test,source_video_disjoint_v1,highpass_0.5,ffpp_validation_checkpoint,ad682adfaf8af8c993a52d42d033cc255791381fd208f7eef09a0e87344a8b6b
240,C:\Users\Rohith Syam\Documents\UTS SEMESTER 3\image processing\idea 2\outputs\generalization_upgrade\02_external_bias_audit\normalized_external\real\73\2210573_1958-04-04_2007.jpg,0,73/2210573_1958-04-04_2007.jpg,real,external_normalized,deepfakeface_sd15/real/73/2210573_1958-04-04_2007.jpg,0.33546972274780273,0.5181877613067627,0,freq_cnn,external_test,source_video_disjoint_v1,highpass_0.5,ffpp_validation_checkpoint,ad682adfaf8af8c993a52d42d033cc255791381fd208f7eef09a0e87344a8b6b
241,C:\Users\Rohith Syam\Documents\UTS SEMESTER 3\image processing\idea 2\outputs\generalization_upgrade\02_external_bias_audit\normalized_external\real\73\24079373_1979-07-15_2009.jpg,0,73/24079373_1979-07-15_2009.jpg,real,external_normalized,deepfakeface_sd15/real/73/24079373_1979-07-15_2009.jpg,0.21696500480175018,0.5181877613067627,0,freq_cnn,external_test,source_video_disjoint_v1,highpass_0.5,ffpp_validation_checkpoint,ad682adfaf8af8c993a52d42d033cc255791381fd208f7eef09a0e87344a8b6b
242,C:\Users\Rohith Syam\Documents\UTS SEMESTER 3\image processing\idea 2\outputs\generalization_upgrade\02_external_bias_audit\normalized_external\real\73\25286273_1990-11-02_2013.jpg,0,73/25286273_1990-11-02_2013.jpg,real,external_normalized,deepfakeface_sd15/real/73/25286273_1990-11-02_2013.jpg,0.3238716125488281,0.5181877613067627,0,freq_cnn,external_test,source_video_disjoint_v1,highpass_0.5,ffpp_validation_checkpoint,ad682adfaf8af8c993a52d42d033cc255791381fd208f7eef09a0e87344a8b6b
243,C:\Users\Rohith Syam\Documents\UTS SEMESTER 3\image processing\idea 2\outputs\generalization_upgrade\02_external_bias_audit\normalized_external\real\73\27347573_1992-06-02_2010.jpg,0,73/27347573_1992-06-02_2010.jpg,real,external_normalized,deepfakeface_sd15/real/73/27347573_1992-06-02_2010.jpg,0.33193808794021606,0.5181877613067627,0,freq_cnn,external_test,source_video_disjoint_v1,highpass_0.5,ffpp_validation_checkpoint,ad682adfaf8af8c993a52d42d033cc255791381fd208f7eef09a0e87344a8b6b
244,C:\Users\Rohith Syam\Documents\UTS SEMESTER 3\image processing\idea 2\outputs\generalization_upgrade\02_external_bias_audit\normalized_external\real\73\3365773_1949-06-24_1985.jpg,0,73/3365773_1949-06-24_1985.jpg,real,external_normalized,deepfakeface_sd15/real/73/3365773_1949-06-24_1985.jpg,0.319623738527298,0.5181877613067627,0,freq_cnn,external_test,source_video_disjoint_v1,highpass_0.5,ffpp_validation_checkpoint,ad682adfaf8af8c993a52d42d033cc255791381fd208f7eef09a0e87344a8b6b
245,C:\Users\Rohith Syam\Documents\UTS SEMESTER 3\image processing\idea 2\outputs\generalization_upgrade\02_external_bias_audit\normalized_external\real\73\34239373_1994-11-30_2014.jpg,0,73/34239373_1994-11-30_2014.jpg,real,external_normalized,deepfakeface_sd15/real/73/34239373_1994-11-30_2014.jpg,0.22613970935344696,0.5181877613067627,0,freq_cnn,external_test,source_video_disjoint_v1,highpass_0.5,ffpp_validation_checkpoint,ad682adfaf8af8c993a52d42d033cc255791381fd208f7eef09a0e87344a8b6b
246,C:\Users\Rohith Syam\Documents\UTS SEMESTER 3\image processing\idea 2\outputs\generalization_upgrade\02_external_bias_audit\normalized_external\real\73\3517073_1984-09-10_2011.jpg,0,73/3517073_1984-09-10_2011.jpg,real,external_normalized,deepfakeface_sd15/real/73/3517073_1984-09-10_2011.jpg,0.3743002116680145,0.5181877613067627,0,freq_cnn,external_test,source_video_disjoint_v1,highpass_0.5,ffpp_validation_checkpoint,ad682adfaf8af8c993a52d42d033cc255791381fd208f7eef09a0e87344a8b6b
247,C:\Users\Rohith Syam\Documents\UTS SEMESTER 3\image processing\idea 2\outputs\generalization_upgrade\02_external_bias_audit\normalized_external\real\73\36499973_1985-09-06_2011.jpg,0,73/36499973_1985-09-06_2011.jpg,real,external_normalized,deepfakeface_sd15/real/73/36499973_1985-09-06_2011.jpg,0.37183699011802673,0.5181877613067627,0,freq_cnn,external_test,source_video_disjoint_v1,highpass_0.5,ffpp_validation_checkpoint,ad682adfaf8af8c993a52d42d033cc255791381fd208f7eef09a0e87344a8b6b
248,C:\Users\Rohith Syam\Documents\UTS SEMESTER 3\image processing\idea 2\outputs\generalization_upgrade\02_external_bias_audit\normalized_external\real\73\37985373_1988-12-05_2014.jpg,0,73/37985373_1988-12-05_2014.jpg,real,external_normalized,deepfakeface_sd15/real/73/37985373_1988-12-05_2014.jpg,0.33593717217445374,0.5181877613067627,0,freq_cnn,external_test,source_video_disjoint_v1,highpass_0.5,ffpp_validation_checkpoint,ad682adfaf8af8c993a52d42d033cc255791381fd208f7eef09a0e87344a8b6b
249,C:\Users\Rohith Syam\Documents\UTS SEMESTER 3\image processing\idea 2\outputs\generalization_upgrade\02_external_bias_audit\normalized_external\real\73\38089073_1988-06-26_2014.jpg,0,73/38089073_1988-06-26_2014.jpg,real,external_normalized,deepfakeface_sd15/real/73/38089073_1988-06-26_2014.jpg,0.10711769759654999,0.5181877613067627,0,freq_cnn,external_test,source_video_disjoint_v1,highpass_0.5,ffpp_validation_checkpoint,ad682adfaf8af8c993a52d42d033cc255791381fd208f7eef09a0e87344a8b6b
250,C:\Users\Rohith Syam\Documents\UTS SEMESTER 3\image processing\idea 2\outputs\generalization_upgrade\02_external_bias_audit\normalized_external\real\73\41639973_1876-12-25_1940.jpg,0,73/41639973_1876-12-25_1940.jpg,real,external_normalized,deepfakeface_sd15/real/73/41639973_1876-12-25_1940.jpg,0.245118647813797,0.5181877613067627,0,freq_cnn,external_test,source_video_disjoint_v1,highpass_0.5,ffpp_validation_checkpoint,ad682adfaf8af8c993a52d42d033cc255791381fd208f7eef09a0e87344a8b6b
251,C:\Users\Rohith Syam\Documents\UTS SEMESTER 3\image processing\idea 2\outputs\generalization_upgrade\02_external_bias_audit\normalized_external\real\73\46452873_1906-12-20_1945.jpg,0,73/46452873_1906-12-20_1945.jpg,real,external_normalized,deepfakeface_sd15/real/73/46452873_1906-12-20_1945.jpg,0.35069432854652405,0.5181877613067627,0,freq_cnn,external_test,source_video_disjoint_v1,highpass_0.5,ffpp_validation_checkpoint,ad682adfaf8af8c993a52d42d033cc255791381fd208f7eef09a0e87344a8b6b
252,C:\Users\Rohith Syam\Documents\UTS SEMESTER 3\image processing\idea 2\outputs\generalization_upgrade\02_external_bias_audit\normalized_external\real\73\479273_1985-12-08_2014.jpg,0,73/479273_1985-12-08_2014.jpg,real,external_normalized,deepfakeface_sd15/real/73/479273_1985-12-08_2014.jpg,0.3106943964958191,0.5181877613067627,0,freq_cnn,external_test,source_video_disjoint_v1,highpass_0.5,ffpp_validation_checkpoint,ad682adfaf8af8c993a52d42d033cc255791381fd208f7eef09a0e87344a8b6b
253,C:\Users\Rohith Syam\Documents\UTS SEMESTER 3\image processing\idea 2\outputs\generalization_upgrade\02_external_bias_audit\normalized_external\real\73\502973_1958-03-25_2012.jpg,0,73/502973_1958-03-25_2012.jpg,real,external_normalized,deepfakeface_sd15/real/73/502973_1958-03-25_2012.jpg,0.3165018856525421,0.5181877613067627,0,freq_cnn,external_test,source_video_disjoint_v1,highpass_0.5,ffpp_validation_checkpoint,ad682adfaf8af8c993a52d42d033cc255791381fd208f7eef09a0e87344a8b6b
254,C:\Users\Rohith Syam\Documents\UTS SEMESTER 3\image processing\idea 2\outputs\generalization_upgrade\02_external_bias_audit\normalized_external\real\73\5332173_1935-09-06_2008.jpg,0,73/5332173_1935-09-06_2008.jpg,real,external_normalized,deepfakeface_sd15/real/73/5332173_1935-09-06_2008.jpg,0.24175794422626495,0.5181877613067627,0,freq_cnn,external_test,source_video_disjoint_v1,highpass_0.5,ffpp_validation_checkpoint,ad682adfaf8af8c993a52d42d033cc255791381fd208f7eef09a0e87344a8b6b
255,C:\Users\Rohith Syam\Documents\UTS SEMESTER 3\image processing\idea 2\outputs\generalization_upgrade\02_external_bias_audit\normalized_external\real\73\666973_1960-09-19_2005.jpg,0,73/666973_1960-09-19_2005.jpg,real,external_normalized,deepfakeface_sd15/real/73/666973_1960-09-19_2005.jpg,0.1637633740901947,0.5181877613067627,0,freq_cnn,external_test,source_video_disjoint_v1,highpass_0.5,ffpp_validation_checkpoint,ad682adfaf8af8c993a52d42d033cc255791381fd208f7eef09a0e87344a8b6b
256,C:\Users\Rohith Syam\Documents\UTS SEMESTER 3\image processing\idea 2\outputs\generalization_upgrade\02_external_bias_audit\normalized_external\real\73\9311273_1979-08-24_2010.jpg,0,73/9311273_1979-08-24_2010.jpg,real,external_normalized,deepfakeface_sd15/real/73/9311273_1979-08-24_2010.jpg,0.21856357157230377,0.5181877613067627,0,freq_cnn,external_test,source_video_disjoint_v1,highpass_0.5,ffpp_validation_checkpoint,ad682adfaf8af8c993a52d42d033cc255791381fd208f7eef09a0e87344a8b6b
257,C:\Users\Rohith Syam\Documents\UTS SEMESTER 3\image processing\idea 2\outputs\generalization_upgrade\02_external_bias_audit\normalized_external\real\80\2798180_1985-12-19_2014.jpg,0,80/2798180_1985-12-19_2014.jpg,real,external_normalized,deepfakeface_sd15/real/80/2798180_1985-12-19_2014.jpg,0.36056384444236755,0.5181877613067627,0,freq_cnn,external_test,source_video_disjoint_v1,highpass_0.5,ffpp_validation_checkpoint,ad682adfaf8af8c993a52d42d033cc255791381fd208f7eef09a0e87344a8b6b
258,C:\Users\Rohith Syam\Documents\UTS SEMESTER 3\image processing\idea 2\outputs\generalization_upgrade\02_external_bias_audit\normalized_external\real\80\6049880_1985-02-26_2013.jpg,0,80/6049880_1985-02-26_2013.jpg,real,external_normalized,deepfakeface_sd15/real/80/6049880_1985-02-26_2013.jpg,0.3822716772556305,0.5181877613067627,0,freq_cnn,external_test,source_video_disjoint_v1,highpass_0.5,ffpp_validation_checkpoint,ad682adfaf8af8c993a52d42d033cc255791381fd208f7eef09a0e87344a8b6b
259,C:\Users\Rohith Syam\Documents\UTS SEMESTER 3\image processing\idea 2\outputs\generalization_upgrade\02_external_bias_audit\normalized_external\real\80\9076080_1971-09-21_2011.jpg,0,80/9076080_1971-09-21_2011.jpg,real,external_normalized,deepfakeface_sd15/real/80/9076080_1971-09-21_2011.jpg,0.15172530710697174,0.5181877613067627,0,freq_cnn,external_test,source_video_disjoint_v1,highpass_0.5,ffpp_validation_checkpoint,ad682adfaf8af8c993a52d42d033cc255791381fd208f7eef09a0e87344a8b6b
260,C:\Users\Rohith Syam\Documents\UTS SEMESTER 3\image processing\idea 2\outputs\generalization_upgrade\02_external_bias_audit\normalized_external\real\98\10760998_1937-01-14_1968.jpg,0,98/10760998_1937-01-14_1968.jpg,real,external_normalized,deepfakeface_sd15/real/98/10760998_1937-01-14_1968.jpg,0.15284906327724457,0.5181877613067627,0,freq_cnn,external_test,source_video_disjoint_v1,highpass_0.5,ffpp_validation_checkpoint,ad682adfaf8af8c993a52d42d033cc255791381fd208f7eef09a0e87344a8b6b
261,C:\Users\Rohith Syam\Documents\UTS SEMESTER 3\image processing\idea 2\outputs\generalization_upgrade\02_external_bias_audit\normalized_external\real\98\13664298_1989-04-27_2014.jpg,0,98/13664298_1989-04-27_2014.jpg,real,external_normalized,deepfakeface_sd15/real/98/13664298_1989-04-27_2014.jpg,0.2893393635749817,0.5181877613067627,0,freq_cnn,external_test,source_video_disjoint_v1,highpass_0.5,ffpp_validation_checkpoint,ad682adfaf8af8c993a52d42d033cc255791381fd208f7eef09a0e87344a8b6b
262,C:\Users\Rohith Syam\Documents\UTS SEMESTER 3\image processing\idea 2\outputs\generalization_upgrade\02_external_bias_audit\normalized_external\real\98\14073598_1892-03-06_1943.jpg,0,98/14073598_1892-03-06_1943.jpg,real,external_normalized,deepfakeface_sd15/real/98/14073598_1892-03-06_1943.jpg,0.32733041048049927,0.5181877613067627,0,freq_cnn,external_test,source_video_disjoint_v1,highpass_0.5,ffpp_validation_checkpoint,ad682adfaf8af8c993a52d42d033cc255791381fd208f7eef09a0e87344a8b6b
263,C:\Users\Rohith Syam\Documents\UTS SEMESTER 3\image processing\idea 2\outputs\generalization_upgrade\02_external_bias_audit\normalized_external\real\98\142698_1939-09-01_2014.jpg,0,98/142698_1939-09-01_2014.jpg,real,external_normalized,deepfakeface_sd15/real/98/142698_1939-09-01_2014.jpg,0.053499508649110794,0.5181877613067627,0,freq_cnn,external_test,source_video_disjoint_v1,highpass_0.5,ffpp_validation_checkpoint,ad682adfaf8af8c993a52d42d033cc255791381fd208f7eef09a0e87344a8b6b
264,C:\Users\Rohith Syam\Documents\UTS SEMESTER 3\image processing\idea 2\outputs\generalization_upgrade\02_external_bias_audit\normalized_external\real\98\15230998_1983-01-10_2007.jpg,0,98/15230998_1983-01-10_2007.jpg,real,external_normalized,deepfakeface_sd15/real/98/15230998_1983-01-10_2007.jpg,0.33130738139152527,0.5181877613067627,0,freq_cnn,external_test,source_video_disjoint_v1,highpass_0.5,ffpp_validation_checkpoint,ad682adfaf8af8c993a52d42d033cc255791381fd208f7eef09a0e87344a8b6b
265,C:\Users\Rohith Syam\Documents\UTS SEMESTER 3\image processing\idea 2\outputs\generalization_upgrade\02_external_bias_audit\normalized_external\real\98\176998_1933-08-16_1965.jpg,0,98/176998_1933-08-16_1965.jpg,real,external_normalized,deepfakeface_sd15/real/98/176998_1933-08-16_1965.jpg,0.09874006360769272,0.5181877613067627,0,freq_cnn,external_test,source_video_disjoint_v1,highpass_0.5,ffpp_validation_checkpoint,ad682adfaf8af8c993a52d42d033cc255791381fd208f7eef09a0e87344a8b6b
266,C:\Users\Rohith Syam\Documents\UTS SEMESTER 3\image processing\idea 2\outputs\generalization_upgrade\02_external_bias_audit\normalized_external\real\98\22298398_1962-09-19_2011.jpg,0,98/22298398_1962-09-19_2011.jpg,real,external_normalized,deepfakeface_sd15/real/98/22298398_1962-09-19_2011.jpg,0.2511292099952698,0.5181877613067627,0,freq_cnn,external_test,source_video_disjoint_v1,highpass_0.5,ffpp_validation_checkpoint,ad682adfaf8af8c993a52d42d033cc255791381fd208f7eef09a0e87344a8b6b
267,C:\Users\Rohith Syam\Documents\UTS SEMESTER 3\image processing\idea 2\outputs\generalization_upgrade\02_external_bias_audit\normalized_external\real\98\23428298_1982-12-22_2009.jpg,0,98/23428298_1982-12-22_2009.jpg,real,external_normalized,deepfakeface_sd15/real/98/23428298_1982-12-22_2009.jpg,0.29457995295524597,0.5181877613067627,0,freq_cnn,external_test,source_video_disjoint_v1,highpass_0.5,ffpp_validation_checkpoint,ad682adfaf8af8c993a52d42d033cc255791381fd208f7eef09a0e87344a8b6b
268,C:\Users\Rohith Syam\Documents\UTS SEMESTER 3\image processing\idea 2\outputs\generalization_upgrade\02_external_bias_audit\normalized_external\real\98\23560198_1992-06-20_2014.jpg,0,98/23560198_1992-06-20_2014.jpg,real,external_normalized,deepfakeface_sd15/real/98/23560198_1992-06-20_2014.jpg,0.16265618801116943,0.5181877613067627,0,freq_cnn,external_test,source_video_disjoint_v1,highpass_0.5,ffpp_validation_checkpoint,ad682adfaf8af8c993a52d42d033cc255791381fd208f7eef09a0e87344a8b6b
269,C:\Users\Rohith Syam\Documents\UTS SEMESTER 3\image processing\idea 2\outputs\generalization_upgrade\02_external_bias_audit\normalized_external\real\98\25616698_1980-08-12_2012.jpg,0,98/25616698_1980-08-12_2012.jpg,real,external_normalized,deepfakeface_sd15/real/98/25616698_1980-08-12_2012.jpg,0.29577887058258057,0.5181877613067627,0,freq_cnn,external_test,source_video_disjoint_v1,highpass_0.5,ffpp_validation_checkpoint,ad682adfaf8af8c993a52d42d033cc255791381fd208f7eef09a0e87344a8b6b
270,C:\Users\Rohith Syam\Documents\UTS SEMESTER 3\image processing\idea 2\outputs\generalization_upgrade\02_external_bias_audit\normalized_external\real\98\25980298_1980-07-05_2013.jpg,0,98/25980298_1980-07-05_2013.jpg,real,external_normalized,deepfakeface_sd15/real/98/25980298_1980-07-05_2013.jpg,0.27073174715042114,0.5181877613067627,0,freq_cnn,external_test,source_video_disjoint_v1,highpass_0.5,ffpp_validation_checkpoint,ad682adfaf8af8c993a52d42d033cc255791381fd208f7eef09a0e87344a8b6b
271,C:\Users\Rohith Syam\Documents\UTS SEMESTER 3\image processing\idea 2\outputs\generalization_upgrade\02_external_bias_audit\normalized_external\real\98\2705698_1958-12-06_2007.jpg,0,98/2705698_1958-12-06_2007.jpg,real,external_normalized,deepfakeface_sd15/real/98/2705698_1958-12-06_2007.jpg,0.15699562430381775,0.5181877613067627,0,freq_cnn,external_test,source_video_disjoint_v1,highpass_0.5,ffpp_validation_checkpoint,ad682adfaf8af8c993a52d42d033cc255791381fd208f7eef09a0e87344a8b6b
272,C:\Users\Rohith Syam\Documents\UTS SEMESTER 3\image processing\idea 2\outputs\generalization_upgrade\02_external_bias_audit\normalized_external\real\98\27687598_1957-10-28_2009.jpg,0,98/27687598_1957-10-28_2009.jpg,real,external_normalized,deepfakeface_sd15/real/98/27687598_1957-10-28_2009.jpg,0.26465433835983276,0.5181877613067627,0,freq_cnn,external_test,source_video_disjoint_v1,highpass_0.5,ffpp_validation_checkpoint,ad682adfaf8af8c993a52d42d033cc255791381fd208f7eef09a0e87344a8b6b
273,C:\Users\Rohith Syam\Documents\UTS SEMESTER 3\image processing\idea 2\outputs\generalization_upgrade\02_external_bias_audit\normalized_external\real\98\30789098_1986-05-13_2012.jpg,0,98/30789098_1986-05-13_2012.jpg,real,external_normalized,deepfakeface_sd15/real/98/30789098_1986-05-13_2012.jpg,0.2001497447490692,0.5181877613067627,0,freq_cnn,external_test,source_video_disjoint_v1,highpass_0.5,ffpp_validation_checkpoint,ad682adfaf8af8c993a52d42d033cc255791381fd208f7eef09a0e87344a8b6b
274,C:\Users\Rohith Syam\Documents\UTS SEMESTER 3\image processing\idea 2\outputs\generalization_upgrade\02_external_bias_audit\normalized_external\real\98\32664798_1990-03-03_2014.jpg,0,98/32664798_1990-03-03_2014.jpg,real,external_normalized,deepfakeface_sd15/real/98/32664798_1990-03-03_2014.jpg,0.19168353080749512,0.5181877613067627,0,freq_cnn,external_test,source_video_disjoint_v1,highpass_0.5,ffpp_validation_checkpoint,ad682adfaf8af8c993a52d42d033cc255791381fd208f7eef09a0e87344a8b6b
275,C:\Users\Rohith Syam\Documents\UTS SEMESTER 3\image processing\idea 2\outputs\generalization_upgrade\02_external_bias_audit\normalized_external\real\98\3604398_1981-06-16_2012.jpg,0,98/3604398_1981-06-16_2012.jpg,real,external_normalized,deepfakeface_sd15/real/98/3604398_1981-06-16_2012.jpg,0.23977030813694,0.5181877613067627,0,freq_cnn,external_test,source_video_disjoint_v1,highpass_0.5,ffpp_validation_checkpoint,ad682adfaf8af8c993a52d42d033cc255791381fd208f7eef09a0e87344a8b6b
276,C:\Users\Rohith Syam\Documents\UTS SEMESTER 3\image processing\idea 2\outputs\generalization_upgrade\02_external_bias_audit\normalized_external\real\98\40219898_1975-03-11_2013.jpg,0,98/40219898_1975-03-11_2013.jpg,real,external_normalized,deepfakeface_sd15/real/98/40219898_1975-03-11_2013.jpg,0.20697493851184845,0.5181877613067627,0,freq_cnn,external_test,source_video_disjoint_v1,highpass_0.5,ffpp_validation_checkpoint,ad682adfaf8af8c993a52d42d033cc255791381fd208f7eef09a0e87344a8b6b
277,C:\Users\Rohith Syam\Documents\UTS SEMESTER 3\image processing\idea 2\outputs\generalization_upgrade\02_external_bias_audit\normalized_external\real\98\40883698_1972-01-26_2014.jpg,0,98/40883698_1972-01-26_2014.jpg,real,external_normalized,deepfakeface_sd15/real/98/40883698_1972-01-26_2014.jpg,0.1783137321472168,0.5181877613067627,0,freq_cnn,external_test,source_video_disjoint_v1,highpass_0.5,ffpp_validation_checkpoint,ad682adfaf8af8c993a52d42d033cc255791381fd208f7eef09a0e87344a8b6b
278,C:\Users\Rohith Syam\Documents\UTS SEMESTER 3\image processing\idea 2\outputs\generalization_upgrade\02_external_bias_audit\normalized_external\real\98\4276598_1950-10-14_1975.jpg,0,98/4276598_1950-10-14_1975.jpg,real,external_normalized,deepfakeface_sd15/real/98/4276598_1950-10-14_1975.jpg,0.1420295089483261,0.5181877613067627,0,freq_cnn,external_test,source_video_disjoint_v1,highpass_0.5,ffpp_validation_checkpoint,ad682adfaf8af8c993a52d42d033cc255791381fd208f7eef09a0e87344a8b6b
279,C:\Users\Rohith Syam\Documents\UTS SEMESTER 3\image processing\idea 2\outputs\generalization_upgrade\02_external_bias_audit\normalized_external\real\98\45298998_1988-08-17_2012.jpg,0,98/45298998_1988-08-17_2012.jpg,real,external_normalized,deepfakeface_sd15/real/98/45298998_1988-08-17_2012.jpg,0.21642301976680756,0.5181877613067627,0,freq_cnn,external_test,source_video_disjoint_v1,highpass_0.5,ffpp_validation_checkpoint,ad682adfaf8af8c993a52d42d033cc255791381fd208f7eef09a0e87344a8b6b
280,C:\Users\Rohith Syam\Documents\UTS SEMESTER 3\image processing\idea 2\outputs\generalization_upgrade\02_external_bias_audit\normalized_external\real\98\4691798_1977-09-15_2005.jpg,0,98/4691798_1977-09-15_2005.jpg,real,external_normalized,deepfakeface_sd15/real/98/4691798_1977-09-15_2005.jpg,0.21348676085472107,0.5181877613067627,0,freq_cnn,external_test,source_video_disjoint_v1,highpass_0.5,ffpp_validation_checkpoint,ad682adfaf8af8c993a52d42d033cc255791381fd208f7eef09a0e87344a8b6b
281,C:\Users\Rohith Syam\Documents\UTS SEMESTER 3\image processing\idea 2\outputs\generalization_upgrade\02_external_bias_audit\normalized_external\real\98\46974698_1942-02-22_1968.jpg,0,98/46974698_1942-02-22_1968.jpg,real,external_normalized,deepfakeface_sd15/real/98/46974698_1942-02-22_1968.jpg,0.37940794229507446,0.5181877613067627,0,freq_cnn,external_test,source_video_disjoint_v1,highpass_0.5,ffpp_validation_checkpoint,ad682adfaf8af8c993a52d42d033cc255791381fd208f7eef09a0e87344a8b6b
282,C:\Users\Rohith Syam\Documents\UTS SEMESTER 3\image processing\idea 2\outputs\generalization_upgrade\02_external_bias_audit\normalized_external\real\98\577798_1933-12-08_1969.jpg,0,98/577798_1933-12-08_1969.jpg,real,external_normalized,deepfakeface_sd15/real/98/577798_1933-12-08_1969.jpg,0.2893199026584625,0.5181877613067627,0,freq_cnn,external_test,source_video_disjoint_v1,highpass_0.5,ffpp_validation_checkpoint,ad682adfaf8af8c993a52d42d033cc255791381fd208f7eef09a0e87344a8b6b
283,C:\Users\Rohith Syam\Documents\UTS SEMESTER 3\image processing\idea 2\outputs\generalization_upgrade\02_external_bias_audit\normalized_external\real\98\591698_1968-01-15_2000.jpg,0,98/591698_1968-01-15_2000.jpg,real,external_normalized,deepfakeface_sd15/real/98/591698_1968-01-15_2000.jpg,0.36865586042404175,0.5181877613067627,0,freq_cnn,external_test,source_video_disjoint_v1,highpass_0.5,ffpp_validation_checkpoint,ad682adfaf8af8c993a52d42d033cc255791381fd208f7eef09a0e87344a8b6b
284,C:\Users\Rohith Syam\Documents\UTS SEMESTER 3\image processing\idea 2\outputs\generalization_upgrade\02_external_bias_audit\normalized_external\real\98\609598_1929-11-08_2007.jpg,0,98/609598_1929-11-08_2007.jpg,real,external_normalized,deepfakeface_sd15/real/98/609598_1929-11-08_2007.jpg,0.3522477149963379,0.5181877613067627,0,freq_cnn,external_test,source_video_disjoint_v1,highpass_0.5,ffpp_validation_checkpoint,ad682adfaf8af8c993a52d42d033cc255791381fd208f7eef09a0e87344a8b6b
285,C:\Users\Rohith Syam\Documents\UTS SEMESTER 3\image processing\idea 2\outputs\generalization_upgrade\02_external_bias_audit\normalized_external\real\98\6548698_1964-02-27_2010.jpg,0,98/6548698_1964-02-27_2010.jpg,real,external_normalized,deepfakeface_sd15/real/98/6548698_1964-02-27_2010.jpg,0.27841416001319885,0.5181877613067627,0,freq_cnn,external_test,source_video_disjoint_v1,highpass_0.5,ffpp_validation_checkpoint,ad682adfaf8af8c993a52d42d033cc255791381fd208f7eef09a0e87344a8b6b
286,C:\Users\Rohith Syam\Documents\UTS SEMESTER 3\image processing\idea 2\outputs\generalization_upgrade\02_external_bias_audit\normalized_external\real\98\670098_1974-07-29_2009.jpg,0,98/670098_1974-07-29_2009.jpg,real,external_normalized,deepfakeface_sd15/real/98/670098_1974-07-29_2009.jpg,0.2720503807067871,0.5181877613067627,0,freq_cnn,external_test,source_video_disjoint_v1,highpass_0.5,ffpp_validation_checkpoint,ad682adfaf8af8c993a52d42d033cc255791381fd208f7eef09a0e87344a8b6b
287,C:\Users\Rohith Syam\Documents\UTS SEMESTER 3\image processing\idea 2\outputs\generalization_upgrade\02_external_bias_audit\normalized_external\real\98\6808898_1936-01-17_2012.jpg,0,98/6808898_1936-01-17_2012.jpg,real,external_normalized,deepfakeface_sd15/real/98/6808898_1936-01-17_2012.jpg,0.20875978469848633,0.5181877613067627,0,freq_cnn,external_test,source_video_disjoint_v1,highpass_0.5,ffpp_validation_checkpoint,ad682adfaf8af8c993a52d42d033cc255791381fd208f7eef09a0e87344a8b6b
288,C:\Users\Rohith Syam\Documents\UTS SEMESTER 3\image processing\idea 2\outputs\generalization_upgrade\02_external_bias_audit\normalized_external\fake\00\12596800_1920-10-18_1955.jpg,1,00/12596800_1920-10-18_1955.jpg,StableDiffusion_v1_5,external_normalized,deepfakeface_sd15/fake/00/12596800_1920-10-18_1955.jpg,0.23931103944778442,0.5181877613067627,0,freq_cnn,external_test,source_video_disjoint_v1,highpass_0.5,ffpp_validation_checkpoint,ad682adfaf8af8c993a52d42d033cc255791381fd208f7eef09a0e87344a8b6b
289,C:\Users\Rohith Syam\Documents\UTS SEMESTER 3\image processing\idea 2\outputs\generalization_upgrade\02_external_bias_audit\normalized_external\fake\00\15550600_1973-11-01_2000.jpg,1,00/15550600_1973-11-01_2000.jpg,StableDiffusion_v1_5,external_normalized,deepfakeface_sd15/fake/00/15550600_1973-11-01_2000.jpg,0.13607953488826752,0.5181877613067627,0,freq_cnn,external_test,source_video_disjoint_v1,highpass_0.5,ffpp_validation_checkpoint,ad682adfaf8af8c993a52d42d033cc255791381fd208f7eef09a0e87344a8b6b
290,C:\Users\Rohith Syam\Documents\UTS SEMESTER 3\image processing\idea 2\outputs\generalization_upgrade\02_external_bias_audit\normalized_external\fake\00\18407100_1917-10-18_1958.jpg,1,00/18407100_1917-10-18_1958.jpg,StableDiffusion_v1_5,external_normalized,deepfakeface_sd15/fake/00/18407100_1917-10-18_1958.jpg,0.13047736883163452,0.5181877613067627,0,freq_cnn,external_test,source_video_disjoint_v1,highpass_0.5,ffpp_validation_checkpoint,ad682adfaf8af8c993a52d42d033cc255791381fd208f7eef09a0e87344a8b6b
291,C:\Users\Rohith Syam\Documents\UTS SEMESTER 3\image processing\idea 2\outputs\generalization_upgrade\02_external_bias_audit\normalized_external\fake\00\23804200_1950-03-31_2013.jpg,1,00/23804200_1950-03-31_2013.jpg,StableDiffusion_v1_5,external_normalized,deepfakeface_sd15/fake/00/23804200_1950-03-31_2013.jpg,0.29087749123573303,0.5181877613067627,0,freq_cnn,external_test,source_video_disjoint_v1,highpass_0.5,ffpp_validation_checkpoint,ad682adfaf8af8c993a52d42d033cc255791381fd208f7eef09a0e87344a8b6b
292,C:\Users\Rohith Syam\Documents\UTS SEMESTER 3\image processing\idea 2\outputs\generalization_upgrade\02_external_bias_audit\normalized_external\fake\00\2540500_1970-10-10_2008.jpg,1,00/2540500_1970-10-10_2008.jpg,StableDiffusion_v1_5,external_normalized,deepfakeface_sd15/fake/00/2540500_1970-10-10_2008.jpg,0.19350570440292358,0.5181877613067627,0,freq_cnn,external_test,source_video_disjoint_v1,highpass_0.5,ffpp_validation_checkpoint,ad682adfaf8af8c993a52d42d033cc255791381fd208f7eef09a0e87344a8b6b
293,C:\Users\Rohith Syam\Documents\UTS SEMESTER 3\image processing\idea 2\outputs\generalization_upgrade\02_external_bias_audit\normalized_external\fake\00\2669900_1933-07-29_1968.jpg,1,00/2669900_1933-07-29_1968.jpg,StableDiffusion_v1_5,external_normalized,deepfakeface_sd15/fake/00/2669900_1933-07-29_1968.jpg,0.22572530806064606,0.5181877613067627,0,freq_cnn,external_test,source_video_disjoint_v1,highpass_0.5,ffpp_validation_checkpoint,ad682adfaf8af8c993a52d42d033cc255791381fd208f7eef09a0e87344a8b6b
294,C:\Users\Rohith Syam\Documents\UTS SEMESTER 3\image processing\idea 2\outputs\generalization_upgrade\02_external_bias_audit\normalized_external\fake\00\26771200_1988-08-13_2009.jpg,1,00/26771200_1988-08-13_2009.jpg,StableDiffusion_v1_5,external_normalized,deepfakeface_sd15/fake/00/26771200_1988-08-13_2009.jpg,0.19473473727703094,0.5181877613067627,0,freq_cnn,external_test,source_video_disjoint_v1,highpass_0.5,ffpp_validation_checkpoint,ad682adfaf8af8c993a52d42d033cc255791381fd208f7eef09a0e87344a8b6b
295,C:\Users\Rohith Syam\Documents\UTS SEMESTER 3\image processing\idea 2\outputs\generalization_upgrade\02_external_bias_audit\normalized_external\fake\00\2690900_1963-03-12_2010.jpg,1,00/2690900_1963-03-12_2010.jpg,StableDiffusion_v1_5,external_normalized,deepfakeface_sd15/fake/00/2690900_1963-03-12_2010.jpg,0.187492236495018,0.5181877613067627,0,freq_cnn,external_test,source_video_disjoint_v1,highpass_0.5,ffpp_validation_checkpoint,ad682adfaf8af8c993a52d42d033cc255791381fd208f7eef09a0e87344a8b6b
296,C:\Users\Rohith Syam\Documents\UTS SEMESTER 3\image processing\idea 2\outputs\generalization_upgrade\02_external_bias_audit\normalized_external\fake\00\28476500_1938-06-12_1959.jpg,1,00/28476500_1938-06-12_1959.jpg,StableDiffusion_v1_5,external_normalized,deepfakeface_sd15/fake/00/28476500_1938-06-12_1959.jpg,0.24104896187782288,0.5181877613067627,0,freq_cnn,external_test,source_video_disjoint_v1,highpass_0.5,ffpp_validation_checkpoint,ad682adfaf8af8c993a52d42d033cc255791381fd208f7eef09a0e87344a8b6b
297,C:\Users\Rohith Syam\Documents\UTS SEMESTER 3\image processing\idea 2\outputs\generalization_upgrade\02_external_bias_audit\normalized_external\fake\00\28886000_1928-01-17_2009.jpg,1,00/28886000_1928-01-17_2009.jpg,StableDiffusion_v1_5,external_normalized,deepfakeface_sd15/fake/00/28886000_1928-01-17_2009.jpg,0.3260824680328369,0.5181877613067627,0,freq_cnn,external_test,source_video_disjoint_v1,highpass_0.5,ffpp_validation_checkpoint,ad682adfaf8af8c993a52d42d033cc255791381fd208f7eef09a0e87344a8b6b
298,C:\Users\Rohith Syam\Documents\UTS SEMESTER 3\image processing\idea 2\outputs\generalization_upgrade\02_external_bias_audit\normalized_external\fake\00\3293900_1973-09-23_2004.jpg,1,00/3293900_1973-09-23_2004.jpg,StableDiffusion_v1_5,external_normalized,deepfakeface_sd15/fake/00/3293900_1973-09-23_2004.jpg,0.12106316536664963,0.5181877613067627,0,freq_cnn,external_test,source_video_disjoint_v1,highpass_0.5,ffpp_validation_checkpoint,ad682adfaf8af8c993a52d42d033cc255791381fd208f7eef09a0e87344a8b6b
299,C:\Users\Rohith Syam\Documents\UTS SEMESTER 3\image processing\idea 2\outputs\generalization_upgrade\02_external_bias_audit\normalized_external\fake\00\34199700_1921-05-23_1946.jpg,1,00/34199700_1921-05-23_1946.jpg,StableDiffusion_v1_5,external_normalized,deepfakeface_sd15/fake/00/34199700_1921-05-23_1946.jpg,0.24688751995563507,0.5181877613067627,0,freq_cnn,external_test,source_video_disjoint_v1,highpass_0.5,ffpp_validation_checkpoint,ad682adfaf8af8c993a52d42d033cc255791381fd208f7eef09a0e87344a8b6b
300,C:\Users\Rohith Syam\Documents\UTS SEMESTER 3\image processing\idea 2\outputs\generalization_upgrade\02_external_bias_audit\normalized_external\fake\00\34316600_1994-11-15_2013.jpg,1,00/34316600_1994-11-15_2013.jpg,StableDiffusion_v1_5,external_normalized,deepfakeface_sd15/fake/00/34316600_1994-11-15_2013.jpg,0.1299702674150467,0.5181877613067627,0,freq_cnn,external_test,source_video_disjoint_v1,highpass_0.5,ffpp_validation_checkpoint,ad682adfaf8af8c993a52d42d033cc255791381fd208f7eef09a0e87344a8b6b
301,C:\Users\Rohith Syam\Documents\UTS SEMESTER 3\image processing\idea 2\outputs\generalization_upgrade\02_external_bias_audit\normalized_external\fake\00\35360200_1996-11-01_2012.jpg,1,00/35360200_1996-11-01_2012.jpg,StableDiffusion_v1_5,external_normalized,deepfakeface_sd15/fake/00/35360200_1996-11-01_2012.jpg,0.283250093460083,0.5181877613067627,0,freq_cnn,external_test,source_video_disjoint_v1,highpass_0.5,ffpp_validation_checkpoint,ad682adfaf8af8c993a52d42d033cc255791381fd208f7eef09a0e87344a8b6b
302,C:\Users\Rohith Syam\Documents\UTS SEMESTER 3\image processing\idea 2\outputs\generalization_upgrade\02_external_bias_audit\normalized_external\fake\00\36606300_1984-08-03_2014.jpg,1,00/36606300_1984-08-03_2014.jpg,StableDiffusion_v1_5,external_normalized,deepfakeface_sd15/fake/00/36606300_1984-08-03_2014.jpg,0.05336476489901543,0.5181877613067627,0,freq_cnn,external_test,source_video_disjoint_v1,highpass_0.5,ffpp_validation_checkpoint,ad682adfaf8af8c993a52d42d033cc255791381fd208f7eef09a0e87344a8b6b
303,C:\Users\Rohith Syam\Documents\UTS SEMESTER 3\image processing\idea 2\outputs\generalization_upgrade\02_external_bias_audit\normalized_external\fake\00\38882500_1940-10-04_1977.jpg,1,00/38882500_1940-10-04_1977.jpg,StableDiffusion_v1_5,external_normalized,deepfakeface_sd15/fake/00/38882500_1940-10-04_1977.jpg,0.16092722117900848,0.5181877613067627,0,freq_cnn,external_test,source_video_disjoint_v1,highpass_0.5,ffpp_validation_checkpoint,ad682adfaf8af8c993a52d42d033cc255791381fd208f7eef09a0e87344a8b6b
304,C:\Users\Rohith Syam\Documents\UTS SEMESTER 3\image processing\idea 2\outputs\generalization_upgrade\02_external_bias_audit\normalized_external\fake\00\3982800_1988-01-29_2012.jpg,1,00/3982800_1988-01-29_2012.jpg,StableDiffusion_v1_5,external_normalized,deepfakeface_sd15/fake/00/3982800_1988-01-29_2012.jpg,0.18562400341033936,0.5181877613067627,0,freq_cnn,external_test,source_video_disjoint_v1,highpass_0.5,ffpp_validation_checkpoint,ad682adfaf8af8c993a52d42d033cc255791381fd208f7eef09a0e87344a8b6b
305,C:\Users\Rohith Syam\Documents\UTS SEMESTER 3\image processing\idea 2\outputs\generalization_upgrade\02_external_bias_audit\normalized_external\fake\00\41835500_1992-05-12_2014.jpg,1,00/41835500_1992-05-12_2014.jpg,StableDiffusion_v1_5,external_normalized,deepfakeface_sd15/fake/00/41835500_1992-05-12_2014.jpg,0.2798997759819031,0.5181877613067627,0,freq_cnn,external_test,source_video_disjoint_v1,highpass_0.5,ffpp_validation_checkpoint,ad682adfaf8af8c993a52d42d033cc255791381fd208f7eef09a0e87344a8b6b
306,C:\Users\Rohith Syam\Documents\UTS SEMESTER 3\image processing\idea 2\outputs\generalization_upgrade\02_external_bias_audit\normalized_external\fake\00\4236500_1977-10-18_2005.jpg,1,00/4236500_1977-10-18_2005.jpg,StableDiffusion_v1_5,external_normalized,deepfakeface_sd15/fake/00/4236500_1977-10-18_2005.jpg,0.30488136410713196,0.5181877613067627,0,freq_cnn,external_test,source_video_disjoint_v1,highpass_0.5,ffpp_validation_checkpoint,ad682adfaf8af8c993a52d42d033cc255791381fd208f7eef09a0e87344a8b6b
307,C:\Users\Rohith Syam\Documents\UTS SEMESTER 3\image processing\idea 2\outputs\generalization_upgrade\02_external_bias_audit\normalized_external\fake\00\46667800_1978-03-16_2014.jpg,1,00/46667800_1978-03-16_2014.jpg,StableDiffusion_v1_5,external_normalized,deepfakeface_sd15/fake/00/46667800_1978-03-16_2014.jpg,0.22159940004348755,0.5181877613067627,0,freq_cnn,external_test,source_video_disjoint_v1,highpass_0.5,ffpp_validation_checkpoint,ad682adfaf8af8c993a52d42d033cc255791381fd208f7eef09a0e87344a8b6b
308,C:\Users\Rohith Syam\Documents\UTS SEMESTER 3\image processing\idea 2\outputs\generalization_upgrade\02_external_bias_audit\normalized_external\fake\00\5616200_1968-09-06_2006.jpg,1,00/5616200_1968-09-06_2006.jpg,StableDiffusion_v1_5,external_normalized,deepfakeface_sd15/fake/00/5616200_1968-09-06_2006.jpg,0.30425751209259033,0.5181877613067627,0,freq_cnn,external_test,source_video_disjoint_v1,highpass_0.5,ffpp_validation_checkpoint,ad682adfaf8af8c993a52d42d033cc255791381fd208f7eef09a0e87344a8b6b
309,C:\Users\Rohith Syam\Documents\UTS SEMESTER 3\image processing\idea 2\outputs\generalization_upgrade\02_external_bias_audit\normalized_external\fake\00\5751800_1950-09-09_2010.jpg,1,00/5751800_1950-09-09_2010.jpg,StableDiffusion_v1_5,external_normalized,deepfakeface_sd15/fake/00/5751800_1950-09-09_2010.jpg,0.17295268177986145,0.5181877613067627,0,freq_cnn,external_test,source_video_disjoint_v1,highpass_0.5,ffpp_validation_checkpoint,ad682adfaf8af8c993a52d42d033cc255791381fd208f7eef09a0e87344a8b6b
310,C:\Users\Rohith Syam\Documents\UTS SEMESTER 3\image processing\idea 2\outputs\generalization_upgrade\02_external_bias_audit\normalized_external\fake\00\67000_1947-05-13_2007.jpg,1,00/67000_1947-05-13_2007.jpg,StableDiffusion_v1_5,external_normalized,deepfakeface_sd15/fake/00/67000_1947-05-13_2007.jpg,0.2707382142543793,0.5181877613067627,0,freq_cnn,external_test,source_video_disjoint_v1,highpass_0.5,ffpp_validation_checkpoint,ad682adfaf8af8c993a52d42d033cc255791381fd208f7eef09a0e87344a8b6b
311,C:\Users\Rohith Syam\Documents\UTS SEMESTER 3\image processing\idea 2\outputs\generalization_upgrade\02_external_bias_audit\normalized_external\fake\00\7567200_1932-07-31_1966.jpg,1,00/7567200_1932-07-31_1966.jpg,StableDiffusion_v1_5,external_normalized,deepfakeface_sd15/fake/00/7567200_1932-07-31_1966.jpg,0.15402957797050476,0.5181877613067627,0,freq_cnn,external_test,source_video_disjoint_v1,highpass_0.5,ffpp_validation_checkpoint,ad682adfaf8af8c993a52d42d033cc255791381fd208f7eef09a0e87344a8b6b
312,C:\Users\Rohith Syam\Documents\UTS SEMESTER 3\image processing\idea 2\outputs\generalization_upgrade\02_external_bias_audit\normalized_external\fake\00\8222200_1941-05-15_1964.jpg,1,00/8222200_1941-05-15_1964.jpg,StableDiffusion_v1_5,external_normalized,deepfakeface_sd15/fake/00/8222200_1941-05-15_1964.jpg,0.28818848729133606,0.5181877613067627,0,freq_cnn,external_test,source_video_disjoint_v1,highpass_0.5,ffpp_validation_checkpoint,ad682adfaf8af8c993a52d42d033cc255791381fd208f7eef09a0e87344a8b6b
313,C:\Users\Rohith Syam\Documents\UTS SEMESTER 3\image processing\idea 2\outputs\generalization_upgrade\02_external_bias_audit\normalized_external\fake\00\836500_1977-03-04_2007.jpg,1,00/836500_1977-03-04_2007.jpg,StableDiffusion_v1_5,external_normalized,deepfakeface_sd15/fake/00/836500_1977-03-04_2007.jpg,0.2504633367061615,0.5181877613067627,0,freq_cnn,external_test,source_video_disjoint_v1,highpass_0.5,ffpp_validation_checkpoint,ad682adfaf8af8c993a52d42d033cc255791381fd208f7eef09a0e87344a8b6b
314,C:\Users\Rohith Syam\Documents\UTS SEMESTER 3\image processing\idea 2\outputs\generalization_upgrade\02_external_bias_audit\normalized_external\fake\00\9210500_1912-02-06_1942.jpg,1,00/9210500_1912-02-06_1942.jpg,StableDiffusion_v1_5,external_normalized,deepfakeface_sd15/fake/00/9210500_1912-02-06_1942.jpg,0.21941225230693817,0.5181877613067627,0,freq_cnn,external_test,source_video_disjoint_v1,highpass_0.5,ffpp_validation_checkpoint,ad682adfaf8af8c993a52d42d033cc255791381fd208f7eef09a0e87344a8b6b
315,C:\Users\Rohith Syam\Documents\UTS SEMESTER 3\image processing\idea 2\outputs\generalization_upgrade\02_external_bias_audit\normalized_external\fake\00\944600_1968-02-05_2006.jpg,1,00/944600_1968-02-05_2006.jpg,StableDiffusion_v1_5,external_normalized,deepfakeface_sd15/fake/00/944600_1968-02-05_2006.jpg,0.30607324838638306,0.5181877613067627,0,freq_cnn,external_test,source_video_disjoint_v1,highpass_0.5,ffpp_validation_checkpoint,ad682adfaf8af8c993a52d42d033cc255791381fd208f7eef09a0e87344a8b6b
316,C:\Users\Rohith Syam\Documents\UTS SEMESTER 3\image processing\idea 2\outputs\generalization_upgrade\02_external_bias_audit\normalized_external\fake\00\9801700_1969-10-11_2012.jpg,1,00/9801700_1969-10-11_2012.jpg,StableDiffusion_v1_5,external_normalized,deepfakeface_sd15/fake/00/9801700_1969-10-11_2012.jpg,0.2242444008588791,0.5181877613067627,0,freq_cnn,external_test,source_video_disjoint_v1,highpass_0.5,ffpp_validation_checkpoint,ad682adfaf8af8c993a52d42d033cc255791381fd208f7eef09a0e87344a8b6b
317,C:\Users\Rohith Syam\Documents\UTS SEMESTER 3\image processing\idea 2\outputs\generalization_upgrade\02_external_bias_audit\normalized_external\fake\02\4539602_1977-04-26_2010.jpg,1,02/4539602_1977-04-26_2010.jpg,StableDiffusion_v1_5,external_normalized,deepfakeface_sd15/fake/02/4539602_1977-04-26_2010.jpg,0.1471899002790451,0.5181877613067627,0,freq_cnn,external_test,source_video_disjoint_v1,highpass_0.5,ffpp_validation_checkpoint,ad682adfaf8af8c993a52d42d033cc255791381fd208f7eef09a0e87344a8b6b
318,C:\Users\Rohith Syam\Documents\UTS SEMESTER 3\image processing\idea 2\outputs\generalization_upgrade\02_external_bias_audit\normalized_external\fake\03\10970703_1984-05-21_2011.jpg,1,03/10970703_1984-05-21_2011.jpg,StableDiffusion_v1_5,external_normalized,deepfakeface_sd15/fake/03/10970703_1984-05-21_2011.jpg,0.23453442752361298,0.5181877613067627,0,freq_cnn,external_test,source_video_disjoint_v1,highpass_0.5,ffpp_validation_checkpoint,ad682adfaf8af8c993a52d42d033cc255791381fd208f7eef09a0e87344a8b6b
319,C:\Users\Rohith Syam\Documents\UTS SEMESTER 3\image processing\idea 2\outputs\generalization_upgrade\02_external_bias_audit\normalized_external\fake\03\1142203_1949-03-03_2008.jpg,1,03/1142203_1949-03-03_2008.jpg,StableDiffusion_v1_5,external_normalized,deepfakeface_sd15/fake/03/1142203_1949-03-03_2008.jpg,0.2028292715549469,0.5181877613067627,0,freq_cnn,external_test,source_video_disjoint_v1,highpass_0.5,ffpp_validation_checkpoint,ad682adfaf8af8c993a52d42d033cc255791381fd208f7eef09a0e87344a8b6b
320,C:\Users\Rohith Syam\Documents\UTS SEMESTER 3\image processing\idea 2\outputs\generalization_upgrade\02_external_bias_audit\normalized_external\fake\03\13181303_1944-01-11_1971.jpg,1,03/13181303_1944-01-11_1971.jpg,StableDiffusion_v1_5,external_normalized,deepfakeface_sd15/fake/03/13181303_1944-01-11_1971.jpg,0.26745614409446716,0.5181877613067627,0,freq_cnn,external_test,source_video_disjoint_v1,highpass_0.5,ffpp_validation_checkpoint,ad682adfaf8af8c993a52d42d033cc255791381fd208f7eef09a0e87344a8b6b
321,C:\Users\Rohith Syam\Documents\UTS SEMESTER 3\image processing\idea 2\outputs\generalization_upgrade\02_external_bias_audit\normalized_external\fake\03\14926103_1928-01-13_1958.jpg,1,03/14926103_1928-01-13_1958.jpg,StableDiffusion_v1_5,external_normalized,deepfakeface_sd15/fake/03/14926103_1928-01-13_1958.jpg,0.14889265596866608,0.5181877613067627,0,freq_cnn,external_test,source_video_disjoint_v1,highpass_0.5,ffpp_validation_checkpoint,ad682adfaf8af8c993a52d42d033cc255791381fd208f7eef09a0e87344a8b6b
322,C:\Users\Rohith Syam\Documents\UTS SEMESTER 3\image processing\idea 2\outputs\generalization_upgrade\02_external_bias_audit\normalized_external\fake\03\16103_1907-05-26_1965.jpg,1,03/16103_1907-05-26_1965.jpg,StableDiffusion_v1_5,external_normalized,deepfakeface_sd15/fake/03/16103_1907-05-26_1965.jpg,0.23176255822181702,0.5181877613067627,0,freq_cnn,external_test,source_video_disjoint_v1,highpass_0.5,ffpp_validation_checkpoint,ad682adfaf8af8c993a52d42d033cc255791381fd208f7eef09a0e87344a8b6b
323,C:\Users\Rohith Syam\Documents\UTS SEMESTER 3\image processing\idea 2\outputs\generalization_upgrade\02_external_bias_audit\normalized_external\fake\03\18388503_1942-09-14_2007.jpg,1,03/18388503_1942-09-14_2007.jpg,StableDiffusion_v1_5,external_normalized,deepfakeface_sd15/fake/03/18388503_1942-09-14_2007.jpg,0.08422733843326569,0.5181877613067627,0,freq_cnn,external_test,source_video_disjoint_v1,highpass_0.5,ffpp_validation_checkpoint,ad682adfaf8af8c993a52d42d033cc255791381fd208f7eef09a0e87344a8b6b
324,C:\Users\Rohith Syam\Documents\UTS SEMESTER 3\image processing\idea 2\outputs\generalization_upgrade\02_external_bias_audit\normalized_external\fake\03\19966503_1974-03-04_2011.jpg,1,03/19966503_1974-03-04_2011.jpg,StableDiffusion_v1_5,external_normalized,deepfakeface_sd15/fake/03/19966503_1974-03-04_2011.jpg,0.2929244339466095,0.5181877613067627,0,freq_cnn,external_test,source_video_disjoint_v1,highpass_0.5,ffpp_validation_checkpoint,ad682adfaf8af8c993a52d42d033cc255791381fd208f7eef09a0e87344a8b6b
325,C:\Users\Rohith Syam\Documents\UTS SEMESTER 3\image processing\idea 2\outputs\generalization_upgrade\02_external_bias_audit\normalized_external\fake\03\21296103_1982-04-25_2011.jpg,1,03/21296103_1982-04-25_2011.jpg,StableDiffusion_v1_5,external_normalized,deepfakeface_sd15/fake/03/21296103_1982-04-25_2011.jpg,0.29283562302589417,0.5181877613067627,0,freq_cnn,external_test,source_video_disjoint_v1,highpass_0.5,ffpp_validation_checkpoint,ad682adfaf8af8c993a52d42d033cc255791381fd208f7eef09a0e87344a8b6b
326,C:\Users\Rohith Syam\Documents\UTS SEMESTER 3\image processing\idea 2\outputs\generalization_upgrade\02_external_bias_audit\normalized_external\fake\03\2220103_1954-05-18_2009.jpg,1,03/2220103_1954-05-18_2009.jpg,StableDiffusion_v1_5,external_normalized,deepfakeface_sd15/fake/03/2220103_1954-05-18_2009.jpg,0.2874332070350647,0.5181877613067627,0,freq_cnn,external_test,source_video_disjoint_v1,highpass_0.5,ffpp_validation_checkpoint,ad682adfaf8af8c993a52d42d033cc255791381fd208f7eef09a0e87344a8b6b
327,C:\Users\Rohith Syam\Documents\UTS SEMESTER 3\image processing\idea 2\outputs\generalization_upgrade\02_external_bias_audit\normalized_external\fake\03\225903_1935-04-21_2007.jpg,1,03/225903_1935-04-21_2007.jpg,StableDiffusion_v1_5,external_normalized,deepfakeface_sd15/fake/03/225903_1935-04-21_2007.jpg,0.27021151781082153,0.5181877613067627,0,freq_cnn,external_test,source_video_disjoint_v1,highpass_0.5,ffpp_validation_checkpoint,ad682adfaf8af8c993a52d42d033cc255791381fd208f7eef09a0e87344a8b6b
328,C:\Users\Rohith Syam\Documents\UTS SEMESTER 3\image processing\idea 2\outputs\generalization_upgrade\02_external_bias_audit\normalized_external\fake\03\2395003_1940-06-21_1977.jpg,1,03/2395003_1940-06-21_1977.jpg,StableDiffusion_v1_5,external_normalized,deepfakeface_sd15/fake/03/2395003_1940-06-21_1977.jpg,0.28071093559265137,0.5181877613067627,0,freq_cnn,external_test,source_video_disjoint_v1,highpass_0.5,ffpp_validation_checkpoint,ad682adfaf8af8c993a52d42d033cc255791381fd208f7eef09a0e87344a8b6b
329,C:\Users\Rohith Syam\Documents\UTS SEMESTER 3\image processing\idea 2\outputs\generalization_upgrade\02_external_bias_audit\normalized_external\fake\03\2420403_1964-03-18_2007.jpg,1,03/2420403_1964-03-18_2007.jpg,StableDiffusion_v1_5,external_normalized,deepfakeface_sd15/fake/03/2420403_1964-03-18_2007.jpg,0.14370134472846985,0.5181877613067627,0,freq_cnn,external_test,source_video_disjoint_v1,highpass_0.5,ffpp_validation_checkpoint,ad682adfaf8af8c993a52d42d033cc255791381fd208f7eef09a0e87344a8b6b
330,C:\Users\Rohith Syam\Documents\UTS SEMESTER 3\image processing\idea 2\outputs\generalization_upgrade\02_external_bias_audit\normalized_external\fake\03\2740303_1974-11-03_1999.jpg,1,03/2740303_1974-11-03_1999.jpg,StableDiffusion_v1_5,external_normalized,deepfakeface_sd15/fake/03/2740303_1974-11-03_1999.jpg,0.22621595859527588,0.5181877613067627,0,freq_cnn,external_test,source_video_disjoint_v1,highpass_0.5,ffpp_validation_checkpoint,ad682adfaf8af8c993a52d42d033cc255791381fd208f7eef09a0e87344a8b6b
331,C:\Users\Rohith Syam\Documents\UTS SEMESTER 3\image processing\idea 2\outputs\generalization_upgrade\02_external_bias_audit\normalized_external\fake\03\2779203_1965-10-01_2008.jpg,1,03/2779203_1965-10-01_2008.jpg,StableDiffusion_v1_5,external_normalized,deepfakeface_sd15/fake/03/2779203_1965-10-01_2008.jpg,0.16987082362174988,0.5181877613067627,0,freq_cnn,external_test,source_video_disjoint_v1,highpass_0.5,ffpp_validation_checkpoint,ad682adfaf8af8c993a52d42d033cc255791381fd208f7eef09a0e87344a8b6b
332,C:\Users\Rohith Syam\Documents\UTS SEMESTER 3\image processing\idea 2\outputs\generalization_upgrade\02_external_bias_audit\normalized_external\fake\03\317803_1920-03-03_2011.jpg,1,03/317803_1920-03-03_2011.jpg,StableDiffusion_v1_5,external_normalized,deepfakeface_sd15/fake/03/317803_1920-03-03_2011.jpg,0.19273176789283752,0.5181877613067627,0,freq_cnn,external_test,source_video_disjoint_v1,highpass_0.5,ffpp_validation_checkpoint,ad682adfaf8af8c993a52d42d033cc255791381fd208f7eef09a0e87344a8b6b
333,C:\Users\Rohith Syam\Documents\UTS SEMESTER 3\image processing\idea 2\outputs\generalization_upgrade\02_external_bias_audit\normalized_external\fake\03\32442803_1991-09-14_2012.jpg,1,03/32442803_1991-09-14_2012.jpg,StableDiffusion_v1_5,external_normalized,deepfakeface_sd15/fake/03/32442803_1991-09-14_2012.jpg,0.2250710278749466,0.5181877613067627,0,freq_cnn,external_test,source_video_disjoint_v1,highpass_0.5,ffpp_validation_checkpoint,ad682adfaf8af8c993a52d42d033cc255791381fd208f7eef09a0e87344a8b6b
334,C:\Users\Rohith Syam\Documents\UTS SEMESTER 3\image processing\idea 2\outputs\generalization_upgrade\02_external_bias_audit\normalized_external\fake\03\34807003_1990-05-29_2013.jpg,1,03/34807003_1990-05-29_2013.jpg,StableDiffusion_v1_5,external_normalized,deepfakeface_sd15/fake/03/34807003_1990-05-29_2013.jpg,0.1575877070426941,0.5181877613067627,0,freq_cnn,external_test,source_video_disjoint_v1,highpass_0.5,ffpp_validation_checkpoint,ad682adfaf8af8c993a52d42d033cc255791381fd208f7eef09a0e87344a8b6b
335,C:\Users\Rohith Syam\Documents\UTS SEMESTER 3\image processing\idea 2\outputs\generalization_upgrade\02_external_bias_audit\normalized_external\fake\03\37970303_1977-07-09_2013.jpg,1,03/37970303_1977-07-09_2013.jpg,StableDiffusion_v1_5,external_normalized,deepfakeface_sd15/fake/03/37970303_1977-07-09_2013.jpg,0.17160587012767792,0.5181877613067627,0,freq_cnn,external_test,source_video_disjoint_v1,highpass_0.5,ffpp_validation_checkpoint,ad682adfaf8af8c993a52d42d033cc255791381fd208f7eef09a0e87344a8b6b
336,C:\Users\Rohith Syam\Documents\UTS SEMESTER 3\image processing\idea 2\outputs\generalization_upgrade\02_external_bias_audit\normalized_external\fake\03\39605003_1966-06-21_2012.jpg,1,03/39605003_1966-06-21_2012.jpg,StableDiffusion_v1_5,external_normalized,deepfakeface_sd15/fake/03/39605003_1966-06-21_2012.jpg,0.33875179290771484,0.5181877613067627,0,freq_cnn,external_test,source_video_disjoint_v1,highpass_0.5,ffpp_validation_checkpoint,ad682adfaf8af8c993a52d42d033cc255791381fd208f7eef09a0e87344a8b6b
337,C:\Users\Rohith Syam\Documents\UTS SEMESTER 3\image processing\idea 2\outputs\generalization_upgrade\02_external_bias_audit\normalized_external\fake\03\39918103_1988-09-29_2012.jpg,1,03/39918103_1988-09-29_2012.jpg,StableDiffusion_v1_5,external_normalized,deepfakeface_sd15/fake/03/39918103_1988-09-29_2012.jpg,0.09723005443811417,0.5181877613067627,0,freq_cnn,external_test,source_video_disjoint_v1,highpass_0.5,ffpp_validation_checkpoint,ad682adfaf8af8c993a52d42d033cc255791381fd208f7eef09a0e87344a8b6b
338,C:\Users\Rohith Syam\Documents\UTS SEMESTER 3\image processing\idea 2\outputs\generalization_upgrade\02_external_bias_audit\normalized_external\fake\03\4830003_1961-12-01_2010.jpg,1,03/4830003_1961-12-01_2010.jpg,StableDiffusion_v1_5,external_normalized,deepfakeface_sd15/fake/03/4830003_1961-12-01_2010.jpg,0.2958255112171173,0.5181877613067627,0,freq_cnn,external_test,source_video_disjoint_v1,highpass_0.5,ffpp_validation_checkpoint,ad682adfaf8af8c993a52d42d033cc255791381fd208f7eef09a0e87344a8b6b
339,C:\Users\Rohith Syam\Documents\UTS SEMESTER 3\image processing\idea 2\outputs\generalization_upgrade\02_external_bias_audit\normalized_external\fake\03\555703_1913-07-13_1970.jpg,1,03/555703_1913-07-13_1970.jpg,StableDiffusion_v1_5,external_normalized,deepfakeface_sd15/fake/03/555703_1913-07-13_1970.jpg,0.20004044473171234,0.5181877613067627,0,freq_cnn,external_test,source_video_disjoint_v1,highpass_0.5,ffpp_validation_checkpoint,ad682adfaf8af8c993a52d42d033cc255791381fd208f7eef09a0e87344a8b6b
340,C:\Users\Rohith Syam\Documents\UTS SEMESTER 3\image processing\idea 2\outputs\generalization_upgrade\02_external_bias_audit\normalized_external\fake\03\6104003_1985-07-06_2006.jpg,1,03/6104003_1985-07-06_2006.jpg,StableDiffusion_v1_5,external_normalized,deepfakeface_sd15/fake/03/6104003_1985-07-06_2006.jpg,0.21618153154850006,0.5181877613067627,0,freq_cnn,external_test,source_video_disjoint_v1,highpass_0.5,ffpp_validation_checkpoint,ad682adfaf8af8c993a52d42d033cc255791381fd208f7eef09a0e87344a8b6b
341,C:\Users\Rohith Syam\Documents\UTS SEMESTER 3\image processing\idea 2\outputs\generalization_upgrade\02_external_bias_audit\normalized_external\fake\03\7100903_1961-03-15_2010.jpg,1,03/7100903_1961-03-15_2010.jpg,StableDiffusion_v1_5,external_normalized,deepfakeface_sd15/fake/03/7100903_1961-03-15_2010.jpg,0.3353947699069977,0.5181877613067627,0,freq_cnn,external_test,source_video_disjoint_v1,highpass_0.5,ffpp_validation_checkpoint,ad682adfaf8af8c993a52d42d033cc255791381fd208f7eef09a0e87344a8b6b
342,C:\Users\Rohith Syam\Documents\UTS SEMESTER 3\image processing\idea 2\outputs\generalization_upgrade\02_external_bias_audit\normalized_external\fake\03\7655603_1956-03-09_2010.jpg,1,03/7655603_1956-03-09_2010.jpg,StableDiffusion_v1_5,external_normalized,deepfakeface_sd15/fake/03/7655603_1956-03-09_2010.jpg,0.30493754148483276,0.5181877613067627,0,freq_cnn,external_test,source_video_disjoint_v1,highpass_0.5,ffpp_validation_checkpoint,ad682adfaf8af8c993a52d42d033cc255791381fd208f7eef09a0e87344a8b6b
343,C:\Users\Rohith Syam\Documents\UTS SEMESTER 3\image processing\idea 2\outputs\generalization_upgrade\02_external_bias_audit\normalized_external\fake\03\8902703_1978-09-20_2007.jpg,1,03/8902703_1978-09-20_2007.jpg,StableDiffusion_v1_5,external_normalized,deepfakeface_sd15/fake/03/8902703_1978-09-20_2007.jpg,0.21540775895118713,0.5181877613067627,0,freq_cnn,external_test,source_video_disjoint_v1,highpass_0.5,ffpp_validation_checkpoint,ad682adfaf8af8c993a52d42d033cc255791381fd208f7eef09a0e87344a8b6b
344,C:\Users\Rohith Syam\Documents\UTS SEMESTER 3\image processing\idea 2\outputs\generalization_upgrade\02_external_bias_audit\normalized_external\fake\03\9000703_1982-07-16_2008.jpg,1,03/9000703_1982-07-16_2008.jpg,StableDiffusion_v1_5,external_normalized,deepfakeface_sd15/fake/03/9000703_1982-07-16_2008.jpg,0.07452963292598724,0.5181877613067627,0,freq_cnn,external_test,source_video_disjoint_v1,highpass_0.5,ffpp_validation_checkpoint,ad682adfaf8af8c993a52d42d033cc255791381fd208f7eef09a0e87344a8b6b
345,C:\Users\Rohith Syam\Documents\UTS SEMESTER 3\image processing\idea 2\outputs\generalization_upgrade\02_external_bias_audit\normalized_external\fake\03\9729003_1988-05-18_2011.jpg,1,03/9729003_1988-05-18_2011.jpg,StableDiffusion_v1_5,external_normalized,deepfakeface_sd15/fake/03/9729003_1988-05-18_2011.jpg,0.25968632102012634,0.5181877613067627,0,freq_cnn,external_test,source_video_disjoint_v1,highpass_0.5,ffpp_validation_checkpoint,ad682adfaf8af8c993a52d42d033cc255791381fd208f7eef09a0e87344a8b6b
346,C:\Users\Rohith Syam\Documents\UTS SEMESTER 3\image processing\idea 2\outputs\generalization_upgrade\02_external_bias_audit\normalized_external\fake\03\97803_1991-04-04_2007.jpg,1,03/97803_1991-04-04_2007.jpg,StableDiffusion_v1_5,external_normalized,deepfakeface_sd15/fake/03/97803_1991-04-04_2007.jpg,0.2729954719543457,0.5181877613067627,0,freq_cnn,external_test,source_video_disjoint_v1,highpass_0.5,ffpp_validation_checkpoint,ad682adfaf8af8c993a52d42d033cc255791381fd208f7eef09a0e87344a8b6b
347,C:\Users\Rohith Syam\Documents\UTS SEMESTER 3\image processing\idea 2\outputs\generalization_upgrade\02_external_bias_audit\normalized_external\fake\12\1836812_1976-11-06_2013.jpg,1,12/1836812_1976-11-06_2013.jpg,StableDiffusion_v1_5,external_normalized,deepfakeface_sd15/fake/12/1836812_1976-11-06_2013.jpg,0.3439106345176697,0.5181877613067627,0,freq_cnn,external_test,source_video_disjoint_v1,highpass_0.5,ffpp_validation_checkpoint,ad682adfaf8af8c993a52d42d033cc255791381fd208f7eef09a0e87344a8b6b
348,C:\Users\Rohith Syam\Documents\UTS SEMESTER 3\image processing\idea 2\outputs\generalization_upgrade\02_external_bias_audit\normalized_external\fake\14\12041214_1955-03-25_2012.jpg,1,14/12041214_1955-03-25_2012.jpg,StableDiffusion_v1_5,external_normalized,deepfakeface_sd15/fake/14/12041214_1955-03-25_2012.jpg,0.13647641241550446,0.5181877613067627,0,freq_cnn,external_test,source_video_disjoint_v1,highpass_0.5,ffpp_validation_checkpoint,ad682adfaf8af8c993a52d42d033cc255791381fd208f7eef09a0e87344a8b6b
349,C:\Users\Rohith Syam\Documents\UTS SEMESTER 3\image processing\idea 2\outputs\generalization_upgrade\02_external_bias_audit\normalized_external\fake\14\12461914_1975-12-14_2007.jpg,1,14/12461914_1975-12-14_2007.jpg,StableDiffusion_v1_5,external_normalized,deepfakeface_sd15/fake/14/12461914_1975-12-14_2007.jpg,0.22920164465904236,0.5181877613067627,0,freq_cnn,external_test,source_video_disjoint_v1,highpass_0.5,ffpp_validation_checkpoint,ad682adfaf8af8c993a52d42d033cc255791381fd208f7eef09a0e87344a8b6b
350,C:\Users\Rohith Syam\Documents\UTS SEMESTER 3\image processing\idea 2\outputs\generalization_upgrade\02_external_bias_audit\normalized_external\fake\14\14307714_1977-01-29_2013.jpg,1,14/14307714_1977-01-29_2013.jpg,StableDiffusion_v1_5,external_normalized,deepfakeface_sd15/fake/14/14307714_1977-01-29_2013.jpg,0.26880520582199097,0.5181877613067627,0,freq_cnn,external_test,source_video_disjoint_v1,highpass_0.5,ffpp_validation_checkpoint,ad682adfaf8af8c993a52d42d033cc255791381fd208f7eef09a0e87344a8b6b
351,C:\Users\Rohith Syam\Documents\UTS SEMESTER 3\image processing\idea 2\outputs\generalization_upgrade\02_external_bias_audit\normalized_external\fake\14\170514_1963-03-06_1970.jpg,1,14/170514_1963-03-06_1970.jpg,StableDiffusion_v1_5,external_normalized,deepfakeface_sd15/fake/14/170514_1963-03-06_1970.jpg,0.20671457052230835,0.5181877613067627,0,freq_cnn,external_test,source_video_disjoint_v1,highpass_0.5,ffpp_validation_checkpoint,ad682adfaf8af8c993a52d42d033cc255791381fd208f7eef09a0e87344a8b6b
352,C:\Users\Rohith Syam\Documents\UTS SEMESTER 3\image processing\idea 2\outputs\generalization_upgrade\02_external_bias_audit\normalized_external\fake\14\1830414_1971-07-01_2013.jpg,1,14/1830414_1971-07-01_2013.jpg,StableDiffusion_v1_5,external_normalized,deepfakeface_sd15/fake/14/1830414_1971-07-01_2013.jpg,0.2574438452720642,0.5181877613067627,0,freq_cnn,external_test,source_video_disjoint_v1,highpass_0.5,ffpp_validation_checkpoint,ad682adfaf8af8c993a52d42d033cc255791381fd208f7eef09a0e87344a8b6b
353,C:\Users\Rohith Syam\Documents\UTS SEMESTER 3\image processing\idea 2\outputs\generalization_upgrade\02_external_bias_audit\normalized_external\fake\14\19894914_1989-10-19_2012.jpg,1,14/19894914_1989-10-19_2012.jpg,StableDiffusion_v1_5,external_normalized,deepfakeface_sd15/fake/14/19894914_1989-10-19_2012.jpg,0.17797860503196716,0.5181877613067627,0,freq_cnn,external_test,source_video_disjoint_v1,highpass_0.5,ffpp_validation_checkpoint,ad682adfaf8af8c993a52d42d033cc255791381fd208f7eef09a0e87344a8b6b
354,C:\Users\Rohith Syam\Documents\UTS SEMESTER 3\image processing\idea 2\outputs\generalization_upgrade\02_external_bias_audit\normalized_external\fake\14\1995914_1928-11-21_1976.jpg,1,14/1995914_1928-11-21_1976.jpg,StableDiffusion_v1_5,external_normalized,deepfakeface_sd15/fake/14/1995914_1928-11-21_1976.jpg,0.25922927260398865,0.5181877613067627,0,freq_cnn,external_test,source_video_disjoint_v1,highpass_0.5,ffpp_validation_checkpoint,ad682adfaf8af8c993a52d42d033cc255791381fd208f7eef09a0e87344a8b6b
355,C:\Users\Rohith Syam\Documents\UTS SEMESTER 3\image processing\idea 2\outputs\generalization_upgrade\02_external_bias_audit\normalized_external\fake\14\2009614_1964-05-13_2008.jpg,1,14/2009614_1964-05-13_2008.jpg,StableDiffusion_v1_5,external_normalized,deepfakeface_sd15/fake/14/2009614_1964-05-13_2008.jpg,0.2869613766670227,0.5181877613067627,0,freq_cnn,external_test,source_video_disjoint_v1,highpass_0.5,ffpp_validation_checkpoint,ad682adfaf8af8c993a52d42d033cc255791381fd208f7eef09a0e87344a8b6b
356,C:\Users\Rohith Syam\Documents\UTS SEMESTER 3\image processing\idea 2\outputs\generalization_upgrade\02_external_bias_audit\normalized_external\fake\14\21538614_1990-11-01_2015.jpg,1,14/21538614_1990-11-01_2015.jpg,StableDiffusion_v1_5,external_normalized,deepfakeface_sd15/fake/14/21538614_1990-11-01_2015.jpg,0.2535474896430969,0.5181877613067627,0,freq_cnn,external_test,source_video_disjoint_v1,highpass_0.5,ffpp_validation_checkpoint,ad682adfaf8af8c993a52d42d033cc255791381fd208f7eef09a0e87344a8b6b
357,C:\Users\Rohith Syam\Documents\UTS SEMESTER 3\image processing\idea 2\outputs\generalization_upgrade\02_external_bias_audit\normalized_external\fake\14\22037414_1987-06-05_2013.jpg,1,14/22037414_1987-06-05_2013.jpg,StableDiffusion_v1_5,external_normalized,deepfakeface_sd15/fake/14/22037414_1987-06-05_2013.jpg,0.11147437244653702,0.5181877613067627,0,freq_cnn,external_test,source_video_disjoint_v1,highpass_0.5,ffpp_validation_checkpoint,ad682adfaf8af8c993a52d42d033cc255791381fd208f7eef09a0e87344a8b6b
358,C:\Users\Rohith Syam\Documents\UTS SEMESTER 3\image processing\idea 2\outputs\generalization_upgrade\02_external_bias_audit\normalized_external\fake\14\23420614_1974-04-16_2008.jpg,1,14/23420614_1974-04-16_2008.jpg,StableDiffusion_v1_5,external_normalized,deepfakeface_sd15/fake/14/23420614_1974-04-16_2008.jpg,0.28115972876548767,0.5181877613067627,0,freq_cnn,external_test,source_video_disjoint_v1,highpass_0.5,ffpp_validation_checkpoint,ad682adfaf8af8c993a52d42d033cc255791381fd208f7eef09a0e87344a8b6b
359,C:\Users\Rohith Syam\Documents\UTS SEMESTER 3\image processing\idea 2\outputs\generalization_upgrade\02_external_bias_audit\normalized_external\fake\14\27131114_1983-08-30_2011.jpg,1,14/27131114_1983-08-30_2011.jpg,StableDiffusion_v1_5,external_normalized,deepfakeface_sd15/fake/14/27131114_1983-08-30_2011.jpg,0.2412889152765274,0.5181877613067627,0,freq_cnn,external_test,source_video_disjoint_v1,highpass_0.5,ffpp_validation_checkpoint,ad682adfaf8af8c993a52d42d033cc255791381fd208f7eef09a0e87344a8b6b
360,C:\Users\Rohith Syam\Documents\UTS SEMESTER 3\image processing\idea 2\outputs\generalization_upgrade\02_external_bias_audit\normalized_external\fake\14\28269114_1941-03-21_2011.jpg,1,14/28269114_1941-03-21_2011.jpg,StableDiffusion_v1_5,external_normalized,deepfakeface_sd15/fake/14/28269114_1941-03-21_2011.jpg,0.21471892297267914,0.5181877613067627,0,freq_cnn,external_test,source_video_disjoint_v1,highpass_0.5,ffpp_validation_checkpoint,ad682adfaf8af8c993a52d42d033cc255791381fd208f7eef09a0e87344a8b6b
361,C:\Users\Rohith Syam\Documents\UTS SEMESTER 3\image processing\idea 2\outputs\generalization_upgrade\02_external_bias_audit\normalized_external\fake\14\28819114_1961-06-26_2009.jpg,1,14/28819114_1961-06-26_2009.jpg,StableDiffusion_v1_5,external_normalized,deepfakeface_sd15/fake/14/28819114_1961-06-26_2009.jpg,0.2611750662326813,0.5181877613067627,0,freq_cnn,external_test,source_video_disjoint_v1,highpass_0.5,ffpp_validation_checkpoint,ad682adfaf8af8c993a52d42d033cc255791381fd208f7eef09a0e87344a8b6b
362,C:\Users\Rohith Syam\Documents\UTS SEMESTER 3\image processing\idea 2\outputs\generalization_upgrade\02_external_bias_audit\normalized_external\fake\14\33258714_1979-05-30_2011.jpg,1,14/33258714_1979-05-30_2011.jpg,StableDiffusion_v1_5,external_normalized,deepfakeface_sd15/fake/14/33258714_1979-05-30_2011.jpg,0.3382624387741089,0.5181877613067627,0,freq_cnn,external_test,source_video_disjoint_v1,highpass_0.5,ffpp_validation_checkpoint,ad682adfaf8af8c993a52d42d033cc255791381fd208f7eef09a0e87344a8b6b
363,C:\Users\Rohith Syam\Documents\UTS SEMESTER 3\image processing\idea 2\outputs\generalization_upgrade\02_external_bias_audit\normalized_external\fake\14\35642014_1989-04-27_2012.jpg,1,14/35642014_1989-04-27_2012.jpg,StableDiffusion_v1_5,external_normalized,deepfakeface_sd15/fake/14/35642014_1989-04-27_2012.jpg,0.1190578043460846,0.5181877613067627,0,freq_cnn,external_test,source_video_disjoint_v1,highpass_0.5,ffpp_validation_checkpoint,ad682adfaf8af8c993a52d42d033cc255791381fd208f7eef09a0e87344a8b6b
364,C:\Users\Rohith Syam\Documents\UTS SEMESTER 3\image processing\idea 2\outputs\generalization_upgrade\02_external_bias_audit\normalized_external\fake\14\36566914_1988-08-11_2014.jpg,1,14/36566914_1988-08-11_2014.jpg,StableDiffusion_v1_5,external_normalized,deepfakeface_sd15/fake/14/36566914_1988-08-11_2014.jpg,0.22098366916179657,0.5181877613067627,0,freq_cnn,external_test,source_video_disjoint_v1,highpass_0.5,ffpp_validation_checkpoint,ad682adfaf8af8c993a52d42d033cc255791381fd208f7eef09a0e87344a8b6b
365,C:\Users\Rohith Syam\Documents\UTS SEMESTER 3\image processing\idea 2\outputs\generalization_upgrade\02_external_bias_audit\normalized_external\fake\14\36573714_1984-12-01_2012.jpg,1,14/36573714_1984-12-01_2012.jpg,StableDiffusion_v1_5,external_normalized,deepfakeface_sd15/fake/14/36573714_1984-12-01_2012.jpg,0.18988794088363647,0.5181877613067627,0,freq_cnn,external_test,source_video_disjoint_v1,highpass_0.5,ffpp_validation_checkpoint,ad682adfaf8af8c993a52d42d033cc255791381fd208f7eef09a0e87344a8b6b
366,C:\Users\Rohith Syam\Documents\UTS SEMESTER 3\image processing\idea 2\outputs\generalization_upgrade\02_external_bias_audit\normalized_external\fake\14\3772814_1978-02-28_2008.jpg,1,14/3772814_1978-02-28_2008.jpg,StableDiffusion_v1_5,external_normalized,deepfakeface_sd15/fake/14/3772814_1978-02-28_2008.jpg,0.22510302066802979,0.5181877613067627,0,freq_cnn,external_test,source_video_disjoint_v1,highpass_0.5,ffpp_validation_checkpoint,ad682adfaf8af8c993a52d42d033cc255791381fd208f7eef09a0e87344a8b6b
367,C:\Users\Rohith Syam\Documents\UTS SEMESTER 3\image processing\idea 2\outputs\generalization_upgrade\02_external_bias_audit\normalized_external\fake\14\41732014_1943-06-18_1969.jpg,1,14/41732014_1943-06-18_1969.jpg,StableDiffusion_v1_5,external_normalized,deepfakeface_sd15/fake/14/41732014_1943-06-18_1969.jpg,0.15696926414966583,0.5181877613067627,0,freq_cnn,external_test,source_video_disjoint_v1,highpass_0.5,ffpp_validation_checkpoint,ad682adfaf8af8c993a52d42d033cc255791381fd208f7eef09a0e87344a8b6b
368,C:\Users\Rohith Syam\Documents\UTS SEMESTER 3\image processing\idea 2\outputs\generalization_upgrade\02_external_bias_audit\normalized_external\fake\14\4295614_1924-09-15_1987.jpg,1,14/4295614_1924-09-15_1987.jpg,StableDiffusion_v1_5,external_normalized,deepfakeface_sd15/fake/14/4295614_1924-09-15_1987.jpg,0.11757909506559372,0.5181877613067627,0,freq_cnn,external_test,source_video_disjoint_v1,highpass_0.5,ffpp_validation_checkpoint,ad682adfaf8af8c993a52d42d033cc255791381fd208f7eef09a0e87344a8b6b
369,C:\Users\Rohith Syam\Documents\UTS SEMESTER 3\image processing\idea 2\outputs\generalization_upgrade\02_external_bias_audit\normalized_external\fake\14\44096714_1964-06-29_2012.jpg,1,14/44096714_1964-06-29_2012.jpg,StableDiffusion_v1_5,external_normalized,deepfakeface_sd15/fake/14/44096714_1964-06-29_2012.jpg,0.14152522385120392,0.5181877613067627,0,freq_cnn,external_test,source_video_disjoint_v1,highpass_0.5,ffpp_validation_checkpoint,ad682adfaf8af8c993a52d42d033cc255791381fd208f7eef09a0e87344a8b6b
370,C:\Users\Rohith Syam\Documents\UTS SEMESTER 3\image processing\idea 2\outputs\generalization_upgrade\02_external_bias_audit\normalized_external\fake\14\448514_1959-03-06_2007.jpg,1,14/448514_1959-03-06_2007.jpg,StableDiffusion_v1_5,external_normalized,deepfakeface_sd15/fake/14/448514_1959-03-06_2007.jpg,0.28029927611351013,0.5181877613067627,0,freq_cnn,external_test,source_video_disjoint_v1,highpass_0.5,ffpp_validation_checkpoint,ad682adfaf8af8c993a52d42d033cc255791381fd208f7eef09a0e87344a8b6b
371,C:\Users\Rohith Syam\Documents\UTS SEMESTER 3\image processing\idea 2\outputs\generalization_upgrade\02_external_bias_audit\normalized_external\fake\14\585414_1951-03-17_2014.jpg,1,14/585414_1951-03-17_2014.jpg,StableDiffusion_v1_5,external_normalized,deepfakeface_sd15/fake/14/585414_1951-03-17_2014.jpg,0.22232620418071747,0.5181877613067627,0,freq_cnn,external_test,source_video_disjoint_v1,highpass_0.5,ffpp_validation_checkpoint,ad682adfaf8af8c993a52d42d033cc255791381fd208f7eef09a0e87344a8b6b
372,C:\Users\Rohith Syam\Documents\UTS SEMESTER 3\image processing\idea 2\outputs\generalization_upgrade\02_external_bias_audit\normalized_external\fake\14\5923814_1958-08-28_1991.jpg,1,14/5923814_1958-08-28_1991.jpg,StableDiffusion_v1_5,external_normalized,deepfakeface_sd15/fake/14/5923814_1958-08-28_1991.jpg,0.1387362778186798,0.5181877613067627,0,freq_cnn,external_test,source_video_disjoint_v1,highpass_0.5,ffpp_validation_checkpoint,ad682adfaf8af8c993a52d42d033cc255791381fd208f7eef09a0e87344a8b6b
373,C:\Users\Rohith Syam\Documents\UTS SEMESTER 3\image processing\idea 2\outputs\generalization_upgrade\02_external_bias_audit\normalized_external\fake\14\5965014_1981-12-21_2013.jpg,1,14/5965014_1981-12-21_2013.jpg,StableDiffusion_v1_5,external_normalized,deepfakeface_sd15/fake/14/5965014_1981-12-21_2013.jpg,0.3556414842605591,0.5181877613067627,0,freq_cnn,external_test,source_video_disjoint_v1,highpass_0.5,ffpp_validation_checkpoint,ad682adfaf8af8c993a52d42d033cc255791381fd208f7eef09a0e87344a8b6b
374,C:\Users\Rohith Syam\Documents\UTS SEMESTER 3\image processing\idea 2\outputs\generalization_upgrade\02_external_bias_audit\normalized_external\fake\14\852514_1980-01-18_2013.jpg,1,14/852514_1980-01-18_2013.jpg,StableDiffusion_v1_5,external_normalized,deepfakeface_sd15/fake/14/852514_1980-01-18_2013.jpg,0.1935306340456009,0.5181877613067627,0,freq_cnn,external_test,source_video_disjoint_v1,highpass_0.5,ffpp_validation_checkpoint,ad682adfaf8af8c993a52d42d033cc255791381fd208f7eef09a0e87344a8b6b
375,C:\Users\Rohith Syam\Documents\UTS SEMESTER 3\image processing\idea 2\outputs\generalization_upgrade\02_external_bias_audit\normalized_external\fake\14\8543614_1983-09-25_2010.jpg,1,14/8543614_1983-09-25_2010.jpg,StableDiffusion_v1_5,external_normalized,deepfakeface_sd15/fake/14/8543614_1983-09-25_2010.jpg,0.27470338344573975,0.5181877613067627,0,freq_cnn,external_test,source_video_disjoint_v1,highpass_0.5,ffpp_validation_checkpoint,ad682adfaf8af8c993a52d42d033cc255791381fd208f7eef09a0e87344a8b6b
376,C:\Users\Rohith Syam\Documents\UTS SEMESTER 3\image processing\idea 2\outputs\generalization_upgrade\02_external_bias_audit\normalized_external\fake\14\9716514_1900-04-10_1946.jpg,1,14/9716514_1900-04-10_1946.jpg,StableDiffusion_v1_5,external_normalized,deepfakeface_sd15/fake/14/9716514_1900-04-10_1946.jpg,0.24322238564491272,0.5181877613067627,0,freq_cnn,external_test,source_video_disjoint_v1,highpass_0.5,ffpp_validation_checkpoint,ad682adfaf8af8c993a52d42d033cc255791381fd208f7eef09a0e87344a8b6b
377,C:\Users\Rohith Syam\Documents\UTS SEMESTER 3\image processing\idea 2\outputs\generalization_upgrade\02_external_bias_audit\normalized_external\fake\21\10172021_1963-06-02_2006.jpg,1,21/10172021_1963-06-02_2006.jpg,StableDiffusion_v1_5,external_normalized,deepfakeface_sd15/fake/21/10172021_1963-06-02_2006.jpg,0.2266547828912735,0.5181877613067627,0,freq_cnn,external_test,source_video_disjoint_v1,highpass_0.5,ffpp_validation_checkpoint,ad682adfaf8af8c993a52d42d033cc255791381fd208f7eef09a0e87344a8b6b
378,C:\Users\Rohith Syam\Documents\UTS SEMESTER 3\image processing\idea 2\outputs\generalization_upgrade\02_external_bias_audit\normalized_external\fake\21\1176621_1966-05-16_2010.jpg,1,21/1176621_1966-05-16_2010.jpg,StableDiffusion_v1_5,external_normalized,deepfakeface_sd15/fake/21/1176621_1966-05-16_2010.jpg,0.21413420140743256,0.5181877613067627,0,freq_cnn,external_test,source_video_disjoint_v1,highpass_0.5,ffpp_validation_checkpoint,ad682adfaf8af8c993a52d42d033cc255791381fd208f7eef09a0e87344a8b6b
379,C:\Users\Rohith Syam\Documents\UTS SEMESTER 3\image processing\idea 2\outputs\generalization_upgrade\02_external_bias_audit\normalized_external\fake\21\12261121_1985-01-04_2014.jpg,1,21/12261121_1985-01-04_2014.jpg,StableDiffusion_v1_5,external_normalized,deepfakeface_sd15/fake/21/12261121_1985-01-04_2014.jpg,0.0935865268111229,0.5181877613067627,0,freq_cnn,external_test,source_video_disjoint_v1,highpass_0.5,ffpp_validation_checkpoint,ad682adfaf8af8c993a52d42d033cc255791381fd208f7eef09a0e87344a8b6b
380,C:\Users\Rohith Syam\Documents\UTS SEMESTER 3\image processing\idea 2\outputs\generalization_upgrade\02_external_bias_audit\normalized_external\fake\21\15872621_1922-08-28_1952.jpg,1,21/15872621_1922-08-28_1952.jpg,StableDiffusion_v1_5,external_normalized,deepfakeface_sd15/fake/21/15872621_1922-08-28_1952.jpg,0.1498989462852478,0.5181877613067627,0,freq_cnn,external_test,source_video_disjoint_v1,highpass_0.5,ffpp_validation_checkpoint,ad682adfaf8af8c993a52d42d033cc255791381fd208f7eef09a0e87344a8b6b
381,C:\Users\Rohith Syam\Documents\UTS SEMESTER 3\image processing\idea 2\outputs\generalization_upgrade\02_external_bias_audit\normalized_external\fake\21\15905321_1990-01-06_2009.jpg,1,21/15905321_1990-01-06_2009.jpg,StableDiffusion_v1_5,external_normalized,deepfakeface_sd15/fake/21/15905321_1990-01-06_2009.jpg,0.19781868159770966,0.5181877613067627,0,freq_cnn,external_test,source_video_disjoint_v1,highpass_0.5,ffpp_validation_checkpoint,ad682adfaf8af8c993a52d42d033cc255791381fd208f7eef09a0e87344a8b6b
382,C:\Users\Rohith Syam\Documents\UTS SEMESTER 3\image processing\idea 2\outputs\generalization_upgrade\02_external_bias_audit\normalized_external\fake\21\16521_1938-12-29_2011.jpg,1,21/16521_1938-12-29_2011.jpg,StableDiffusion_v1_5,external_normalized,deepfakeface_sd15/fake/21/16521_1938-12-29_2011.jpg,0.17506170272827148,0.5181877613067627,0,freq_cnn,external_test,source_video_disjoint_v1,highpass_0.5,ffpp_validation_checkpoint,ad682adfaf8af8c993a52d42d033cc255791381fd208f7eef09a0e87344a8b6b
383,C:\Users\Rohith Syam\Documents\UTS SEMESTER 3\image processing\idea 2\outputs\generalization_upgrade\02_external_bias_audit\normalized_external\fake\21\174821_1961-09-25_1993.jpg,1,21/174821_1961-09-25_1993.jpg,StableDiffusion_v1_5,external_normalized,deepfakeface_sd15/fake/21/174821_1961-09-25_1993.jpg,0.19020749628543854,0.5181877613067627,0,freq_cnn,external_test,source_video_disjoint_v1,highpass_0.5,ffpp_validation_checkpoint,ad682adfaf8af8c993a52d42d033cc255791381fd208f7eef09a0e87344a8b6b
384,C:\Users\Rohith Syam\Documents\UTS SEMESTER 3\image processing\idea 2\outputs\generalization_upgrade\02_external_bias_audit\normalized_external\fake\21\1825621_1945-09-08_2008.jpg,1,21/1825621_1945-09-08_2008.jpg,StableDiffusion_v1_5,external_normalized,deepfakeface_sd15/fake/21/1825621_1945-09-08_2008.jpg,0.08539050072431564,0.5181877613067627,0,freq_cnn,external_test,source_video_disjoint_v1,highpass_0.5,ffpp_validation_checkpoint,ad682adfaf8af8c993a52d42d033cc255791381fd208f7eef09a0e87344a8b6b
385,C:\Users\Rohith Syam\Documents\UTS SEMESTER 3\image processing\idea 2\outputs\generalization_upgrade\02_external_bias_audit\normalized_external\fake\21\20599521_1967-08-09_2012.jpg,1,21/20599521_1967-08-09_2012.jpg,StableDiffusion_v1_5,external_normalized,deepfakeface_sd15/fake/21/20599521_1967-08-09_2012.jpg,0.12551765143871307,0.5181877613067627,0,freq_cnn,external_test,source_video_disjoint_v1,highpass_0.5,ffpp_validation_checkpoint,ad682adfaf8af8c993a52d42d033cc255791381fd208f7eef09a0e87344a8b6b
386,C:\Users\Rohith Syam\Documents\UTS SEMESTER 3\image processing\idea 2\outputs\generalization_upgrade\02_external_bias_audit\normalized_external\fake\21\24644621_1964-12-15_2010.jpg,1,21/24644621_1964-12-15_2010.jpg,StableDiffusion_v1_5,external_normalized,deepfakeface_sd15/fake/21/24644621_1964-12-15_2010.jpg,0.3342095911502838,0.5181877613067627,0,freq_cnn,external_test,source_video_disjoint_v1,highpass_0.5,ffpp_validation_checkpoint,ad682adfaf8af8c993a52d42d033cc255791381fd208f7eef09a0e87344a8b6b
387,C:\Users\Rohith Syam\Documents\UTS SEMESTER 3\image processing\idea 2\outputs\generalization_upgrade\02_external_bias_audit\normalized_external\fake\21\250721_1956-06-03_2010.jpg,1,21/250721_1956-06-03_2010.jpg,StableDiffusion_v1_5,external_normalized,deepfakeface_sd15/fake/21/250721_1956-06-03_2010.jpg,0.03374198451638222,0.5181877613067627,0,freq_cnn,external_test,source_video_disjoint_v1,highpass_0.5,ffpp_validation_checkpoint,ad682adfaf8af8c993a52d42d033cc255791381fd208f7eef09a0e87344a8b6b
388,C:\Users\Rohith Syam\Documents\UTS SEMESTER 3\image processing\idea 2\outputs\generalization_upgrade\02_external_bias_audit\normalized_external\fake\21\2797621_1960-03-15_2011.jpg,1,21/2797621_1960-03-15_2011.jpg,StableDiffusion_v1_5,external_normalized,deepfakeface_sd15/fake/21/2797621_1960-03-15_2011.jpg,0.20109717547893524,0.5181877613067627,0,freq_cnn,external_test,source_video_disjoint_v1,highpass_0.5,ffpp_validation_checkpoint,ad682adfaf8af8c993a52d42d033cc255791381fd208f7eef09a0e87344a8b6b
389,C:\Users\Rohith Syam\Documents\UTS SEMESTER 3\image processing\idea 2\outputs\generalization_upgrade\02_external_bias_audit\normalized_external\fake\21\29126821_1986-10-07_2014.jpg,1,21/29126821_1986-10-07_2014.jpg,StableDiffusion_v1_5,external_normalized,deepfakeface_sd15/fake/21/29126821_1986-10-07_2014.jpg,0.3495129346847534,0.5181877613067627,0,freq_cnn,external_test,source_video_disjoint_v1,highpass_0.5,ffpp_validation_checkpoint,ad682adfaf8af8c993a52d42d033cc255791381fd208f7eef09a0e87344a8b6b
390,C:\Users\Rohith Syam\Documents\UTS SEMESTER 3\image processing\idea 2\outputs\generalization_upgrade\02_external_bias_audit\normalized_external\fake\21\2950421_1974-09-11_2007.jpg,1,21/2950421_1974-09-11_2007.jpg,StableDiffusion_v1_5,external_normalized,deepfakeface_sd15/fake/21/2950421_1974-09-11_2007.jpg,0.09267531335353851,0.5181877613067627,0,freq_cnn,external_test,source_video_disjoint_v1,highpass_0.5,ffpp_validation_checkpoint,ad682adfaf8af8c993a52d42d033cc255791381fd208f7eef09a0e87344a8b6b
391,C:\Users\Rohith Syam\Documents\UTS SEMESTER 3\image processing\idea 2\outputs\generalization_upgrade\02_external_bias_audit\normalized_external\fake\21\295321_1904-08-23_1955.jpg,1,21/295321_1904-08-23_1955.jpg,StableDiffusion_v1_5,external_normalized,deepfakeface_sd15/fake/21/295321_1904-08-23_1955.jpg,0.10039092600345612,0.5181877613067627,0,freq_cnn,external_test,source_video_disjoint_v1,highpass_0.5,ffpp_validation_checkpoint,ad682adfaf8af8c993a52d42d033cc255791381fd208f7eef09a0e87344a8b6b
392,C:\Users\Rohith Syam\Documents\UTS SEMESTER 3\image processing\idea 2\outputs\generalization_upgrade\02_external_bias_audit\normalized_external\fake\21\3003021_1956-12-23_2014.jpg,1,21/3003021_1956-12-23_2014.jpg,StableDiffusion_v1_5,external_normalized,deepfakeface_sd15/fake/21/3003021_1956-12-23_2014.jpg,0.27656233310699463,0.5181877613067627,0,freq_cnn,external_test,source_video_disjoint_v1,highpass_0.5,ffpp_validation_checkpoint,ad682adfaf8af8c993a52d42d033cc255791381fd208f7eef09a0e87344a8b6b
393,C:\Users\Rohith Syam\Documents\UTS SEMESTER 3\image processing\idea 2\outputs\generalization_upgrade\02_external_bias_audit\normalized_external\fake\21\30496921_1916-02-13_1977.jpg,1,21/30496921_1916-02-13_1977.jpg,StableDiffusion_v1_5,external_normalized,deepfakeface_sd15/fake/21/30496921_1916-02-13_1977.jpg,0.2548745572566986,0.5181877613067627,0,freq_cnn,external_test,source_video_disjoint_v1,highpass_0.5,ffpp_validation_checkpoint,ad682adfaf8af8c993a52d42d033cc255791381fd208f7eef09a0e87344a8b6b
394,C:\Users\Rohith Syam\Documents\UTS SEMESTER 3\image processing\idea 2\outputs\generalization_upgrade\02_external_bias_audit\normalized_external\fake\21\332221_1903-07-21_2007.jpg,1,21/332221_1903-07-21_2007.jpg,StableDiffusion_v1_5,external_normalized,deepfakeface_sd15/fake/21/332221_1903-07-21_2007.jpg,0.16464640200138092,0.5181877613067627,0,freq_cnn,external_test,source_video_disjoint_v1,highpass_0.5,ffpp_validation_checkpoint,ad682adfaf8af8c993a52d42d033cc255791381fd208f7eef09a0e87344a8b6b
395,C:\Users\Rohith Syam\Documents\UTS SEMESTER 3\image processing\idea 2\outputs\generalization_upgrade\02_external_bias_audit\normalized_external\fake\21\35191121_1990-01-18_2014.jpg,1,21/35191121_1990-01-18_2014.jpg,StableDiffusion_v1_5,external_normalized,deepfakeface_sd15/fake/21/35191121_1990-01-18_2014.jpg,0.2686595916748047,0.5181877613067627,0,freq_cnn,external_test,source_video_disjoint_v1,highpass_0.5,ffpp_validation_checkpoint,ad682adfaf8af8c993a52d42d033cc255791381fd208f7eef09a0e87344a8b6b
396,C:\Users\Rohith Syam\Documents\UTS SEMESTER 3\image processing\idea 2\outputs\generalization_upgrade\02_external_bias_audit\normalized_external\fake\21\40783721_1958-04-16_2013.jpg,1,21/40783721_1958-04-16_2013.jpg,StableDiffusion_v1_5,external_normalized,deepfakeface_sd15/fake/21/40783721_1958-04-16_2013.jpg,0.34061330556869507,0.5181877613067627,0,freq_cnn,external_test,source_video_disjoint_v1,highpass_0.5,ffpp_validation_checkpoint,ad682adfaf8af8c993a52d42d033cc255791381fd208f7eef09a0e87344a8b6b
397,C:\Users\Rohith Syam\Documents\UTS SEMESTER 3\image processing\idea 2\outputs\generalization_upgrade\02_external_bias_audit\normalized_external\fake\21\4137921_1965-08-22_2013.jpg,1,21/4137921_1965-08-22_2013.jpg,StableDiffusion_v1_5,external_normalized,deepfakeface_sd15/fake/21/4137921_1965-08-22_2013.jpg,0.18017268180847168,0.5181877613067627,0,freq_cnn,external_test,source_video_disjoint_v1,highpass_0.5,ffpp_validation_checkpoint,ad682adfaf8af8c993a52d42d033cc255791381fd208f7eef09a0e87344a8b6b
398,C:\Users\Rohith Syam\Documents\UTS SEMESTER 3\image processing\idea 2\outputs\generalization_upgrade\02_external_bias_audit\normalized_external\fake\21\6573321_1986-05-01_2008.jpg,1,21/6573321_1986-05-01_2008.jpg,StableDiffusion_v1_5,external_normalized,deepfakeface_sd15/fake/21/6573321_1986-05-01_2008.jpg,0.2699927091598511,0.5181877613067627,0,freq_cnn,external_test,source_video_disjoint_v1,highpass_0.5,ffpp_validation_checkpoint,ad682adfaf8af8c993a52d42d033cc255791381fd208f7eef09a0e87344a8b6b
399,C:\Users\Rohith Syam\Documents\UTS SEMESTER 3\image processing\idea 2\outputs\generalization_upgrade\02_external_bias_audit\normalized_external\fake\21\6574321_1982-08-10_2012.jpg,1,21/6574321_1982-08-10_2012.jpg,StableDiffusion_v1_5,external_normalized,deepfakeface_sd15/fake/21/6574321_1982-08-10_2012.jpg,0.2644992470741272,0.5181877613067627,0,freq_cnn,external_test,source_video_disjoint_v1,highpass_0.5,ffpp_validation_checkpoint,ad682adfaf8af8c993a52d42d033cc255791381fd208f7eef09a0e87344a8b6b
400,C:\Users\Rohith Syam\Documents\UTS SEMESTER 3\image processing\idea 2\outputs\generalization_upgrade\02_external_bias_audit\normalized_external\fake\21\7170221_1933-03-27_1983.jpg,1,21/7170221_1933-03-27_1983.jpg,StableDiffusion_v1_5,external_normalized,deepfakeface_sd15/fake/21/7170221_1933-03-27_1983.jpg,0.29062169790267944,0.5181877613067627,0,freq_cnn,external_test,source_video_disjoint_v1,highpass_0.5,ffpp_validation_checkpoint,ad682adfaf8af8c993a52d42d033cc255791381fd208f7eef09a0e87344a8b6b
401,C:\Users\Rohith Syam\Documents\UTS SEMESTER 3\image processing\idea 2\outputs\generalization_upgrade\02_external_bias_audit\normalized_external\fake\21\7623721_1978-03-01_2010.jpg,1,21/7623721_1978-03-01_2010.jpg,StableDiffusion_v1_5,external_normalized,deepfakeface_sd15/fake/21/7623721_1978-03-01_2010.jpg,0.17330388724803925,0.5181877613067627,0,freq_cnn,external_test,source_video_disjoint_v1,highpass_0.5,ffpp_validation_checkpoint,ad682adfaf8af8c993a52d42d033cc255791381fd208f7eef09a0e87344a8b6b
402,C:\Users\Rohith Syam\Documents\UTS SEMESTER 3\image processing\idea 2\outputs\generalization_upgrade\02_external_bias_audit\normalized_external\fake\21\8194621_1986-02-16_2009.jpg,1,21/8194621_1986-02-16_2009.jpg,StableDiffusion_v1_5,external_normalized,deepfakeface_sd15/fake/21/8194621_1986-02-16_2009.jpg,0.280256986618042,0.5181877613067627,0,freq_cnn,external_test,source_video_disjoint_v1,highpass_0.5,ffpp_validation_checkpoint,ad682adfaf8af8c993a52d42d033cc255791381fd208f7eef09a0e87344a8b6b
403,C:\Users\Rohith Syam\Documents\UTS SEMESTER 3\image processing\idea 2\outputs\generalization_upgrade\02_external_bias_audit\normalized_external\fake\21\8774721_1967-04-29_2010.jpg,1,21/8774721_1967-04-29_2010.jpg,StableDiffusion_v1_5,external_normalized,deepfakeface_sd15/fake/21/8774721_1967-04-29_2010.jpg,0.11183004826307297,0.5181877613067627,0,freq_cnn,external_test,source_video_disjoint_v1,highpass_0.5,ffpp_validation_checkpoint,ad682adfaf8af8c993a52d42d033cc255791381fd208f7eef09a0e87344a8b6b
404,C:\Users\Rohith Syam\Documents\UTS SEMESTER 3\image processing\idea 2\outputs\generalization_upgrade\02_external_bias_audit\normalized_external\fake\21\8789221_1983-08-14_2012.jpg,1,21/8789221_1983-08-14_2012.jpg,StableDiffusion_v1_5,external_normalized,deepfakeface_sd15/fake/21/8789221_1983-08-14_2012.jpg,0.35705313086509705,0.5181877613067627,0,freq_cnn,external_test,source_video_disjoint_v1,highpass_0.5,ffpp_validation_checkpoint,ad682adfaf8af8c993a52d42d033cc255791381fd208f7eef09a0e87344a8b6b
405,C:\Users\Rohith Syam\Documents\UTS SEMESTER 3\image processing\idea 2\outputs\generalization_upgrade\02_external_bias_audit\normalized_external\fake\21\9404921_1978-07-09_2009.jpg,1,21/9404921_1978-07-09_2009.jpg,StableDiffusion_v1_5,external_normalized,deepfakeface_sd15/fake/21/9404921_1978-07-09_2009.jpg,0.20044022798538208,0.5181877613067627,0,freq_cnn,external_test,source_video_disjoint_v1,highpass_0.5,ffpp_validation_checkpoint,ad682adfaf8af8c993a52d42d033cc255791381fd208f7eef09a0e87344a8b6b
406,C:\Users\Rohith Syam\Documents\UTS SEMESTER 3\image processing\idea 2\outputs\generalization_upgrade\02_external_bias_audit\normalized_external\fake\24\2968824_1963-05-26_2011.jpg,1,24/2968824_1963-05-26_2011.jpg,StableDiffusion_v1_5,external_normalized,deepfakeface_sd15/fake/24/2968824_1963-05-26_2011.jpg,0.1947622150182724,0.5181877613067627,0,freq_cnn,external_test,source_video_disjoint_v1,highpass_0.5,ffpp_validation_checkpoint,ad682adfaf8af8c993a52d42d033cc255791381fd208f7eef09a0e87344a8b6b
407,C:\Users\Rohith Syam\Documents\UTS SEMESTER 3\image processing\idea 2\outputs\generalization_upgrade\02_external_bias_audit\normalized_external\fake\26\503926_1976-12-31_2009.jpg,1,26/503926_1976-12-31_2009.jpg,StableDiffusion_v1_5,external_normalized,deepfakeface_sd15/fake/26/503926_1976-12-31_2009.jpg,0.26183077692985535,0.5181877613067627,0,freq_cnn,external_test,source_video_disjoint_v1,highpass_0.5,ffpp_validation_checkpoint,ad682adfaf8af8c993a52d42d033cc255791381fd208f7eef09a0e87344a8b6b
408,C:\Users\Rohith Syam\Documents\UTS SEMESTER 3\image processing\idea 2\outputs\generalization_upgrade\02_external_bias_audit\normalized_external\fake\30\11772430_1938-04-14_2008.jpg,1,30/11772430_1938-04-14_2008.jpg,StableDiffusion_v1_5,external_normalized,deepfakeface_sd15/fake/30/11772430_1938-04-14_2008.jpg,0.14256498217582703,0.5181877613067627,0,freq_cnn,external_test,source_video_disjoint_v1,highpass_0.5,ffpp_validation_checkpoint,ad682adfaf8af8c993a52d42d033cc255791381fd208f7eef09a0e87344a8b6b
409,C:\Users\Rohith Syam\Documents\UTS SEMESTER 3\image processing\idea 2\outputs\generalization_upgrade\02_external_bias_audit\normalized_external\fake\34\1149234_1978-10-03_2010.jpg,1,34/1149234_1978-10-03_2010.jpg,StableDiffusion_v1_5,external_normalized,deepfakeface_sd15/fake/34/1149234_1978-10-03_2010.jpg,0.23701268434524536,0.5181877613067627,0,freq_cnn,external_test,source_video_disjoint_v1,highpass_0.5,ffpp_validation_checkpoint,ad682adfaf8af8c993a52d42d033cc255791381fd208f7eef09a0e87344a8b6b
410,C:\Users\Rohith Syam\Documents\UTS SEMESTER 3\image processing\idea 2\outputs\generalization_upgrade\02_external_bias_audit\normalized_external\fake\34\11653234_1986-12-23_2012.jpg,1,34/11653234_1986-12-23_2012.jpg,StableDiffusion_v1_5,external_normalized,deepfakeface_sd15/fake/34/11653234_1986-12-23_2012.jpg,0.22739827632904053,0.5181877613067627,0,freq_cnn,external_test,source_video_disjoint_v1,highpass_0.5,ffpp_validation_checkpoint,ad682adfaf8af8c993a52d42d033cc255791381fd208f7eef09a0e87344a8b6b
411,C:\Users\Rohith Syam\Documents\UTS SEMESTER 3\image processing\idea 2\outputs\generalization_upgrade\02_external_bias_audit\normalized_external\fake\34\1266534_1975-11-03_2011.jpg,1,34/1266534_1975-11-03_2011.jpg,StableDiffusion_v1_5,external_normalized,deepfakeface_sd15/fake/34/1266534_1975-11-03_2011.jpg,0.2010917365550995,0.5181877613067627,0,freq_cnn,external_test,source_video_disjoint_v1,highpass_0.5,ffpp_validation_checkpoint,ad682adfaf8af8c993a52d42d033cc255791381fd208f7eef09a0e87344a8b6b
412,C:\Users\Rohith Syam\Documents\UTS SEMESTER 3\image processing\idea 2\outputs\generalization_upgrade\02_external_bias_audit\normalized_external\fake\34\12829834_1950-08-15_2002.jpg,1,34/12829834_1950-08-15_2002.jpg,StableDiffusion_v1_5,external_normalized,deepfakeface_sd15/fake/34/12829834_1950-08-15_2002.jpg,0.29185280203819275,0.5181877613067627,0,freq_cnn,external_test,source_video_disjoint_v1,highpass_0.5,ffpp_validation_checkpoint,ad682adfaf8af8c993a52d42d033cc255791381fd208f7eef09a0e87344a8b6b
413,C:\Users\Rohith Syam\Documents\UTS SEMESTER 3\image processing\idea 2\outputs\generalization_upgrade\02_external_bias_audit\normalized_external\fake\34\13846034_1977-08-30_2009.jpg,1,34/13846034_1977-08-30_2009.jpg,StableDiffusion_v1_5,external_normalized,deepfakeface_sd15/fake/34/13846034_1977-08-30_2009.jpg,0.25414130091667175,0.5181877613067627,0,freq_cnn,external_test,source_video_disjoint_v1,highpass_0.5,ffpp_validation_checkpoint,ad682adfaf8af8c993a52d42d033cc255791381fd208f7eef09a0e87344a8b6b
414,C:\Users\Rohith Syam\Documents\UTS SEMESTER 3\image processing\idea 2\outputs\generalization_upgrade\02_external_bias_audit\normalized_external\fake\34\1386234_1952-04-25_2004.jpg,1,34/1386234_1952-04-25_2004.jpg,StableDiffusion_v1_5,external_normalized,deepfakeface_sd15/fake/34/1386234_1952-04-25_2004.jpg,0.30768945813179016,0.5181877613067627,0,freq_cnn,external_test,source_video_disjoint_v1,highpass_0.5,ffpp_validation_checkpoint,ad682adfaf8af8c993a52d42d033cc255791381fd208f7eef09a0e87344a8b6b
415,C:\Users\Rohith Syam\Documents\UTS SEMESTER 3\image processing\idea 2\outputs\generalization_upgrade\02_external_bias_audit\normalized_external\fake\34\19258134_1986-05-13_2009.jpg,1,34/19258134_1986-05-13_2009.jpg,StableDiffusion_v1_5,external_normalized,deepfakeface_sd15/fake/34/19258134_1986-05-13_2009.jpg,0.33225637674331665,0.5181877613067627,0,freq_cnn,external_test,source_video_disjoint_v1,highpass_0.5,ffpp_validation_checkpoint,ad682adfaf8af8c993a52d42d033cc255791381fd208f7eef09a0e87344a8b6b
416,C:\Users\Rohith Syam\Documents\UTS SEMESTER 3\image processing\idea 2\outputs\generalization_upgrade\02_external_bias_audit\normalized_external\fake\34\19354934_1986-10-18_2009.jpg,1,34/19354934_1986-10-18_2009.jpg,StableDiffusion_v1_5,external_normalized,deepfakeface_sd15/fake/34/19354934_1986-10-18_2009.jpg,0.18770229816436768,0.5181877613067627,0,freq_cnn,external_test,source_video_disjoint_v1,highpass_0.5,ffpp_validation_checkpoint,ad682adfaf8af8c993a52d42d033cc255791381fd208f7eef09a0e87344a8b6b
417,C:\Users\Rohith Syam\Documents\UTS SEMESTER 3\image processing\idea 2\outputs\generalization_upgrade\02_external_bias_audit\normalized_external\fake\34\20500734_1950-03-30_2014.jpg,1,34/20500734_1950-03-30_2014.jpg,StableDiffusion_v1_5,external_normalized,deepfakeface_sd15/fake/34/20500734_1950-03-30_2014.jpg,0.238827183842659,0.5181877613067627,0,freq_cnn,external_test,source_video_disjoint_v1,highpass_0.5,ffpp_validation_checkpoint,ad682adfaf8af8c993a52d42d033cc255791381fd208f7eef09a0e87344a8b6b
418,C:\Users\Rohith Syam\Documents\UTS SEMESTER 3\image processing\idea 2\outputs\generalization_upgrade\02_external_bias_audit\normalized_external\fake\34\21284234_1983-06-02_2011.jpg,1,34/21284234_1983-06-02_2011.jpg,StableDiffusion_v1_5,external_normalized,deepfakeface_sd15/fake/34/21284234_1983-06-02_2011.jpg,0.25699445605278015,0.5181877613067627,0,freq_cnn,external_test,source_video_disjoint_v1,highpass_0.5,ffpp_validation_checkpoint,ad682adfaf8af8c993a52d42d033cc255791381fd208f7eef09a0e87344a8b6b
419,C:\Users\Rohith Syam\Documents\UTS SEMESTER 3\image processing\idea 2\outputs\generalization_upgrade\02_external_bias_audit\normalized_external\fake\34\23945334_1979-07-30_2008.jpg,1,34/23945334_1979-07-30_2008.jpg,StableDiffusion_v1_5,external_normalized,deepfakeface_sd15/fake/34/23945334_1979-07-30_2008.jpg,0.2858138978481293,0.5181877613067627,0,freq_cnn,external_test,source_video_disjoint_v1,highpass_0.5,ffpp_validation_checkpoint,ad682adfaf8af8c993a52d42d033cc255791381fd208f7eef09a0e87344a8b6b
420,C:\Users\Rohith Syam\Documents\UTS SEMESTER 3\image processing\idea 2\outputs\generalization_upgrade\02_external_bias_audit\normalized_external\fake\34\25905034_1992-04-05_2009.jpg,1,34/25905034_1992-04-05_2009.jpg,StableDiffusion_v1_5,external_normalized,deepfakeface_sd15/fake/34/25905034_1992-04-05_2009.jpg,0.26881563663482666,0.5181877613067627,0,freq_cnn,external_test,source_video_disjoint_v1,highpass_0.5,ffpp_validation_checkpoint,ad682adfaf8af8c993a52d42d033cc255791381fd208f7eef09a0e87344a8b6b
421,C:\Users\Rohith Syam\Documents\UTS SEMESTER 3\image processing\idea 2\outputs\generalization_upgrade\02_external_bias_audit\normalized_external\fake\34\276834_1928-01-30_2010.jpg,1,34/276834_1928-01-30_2010.jpg,StableDiffusion_v1_5,external_normalized,deepfakeface_sd15/fake/34/276834_1928-01-30_2010.jpg,0.2333790361881256,0.5181877613067627,0,freq_cnn,external_test,source_video_disjoint_v1,highpass_0.5,ffpp_validation_checkpoint,ad682adfaf8af8c993a52d42d033cc255791381fd208f7eef09a0e87344a8b6b
422,C:\Users\Rohith Syam\Documents\UTS SEMESTER 3\image processing\idea 2\outputs\generalization_upgrade\02_external_bias_audit\normalized_external\fake\34\32504534_1990-12-18_2011.jpg,1,34/32504534_1990-12-18_2011.jpg,StableDiffusion_v1_5,external_normalized,deepfakeface_sd15/fake/34/32504534_1990-12-18_2011.jpg,0.3150227963924408,0.5181877613067627,0,freq_cnn,external_test,source_video_disjoint_v1,highpass_0.5,ffpp_validation_checkpoint,ad682adfaf8af8c993a52d42d033cc255791381fd208f7eef09a0e87344a8b6b
423,C:\Users\Rohith Syam\Documents\UTS SEMESTER 3\image processing\idea 2\outputs\generalization_upgrade\02_external_bias_audit\normalized_external\fake\34\32670934_1973-08-28_2013.jpg,1,34/32670934_1973-08-28_2013.jpg,StableDiffusion_v1_5,external_normalized,deepfakeface_sd15/fake/34/32670934_1973-08-28_2013.jpg,0.31250154972076416,0.5181877613067627,0,freq_cnn,external_test,source_video_disjoint_v1,highpass_0.5,ffpp_validation_checkpoint,ad682adfaf8af8c993a52d42d033cc255791381fd208f7eef09a0e87344a8b6b
424,C:\Users\Rohith Syam\Documents\UTS SEMESTER 3\image processing\idea 2\outputs\generalization_upgrade\02_external_bias_audit\normalized_external\fake\34\33682634_1989-09-15_2011.jpg,1,34/33682634_1989-09-15_2011.jpg,StableDiffusion_v1_5,external_normalized,deepfakeface_sd15/fake/34/33682634_1989-09-15_2011.jpg,0.14867103099822998,0.5181877613067627,0,freq_cnn,external_test,source_video_disjoint_v1,highpass_0.5,ffpp_validation_checkpoint,ad682adfaf8af8c993a52d42d033cc255791381fd208f7eef09a0e87344a8b6b
425,C:\Users\Rohith Syam\Documents\UTS SEMESTER 3\image processing\idea 2\outputs\generalization_upgrade\02_external_bias_audit\normalized_external\fake\34\36722334_1937-08-31_2005.jpg,1,34/36722334_1937-08-31_2005.jpg,StableDiffusion_v1_5,external_normalized,deepfakeface_sd15/fake/34/36722334_1937-08-31_2005.jpg,0.3221076726913452,0.5181877613067627,0,freq_cnn,external_test,source_video_disjoint_v1,highpass_0.5,ffpp_validation_checkpoint,ad682adfaf8af8c993a52d42d033cc255791381fd208f7eef09a0e87344a8b6b
426,C:\Users\Rohith Syam\Documents\UTS SEMESTER 3\image processing\idea 2\outputs\generalization_upgrade\02_external_bias_audit\normalized_external\fake\34\39718934_1987-12-07_2013.jpg,1,34/39718934_1987-12-07_2013.jpg,StableDiffusion_v1_5,external_normalized,deepfakeface_sd15/fake/34/39718934_1987-12-07_2013.jpg,0.2859331965446472,0.5181877613067627,0,freq_cnn,external_test,source_video_disjoint_v1,highpass_0.5,ffpp_validation_checkpoint,ad682adfaf8af8c993a52d42d033cc255791381fd208f7eef09a0e87344a8b6b
427,C:\Users\Rohith Syam\Documents\UTS SEMESTER 3\image processing\idea 2\outputs\generalization_upgrade\02_external_bias_audit\normalized_external\fake\34\398734_1932-05-04_1955.jpg,1,34/398734_1932-05-04_1955.jpg,StableDiffusion_v1_5,external_normalized,deepfakeface_sd15/fake/34/398734_1932-05-04_1955.jpg,0.18827377259731293,0.5181877613067627,0,freq_cnn,external_test,source_video_disjoint_v1,highpass_0.5,ffpp_validation_checkpoint,ad682adfaf8af8c993a52d42d033cc255791381fd208f7eef09a0e87344a8b6b
428,C:\Users\Rohith Syam\Documents\UTS SEMESTER 3\image processing\idea 2\outputs\generalization_upgrade\02_external_bias_audit\normalized_external\fake\34\42708434_1996-03-11_2013.jpg,1,34/42708434_1996-03-11_2013.jpg,StableDiffusion_v1_5,external_normalized,deepfakeface_sd15/fake/34/42708434_1996-03-11_2013.jpg,0.03869594633579254,0.5181877613067627,0,freq_cnn,external_test,source_video_disjoint_v1,highpass_0.5,ffpp_validation_checkpoint,ad682adfaf8af8c993a52d42d033cc255791381fd208f7eef09a0e87344a8b6b
429,C:\Users\Rohith Syam\Documents\UTS SEMESTER 3\image processing\idea 2\outputs\generalization_upgrade\02_external_bias_audit\normalized_external\fake\34\43639934_1912-04-03_2003.jpg,1,34/43639934_1912-04-03_2003.jpg,StableDiffusion_v1_5,external_normalized,deepfakeface_sd15/fake/34/43639934_1912-04-03_2003.jpg,0.1698346883058548,0.5181877613067627,0,freq_cnn,external_test,source_video_disjoint_v1,highpass_0.5,ffpp_validation_checkpoint,ad682adfaf8af8c993a52d42d033cc255791381fd208f7eef09a0e87344a8b6b
430,C:\Users\Rohith Syam\Documents\UTS SEMESTER 3\image processing\idea 2\outputs\generalization_upgrade\02_external_bias_audit\normalized_external\fake\34\440034_1924-04-29_1963.jpg,1,34/440034_1924-04-29_1963.jpg,StableDiffusion_v1_5,external_normalized,deepfakeface_sd15/fake/34/440034_1924-04-29_1963.jpg,0.2310762107372284,0.5181877613067627,0,freq_cnn,external_test,source_video_disjoint_v1,highpass_0.5,ffpp_validation_checkpoint,ad682adfaf8af8c993a52d42d033cc255791381fd208f7eef09a0e87344a8b6b
431,C:\Users\Rohith Syam\Documents\UTS SEMESTER 3\image processing\idea 2\outputs\generalization_upgrade\02_external_bias_audit\normalized_external\fake\34\4413434_1984-01-21_2013.jpg,1,34/4413434_1984-01-21_2013.jpg,StableDiffusion_v1_5,external_normalized,deepfakeface_sd15/fake/34/4413434_1984-01-21_2013.jpg,0.2658507823944092,0.5181877613067627,0,freq_cnn,external_test,source_video_disjoint_v1,highpass_0.5,ffpp_validation_checkpoint,ad682adfaf8af8c993a52d42d033cc255791381fd208f7eef09a0e87344a8b6b
432,C:\Users\Rohith Syam\Documents\UTS SEMESTER 3\image processing\idea 2\outputs\generalization_upgrade\02_external_bias_audit\normalized_external\fake\34\4998434_1979-05-16_2005.jpg,1,34/4998434_1979-05-16_2005.jpg,StableDiffusion_v1_5,external_normalized,deepfakeface_sd15/fake/34/4998434_1979-05-16_2005.jpg,0.34217217564582825,0.5181877613067627,0,freq_cnn,external_test,source_video_disjoint_v1,highpass_0.5,ffpp_validation_checkpoint,ad682adfaf8af8c993a52d42d033cc255791381fd208f7eef09a0e87344a8b6b
433,C:\Users\Rohith Syam\Documents\UTS SEMESTER 3\image processing\idea 2\outputs\generalization_upgrade\02_external_bias_audit\normalized_external\fake\34\5354734_1976-10-17_1995.jpg,1,34/5354734_1976-10-17_1995.jpg,StableDiffusion_v1_5,external_normalized,deepfakeface_sd15/fake/34/5354734_1976-10-17_1995.jpg,0.29403412342071533,0.5181877613067627,0,freq_cnn,external_test,source_video_disjoint_v1,highpass_0.5,ffpp_validation_checkpoint,ad682adfaf8af8c993a52d42d033cc255791381fd208f7eef09a0e87344a8b6b
434,C:\Users\Rohith Syam\Documents\UTS SEMESTER 3\image processing\idea 2\outputs\generalization_upgrade\02_external_bias_audit\normalized_external\fake\34\603934_1963-12-04_2013.jpg,1,34/603934_1963-12-04_2013.jpg,StableDiffusion_v1_5,external_normalized,deepfakeface_sd15/fake/34/603934_1963-12-04_2013.jpg,0.2563071548938751,0.5181877613067627,0,freq_cnn,external_test,source_video_disjoint_v1,highpass_0.5,ffpp_validation_checkpoint,ad682adfaf8af8c993a52d42d033cc255791381fd208f7eef09a0e87344a8b6b
435,C:\Users\Rohith Syam\Documents\UTS SEMESTER 3\image processing\idea 2\outputs\generalization_upgrade\02_external_bias_audit\normalized_external\fake\34\78834_1970-04-29_2014.jpg,1,34/78834_1970-04-29_2014.jpg,StableDiffusion_v1_5,external_normalized,deepfakeface_sd15/fake/34/78834_1970-04-29_2014.jpg,0.3035164773464203,0.5181877613067627,0,freq_cnn,external_test,source_video_disjoint_v1,highpass_0.5,ffpp_validation_checkpoint,ad682adfaf8af8c993a52d42d033cc255791381fd208f7eef09a0e87344a8b6b
436,C:\Users\Rohith Syam\Documents\UTS SEMESTER 3\image processing\idea 2\outputs\generalization_upgrade\02_external_bias_audit\normalized_external\fake\34\9326434_1987-05-02_2006.jpg,1,34/9326434_1987-05-02_2006.jpg,StableDiffusion_v1_5,external_normalized,deepfakeface_sd15/fake/34/9326434_1987-05-02_2006.jpg,0.24058173596858978,0.5181877613067627,0,freq_cnn,external_test,source_video_disjoint_v1,highpass_0.5,ffpp_validation_checkpoint,ad682adfaf8af8c993a52d42d033cc255791381fd208f7eef09a0e87344a8b6b
437,C:\Users\Rohith Syam\Documents\UTS SEMESTER 3\image processing\idea 2\outputs\generalization_upgrade\02_external_bias_audit\normalized_external\fake\35\10970235_1972-10-10_2010.jpg,1,35/10970235_1972-10-10_2010.jpg,StableDiffusion_v1_5,external_normalized,deepfakeface_sd15/fake/35/10970235_1972-10-10_2010.jpg,0.2597293555736542,0.5181877613067627,0,freq_cnn,external_test,source_video_disjoint_v1,highpass_0.5,ffpp_validation_checkpoint,ad682adfaf8af8c993a52d42d033cc255791381fd208f7eef09a0e87344a8b6b
438,C:\Users\Rohith Syam\Documents\UTS SEMESTER 3\image processing\idea 2\outputs\generalization_upgrade\02_external_bias_audit\normalized_external\fake\35\12523735_1981-04-21_2014.jpg,1,35/12523735_1981-04-21_2014.jpg,StableDiffusion_v1_5,external_normalized,deepfakeface_sd15/fake/35/12523735_1981-04-21_2014.jpg,0.1545371413230896,0.5181877613067627,0,freq_cnn,external_test,source_video_disjoint_v1,highpass_0.5,ffpp_validation_checkpoint,ad682adfaf8af8c993a52d42d033cc255791381fd208f7eef09a0e87344a8b6b
439,C:\Users\Rohith Syam\Documents\UTS SEMESTER 3\image processing\idea 2\outputs\generalization_upgrade\02_external_bias_audit\normalized_external\fake\35\1323135_1941-09-15_1966.jpg,1,35/1323135_1941-09-15_1966.jpg,StableDiffusion_v1_5,external_normalized,deepfakeface_sd15/fake/35/1323135_1941-09-15_1966.jpg,0.10102128982543945,0.5181877613067627,0,freq_cnn,external_test,source_video_disjoint_v1,highpass_0.5,ffpp_validation_checkpoint,ad682adfaf8af8c993a52d42d033cc255791381fd208f7eef09a0e87344a8b6b
440,C:\Users\Rohith Syam\Documents\UTS SEMESTER 3\image processing\idea 2\outputs\generalization_upgrade\02_external_bias_audit\normalized_external\fake\35\13774535_1942-06-09_1957.jpg,1,35/13774535_1942-06-09_1957.jpg,StableDiffusion_v1_5,external_normalized,deepfakeface_sd15/fake/35/13774535_1942-06-09_1957.jpg,0.22191078960895538,0.5181877613067627,0,freq_cnn,external_test,source_video_disjoint_v1,highpass_0.5,ffpp_validation_checkpoint,ad682adfaf8af8c993a52d42d033cc255791381fd208f7eef09a0e87344a8b6b
441,C:\Users\Rohith Syam\Documents\UTS SEMESTER 3\image processing\idea 2\outputs\generalization_upgrade\02_external_bias_audit\normalized_external\fake\35\14180235_1985-10-27_2015.jpg,1,35/14180235_1985-10-27_2015.jpg,StableDiffusion_v1_5,external_normalized,deepfakeface_sd15/fake/35/14180235_1985-10-27_2015.jpg,0.2385149449110031,0.5181877613067627,0,freq_cnn,external_test,source_video_disjoint_v1,highpass_0.5,ffpp_validation_checkpoint,ad682adfaf8af8c993a52d42d033cc255791381fd208f7eef09a0e87344a8b6b
442,C:\Users\Rohith Syam\Documents\UTS SEMESTER 3\image processing\idea 2\outputs\generalization_upgrade\02_external_bias_audit\normalized_external\fake\35\14347235_1959-06-15_2013.jpg,1,35/14347235_1959-06-15_2013.jpg,StableDiffusion_v1_5,external_normalized,deepfakeface_sd15/fake/35/14347235_1959-06-15_2013.jpg,0.3099818527698517,0.5181877613067627,0,freq_cnn,external_test,source_video_disjoint_v1,highpass_0.5,ffpp_validation_checkpoint,ad682adfaf8af8c993a52d42d033cc255791381fd208f7eef09a0e87344a8b6b
443,C:\Users\Rohith Syam\Documents\UTS SEMESTER 3\image processing\idea 2\outputs\generalization_upgrade\02_external_bias_audit\normalized_external\fake\35\1437535_1935-02-22_2010.jpg,1,35/1437535_1935-02-22_2010.jpg,StableDiffusion_v1_5,external_normalized,deepfakeface_sd15/fake/35/1437535_1935-02-22_2010.jpg,0.10814404487609863,0.5181877613067627,0,freq_cnn,external_test,source_video_disjoint_v1,highpass_0.5,ffpp_validation_checkpoint,ad682adfaf8af8c993a52d42d033cc255791381fd208f7eef09a0e87344a8b6b
444,C:\Users\Rohith Syam\Documents\UTS SEMESTER 3\image processing\idea 2\outputs\generalization_upgrade\02_external_bias_audit\normalized_external\fake\35\14619035_1990-02-25_2014.jpg,1,35/14619035_1990-02-25_2014.jpg,StableDiffusion_v1_5,external_normalized,deepfakeface_sd15/fake/35/14619035_1990-02-25_2014.jpg,0.25954943895339966,0.5181877613067627,0,freq_cnn,external_test,source_video_disjoint_v1,highpass_0.5,ffpp_validation_checkpoint,ad682adfaf8af8c993a52d42d033cc255791381fd208f7eef09a0e87344a8b6b
445,C:\Users\Rohith Syam\Documents\UTS SEMESTER 3\image processing\idea 2\outputs\generalization_upgrade\02_external_bias_audit\normalized_external\fake\35\1566935_1953-09-11_2010.jpg,1,35/1566935_1953-09-11_2010.jpg,StableDiffusion_v1_5,external_normalized,deepfakeface_sd15/fake/35/1566935_1953-09-11_2010.jpg,0.2833213806152344,0.5181877613067627,0,freq_cnn,external_test,source_video_disjoint_v1,highpass_0.5,ffpp_validation_checkpoint,ad682adfaf8af8c993a52d42d033cc255791381fd208f7eef09a0e87344a8b6b
446,C:\Users\Rohith Syam\Documents\UTS SEMESTER 3\image processing\idea 2\outputs\generalization_upgrade\02_external_bias_audit\normalized_external\fake\35\16105135_1980-04-18_2012.jpg,1,35/16105135_1980-04-18_2012.jpg,StableDiffusion_v1_5,external_normalized,deepfakeface_sd15/fake/35/16105135_1980-04-18_2012.jpg,0.1749221533536911,0.5181877613067627,0,freq_cnn,external_test,source_video_disjoint_v1,highpass_0.5,ffpp_validation_checkpoint,ad682adfaf8af8c993a52d42d033cc255791381fd208f7eef09a0e87344a8b6b
447,C:\Users\Rohith Syam\Documents\UTS SEMESTER 3\image processing\idea 2\outputs\generalization_upgrade\02_external_bias_audit\normalized_external\fake\35\17974235_1973-06-13_2009.jpg,1,35/17974235_1973-06-13_2009.jpg,StableDiffusion_v1_5,external_normalized,deepfakeface_sd15/fake/35/17974235_1973-06-13_2009.jpg,0.23720277845859528,0.5181877613067627,0,freq_cnn,external_test,source_video_disjoint_v1,highpass_0.5,ffpp_validation_checkpoint,ad682adfaf8af8c993a52d42d033cc255791381fd208f7eef09a0e87344a8b6b
448,C:\Users\Rohith Syam\Documents\UTS SEMESTER 3\image processing\idea 2\outputs\generalization_upgrade\02_external_bias_audit\normalized_external\fake\35\18933035_1982-08-26_2012.jpg,1,35/18933035_1982-08-26_2012.jpg,StableDiffusion_v1_5,external_normalized,deepfakeface_sd15/fake/35/18933035_1982-08-26_2012.jpg,0.06071598455309868,0.5181877613067627,0,freq_cnn,external_test,source_video_disjoint_v1,highpass_0.5,ffpp_validation_checkpoint,ad682adfaf8af8c993a52d42d033cc255791381fd208f7eef09a0e87344a8b6b
449,C:\Users\Rohith Syam\Documents\UTS SEMESTER 3\image processing\idea 2\outputs\generalization_upgrade\02_external_bias_audit\normalized_external\fake\35\19966435_1968-04-03_2012.jpg,1,35/19966435_1968-04-03_2012.jpg,StableDiffusion_v1_5,external_normalized,deepfakeface_sd15/fake/35/19966435_1968-04-03_2012.jpg,0.17496387660503387,0.5181877613067627,0,freq_cnn,external_test,source_video_disjoint_v1,highpass_0.5,ffpp_validation_checkpoint,ad682adfaf8af8c993a52d42d033cc255791381fd208f7eef09a0e87344a8b6b
450,C:\Users\Rohith Syam\Documents\UTS SEMESTER 3\image processing\idea 2\outputs\generalization_upgrade\02_external_bias_audit\normalized_external\fake\35\2357835_1982-06-16_2014.jpg,1,35/2357835_1982-06-16_2014.jpg,StableDiffusion_v1_5,external_normalized,deepfakeface_sd15/fake/35/2357835_1982-06-16_2014.jpg,0.30677253007888794,0.5181877613067627,0,freq_cnn,external_test,source_video_disjoint_v1,highpass_0.5,ffpp_validation_checkpoint,ad682adfaf8af8c993a52d42d033cc255791381fd208f7eef09a0e87344a8b6b
451,C:\Users\Rohith Syam\Documents\UTS SEMESTER 3\image processing\idea 2\outputs\generalization_upgrade\02_external_bias_audit\normalized_external\fake\35\2663135_1941-03-20_2008.jpg,1,35/2663135_1941-03-20_2008.jpg,StableDiffusion_v1_5,external_normalized,deepfakeface_sd15/fake/35/2663135_1941-03-20_2008.jpg,0.2713228762149811,0.5181877613067627,0,freq_cnn,external_test,source_video_disjoint_v1,highpass_0.5,ffpp_validation_checkpoint,ad682adfaf8af8c993a52d42d033cc255791381fd208f7eef09a0e87344a8b6b
452,C:\Users\Rohith Syam\Documents\UTS SEMESTER 3\image processing\idea 2\outputs\generalization_upgrade\02_external_bias_audit\normalized_external\fake\35\2667535_1937-12-16_1985.jpg,1,35/2667535_1937-12-16_1985.jpg,StableDiffusion_v1_5,external_normalized,deepfakeface_sd15/fake/35/2667535_1937-12-16_1985.jpg,0.21749159693717957,0.5181877613067627,0,freq_cnn,external_test,source_video_disjoint_v1,highpass_0.5,ffpp_validation_checkpoint,ad682adfaf8af8c993a52d42d033cc255791381fd208f7eef09a0e87344a8b6b
453,C:\Users\Rohith Syam\Documents\UTS SEMESTER 3\image processing\idea 2\outputs\generalization_upgrade\02_external_bias_audit\normalized_external\fake\35\28265335_1988-06-22_2013.jpg,1,35/28265335_1988-06-22_2013.jpg,StableDiffusion_v1_5,external_normalized,deepfakeface_sd15/fake/35/28265335_1988-06-22_2013.jpg,0.3238036334514618,0.5181877613067627,0,freq_cnn,external_test,source_video_disjoint_v1,highpass_0.5,ffpp_validation_checkpoint,ad682adfaf8af8c993a52d42d033cc255791381fd208f7eef09a0e87344a8b6b
454,C:\Users\Rohith Syam\Documents\UTS SEMESTER 3\image processing\idea 2\outputs\generalization_upgrade\02_external_bias_audit\normalized_external\fake\35\30385335_1991-08-22_2011.jpg,1,35/30385335_1991-08-22_2011.jpg,StableDiffusion_v1_5,external_normalized,deepfakeface_sd15/fake/35/30385335_1991-08-22_2011.jpg,0.14730985462665558,0.5181877613067627,0,freq_cnn,external_test,source_video_disjoint_v1,highpass_0.5,ffpp_validation_checkpoint,ad682adfaf8af8c993a52d42d033cc255791381fd208f7eef09a0e87344a8b6b
455,C:\Users\Rohith Syam\Documents\UTS SEMESTER 3\image processing\idea 2\outputs\generalization_upgrade\02_external_bias_audit\normalized_external\fake\35\3110335_1948-04-03_2012.jpg,1,35/3110335_1948-04-03_2012.jpg,StableDiffusion_v1_5,external_normalized,deepfakeface_sd15/fake/35/3110335_1948-04-03_2012.jpg,0.2729429602622986,0.5181877613067627,0,freq_cnn,external_test,source_video_disjoint_v1,highpass_0.5,ffpp_validation_checkpoint,ad682adfaf8af8c993a52d42d033cc255791381fd208f7eef09a0e87344a8b6b
456,C:\Users\Rohith Syam\Documents\UTS SEMESTER 3\image processing\idea 2\outputs\generalization_upgrade\02_external_bias_audit\normalized_external\fake\35\31663335_1976-06-05_2013.jpg,1,35/31663335_1976-06-05_2013.jpg,StableDiffusion_v1_5,external_normalized,deepfakeface_sd15/fake/35/31663335_1976-06-05_2013.jpg,0.3106531798839569,0.5181877613067627,0,freq_cnn,external_test,source_video_disjoint_v1,highpass_0.5,ffpp_validation_checkpoint,ad682adfaf8af8c993a52d42d033cc255791381fd208f7eef09a0e87344a8b6b
457,C:\Users\Rohith Syam\Documents\UTS SEMESTER 3\image processing\idea 2\outputs\generalization_upgrade\02_external_bias_audit\normalized_external\fake\35\32471435_1932-05-10_1959.jpg,1,35/32471435_1932-05-10_1959.jpg,StableDiffusion_v1_5,external_normalized,deepfakeface_sd15/fake/35/32471435_1932-05-10_1959.jpg,0.2745667099952698,0.5181877613067627,0,freq_cnn,external_test,source_video_disjoint_v1,highpass_0.5,ffpp_validation_checkpoint,ad682adfaf8af8c993a52d42d033cc255791381fd208f7eef09a0e87344a8b6b
458,C:\Users\Rohith Syam\Documents\UTS SEMESTER 3\image processing\idea 2\outputs\generalization_upgrade\02_external_bias_audit\normalized_external\fake\35\33199835_1985-06-12_2011.jpg,1,35/33199835_1985-06-12_2011.jpg,StableDiffusion_v1_5,external_normalized,deepfakeface_sd15/fake/35/33199835_1985-06-12_2011.jpg,0.13370943069458008,0.5181877613067627,0,freq_cnn,external_test,source_video_disjoint_v1,highpass_0.5,ffpp_validation_checkpoint,ad682adfaf8af8c993a52d42d033cc255791381fd208f7eef09a0e87344a8b6b
459,C:\Users\Rohith Syam\Documents\UTS SEMESTER 3\image processing\idea 2\outputs\generalization_upgrade\02_external_bias_audit\normalized_external\fake\35\3338735_1981-11-16_2013.jpg,1,35/3338735_1981-11-16_2013.jpg,StableDiffusion_v1_5,external_normalized,deepfakeface_sd15/fake/35/3338735_1981-11-16_2013.jpg,0.23328150808811188,0.5181877613067627,0,freq_cnn,external_test,source_video_disjoint_v1,highpass_0.5,ffpp_validation_checkpoint,ad682adfaf8af8c993a52d42d033cc255791381fd208f7eef09a0e87344a8b6b
460,C:\Users\Rohith Syam\Documents\UTS SEMESTER 3\image processing\idea 2\outputs\generalization_upgrade\02_external_bias_audit\normalized_external\fake\35\34163535_1988-04-03_2011.jpg,1,35/34163535_1988-04-03_2011.jpg,StableDiffusion_v1_5,external_normalized,deepfakeface_sd15/fake/35/34163535_1988-04-03_2011.jpg,0.3433818221092224,0.5181877613067627,0,freq_cnn,external_test,source_video_disjoint_v1,highpass_0.5,ffpp_validation_checkpoint,ad682adfaf8af8c993a52d42d033cc255791381fd208f7eef09a0e87344a8b6b
461,C:\Users\Rohith Syam\Documents\UTS SEMESTER 3\image processing\idea 2\outputs\generalization_upgrade\02_external_bias_audit\normalized_external\fake\35\36702535_1992-07-04_2012.jpg,1,35/36702535_1992-07-04_2012.jpg,StableDiffusion_v1_5,external_normalized,deepfakeface_sd15/fake/35/36702535_1992-07-04_2012.jpg,0.29465872049331665,0.5181877613067627,0,freq_cnn,external_test,source_video_disjoint_v1,highpass_0.5,ffpp_validation_checkpoint,ad682adfaf8af8c993a52d42d033cc255791381fd208f7eef09a0e87344a8b6b
462,C:\Users\Rohith Syam\Documents\UTS SEMESTER 3\image processing\idea 2\outputs\generalization_upgrade\02_external_bias_audit\normalized_external\fake\35\4943835_1891-09-22_1968.jpg,1,35/4943835_1891-09-22_1968.jpg,StableDiffusion_v1_5,external_normalized,deepfakeface_sd15/fake/35/4943835_1891-09-22_1968.jpg,0.2439703494310379,0.5181877613067627,0,freq_cnn,external_test,source_video_disjoint_v1,highpass_0.5,ffpp_validation_checkpoint,ad682adfaf8af8c993a52d42d033cc255791381fd208f7eef09a0e87344a8b6b
463,C:\Users\Rohith Syam\Documents\UTS SEMESTER 3\image processing\idea 2\outputs\generalization_upgrade\02_external_bias_audit\normalized_external\fake\35\6232035_1987-09-07_2013.jpg,1,35/6232035_1987-09-07_2013.jpg,StableDiffusion_v1_5,external_normalized,deepfakeface_sd15/fake/35/6232035_1987-09-07_2013.jpg,0.32656940817832947,0.5181877613067627,0,freq_cnn,external_test,source_video_disjoint_v1,highpass_0.5,ffpp_validation_checkpoint,ad682adfaf8af8c993a52d42d033cc255791381fd208f7eef09a0e87344a8b6b
464,C:\Users\Rohith Syam\Documents\UTS SEMESTER 3\image processing\idea 2\outputs\generalization_upgrade\02_external_bias_audit\normalized_external\fake\35\89835_1951-04-07_1981.jpg,1,35/89835_1951-04-07_1981.jpg,StableDiffusion_v1_5,external_normalized,deepfakeface_sd15/fake/35/89835_1951-04-07_1981.jpg,0.2328149676322937,0.5181877613067627,0,freq_cnn,external_test,source_video_disjoint_v1,highpass_0.5,ffpp_validation_checkpoint,ad682adfaf8af8c993a52d42d033cc255791381fd208f7eef09a0e87344a8b6b
465,C:\Users\Rohith Syam\Documents\UTS SEMESTER 3\image processing\idea 2\outputs\generalization_upgrade\02_external_bias_audit\normalized_external\fake\55\10095655_1985-07-10_2012.jpg,1,55/10095655_1985-07-10_2012.jpg,StableDiffusion_v1_5,external_normalized,deepfakeface_sd15/fake/55/10095655_1985-07-10_2012.jpg,0.3224930167198181,0.5181877613067627,0,freq_cnn,external_test,source_video_disjoint_v1,highpass_0.5,ffpp_validation_checkpoint,ad682adfaf8af8c993a52d42d033cc255791381fd208f7eef09a0e87344a8b6b
466,C:\Users\Rohith Syam\Documents\UTS SEMESTER 3\image processing\idea 2\outputs\generalization_upgrade\02_external_bias_audit\normalized_external\fake\55\10486955_1937-11-18_1975.jpg,1,55/10486955_1937-11-18_1975.jpg,StableDiffusion_v1_5,external_normalized,deepfakeface_sd15/fake/55/10486955_1937-11-18_1975.jpg,0.1981315165758133,0.5181877613067627,0,freq_cnn,external_test,source_video_disjoint_v1,highpass_0.5,ffpp_validation_checkpoint,ad682adfaf8af8c993a52d42d033cc255791381fd208f7eef09a0e87344a8b6b
467,C:\Users\Rohith Syam\Documents\UTS SEMESTER 3\image processing\idea 2\outputs\generalization_upgrade\02_external_bias_audit\normalized_external\fake\55\1196855_1923-06-24_2009.jpg,1,55/1196855_1923-06-24_2009.jpg,StableDiffusion_v1_5,external_normalized,deepfakeface_sd15/fake/55/1196855_1923-06-24_2009.jpg,0.3507276773452759,0.5181877613067627,0,freq_cnn,external_test,source_video_disjoint_v1,highpass_0.5,ffpp_validation_checkpoint,ad682adfaf8af8c993a52d42d033cc255791381fd208f7eef09a0e87344a8b6b
468,C:\Users\Rohith Syam\Documents\UTS SEMESTER 3\image processing\idea 2\outputs\generalization_upgrade\02_external_bias_audit\normalized_external\fake\55\12428755_1982-12-09_2012.jpg,1,55/12428755_1982-12-09_2012.jpg,StableDiffusion_v1_5,external_normalized,deepfakeface_sd15/fake/55/12428755_1982-12-09_2012.jpg,0.3238874077796936,0.5181877613067627,0,freq_cnn,external_test,source_video_disjoint_v1,highpass_0.5,ffpp_validation_checkpoint,ad682adfaf8af8c993a52d42d033cc255791381fd208f7eef09a0e87344a8b6b
469,C:\Users\Rohith Syam\Documents\UTS SEMESTER 3\image processing\idea 2\outputs\generalization_upgrade\02_external_bias_audit\normalized_external\fake\55\1349055_1974-02-24_2009.jpg,1,55/1349055_1974-02-24_2009.jpg,StableDiffusion_v1_5,external_normalized,deepfakeface_sd15/fake/55/1349055_1974-02-24_2009.jpg,0.26048243045806885,0.5181877613067627,0,freq_cnn,external_test,source_video_disjoint_v1,highpass_0.5,ffpp_validation_checkpoint,ad682adfaf8af8c993a52d42d033cc255791381fd208f7eef09a0e87344a8b6b
470,C:\Users\Rohith Syam\Documents\UTS SEMESTER 3\image processing\idea 2\outputs\generalization_upgrade\02_external_bias_audit\normalized_external\fake\55\14640255_1980-09-24_2006.jpg,1,55/14640255_1980-09-24_2006.jpg,StableDiffusion_v1_5,external_normalized,deepfakeface_sd15/fake/55/14640255_1980-09-24_2006.jpg,0.3080715239048004,0.5181877613067627,0,freq_cnn,external_test,source_video_disjoint_v1,highpass_0.5,ffpp_validation_checkpoint,ad682adfaf8af8c993a52d42d033cc255791381fd208f7eef09a0e87344a8b6b
471,C:\Users\Rohith Syam\Documents\UTS SEMESTER 3\image processing\idea 2\outputs\generalization_upgrade\02_external_bias_audit\normalized_external\fake\55\14904555_1915-05-08_1941.jpg,1,55/14904555_1915-05-08_1941.jpg,StableDiffusion_v1_5,external_normalized,deepfakeface_sd15/fake/55/14904555_1915-05-08_1941.jpg,0.2801300287246704,0.5181877613067627,0,freq_cnn,external_test,source_video_disjoint_v1,highpass_0.5,ffpp_validation_checkpoint,ad682adfaf8af8c993a52d42d033cc255791381fd208f7eef09a0e87344a8b6b
472,C:\Users\Rohith Syam\Documents\UTS SEMESTER 3\image processing\idea 2\outputs\generalization_upgrade\02_external_bias_audit\normalized_external\fake\55\15890555_1987-12-03_2014.jpg,1,55/15890555_1987-12-03_2014.jpg,StableDiffusion_v1_5,external_normalized,deepfakeface_sd15/fake/55/15890555_1987-12-03_2014.jpg,0.32357272505760193,0.5181877613067627,0,freq_cnn,external_test,source_video_disjoint_v1,highpass_0.5,ffpp_validation_checkpoint,ad682adfaf8af8c993a52d42d033cc255791381fd208f7eef09a0e87344a8b6b
473,C:\Users\Rohith Syam\Documents\UTS SEMESTER 3\image processing\idea 2\outputs\generalization_upgrade\02_external_bias_audit\normalized_external\fake\55\1941155_1993-07-26_2010.jpg,1,55/1941155_1993-07-26_2010.jpg,StableDiffusion_v1_5,external_normalized,deepfakeface_sd15/fake/55/1941155_1993-07-26_2010.jpg,0.29575684666633606,0.5181877613067627,0,freq_cnn,external_test,source_video_disjoint_v1,highpass_0.5,ffpp_validation_checkpoint,ad682adfaf8af8c993a52d42d033cc255791381fd208f7eef09a0e87344a8b6b
474,C:\Users\Rohith Syam\Documents\UTS SEMESTER 3\image processing\idea 2\outputs\generalization_upgrade\02_external_bias_audit\normalized_external\fake\55\20025755_1979-03-10_2009.jpg,1,55/20025755_1979-03-10_2009.jpg,StableDiffusion_v1_5,external_normalized,deepfakeface_sd15/fake/55/20025755_1979-03-10_2009.jpg,0.12890924513339996,0.5181877613067627,0,freq_cnn,external_test,source_video_disjoint_v1,highpass_0.5,ffpp_validation_checkpoint,ad682adfaf8af8c993a52d42d033cc255791381fd208f7eef09a0e87344a8b6b
475,C:\Users\Rohith Syam\Documents\UTS SEMESTER 3\image processing\idea 2\outputs\generalization_upgrade\02_external_bias_audit\normalized_external\fake\55\2538755_1933-07-01_1979.jpg,1,55/2538755_1933-07-01_1979.jpg,StableDiffusion_v1_5,external_normalized,deepfakeface_sd15/fake/55/2538755_1933-07-01_1979.jpg,0.34179967641830444,0.5181877613067627,0,freq_cnn,external_test,source_video_disjoint_v1,highpass_0.5,ffpp_validation_checkpoint,ad682adfaf8af8c993a52d42d033cc255791381fd208f7eef09a0e87344a8b6b
476,C:\Users\Rohith Syam\Documents\UTS SEMESTER 3\image processing\idea 2\outputs\generalization_upgrade\02_external_bias_audit\normalized_external\fake\55\27599355_1985-04-07_2007.jpg,1,55/27599355_1985-04-07_2007.jpg,StableDiffusion_v1_5,external_normalized,deepfakeface_sd15/fake/55/27599355_1985-04-07_2007.jpg,0.32094818353652954,0.5181877613067627,0,freq_cnn,external_test,source_video_disjoint_v1,highpass_0.5,ffpp_validation_checkpoint,ad682adfaf8af8c993a52d42d033cc255791381fd208f7eef09a0e87344a8b6b
477,C:\Users\Rohith Syam\Documents\UTS SEMESTER 3\image processing\idea 2\outputs\generalization_upgrade\02_external_bias_audit\normalized_external\fake\55\2894455_1947-09-13_2009.jpg,1,55/2894455_1947-09-13_2009.jpg,StableDiffusion_v1_5,external_normalized,deepfakeface_sd15/fake/55/2894455_1947-09-13_2009.jpg,0.1849415898323059,0.5181877613067627,0,freq_cnn,external_test,source_video_disjoint_v1,highpass_0.5,ffpp_validation_checkpoint,ad682adfaf8af8c993a52d42d033cc255791381fd208f7eef09a0e87344a8b6b
478,C:\Users\Rohith Syam\Documents\UTS SEMESTER 3\image processing\idea 2\outputs\generalization_upgrade\02_external_bias_audit\normalized_external\fake\55\295555_1950-07-15_2012.jpg,1,55/295555_1950-07-15_2012.jpg,StableDiffusion_v1_5,external_normalized,deepfakeface_sd15/fake/55/295555_1950-07-15_2012.jpg,0.22982746362686157,0.5181877613067627,0,freq_cnn,external_test,source_video_disjoint_v1,highpass_0.5,ffpp_validation_checkpoint,ad682adfaf8af8c993a52d42d033cc255791381fd208f7eef09a0e87344a8b6b
479,C:\Users\Rohith Syam\Documents\UTS SEMESTER 3\image processing\idea 2\outputs\generalization_upgrade\02_external_bias_audit\normalized_external\fake\55\2979255_1982-08-30_2012.jpg,1,55/2979255_1982-08-30_2012.jpg,StableDiffusion_v1_5,external_normalized,deepfakeface_sd15/fake/55/2979255_1982-08-30_2012.jpg,0.05832411348819733,0.5181877613067627,0,freq_cnn,external_test,source_video_disjoint_v1,highpass_0.5,ffpp_validation_checkpoint,ad682adfaf8af8c993a52d42d033cc255791381fd208f7eef09a0e87344a8b6b
480,C:\Users\Rohith Syam\Documents\UTS SEMESTER 3\image processing\idea 2\outputs\generalization_upgrade\02_external_bias_audit\normalized_external\fake\55\30781355_1963-07-29_2015.jpg,1,55/30781355_1963-07-29_2015.jpg,StableDiffusion_v1_5,external_normalized,deepfakeface_sd15/fake/55/30781355_1963-07-29_2015.jpg,0.19171689450740814,0.5181877613067627,0,freq_cnn,external_test,source_video_disjoint_v1,highpass_0.5,ffpp_validation_checkpoint,ad682adfaf8af8c993a52d42d033cc255791381fd208f7eef09a0e87344a8b6b
481,C:\Users\Rohith Syam\Documents\UTS SEMESTER 3\image processing\idea 2\outputs\generalization_upgrade\02_external_bias_audit\normalized_external\fake\55\31689055_1988-03-014_2013.jpg,1,55/31689055_1988-03-014_2013.jpg,StableDiffusion_v1_5,external_normalized,deepfakeface_sd15/fake/55/31689055_1988-03-014_2013.jpg,0.29740050435066223,0.5181877613067627,0,freq_cnn,external_test,source_video_disjoint_v1,highpass_0.5,ffpp_validation_checkpoint,ad682adfaf8af8c993a52d42d033cc255791381fd208f7eef09a0e87344a8b6b
482,C:\Users\Rohith Syam\Documents\UTS SEMESTER 3\image processing\idea 2\outputs\generalization_upgrade\02_external_bias_audit\normalized_external\fake\55\3523055_1984-05-01_2014.jpg,1,55/3523055_1984-05-01_2014.jpg,StableDiffusion_v1_5,external_normalized,deepfakeface_sd15/fake/55/3523055_1984-05-01_2014.jpg,0.32048627734184265,0.5181877613067627,0,freq_cnn,external_test,source_video_disjoint_v1,highpass_0.5,ffpp_validation_checkpoint,ad682adfaf8af8c993a52d42d033cc255791381fd208f7eef09a0e87344a8b6b
483,C:\Users\Rohith Syam\Documents\UTS SEMESTER 3\image processing\idea 2\outputs\generalization_upgrade\02_external_bias_audit\normalized_external\fake\55\3566855_1977-08-09_2010.jpg,1,55/3566855_1977-08-09_2010.jpg,StableDiffusion_v1_5,external_normalized,deepfakeface_sd15/fake/55/3566855_1977-08-09_2010.jpg,0.25047406554222107,0.5181877613067627,0,freq_cnn,external_test,source_video_disjoint_v1,highpass_0.5,ffpp_validation_checkpoint,ad682adfaf8af8c993a52d42d033cc255791381fd208f7eef09a0e87344a8b6b
484,C:\Users\Rohith Syam\Documents\UTS SEMESTER 3\image processing\idea 2\outputs\generalization_upgrade\02_external_bias_audit\normalized_external\fake\55\36326355_1990-10-27_2014.jpg,1,55/36326355_1990-10-27_2014.jpg,StableDiffusion_v1_5,external_normalized,deepfakeface_sd15/fake/55/36326355_1990-10-27_2014.jpg,0.303731232881546,0.5181877613067627,0,freq_cnn,external_test,source_video_disjoint_v1,highpass_0.5,ffpp_validation_checkpoint,ad682adfaf8af8c993a52d42d033cc255791381fd208f7eef09a0e87344a8b6b
485,C:\Users\Rohith Syam\Documents\UTS SEMESTER 3\image processing\idea 2\outputs\generalization_upgrade\02_external_bias_audit\normalized_external\fake\55\38909755_1989-02-21_2013.jpg,1,55/38909755_1989-02-21_2013.jpg,StableDiffusion_v1_5,external_normalized,deepfakeface_sd15/fake/55/38909755_1989-02-21_2013.jpg,0.3462655246257782,0.5181877613067627,0,freq_cnn,external_test,source_video_disjoint_v1,highpass_0.5,ffpp_validation_checkpoint,ad682adfaf8af8c993a52d42d033cc255791381fd208f7eef09a0e87344a8b6b
486,C:\Users\Rohith Syam\Documents\UTS SEMESTER 3\image processing\idea 2\outputs\generalization_upgrade\02_external_bias_audit\normalized_external\fake\55\39790655_2013-07-22_2014.jpg,1,55/39790655_2013-07-22_2014.jpg,StableDiffusion_v1_5,external_normalized,deepfakeface_sd15/fake/55/39790655_2013-07-22_2014.jpg,0.14619211852550507,0.5181877613067627,0,freq_cnn,external_test,source_video_disjoint_v1,highpass_0.5,ffpp_validation_checkpoint,ad682adfaf8af8c993a52d42d033cc255791381fd208f7eef09a0e87344a8b6b
487,C:\Users\Rohith Syam\Documents\UTS SEMESTER 3\image processing\idea 2\outputs\generalization_upgrade\02_external_bias_audit\normalized_external\fake\55\42718155_1946-01-25_2006.jpg,1,55/42718155_1946-01-25_2006.jpg,StableDiffusion_v1_5,external_normalized,deepfakeface_sd15/fake/55/42718155_1946-01-25_2006.jpg,0.0601993165910244,0.5181877613067627,0,freq_cnn,external_test,source_video_disjoint_v1,highpass_0.5,ffpp_validation_checkpoint,ad682adfaf8af8c993a52d42d033cc255791381fd208f7eef09a0e87344a8b6b
488,C:\Users\Rohith Syam\Documents\UTS SEMESTER 3\image processing\idea 2\outputs\generalization_upgrade\02_external_bias_audit\normalized_external\fake\55\43284855_1980-08-11_2012.jpg,1,55/43284855_1980-08-11_2012.jpg,StableDiffusion_v1_5,external_normalized,deepfakeface_sd15/fake/55/43284855_1980-08-11_2012.jpg,0.16297762095928192,0.5181877613067627,0,freq_cnn,external_test,source_video_disjoint_v1,highpass_0.5,ffpp_validation_checkpoint,ad682adfaf8af8c993a52d42d033cc255791381fd208f7eef09a0e87344a8b6b
489,C:\Users\Rohith Syam\Documents\UTS SEMESTER 3\image processing\idea 2\outputs\generalization_upgrade\02_external_bias_audit\normalized_external\fake\55\45263455_1979-05-12_2015.jpg,1,55/45263455_1979-05-12_2015.jpg,StableDiffusion_v1_5,external_normalized,deepfakeface_sd15/fake/55/45263455_1979-05-12_2015.jpg,0.1889345496892929,0.5181877613067627,0,freq_cnn,external_test,source_video_disjoint_v1,highpass_0.5,ffpp_validation_checkpoint,ad682adfaf8af8c993a52d42d033cc255791381fd208f7eef09a0e87344a8b6b
490,C:\Users\Rohith Syam\Documents\UTS SEMESTER 3\image processing\idea 2\outputs\generalization_upgrade\02_external_bias_audit\normalized_external\fake\55\46238055_1947-10-19_1980.jpg,1,55/46238055_1947-10-19_1980.jpg,StableDiffusion_v1_5,external_normalized,deepfakeface_sd15/fake/55/46238055_1947-10-19_1980.jpg,0.1676718294620514,0.5181877613067627,0,freq_cnn,external_test,source_video_disjoint_v1,highpass_0.5,ffpp_validation_checkpoint,ad682adfaf8af8c993a52d42d033cc255791381fd208f7eef09a0e87344a8b6b
491,C:\Users\Rohith Syam\Documents\UTS SEMESTER 3\image processing\idea 2\outputs\generalization_upgrade\02_external_bias_audit\normalized_external\fake\55\72655_1975-10-12_2004.jpg,1,55/72655_1975-10-12_2004.jpg,StableDiffusion_v1_5,external_normalized,deepfakeface_sd15/fake/55/72655_1975-10-12_2004.jpg,0.28927183151245117,0.5181877613067627,0,freq_cnn,external_test,source_video_disjoint_v1,highpass_0.5,ffpp_validation_checkpoint,ad682adfaf8af8c993a52d42d033cc255791381fd208f7eef09a0e87344a8b6b
492,C:\Users\Rohith Syam\Documents\UTS SEMESTER 3\image processing\idea 2\outputs\generalization_upgrade\02_external_bias_audit\normalized_external\fake\55\870155_1962-12-01_2010.jpg,1,55/870155_1962-12-01_2010.jpg,StableDiffusion_v1_5,external_normalized,deepfakeface_sd15/fake/55/870155_1962-12-01_2010.jpg,0.2616194188594818,0.5181877613067627,0,freq_cnn,external_test,source_video_disjoint_v1,highpass_0.5,ffpp_validation_checkpoint,ad682adfaf8af8c993a52d42d033cc255791381fd208f7eef09a0e87344a8b6b
493,C:\Users\Rohith Syam\Documents\UTS SEMESTER 3\image processing\idea 2\outputs\generalization_upgrade\02_external_bias_audit\normalized_external\fake\69\41427969_1939-03-30_1972.jpg,1,69/41427969_1939-03-30_1972.jpg,StableDiffusion_v1_5,external_normalized,deepfakeface_sd15/fake/69/41427969_1939-03-30_1972.jpg,0.12365840375423431,0.5181877613067627,0,freq_cnn,external_test,source_video_disjoint_v1,highpass_0.5,ffpp_validation_checkpoint,ad682adfaf8af8c993a52d42d033cc255791381fd208f7eef09a0e87344a8b6b
494,C:\Users\Rohith Syam\Documents\UTS SEMESTER 3\image processing\idea 2\outputs\generalization_upgrade\02_external_bias_audit\normalized_external\fake\71\12738371_1985-05-25_2015.jpg,1,71/12738371_1985-05-25_2015.jpg,StableDiffusion_v1_5,external_normalized,deepfakeface_sd15/fake/71/12738371_1985-05-25_2015.jpg,0.18496841192245483,0.5181877613067627,0,freq_cnn,external_test,source_video_disjoint_v1,highpass_0.5,ffpp_validation_checkpoint,ad682adfaf8af8c993a52d42d033cc255791381fd208f7eef09a0e87344a8b6b
495,C:\Users\Rohith Syam\Documents\UTS SEMESTER 3\image processing\idea 2\outputs\generalization_upgrade\02_external_bias_audit\normalized_external\fake\71\14220271_1972-11-30_2008.jpg,1,71/14220271_1972-11-30_2008.jpg,StableDiffusion_v1_5,external_normalized,deepfakeface_sd15/fake/71/14220271_1972-11-30_2008.jpg,0.31941547989845276,0.5181877613067627,0,freq_cnn,external_test,source_video_disjoint_v1,highpass_0.5,ffpp_validation_checkpoint,ad682adfaf8af8c993a52d42d033cc255791381fd208f7eef09a0e87344a8b6b
496,C:\Users\Rohith Syam\Documents\UTS SEMESTER 3\image processing\idea 2\outputs\generalization_upgrade\02_external_bias_audit\normalized_external\fake\71\165871_1942-09-30_1950.jpg,1,71/165871_1942-09-30_1950.jpg,StableDiffusion_v1_5,external_normalized,deepfakeface_sd15/fake/71/165871_1942-09-30_1950.jpg,0.24850249290466309,0.5181877613067627,0,freq_cnn,external_test,source_video_disjoint_v1,highpass_0.5,ffpp_validation_checkpoint,ad682adfaf8af8c993a52d42d033cc255791381fd208f7eef09a0e87344a8b6b
497,C:\Users\Rohith Syam\Documents\UTS SEMESTER 3\image processing\idea 2\outputs\generalization_upgrade\02_external_bias_audit\normalized_external\fake\71\17112571_1992-02-27_2012.jpg,1,71/17112571_1992-02-27_2012.jpg,StableDiffusion_v1_5,external_normalized,deepfakeface_sd15/fake/71/17112571_1992-02-27_2012.jpg,0.13236239552497864,0.5181877613067627,0,freq_cnn,external_test,source_video_disjoint_v1,highpass_0.5,ffpp_validation_checkpoint,ad682adfaf8af8c993a52d42d033cc255791381fd208f7eef09a0e87344a8b6b
498,C:\Users\Rohith Syam\Documents\UTS SEMESTER 3\image processing\idea 2\outputs\generalization_upgrade\02_external_bias_audit\normalized_external\fake\71\1854071_1958-08-14_1991.jpg,1,71/1854071_1958-08-14_1991.jpg,StableDiffusion_v1_5,external_normalized,deepfakeface_sd15/fake/71/1854071_1958-08-14_1991.jpg,0.0895274206995964,0.5181877613067627,0,freq_cnn,external_test,source_video_disjoint_v1,highpass_0.5,ffpp_validation_checkpoint,ad682adfaf8af8c993a52d42d033cc255791381fd208f7eef09a0e87344a8b6b
499,C:\Users\Rohith Syam\Documents\UTS SEMESTER 3\image processing\idea 2\outputs\generalization_upgrade\02_external_bias_audit\normalized_external\fake\71\18720671_1986-06-23_2012.jpg,1,71/18720671_1986-06-23_2012.jpg,StableDiffusion_v1_5,external_normalized,deepfakeface_sd15/fake/71/18720671_1986-06-23_2012.jpg,0.20519262552261353,0.5181877613067627,0,freq_cnn,external_test,source_video_disjoint_v1,highpass_0.5,ffpp_validation_checkpoint,ad682adfaf8af8c993a52d42d033cc255791381fd208f7eef09a0e87344a8b6b
500,C:\Users\Rohith Syam\Documents\UTS SEMESTER 3\image processing\idea 2\outputs\generalization_upgrade\02_external_bias_audit\normalized_external\fake\71\19476171_1989-08-02_2014.jpg,1,71/19476171_1989-08-02_2014.jpg,StableDiffusion_v1_5,external_normalized,deepfakeface_sd15/fake/71/19476171_1989-08-02_2014.jpg,0.2597145438194275,0.5181877613067627,0,freq_cnn,external_test,source_video_disjoint_v1,highpass_0.5,ffpp_validation_checkpoint,ad682adfaf8af8c993a52d42d033cc255791381fd208f7eef09a0e87344a8b6b
501,C:\Users\Rohith Syam\Documents\UTS SEMESTER 3\image processing\idea 2\outputs\generalization_upgrade\02_external_bias_audit\normalized_external\fake\71\23399171_1991-05-22_2009.jpg,1,71/23399171_1991-05-22_2009.jpg,StableDiffusion_v1_5,external_normalized,deepfakeface_sd15/fake/71/23399171_1991-05-22_2009.jpg,0.3055398762226105,0.5181877613067627,0,freq_cnn,external_test,source_video_disjoint_v1,highpass_0.5,ffpp_validation_checkpoint,ad682adfaf8af8c993a52d42d033cc255791381fd208f7eef09a0e87344a8b6b
502,C:\Users\Rohith Syam\Documents\UTS SEMESTER 3\image processing\idea 2\outputs\generalization_upgrade\02_external_bias_audit\normalized_external\fake\71\2492371_1942-11-06_1965.jpg,1,71/2492371_1942-11-06_1965.jpg,StableDiffusion_v1_5,external_normalized,deepfakeface_sd15/fake/71/2492371_1942-11-06_1965.jpg,0.17753487825393677,0.5181877613067627,0,freq_cnn,external_test,source_video_disjoint_v1,highpass_0.5,ffpp_validation_checkpoint,ad682adfaf8af8c993a52d42d033cc255791381fd208f7eef09a0e87344a8b6b
503,C:\Users\Rohith Syam\Documents\UTS SEMESTER 3\image processing\idea 2\outputs\generalization_upgrade\02_external_bias_audit\normalized_external\fake\71\25422271_1990-09-11_2014.jpg,1,71/25422271_1990-09-11_2014.jpg,StableDiffusion_v1_5,external_normalized,deepfakeface_sd15/fake/71/25422271_1990-09-11_2014.jpg,0.16178327798843384,0.5181877613067627,0,freq_cnn,external_test,source_video_disjoint_v1,highpass_0.5,ffpp_validation_checkpoint,ad682adfaf8af8c993a52d42d033cc255791381fd208f7eef09a0e87344a8b6b
504,C:\Users\Rohith Syam\Documents\UTS SEMESTER 3\image processing\idea 2\outputs\generalization_upgrade\02_external_bias_audit\normalized_external\fake\71\27164771_1990-09-17_2009.jpg,1,71/27164771_1990-09-17_2009.jpg,StableDiffusion_v1_5,external_normalized,deepfakeface_sd15/fake/71/27164771_1990-09-17_2009.jpg,0.26232168078422546,0.5181877613067627,0,freq_cnn,external_test,source_video_disjoint_v1,highpass_0.5,ffpp_validation_checkpoint,ad682adfaf8af8c993a52d42d033cc255791381fd208f7eef09a0e87344a8b6b
505,C:\Users\Rohith Syam\Documents\UTS SEMESTER 3\image processing\idea 2\outputs\generalization_upgrade\02_external_bias_audit\normalized_external\fake\71\27987171_1987-05-10_2013.jpg,1,71/27987171_1987-05-10_2013.jpg,StableDiffusion_v1_5,external_normalized,deepfakeface_sd15/fake/71/27987171_1987-05-10_2013.jpg,0.14780548214912415,0.5181877613067627,0,freq_cnn,external_test,source_video_disjoint_v1,highpass_0.5,ffpp_validation_checkpoint,ad682adfaf8af8c993a52d42d033cc255791381fd208f7eef09a0e87344a8b6b
506,C:\Users\Rohith Syam\Documents\UTS SEMESTER 3\image processing\idea 2\outputs\generalization_upgrade\02_external_bias_audit\normalized_external\fake\71\29084271_1991-09-22_2014.jpg,1,71/29084271_1991-09-22_2014.jpg,StableDiffusion_v1_5,external_normalized,deepfakeface_sd15/fake/71/29084271_1991-09-22_2014.jpg,0.3015100061893463,0.5181877613067627,0,freq_cnn,external_test,source_video_disjoint_v1,highpass_0.5,ffpp_validation_checkpoint,ad682adfaf8af8c993a52d42d033cc255791381fd208f7eef09a0e87344a8b6b
507,C:\Users\Rohith Syam\Documents\UTS SEMESTER 3\image processing\idea 2\outputs\generalization_upgrade\02_external_bias_audit\normalized_external\fake\71\30657971_1992-05-11_2014.jpg,1,71/30657971_1992-05-11_2014.jpg,StableDiffusion_v1_5,external_normalized,deepfakeface_sd15/fake/71/30657971_1992-05-11_2014.jpg,0.3035961985588074,0.5181877613067627,0,freq_cnn,external_test,source_video_disjoint_v1,highpass_0.5,ffpp_validation_checkpoint,ad682adfaf8af8c993a52d42d033cc255791381fd208f7eef09a0e87344a8b6b
508,C:\Users\Rohith Syam\Documents\UTS SEMESTER 3\image processing\idea 2\outputs\generalization_upgrade\02_external_bias_audit\normalized_external\fake\71\31706371_1989-01-14_2011.jpg,1,71/31706371_1989-01-14_2011.jpg,StableDiffusion_v1_5,external_normalized,deepfakeface_sd15/fake/71/31706371_1989-01-14_2011.jpg,0.23494113981723785,0.5181877613067627,0,freq_cnn,external_test,source_video_disjoint_v1,highpass_0.5,ffpp_validation_checkpoint,ad682adfaf8af8c993a52d42d033cc255791381fd208f7eef09a0e87344a8b6b
509,C:\Users\Rohith Syam\Documents\UTS SEMESTER 3\image processing\idea 2\outputs\generalization_upgrade\02_external_bias_audit\normalized_external\fake\71\33021371_1988-02-18_2013.jpg,1,71/33021371_1988-02-18_2013.jpg,StableDiffusion_v1_5,external_normalized,deepfakeface_sd15/fake/71/33021371_1988-02-18_2013.jpg,0.2972729206085205,0.5181877613067627,0,freq_cnn,external_test,source_video_disjoint_v1,highpass_0.5,ffpp_validation_checkpoint,ad682adfaf8af8c993a52d42d033cc255791381fd208f7eef09a0e87344a8b6b
510,C:\Users\Rohith Syam\Documents\UTS SEMESTER 3\image processing\idea 2\outputs\generalization_upgrade\02_external_bias_audit\normalized_external\fake\71\3312671_1985-08-02_2008.jpg,1,71/3312671_1985-08-02_2008.jpg,StableDiffusion_v1_5,external_normalized,deepfakeface_sd15/fake/71/3312671_1985-08-02_2008.jpg,0.062417082488536835,0.5181877613067627,0,freq_cnn,external_test,source_video_disjoint_v1,highpass_0.5,ffpp_validation_checkpoint,ad682adfaf8af8c993a52d42d033cc255791381fd208f7eef09a0e87344a8b6b
511,C:\Users\Rohith Syam\Documents\UTS SEMESTER 3\image processing\idea 2\outputs\generalization_upgrade\02_external_bias_audit\normalized_external\fake\71\35188571_1983-09-18_2009.jpg,1,71/35188571_1983-09-18_2009.jpg,StableDiffusion_v1_5,external_normalized,deepfakeface_sd15/fake/71/35188571_1983-09-18_2009.jpg,0.3134012520313263,0.5181877613067627,0,freq_cnn,external_test,source_video_disjoint_v1,highpass_0.5,ffpp_validation_checkpoint,ad682adfaf8af8c993a52d42d033cc255791381fd208f7eef09a0e87344a8b6b
512,C:\Users\Rohith Syam\Documents\UTS SEMESTER 3\image processing\idea 2\outputs\generalization_upgrade\02_external_bias_audit\normalized_external\fake\71\42650171_1946-12-10_2013.jpg,1,71/42650171_1946-12-10_2013.jpg,StableDiffusion_v1_5,external_normalized,deepfakeface_sd15/fake/71/42650171_1946-12-10_2013.jpg,0.12032032757997513,0.5181877613067627,0,freq_cnn,external_test,source_video_disjoint_v1,highpass_0.5,ffpp_validation_checkpoint,ad682adfaf8af8c993a52d42d033cc255791381fd208f7eef09a0e87344a8b6b
513,C:\Users\Rohith Syam\Documents\UTS SEMESTER 3\image processing\idea 2\outputs\generalization_upgrade\02_external_bias_audit\normalized_external\fake\71\5081071_1925-11-13_1953.jpg,1,71/5081071_1925-11-13_1953.jpg,StableDiffusion_v1_5,external_normalized,deepfakeface_sd15/fake/71/5081071_1925-11-13_1953.jpg,0.08496524393558502,0.5181877613067627,0,freq_cnn,external_test,source_video_disjoint_v1,highpass_0.5,ffpp_validation_checkpoint,ad682adfaf8af8c993a52d42d033cc255791381fd208f7eef09a0e87344a8b6b
514,C:\Users\Rohith Syam\Documents\UTS SEMESTER 3\image processing\idea 2\outputs\generalization_upgrade\02_external_bias_audit\normalized_external\fake\71\566471_1971-05-18_2011.jpg,1,71/566471_1971-05-18_2011.jpg,StableDiffusion_v1_5,external_normalized,deepfakeface_sd15/fake/71/566471_1971-05-18_2011.jpg,0.30077502131462097,0.5181877613067627,0,freq_cnn,external_test,source_video_disjoint_v1,highpass_0.5,ffpp_validation_checkpoint,ad682adfaf8af8c993a52d42d033cc255791381fd208f7eef09a0e87344a8b6b
515,C:\Users\Rohith Syam\Documents\UTS SEMESTER 3\image processing\idea 2\outputs\generalization_upgrade\02_external_bias_audit\normalized_external\fake\71\703371_1918-03-12_1980.jpg,1,71/703371_1918-03-12_1980.jpg,StableDiffusion_v1_5,external_normalized,deepfakeface_sd15/fake/71/703371_1918-03-12_1980.jpg,0.3153536021709442,0.5181877613067627,0,freq_cnn,external_test,source_video_disjoint_v1,highpass_0.5,ffpp_validation_checkpoint,ad682adfaf8af8c993a52d42d033cc255791381fd208f7eef09a0e87344a8b6b
516,C:\Users\Rohith Syam\Documents\UTS SEMESTER 3\image processing\idea 2\outputs\generalization_upgrade\02_external_bias_audit\normalized_external\fake\71\775271_1959-09-16_2011.jpg,1,71/775271_1959-09-16_2011.jpg,StableDiffusion_v1_5,external_normalized,deepfakeface_sd15/fake/71/775271_1959-09-16_2011.jpg,0.21095871925354004,0.5181877613067627,0,freq_cnn,external_test,source_video_disjoint_v1,highpass_0.5,ffpp_validation_checkpoint,ad682adfaf8af8c993a52d42d033cc255791381fd208f7eef09a0e87344a8b6b
517,C:\Users\Rohith Syam\Documents\UTS SEMESTER 3\image processing\idea 2\outputs\generalization_upgrade\02_external_bias_audit\normalized_external\fake\71\8334671_1931-02-14_1966.jpg,1,71/8334671_1931-02-14_1966.jpg,StableDiffusion_v1_5,external_normalized,deepfakeface_sd15/fake/71/8334671_1931-02-14_1966.jpg,0.322369247674942,0.5181877613067627,0,freq_cnn,external_test,source_video_disjoint_v1,highpass_0.5,ffpp_validation_checkpoint,ad682adfaf8af8c993a52d42d033cc255791381fd208f7eef09a0e87344a8b6b
518,C:\Users\Rohith Syam\Documents\UTS SEMESTER 3\image processing\idea 2\outputs\generalization_upgrade\02_external_bias_audit\normalized_external\fake\71\9069371_1986-03-19_2013.jpg,1,71/9069371_1986-03-19_2013.jpg,StableDiffusion_v1_5,external_normalized,deepfakeface_sd15/fake/71/9069371_1986-03-19_2013.jpg,0.34918224811553955,0.5181877613067627,0,freq_cnn,external_test,source_video_disjoint_v1,highpass_0.5,ffpp_validation_checkpoint,ad682adfaf8af8c993a52d42d033cc255791381fd208f7eef09a0e87344a8b6b
519,C:\Users\Rohith Syam\Documents\UTS SEMESTER 3\image processing\idea 2\outputs\generalization_upgrade\02_external_bias_audit\normalized_external\fake\71\967871_1972-12-15_2008.jpg,1,71/967871_1972-12-15_2008.jpg,StableDiffusion_v1_5,external_normalized,deepfakeface_sd15/fake/71/967871_1972-12-15_2008.jpg,0.19444692134857178,0.5181877613067627,0,freq_cnn,external_test,source_video_disjoint_v1,highpass_0.5,ffpp_validation_checkpoint,ad682adfaf8af8c993a52d42d033cc255791381fd208f7eef09a0e87344a8b6b
520,C:\Users\Rohith Syam\Documents\UTS SEMESTER 3\image processing\idea 2\outputs\generalization_upgrade\02_external_bias_audit\normalized_external\fake\71\9845271_1955-09-16_2001.jpg,1,71/9845271_1955-09-16_2001.jpg,StableDiffusion_v1_5,external_normalized,deepfakeface_sd15/fake/71/9845271_1955-09-16_2001.jpg,0.18834877014160156,0.5181877613067627,0,freq_cnn,external_test,source_video_disjoint_v1,highpass_0.5,ffpp_validation_checkpoint,ad682adfaf8af8c993a52d42d033cc255791381fd208f7eef09a0e87344a8b6b
521,C:\Users\Rohith Syam\Documents\UTS SEMESTER 3\image processing\idea 2\outputs\generalization_upgrade\02_external_bias_audit\normalized_external\fake\73\1013073_1978-05-24_2010.jpg,1,73/1013073_1978-05-24_2010.jpg,StableDiffusion_v1_5,external_normalized,deepfakeface_sd15/fake/73/1013073_1978-05-24_2010.jpg,0.16004575788974762,0.5181877613067627,0,freq_cnn,external_test,source_video_disjoint_v1,highpass_0.5,ffpp_validation_checkpoint,ad682adfaf8af8c993a52d42d033cc255791381fd208f7eef09a0e87344a8b6b
522,C:\Users\Rohith Syam\Documents\UTS SEMESTER 3\image processing\idea 2\outputs\generalization_upgrade\02_external_bias_audit\normalized_external\fake\73\12464473_1935-03-06_1958.jpg,1,73/12464473_1935-03-06_1958.jpg,StableDiffusion_v1_5,external_normalized,deepfakeface_sd15/fake/73/12464473_1935-03-06_1958.jpg,0.26844266057014465,0.5181877613067627,0,freq_cnn,external_test,source_video_disjoint_v1,highpass_0.5,ffpp_validation_checkpoint,ad682adfaf8af8c993a52d42d033cc255791381fd208f7eef09a0e87344a8b6b
523,C:\Users\Rohith Syam\Documents\UTS SEMESTER 3\image processing\idea 2\outputs\generalization_upgrade\02_external_bias_audit\normalized_external\fake\73\12786073_1984-05-18_2011.jpg,1,73/12786073_1984-05-18_2011.jpg,StableDiffusion_v1_5,external_normalized,deepfakeface_sd15/fake/73/12786073_1984-05-18_2011.jpg,0.23328235745429993,0.5181877613067627,0,freq_cnn,external_test,source_video_disjoint_v1,highpass_0.5,ffpp_validation_checkpoint,ad682adfaf8af8c993a52d42d033cc255791381fd208f7eef09a0e87344a8b6b
524,C:\Users\Rohith Syam\Documents\UTS SEMESTER 3\image processing\idea 2\outputs\generalization_upgrade\02_external_bias_audit\normalized_external\fake\73\16855173_1937-10-21_2008.jpg,1,73/16855173_1937-10-21_2008.jpg,StableDiffusion_v1_5,external_normalized,deepfakeface_sd15/fake/73/16855173_1937-10-21_2008.jpg,0.3697209656238556,0.5181877613067627,0,freq_cnn,external_test,source_video_disjoint_v1,highpass_0.5,ffpp_validation_checkpoint,ad682adfaf8af8c993a52d42d033cc255791381fd208f7eef09a0e87344a8b6b
525,C:\Users\Rohith Syam\Documents\UTS SEMESTER 3\image processing\idea 2\outputs\generalization_upgrade\02_external_bias_audit\normalized_external\fake\73\18933173_1984-05-13_2011.jpg,1,73/18933173_1984-05-13_2011.jpg,StableDiffusion_v1_5,external_normalized,deepfakeface_sd15/fake/73/18933173_1984-05-13_2011.jpg,0.23470903933048248,0.5181877613067627,0,freq_cnn,external_test,source_video_disjoint_v1,highpass_0.5,ffpp_validation_checkpoint,ad682adfaf8af8c993a52d42d033cc255791381fd208f7eef09a0e87344a8b6b
526,C:\Users\Rohith Syam\Documents\UTS SEMESTER 3\image processing\idea 2\outputs\generalization_upgrade\02_external_bias_audit\normalized_external\fake\73\20989373_1938-09-15_1988.jpg,1,73/20989373_1938-09-15_1988.jpg,StableDiffusion_v1_5,external_normalized,deepfakeface_sd15/fake/73/20989373_1938-09-15_1988.jpg,0.2567334473133087,0.5181877613067627,0,freq_cnn,external_test,source_video_disjoint_v1,highpass_0.5,ffpp_validation_checkpoint,ad682adfaf8af8c993a52d42d033cc255791381fd208f7eef09a0e87344a8b6b
527,C:\Users\Rohith Syam\Documents\UTS SEMESTER 3\image processing\idea 2\outputs\generalization_upgrade\02_external_bias_audit\normalized_external\fake\73\21741673_1995-03-01_2009.jpg,1,73/21741673_1995-03-01_2009.jpg,StableDiffusion_v1_5,external_normalized,deepfakeface_sd15/fake/73/21741673_1995-03-01_2009.jpg,0.29009929299354553,0.5181877613067627,0,freq_cnn,external_test,source_video_disjoint_v1,highpass_0.5,ffpp_validation_checkpoint,ad682adfaf8af8c993a52d42d033cc255791381fd208f7eef09a0e87344a8b6b
528,C:\Users\Rohith Syam\Documents\UTS SEMESTER 3\image processing\idea 2\outputs\generalization_upgrade\02_external_bias_audit\normalized_external\fake\73\2210573_1958-04-04_2007.jpg,1,73/2210573_1958-04-04_2007.jpg,StableDiffusion_v1_5,external_normalized,deepfakeface_sd15/fake/73/2210573_1958-04-04_2007.jpg,0.2947167754173279,0.5181877613067627,0,freq_cnn,external_test,source_video_disjoint_v1,highpass_0.5,ffpp_validation_checkpoint,ad682adfaf8af8c993a52d42d033cc255791381fd208f7eef09a0e87344a8b6b
529,C:\Users\Rohith Syam\Documents\UTS SEMESTER 3\image processing\idea 2\outputs\generalization_upgrade\02_external_bias_audit\normalized_external\fake\73\24079373_1979-07-15_2009.jpg,1,73/24079373_1979-07-15_2009.jpg,StableDiffusion_v1_5,external_normalized,deepfakeface_sd15/fake/73/24079373_1979-07-15_2009.jpg,0.3044126033782959,0.5181877613067627,0,freq_cnn,external_test,source_video_disjoint_v1,highpass_0.5,ffpp_validation_checkpoint,ad682adfaf8af8c993a52d42d033cc255791381fd208f7eef09a0e87344a8b6b
530,C:\Users\Rohith Syam\Documents\UTS SEMESTER 3\image processing\idea 2\outputs\generalization_upgrade\02_external_bias_audit\normalized_external\fake\73\25286273_1990-11-02_2013.jpg,1,73/25286273_1990-11-02_2013.jpg,StableDiffusion_v1_5,external_normalized,deepfakeface_sd15/fake/73/25286273_1990-11-02_2013.jpg,0.236882284283638,0.5181877613067627,0,freq_cnn,external_test,source_video_disjoint_v1,highpass_0.5,ffpp_validation_checkpoint,ad682adfaf8af8c993a52d42d033cc255791381fd208f7eef09a0e87344a8b6b
531,C:\Users\Rohith Syam\Documents\UTS SEMESTER 3\image processing\idea 2\outputs\generalization_upgrade\02_external_bias_audit\normalized_external\fake\73\27347573_1992-06-02_2010.jpg,1,73/27347573_1992-06-02_2010.jpg,StableDiffusion_v1_5,external_normalized,deepfakeface_sd15/fake/73/27347573_1992-06-02_2010.jpg,0.30772852897644043,0.5181877613067627,0,freq_cnn,external_test,source_video_disjoint_v1,highpass_0.5,ffpp_validation_checkpoint,ad682adfaf8af8c993a52d42d033cc255791381fd208f7eef09a0e87344a8b6b
532,C:\Users\Rohith Syam\Documents\UTS SEMESTER 3\image processing\idea 2\outputs\generalization_upgrade\02_external_bias_audit\normalized_external\fake\73\3365773_1949-06-24_1985.jpg,1,73/3365773_1949-06-24_1985.jpg,StableDiffusion_v1_5,external_normalized,deepfakeface_sd15/fake/73/3365773_1949-06-24_1985.jpg,0.19452571868896484,0.5181877613067627,0,freq_cnn,external_test,source_video_disjoint_v1,highpass_0.5,ffpp_validation_checkpoint,ad682adfaf8af8c993a52d42d033cc255791381fd208f7eef09a0e87344a8b6b
533,C:\Users\Rohith Syam\Documents\UTS SEMESTER 3\image processing\idea 2\outputs\generalization_upgrade\02_external_bias_audit\normalized_external\fake\73\34239373_1994-11-30_2014.jpg,1,73/34239373_1994-11-30_2014.jpg,StableDiffusion_v1_5,external_normalized,deepfakeface_sd15/fake/73/34239373_1994-11-30_2014.jpg,0.32550787925720215,0.5181877613067627,0,freq_cnn,external_test,source_video_disjoint_v1,highpass_0.5,ffpp_validation_checkpoint,ad682adfaf8af8c993a52d42d033cc255791381fd208f7eef09a0e87344a8b6b
534,C:\Users\Rohith Syam\Documents\UTS SEMESTER 3\image processing\idea 2\outputs\generalization_upgrade\02_external_bias_audit\normalized_external\fake\73\3517073_1984-09-10_2011.jpg,1,73/3517073_1984-09-10_2011.jpg,StableDiffusion_v1_5,external_normalized,deepfakeface_sd15/fake/73/3517073_1984-09-10_2011.jpg,0.09701231867074966,0.5181877613067627,0,freq_cnn,external_test,source_video_disjoint_v1,highpass_0.5,ffpp_validation_checkpoint,ad682adfaf8af8c993a52d42d033cc255791381fd208f7eef09a0e87344a8b6b
535,C:\Users\Rohith Syam\Documents\UTS SEMESTER 3\image processing\idea 2\outputs\generalization_upgrade\02_external_bias_audit\normalized_external\fake\73\36499973_1985-09-06_2011.jpg,1,73/36499973_1985-09-06_2011.jpg,StableDiffusion_v1_5,external_normalized,deepfakeface_sd15/fake/73/36499973_1985-09-06_2011.jpg,0.2624506652355194,0.5181877613067627,0,freq_cnn,external_test,source_video_disjoint_v1,highpass_0.5,ffpp_validation_checkpoint,ad682adfaf8af8c993a52d42d033cc255791381fd208f7eef09a0e87344a8b6b
536,C:\Users\Rohith Syam\Documents\UTS SEMESTER 3\image processing\idea 2\outputs\generalization_upgrade\02_external_bias_audit\normalized_external\fake\73\37985373_1988-12-05_2014.jpg,1,73/37985373_1988-12-05_2014.jpg,StableDiffusion_v1_5,external_normalized,deepfakeface_sd15/fake/73/37985373_1988-12-05_2014.jpg,0.08642031252384186,0.5181877613067627,0,freq_cnn,external_test,source_video_disjoint_v1,highpass_0.5,ffpp_validation_checkpoint,ad682adfaf8af8c993a52d42d033cc255791381fd208f7eef09a0e87344a8b6b
537,C:\Users\Rohith Syam\Documents\UTS SEMESTER 3\image processing\idea 2\outputs\generalization_upgrade\02_external_bias_audit\normalized_external\fake\73\38089073_1988-06-26_2014.jpg,1,73/38089073_1988-06-26_2014.jpg,StableDiffusion_v1_5,external_normalized,deepfakeface_sd15/fake/73/38089073_1988-06-26_2014.jpg,0.2761208117008209,0.5181877613067627,0,freq_cnn,external_test,source_video_disjoint_v1,highpass_0.5,ffpp_validation_checkpoint,ad682adfaf8af8c993a52d42d033cc255791381fd208f7eef09a0e87344a8b6b
538,C:\Users\Rohith Syam\Documents\UTS SEMESTER 3\image processing\idea 2\outputs\generalization_upgrade\02_external_bias_audit\normalized_external\fake\73\41639973_1876-12-25_1940.jpg,1,73/41639973_1876-12-25_1940.jpg,StableDiffusion_v1_5,external_normalized,deepfakeface_sd15/fake/73/41639973_1876-12-25_1940.jpg,0.23702329397201538,0.5181877613067627,0,freq_cnn,external_test,source_video_disjoint_v1,highpass_0.5,ffpp_validation_checkpoint,ad682adfaf8af8c993a52d42d033cc255791381fd208f7eef09a0e87344a8b6b
539,C:\Users\Rohith Syam\Documents\UTS SEMESTER 3\image processing\idea 2\outputs\generalization_upgrade\02_external_bias_audit\normalized_external\fake\73\46452873_1906-12-20_1945.jpg,1,73/46452873_1906-12-20_1945.jpg,StableDiffusion_v1_5,external_normalized,deepfakeface_sd15/fake/73/46452873_1906-12-20_1945.jpg,0.3016097843647003,0.5181877613067627,0,freq_cnn,external_test,source_video_disjoint_v1,highpass_0.5,ffpp_validation_checkpoint,ad682adfaf8af8c993a52d42d033cc255791381fd208f7eef09a0e87344a8b6b
540,C:\Users\Rohith Syam\Documents\UTS SEMESTER 3\image processing\idea 2\outputs\generalization_upgrade\02_external_bias_audit\normalized_external\fake\73\479273_1985-12-08_2014.jpg,1,73/479273_1985-12-08_2014.jpg,StableDiffusion_v1_5,external_normalized,deepfakeface_sd15/fake/73/479273_1985-12-08_2014.jpg,0.12682794034481049,0.5181877613067627,0,freq_cnn,external_test,source_video_disjoint_v1,highpass_0.5,ffpp_validation_checkpoint,ad682adfaf8af8c993a52d42d033cc255791381fd208f7eef09a0e87344a8b6b
541,C:\Users\Rohith Syam\Documents\UTS SEMESTER 3\image processing\idea 2\outputs\generalization_upgrade\02_external_bias_audit\normalized_external\fake\73\502973_1958-03-25_2012.jpg,1,73/502973_1958-03-25_2012.jpg,StableDiffusion_v1_5,external_normalized,deepfakeface_sd15/fake/73/502973_1958-03-25_2012.jpg,0.17895856499671936,0.5181877613067627,0,freq_cnn,external_test,source_video_disjoint_v1,highpass_0.5,ffpp_validation_checkpoint,ad682adfaf8af8c993a52d42d033cc255791381fd208f7eef09a0e87344a8b6b
542,C:\Users\Rohith Syam\Documents\UTS SEMESTER 3\image processing\idea 2\outputs\generalization_upgrade\02_external_bias_audit\normalized_external\fake\73\5332173_1935-09-06_2008.jpg,1,73/5332173_1935-09-06_2008.jpg,StableDiffusion_v1_5,external_normalized,deepfakeface_sd15/fake/73/5332173_1935-09-06_2008.jpg,0.22880879044532776,0.5181877613067627,0,freq_cnn,external_test,source_video_disjoint_v1,highpass_0.5,ffpp_validation_checkpoint,ad682adfaf8af8c993a52d42d033cc255791381fd208f7eef09a0e87344a8b6b
543,C:\Users\Rohith Syam\Documents\UTS SEMESTER 3\image processing\idea 2\outputs\generalization_upgrade\02_external_bias_audit\normalized_external\fake\73\666973_1960-09-19_2005.jpg,1,73/666973_1960-09-19_2005.jpg,StableDiffusion_v1_5,external_normalized,deepfakeface_sd15/fake/73/666973_1960-09-19_2005.jpg,0.35449621081352234,0.5181877613067627,0,freq_cnn,external_test,source_video_disjoint_v1,highpass_0.5,ffpp_validation_checkpoint,ad682adfaf8af8c993a52d42d033cc255791381fd208f7eef09a0e87344a8b6b
544,C:\Users\Rohith Syam\Documents\UTS SEMESTER 3\image processing\idea 2\outputs\generalization_upgrade\02_external_bias_audit\normalized_external\fake\73\9311273_1979-08-24_2010.jpg,1,73/9311273_1979-08-24_2010.jpg,StableDiffusion_v1_5,external_normalized,deepfakeface_sd15/fake/73/9311273_1979-08-24_2010.jpg,0.06741808354854584,0.5181877613067627,0,freq_cnn,external_test,source_video_disjoint_v1,highpass_0.5,ffpp_validation_checkpoint,ad682adfaf8af8c993a52d42d033cc255791381fd208f7eef09a0e87344a8b6b
545,C:\Users\Rohith Syam\Documents\UTS SEMESTER 3\image processing\idea 2\outputs\generalization_upgrade\02_external_bias_audit\normalized_external\fake\80\2798180_1985-12-19_2014.jpg,1,80/2798180_1985-12-19_2014.jpg,StableDiffusion_v1_5,external_normalized,deepfakeface_sd15/fake/80/2798180_1985-12-19_2014.jpg,0.2552112638950348,0.5181877613067627,0,freq_cnn,external_test,source_video_disjoint_v1,highpass_0.5,ffpp_validation_checkpoint,ad682adfaf8af8c993a52d42d033cc255791381fd208f7eef09a0e87344a8b6b
546,C:\Users\Rohith Syam\Documents\UTS SEMESTER 3\image processing\idea 2\outputs\generalization_upgrade\02_external_bias_audit\normalized_external\fake\80\6049880_1985-02-26_2013.jpg,1,80/6049880_1985-02-26_2013.jpg,StableDiffusion_v1_5,external_normalized,deepfakeface_sd15/fake/80/6049880_1985-02-26_2013.jpg,0.34161800146102905,0.5181877613067627,0,freq_cnn,external_test,source_video_disjoint_v1,highpass_0.5,ffpp_validation_checkpoint,ad682adfaf8af8c993a52d42d033cc255791381fd208f7eef09a0e87344a8b6b
547,C:\Users\Rohith Syam\Documents\UTS SEMESTER 3\image processing\idea 2\outputs\generalization_upgrade\02_external_bias_audit\normalized_external\fake\80\9076080_1971-09-21_2011.jpg,1,80/9076080_1971-09-21_2011.jpg,StableDiffusion_v1_5,external_normalized,deepfakeface_sd15/fake/80/9076080_1971-09-21_2011.jpg,0.0789986103773117,0.5181877613067627,0,freq_cnn,external_test,source_video_disjoint_v1,highpass_0.5,ffpp_validation_checkpoint,ad682adfaf8af8c993a52d42d033cc255791381fd208f7eef09a0e87344a8b6b
548,C:\Users\Rohith Syam\Documents\UTS SEMESTER 3\image processing\idea 2\outputs\generalization_upgrade\02_external_bias_audit\normalized_external\fake\98\10760998_1937-01-14_1968.jpg,1,98/10760998_1937-01-14_1968.jpg,StableDiffusion_v1_5,external_normalized,deepfakeface_sd15/fake/98/10760998_1937-01-14_1968.jpg,0.20197758078575134,0.5181877613067627,0,freq_cnn,external_test,source_video_disjoint_v1,highpass_0.5,ffpp_validation_checkpoint,ad682adfaf8af8c993a52d42d033cc255791381fd208f7eef09a0e87344a8b6b
549,C:\Users\Rohith Syam\Documents\UTS SEMESTER 3\image processing\idea 2\outputs\generalization_upgrade\02_external_bias_audit\normalized_external\fake\98\13664298_1989-04-27_2014.jpg,1,98/13664298_1989-04-27_2014.jpg,StableDiffusion_v1_5,external_normalized,deepfakeface_sd15/fake/98/13664298_1989-04-27_2014.jpg,0.2901415228843689,0.5181877613067627,0,freq_cnn,external_test,source_video_disjoint_v1,highpass_0.5,ffpp_validation_checkpoint,ad682adfaf8af8c993a52d42d033cc255791381fd208f7eef09a0e87344a8b6b
550,C:\Users\Rohith Syam\Documents\UTS SEMESTER 3\image processing\idea 2\outputs\generalization_upgrade\02_external_bias_audit\normalized_external\fake\98\14073598_1892-03-06_1943.jpg,1,98/14073598_1892-03-06_1943.jpg,StableDiffusion_v1_5,external_normalized,deepfakeface_sd15/fake/98/14073598_1892-03-06_1943.jpg,0.17506147921085358,0.5181877613067627,0,freq_cnn,external_test,source_video_disjoint_v1,highpass_0.5,ffpp_validation_checkpoint,ad682adfaf8af8c993a52d42d033cc255791381fd208f7eef09a0e87344a8b6b
551,C:\Users\Rohith Syam\Documents\UTS SEMESTER 3\image processing\idea 2\outputs\generalization_upgrade\02_external_bias_audit\normalized_external\fake\98\142698_1939-09-01_2014.jpg,1,98/142698_1939-09-01_2014.jpg,StableDiffusion_v1_5,external_normalized,deepfakeface_sd15/fake/98/142698_1939-09-01_2014.jpg,0.2206564098596573,0.5181877613067627,0,freq_cnn,external_test,source_video_disjoint_v1,highpass_0.5,ffpp_validation_checkpoint,ad682adfaf8af8c993a52d42d033cc255791381fd208f7eef09a0e87344a8b6b
552,C:\Users\Rohith Syam\Documents\UTS SEMESTER 3\image processing\idea 2\outputs\generalization_upgrade\02_external_bias_audit\normalized_external\fake\98\15230998_1983-01-10_2007.jpg,1,98/15230998_1983-01-10_2007.jpg,StableDiffusion_v1_5,external_normalized,deepfakeface_sd15/fake/98/15230998_1983-01-10_2007.jpg,0.24538873136043549,0.5181877613067627,0,freq_cnn,external_test,source_video_disjoint_v1,highpass_0.5,ffpp_validation_checkpoint,ad682adfaf8af8c993a52d42d033cc255791381fd208f7eef09a0e87344a8b6b
553,C:\Users\Rohith Syam\Documents\UTS SEMESTER 3\image processing\idea 2\outputs\generalization_upgrade\02_external_bias_audit\normalized_external\fake\98\176998_1933-08-16_1965.jpg,1,98/176998_1933-08-16_1965.jpg,StableDiffusion_v1_5,external_normalized,deepfakeface_sd15/fake/98/176998_1933-08-16_1965.jpg,0.23563829064369202,0.5181877613067627,0,freq_cnn,external_test,source_video_disjoint_v1,highpass_0.5,ffpp_validation_checkpoint,ad682adfaf8af8c993a52d42d033cc255791381fd208f7eef09a0e87344a8b6b
554,C:\Users\Rohith Syam\Documents\UTS SEMESTER 3\image processing\idea 2\outputs\generalization_upgrade\02_external_bias_audit\normalized_external\fake\98\22298398_1962-09-19_2011.jpg,1,98/22298398_1962-09-19_2011.jpg,StableDiffusion_v1_5,external_normalized,deepfakeface_sd15/fake/98/22298398_1962-09-19_2011.jpg,0.16890226304531097,0.5181877613067627,0,freq_cnn,external_test,source_video_disjoint_v1,highpass_0.5,ffpp_validation_checkpoint,ad682adfaf8af8c993a52d42d033cc255791381fd208f7eef09a0e87344a8b6b
555,C:\Users\Rohith Syam\Documents\UTS SEMESTER 3\image processing\idea 2\outputs\generalization_upgrade\02_external_bias_audit\normalized_external\fake\98\23428298_1982-12-22_2009.jpg,1,98/23428298_1982-12-22_2009.jpg,StableDiffusion_v1_5,external_normalized,deepfakeface_sd15/fake/98/23428298_1982-12-22_2009.jpg,0.30522194504737854,0.5181877613067627,0,freq_cnn,external_test,source_video_disjoint_v1,highpass_0.5,ffpp_validation_checkpoint,ad682adfaf8af8c993a52d42d033cc255791381fd208f7eef09a0e87344a8b6b
556,C:\Users\Rohith Syam\Documents\UTS SEMESTER 3\image processing\idea 2\outputs\generalization_upgrade\02_external_bias_audit\normalized_external\fake\98\23560198_1992-06-20_2014.jpg,1,98/23560198_1992-06-20_2014.jpg,StableDiffusion_v1_5,external_normalized,deepfakeface_sd15/fake/98/23560198_1992-06-20_2014.jpg,0.32486265897750854,0.5181877613067627,0,freq_cnn,external_test,source_video_disjoint_v1,highpass_0.5,ffpp_validation_checkpoint,ad682adfaf8af8c993a52d42d033cc255791381fd208f7eef09a0e87344a8b6b
557,C:\Users\Rohith Syam\Documents\UTS SEMESTER 3\image processing\idea 2\outputs\generalization_upgrade\02_external_bias_audit\normalized_external\fake\98\25616698_1980-08-12_2012.jpg,1,98/25616698_1980-08-12_2012.jpg,StableDiffusion_v1_5,external_normalized,deepfakeface_sd15/fake/98/25616698_1980-08-12_2012.jpg,0.22052370011806488,0.5181877613067627,0,freq_cnn,external_test,source_video_disjoint_v1,highpass_0.5,ffpp_validation_checkpoint,ad682adfaf8af8c993a52d42d033cc255791381fd208f7eef09a0e87344a8b6b
558,C:\Users\Rohith Syam\Documents\UTS SEMESTER 3\image processing\idea 2\outputs\generalization_upgrade\02_external_bias_audit\normalized_external\fake\98\25980298_1980-07-05_2013.jpg,1,98/25980298_1980-07-05_2013.jpg,StableDiffusion_v1_5,external_normalized,deepfakeface_sd15/fake/98/25980298_1980-07-05_2013.jpg,0.23922425508499146,0.5181877613067627,0,freq_cnn,external_test,source_video_disjoint_v1,highpass_0.5,ffpp_validation_checkpoint,ad682adfaf8af8c993a52d42d033cc255791381fd208f7eef09a0e87344a8b6b
559,C:\Users\Rohith Syam\Documents\UTS SEMESTER 3\image processing\idea 2\outputs\generalization_upgrade\02_external_bias_audit\normalized_external\fake\98\2705698_1958-12-06_2007.jpg,1,98/2705698_1958-12-06_2007.jpg,StableDiffusion_v1_5,external_normalized,deepfakeface_sd15/fake/98/2705698_1958-12-06_2007.jpg,0.17966265976428986,0.5181877613067627,0,freq_cnn,external_test,source_video_disjoint_v1,highpass_0.5,ffpp_validation_checkpoint,ad682adfaf8af8c993a52d42d033cc255791381fd208f7eef09a0e87344a8b6b
560,C:\Users\Rohith Syam\Documents\UTS SEMESTER 3\image processing\idea 2\outputs\generalization_upgrade\02_external_bias_audit\normalized_external\fake\98\27687598_1957-10-28_2009.jpg,1,98/27687598_1957-10-28_2009.jpg,StableDiffusion_v1_5,external_normalized,deepfakeface_sd15/fake/98/27687598_1957-10-28_2009.jpg,0.22537653148174286,0.5181877613067627,0,freq_cnn,external_test,source_video_disjoint_v1,highpass_0.5,ffpp_validation_checkpoint,ad682adfaf8af8c993a52d42d033cc255791381fd208f7eef09a0e87344a8b6b
561,C:\Users\Rohith Syam\Documents\UTS SEMESTER 3\image processing\idea 2\outputs\generalization_upgrade\02_external_bias_audit\normalized_external\fake\98\30789098_1986-05-13_2012.jpg,1,98/30789098_1986-05-13_2012.jpg,StableDiffusion_v1_5,external_normalized,deepfakeface_sd15/fake/98/30789098_1986-05-13_2012.jpg,0.19296087324619293,0.5181877613067627,0,freq_cnn,external_test,source_video_disjoint_v1,highpass_0.5,ffpp_validation_checkpoint,ad682adfaf8af8c993a52d42d033cc255791381fd208f7eef09a0e87344a8b6b
562,C:\Users\Rohith Syam\Documents\UTS SEMESTER 3\image processing\idea 2\outputs\generalization_upgrade\02_external_bias_audit\normalized_external\fake\98\32664798_1990-03-03_2014.jpg,1,98/32664798_1990-03-03_2014.jpg,StableDiffusion_v1_5,external_normalized,deepfakeface_sd15/fake/98/32664798_1990-03-03_2014.jpg,0.21692904829978943,0.5181877613067627,0,freq_cnn,external_test,source_video_disjoint_v1,highpass_0.5,ffpp_validation_checkpoint,ad682adfaf8af8c993a52d42d033cc255791381fd208f7eef09a0e87344a8b6b
563,C:\Users\Rohith Syam\Documents\UTS SEMESTER 3\image processing\idea 2\outputs\generalization_upgrade\02_external_bias_audit\normalized_external\fake\98\3604398_1981-06-16_2012.jpg,1,98/3604398_1981-06-16_2012.jpg,StableDiffusion_v1_5,external_normalized,deepfakeface_sd15/fake/98/3604398_1981-06-16_2012.jpg,0.32852423191070557,0.5181877613067627,0,freq_cnn,external_test,source_video_disjoint_v1,highpass_0.5,ffpp_validation_checkpoint,ad682adfaf8af8c993a52d42d033cc255791381fd208f7eef09a0e87344a8b6b
564,C:\Users\Rohith Syam\Documents\UTS SEMESTER 3\image processing\idea 2\outputs\generalization_upgrade\02_external_bias_audit\normalized_external\fake\98\40219898_1975-03-11_2013.jpg,1,98/40219898_1975-03-11_2013.jpg,StableDiffusion_v1_5,external_normalized,deepfakeface_sd15/fake/98/40219898_1975-03-11_2013.jpg,0.12327780574560165,0.5181877613067627,0,freq_cnn,external_test,source_video_disjoint_v1,highpass_0.5,ffpp_validation_checkpoint,ad682adfaf8af8c993a52d42d033cc255791381fd208f7eef09a0e87344a8b6b
565,C:\Users\Rohith Syam\Documents\UTS SEMESTER 3\image processing\idea 2\outputs\generalization_upgrade\02_external_bias_audit\normalized_external\fake\98\40883698_1972-01-26_2014.jpg,1,98/40883698_1972-01-26_2014.jpg,StableDiffusion_v1_5,external_normalized,deepfakeface_sd15/fake/98/40883698_1972-01-26_2014.jpg,0.2642349302768707,0.5181877613067627,0,freq_cnn,external_test,source_video_disjoint_v1,highpass_0.5,ffpp_validation_checkpoint,ad682adfaf8af8c993a52d42d033cc255791381fd208f7eef09a0e87344a8b6b
566,C:\Users\Rohith Syam\Documents\UTS SEMESTER 3\image processing\idea 2\outputs\generalization_upgrade\02_external_bias_audit\normalized_external\fake\98\4276598_1950-10-14_1975.jpg,1,98/4276598_1950-10-14_1975.jpg,StableDiffusion_v1_5,external_normalized,deepfakeface_sd15/fake/98/4276598_1950-10-14_1975.jpg,0.24935513734817505,0.5181877613067627,0,freq_cnn,external_test,source_video_disjoint_v1,highpass_0.5,ffpp_validation_checkpoint,ad682adfaf8af8c993a52d42d033cc255791381fd208f7eef09a0e87344a8b6b
567,C:\Users\Rohith Syam\Documents\UTS SEMESTER 3\image processing\idea 2\outputs\generalization_upgrade\02_external_bias_audit\normalized_external\fake\98\45298998_1988-08-17_2012.jpg,1,98/45298998_1988-08-17_2012.jpg,StableDiffusion_v1_5,external_normalized,deepfakeface_sd15/fake/98/45298998_1988-08-17_2012.jpg,0.05325654149055481,0.5181877613067627,0,freq_cnn,external_test,source_video_disjoint_v1,highpass_0.5,ffpp_validation_checkpoint,ad682adfaf8af8c993a52d42d033cc255791381fd208f7eef09a0e87344a8b6b
568,C:\Users\Rohith Syam\Documents\UTS SEMESTER 3\image processing\idea 2\outputs\generalization_upgrade\02_external_bias_audit\normalized_external\fake\98\4691798_1977-09-15_2005.jpg,1,98/4691798_1977-09-15_2005.jpg,StableDiffusion_v1_5,external_normalized,deepfakeface_sd15/fake/98/4691798_1977-09-15_2005.jpg,0.1169874295592308,0.5181877613067627,0,freq_cnn,external_test,source_video_disjoint_v1,highpass_0.5,ffpp_validation_checkpoint,ad682adfaf8af8c993a52d42d033cc255791381fd208f7eef09a0e87344a8b6b
569,C:\Users\Rohith Syam\Documents\UTS SEMESTER 3\image processing\idea 2\outputs\generalization_upgrade\02_external_bias_audit\normalized_external\fake\98\46974698_1942-02-22_1968.jpg,1,98/46974698_1942-02-22_1968.jpg,StableDiffusion_v1_5,external_normalized,deepfakeface_sd15/fake/98/46974698_1942-02-22_1968.jpg,0.18953090906143188,0.5181877613067627,0,freq_cnn,external_test,source_video_disjoint_v1,highpass_0.5,ffpp_validation_checkpoint,ad682adfaf8af8c993a52d42d033cc255791381fd208f7eef09a0e87344a8b6b
570,C:\Users\Rohith Syam\Documents\UTS SEMESTER 3\image processing\idea 2\outputs\generalization_upgrade\02_external_bias_audit\normalized_external\fake\98\577798_1933-12-08_1969.jpg,1,98/577798_1933-12-08_1969.jpg,StableDiffusion_v1_5,external_normalized,deepfakeface_sd15/fake/98/577798_1933-12-08_1969.jpg,0.3055357038974762,0.5181877613067627,0,freq_cnn,external_test,source_video_disjoint_v1,highpass_0.5,ffpp_validation_checkpoint,ad682adfaf8af8c993a52d42d033cc255791381fd208f7eef09a0e87344a8b6b
571,C:\Users\Rohith Syam\Documents\UTS SEMESTER 3\image processing\idea 2\outputs\generalization_upgrade\02_external_bias_audit\normalized_external\fake\98\591698_1968-01-15_2000.jpg,1,98/591698_1968-01-15_2000.jpg,StableDiffusion_v1_5,external_normalized,deepfakeface_sd15/fake/98/591698_1968-01-15_2000.jpg,0.28207990527153015,0.5181877613067627,0,freq_cnn,external_test,source_video_disjoint_v1,highpass_0.5,ffpp_validation_checkpoint,ad682adfaf8af8c993a52d42d033cc255791381fd208f7eef09a0e87344a8b6b
572,C:\Users\Rohith Syam\Documents\UTS SEMESTER 3\image processing\idea 2\outputs\generalization_upgrade\02_external_bias_audit\normalized_external\fake\98\609598_1929-11-08_2007.jpg,1,98/609598_1929-11-08_2007.jpg,StableDiffusion_v1_5,external_normalized,deepfakeface_sd15/fake/98/609598_1929-11-08_2007.jpg,0.18900124728679657,0.5181877613067627,0,freq_cnn,external_test,source_video_disjoint_v1,highpass_0.5,ffpp_validation_checkpoint,ad682adfaf8af8c993a52d42d033cc255791381fd208f7eef09a0e87344a8b6b
573,C:\Users\Rohith Syam\Documents\UTS SEMESTER 3\image processing\idea 2\outputs\generalization_upgrade\02_external_bias_audit\normalized_external\fake\98\6548698_1964-02-27_2010.jpg,1,98/6548698_1964-02-27_2010.jpg,StableDiffusion_v1_5,external_normalized,deepfakeface_sd15/fake/98/6548698_1964-02-27_2010.jpg,0.26792746782302856,0.5181877613067627,0,freq_cnn,external_test,source_video_disjoint_v1,highpass_0.5,ffpp_validation_checkpoint,ad682adfaf8af8c993a52d42d033cc255791381fd208f7eef09a0e87344a8b6b
574,C:\Users\Rohith Syam\Documents\UTS SEMESTER 3\image processing\idea 2\outputs\generalization_upgrade\02_external_bias_audit\normalized_external\fake\98\670098_1974-07-29_2009.jpg,1,98/670098_1974-07-29_2009.jpg,StableDiffusion_v1_5,external_normalized,deepfakeface_sd15/fake/98/670098_1974-07-29_2009.jpg,0.3234950304031372,0.5181877613067627,0,freq_cnn,external_test,source_video_disjoint_v1,highpass_0.5,ffpp_validation_checkpoint,ad682adfaf8af8c993a52d42d033cc255791381fd208f7eef09a0e87344a8b6b
575,C:\Users\Rohith Syam\Documents\UTS SEMESTER 3\image processing\idea 2\outputs\generalization_upgrade\02_external_bias_audit\normalized_external\fake\98\6808898_1936-01-17_2012.jpg,1,98/6808898_1936-01-17_2012.jpg,StableDiffusion_v1_5,external_normalized,deepfakeface_sd15/fake/98/6808898_1936-01-17_2012.jpg,0.32404083013534546,0.5181877613067627,0,freq_cnn,external_test,source_video_disjoint_v1,highpass_0.5,ffpp_validation_checkpoint,ad682adfaf8af8c993a52d42d033cc255791381fd208f7eef09a0e87344a8b6b
