Index,image_path,label,video_id,method,dataset,sample_id,prob_fake,threshold,prediction,model,split,protocol_id,condition,threshold_source,checkpoint_sha256
0,C:\Users\Rohith Syam\Documents\UTS SEMESTER 3\image processing\idea 2\outputs\generalization_upgrade\02_external_bias_audit\normalized_external\real\00\12596800_1920-10-18_1955.jpg,0,00/12596800_1920-10-18_1955.jpg,real,external_normalized,deepfakeface_sd15/real/00/12596800_1920-10-18_1955.jpg,0.8085716962814331,0.8184424042701721,0,hybrid,external_test,source_video_disjoint_v1,lowpass_0.1,ffpp_validation_checkpoint,dc728c791e4897a7eabff57cb9a9d5988224c88eea3e4c57bfbba32a2a0bd8e5
1,C:\Users\Rohith Syam\Documents\UTS SEMESTER 3\image processing\idea 2\outputs\generalization_upgrade\02_external_bias_audit\normalized_external\real\00\15550600_1973-11-01_2000.jpg,0,00/15550600_1973-11-01_2000.jpg,real,external_normalized,deepfakeface_sd15/real/00/15550600_1973-11-01_2000.jpg,0.5520768761634827,0.8184424042701721,0,hybrid,external_test,source_video_disjoint_v1,lowpass_0.1,ffpp_validation_checkpoint,dc728c791e4897a7eabff57cb9a9d5988224c88eea3e4c57bfbba32a2a0bd8e5
2,C:\Users\Rohith Syam\Documents\UTS SEMESTER 3\image processing\idea 2\outputs\generalization_upgrade\02_external_bias_audit\normalized_external\real\00\18407100_1917-10-18_1958.jpg,0,00/18407100_1917-10-18_1958.jpg,real,external_normalized,deepfakeface_sd15/real/00/18407100_1917-10-18_1958.jpg,0.042083363980054855,0.8184424042701721,0,hybrid,external_test,source_video_disjoint_v1,lowpass_0.1,ffpp_validation_checkpoint,dc728c791e4897a7eabff57cb9a9d5988224c88eea3e4c57bfbba32a2a0bd8e5
3,C:\Users\Rohith Syam\Documents\UTS SEMESTER 3\image processing\idea 2\outputs\generalization_upgrade\02_external_bias_audit\normalized_external\real\00\23804200_1950-03-31_2013.jpg,0,00/23804200_1950-03-31_2013.jpg,real,external_normalized,deepfakeface_sd15/real/00/23804200_1950-03-31_2013.jpg,0.5224671959877014,0.8184424042701721,0,hybrid,external_test,source_video_disjoint_v1,lowpass_0.1,ffpp_validation_checkpoint,dc728c791e4897a7eabff57cb9a9d5988224c88eea3e4c57bfbba32a2a0bd8e5
4,C:\Users\Rohith Syam\Documents\UTS SEMESTER 3\image processing\idea 2\outputs\generalization_upgrade\02_external_bias_audit\normalized_external\real\00\2540500_1970-10-10_2008.jpg,0,00/2540500_1970-10-10_2008.jpg,real,external_normalized,deepfakeface_sd15/real/00/2540500_1970-10-10_2008.jpg,0.4752410054206848,0.8184424042701721,0,hybrid,external_test,source_video_disjoint_v1,lowpass_0.1,ffpp_validation_checkpoint,dc728c791e4897a7eabff57cb9a9d5988224c88eea3e4c57bfbba32a2a0bd8e5
5,C:\Users\Rohith Syam\Documents\UTS SEMESTER 3\image processing\idea 2\outputs\generalization_upgrade\02_external_bias_audit\normalized_external\real\00\2669900_1933-07-29_1968.jpg,0,00/2669900_1933-07-29_1968.jpg,real,external_normalized,deepfakeface_sd15/real/00/2669900_1933-07-29_1968.jpg,0.1560819000005722,0.8184424042701721,0,hybrid,external_test,source_video_disjoint_v1,lowpass_0.1,ffpp_validation_checkpoint,dc728c791e4897a7eabff57cb9a9d5988224c88eea3e4c57bfbba32a2a0bd8e5
6,C:\Users\Rohith Syam\Documents\UTS SEMESTER 3\image processing\idea 2\outputs\generalization_upgrade\02_external_bias_audit\normalized_external\real\00\26771200_1988-08-13_2009.jpg,0,00/26771200_1988-08-13_2009.jpg,real,external_normalized,deepfakeface_sd15/real/00/26771200_1988-08-13_2009.jpg,0.7557530403137207,0.8184424042701721,0,hybrid,external_test,source_video_disjoint_v1,lowpass_0.1,ffpp_validation_checkpoint,dc728c791e4897a7eabff57cb9a9d5988224c88eea3e4c57bfbba32a2a0bd8e5
7,C:\Users\Rohith Syam\Documents\UTS SEMESTER 3\image processing\idea 2\outputs\generalization_upgrade\02_external_bias_audit\normalized_external\real\00\2690900_1963-03-12_2010.jpg,0,00/2690900_1963-03-12_2010.jpg,real,external_normalized,deepfakeface_sd15/real/00/2690900_1963-03-12_2010.jpg,0.390849232673645,0.8184424042701721,0,hybrid,external_test,source_video_disjoint_v1,lowpass_0.1,ffpp_validation_checkpoint,dc728c791e4897a7eabff57cb9a9d5988224c88eea3e4c57bfbba32a2a0bd8e5
8,C:\Users\Rohith Syam\Documents\UTS SEMESTER 3\image processing\idea 2\outputs\generalization_upgrade\02_external_bias_audit\normalized_external\real\00\28476500_1938-06-12_1959.jpg,0,00/28476500_1938-06-12_1959.jpg,real,external_normalized,deepfakeface_sd15/real/00/28476500_1938-06-12_1959.jpg,0.2653495669364929,0.8184424042701721,0,hybrid,external_test,source_video_disjoint_v1,lowpass_0.1,ffpp_validation_checkpoint,dc728c791e4897a7eabff57cb9a9d5988224c88eea3e4c57bfbba32a2a0bd8e5
9,C:\Users\Rohith Syam\Documents\UTS SEMESTER 3\image processing\idea 2\outputs\generalization_upgrade\02_external_bias_audit\normalized_external\real\00\28886000_1928-01-17_2009.jpg,0,00/28886000_1928-01-17_2009.jpg,real,external_normalized,deepfakeface_sd15/real/00/28886000_1928-01-17_2009.jpg,0.8563091158866882,0.8184424042701721,1,hybrid,external_test,source_video_disjoint_v1,lowpass_0.1,ffpp_validation_checkpoint,dc728c791e4897a7eabff57cb9a9d5988224c88eea3e4c57bfbba32a2a0bd8e5
10,C:\Users\Rohith Syam\Documents\UTS SEMESTER 3\image processing\idea 2\outputs\generalization_upgrade\02_external_bias_audit\normalized_external\real\00\3293900_1973-09-23_2004.jpg,0,00/3293900_1973-09-23_2004.jpg,real,external_normalized,deepfakeface_sd15/real/00/3293900_1973-09-23_2004.jpg,0.8748600482940674,0.8184424042701721,1,hybrid,external_test,source_video_disjoint_v1,lowpass_0.1,ffpp_validation_checkpoint,dc728c791e4897a7eabff57cb9a9d5988224c88eea3e4c57bfbba32a2a0bd8e5
11,C:\Users\Rohith Syam\Documents\UTS SEMESTER 3\image processing\idea 2\outputs\generalization_upgrade\02_external_bias_audit\normalized_external\real\00\34199700_1921-05-23_1946.jpg,0,00/34199700_1921-05-23_1946.jpg,real,external_normalized,deepfakeface_sd15/real/00/34199700_1921-05-23_1946.jpg,0.6948598623275757,0.8184424042701721,0,hybrid,external_test,source_video_disjoint_v1,lowpass_0.1,ffpp_validation_checkpoint,dc728c791e4897a7eabff57cb9a9d5988224c88eea3e4c57bfbba32a2a0bd8e5
12,C:\Users\Rohith Syam\Documents\UTS SEMESTER 3\image processing\idea 2\outputs\generalization_upgrade\02_external_bias_audit\normalized_external\real\00\34316600_1994-11-15_2013.jpg,0,00/34316600_1994-11-15_2013.jpg,real,external_normalized,deepfakeface_sd15/real/00/34316600_1994-11-15_2013.jpg,0.9299859404563904,0.8184424042701721,1,hybrid,external_test,source_video_disjoint_v1,lowpass_0.1,ffpp_validation_checkpoint,dc728c791e4897a7eabff57cb9a9d5988224c88eea3e4c57bfbba32a2a0bd8e5
13,C:\Users\Rohith Syam\Documents\UTS SEMESTER 3\image processing\idea 2\outputs\generalization_upgrade\02_external_bias_audit\normalized_external\real\00\35360200_1996-11-01_2012.jpg,0,00/35360200_1996-11-01_2012.jpg,real,external_normalized,deepfakeface_sd15/real/00/35360200_1996-11-01_2012.jpg,0.998228132724762,0.8184424042701721,1,hybrid,external_test,source_video_disjoint_v1,lowpass_0.1,ffpp_validation_checkpoint,dc728c791e4897a7eabff57cb9a9d5988224c88eea3e4c57bfbba32a2a0bd8e5
14,C:\Users\Rohith Syam\Documents\UTS SEMESTER 3\image processing\idea 2\outputs\generalization_upgrade\02_external_bias_audit\normalized_external\real\00\36606300_1984-08-03_2014.jpg,0,00/36606300_1984-08-03_2014.jpg,real,external_normalized,deepfakeface_sd15/real/00/36606300_1984-08-03_2014.jpg,0.922991156578064,0.8184424042701721,1,hybrid,external_test,source_video_disjoint_v1,lowpass_0.1,ffpp_validation_checkpoint,dc728c791e4897a7eabff57cb9a9d5988224c88eea3e4c57bfbba32a2a0bd8e5
15,C:\Users\Rohith Syam\Documents\UTS SEMESTER 3\image processing\idea 2\outputs\generalization_upgrade\02_external_bias_audit\normalized_external\real\00\38882500_1940-10-04_1977.jpg,0,00/38882500_1940-10-04_1977.jpg,real,external_normalized,deepfakeface_sd15/real/00/38882500_1940-10-04_1977.jpg,0.522308349609375,0.8184424042701721,0,hybrid,external_test,source_video_disjoint_v1,lowpass_0.1,ffpp_validation_checkpoint,dc728c791e4897a7eabff57cb9a9d5988224c88eea3e4c57bfbba32a2a0bd8e5
16,C:\Users\Rohith Syam\Documents\UTS SEMESTER 3\image processing\idea 2\outputs\generalization_upgrade\02_external_bias_audit\normalized_external\real\00\3982800_1988-01-29_2012.jpg,0,00/3982800_1988-01-29_2012.jpg,real,external_normalized,deepfakeface_sd15/real/00/3982800_1988-01-29_2012.jpg,0.7447128891944885,0.8184424042701721,0,hybrid,external_test,source_video_disjoint_v1,lowpass_0.1,ffpp_validation_checkpoint,dc728c791e4897a7eabff57cb9a9d5988224c88eea3e4c57bfbba32a2a0bd8e5
17,C:\Users\Rohith Syam\Documents\UTS SEMESTER 3\image processing\idea 2\outputs\generalization_upgrade\02_external_bias_audit\normalized_external\real\00\41835500_1992-05-12_2014.jpg,0,00/41835500_1992-05-12_2014.jpg,real,external_normalized,deepfakeface_sd15/real/00/41835500_1992-05-12_2014.jpg,0.92149817943573,0.8184424042701721,1,hybrid,external_test,source_video_disjoint_v1,lowpass_0.1,ffpp_validation_checkpoint,dc728c791e4897a7eabff57cb9a9d5988224c88eea3e4c57bfbba32a2a0bd8e5
18,C:\Users\Rohith Syam\Documents\UTS SEMESTER 3\image processing\idea 2\outputs\generalization_upgrade\02_external_bias_audit\normalized_external\real\00\4236500_1977-10-18_2005.jpg,0,00/4236500_1977-10-18_2005.jpg,real,external_normalized,deepfakeface_sd15/real/00/4236500_1977-10-18_2005.jpg,0.8075535893440247,0.8184424042701721,0,hybrid,external_test,source_video_disjoint_v1,lowpass_0.1,ffpp_validation_checkpoint,dc728c791e4897a7eabff57cb9a9d5988224c88eea3e4c57bfbba32a2a0bd8e5
19,C:\Users\Rohith Syam\Documents\UTS SEMESTER 3\image processing\idea 2\outputs\generalization_upgrade\02_external_bias_audit\normalized_external\real\00\46667800_1978-03-16_2014.jpg,0,00/46667800_1978-03-16_2014.jpg,real,external_normalized,deepfakeface_sd15/real/00/46667800_1978-03-16_2014.jpg,0.243223637342453,0.8184424042701721,0,hybrid,external_test,source_video_disjoint_v1,lowpass_0.1,ffpp_validation_checkpoint,dc728c791e4897a7eabff57cb9a9d5988224c88eea3e4c57bfbba32a2a0bd8e5
20,C:\Users\Rohith Syam\Documents\UTS SEMESTER 3\image processing\idea 2\outputs\generalization_upgrade\02_external_bias_audit\normalized_external\real\00\5616200_1968-09-06_2006.jpg,0,00/5616200_1968-09-06_2006.jpg,real,external_normalized,deepfakeface_sd15/real/00/5616200_1968-09-06_2006.jpg,0.6336836814880371,0.8184424042701721,0,hybrid,external_test,source_video_disjoint_v1,lowpass_0.1,ffpp_validation_checkpoint,dc728c791e4897a7eabff57cb9a9d5988224c88eea3e4c57bfbba32a2a0bd8e5
21,C:\Users\Rohith Syam\Documents\UTS SEMESTER 3\image processing\idea 2\outputs\generalization_upgrade\02_external_bias_audit\normalized_external\real\00\5751800_1950-09-09_2010.jpg,0,00/5751800_1950-09-09_2010.jpg,real,external_normalized,deepfakeface_sd15/real/00/5751800_1950-09-09_2010.jpg,0.23666222393512726,0.8184424042701721,0,hybrid,external_test,source_video_disjoint_v1,lowpass_0.1,ffpp_validation_checkpoint,dc728c791e4897a7eabff57cb9a9d5988224c88eea3e4c57bfbba32a2a0bd8e5
22,C:\Users\Rohith Syam\Documents\UTS SEMESTER 3\image processing\idea 2\outputs\generalization_upgrade\02_external_bias_audit\normalized_external\real\00\67000_1947-05-13_2007.jpg,0,00/67000_1947-05-13_2007.jpg,real,external_normalized,deepfakeface_sd15/real/00/67000_1947-05-13_2007.jpg,0.7473050951957703,0.8184424042701721,0,hybrid,external_test,source_video_disjoint_v1,lowpass_0.1,ffpp_validation_checkpoint,dc728c791e4897a7eabff57cb9a9d5988224c88eea3e4c57bfbba32a2a0bd8e5
23,C:\Users\Rohith Syam\Documents\UTS SEMESTER 3\image processing\idea 2\outputs\generalization_upgrade\02_external_bias_audit\normalized_external\real\00\7567200_1932-07-31_1966.jpg,0,00/7567200_1932-07-31_1966.jpg,real,external_normalized,deepfakeface_sd15/real/00/7567200_1932-07-31_1966.jpg,0.2982018291950226,0.8184424042701721,0,hybrid,external_test,source_video_disjoint_v1,lowpass_0.1,ffpp_validation_checkpoint,dc728c791e4897a7eabff57cb9a9d5988224c88eea3e4c57bfbba32a2a0bd8e5
24,C:\Users\Rohith Syam\Documents\UTS SEMESTER 3\image processing\idea 2\outputs\generalization_upgrade\02_external_bias_audit\normalized_external\real\00\8222200_1941-05-15_1964.jpg,0,00/8222200_1941-05-15_1964.jpg,real,external_normalized,deepfakeface_sd15/real/00/8222200_1941-05-15_1964.jpg,0.946647047996521,0.8184424042701721,1,hybrid,external_test,source_video_disjoint_v1,lowpass_0.1,ffpp_validation_checkpoint,dc728c791e4897a7eabff57cb9a9d5988224c88eea3e4c57bfbba32a2a0bd8e5
25,C:\Users\Rohith Syam\Documents\UTS SEMESTER 3\image processing\idea 2\outputs\generalization_upgrade\02_external_bias_audit\normalized_external\real\00\836500_1977-03-04_2007.jpg,0,00/836500_1977-03-04_2007.jpg,real,external_normalized,deepfakeface_sd15/real/00/836500_1977-03-04_2007.jpg,0.5882379412651062,0.8184424042701721,0,hybrid,external_test,source_video_disjoint_v1,lowpass_0.1,ffpp_validation_checkpoint,dc728c791e4897a7eabff57cb9a9d5988224c88eea3e4c57bfbba32a2a0bd8e5
26,C:\Users\Rohith Syam\Documents\UTS SEMESTER 3\image processing\idea 2\outputs\generalization_upgrade\02_external_bias_audit\normalized_external\real\00\9210500_1912-02-06_1942.jpg,0,00/9210500_1912-02-06_1942.jpg,real,external_normalized,deepfakeface_sd15/real/00/9210500_1912-02-06_1942.jpg,0.32761695981025696,0.8184424042701721,0,hybrid,external_test,source_video_disjoint_v1,lowpass_0.1,ffpp_validation_checkpoint,dc728c791e4897a7eabff57cb9a9d5988224c88eea3e4c57bfbba32a2a0bd8e5
27,C:\Users\Rohith Syam\Documents\UTS SEMESTER 3\image processing\idea 2\outputs\generalization_upgrade\02_external_bias_audit\normalized_external\real\00\944600_1968-02-05_2006.jpg,0,00/944600_1968-02-05_2006.jpg,real,external_normalized,deepfakeface_sd15/real/00/944600_1968-02-05_2006.jpg,0.9393259286880493,0.8184424042701721,1,hybrid,external_test,source_video_disjoint_v1,lowpass_0.1,ffpp_validation_checkpoint,dc728c791e4897a7eabff57cb9a9d5988224c88eea3e4c57bfbba32a2a0bd8e5
28,C:\Users\Rohith Syam\Documents\UTS SEMESTER 3\image processing\idea 2\outputs\generalization_upgrade\02_external_bias_audit\normalized_external\real\00\9801700_1969-10-11_2012.jpg,0,00/9801700_1969-10-11_2012.jpg,real,external_normalized,deepfakeface_sd15/real/00/9801700_1969-10-11_2012.jpg,0.8874094486236572,0.8184424042701721,1,hybrid,external_test,source_video_disjoint_v1,lowpass_0.1,ffpp_validation_checkpoint,dc728c791e4897a7eabff57cb9a9d5988224c88eea3e4c57bfbba32a2a0bd8e5
29,C:\Users\Rohith Syam\Documents\UTS SEMESTER 3\image processing\idea 2\outputs\generalization_upgrade\02_external_bias_audit\normalized_external\real\02\4539602_1977-04-26_2010.jpg,0,02/4539602_1977-04-26_2010.jpg,real,external_normalized,deepfakeface_sd15/real/02/4539602_1977-04-26_2010.jpg,0.9829730987548828,0.8184424042701721,1,hybrid,external_test,source_video_disjoint_v1,lowpass_0.1,ffpp_validation_checkpoint,dc728c791e4897a7eabff57cb9a9d5988224c88eea3e4c57bfbba32a2a0bd8e5
30,C:\Users\Rohith Syam\Documents\UTS SEMESTER 3\image processing\idea 2\outputs\generalization_upgrade\02_external_bias_audit\normalized_external\real\03\10970703_1984-05-21_2011.jpg,0,03/10970703_1984-05-21_2011.jpg,real,external_normalized,deepfakeface_sd15/real/03/10970703_1984-05-21_2011.jpg,0.48055925965309143,0.8184424042701721,0,hybrid,external_test,source_video_disjoint_v1,lowpass_0.1,ffpp_validation_checkpoint,dc728c791e4897a7eabff57cb9a9d5988224c88eea3e4c57bfbba32a2a0bd8e5
31,C:\Users\Rohith Syam\Documents\UTS SEMESTER 3\image processing\idea 2\outputs\generalization_upgrade\02_external_bias_audit\normalized_external\real\03\1142203_1949-03-03_2008.jpg,0,03/1142203_1949-03-03_2008.jpg,real,external_normalized,deepfakeface_sd15/real/03/1142203_1949-03-03_2008.jpg,0.9796555042266846,0.8184424042701721,1,hybrid,external_test,source_video_disjoint_v1,lowpass_0.1,ffpp_validation_checkpoint,dc728c791e4897a7eabff57cb9a9d5988224c88eea3e4c57bfbba32a2a0bd8e5
32,C:\Users\Rohith Syam\Documents\UTS SEMESTER 3\image processing\idea 2\outputs\generalization_upgrade\02_external_bias_audit\normalized_external\real\03\13181303_1944-01-11_1971.jpg,0,03/13181303_1944-01-11_1971.jpg,real,external_normalized,deepfakeface_sd15/real/03/13181303_1944-01-11_1971.jpg,0.8974066376686096,0.8184424042701721,1,hybrid,external_test,source_video_disjoint_v1,lowpass_0.1,ffpp_validation_checkpoint,dc728c791e4897a7eabff57cb9a9d5988224c88eea3e4c57bfbba32a2a0bd8e5
33,C:\Users\Rohith Syam\Documents\UTS SEMESTER 3\image processing\idea 2\outputs\generalization_upgrade\02_external_bias_audit\normalized_external\real\03\14926103_1928-01-13_1958.jpg,0,03/14926103_1928-01-13_1958.jpg,real,external_normalized,deepfakeface_sd15/real/03/14926103_1928-01-13_1958.jpg,0.11706042289733887,0.8184424042701721,0,hybrid,external_test,source_video_disjoint_v1,lowpass_0.1,ffpp_validation_checkpoint,dc728c791e4897a7eabff57cb9a9d5988224c88eea3e4c57bfbba32a2a0bd8e5
34,C:\Users\Rohith Syam\Documents\UTS SEMESTER 3\image processing\idea 2\outputs\generalization_upgrade\02_external_bias_audit\normalized_external\real\03\16103_1907-05-26_1965.jpg,0,03/16103_1907-05-26_1965.jpg,real,external_normalized,deepfakeface_sd15/real/03/16103_1907-05-26_1965.jpg,0.2849562168121338,0.8184424042701721,0,hybrid,external_test,source_video_disjoint_v1,lowpass_0.1,ffpp_validation_checkpoint,dc728c791e4897a7eabff57cb9a9d5988224c88eea3e4c57bfbba32a2a0bd8e5
35,C:\Users\Rohith Syam\Documents\UTS SEMESTER 3\image processing\idea 2\outputs\generalization_upgrade\02_external_bias_audit\normalized_external\real\03\18388503_1942-09-14_2007.jpg,0,03/18388503_1942-09-14_2007.jpg,real,external_normalized,deepfakeface_sd15/real/03/18388503_1942-09-14_2007.jpg,0.633074164390564,0.8184424042701721,0,hybrid,external_test,source_video_disjoint_v1,lowpass_0.1,ffpp_validation_checkpoint,dc728c791e4897a7eabff57cb9a9d5988224c88eea3e4c57bfbba32a2a0bd8e5
36,C:\Users\Rohith Syam\Documents\UTS SEMESTER 3\image processing\idea 2\outputs\generalization_upgrade\02_external_bias_audit\normalized_external\real\03\19966503_1974-03-04_2011.jpg,0,03/19966503_1974-03-04_2011.jpg,real,external_normalized,deepfakeface_sd15/real/03/19966503_1974-03-04_2011.jpg,0.9090908765792847,0.8184424042701721,1,hybrid,external_test,source_video_disjoint_v1,lowpass_0.1,ffpp_validation_checkpoint,dc728c791e4897a7eabff57cb9a9d5988224c88eea3e4c57bfbba32a2a0bd8e5
37,C:\Users\Rohith Syam\Documents\UTS SEMESTER 3\image processing\idea 2\outputs\generalization_upgrade\02_external_bias_audit\normalized_external\real\03\21296103_1982-04-25_2011.jpg,0,03/21296103_1982-04-25_2011.jpg,real,external_normalized,deepfakeface_sd15/real/03/21296103_1982-04-25_2011.jpg,0.9716211557388306,0.8184424042701721,1,hybrid,external_test,source_video_disjoint_v1,lowpass_0.1,ffpp_validation_checkpoint,dc728c791e4897a7eabff57cb9a9d5988224c88eea3e4c57bfbba32a2a0bd8e5
38,C:\Users\Rohith Syam\Documents\UTS SEMESTER 3\image processing\idea 2\outputs\generalization_upgrade\02_external_bias_audit\normalized_external\real\03\2220103_1954-05-18_2009.jpg,0,03/2220103_1954-05-18_2009.jpg,real,external_normalized,deepfakeface_sd15/real/03/2220103_1954-05-18_2009.jpg,0.9129072427749634,0.8184424042701721,1,hybrid,external_test,source_video_disjoint_v1,lowpass_0.1,ffpp_validation_checkpoint,dc728c791e4897a7eabff57cb9a9d5988224c88eea3e4c57bfbba32a2a0bd8e5
39,C:\Users\Rohith Syam\Documents\UTS SEMESTER 3\image processing\idea 2\outputs\generalization_upgrade\02_external_bias_audit\normalized_external\real\03\225903_1935-04-21_2007.jpg,0,03/225903_1935-04-21_2007.jpg,real,external_normalized,deepfakeface_sd15/real/03/225903_1935-04-21_2007.jpg,0.5111708045005798,0.8184424042701721,0,hybrid,external_test,source_video_disjoint_v1,lowpass_0.1,ffpp_validation_checkpoint,dc728c791e4897a7eabff57cb9a9d5988224c88eea3e4c57bfbba32a2a0bd8e5
40,C:\Users\Rohith Syam\Documents\UTS SEMESTER 3\image processing\idea 2\outputs\generalization_upgrade\02_external_bias_audit\normalized_external\real\03\2395003_1940-06-21_1977.jpg,0,03/2395003_1940-06-21_1977.jpg,real,external_normalized,deepfakeface_sd15/real/03/2395003_1940-06-21_1977.jpg,0.14983122050762177,0.8184424042701721,0,hybrid,external_test,source_video_disjoint_v1,lowpass_0.1,ffpp_validation_checkpoint,dc728c791e4897a7eabff57cb9a9d5988224c88eea3e4c57bfbba32a2a0bd8e5
41,C:\Users\Rohith Syam\Documents\UTS SEMESTER 3\image processing\idea 2\outputs\generalization_upgrade\02_external_bias_audit\normalized_external\real\03\2420403_1964-03-18_2007.jpg,0,03/2420403_1964-03-18_2007.jpg,real,external_normalized,deepfakeface_sd15/real/03/2420403_1964-03-18_2007.jpg,0.8565044403076172,0.8184424042701721,1,hybrid,external_test,source_video_disjoint_v1,lowpass_0.1,ffpp_validation_checkpoint,dc728c791e4897a7eabff57cb9a9d5988224c88eea3e4c57bfbba32a2a0bd8e5
42,C:\Users\Rohith Syam\Documents\UTS SEMESTER 3\image processing\idea 2\outputs\generalization_upgrade\02_external_bias_audit\normalized_external\real\03\2740303_1974-11-03_1999.jpg,0,03/2740303_1974-11-03_1999.jpg,real,external_normalized,deepfakeface_sd15/real/03/2740303_1974-11-03_1999.jpg,0.6978259682655334,0.8184424042701721,0,hybrid,external_test,source_video_disjoint_v1,lowpass_0.1,ffpp_validation_checkpoint,dc728c791e4897a7eabff57cb9a9d5988224c88eea3e4c57bfbba32a2a0bd8e5
43,C:\Users\Rohith Syam\Documents\UTS SEMESTER 3\image processing\idea 2\outputs\generalization_upgrade\02_external_bias_audit\normalized_external\real\03\2779203_1965-10-01_2008.jpg,0,03/2779203_1965-10-01_2008.jpg,real,external_normalized,deepfakeface_sd15/real/03/2779203_1965-10-01_2008.jpg,0.8795494437217712,0.8184424042701721,1,hybrid,external_test,source_video_disjoint_v1,lowpass_0.1,ffpp_validation_checkpoint,dc728c791e4897a7eabff57cb9a9d5988224c88eea3e4c57bfbba32a2a0bd8e5
44,C:\Users\Rohith Syam\Documents\UTS SEMESTER 3\image processing\idea 2\outputs\generalization_upgrade\02_external_bias_audit\normalized_external\real\03\317803_1920-03-03_2011.jpg,0,03/317803_1920-03-03_2011.jpg,real,external_normalized,deepfakeface_sd15/real/03/317803_1920-03-03_2011.jpg,0.7909751534461975,0.8184424042701721,0,hybrid,external_test,source_video_disjoint_v1,lowpass_0.1,ffpp_validation_checkpoint,dc728c791e4897a7eabff57cb9a9d5988224c88eea3e4c57bfbba32a2a0bd8e5
45,C:\Users\Rohith Syam\Documents\UTS SEMESTER 3\image processing\idea 2\outputs\generalization_upgrade\02_external_bias_audit\normalized_external\real\03\32442803_1991-09-14_2012.jpg,0,03/32442803_1991-09-14_2012.jpg,real,external_normalized,deepfakeface_sd15/real/03/32442803_1991-09-14_2012.jpg,0.9698398113250732,0.8184424042701721,1,hybrid,external_test,source_video_disjoint_v1,lowpass_0.1,ffpp_validation_checkpoint,dc728c791e4897a7eabff57cb9a9d5988224c88eea3e4c57bfbba32a2a0bd8e5
46,C:\Users\Rohith Syam\Documents\UTS SEMESTER 3\image processing\idea 2\outputs\generalization_upgrade\02_external_bias_audit\normalized_external\real\03\34807003_1990-05-29_2013.jpg,0,03/34807003_1990-05-29_2013.jpg,real,external_normalized,deepfakeface_sd15/real/03/34807003_1990-05-29_2013.jpg,0.5314523577690125,0.8184424042701721,0,hybrid,external_test,source_video_disjoint_v1,lowpass_0.1,ffpp_validation_checkpoint,dc728c791e4897a7eabff57cb9a9d5988224c88eea3e4c57bfbba32a2a0bd8e5
47,C:\Users\Rohith Syam\Documents\UTS SEMESTER 3\image processing\idea 2\outputs\generalization_upgrade\02_external_bias_audit\normalized_external\real\03\37970303_1977-07-09_2013.jpg,0,03/37970303_1977-07-09_2013.jpg,real,external_normalized,deepfakeface_sd15/real/03/37970303_1977-07-09_2013.jpg,0.3635900914669037,0.8184424042701721,0,hybrid,external_test,source_video_disjoint_v1,lowpass_0.1,ffpp_validation_checkpoint,dc728c791e4897a7eabff57cb9a9d5988224c88eea3e4c57bfbba32a2a0bd8e5
48,C:\Users\Rohith Syam\Documents\UTS SEMESTER 3\image processing\idea 2\outputs\generalization_upgrade\02_external_bias_audit\normalized_external\real\03\39605003_1966-06-21_2012.jpg,0,03/39605003_1966-06-21_2012.jpg,real,external_normalized,deepfakeface_sd15/real/03/39605003_1966-06-21_2012.jpg,0.8816013336181641,0.8184424042701721,1,hybrid,external_test,source_video_disjoint_v1,lowpass_0.1,ffpp_validation_checkpoint,dc728c791e4897a7eabff57cb9a9d5988224c88eea3e4c57bfbba32a2a0bd8e5
49,C:\Users\Rohith Syam\Documents\UTS SEMESTER 3\image processing\idea 2\outputs\generalization_upgrade\02_external_bias_audit\normalized_external\real\03\39918103_1988-09-29_2012.jpg,0,03/39918103_1988-09-29_2012.jpg,real,external_normalized,deepfakeface_sd15/real/03/39918103_1988-09-29_2012.jpg,0.9410957098007202,0.8184424042701721,1,hybrid,external_test,source_video_disjoint_v1,lowpass_0.1,ffpp_validation_checkpoint,dc728c791e4897a7eabff57cb9a9d5988224c88eea3e4c57bfbba32a2a0bd8e5
50,C:\Users\Rohith Syam\Documents\UTS SEMESTER 3\image processing\idea 2\outputs\generalization_upgrade\02_external_bias_audit\normalized_external\real\03\4830003_1961-12-01_2010.jpg,0,03/4830003_1961-12-01_2010.jpg,real,external_normalized,deepfakeface_sd15/real/03/4830003_1961-12-01_2010.jpg,0.7478086352348328,0.8184424042701721,0,hybrid,external_test,source_video_disjoint_v1,lowpass_0.1,ffpp_validation_checkpoint,dc728c791e4897a7eabff57cb9a9d5988224c88eea3e4c57bfbba32a2a0bd8e5
51,C:\Users\Rohith Syam\Documents\UTS SEMESTER 3\image processing\idea 2\outputs\generalization_upgrade\02_external_bias_audit\normalized_external\real\03\555703_1913-07-13_1970.jpg,0,03/555703_1913-07-13_1970.jpg,real,external_normalized,deepfakeface_sd15/real/03/555703_1913-07-13_1970.jpg,0.10616206377744675,0.8184424042701721,0,hybrid,external_test,source_video_disjoint_v1,lowpass_0.1,ffpp_validation_checkpoint,dc728c791e4897a7eabff57cb9a9d5988224c88eea3e4c57bfbba32a2a0bd8e5
52,C:\Users\Rohith Syam\Documents\UTS SEMESTER 3\image processing\idea 2\outputs\generalization_upgrade\02_external_bias_audit\normalized_external\real\03\6104003_1985-07-06_2006.jpg,0,03/6104003_1985-07-06_2006.jpg,real,external_normalized,deepfakeface_sd15/real/03/6104003_1985-07-06_2006.jpg,0.7958248853683472,0.8184424042701721,0,hybrid,external_test,source_video_disjoint_v1,lowpass_0.1,ffpp_validation_checkpoint,dc728c791e4897a7eabff57cb9a9d5988224c88eea3e4c57bfbba32a2a0bd8e5
53,C:\Users\Rohith Syam\Documents\UTS SEMESTER 3\image processing\idea 2\outputs\generalization_upgrade\02_external_bias_audit\normalized_external\real\03\7100903_1961-03-15_2010.jpg,0,03/7100903_1961-03-15_2010.jpg,real,external_normalized,deepfakeface_sd15/real/03/7100903_1961-03-15_2010.jpg,0.9408215880393982,0.8184424042701721,1,hybrid,external_test,source_video_disjoint_v1,lowpass_0.1,ffpp_validation_checkpoint,dc728c791e4897a7eabff57cb9a9d5988224c88eea3e4c57bfbba32a2a0bd8e5
54,C:\Users\Rohith Syam\Documents\UTS SEMESTER 3\image processing\idea 2\outputs\generalization_upgrade\02_external_bias_audit\normalized_external\real\03\7655603_1956-03-09_2010.jpg,0,03/7655603_1956-03-09_2010.jpg,real,external_normalized,deepfakeface_sd15/real/03/7655603_1956-03-09_2010.jpg,0.9621899724006653,0.8184424042701721,1,hybrid,external_test,source_video_disjoint_v1,lowpass_0.1,ffpp_validation_checkpoint,dc728c791e4897a7eabff57cb9a9d5988224c88eea3e4c57bfbba32a2a0bd8e5
55,C:\Users\Rohith Syam\Documents\UTS SEMESTER 3\image processing\idea 2\outputs\generalization_upgrade\02_external_bias_audit\normalized_external\real\03\8902703_1978-09-20_2007.jpg,0,03/8902703_1978-09-20_2007.jpg,real,external_normalized,deepfakeface_sd15/real/03/8902703_1978-09-20_2007.jpg,0.7894072532653809,0.8184424042701721,0,hybrid,external_test,source_video_disjoint_v1,lowpass_0.1,ffpp_validation_checkpoint,dc728c791e4897a7eabff57cb9a9d5988224c88eea3e4c57bfbba32a2a0bd8e5
56,C:\Users\Rohith Syam\Documents\UTS SEMESTER 3\image processing\idea 2\outputs\generalization_upgrade\02_external_bias_audit\normalized_external\real\03\9000703_1982-07-16_2008.jpg,0,03/9000703_1982-07-16_2008.jpg,real,external_normalized,deepfakeface_sd15/real/03/9000703_1982-07-16_2008.jpg,0.9474488496780396,0.8184424042701721,1,hybrid,external_test,source_video_disjoint_v1,lowpass_0.1,ffpp_validation_checkpoint,dc728c791e4897a7eabff57cb9a9d5988224c88eea3e4c57bfbba32a2a0bd8e5
57,C:\Users\Rohith Syam\Documents\UTS SEMESTER 3\image processing\idea 2\outputs\generalization_upgrade\02_external_bias_audit\normalized_external\real\03\9729003_1988-05-18_2011.jpg,0,03/9729003_1988-05-18_2011.jpg,real,external_normalized,deepfakeface_sd15/real/03/9729003_1988-05-18_2011.jpg,0.8391714692115784,0.8184424042701721,1,hybrid,external_test,source_video_disjoint_v1,lowpass_0.1,ffpp_validation_checkpoint,dc728c791e4897a7eabff57cb9a9d5988224c88eea3e4c57bfbba32a2a0bd8e5
58,C:\Users\Rohith Syam\Documents\UTS SEMESTER 3\image processing\idea 2\outputs\generalization_upgrade\02_external_bias_audit\normalized_external\real\03\97803_1991-04-04_2007.jpg,0,03/97803_1991-04-04_2007.jpg,real,external_normalized,deepfakeface_sd15/real/03/97803_1991-04-04_2007.jpg,0.9371802806854248,0.8184424042701721,1,hybrid,external_test,source_video_disjoint_v1,lowpass_0.1,ffpp_validation_checkpoint,dc728c791e4897a7eabff57cb9a9d5988224c88eea3e4c57bfbba32a2a0bd8e5
59,C:\Users\Rohith Syam\Documents\UTS SEMESTER 3\image processing\idea 2\outputs\generalization_upgrade\02_external_bias_audit\normalized_external\real\12\1836812_1976-11-06_2013.jpg,0,12/1836812_1976-11-06_2013.jpg,real,external_normalized,deepfakeface_sd15/real/12/1836812_1976-11-06_2013.jpg,0.805919885635376,0.8184424042701721,0,hybrid,external_test,source_video_disjoint_v1,lowpass_0.1,ffpp_validation_checkpoint,dc728c791e4897a7eabff57cb9a9d5988224c88eea3e4c57bfbba32a2a0bd8e5
60,C:\Users\Rohith Syam\Documents\UTS SEMESTER 3\image processing\idea 2\outputs\generalization_upgrade\02_external_bias_audit\normalized_external\real\14\12041214_1955-03-25_2012.jpg,0,14/12041214_1955-03-25_2012.jpg,real,external_normalized,deepfakeface_sd15/real/14/12041214_1955-03-25_2012.jpg,0.5959071516990662,0.8184424042701721,0,hybrid,external_test,source_video_disjoint_v1,lowpass_0.1,ffpp_validation_checkpoint,dc728c791e4897a7eabff57cb9a9d5988224c88eea3e4c57bfbba32a2a0bd8e5
61,C:\Users\Rohith Syam\Documents\UTS SEMESTER 3\image processing\idea 2\outputs\generalization_upgrade\02_external_bias_audit\normalized_external\real\14\12461914_1975-12-14_2007.jpg,0,14/12461914_1975-12-14_2007.jpg,real,external_normalized,deepfakeface_sd15/real/14/12461914_1975-12-14_2007.jpg,0.9758337140083313,0.8184424042701721,1,hybrid,external_test,source_video_disjoint_v1,lowpass_0.1,ffpp_validation_checkpoint,dc728c791e4897a7eabff57cb9a9d5988224c88eea3e4c57bfbba32a2a0bd8e5
62,C:\Users\Rohith Syam\Documents\UTS SEMESTER 3\image processing\idea 2\outputs\generalization_upgrade\02_external_bias_audit\normalized_external\real\14\14307714_1977-01-29_2013.jpg,0,14/14307714_1977-01-29_2013.jpg,real,external_normalized,deepfakeface_sd15/real/14/14307714_1977-01-29_2013.jpg,0.9509567022323608,0.8184424042701721,1,hybrid,external_test,source_video_disjoint_v1,lowpass_0.1,ffpp_validation_checkpoint,dc728c791e4897a7eabff57cb9a9d5988224c88eea3e4c57bfbba32a2a0bd8e5
63,C:\Users\Rohith Syam\Documents\UTS SEMESTER 3\image processing\idea 2\outputs\generalization_upgrade\02_external_bias_audit\normalized_external\real\14\170514_1963-03-06_1970.jpg,0,14/170514_1963-03-06_1970.jpg,real,external_normalized,deepfakeface_sd15/real/14/170514_1963-03-06_1970.jpg,0.7415508031845093,0.8184424042701721,0,hybrid,external_test,source_video_disjoint_v1,lowpass_0.1,ffpp_validation_checkpoint,dc728c791e4897a7eabff57cb9a9d5988224c88eea3e4c57bfbba32a2a0bd8e5
64,C:\Users\Rohith Syam\Documents\UTS SEMESTER 3\image processing\idea 2\outputs\generalization_upgrade\02_external_bias_audit\normalized_external\real\14\1830414_1971-07-01_2013.jpg,0,14/1830414_1971-07-01_2013.jpg,real,external_normalized,deepfakeface_sd15/real/14/1830414_1971-07-01_2013.jpg,0.6925188302993774,0.8184424042701721,0,hybrid,external_test,source_video_disjoint_v1,lowpass_0.1,ffpp_validation_checkpoint,dc728c791e4897a7eabff57cb9a9d5988224c88eea3e4c57bfbba32a2a0bd8e5
65,C:\Users\Rohith Syam\Documents\UTS SEMESTER 3\image processing\idea 2\outputs\generalization_upgrade\02_external_bias_audit\normalized_external\real\14\19894914_1989-10-19_2012.jpg,0,14/19894914_1989-10-19_2012.jpg,real,external_normalized,deepfakeface_sd15/real/14/19894914_1989-10-19_2012.jpg,0.8001187443733215,0.8184424042701721,0,hybrid,external_test,source_video_disjoint_v1,lowpass_0.1,ffpp_validation_checkpoint,dc728c791e4897a7eabff57cb9a9d5988224c88eea3e4c57bfbba32a2a0bd8e5
66,C:\Users\Rohith Syam\Documents\UTS SEMESTER 3\image processing\idea 2\outputs\generalization_upgrade\02_external_bias_audit\normalized_external\real\14\1995914_1928-11-21_1976.jpg,0,14/1995914_1928-11-21_1976.jpg,real,external_normalized,deepfakeface_sd15/real/14/1995914_1928-11-21_1976.jpg,0.14602868258953094,0.8184424042701721,0,hybrid,external_test,source_video_disjoint_v1,lowpass_0.1,ffpp_validation_checkpoint,dc728c791e4897a7eabff57cb9a9d5988224c88eea3e4c57bfbba32a2a0bd8e5
67,C:\Users\Rohith Syam\Documents\UTS SEMESTER 3\image processing\idea 2\outputs\generalization_upgrade\02_external_bias_audit\normalized_external\real\14\2009614_1964-05-13_2008.jpg,0,14/2009614_1964-05-13_2008.jpg,real,external_normalized,deepfakeface_sd15/real/14/2009614_1964-05-13_2008.jpg,0.43181341886520386,0.8184424042701721,0,hybrid,external_test,source_video_disjoint_v1,lowpass_0.1,ffpp_validation_checkpoint,dc728c791e4897a7eabff57cb9a9d5988224c88eea3e4c57bfbba32a2a0bd8e5
68,C:\Users\Rohith Syam\Documents\UTS SEMESTER 3\image processing\idea 2\outputs\generalization_upgrade\02_external_bias_audit\normalized_external\real\14\21538614_1990-11-01_2015.jpg,0,14/21538614_1990-11-01_2015.jpg,real,external_normalized,deepfakeface_sd15/real/14/21538614_1990-11-01_2015.jpg,0.722324550151825,0.8184424042701721,0,hybrid,external_test,source_video_disjoint_v1,lowpass_0.1,ffpp_validation_checkpoint,dc728c791e4897a7eabff57cb9a9d5988224c88eea3e4c57bfbba32a2a0bd8e5
69,C:\Users\Rohith Syam\Documents\UTS SEMESTER 3\image processing\idea 2\outputs\generalization_upgrade\02_external_bias_audit\normalized_external\real\14\22037414_1987-06-05_2013.jpg,0,14/22037414_1987-06-05_2013.jpg,real,external_normalized,deepfakeface_sd15/real/14/22037414_1987-06-05_2013.jpg,0.7926525473594666,0.8184424042701721,0,hybrid,external_test,source_video_disjoint_v1,lowpass_0.1,ffpp_validation_checkpoint,dc728c791e4897a7eabff57cb9a9d5988224c88eea3e4c57bfbba32a2a0bd8e5
70,C:\Users\Rohith Syam\Documents\UTS SEMESTER 3\image processing\idea 2\outputs\generalization_upgrade\02_external_bias_audit\normalized_external\real\14\23420614_1974-04-16_2008.jpg,0,14/23420614_1974-04-16_2008.jpg,real,external_normalized,deepfakeface_sd15/real/14/23420614_1974-04-16_2008.jpg,0.8938719034194946,0.8184424042701721,1,hybrid,external_test,source_video_disjoint_v1,lowpass_0.1,ffpp_validation_checkpoint,dc728c791e4897a7eabff57cb9a9d5988224c88eea3e4c57bfbba32a2a0bd8e5
71,C:\Users\Rohith Syam\Documents\UTS SEMESTER 3\image processing\idea 2\outputs\generalization_upgrade\02_external_bias_audit\normalized_external\real\14\27131114_1983-08-30_2011.jpg,0,14/27131114_1983-08-30_2011.jpg,real,external_normalized,deepfakeface_sd15/real/14/27131114_1983-08-30_2011.jpg,0.9437414407730103,0.8184424042701721,1,hybrid,external_test,source_video_disjoint_v1,lowpass_0.1,ffpp_validation_checkpoint,dc728c791e4897a7eabff57cb9a9d5988224c88eea3e4c57bfbba32a2a0bd8e5
72,C:\Users\Rohith Syam\Documents\UTS SEMESTER 3\image processing\idea 2\outputs\generalization_upgrade\02_external_bias_audit\normalized_external\real\14\28269114_1941-03-21_2011.jpg,0,14/28269114_1941-03-21_2011.jpg,real,external_normalized,deepfakeface_sd15/real/14/28269114_1941-03-21_2011.jpg,0.9881594181060791,0.8184424042701721,1,hybrid,external_test,source_video_disjoint_v1,lowpass_0.1,ffpp_validation_checkpoint,dc728c791e4897a7eabff57cb9a9d5988224c88eea3e4c57bfbba32a2a0bd8e5
73,C:\Users\Rohith Syam\Documents\UTS SEMESTER 3\image processing\idea 2\outputs\generalization_upgrade\02_external_bias_audit\normalized_external\real\14\28819114_1961-06-26_2009.jpg,0,14/28819114_1961-06-26_2009.jpg,real,external_normalized,deepfakeface_sd15/real/14/28819114_1961-06-26_2009.jpg,0.9731948971748352,0.8184424042701721,1,hybrid,external_test,source_video_disjoint_v1,lowpass_0.1,ffpp_validation_checkpoint,dc728c791e4897a7eabff57cb9a9d5988224c88eea3e4c57bfbba32a2a0bd8e5
74,C:\Users\Rohith Syam\Documents\UTS SEMESTER 3\image processing\idea 2\outputs\generalization_upgrade\02_external_bias_audit\normalized_external\real\14\33258714_1979-05-30_2011.jpg,0,14/33258714_1979-05-30_2011.jpg,real,external_normalized,deepfakeface_sd15/real/14/33258714_1979-05-30_2011.jpg,0.979712724685669,0.8184424042701721,1,hybrid,external_test,source_video_disjoint_v1,lowpass_0.1,ffpp_validation_checkpoint,dc728c791e4897a7eabff57cb9a9d5988224c88eea3e4c57bfbba32a2a0bd8e5
75,C:\Users\Rohith Syam\Documents\UTS SEMESTER 3\image processing\idea 2\outputs\generalization_upgrade\02_external_bias_audit\normalized_external\real\14\35642014_1989-04-27_2012.jpg,0,14/35642014_1989-04-27_2012.jpg,real,external_normalized,deepfakeface_sd15/real/14/35642014_1989-04-27_2012.jpg,0.8730481266975403,0.8184424042701721,1,hybrid,external_test,source_video_disjoint_v1,lowpass_0.1,ffpp_validation_checkpoint,dc728c791e4897a7eabff57cb9a9d5988224c88eea3e4c57bfbba32a2a0bd8e5
76,C:\Users\Rohith Syam\Documents\UTS SEMESTER 3\image processing\idea 2\outputs\generalization_upgrade\02_external_bias_audit\normalized_external\real\14\36566914_1988-08-11_2014.jpg,0,14/36566914_1988-08-11_2014.jpg,real,external_normalized,deepfakeface_sd15/real/14/36566914_1988-08-11_2014.jpg,0.9072356224060059,0.8184424042701721,1,hybrid,external_test,source_video_disjoint_v1,lowpass_0.1,ffpp_validation_checkpoint,dc728c791e4897a7eabff57cb9a9d5988224c88eea3e4c57bfbba32a2a0bd8e5
77,C:\Users\Rohith Syam\Documents\UTS SEMESTER 3\image processing\idea 2\outputs\generalization_upgrade\02_external_bias_audit\normalized_external\real\14\36573714_1984-12-01_2012.jpg,0,14/36573714_1984-12-01_2012.jpg,real,external_normalized,deepfakeface_sd15/real/14/36573714_1984-12-01_2012.jpg,0.8248206377029419,0.8184424042701721,1,hybrid,external_test,source_video_disjoint_v1,lowpass_0.1,ffpp_validation_checkpoint,dc728c791e4897a7eabff57cb9a9d5988224c88eea3e4c57bfbba32a2a0bd8e5
78,C:\Users\Rohith Syam\Documents\UTS SEMESTER 3\image processing\idea 2\outputs\generalization_upgrade\02_external_bias_audit\normalized_external\real\14\3772814_1978-02-28_2008.jpg,0,14/3772814_1978-02-28_2008.jpg,real,external_normalized,deepfakeface_sd15/real/14/3772814_1978-02-28_2008.jpg,0.682917594909668,0.8184424042701721,0,hybrid,external_test,source_video_disjoint_v1,lowpass_0.1,ffpp_validation_checkpoint,dc728c791e4897a7eabff57cb9a9d5988224c88eea3e4c57bfbba32a2a0bd8e5
79,C:\Users\Rohith Syam\Documents\UTS SEMESTER 3\image processing\idea 2\outputs\generalization_upgrade\02_external_bias_audit\normalized_external\real\14\41732014_1943-06-18_1969.jpg,0,14/41732014_1943-06-18_1969.jpg,real,external_normalized,deepfakeface_sd15/real/14/41732014_1943-06-18_1969.jpg,0.44673508405685425,0.8184424042701721,0,hybrid,external_test,source_video_disjoint_v1,lowpass_0.1,ffpp_validation_checkpoint,dc728c791e4897a7eabff57cb9a9d5988224c88eea3e4c57bfbba32a2a0bd8e5
80,C:\Users\Rohith Syam\Documents\UTS SEMESTER 3\image processing\idea 2\outputs\generalization_upgrade\02_external_bias_audit\normalized_external\real\14\4295614_1924-09-15_1987.jpg,0,14/4295614_1924-09-15_1987.jpg,real,external_normalized,deepfakeface_sd15/real/14/4295614_1924-09-15_1987.jpg,0.07860434800386429,0.8184424042701721,0,hybrid,external_test,source_video_disjoint_v1,lowpass_0.1,ffpp_validation_checkpoint,dc728c791e4897a7eabff57cb9a9d5988224c88eea3e4c57bfbba32a2a0bd8e5
81,C:\Users\Rohith Syam\Documents\UTS SEMESTER 3\image processing\idea 2\outputs\generalization_upgrade\02_external_bias_audit\normalized_external\real\14\44096714_1964-06-29_2012.jpg,0,14/44096714_1964-06-29_2012.jpg,real,external_normalized,deepfakeface_sd15/real/14/44096714_1964-06-29_2012.jpg,0.963080108165741,0.8184424042701721,1,hybrid,external_test,source_video_disjoint_v1,lowpass_0.1,ffpp_validation_checkpoint,dc728c791e4897a7eabff57cb9a9d5988224c88eea3e4c57bfbba32a2a0bd8e5
82,C:\Users\Rohith Syam\Documents\UTS SEMESTER 3\image processing\idea 2\outputs\generalization_upgrade\02_external_bias_audit\normalized_external\real\14\448514_1959-03-06_2007.jpg,0,14/448514_1959-03-06_2007.jpg,real,external_normalized,deepfakeface_sd15/real/14/448514_1959-03-06_2007.jpg,0.8663893938064575,0.8184424042701721,1,hybrid,external_test,source_video_disjoint_v1,lowpass_0.1,ffpp_validation_checkpoint,dc728c791e4897a7eabff57cb9a9d5988224c88eea3e4c57bfbba32a2a0bd8e5
83,C:\Users\Rohith Syam\Documents\UTS SEMESTER 3\image processing\idea 2\outputs\generalization_upgrade\02_external_bias_audit\normalized_external\real\14\585414_1951-03-17_2014.jpg,0,14/585414_1951-03-17_2014.jpg,real,external_normalized,deepfakeface_sd15/real/14/585414_1951-03-17_2014.jpg,0.7781375646591187,0.8184424042701721,0,hybrid,external_test,source_video_disjoint_v1,lowpass_0.1,ffpp_validation_checkpoint,dc728c791e4897a7eabff57cb9a9d5988224c88eea3e4c57bfbba32a2a0bd8e5
84,C:\Users\Rohith Syam\Documents\UTS SEMESTER 3\image processing\idea 2\outputs\generalization_upgrade\02_external_bias_audit\normalized_external\real\14\5923814_1958-08-28_1991.jpg,0,14/5923814_1958-08-28_1991.jpg,real,external_normalized,deepfakeface_sd15/real/14/5923814_1958-08-28_1991.jpg,0.9312711358070374,0.8184424042701721,1,hybrid,external_test,source_video_disjoint_v1,lowpass_0.1,ffpp_validation_checkpoint,dc728c791e4897a7eabff57cb9a9d5988224c88eea3e4c57bfbba32a2a0bd8e5
85,C:\Users\Rohith Syam\Documents\UTS SEMESTER 3\image processing\idea 2\outputs\generalization_upgrade\02_external_bias_audit\normalized_external\real\14\5965014_1981-12-21_2013.jpg,0,14/5965014_1981-12-21_2013.jpg,real,external_normalized,deepfakeface_sd15/real/14/5965014_1981-12-21_2013.jpg,0.7266998887062073,0.8184424042701721,0,hybrid,external_test,source_video_disjoint_v1,lowpass_0.1,ffpp_validation_checkpoint,dc728c791e4897a7eabff57cb9a9d5988224c88eea3e4c57bfbba32a2a0bd8e5
86,C:\Users\Rohith Syam\Documents\UTS SEMESTER 3\image processing\idea 2\outputs\generalization_upgrade\02_external_bias_audit\normalized_external\real\14\852514_1980-01-18_2013.jpg,0,14/852514_1980-01-18_2013.jpg,real,external_normalized,deepfakeface_sd15/real/14/852514_1980-01-18_2013.jpg,0.816871702671051,0.8184424042701721,0,hybrid,external_test,source_video_disjoint_v1,lowpass_0.1,ffpp_validation_checkpoint,dc728c791e4897a7eabff57cb9a9d5988224c88eea3e4c57bfbba32a2a0bd8e5
87,C:\Users\Rohith Syam\Documents\UTS SEMESTER 3\image processing\idea 2\outputs\generalization_upgrade\02_external_bias_audit\normalized_external\real\14\8543614_1983-09-25_2010.jpg,0,14/8543614_1983-09-25_2010.jpg,real,external_normalized,deepfakeface_sd15/real/14/8543614_1983-09-25_2010.jpg,0.1347372680902481,0.8184424042701721,0,hybrid,external_test,source_video_disjoint_v1,lowpass_0.1,ffpp_validation_checkpoint,dc728c791e4897a7eabff57cb9a9d5988224c88eea3e4c57bfbba32a2a0bd8e5
88,C:\Users\Rohith Syam\Documents\UTS SEMESTER 3\image processing\idea 2\outputs\generalization_upgrade\02_external_bias_audit\normalized_external\real\14\9716514_1900-04-10_1946.jpg,0,14/9716514_1900-04-10_1946.jpg,real,external_normalized,deepfakeface_sd15/real/14/9716514_1900-04-10_1946.jpg,0.2800007164478302,0.8184424042701721,0,hybrid,external_test,source_video_disjoint_v1,lowpass_0.1,ffpp_validation_checkpoint,dc728c791e4897a7eabff57cb9a9d5988224c88eea3e4c57bfbba32a2a0bd8e5
89,C:\Users\Rohith Syam\Documents\UTS SEMESTER 3\image processing\idea 2\outputs\generalization_upgrade\02_external_bias_audit\normalized_external\real\21\10172021_1963-06-02_2006.jpg,0,21/10172021_1963-06-02_2006.jpg,real,external_normalized,deepfakeface_sd15/real/21/10172021_1963-06-02_2006.jpg,0.2323659509420395,0.8184424042701721,0,hybrid,external_test,source_video_disjoint_v1,lowpass_0.1,ffpp_validation_checkpoint,dc728c791e4897a7eabff57cb9a9d5988224c88eea3e4c57bfbba32a2a0bd8e5
90,C:\Users\Rohith Syam\Documents\UTS SEMESTER 3\image processing\idea 2\outputs\generalization_upgrade\02_external_bias_audit\normalized_external\real\21\1176621_1966-05-16_2010.jpg,0,21/1176621_1966-05-16_2010.jpg,real,external_normalized,deepfakeface_sd15/real/21/1176621_1966-05-16_2010.jpg,0.7798686027526855,0.8184424042701721,0,hybrid,external_test,source_video_disjoint_v1,lowpass_0.1,ffpp_validation_checkpoint,dc728c791e4897a7eabff57cb9a9d5988224c88eea3e4c57bfbba32a2a0bd8e5
91,C:\Users\Rohith Syam\Documents\UTS SEMESTER 3\image processing\idea 2\outputs\generalization_upgrade\02_external_bias_audit\normalized_external\real\21\12261121_1985-01-04_2014.jpg,0,21/12261121_1985-01-04_2014.jpg,real,external_normalized,deepfakeface_sd15/real/21/12261121_1985-01-04_2014.jpg,0.48856332898139954,0.8184424042701721,0,hybrid,external_test,source_video_disjoint_v1,lowpass_0.1,ffpp_validation_checkpoint,dc728c791e4897a7eabff57cb9a9d5988224c88eea3e4c57bfbba32a2a0bd8e5
92,C:\Users\Rohith Syam\Documents\UTS SEMESTER 3\image processing\idea 2\outputs\generalization_upgrade\02_external_bias_audit\normalized_external\real\21\15872621_1922-08-28_1952.jpg,0,21/15872621_1922-08-28_1952.jpg,real,external_normalized,deepfakeface_sd15/real/21/15872621_1922-08-28_1952.jpg,0.7559180855751038,0.8184424042701721,0,hybrid,external_test,source_video_disjoint_v1,lowpass_0.1,ffpp_validation_checkpoint,dc728c791e4897a7eabff57cb9a9d5988224c88eea3e4c57bfbba32a2a0bd8e5
93,C:\Users\Rohith Syam\Documents\UTS SEMESTER 3\image processing\idea 2\outputs\generalization_upgrade\02_external_bias_audit\normalized_external\real\21\15905321_1990-01-06_2009.jpg,0,21/15905321_1990-01-06_2009.jpg,real,external_normalized,deepfakeface_sd15/real/21/15905321_1990-01-06_2009.jpg,0.9325246214866638,0.8184424042701721,1,hybrid,external_test,source_video_disjoint_v1,lowpass_0.1,ffpp_validation_checkpoint,dc728c791e4897a7eabff57cb9a9d5988224c88eea3e4c57bfbba32a2a0bd8e5
94,C:\Users\Rohith Syam\Documents\UTS SEMESTER 3\image processing\idea 2\outputs\generalization_upgrade\02_external_bias_audit\normalized_external\real\21\16521_1938-12-29_2011.jpg,0,21/16521_1938-12-29_2011.jpg,real,external_normalized,deepfakeface_sd15/real/21/16521_1938-12-29_2011.jpg,0.09136005491018295,0.8184424042701721,0,hybrid,external_test,source_video_disjoint_v1,lowpass_0.1,ffpp_validation_checkpoint,dc728c791e4897a7eabff57cb9a9d5988224c88eea3e4c57bfbba32a2a0bd8e5
95,C:\Users\Rohith Syam\Documents\UTS SEMESTER 3\image processing\idea 2\outputs\generalization_upgrade\02_external_bias_audit\normalized_external\real\21\174821_1961-09-25_1993.jpg,0,21/174821_1961-09-25_1993.jpg,real,external_normalized,deepfakeface_sd15/real/21/174821_1961-09-25_1993.jpg,0.9621437191963196,0.8184424042701721,1,hybrid,external_test,source_video_disjoint_v1,lowpass_0.1,ffpp_validation_checkpoint,dc728c791e4897a7eabff57cb9a9d5988224c88eea3e4c57bfbba32a2a0bd8e5
96,C:\Users\Rohith Syam\Documents\UTS SEMESTER 3\image processing\idea 2\outputs\generalization_upgrade\02_external_bias_audit\normalized_external\real\21\1825621_1945-09-08_2008.jpg,0,21/1825621_1945-09-08_2008.jpg,real,external_normalized,deepfakeface_sd15/real/21/1825621_1945-09-08_2008.jpg,0.6290405988693237,0.8184424042701721,0,hybrid,external_test,source_video_disjoint_v1,lowpass_0.1,ffpp_validation_checkpoint,dc728c791e4897a7eabff57cb9a9d5988224c88eea3e4c57bfbba32a2a0bd8e5
97,C:\Users\Rohith Syam\Documents\UTS SEMESTER 3\image processing\idea 2\outputs\generalization_upgrade\02_external_bias_audit\normalized_external\real\21\20599521_1967-08-09_2012.jpg,0,21/20599521_1967-08-09_2012.jpg,real,external_normalized,deepfakeface_sd15/real/21/20599521_1967-08-09_2012.jpg,0.5015019774436951,0.8184424042701721,0,hybrid,external_test,source_video_disjoint_v1,lowpass_0.1,ffpp_validation_checkpoint,dc728c791e4897a7eabff57cb9a9d5988224c88eea3e4c57bfbba32a2a0bd8e5
98,C:\Users\Rohith Syam\Documents\UTS SEMESTER 3\image processing\idea 2\outputs\generalization_upgrade\02_external_bias_audit\normalized_external\real\21\24644621_1964-12-15_2010.jpg,0,21/24644621_1964-12-15_2010.jpg,real,external_normalized,deepfakeface_sd15/real/21/24644621_1964-12-15_2010.jpg,0.4460963308811188,0.8184424042701721,0,hybrid,external_test,source_video_disjoint_v1,lowpass_0.1,ffpp_validation_checkpoint,dc728c791e4897a7eabff57cb9a9d5988224c88eea3e4c57bfbba32a2a0bd8e5
99,C:\Users\Rohith Syam\Documents\UTS SEMESTER 3\image processing\idea 2\outputs\generalization_upgrade\02_external_bias_audit\normalized_external\real\21\250721_1956-06-03_2010.jpg,0,21/250721_1956-06-03_2010.jpg,real,external_normalized,deepfakeface_sd15/real/21/250721_1956-06-03_2010.jpg,0.699582040309906,0.8184424042701721,0,hybrid,external_test,source_video_disjoint_v1,lowpass_0.1,ffpp_validation_checkpoint,dc728c791e4897a7eabff57cb9a9d5988224c88eea3e4c57bfbba32a2a0bd8e5
100,C:\Users\Rohith Syam\Documents\UTS SEMESTER 3\image processing\idea 2\outputs\generalization_upgrade\02_external_bias_audit\normalized_external\real\21\2797621_1960-03-15_2011.jpg,0,21/2797621_1960-03-15_2011.jpg,real,external_normalized,deepfakeface_sd15/real/21/2797621_1960-03-15_2011.jpg,0.029178105294704437,0.8184424042701721,0,hybrid,external_test,source_video_disjoint_v1,lowpass_0.1,ffpp_validation_checkpoint,dc728c791e4897a7eabff57cb9a9d5988224c88eea3e4c57bfbba32a2a0bd8e5
101,C:\Users\Rohith Syam\Documents\UTS SEMESTER 3\image processing\idea 2\outputs\generalization_upgrade\02_external_bias_audit\normalized_external\real\21\29126821_1986-10-07_2014.jpg,0,21/29126821_1986-10-07_2014.jpg,real,external_normalized,deepfakeface_sd15/real/21/29126821_1986-10-07_2014.jpg,0.9679098129272461,0.8184424042701721,1,hybrid,external_test,source_video_disjoint_v1,lowpass_0.1,ffpp_validation_checkpoint,dc728c791e4897a7eabff57cb9a9d5988224c88eea3e4c57bfbba32a2a0bd8e5
102,C:\Users\Rohith Syam\Documents\UTS SEMESTER 3\image processing\idea 2\outputs\generalization_upgrade\02_external_bias_audit\normalized_external\real\21\2950421_1974-09-11_2007.jpg,0,21/2950421_1974-09-11_2007.jpg,real,external_normalized,deepfakeface_sd15/real/21/2950421_1974-09-11_2007.jpg,0.8624428510665894,0.8184424042701721,1,hybrid,external_test,source_video_disjoint_v1,lowpass_0.1,ffpp_validation_checkpoint,dc728c791e4897a7eabff57cb9a9d5988224c88eea3e4c57bfbba32a2a0bd8e5
103,C:\Users\Rohith Syam\Documents\UTS SEMESTER 3\image processing\idea 2\outputs\generalization_upgrade\02_external_bias_audit\normalized_external\real\21\295321_1904-08-23_1955.jpg,0,21/295321_1904-08-23_1955.jpg,real,external_normalized,deepfakeface_sd15/real/21/295321_1904-08-23_1955.jpg,0.3257680833339691,0.8184424042701721,0,hybrid,external_test,source_video_disjoint_v1,lowpass_0.1,ffpp_validation_checkpoint,dc728c791e4897a7eabff57cb9a9d5988224c88eea3e4c57bfbba32a2a0bd8e5
104,C:\Users\Rohith Syam\Documents\UTS SEMESTER 3\image processing\idea 2\outputs\generalization_upgrade\02_external_bias_audit\normalized_external\real\21\3003021_1956-12-23_2014.jpg,0,21/3003021_1956-12-23_2014.jpg,real,external_normalized,deepfakeface_sd15/real/21/3003021_1956-12-23_2014.jpg,0.5970267653465271,0.8184424042701721,0,hybrid,external_test,source_video_disjoint_v1,lowpass_0.1,ffpp_validation_checkpoint,dc728c791e4897a7eabff57cb9a9d5988224c88eea3e4c57bfbba32a2a0bd8e5
105,C:\Users\Rohith Syam\Documents\UTS SEMESTER 3\image processing\idea 2\outputs\generalization_upgrade\02_external_bias_audit\normalized_external\real\21\30496921_1916-02-13_1977.jpg,0,21/30496921_1916-02-13_1977.jpg,real,external_normalized,deepfakeface_sd15/real/21/30496921_1916-02-13_1977.jpg,0.9587812423706055,0.8184424042701721,1,hybrid,external_test,source_video_disjoint_v1,lowpass_0.1,ffpp_validation_checkpoint,dc728c791e4897a7eabff57cb9a9d5988224c88eea3e4c57bfbba32a2a0bd8e5
106,C:\Users\Rohith Syam\Documents\UTS SEMESTER 3\image processing\idea 2\outputs\generalization_upgrade\02_external_bias_audit\normalized_external\real\21\332221_1903-07-21_2007.jpg,0,21/332221_1903-07-21_2007.jpg,real,external_normalized,deepfakeface_sd15/real/21/332221_1903-07-21_2007.jpg,0.6490656733512878,0.8184424042701721,0,hybrid,external_test,source_video_disjoint_v1,lowpass_0.1,ffpp_validation_checkpoint,dc728c791e4897a7eabff57cb9a9d5988224c88eea3e4c57bfbba32a2a0bd8e5
107,C:\Users\Rohith Syam\Documents\UTS SEMESTER 3\image processing\idea 2\outputs\generalization_upgrade\02_external_bias_audit\normalized_external\real\21\35191121_1990-01-18_2014.jpg,0,21/35191121_1990-01-18_2014.jpg,real,external_normalized,deepfakeface_sd15/real/21/35191121_1990-01-18_2014.jpg,0.908008337020874,0.8184424042701721,1,hybrid,external_test,source_video_disjoint_v1,lowpass_0.1,ffpp_validation_checkpoint,dc728c791e4897a7eabff57cb9a9d5988224c88eea3e4c57bfbba32a2a0bd8e5
108,C:\Users\Rohith Syam\Documents\UTS SEMESTER 3\image processing\idea 2\outputs\generalization_upgrade\02_external_bias_audit\normalized_external\real\21\40783721_1958-04-16_2013.jpg,0,21/40783721_1958-04-16_2013.jpg,real,external_normalized,deepfakeface_sd15/real/21/40783721_1958-04-16_2013.jpg,0.8747872710227966,0.8184424042701721,1,hybrid,external_test,source_video_disjoint_v1,lowpass_0.1,ffpp_validation_checkpoint,dc728c791e4897a7eabff57cb9a9d5988224c88eea3e4c57bfbba32a2a0bd8e5
109,C:\Users\Rohith Syam\Documents\UTS SEMESTER 3\image processing\idea 2\outputs\generalization_upgrade\02_external_bias_audit\normalized_external\real\21\4137921_1965-08-22_2013.jpg,0,21/4137921_1965-08-22_2013.jpg,real,external_normalized,deepfakeface_sd15/real/21/4137921_1965-08-22_2013.jpg,0.8059273958206177,0.8184424042701721,0,hybrid,external_test,source_video_disjoint_v1,lowpass_0.1,ffpp_validation_checkpoint,dc728c791e4897a7eabff57cb9a9d5988224c88eea3e4c57bfbba32a2a0bd8e5
110,C:\Users\Rohith Syam\Documents\UTS SEMESTER 3\image processing\idea 2\outputs\generalization_upgrade\02_external_bias_audit\normalized_external\real\21\6573321_1986-05-01_2008.jpg,0,21/6573321_1986-05-01_2008.jpg,real,external_normalized,deepfakeface_sd15/real/21/6573321_1986-05-01_2008.jpg,0.9950206279754639,0.8184424042701721,1,hybrid,external_test,source_video_disjoint_v1,lowpass_0.1,ffpp_validation_checkpoint,dc728c791e4897a7eabff57cb9a9d5988224c88eea3e4c57bfbba32a2a0bd8e5
111,C:\Users\Rohith Syam\Documents\UTS SEMESTER 3\image processing\idea 2\outputs\generalization_upgrade\02_external_bias_audit\normalized_external\real\21\6574321_1982-08-10_2012.jpg,0,21/6574321_1982-08-10_2012.jpg,real,external_normalized,deepfakeface_sd15/real/21/6574321_1982-08-10_2012.jpg,0.26913169026374817,0.8184424042701721,0,hybrid,external_test,source_video_disjoint_v1,lowpass_0.1,ffpp_validation_checkpoint,dc728c791e4897a7eabff57cb9a9d5988224c88eea3e4c57bfbba32a2a0bd8e5
112,C:\Users\Rohith Syam\Documents\UTS SEMESTER 3\image processing\idea 2\outputs\generalization_upgrade\02_external_bias_audit\normalized_external\real\21\7170221_1933-03-27_1983.jpg,0,21/7170221_1933-03-27_1983.jpg,real,external_normalized,deepfakeface_sd15/real/21/7170221_1933-03-27_1983.jpg,0.12221498787403107,0.8184424042701721,0,hybrid,external_test,source_video_disjoint_v1,lowpass_0.1,ffpp_validation_checkpoint,dc728c791e4897a7eabff57cb9a9d5988224c88eea3e4c57bfbba32a2a0bd8e5
113,C:\Users\Rohith Syam\Documents\UTS SEMESTER 3\image processing\idea 2\outputs\generalization_upgrade\02_external_bias_audit\normalized_external\real\21\7623721_1978-03-01_2010.jpg,0,21/7623721_1978-03-01_2010.jpg,real,external_normalized,deepfakeface_sd15/real/21/7623721_1978-03-01_2010.jpg,0.706691324710846,0.8184424042701721,0,hybrid,external_test,source_video_disjoint_v1,lowpass_0.1,ffpp_validation_checkpoint,dc728c791e4897a7eabff57cb9a9d5988224c88eea3e4c57bfbba32a2a0bd8e5
114,C:\Users\Rohith Syam\Documents\UTS SEMESTER 3\image processing\idea 2\outputs\generalization_upgrade\02_external_bias_audit\normalized_external\real\21\8194621_1986-02-16_2009.jpg,0,21/8194621_1986-02-16_2009.jpg,real,external_normalized,deepfakeface_sd15/real/21/8194621_1986-02-16_2009.jpg,0.9873924851417542,0.8184424042701721,1,hybrid,external_test,source_video_disjoint_v1,lowpass_0.1,ffpp_validation_checkpoint,dc728c791e4897a7eabff57cb9a9d5988224c88eea3e4c57bfbba32a2a0bd8e5
115,C:\Users\Rohith Syam\Documents\UTS SEMESTER 3\image processing\idea 2\outputs\generalization_upgrade\02_external_bias_audit\normalized_external\real\21\8774721_1967-04-29_2010.jpg,0,21/8774721_1967-04-29_2010.jpg,real,external_normalized,deepfakeface_sd15/real/21/8774721_1967-04-29_2010.jpg,0.7398217916488647,0.8184424042701721,0,hybrid,external_test,source_video_disjoint_v1,lowpass_0.1,ffpp_validation_checkpoint,dc728c791e4897a7eabff57cb9a9d5988224c88eea3e4c57bfbba32a2a0bd8e5
116,C:\Users\Rohith Syam\Documents\UTS SEMESTER 3\image processing\idea 2\outputs\generalization_upgrade\02_external_bias_audit\normalized_external\real\21\8789221_1983-08-14_2012.jpg,0,21/8789221_1983-08-14_2012.jpg,real,external_normalized,deepfakeface_sd15/real/21/8789221_1983-08-14_2012.jpg,0.6593608856201172,0.8184424042701721,0,hybrid,external_test,source_video_disjoint_v1,lowpass_0.1,ffpp_validation_checkpoint,dc728c791e4897a7eabff57cb9a9d5988224c88eea3e4c57bfbba32a2a0bd8e5
117,C:\Users\Rohith Syam\Documents\UTS SEMESTER 3\image processing\idea 2\outputs\generalization_upgrade\02_external_bias_audit\normalized_external\real\21\9404921_1978-07-09_2009.jpg,0,21/9404921_1978-07-09_2009.jpg,real,external_normalized,deepfakeface_sd15/real/21/9404921_1978-07-09_2009.jpg,0.4833875000476837,0.8184424042701721,0,hybrid,external_test,source_video_disjoint_v1,lowpass_0.1,ffpp_validation_checkpoint,dc728c791e4897a7eabff57cb9a9d5988224c88eea3e4c57bfbba32a2a0bd8e5
118,C:\Users\Rohith Syam\Documents\UTS SEMESTER 3\image processing\idea 2\outputs\generalization_upgrade\02_external_bias_audit\normalized_external\real\24\2968824_1963-05-26_2011.jpg,0,24/2968824_1963-05-26_2011.jpg,real,external_normalized,deepfakeface_sd15/real/24/2968824_1963-05-26_2011.jpg,0.9149483442306519,0.8184424042701721,1,hybrid,external_test,source_video_disjoint_v1,lowpass_0.1,ffpp_validation_checkpoint,dc728c791e4897a7eabff57cb9a9d5988224c88eea3e4c57bfbba32a2a0bd8e5
119,C:\Users\Rohith Syam\Documents\UTS SEMESTER 3\image processing\idea 2\outputs\generalization_upgrade\02_external_bias_audit\normalized_external\real\26\503926_1976-12-31_2009.jpg,0,26/503926_1976-12-31_2009.jpg,real,external_normalized,deepfakeface_sd15/real/26/503926_1976-12-31_2009.jpg,0.9901615381240845,0.8184424042701721,1,hybrid,external_test,source_video_disjoint_v1,lowpass_0.1,ffpp_validation_checkpoint,dc728c791e4897a7eabff57cb9a9d5988224c88eea3e4c57bfbba32a2a0bd8e5
120,C:\Users\Rohith Syam\Documents\UTS SEMESTER 3\image processing\idea 2\outputs\generalization_upgrade\02_external_bias_audit\normalized_external\real\30\11772430_1938-04-14_2008.jpg,0,30/11772430_1938-04-14_2008.jpg,real,external_normalized,deepfakeface_sd15/real/30/11772430_1938-04-14_2008.jpg,0.9876054525375366,0.8184424042701721,1,hybrid,external_test,source_video_disjoint_v1,lowpass_0.1,ffpp_validation_checkpoint,dc728c791e4897a7eabff57cb9a9d5988224c88eea3e4c57bfbba32a2a0bd8e5
121,C:\Users\Rohith Syam\Documents\UTS SEMESTER 3\image processing\idea 2\outputs\generalization_upgrade\02_external_bias_audit\normalized_external\real\34\1149234_1978-10-03_2010.jpg,0,34/1149234_1978-10-03_2010.jpg,real,external_normalized,deepfakeface_sd15/real/34/1149234_1978-10-03_2010.jpg,0.9986984729766846,0.8184424042701721,1,hybrid,external_test,source_video_disjoint_v1,lowpass_0.1,ffpp_validation_checkpoint,dc728c791e4897a7eabff57cb9a9d5988224c88eea3e4c57bfbba32a2a0bd8e5
122,C:\Users\Rohith Syam\Documents\UTS SEMESTER 3\image processing\idea 2\outputs\generalization_upgrade\02_external_bias_audit\normalized_external\real\34\11653234_1986-12-23_2012.jpg,0,34/11653234_1986-12-23_2012.jpg,real,external_normalized,deepfakeface_sd15/real/34/11653234_1986-12-23_2012.jpg,0.7124282717704773,0.8184424042701721,0,hybrid,external_test,source_video_disjoint_v1,lowpass_0.1,ffpp_validation_checkpoint,dc728c791e4897a7eabff57cb9a9d5988224c88eea3e4c57bfbba32a2a0bd8e5
123,C:\Users\Rohith Syam\Documents\UTS SEMESTER 3\image processing\idea 2\outputs\generalization_upgrade\02_external_bias_audit\normalized_external\real\34\1266534_1975-11-03_2011.jpg,0,34/1266534_1975-11-03_2011.jpg,real,external_normalized,deepfakeface_sd15/real/34/1266534_1975-11-03_2011.jpg,0.6097118854522705,0.8184424042701721,0,hybrid,external_test,source_video_disjoint_v1,lowpass_0.1,ffpp_validation_checkpoint,dc728c791e4897a7eabff57cb9a9d5988224c88eea3e4c57bfbba32a2a0bd8e5
124,C:\Users\Rohith Syam\Documents\UTS SEMESTER 3\image processing\idea 2\outputs\generalization_upgrade\02_external_bias_audit\normalized_external\real\34\12829834_1950-08-15_2002.jpg,0,34/12829834_1950-08-15_2002.jpg,real,external_normalized,deepfakeface_sd15/real/34/12829834_1950-08-15_2002.jpg,0.5602812767028809,0.8184424042701721,0,hybrid,external_test,source_video_disjoint_v1,lowpass_0.1,ffpp_validation_checkpoint,dc728c791e4897a7eabff57cb9a9d5988224c88eea3e4c57bfbba32a2a0bd8e5
125,C:\Users\Rohith Syam\Documents\UTS SEMESTER 3\image processing\idea 2\outputs\generalization_upgrade\02_external_bias_audit\normalized_external\real\34\13846034_1977-08-30_2009.jpg,0,34/13846034_1977-08-30_2009.jpg,real,external_normalized,deepfakeface_sd15/real/34/13846034_1977-08-30_2009.jpg,0.9257697463035583,0.8184424042701721,1,hybrid,external_test,source_video_disjoint_v1,lowpass_0.1,ffpp_validation_checkpoint,dc728c791e4897a7eabff57cb9a9d5988224c88eea3e4c57bfbba32a2a0bd8e5
126,C:\Users\Rohith Syam\Documents\UTS SEMESTER 3\image processing\idea 2\outputs\generalization_upgrade\02_external_bias_audit\normalized_external\real\34\1386234_1952-04-25_2004.jpg,0,34/1386234_1952-04-25_2004.jpg,real,external_normalized,deepfakeface_sd15/real/34/1386234_1952-04-25_2004.jpg,0.8308560252189636,0.8184424042701721,1,hybrid,external_test,source_video_disjoint_v1,lowpass_0.1,ffpp_validation_checkpoint,dc728c791e4897a7eabff57cb9a9d5988224c88eea3e4c57bfbba32a2a0bd8e5
127,C:\Users\Rohith Syam\Documents\UTS SEMESTER 3\image processing\idea 2\outputs\generalization_upgrade\02_external_bias_audit\normalized_external\real\34\19258134_1986-05-13_2009.jpg,0,34/19258134_1986-05-13_2009.jpg,real,external_normalized,deepfakeface_sd15/real/34/19258134_1986-05-13_2009.jpg,0.5236400365829468,0.8184424042701721,0,hybrid,external_test,source_video_disjoint_v1,lowpass_0.1,ffpp_validation_checkpoint,dc728c791e4897a7eabff57cb9a9d5988224c88eea3e4c57bfbba32a2a0bd8e5
128,C:\Users\Rohith Syam\Documents\UTS SEMESTER 3\image processing\idea 2\outputs\generalization_upgrade\02_external_bias_audit\normalized_external\real\34\19354934_1986-10-18_2009.jpg,0,34/19354934_1986-10-18_2009.jpg,real,external_normalized,deepfakeface_sd15/real/34/19354934_1986-10-18_2009.jpg,0.9773339629173279,0.8184424042701721,1,hybrid,external_test,source_video_disjoint_v1,lowpass_0.1,ffpp_validation_checkpoint,dc728c791e4897a7eabff57cb9a9d5988224c88eea3e4c57bfbba32a2a0bd8e5
129,C:\Users\Rohith Syam\Documents\UTS SEMESTER 3\image processing\idea 2\outputs\generalization_upgrade\02_external_bias_audit\normalized_external\real\34\20500734_1950-03-30_2014.jpg,0,34/20500734_1950-03-30_2014.jpg,real,external_normalized,deepfakeface_sd15/real/34/20500734_1950-03-30_2014.jpg,0.9505321979522705,0.8184424042701721,1,hybrid,external_test,source_video_disjoint_v1,lowpass_0.1,ffpp_validation_checkpoint,dc728c791e4897a7eabff57cb9a9d5988224c88eea3e4c57bfbba32a2a0bd8e5
130,C:\Users\Rohith Syam\Documents\UTS SEMESTER 3\image processing\idea 2\outputs\generalization_upgrade\02_external_bias_audit\normalized_external\real\34\21284234_1983-06-02_2011.jpg,0,34/21284234_1983-06-02_2011.jpg,real,external_normalized,deepfakeface_sd15/real/34/21284234_1983-06-02_2011.jpg,0.6883473992347717,0.8184424042701721,0,hybrid,external_test,source_video_disjoint_v1,lowpass_0.1,ffpp_validation_checkpoint,dc728c791e4897a7eabff57cb9a9d5988224c88eea3e4c57bfbba32a2a0bd8e5
131,C:\Users\Rohith Syam\Documents\UTS SEMESTER 3\image processing\idea 2\outputs\generalization_upgrade\02_external_bias_audit\normalized_external\real\34\23945334_1979-07-30_2008.jpg,0,34/23945334_1979-07-30_2008.jpg,real,external_normalized,deepfakeface_sd15/real/34/23945334_1979-07-30_2008.jpg,0.7633429765701294,0.8184424042701721,0,hybrid,external_test,source_video_disjoint_v1,lowpass_0.1,ffpp_validation_checkpoint,dc728c791e4897a7eabff57cb9a9d5988224c88eea3e4c57bfbba32a2a0bd8e5
132,C:\Users\Rohith Syam\Documents\UTS SEMESTER 3\image processing\idea 2\outputs\generalization_upgrade\02_external_bias_audit\normalized_external\real\34\25905034_1992-04-05_2009.jpg,0,34/25905034_1992-04-05_2009.jpg,real,external_normalized,deepfakeface_sd15/real/34/25905034_1992-04-05_2009.jpg,0.9971724152565002,0.8184424042701721,1,hybrid,external_test,source_video_disjoint_v1,lowpass_0.1,ffpp_validation_checkpoint,dc728c791e4897a7eabff57cb9a9d5988224c88eea3e4c57bfbba32a2a0bd8e5
133,C:\Users\Rohith Syam\Documents\UTS SEMESTER 3\image processing\idea 2\outputs\generalization_upgrade\02_external_bias_audit\normalized_external\real\34\276834_1928-01-30_2010.jpg,0,34/276834_1928-01-30_2010.jpg,real,external_normalized,deepfakeface_sd15/real/34/276834_1928-01-30_2010.jpg,0.5257787704467773,0.8184424042701721,0,hybrid,external_test,source_video_disjoint_v1,lowpass_0.1,ffpp_validation_checkpoint,dc728c791e4897a7eabff57cb9a9d5988224c88eea3e4c57bfbba32a2a0bd8e5
134,C:\Users\Rohith Syam\Documents\UTS SEMESTER 3\image processing\idea 2\outputs\generalization_upgrade\02_external_bias_audit\normalized_external\real\34\32504534_1990-12-18_2011.jpg,0,34/32504534_1990-12-18_2011.jpg,real,external_normalized,deepfakeface_sd15/real/34/32504534_1990-12-18_2011.jpg,0.9794713854789734,0.8184424042701721,1,hybrid,external_test,source_video_disjoint_v1,lowpass_0.1,ffpp_validation_checkpoint,dc728c791e4897a7eabff57cb9a9d5988224c88eea3e4c57bfbba32a2a0bd8e5
135,C:\Users\Rohith Syam\Documents\UTS SEMESTER 3\image processing\idea 2\outputs\generalization_upgrade\02_external_bias_audit\normalized_external\real\34\32670934_1973-08-28_2013.jpg,0,34/32670934_1973-08-28_2013.jpg,real,external_normalized,deepfakeface_sd15/real/34/32670934_1973-08-28_2013.jpg,0.7430026531219482,0.8184424042701721,0,hybrid,external_test,source_video_disjoint_v1,lowpass_0.1,ffpp_validation_checkpoint,dc728c791e4897a7eabff57cb9a9d5988224c88eea3e4c57bfbba32a2a0bd8e5
136,C:\Users\Rohith Syam\Documents\UTS SEMESTER 3\image processing\idea 2\outputs\generalization_upgrade\02_external_bias_audit\normalized_external\real\34\33682634_1989-09-15_2011.jpg,0,34/33682634_1989-09-15_2011.jpg,real,external_normalized,deepfakeface_sd15/real/34/33682634_1989-09-15_2011.jpg,0.9060980677604675,0.8184424042701721,1,hybrid,external_test,source_video_disjoint_v1,lowpass_0.1,ffpp_validation_checkpoint,dc728c791e4897a7eabff57cb9a9d5988224c88eea3e4c57bfbba32a2a0bd8e5
137,C:\Users\Rohith Syam\Documents\UTS SEMESTER 3\image processing\idea 2\outputs\generalization_upgrade\02_external_bias_audit\normalized_external\real\34\36722334_1937-08-31_2005.jpg,0,34/36722334_1937-08-31_2005.jpg,real,external_normalized,deepfakeface_sd15/real/34/36722334_1937-08-31_2005.jpg,0.8173081278800964,0.8184424042701721,0,hybrid,external_test,source_video_disjoint_v1,lowpass_0.1,ffpp_validation_checkpoint,dc728c791e4897a7eabff57cb9a9d5988224c88eea3e4c57bfbba32a2a0bd8e5
138,C:\Users\Rohith Syam\Documents\UTS SEMESTER 3\image processing\idea 2\outputs\generalization_upgrade\02_external_bias_audit\normalized_external\real\34\39718934_1987-12-07_2013.jpg,0,34/39718934_1987-12-07_2013.jpg,real,external_normalized,deepfakeface_sd15/real/34/39718934_1987-12-07_2013.jpg,0.7641016840934753,0.8184424042701721,0,hybrid,external_test,source_video_disjoint_v1,lowpass_0.1,ffpp_validation_checkpoint,dc728c791e4897a7eabff57cb9a9d5988224c88eea3e4c57bfbba32a2a0bd8e5
139,C:\Users\Rohith Syam\Documents\UTS SEMESTER 3\image processing\idea 2\outputs\generalization_upgrade\02_external_bias_audit\normalized_external\real\34\398734_1932-05-04_1955.jpg,0,34/398734_1932-05-04_1955.jpg,real,external_normalized,deepfakeface_sd15/real/34/398734_1932-05-04_1955.jpg,0.9578037261962891,0.8184424042701721,1,hybrid,external_test,source_video_disjoint_v1,lowpass_0.1,ffpp_validation_checkpoint,dc728c791e4897a7eabff57cb9a9d5988224c88eea3e4c57bfbba32a2a0bd8e5
140,C:\Users\Rohith Syam\Documents\UTS SEMESTER 3\image processing\idea 2\outputs\generalization_upgrade\02_external_bias_audit\normalized_external\real\34\42708434_1996-03-11_2013.jpg,0,34/42708434_1996-03-11_2013.jpg,real,external_normalized,deepfakeface_sd15/real/34/42708434_1996-03-11_2013.jpg,0.5129500031471252,0.8184424042701721,0,hybrid,external_test,source_video_disjoint_v1,lowpass_0.1,ffpp_validation_checkpoint,dc728c791e4897a7eabff57cb9a9d5988224c88eea3e4c57bfbba32a2a0bd8e5
141,C:\Users\Rohith Syam\Documents\UTS SEMESTER 3\image processing\idea 2\outputs\generalization_upgrade\02_external_bias_audit\normalized_external\real\34\43639934_1912-04-03_2003.jpg,0,34/43639934_1912-04-03_2003.jpg,real,external_normalized,deepfakeface_sd15/real/34/43639934_1912-04-03_2003.jpg,0.5596057176589966,0.8184424042701721,0,hybrid,external_test,source_video_disjoint_v1,lowpass_0.1,ffpp_validation_checkpoint,dc728c791e4897a7eabff57cb9a9d5988224c88eea3e4c57bfbba32a2a0bd8e5
142,C:\Users\Rohith Syam\Documents\UTS SEMESTER 3\image processing\idea 2\outputs\generalization_upgrade\02_external_bias_audit\normalized_external\real\34\440034_1924-04-29_1963.jpg,0,34/440034_1924-04-29_1963.jpg,real,external_normalized,deepfakeface_sd15/real/34/440034_1924-04-29_1963.jpg,0.7591201066970825,0.8184424042701721,0,hybrid,external_test,source_video_disjoint_v1,lowpass_0.1,ffpp_validation_checkpoint,dc728c791e4897a7eabff57cb9a9d5988224c88eea3e4c57bfbba32a2a0bd8e5
143,C:\Users\Rohith Syam\Documents\UTS SEMESTER 3\image processing\idea 2\outputs\generalization_upgrade\02_external_bias_audit\normalized_external\real\34\4413434_1984-01-21_2013.jpg,0,34/4413434_1984-01-21_2013.jpg,real,external_normalized,deepfakeface_sd15/real/34/4413434_1984-01-21_2013.jpg,0.7813875675201416,0.8184424042701721,0,hybrid,external_test,source_video_disjoint_v1,lowpass_0.1,ffpp_validation_checkpoint,dc728c791e4897a7eabff57cb9a9d5988224c88eea3e4c57bfbba32a2a0bd8e5
144,C:\Users\Rohith Syam\Documents\UTS SEMESTER 3\image processing\idea 2\outputs\generalization_upgrade\02_external_bias_audit\normalized_external\real\34\4998434_1979-05-16_2005.jpg,0,34/4998434_1979-05-16_2005.jpg,real,external_normalized,deepfakeface_sd15/real/34/4998434_1979-05-16_2005.jpg,0.8925608396530151,0.8184424042701721,1,hybrid,external_test,source_video_disjoint_v1,lowpass_0.1,ffpp_validation_checkpoint,dc728c791e4897a7eabff57cb9a9d5988224c88eea3e4c57bfbba32a2a0bd8e5
145,C:\Users\Rohith Syam\Documents\UTS SEMESTER 3\image processing\idea 2\outputs\generalization_upgrade\02_external_bias_audit\normalized_external\real\34\5354734_1976-10-17_1995.jpg,0,34/5354734_1976-10-17_1995.jpg,real,external_normalized,deepfakeface_sd15/real/34/5354734_1976-10-17_1995.jpg,0.8805441856384277,0.8184424042701721,1,hybrid,external_test,source_video_disjoint_v1,lowpass_0.1,ffpp_validation_checkpoint,dc728c791e4897a7eabff57cb9a9d5988224c88eea3e4c57bfbba32a2a0bd8e5
146,C:\Users\Rohith Syam\Documents\UTS SEMESTER 3\image processing\idea 2\outputs\generalization_upgrade\02_external_bias_audit\normalized_external\real\34\603934_1963-12-04_2013.jpg,0,34/603934_1963-12-04_2013.jpg,real,external_normalized,deepfakeface_sd15/real/34/603934_1963-12-04_2013.jpg,0.9413994550704956,0.8184424042701721,1,hybrid,external_test,source_video_disjoint_v1,lowpass_0.1,ffpp_validation_checkpoint,dc728c791e4897a7eabff57cb9a9d5988224c88eea3e4c57bfbba32a2a0bd8e5
147,C:\Users\Rohith Syam\Documents\UTS SEMESTER 3\image processing\idea 2\outputs\generalization_upgrade\02_external_bias_audit\normalized_external\real\34\78834_1970-04-29_2014.jpg,0,34/78834_1970-04-29_2014.jpg,real,external_normalized,deepfakeface_sd15/real/34/78834_1970-04-29_2014.jpg,0.9849986433982849,0.8184424042701721,1,hybrid,external_test,source_video_disjoint_v1,lowpass_0.1,ffpp_validation_checkpoint,dc728c791e4897a7eabff57cb9a9d5988224c88eea3e4c57bfbba32a2a0bd8e5
148,C:\Users\Rohith Syam\Documents\UTS SEMESTER 3\image processing\idea 2\outputs\generalization_upgrade\02_external_bias_audit\normalized_external\real\34\9326434_1987-05-02_2006.jpg,0,34/9326434_1987-05-02_2006.jpg,real,external_normalized,deepfakeface_sd15/real/34/9326434_1987-05-02_2006.jpg,0.8038204312324524,0.8184424042701721,0,hybrid,external_test,source_video_disjoint_v1,lowpass_0.1,ffpp_validation_checkpoint,dc728c791e4897a7eabff57cb9a9d5988224c88eea3e4c57bfbba32a2a0bd8e5
149,C:\Users\Rohith Syam\Documents\UTS SEMESTER 3\image processing\idea 2\outputs\generalization_upgrade\02_external_bias_audit\normalized_external\real\35\10970235_1972-10-10_2010.jpg,0,35/10970235_1972-10-10_2010.jpg,real,external_normalized,deepfakeface_sd15/real/35/10970235_1972-10-10_2010.jpg,0.9816545248031616,0.8184424042701721,1,hybrid,external_test,source_video_disjoint_v1,lowpass_0.1,ffpp_validation_checkpoint,dc728c791e4897a7eabff57cb9a9d5988224c88eea3e4c57bfbba32a2a0bd8e5
150,C:\Users\Rohith Syam\Documents\UTS SEMESTER 3\image processing\idea 2\outputs\generalization_upgrade\02_external_bias_audit\normalized_external\real\35\12523735_1981-04-21_2014.jpg,0,35/12523735_1981-04-21_2014.jpg,real,external_normalized,deepfakeface_sd15/real/35/12523735_1981-04-21_2014.jpg,0.7816509008407593,0.8184424042701721,0,hybrid,external_test,source_video_disjoint_v1,lowpass_0.1,ffpp_validation_checkpoint,dc728c791e4897a7eabff57cb9a9d5988224c88eea3e4c57bfbba32a2a0bd8e5
151,C:\Users\Rohith Syam\Documents\UTS SEMESTER 3\image processing\idea 2\outputs\generalization_upgrade\02_external_bias_audit\normalized_external\real\35\1323135_1941-09-15_1966.jpg,0,35/1323135_1941-09-15_1966.jpg,real,external_normalized,deepfakeface_sd15/real/35/1323135_1941-09-15_1966.jpg,0.6105901002883911,0.8184424042701721,0,hybrid,external_test,source_video_disjoint_v1,lowpass_0.1,ffpp_validation_checkpoint,dc728c791e4897a7eabff57cb9a9d5988224c88eea3e4c57bfbba32a2a0bd8e5
152,C:\Users\Rohith Syam\Documents\UTS SEMESTER 3\image processing\idea 2\outputs\generalization_upgrade\02_external_bias_audit\normalized_external\real\35\13774535_1942-06-09_1957.jpg,0,35/13774535_1942-06-09_1957.jpg,real,external_normalized,deepfakeface_sd15/real/35/13774535_1942-06-09_1957.jpg,0.9001122713088989,0.8184424042701721,1,hybrid,external_test,source_video_disjoint_v1,lowpass_0.1,ffpp_validation_checkpoint,dc728c791e4897a7eabff57cb9a9d5988224c88eea3e4c57bfbba32a2a0bd8e5
153,C:\Users\Rohith Syam\Documents\UTS SEMESTER 3\image processing\idea 2\outputs\generalization_upgrade\02_external_bias_audit\normalized_external\real\35\14180235_1985-10-27_2015.jpg,0,35/14180235_1985-10-27_2015.jpg,real,external_normalized,deepfakeface_sd15/real/35/14180235_1985-10-27_2015.jpg,0.17462240159511566,0.8184424042701721,0,hybrid,external_test,source_video_disjoint_v1,lowpass_0.1,ffpp_validation_checkpoint,dc728c791e4897a7eabff57cb9a9d5988224c88eea3e4c57bfbba32a2a0bd8e5
154,C:\Users\Rohith Syam\Documents\UTS SEMESTER 3\image processing\idea 2\outputs\generalization_upgrade\02_external_bias_audit\normalized_external\real\35\14347235_1959-06-15_2013.jpg,0,35/14347235_1959-06-15_2013.jpg,real,external_normalized,deepfakeface_sd15/real/35/14347235_1959-06-15_2013.jpg,0.67499840259552,0.8184424042701721,0,hybrid,external_test,source_video_disjoint_v1,lowpass_0.1,ffpp_validation_checkpoint,dc728c791e4897a7eabff57cb9a9d5988224c88eea3e4c57bfbba32a2a0bd8e5
155,C:\Users\Rohith Syam\Documents\UTS SEMESTER 3\image processing\idea 2\outputs\generalization_upgrade\02_external_bias_audit\normalized_external\real\35\1437535_1935-02-22_2010.jpg,0,35/1437535_1935-02-22_2010.jpg,real,external_normalized,deepfakeface_sd15/real/35/1437535_1935-02-22_2010.jpg,0.07088862359523773,0.8184424042701721,0,hybrid,external_test,source_video_disjoint_v1,lowpass_0.1,ffpp_validation_checkpoint,dc728c791e4897a7eabff57cb9a9d5988224c88eea3e4c57bfbba32a2a0bd8e5
156,C:\Users\Rohith Syam\Documents\UTS SEMESTER 3\image processing\idea 2\outputs\generalization_upgrade\02_external_bias_audit\normalized_external\real\35\14619035_1990-02-25_2014.jpg,0,35/14619035_1990-02-25_2014.jpg,real,external_normalized,deepfakeface_sd15/real/35/14619035_1990-02-25_2014.jpg,0.6904560327529907,0.8184424042701721,0,hybrid,external_test,source_video_disjoint_v1,lowpass_0.1,ffpp_validation_checkpoint,dc728c791e4897a7eabff57cb9a9d5988224c88eea3e4c57bfbba32a2a0bd8e5
157,C:\Users\Rohith Syam\Documents\UTS SEMESTER 3\image processing\idea 2\outputs\generalization_upgrade\02_external_bias_audit\normalized_external\real\35\1566935_1953-09-11_2010.jpg,0,35/1566935_1953-09-11_2010.jpg,real,external_normalized,deepfakeface_sd15/real/35/1566935_1953-09-11_2010.jpg,0.7829222083091736,0.8184424042701721,0,hybrid,external_test,source_video_disjoint_v1,lowpass_0.1,ffpp_validation_checkpoint,dc728c791e4897a7eabff57cb9a9d5988224c88eea3e4c57bfbba32a2a0bd8e5
158,C:\Users\Rohith Syam\Documents\UTS SEMESTER 3\image processing\idea 2\outputs\generalization_upgrade\02_external_bias_audit\normalized_external\real\35\16105135_1980-04-18_2012.jpg,0,35/16105135_1980-04-18_2012.jpg,real,external_normalized,deepfakeface_sd15/real/35/16105135_1980-04-18_2012.jpg,0.9516333341598511,0.8184424042701721,1,hybrid,external_test,source_video_disjoint_v1,lowpass_0.1,ffpp_validation_checkpoint,dc728c791e4897a7eabff57cb9a9d5988224c88eea3e4c57bfbba32a2a0bd8e5
159,C:\Users\Rohith Syam\Documents\UTS SEMESTER 3\image processing\idea 2\outputs\generalization_upgrade\02_external_bias_audit\normalized_external\real\35\17974235_1973-06-13_2009.jpg,0,35/17974235_1973-06-13_2009.jpg,real,external_normalized,deepfakeface_sd15/real/35/17974235_1973-06-13_2009.jpg,0.9535166025161743,0.8184424042701721,1,hybrid,external_test,source_video_disjoint_v1,lowpass_0.1,ffpp_validation_checkpoint,dc728c791e4897a7eabff57cb9a9d5988224c88eea3e4c57bfbba32a2a0bd8e5
160,C:\Users\Rohith Syam\Documents\UTS SEMESTER 3\image processing\idea 2\outputs\generalization_upgrade\02_external_bias_audit\normalized_external\real\35\18933035_1982-08-26_2012.jpg,0,35/18933035_1982-08-26_2012.jpg,real,external_normalized,deepfakeface_sd15/real/35/18933035_1982-08-26_2012.jpg,0.9958608746528625,0.8184424042701721,1,hybrid,external_test,source_video_disjoint_v1,lowpass_0.1,ffpp_validation_checkpoint,dc728c791e4897a7eabff57cb9a9d5988224c88eea3e4c57bfbba32a2a0bd8e5
161,C:\Users\Rohith Syam\Documents\UTS SEMESTER 3\image processing\idea 2\outputs\generalization_upgrade\02_external_bias_audit\normalized_external\real\35\19966435_1968-04-03_2012.jpg,0,35/19966435_1968-04-03_2012.jpg,real,external_normalized,deepfakeface_sd15/real/35/19966435_1968-04-03_2012.jpg,0.6229901313781738,0.8184424042701721,0,hybrid,external_test,source_video_disjoint_v1,lowpass_0.1,ffpp_validation_checkpoint,dc728c791e4897a7eabff57cb9a9d5988224c88eea3e4c57bfbba32a2a0bd8e5
162,C:\Users\Rohith Syam\Documents\UTS SEMESTER 3\image processing\idea 2\outputs\generalization_upgrade\02_external_bias_audit\normalized_external\real\35\2357835_1982-06-16_2014.jpg,0,35/2357835_1982-06-16_2014.jpg,real,external_normalized,deepfakeface_sd15/real/35/2357835_1982-06-16_2014.jpg,0.9541224241256714,0.8184424042701721,1,hybrid,external_test,source_video_disjoint_v1,lowpass_0.1,ffpp_validation_checkpoint,dc728c791e4897a7eabff57cb9a9d5988224c88eea3e4c57bfbba32a2a0bd8e5
163,C:\Users\Rohith Syam\Documents\UTS SEMESTER 3\image processing\idea 2\outputs\generalization_upgrade\02_external_bias_audit\normalized_external\real\35\2663135_1941-03-20_2008.jpg,0,35/2663135_1941-03-20_2008.jpg,real,external_normalized,deepfakeface_sd15/real/35/2663135_1941-03-20_2008.jpg,0.5879626870155334,0.8184424042701721,0,hybrid,external_test,source_video_disjoint_v1,lowpass_0.1,ffpp_validation_checkpoint,dc728c791e4897a7eabff57cb9a9d5988224c88eea3e4c57bfbba32a2a0bd8e5
164,C:\Users\Rohith Syam\Documents\UTS SEMESTER 3\image processing\idea 2\outputs\generalization_upgrade\02_external_bias_audit\normalized_external\real\35\2667535_1937-12-16_1985.jpg,0,35/2667535_1937-12-16_1985.jpg,real,external_normalized,deepfakeface_sd15/real/35/2667535_1937-12-16_1985.jpg,0.466842919588089,0.8184424042701721,0,hybrid,external_test,source_video_disjoint_v1,lowpass_0.1,ffpp_validation_checkpoint,dc728c791e4897a7eabff57cb9a9d5988224c88eea3e4c57bfbba32a2a0bd8e5
165,C:\Users\Rohith Syam\Documents\UTS SEMESTER 3\image processing\idea 2\outputs\generalization_upgrade\02_external_bias_audit\normalized_external\real\35\28265335_1988-06-22_2013.jpg,0,35/28265335_1988-06-22_2013.jpg,real,external_normalized,deepfakeface_sd15/real/35/28265335_1988-06-22_2013.jpg,0.8627174496650696,0.8184424042701721,1,hybrid,external_test,source_video_disjoint_v1,lowpass_0.1,ffpp_validation_checkpoint,dc728c791e4897a7eabff57cb9a9d5988224c88eea3e4c57bfbba32a2a0bd8e5
166,C:\Users\Rohith Syam\Documents\UTS SEMESTER 3\image processing\idea 2\outputs\generalization_upgrade\02_external_bias_audit\normalized_external\real\35\30385335_1991-08-22_2011.jpg,0,35/30385335_1991-08-22_2011.jpg,real,external_normalized,deepfakeface_sd15/real/35/30385335_1991-08-22_2011.jpg,0.9995822310447693,0.8184424042701721,1,hybrid,external_test,source_video_disjoint_v1,lowpass_0.1,ffpp_validation_checkpoint,dc728c791e4897a7eabff57cb9a9d5988224c88eea3e4c57bfbba32a2a0bd8e5
167,C:\Users\Rohith Syam\Documents\UTS SEMESTER 3\image processing\idea 2\outputs\generalization_upgrade\02_external_bias_audit\normalized_external\real\35\3110335_1948-04-03_2012.jpg,0,35/3110335_1948-04-03_2012.jpg,real,external_normalized,deepfakeface_sd15/real/35/3110335_1948-04-03_2012.jpg,0.44078871607780457,0.8184424042701721,0,hybrid,external_test,source_video_disjoint_v1,lowpass_0.1,ffpp_validation_checkpoint,dc728c791e4897a7eabff57cb9a9d5988224c88eea3e4c57bfbba32a2a0bd8e5
168,C:\Users\Rohith Syam\Documents\UTS SEMESTER 3\image processing\idea 2\outputs\generalization_upgrade\02_external_bias_audit\normalized_external\real\35\31663335_1976-06-05_2013.jpg,0,35/31663335_1976-06-05_2013.jpg,real,external_normalized,deepfakeface_sd15/real/35/31663335_1976-06-05_2013.jpg,0.5717874765396118,0.8184424042701721,0,hybrid,external_test,source_video_disjoint_v1,lowpass_0.1,ffpp_validation_checkpoint,dc728c791e4897a7eabff57cb9a9d5988224c88eea3e4c57bfbba32a2a0bd8e5
169,C:\Users\Rohith Syam\Documents\UTS SEMESTER 3\image processing\idea 2\outputs\generalization_upgrade\02_external_bias_audit\normalized_external\real\35\32471435_1932-05-10_1959.jpg,0,35/32471435_1932-05-10_1959.jpg,real,external_normalized,deepfakeface_sd15/real/35/32471435_1932-05-10_1959.jpg,0.21005700528621674,0.8184424042701721,0,hybrid,external_test,source_video_disjoint_v1,lowpass_0.1,ffpp_validation_checkpoint,dc728c791e4897a7eabff57cb9a9d5988224c88eea3e4c57bfbba32a2a0bd8e5
170,C:\Users\Rohith Syam\Documents\UTS SEMESTER 3\image processing\idea 2\outputs\generalization_upgrade\02_external_bias_audit\normalized_external\real\35\33199835_1985-06-12_2011.jpg,0,35/33199835_1985-06-12_2011.jpg,real,external_normalized,deepfakeface_sd15/real/35/33199835_1985-06-12_2011.jpg,0.6712194681167603,0.8184424042701721,0,hybrid,external_test,source_video_disjoint_v1,lowpass_0.1,ffpp_validation_checkpoint,dc728c791e4897a7eabff57cb9a9d5988224c88eea3e4c57bfbba32a2a0bd8e5
171,C:\Users\Rohith Syam\Documents\UTS SEMESTER 3\image processing\idea 2\outputs\generalization_upgrade\02_external_bias_audit\normalized_external\real\35\3338735_1981-11-16_2013.jpg,0,35/3338735_1981-11-16_2013.jpg,real,external_normalized,deepfakeface_sd15/real/35/3338735_1981-11-16_2013.jpg,0.9268391728401184,0.8184424042701721,1,hybrid,external_test,source_video_disjoint_v1,lowpass_0.1,ffpp_validation_checkpoint,dc728c791e4897a7eabff57cb9a9d5988224c88eea3e4c57bfbba32a2a0bd8e5
172,C:\Users\Rohith Syam\Documents\UTS SEMESTER 3\image processing\idea 2\outputs\generalization_upgrade\02_external_bias_audit\normalized_external\real\35\34163535_1988-04-03_2011.jpg,0,35/34163535_1988-04-03_2011.jpg,real,external_normalized,deepfakeface_sd15/real/35/34163535_1988-04-03_2011.jpg,0.5958871841430664,0.8184424042701721,0,hybrid,external_test,source_video_disjoint_v1,lowpass_0.1,ffpp_validation_checkpoint,dc728c791e4897a7eabff57cb9a9d5988224c88eea3e4c57bfbba32a2a0bd8e5
173,C:\Users\Rohith Syam\Documents\UTS SEMESTER 3\image processing\idea 2\outputs\generalization_upgrade\02_external_bias_audit\normalized_external\real\35\36702535_1992-07-04_2012.jpg,0,35/36702535_1992-07-04_2012.jpg,real,external_normalized,deepfakeface_sd15/real/35/36702535_1992-07-04_2012.jpg,0.8171248435974121,0.8184424042701721,0,hybrid,external_test,source_video_disjoint_v1,lowpass_0.1,ffpp_validation_checkpoint,dc728c791e4897a7eabff57cb9a9d5988224c88eea3e4c57bfbba32a2a0bd8e5
174,C:\Users\Rohith Syam\Documents\UTS SEMESTER 3\image processing\idea 2\outputs\generalization_upgrade\02_external_bias_audit\normalized_external\real\35\4943835_1891-09-22_1968.jpg,0,35/4943835_1891-09-22_1968.jpg,real,external_normalized,deepfakeface_sd15/real/35/4943835_1891-09-22_1968.jpg,0.13483941555023193,0.8184424042701721,0,hybrid,external_test,source_video_disjoint_v1,lowpass_0.1,ffpp_validation_checkpoint,dc728c791e4897a7eabff57cb9a9d5988224c88eea3e4c57bfbba32a2a0bd8e5
175,C:\Users\Rohith Syam\Documents\UTS SEMESTER 3\image processing\idea 2\outputs\generalization_upgrade\02_external_bias_audit\normalized_external\real\35\6232035_1987-09-07_2013.jpg,0,35/6232035_1987-09-07_2013.jpg,real,external_normalized,deepfakeface_sd15/real/35/6232035_1987-09-07_2013.jpg,0.7709340453147888,0.8184424042701721,0,hybrid,external_test,source_video_disjoint_v1,lowpass_0.1,ffpp_validation_checkpoint,dc728c791e4897a7eabff57cb9a9d5988224c88eea3e4c57bfbba32a2a0bd8e5
176,C:\Users\Rohith Syam\Documents\UTS SEMESTER 3\image processing\idea 2\outputs\generalization_upgrade\02_external_bias_audit\normalized_external\real\35\89835_1951-04-07_1981.jpg,0,35/89835_1951-04-07_1981.jpg,real,external_normalized,deepfakeface_sd15/real/35/89835_1951-04-07_1981.jpg,0.4484740197658539,0.8184424042701721,0,hybrid,external_test,source_video_disjoint_v1,lowpass_0.1,ffpp_validation_checkpoint,dc728c791e4897a7eabff57cb9a9d5988224c88eea3e4c57bfbba32a2a0bd8e5
177,C:\Users\Rohith Syam\Documents\UTS SEMESTER 3\image processing\idea 2\outputs\generalization_upgrade\02_external_bias_audit\normalized_external\real\55\10095655_1985-07-10_2012.jpg,0,55/10095655_1985-07-10_2012.jpg,real,external_normalized,deepfakeface_sd15/real/55/10095655_1985-07-10_2012.jpg,0.3466700613498688,0.8184424042701721,0,hybrid,external_test,source_video_disjoint_v1,lowpass_0.1,ffpp_validation_checkpoint,dc728c791e4897a7eabff57cb9a9d5988224c88eea3e4c57bfbba32a2a0bd8e5
178,C:\Users\Rohith Syam\Documents\UTS SEMESTER 3\image processing\idea 2\outputs\generalization_upgrade\02_external_bias_audit\normalized_external\real\55\10486955_1937-11-18_1975.jpg,0,55/10486955_1937-11-18_1975.jpg,real,external_normalized,deepfakeface_sd15/real/55/10486955_1937-11-18_1975.jpg,0.44556185603141785,0.8184424042701721,0,hybrid,external_test,source_video_disjoint_v1,lowpass_0.1,ffpp_validation_checkpoint,dc728c791e4897a7eabff57cb9a9d5988224c88eea3e4c57bfbba32a2a0bd8e5
179,C:\Users\Rohith Syam\Documents\UTS SEMESTER 3\image processing\idea 2\outputs\generalization_upgrade\02_external_bias_audit\normalized_external\real\55\1196855_1923-06-24_2009.jpg,0,55/1196855_1923-06-24_2009.jpg,real,external_normalized,deepfakeface_sd15/real/55/1196855_1923-06-24_2009.jpg,0.3133704662322998,0.8184424042701721,0,hybrid,external_test,source_video_disjoint_v1,lowpass_0.1,ffpp_validation_checkpoint,dc728c791e4897a7eabff57cb9a9d5988224c88eea3e4c57bfbba32a2a0bd8e5
180,C:\Users\Rohith Syam\Documents\UTS SEMESTER 3\image processing\idea 2\outputs\generalization_upgrade\02_external_bias_audit\normalized_external\real\55\12428755_1982-12-09_2012.jpg,0,55/12428755_1982-12-09_2012.jpg,real,external_normalized,deepfakeface_sd15/real/55/12428755_1982-12-09_2012.jpg,0.08188886195421219,0.8184424042701721,0,hybrid,external_test,source_video_disjoint_v1,lowpass_0.1,ffpp_validation_checkpoint,dc728c791e4897a7eabff57cb9a9d5988224c88eea3e4c57bfbba32a2a0bd8e5
181,C:\Users\Rohith Syam\Documents\UTS SEMESTER 3\image processing\idea 2\outputs\generalization_upgrade\02_external_bias_audit\normalized_external\real\55\1349055_1974-02-24_2009.jpg,0,55/1349055_1974-02-24_2009.jpg,real,external_normalized,deepfakeface_sd15/real/55/1349055_1974-02-24_2009.jpg,0.09091592580080032,0.8184424042701721,0,hybrid,external_test,source_video_disjoint_v1,lowpass_0.1,ffpp_validation_checkpoint,dc728c791e4897a7eabff57cb9a9d5988224c88eea3e4c57bfbba32a2a0bd8e5
182,C:\Users\Rohith Syam\Documents\UTS SEMESTER 3\image processing\idea 2\outputs\generalization_upgrade\02_external_bias_audit\normalized_external\real\55\14640255_1980-09-24_2006.jpg,0,55/14640255_1980-09-24_2006.jpg,real,external_normalized,deepfakeface_sd15/real/55/14640255_1980-09-24_2006.jpg,0.7671692967414856,0.8184424042701721,0,hybrid,external_test,source_video_disjoint_v1,lowpass_0.1,ffpp_validation_checkpoint,dc728c791e4897a7eabff57cb9a9d5988224c88eea3e4c57bfbba32a2a0bd8e5
183,C:\Users\Rohith Syam\Documents\UTS SEMESTER 3\image processing\idea 2\outputs\generalization_upgrade\02_external_bias_audit\normalized_external\real\55\14904555_1915-05-08_1941.jpg,0,55/14904555_1915-05-08_1941.jpg,real,external_normalized,deepfakeface_sd15/real/55/14904555_1915-05-08_1941.jpg,0.15964056551456451,0.8184424042701721,0,hybrid,external_test,source_video_disjoint_v1,lowpass_0.1,ffpp_validation_checkpoint,dc728c791e4897a7eabff57cb9a9d5988224c88eea3e4c57bfbba32a2a0bd8e5
184,C:\Users\Rohith Syam\Documents\UTS SEMESTER 3\image processing\idea 2\outputs\generalization_upgrade\02_external_bias_audit\normalized_external\real\55\15890555_1987-12-03_2014.jpg,0,55/15890555_1987-12-03_2014.jpg,real,external_normalized,deepfakeface_sd15/real/55/15890555_1987-12-03_2014.jpg,0.1898176372051239,0.8184424042701721,0,hybrid,external_test,source_video_disjoint_v1,lowpass_0.1,ffpp_validation_checkpoint,dc728c791e4897a7eabff57cb9a9d5988224c88eea3e4c57bfbba32a2a0bd8e5
185,C:\Users\Rohith Syam\Documents\UTS SEMESTER 3\image processing\idea 2\outputs\generalization_upgrade\02_external_bias_audit\normalized_external\real\55\1941155_1993-07-26_2010.jpg,0,55/1941155_1993-07-26_2010.jpg,real,external_normalized,deepfakeface_sd15/real/55/1941155_1993-07-26_2010.jpg,0.06877239793539047,0.8184424042701721,0,hybrid,external_test,source_video_disjoint_v1,lowpass_0.1,ffpp_validation_checkpoint,dc728c791e4897a7eabff57cb9a9d5988224c88eea3e4c57bfbba32a2a0bd8e5
186,C:\Users\Rohith Syam\Documents\UTS SEMESTER 3\image processing\idea 2\outputs\generalization_upgrade\02_external_bias_audit\normalized_external\real\55\20025755_1979-03-10_2009.jpg,0,55/20025755_1979-03-10_2009.jpg,real,external_normalized,deepfakeface_sd15/real/55/20025755_1979-03-10_2009.jpg,0.6141343116760254,0.8184424042701721,0,hybrid,external_test,source_video_disjoint_v1,lowpass_0.1,ffpp_validation_checkpoint,dc728c791e4897a7eabff57cb9a9d5988224c88eea3e4c57bfbba32a2a0bd8e5
187,C:\Users\Rohith Syam\Documents\UTS SEMESTER 3\image processing\idea 2\outputs\generalization_upgrade\02_external_bias_audit\normalized_external\real\55\2538755_1933-07-01_1979.jpg,0,55/2538755_1933-07-01_1979.jpg,real,external_normalized,deepfakeface_sd15/real/55/2538755_1933-07-01_1979.jpg,0.12051525712013245,0.8184424042701721,0,hybrid,external_test,source_video_disjoint_v1,lowpass_0.1,ffpp_validation_checkpoint,dc728c791e4897a7eabff57cb9a9d5988224c88eea3e4c57bfbba32a2a0bd8e5
188,C:\Users\Rohith Syam\Documents\UTS SEMESTER 3\image processing\idea 2\outputs\generalization_upgrade\02_external_bias_audit\normalized_external\real\55\27599355_1985-04-07_2007.jpg,0,55/27599355_1985-04-07_2007.jpg,real,external_normalized,deepfakeface_sd15/real/55/27599355_1985-04-07_2007.jpg,0.47195321321487427,0.8184424042701721,0,hybrid,external_test,source_video_disjoint_v1,lowpass_0.1,ffpp_validation_checkpoint,dc728c791e4897a7eabff57cb9a9d5988224c88eea3e4c57bfbba32a2a0bd8e5
189,C:\Users\Rohith Syam\Documents\UTS SEMESTER 3\image processing\idea 2\outputs\generalization_upgrade\02_external_bias_audit\normalized_external\real\55\2894455_1947-09-13_2009.jpg,0,55/2894455_1947-09-13_2009.jpg,real,external_normalized,deepfakeface_sd15/real/55/2894455_1947-09-13_2009.jpg,0.46305376291275024,0.8184424042701721,0,hybrid,external_test,source_video_disjoint_v1,lowpass_0.1,ffpp_validation_checkpoint,dc728c791e4897a7eabff57cb9a9d5988224c88eea3e4c57bfbba32a2a0bd8e5
190,C:\Users\Rohith Syam\Documents\UTS SEMESTER 3\image processing\idea 2\outputs\generalization_upgrade\02_external_bias_audit\normalized_external\real\55\295555_1950-07-15_2012.jpg,0,55/295555_1950-07-15_2012.jpg,real,external_normalized,deepfakeface_sd15/real/55/295555_1950-07-15_2012.jpg,0.9514551162719727,0.8184424042701721,1,hybrid,external_test,source_video_disjoint_v1,lowpass_0.1,ffpp_validation_checkpoint,dc728c791e4897a7eabff57cb9a9d5988224c88eea3e4c57bfbba32a2a0bd8e5
191,C:\Users\Rohith Syam\Documents\UTS SEMESTER 3\image processing\idea 2\outputs\generalization_upgrade\02_external_bias_audit\normalized_external\real\55\2979255_1982-08-30_2012.jpg,0,55/2979255_1982-08-30_2012.jpg,real,external_normalized,deepfakeface_sd15/real/55/2979255_1982-08-30_2012.jpg,0.705475926399231,0.8184424042701721,0,hybrid,external_test,source_video_disjoint_v1,lowpass_0.1,ffpp_validation_checkpoint,dc728c791e4897a7eabff57cb9a9d5988224c88eea3e4c57bfbba32a2a0bd8e5
192,C:\Users\Rohith Syam\Documents\UTS SEMESTER 3\image processing\idea 2\outputs\generalization_upgrade\02_external_bias_audit\normalized_external\real\55\30781355_1963-07-29_2015.jpg,0,55/30781355_1963-07-29_2015.jpg,real,external_normalized,deepfakeface_sd15/real/55/30781355_1963-07-29_2015.jpg,0.8310451507568359,0.8184424042701721,1,hybrid,external_test,source_video_disjoint_v1,lowpass_0.1,ffpp_validation_checkpoint,dc728c791e4897a7eabff57cb9a9d5988224c88eea3e4c57bfbba32a2a0bd8e5
193,C:\Users\Rohith Syam\Documents\UTS SEMESTER 3\image processing\idea 2\outputs\generalization_upgrade\02_external_bias_audit\normalized_external\real\55\31689055_1988-03-014_2013.jpg,0,55/31689055_1988-03-014_2013.jpg,real,external_normalized,deepfakeface_sd15/real/55/31689055_1988-03-014_2013.jpg,0.18460233509540558,0.8184424042701721,0,hybrid,external_test,source_video_disjoint_v1,lowpass_0.1,ffpp_validation_checkpoint,dc728c791e4897a7eabff57cb9a9d5988224c88eea3e4c57bfbba32a2a0bd8e5
194,C:\Users\Rohith Syam\Documents\UTS SEMESTER 3\image processing\idea 2\outputs\generalization_upgrade\02_external_bias_audit\normalized_external\real\55\3523055_1984-05-01_2014.jpg,0,55/3523055_1984-05-01_2014.jpg,real,external_normalized,deepfakeface_sd15/real/55/3523055_1984-05-01_2014.jpg,0.9038999080657959,0.8184424042701721,1,hybrid,external_test,source_video_disjoint_v1,lowpass_0.1,ffpp_validation_checkpoint,dc728c791e4897a7eabff57cb9a9d5988224c88eea3e4c57bfbba32a2a0bd8e5
195,C:\Users\Rohith Syam\Documents\UTS SEMESTER 3\image processing\idea 2\outputs\generalization_upgrade\02_external_bias_audit\normalized_external\real\55\3566855_1977-08-09_2010.jpg,0,55/3566855_1977-08-09_2010.jpg,real,external_normalized,deepfakeface_sd15/real/55/3566855_1977-08-09_2010.jpg,0.8728954195976257,0.8184424042701721,1,hybrid,external_test,source_video_disjoint_v1,lowpass_0.1,ffpp_validation_checkpoint,dc728c791e4897a7eabff57cb9a9d5988224c88eea3e4c57bfbba32a2a0bd8e5
196,C:\Users\Rohith Syam\Documents\UTS SEMESTER 3\image processing\idea 2\outputs\generalization_upgrade\02_external_bias_audit\normalized_external\real\55\36326355_1990-10-27_2014.jpg,0,55/36326355_1990-10-27_2014.jpg,real,external_normalized,deepfakeface_sd15/real/55/36326355_1990-10-27_2014.jpg,0.8021465539932251,0.8184424042701721,0,hybrid,external_test,source_video_disjoint_v1,lowpass_0.1,ffpp_validation_checkpoint,dc728c791e4897a7eabff57cb9a9d5988224c88eea3e4c57bfbba32a2a0bd8e5
197,C:\Users\Rohith Syam\Documents\UTS SEMESTER 3\image processing\idea 2\outputs\generalization_upgrade\02_external_bias_audit\normalized_external\real\55\38909755_1989-02-21_2013.jpg,0,55/38909755_1989-02-21_2013.jpg,real,external_normalized,deepfakeface_sd15/real/55/38909755_1989-02-21_2013.jpg,0.8475019931793213,0.8184424042701721,1,hybrid,external_test,source_video_disjoint_v1,lowpass_0.1,ffpp_validation_checkpoint,dc728c791e4897a7eabff57cb9a9d5988224c88eea3e4c57bfbba32a2a0bd8e5
198,C:\Users\Rohith Syam\Documents\UTS SEMESTER 3\image processing\idea 2\outputs\generalization_upgrade\02_external_bias_audit\normalized_external\real\55\39790655_2013-07-22_2014.jpg,0,55/39790655_2013-07-22_2014.jpg,real,external_normalized,deepfakeface_sd15/real/55/39790655_2013-07-22_2014.jpg,0.28768008947372437,0.8184424042701721,0,hybrid,external_test,source_video_disjoint_v1,lowpass_0.1,ffpp_validation_checkpoint,dc728c791e4897a7eabff57cb9a9d5988224c88eea3e4c57bfbba32a2a0bd8e5
199,C:\Users\Rohith Syam\Documents\UTS SEMESTER 3\image processing\idea 2\outputs\generalization_upgrade\02_external_bias_audit\normalized_external\real\55\42718155_1946-01-25_2006.jpg,0,55/42718155_1946-01-25_2006.jpg,real,external_normalized,deepfakeface_sd15/real/55/42718155_1946-01-25_2006.jpg,0.47567668557167053,0.8184424042701721,0,hybrid,external_test,source_video_disjoint_v1,lowpass_0.1,ffpp_validation_checkpoint,dc728c791e4897a7eabff57cb9a9d5988224c88eea3e4c57bfbba32a2a0bd8e5
200,C:\Users\Rohith Syam\Documents\UTS SEMESTER 3\image processing\idea 2\outputs\generalization_upgrade\02_external_bias_audit\normalized_external\real\55\43284855_1980-08-11_2012.jpg,0,55/43284855_1980-08-11_2012.jpg,real,external_normalized,deepfakeface_sd15/real/55/43284855_1980-08-11_2012.jpg,0.7523670792579651,0.8184424042701721,0,hybrid,external_test,source_video_disjoint_v1,lowpass_0.1,ffpp_validation_checkpoint,dc728c791e4897a7eabff57cb9a9d5988224c88eea3e4c57bfbba32a2a0bd8e5
201,C:\Users\Rohith Syam\Documents\UTS SEMESTER 3\image processing\idea 2\outputs\generalization_upgrade\02_external_bias_audit\normalized_external\real\55\45263455_1979-05-12_2015.jpg,0,55/45263455_1979-05-12_2015.jpg,real,external_normalized,deepfakeface_sd15/real/55/45263455_1979-05-12_2015.jpg,0.9926209449768066,0.8184424042701721,1,hybrid,external_test,source_video_disjoint_v1,lowpass_0.1,ffpp_validation_checkpoint,dc728c791e4897a7eabff57cb9a9d5988224c88eea3e4c57bfbba32a2a0bd8e5
202,C:\Users\Rohith Syam\Documents\UTS SEMESTER 3\image processing\idea 2\outputs\generalization_upgrade\02_external_bias_audit\normalized_external\real\55\46238055_1947-10-19_1980.jpg,0,55/46238055_1947-10-19_1980.jpg,real,external_normalized,deepfakeface_sd15/real/55/46238055_1947-10-19_1980.jpg,0.4631737172603607,0.8184424042701721,0,hybrid,external_test,source_video_disjoint_v1,lowpass_0.1,ffpp_validation_checkpoint,dc728c791e4897a7eabff57cb9a9d5988224c88eea3e4c57bfbba32a2a0bd8e5
203,C:\Users\Rohith Syam\Documents\UTS SEMESTER 3\image processing\idea 2\outputs\generalization_upgrade\02_external_bias_audit\normalized_external\real\55\72655_1975-10-12_2004.jpg,0,55/72655_1975-10-12_2004.jpg,real,external_normalized,deepfakeface_sd15/real/55/72655_1975-10-12_2004.jpg,0.6650594472885132,0.8184424042701721,0,hybrid,external_test,source_video_disjoint_v1,lowpass_0.1,ffpp_validation_checkpoint,dc728c791e4897a7eabff57cb9a9d5988224c88eea3e4c57bfbba32a2a0bd8e5
204,C:\Users\Rohith Syam\Documents\UTS SEMESTER 3\image processing\idea 2\outputs\generalization_upgrade\02_external_bias_audit\normalized_external\real\55\870155_1962-12-01_2010.jpg,0,55/870155_1962-12-01_2010.jpg,real,external_normalized,deepfakeface_sd15/real/55/870155_1962-12-01_2010.jpg,0.7922769784927368,0.8184424042701721,0,hybrid,external_test,source_video_disjoint_v1,lowpass_0.1,ffpp_validation_checkpoint,dc728c791e4897a7eabff57cb9a9d5988224c88eea3e4c57bfbba32a2a0bd8e5
205,C:\Users\Rohith Syam\Documents\UTS SEMESTER 3\image processing\idea 2\outputs\generalization_upgrade\02_external_bias_audit\normalized_external\real\69\41427969_1939-03-30_1972.jpg,0,69/41427969_1939-03-30_1972.jpg,real,external_normalized,deepfakeface_sd15/real/69/41427969_1939-03-30_1972.jpg,0.17014645040035248,0.8184424042701721,0,hybrid,external_test,source_video_disjoint_v1,lowpass_0.1,ffpp_validation_checkpoint,dc728c791e4897a7eabff57cb9a9d5988224c88eea3e4c57bfbba32a2a0bd8e5
206,C:\Users\Rohith Syam\Documents\UTS SEMESTER 3\image processing\idea 2\outputs\generalization_upgrade\02_external_bias_audit\normalized_external\real\71\12738371_1985-05-25_2015.jpg,0,71/12738371_1985-05-25_2015.jpg,real,external_normalized,deepfakeface_sd15/real/71/12738371_1985-05-25_2015.jpg,0.9952493906021118,0.8184424042701721,1,hybrid,external_test,source_video_disjoint_v1,lowpass_0.1,ffpp_validation_checkpoint,dc728c791e4897a7eabff57cb9a9d5988224c88eea3e4c57bfbba32a2a0bd8e5
207,C:\Users\Rohith Syam\Documents\UTS SEMESTER 3\image processing\idea 2\outputs\generalization_upgrade\02_external_bias_audit\normalized_external\real\71\14220271_1972-11-30_2008.jpg,0,71/14220271_1972-11-30_2008.jpg,real,external_normalized,deepfakeface_sd15/real/71/14220271_1972-11-30_2008.jpg,0.7481057047843933,0.8184424042701721,0,hybrid,external_test,source_video_disjoint_v1,lowpass_0.1,ffpp_validation_checkpoint,dc728c791e4897a7eabff57cb9a9d5988224c88eea3e4c57bfbba32a2a0bd8e5
208,C:\Users\Rohith Syam\Documents\UTS SEMESTER 3\image processing\idea 2\outputs\generalization_upgrade\02_external_bias_audit\normalized_external\real\71\165871_1942-09-30_1950.jpg,0,71/165871_1942-09-30_1950.jpg,real,external_normalized,deepfakeface_sd15/real/71/165871_1942-09-30_1950.jpg,0.05484364926815033,0.8184424042701721,0,hybrid,external_test,source_video_disjoint_v1,lowpass_0.1,ffpp_validation_checkpoint,dc728c791e4897a7eabff57cb9a9d5988224c88eea3e4c57bfbba32a2a0bd8e5
209,C:\Users\Rohith Syam\Documents\UTS SEMESTER 3\image processing\idea 2\outputs\generalization_upgrade\02_external_bias_audit\normalized_external\real\71\17112571_1992-02-27_2012.jpg,0,71/17112571_1992-02-27_2012.jpg,real,external_normalized,deepfakeface_sd15/real/71/17112571_1992-02-27_2012.jpg,0.9964141845703125,0.8184424042701721,1,hybrid,external_test,source_video_disjoint_v1,lowpass_0.1,ffpp_validation_checkpoint,dc728c791e4897a7eabff57cb9a9d5988224c88eea3e4c57bfbba32a2a0bd8e5
210,C:\Users\Rohith Syam\Documents\UTS SEMESTER 3\image processing\idea 2\outputs\generalization_upgrade\02_external_bias_audit\normalized_external\real\71\1854071_1958-08-14_1991.jpg,0,71/1854071_1958-08-14_1991.jpg,real,external_normalized,deepfakeface_sd15/real/71/1854071_1958-08-14_1991.jpg,0.838843584060669,0.8184424042701721,1,hybrid,external_test,source_video_disjoint_v1,lowpass_0.1,ffpp_validation_checkpoint,dc728c791e4897a7eabff57cb9a9d5988224c88eea3e4c57bfbba32a2a0bd8e5
211,C:\Users\Rohith Syam\Documents\UTS SEMESTER 3\image processing\idea 2\outputs\generalization_upgrade\02_external_bias_audit\normalized_external\real\71\18720671_1986-06-23_2012.jpg,0,71/18720671_1986-06-23_2012.jpg,real,external_normalized,deepfakeface_sd15/real/71/18720671_1986-06-23_2012.jpg,0.7989089488983154,0.8184424042701721,0,hybrid,external_test,source_video_disjoint_v1,lowpass_0.1,ffpp_validation_checkpoint,dc728c791e4897a7eabff57cb9a9d5988224c88eea3e4c57bfbba32a2a0bd8e5
212,C:\Users\Rohith Syam\Documents\UTS SEMESTER 3\image processing\idea 2\outputs\generalization_upgrade\02_external_bias_audit\normalized_external\real\71\19476171_1989-08-02_2014.jpg,0,71/19476171_1989-08-02_2014.jpg,real,external_normalized,deepfakeface_sd15/real/71/19476171_1989-08-02_2014.jpg,0.9263237118721008,0.8184424042701721,1,hybrid,external_test,source_video_disjoint_v1,lowpass_0.1,ffpp_validation_checkpoint,dc728c791e4897a7eabff57cb9a9d5988224c88eea3e4c57bfbba32a2a0bd8e5
213,C:\Users\Rohith Syam\Documents\UTS SEMESTER 3\image processing\idea 2\outputs\generalization_upgrade\02_external_bias_audit\normalized_external\real\71\23399171_1991-05-22_2009.jpg,0,71/23399171_1991-05-22_2009.jpg,real,external_normalized,deepfakeface_sd15/real/71/23399171_1991-05-22_2009.jpg,0.8961814641952515,0.8184424042701721,1,hybrid,external_test,source_video_disjoint_v1,lowpass_0.1,ffpp_validation_checkpoint,dc728c791e4897a7eabff57cb9a9d5988224c88eea3e4c57bfbba32a2a0bd8e5
214,C:\Users\Rohith Syam\Documents\UTS SEMESTER 3\image processing\idea 2\outputs\generalization_upgrade\02_external_bias_audit\normalized_external\real\71\2492371_1942-11-06_1965.jpg,0,71/2492371_1942-11-06_1965.jpg,real,external_normalized,deepfakeface_sd15/real/71/2492371_1942-11-06_1965.jpg,0.2694453299045563,0.8184424042701721,0,hybrid,external_test,source_video_disjoint_v1,lowpass_0.1,ffpp_validation_checkpoint,dc728c791e4897a7eabff57cb9a9d5988224c88eea3e4c57bfbba32a2a0bd8e5
215,C:\Users\Rohith Syam\Documents\UTS SEMESTER 3\image processing\idea 2\outputs\generalization_upgrade\02_external_bias_audit\normalized_external\real\71\25422271_1990-09-11_2014.jpg,0,71/25422271_1990-09-11_2014.jpg,real,external_normalized,deepfakeface_sd15/real/71/25422271_1990-09-11_2014.jpg,0.8200057744979858,0.8184424042701721,1,hybrid,external_test,source_video_disjoint_v1,lowpass_0.1,ffpp_validation_checkpoint,dc728c791e4897a7eabff57cb9a9d5988224c88eea3e4c57bfbba32a2a0bd8e5
216,C:\Users\Rohith Syam\Documents\UTS SEMESTER 3\image processing\idea 2\outputs\generalization_upgrade\02_external_bias_audit\normalized_external\real\71\27164771_1990-09-17_2009.jpg,0,71/27164771_1990-09-17_2009.jpg,real,external_normalized,deepfakeface_sd15/real/71/27164771_1990-09-17_2009.jpg,0.5805483460426331,0.8184424042701721,0,hybrid,external_test,source_video_disjoint_v1,lowpass_0.1,ffpp_validation_checkpoint,dc728c791e4897a7eabff57cb9a9d5988224c88eea3e4c57bfbba32a2a0bd8e5
217,C:\Users\Rohith Syam\Documents\UTS SEMESTER 3\image processing\idea 2\outputs\generalization_upgrade\02_external_bias_audit\normalized_external\real\71\27987171_1987-05-10_2013.jpg,0,71/27987171_1987-05-10_2013.jpg,real,external_normalized,deepfakeface_sd15/real/71/27987171_1987-05-10_2013.jpg,0.7070315480232239,0.8184424042701721,0,hybrid,external_test,source_video_disjoint_v1,lowpass_0.1,ffpp_validation_checkpoint,dc728c791e4897a7eabff57cb9a9d5988224c88eea3e4c57bfbba32a2a0bd8e5
218,C:\Users\Rohith Syam\Documents\UTS SEMESTER 3\image processing\idea 2\outputs\generalization_upgrade\02_external_bias_audit\normalized_external\real\71\29084271_1991-09-22_2014.jpg,0,71/29084271_1991-09-22_2014.jpg,real,external_normalized,deepfakeface_sd15/real/71/29084271_1991-09-22_2014.jpg,0.9888147711753845,0.8184424042701721,1,hybrid,external_test,source_video_disjoint_v1,lowpass_0.1,ffpp_validation_checkpoint,dc728c791e4897a7eabff57cb9a9d5988224c88eea3e4c57bfbba32a2a0bd8e5
219,C:\Users\Rohith Syam\Documents\UTS SEMESTER 3\image processing\idea 2\outputs\generalization_upgrade\02_external_bias_audit\normalized_external\real\71\30657971_1992-05-11_2014.jpg,0,71/30657971_1992-05-11_2014.jpg,real,external_normalized,deepfakeface_sd15/real/71/30657971_1992-05-11_2014.jpg,0.7873588800430298,0.8184424042701721,0,hybrid,external_test,source_video_disjoint_v1,lowpass_0.1,ffpp_validation_checkpoint,dc728c791e4897a7eabff57cb9a9d5988224c88eea3e4c57bfbba32a2a0bd8e5
220,C:\Users\Rohith Syam\Documents\UTS SEMESTER 3\image processing\idea 2\outputs\generalization_upgrade\02_external_bias_audit\normalized_external\real\71\31706371_1989-01-14_2011.jpg,0,71/31706371_1989-01-14_2011.jpg,real,external_normalized,deepfakeface_sd15/real/71/31706371_1989-01-14_2011.jpg,0.90619957447052,0.8184424042701721,1,hybrid,external_test,source_video_disjoint_v1,lowpass_0.1,ffpp_validation_checkpoint,dc728c791e4897a7eabff57cb9a9d5988224c88eea3e4c57bfbba32a2a0bd8e5
221,C:\Users\Rohith Syam\Documents\UTS SEMESTER 3\image processing\idea 2\outputs\generalization_upgrade\02_external_bias_audit\normalized_external\real\71\33021371_1988-02-18_2013.jpg,0,71/33021371_1988-02-18_2013.jpg,real,external_normalized,deepfakeface_sd15/real/71/33021371_1988-02-18_2013.jpg,0.713344395160675,0.8184424042701721,0,hybrid,external_test,source_video_disjoint_v1,lowpass_0.1,ffpp_validation_checkpoint,dc728c791e4897a7eabff57cb9a9d5988224c88eea3e4c57bfbba32a2a0bd8e5
222,C:\Users\Rohith Syam\Documents\UTS SEMESTER 3\image processing\idea 2\outputs\generalization_upgrade\02_external_bias_audit\normalized_external\real\71\3312671_1985-08-02_2008.jpg,0,71/3312671_1985-08-02_2008.jpg,real,external_normalized,deepfakeface_sd15/real/71/3312671_1985-08-02_2008.jpg,0.8632746338844299,0.8184424042701721,1,hybrid,external_test,source_video_disjoint_v1,lowpass_0.1,ffpp_validation_checkpoint,dc728c791e4897a7eabff57cb9a9d5988224c88eea3e4c57bfbba32a2a0bd8e5
223,C:\Users\Rohith Syam\Documents\UTS SEMESTER 3\image processing\idea 2\outputs\generalization_upgrade\02_external_bias_audit\normalized_external\real\71\35188571_1983-09-18_2009.jpg,0,71/35188571_1983-09-18_2009.jpg,real,external_normalized,deepfakeface_sd15/real/71/35188571_1983-09-18_2009.jpg,0.8667007684707642,0.8184424042701721,1,hybrid,external_test,source_video_disjoint_v1,lowpass_0.1,ffpp_validation_checkpoint,dc728c791e4897a7eabff57cb9a9d5988224c88eea3e4c57bfbba32a2a0bd8e5
224,C:\Users\Rohith Syam\Documents\UTS SEMESTER 3\image processing\idea 2\outputs\generalization_upgrade\02_external_bias_audit\normalized_external\real\71\42650171_1946-12-10_2013.jpg,0,71/42650171_1946-12-10_2013.jpg,real,external_normalized,deepfakeface_sd15/real/71/42650171_1946-12-10_2013.jpg,0.9935415983200073,0.8184424042701721,1,hybrid,external_test,source_video_disjoint_v1,lowpass_0.1,ffpp_validation_checkpoint,dc728c791e4897a7eabff57cb9a9d5988224c88eea3e4c57bfbba32a2a0bd8e5
225,C:\Users\Rohith Syam\Documents\UTS SEMESTER 3\image processing\idea 2\outputs\generalization_upgrade\02_external_bias_audit\normalized_external\real\71\5081071_1925-11-13_1953.jpg,0,71/5081071_1925-11-13_1953.jpg,real,external_normalized,deepfakeface_sd15/real/71/5081071_1925-11-13_1953.jpg,0.028590701520442963,0.8184424042701721,0,hybrid,external_test,source_video_disjoint_v1,lowpass_0.1,ffpp_validation_checkpoint,dc728c791e4897a7eabff57cb9a9d5988224c88eea3e4c57bfbba32a2a0bd8e5
226,C:\Users\Rohith Syam\Documents\UTS SEMESTER 3\image processing\idea 2\outputs\generalization_upgrade\02_external_bias_audit\normalized_external\real\71\566471_1971-05-18_2011.jpg,0,71/566471_1971-05-18_2011.jpg,real,external_normalized,deepfakeface_sd15/real/71/566471_1971-05-18_2011.jpg,0.5841546654701233,0.8184424042701721,0,hybrid,external_test,source_video_disjoint_v1,lowpass_0.1,ffpp_validation_checkpoint,dc728c791e4897a7eabff57cb9a9d5988224c88eea3e4c57bfbba32a2a0bd8e5
227,C:\Users\Rohith Syam\Documents\UTS SEMESTER 3\image processing\idea 2\outputs\generalization_upgrade\02_external_bias_audit\normalized_external\real\71\703371_1918-03-12_1980.jpg,0,71/703371_1918-03-12_1980.jpg,real,external_normalized,deepfakeface_sd15/real/71/703371_1918-03-12_1980.jpg,0.8672522902488708,0.8184424042701721,1,hybrid,external_test,source_video_disjoint_v1,lowpass_0.1,ffpp_validation_checkpoint,dc728c791e4897a7eabff57cb9a9d5988224c88eea3e4c57bfbba32a2a0bd8e5
228,C:\Users\Rohith Syam\Documents\UTS SEMESTER 3\image processing\idea 2\outputs\generalization_upgrade\02_external_bias_audit\normalized_external\real\71\775271_1959-09-16_2011.jpg,0,71/775271_1959-09-16_2011.jpg,real,external_normalized,deepfakeface_sd15/real/71/775271_1959-09-16_2011.jpg,0.23014038801193237,0.8184424042701721,0,hybrid,external_test,source_video_disjoint_v1,lowpass_0.1,ffpp_validation_checkpoint,dc728c791e4897a7eabff57cb9a9d5988224c88eea3e4c57bfbba32a2a0bd8e5
229,C:\Users\Rohith Syam\Documents\UTS SEMESTER 3\image processing\idea 2\outputs\generalization_upgrade\02_external_bias_audit\normalized_external\real\71\8334671_1931-02-14_1966.jpg,0,71/8334671_1931-02-14_1966.jpg,real,external_normalized,deepfakeface_sd15/real/71/8334671_1931-02-14_1966.jpg,0.24542205035686493,0.8184424042701721,0,hybrid,external_test,source_video_disjoint_v1,lowpass_0.1,ffpp_validation_checkpoint,dc728c791e4897a7eabff57cb9a9d5988224c88eea3e4c57bfbba32a2a0bd8e5
230,C:\Users\Rohith Syam\Documents\UTS SEMESTER 3\image processing\idea 2\outputs\generalization_upgrade\02_external_bias_audit\normalized_external\real\71\9069371_1986-03-19_2013.jpg,0,71/9069371_1986-03-19_2013.jpg,real,external_normalized,deepfakeface_sd15/real/71/9069371_1986-03-19_2013.jpg,0.8038884401321411,0.8184424042701721,0,hybrid,external_test,source_video_disjoint_v1,lowpass_0.1,ffpp_validation_checkpoint,dc728c791e4897a7eabff57cb9a9d5988224c88eea3e4c57bfbba32a2a0bd8e5
231,C:\Users\Rohith Syam\Documents\UTS SEMESTER 3\image processing\idea 2\outputs\generalization_upgrade\02_external_bias_audit\normalized_external\real\71\967871_1972-12-15_2008.jpg,0,71/967871_1972-12-15_2008.jpg,real,external_normalized,deepfakeface_sd15/real/71/967871_1972-12-15_2008.jpg,0.679409921169281,0.8184424042701721,0,hybrid,external_test,source_video_disjoint_v1,lowpass_0.1,ffpp_validation_checkpoint,dc728c791e4897a7eabff57cb9a9d5988224c88eea3e4c57bfbba32a2a0bd8e5
232,C:\Users\Rohith Syam\Documents\UTS SEMESTER 3\image processing\idea 2\outputs\generalization_upgrade\02_external_bias_audit\normalized_external\real\71\9845271_1955-09-16_2001.jpg,0,71/9845271_1955-09-16_2001.jpg,real,external_normalized,deepfakeface_sd15/real/71/9845271_1955-09-16_2001.jpg,0.9288291335105896,0.8184424042701721,1,hybrid,external_test,source_video_disjoint_v1,lowpass_0.1,ffpp_validation_checkpoint,dc728c791e4897a7eabff57cb9a9d5988224c88eea3e4c57bfbba32a2a0bd8e5
233,C:\Users\Rohith Syam\Documents\UTS SEMESTER 3\image processing\idea 2\outputs\generalization_upgrade\02_external_bias_audit\normalized_external\real\73\1013073_1978-05-24_2010.jpg,0,73/1013073_1978-05-24_2010.jpg,real,external_normalized,deepfakeface_sd15/real/73/1013073_1978-05-24_2010.jpg,0.44437023997306824,0.8184424042701721,0,hybrid,external_test,source_video_disjoint_v1,lowpass_0.1,ffpp_validation_checkpoint,dc728c791e4897a7eabff57cb9a9d5988224c88eea3e4c57bfbba32a2a0bd8e5
234,C:\Users\Rohith Syam\Documents\UTS SEMESTER 3\image processing\idea 2\outputs\generalization_upgrade\02_external_bias_audit\normalized_external\real\73\12464473_1935-03-06_1958.jpg,0,73/12464473_1935-03-06_1958.jpg,real,external_normalized,deepfakeface_sd15/real/73/12464473_1935-03-06_1958.jpg,0.2239055335521698,0.8184424042701721,0,hybrid,external_test,source_video_disjoint_v1,lowpass_0.1,ffpp_validation_checkpoint,dc728c791e4897a7eabff57cb9a9d5988224c88eea3e4c57bfbba32a2a0bd8e5
235,C:\Users\Rohith Syam\Documents\UTS SEMESTER 3\image processing\idea 2\outputs\generalization_upgrade\02_external_bias_audit\normalized_external\real\73\12786073_1984-05-18_2011.jpg,0,73/12786073_1984-05-18_2011.jpg,real,external_normalized,deepfakeface_sd15/real/73/12786073_1984-05-18_2011.jpg,0.9794760346412659,0.8184424042701721,1,hybrid,external_test,source_video_disjoint_v1,lowpass_0.1,ffpp_validation_checkpoint,dc728c791e4897a7eabff57cb9a9d5988224c88eea3e4c57bfbba32a2a0bd8e5
236,C:\Users\Rohith Syam\Documents\UTS SEMESTER 3\image processing\idea 2\outputs\generalization_upgrade\02_external_bias_audit\normalized_external\real\73\16855173_1937-10-21_2008.jpg,0,73/16855173_1937-10-21_2008.jpg,real,external_normalized,deepfakeface_sd15/real/73/16855173_1937-10-21_2008.jpg,0.2684673070907593,0.8184424042701721,0,hybrid,external_test,source_video_disjoint_v1,lowpass_0.1,ffpp_validation_checkpoint,dc728c791e4897a7eabff57cb9a9d5988224c88eea3e4c57bfbba32a2a0bd8e5
237,C:\Users\Rohith Syam\Documents\UTS SEMESTER 3\image processing\idea 2\outputs\generalization_upgrade\02_external_bias_audit\normalized_external\real\73\18933173_1984-05-13_2011.jpg,0,73/18933173_1984-05-13_2011.jpg,real,external_normalized,deepfakeface_sd15/real/73/18933173_1984-05-13_2011.jpg,0.9144245386123657,0.8184424042701721,1,hybrid,external_test,source_video_disjoint_v1,lowpass_0.1,ffpp_validation_checkpoint,dc728c791e4897a7eabff57cb9a9d5988224c88eea3e4c57bfbba32a2a0bd8e5
238,C:\Users\Rohith Syam\Documents\UTS SEMESTER 3\image processing\idea 2\outputs\generalization_upgrade\02_external_bias_audit\normalized_external\real\73\20989373_1938-09-15_1988.jpg,0,73/20989373_1938-09-15_1988.jpg,real,external_normalized,deepfakeface_sd15/real/73/20989373_1938-09-15_1988.jpg,0.22880351543426514,0.8184424042701721,0,hybrid,external_test,source_video_disjoint_v1,lowpass_0.1,ffpp_validation_checkpoint,dc728c791e4897a7eabff57cb9a9d5988224c88eea3e4c57bfbba32a2a0bd8e5
239,C:\Users\Rohith Syam\Documents\UTS SEMESTER 3\image processing\idea 2\outputs\generalization_upgrade\02_external_bias_audit\normalized_external\real\73\21741673_1995-03-01_2009.jpg,0,73/21741673_1995-03-01_2009.jpg,real,external_normalized,deepfakeface_sd15/real/73/21741673_1995-03-01_2009.jpg,0.9906973838806152,0.8184424042701721,1,hybrid,external_test,source_video_disjoint_v1,lowpass_0.1,ffpp_validation_checkpoint,dc728c791e4897a7eabff57cb9a9d5988224c88eea3e4c57bfbba32a2a0bd8e5
240,C:\Users\Rohith Syam\Documents\UTS SEMESTER 3\image processing\idea 2\outputs\generalization_upgrade\02_external_bias_audit\normalized_external\real\73\2210573_1958-04-04_2007.jpg,0,73/2210573_1958-04-04_2007.jpg,real,external_normalized,deepfakeface_sd15/real/73/2210573_1958-04-04_2007.jpg,0.9581500887870789,0.8184424042701721,1,hybrid,external_test,source_video_disjoint_v1,lowpass_0.1,ffpp_validation_checkpoint,dc728c791e4897a7eabff57cb9a9d5988224c88eea3e4c57bfbba32a2a0bd8e5
241,C:\Users\Rohith Syam\Documents\UTS SEMESTER 3\image processing\idea 2\outputs\generalization_upgrade\02_external_bias_audit\normalized_external\real\73\24079373_1979-07-15_2009.jpg,0,73/24079373_1979-07-15_2009.jpg,real,external_normalized,deepfakeface_sd15/real/73/24079373_1979-07-15_2009.jpg,0.872201144695282,0.8184424042701721,1,hybrid,external_test,source_video_disjoint_v1,lowpass_0.1,ffpp_validation_checkpoint,dc728c791e4897a7eabff57cb9a9d5988224c88eea3e4c57bfbba32a2a0bd8e5
242,C:\Users\Rohith Syam\Documents\UTS SEMESTER 3\image processing\idea 2\outputs\generalization_upgrade\02_external_bias_audit\normalized_external\real\73\25286273_1990-11-02_2013.jpg,0,73/25286273_1990-11-02_2013.jpg,real,external_normalized,deepfakeface_sd15/real/73/25286273_1990-11-02_2013.jpg,0.595591127872467,0.8184424042701721,0,hybrid,external_test,source_video_disjoint_v1,lowpass_0.1,ffpp_validation_checkpoint,dc728c791e4897a7eabff57cb9a9d5988224c88eea3e4c57bfbba32a2a0bd8e5
243,C:\Users\Rohith Syam\Documents\UTS SEMESTER 3\image processing\idea 2\outputs\generalization_upgrade\02_external_bias_audit\normalized_external\real\73\27347573_1992-06-02_2010.jpg,0,73/27347573_1992-06-02_2010.jpg,real,external_normalized,deepfakeface_sd15/real/73/27347573_1992-06-02_2010.jpg,0.3961513638496399,0.8184424042701721,0,hybrid,external_test,source_video_disjoint_v1,lowpass_0.1,ffpp_validation_checkpoint,dc728c791e4897a7eabff57cb9a9d5988224c88eea3e4c57bfbba32a2a0bd8e5
244,C:\Users\Rohith Syam\Documents\UTS SEMESTER 3\image processing\idea 2\outputs\generalization_upgrade\02_external_bias_audit\normalized_external\real\73\3365773_1949-06-24_1985.jpg,0,73/3365773_1949-06-24_1985.jpg,real,external_normalized,deepfakeface_sd15/real/73/3365773_1949-06-24_1985.jpg,0.36530956625938416,0.8184424042701721,0,hybrid,external_test,source_video_disjoint_v1,lowpass_0.1,ffpp_validation_checkpoint,dc728c791e4897a7eabff57cb9a9d5988224c88eea3e4c57bfbba32a2a0bd8e5
245,C:\Users\Rohith Syam\Documents\UTS SEMESTER 3\image processing\idea 2\outputs\generalization_upgrade\02_external_bias_audit\normalized_external\real\73\34239373_1994-11-30_2014.jpg,0,73/34239373_1994-11-30_2014.jpg,real,external_normalized,deepfakeface_sd15/real/73/34239373_1994-11-30_2014.jpg,0.7386316061019897,0.8184424042701721,0,hybrid,external_test,source_video_disjoint_v1,lowpass_0.1,ffpp_validation_checkpoint,dc728c791e4897a7eabff57cb9a9d5988224c88eea3e4c57bfbba32a2a0bd8e5
246,C:\Users\Rohith Syam\Documents\UTS SEMESTER 3\image processing\idea 2\outputs\generalization_upgrade\02_external_bias_audit\normalized_external\real\73\3517073_1984-09-10_2011.jpg,0,73/3517073_1984-09-10_2011.jpg,real,external_normalized,deepfakeface_sd15/real/73/3517073_1984-09-10_2011.jpg,0.5212823152542114,0.8184424042701721,0,hybrid,external_test,source_video_disjoint_v1,lowpass_0.1,ffpp_validation_checkpoint,dc728c791e4897a7eabff57cb9a9d5988224c88eea3e4c57bfbba32a2a0bd8e5
247,C:\Users\Rohith Syam\Documents\UTS SEMESTER 3\image processing\idea 2\outputs\generalization_upgrade\02_external_bias_audit\normalized_external\real\73\36499973_1985-09-06_2011.jpg,0,73/36499973_1985-09-06_2011.jpg,real,external_normalized,deepfakeface_sd15/real/73/36499973_1985-09-06_2011.jpg,0.3533151149749756,0.8184424042701721,0,hybrid,external_test,source_video_disjoint_v1,lowpass_0.1,ffpp_validation_checkpoint,dc728c791e4897a7eabff57cb9a9d5988224c88eea3e4c57bfbba32a2a0bd8e5
248,C:\Users\Rohith Syam\Documents\UTS SEMESTER 3\image processing\idea 2\outputs\generalization_upgrade\02_external_bias_audit\normalized_external\real\73\37985373_1988-12-05_2014.jpg,0,73/37985373_1988-12-05_2014.jpg,real,external_normalized,deepfakeface_sd15/real/73/37985373_1988-12-05_2014.jpg,0.9997078776359558,0.8184424042701721,1,hybrid,external_test,source_video_disjoint_v1,lowpass_0.1,ffpp_validation_checkpoint,dc728c791e4897a7eabff57cb9a9d5988224c88eea3e4c57bfbba32a2a0bd8e5
249,C:\Users\Rohith Syam\Documents\UTS SEMESTER 3\image processing\idea 2\outputs\generalization_upgrade\02_external_bias_audit\normalized_external\real\73\38089073_1988-06-26_2014.jpg,0,73/38089073_1988-06-26_2014.jpg,real,external_normalized,deepfakeface_sd15/real/73/38089073_1988-06-26_2014.jpg,0.9994397759437561,0.8184424042701721,1,hybrid,external_test,source_video_disjoint_v1,lowpass_0.1,ffpp_validation_checkpoint,dc728c791e4897a7eabff57cb9a9d5988224c88eea3e4c57bfbba32a2a0bd8e5
250,C:\Users\Rohith Syam\Documents\UTS SEMESTER 3\image processing\idea 2\outputs\generalization_upgrade\02_external_bias_audit\normalized_external\real\73\41639973_1876-12-25_1940.jpg,0,73/41639973_1876-12-25_1940.jpg,real,external_normalized,deepfakeface_sd15/real/73/41639973_1876-12-25_1940.jpg,0.9006222486495972,0.8184424042701721,1,hybrid,external_test,source_video_disjoint_v1,lowpass_0.1,ffpp_validation_checkpoint,dc728c791e4897a7eabff57cb9a9d5988224c88eea3e4c57bfbba32a2a0bd8e5
251,C:\Users\Rohith Syam\Documents\UTS SEMESTER 3\image processing\idea 2\outputs\generalization_upgrade\02_external_bias_audit\normalized_external\real\73\46452873_1906-12-20_1945.jpg,0,73/46452873_1906-12-20_1945.jpg,real,external_normalized,deepfakeface_sd15/real/73/46452873_1906-12-20_1945.jpg,0.1413974016904831,0.8184424042701721,0,hybrid,external_test,source_video_disjoint_v1,lowpass_0.1,ffpp_validation_checkpoint,dc728c791e4897a7eabff57cb9a9d5988224c88eea3e4c57bfbba32a2a0bd8e5
252,C:\Users\Rohith Syam\Documents\UTS SEMESTER 3\image processing\idea 2\outputs\generalization_upgrade\02_external_bias_audit\normalized_external\real\73\479273_1985-12-08_2014.jpg,0,73/479273_1985-12-08_2014.jpg,real,external_normalized,deepfakeface_sd15/real/73/479273_1985-12-08_2014.jpg,0.9195961952209473,0.8184424042701721,1,hybrid,external_test,source_video_disjoint_v1,lowpass_0.1,ffpp_validation_checkpoint,dc728c791e4897a7eabff57cb9a9d5988224c88eea3e4c57bfbba32a2a0bd8e5
253,C:\Users\Rohith Syam\Documents\UTS SEMESTER 3\image processing\idea 2\outputs\generalization_upgrade\02_external_bias_audit\normalized_external\real\73\502973_1958-03-25_2012.jpg,0,73/502973_1958-03-25_2012.jpg,real,external_normalized,deepfakeface_sd15/real/73/502973_1958-03-25_2012.jpg,0.761326014995575,0.8184424042701721,0,hybrid,external_test,source_video_disjoint_v1,lowpass_0.1,ffpp_validation_checkpoint,dc728c791e4897a7eabff57cb9a9d5988224c88eea3e4c57bfbba32a2a0bd8e5
254,C:\Users\Rohith Syam\Documents\UTS SEMESTER 3\image processing\idea 2\outputs\generalization_upgrade\02_external_bias_audit\normalized_external\real\73\5332173_1935-09-06_2008.jpg,0,73/5332173_1935-09-06_2008.jpg,real,external_normalized,deepfakeface_sd15/real/73/5332173_1935-09-06_2008.jpg,0.1910821795463562,0.8184424042701721,0,hybrid,external_test,source_video_disjoint_v1,lowpass_0.1,ffpp_validation_checkpoint,dc728c791e4897a7eabff57cb9a9d5988224c88eea3e4c57bfbba32a2a0bd8e5
255,C:\Users\Rohith Syam\Documents\UTS SEMESTER 3\image processing\idea 2\outputs\generalization_upgrade\02_external_bias_audit\normalized_external\real\73\666973_1960-09-19_2005.jpg,0,73/666973_1960-09-19_2005.jpg,real,external_normalized,deepfakeface_sd15/real/73/666973_1960-09-19_2005.jpg,0.7760939002037048,0.8184424042701721,0,hybrid,external_test,source_video_disjoint_v1,lowpass_0.1,ffpp_validation_checkpoint,dc728c791e4897a7eabff57cb9a9d5988224c88eea3e4c57bfbba32a2a0bd8e5
256,C:\Users\Rohith Syam\Documents\UTS SEMESTER 3\image processing\idea 2\outputs\generalization_upgrade\02_external_bias_audit\normalized_external\real\73\9311273_1979-08-24_2010.jpg,0,73/9311273_1979-08-24_2010.jpg,real,external_normalized,deepfakeface_sd15/real/73/9311273_1979-08-24_2010.jpg,0.3518500328063965,0.8184424042701721,0,hybrid,external_test,source_video_disjoint_v1,lowpass_0.1,ffpp_validation_checkpoint,dc728c791e4897a7eabff57cb9a9d5988224c88eea3e4c57bfbba32a2a0bd8e5
257,C:\Users\Rohith Syam\Documents\UTS SEMESTER 3\image processing\idea 2\outputs\generalization_upgrade\02_external_bias_audit\normalized_external\real\80\2798180_1985-12-19_2014.jpg,0,80/2798180_1985-12-19_2014.jpg,real,external_normalized,deepfakeface_sd15/real/80/2798180_1985-12-19_2014.jpg,0.4022943079471588,0.8184424042701721,0,hybrid,external_test,source_video_disjoint_v1,lowpass_0.1,ffpp_validation_checkpoint,dc728c791e4897a7eabff57cb9a9d5988224c88eea3e4c57bfbba32a2a0bd8e5
258,C:\Users\Rohith Syam\Documents\UTS SEMESTER 3\image processing\idea 2\outputs\generalization_upgrade\02_external_bias_audit\normalized_external\real\80\6049880_1985-02-26_2013.jpg,0,80/6049880_1985-02-26_2013.jpg,real,external_normalized,deepfakeface_sd15/real/80/6049880_1985-02-26_2013.jpg,0.8208421468734741,0.8184424042701721,1,hybrid,external_test,source_video_disjoint_v1,lowpass_0.1,ffpp_validation_checkpoint,dc728c791e4897a7eabff57cb9a9d5988224c88eea3e4c57bfbba32a2a0bd8e5
259,C:\Users\Rohith Syam\Documents\UTS SEMESTER 3\image processing\idea 2\outputs\generalization_upgrade\02_external_bias_audit\normalized_external\real\80\9076080_1971-09-21_2011.jpg,0,80/9076080_1971-09-21_2011.jpg,real,external_normalized,deepfakeface_sd15/real/80/9076080_1971-09-21_2011.jpg,0.32241082191467285,0.8184424042701721,0,hybrid,external_test,source_video_disjoint_v1,lowpass_0.1,ffpp_validation_checkpoint,dc728c791e4897a7eabff57cb9a9d5988224c88eea3e4c57bfbba32a2a0bd8e5
260,C:\Users\Rohith Syam\Documents\UTS SEMESTER 3\image processing\idea 2\outputs\generalization_upgrade\02_external_bias_audit\normalized_external\real\98\10760998_1937-01-14_1968.jpg,0,98/10760998_1937-01-14_1968.jpg,real,external_normalized,deepfakeface_sd15/real/98/10760998_1937-01-14_1968.jpg,0.6649351716041565,0.8184424042701721,0,hybrid,external_test,source_video_disjoint_v1,lowpass_0.1,ffpp_validation_checkpoint,dc728c791e4897a7eabff57cb9a9d5988224c88eea3e4c57bfbba32a2a0bd8e5
261,C:\Users\Rohith Syam\Documents\UTS SEMESTER 3\image processing\idea 2\outputs\generalization_upgrade\02_external_bias_audit\normalized_external\real\98\13664298_1989-04-27_2014.jpg,0,98/13664298_1989-04-27_2014.jpg,real,external_normalized,deepfakeface_sd15/real/98/13664298_1989-04-27_2014.jpg,0.9866049885749817,0.8184424042701721,1,hybrid,external_test,source_video_disjoint_v1,lowpass_0.1,ffpp_validation_checkpoint,dc728c791e4897a7eabff57cb9a9d5988224c88eea3e4c57bfbba32a2a0bd8e5
262,C:\Users\Rohith Syam\Documents\UTS SEMESTER 3\image processing\idea 2\outputs\generalization_upgrade\02_external_bias_audit\normalized_external\real\98\14073598_1892-03-06_1943.jpg,0,98/14073598_1892-03-06_1943.jpg,real,external_normalized,deepfakeface_sd15/real/98/14073598_1892-03-06_1943.jpg,0.3538733422756195,0.8184424042701721,0,hybrid,external_test,source_video_disjoint_v1,lowpass_0.1,ffpp_validation_checkpoint,dc728c791e4897a7eabff57cb9a9d5988224c88eea3e4c57bfbba32a2a0bd8e5
263,C:\Users\Rohith Syam\Documents\UTS SEMESTER 3\image processing\idea 2\outputs\generalization_upgrade\02_external_bias_audit\normalized_external\real\98\142698_1939-09-01_2014.jpg,0,98/142698_1939-09-01_2014.jpg,real,external_normalized,deepfakeface_sd15/real/98/142698_1939-09-01_2014.jpg,0.7430968880653381,0.8184424042701721,0,hybrid,external_test,source_video_disjoint_v1,lowpass_0.1,ffpp_validation_checkpoint,dc728c791e4897a7eabff57cb9a9d5988224c88eea3e4c57bfbba32a2a0bd8e5
264,C:\Users\Rohith Syam\Documents\UTS SEMESTER 3\image processing\idea 2\outputs\generalization_upgrade\02_external_bias_audit\normalized_external\real\98\15230998_1983-01-10_2007.jpg,0,98/15230998_1983-01-10_2007.jpg,real,external_normalized,deepfakeface_sd15/real/98/15230998_1983-01-10_2007.jpg,0.8691591024398804,0.8184424042701721,1,hybrid,external_test,source_video_disjoint_v1,lowpass_0.1,ffpp_validation_checkpoint,dc728c791e4897a7eabff57cb9a9d5988224c88eea3e4c57bfbba32a2a0bd8e5
265,C:\Users\Rohith Syam\Documents\UTS SEMESTER 3\image processing\idea 2\outputs\generalization_upgrade\02_external_bias_audit\normalized_external\real\98\176998_1933-08-16_1965.jpg,0,98/176998_1933-08-16_1965.jpg,real,external_normalized,deepfakeface_sd15/real/98/176998_1933-08-16_1965.jpg,0.24815136194229126,0.8184424042701721,0,hybrid,external_test,source_video_disjoint_v1,lowpass_0.1,ffpp_validation_checkpoint,dc728c791e4897a7eabff57cb9a9d5988224c88eea3e4c57bfbba32a2a0bd8e5
266,C:\Users\Rohith Syam\Documents\UTS SEMESTER 3\image processing\idea 2\outputs\generalization_upgrade\02_external_bias_audit\normalized_external\real\98\22298398_1962-09-19_2011.jpg,0,98/22298398_1962-09-19_2011.jpg,real,external_normalized,deepfakeface_sd15/real/98/22298398_1962-09-19_2011.jpg,0.6564369797706604,0.8184424042701721,0,hybrid,external_test,source_video_disjoint_v1,lowpass_0.1,ffpp_validation_checkpoint,dc728c791e4897a7eabff57cb9a9d5988224c88eea3e4c57bfbba32a2a0bd8e5
267,C:\Users\Rohith Syam\Documents\UTS SEMESTER 3\image processing\idea 2\outputs\generalization_upgrade\02_external_bias_audit\normalized_external\real\98\23428298_1982-12-22_2009.jpg,0,98/23428298_1982-12-22_2009.jpg,real,external_normalized,deepfakeface_sd15/real/98/23428298_1982-12-22_2009.jpg,0.8304803967475891,0.8184424042701721,1,hybrid,external_test,source_video_disjoint_v1,lowpass_0.1,ffpp_validation_checkpoint,dc728c791e4897a7eabff57cb9a9d5988224c88eea3e4c57bfbba32a2a0bd8e5
268,C:\Users\Rohith Syam\Documents\UTS SEMESTER 3\image processing\idea 2\outputs\generalization_upgrade\02_external_bias_audit\normalized_external\real\98\23560198_1992-06-20_2014.jpg,0,98/23560198_1992-06-20_2014.jpg,real,external_normalized,deepfakeface_sd15/real/98/23560198_1992-06-20_2014.jpg,0.6661515235900879,0.8184424042701721,0,hybrid,external_test,source_video_disjoint_v1,lowpass_0.1,ffpp_validation_checkpoint,dc728c791e4897a7eabff57cb9a9d5988224c88eea3e4c57bfbba32a2a0bd8e5
269,C:\Users\Rohith Syam\Documents\UTS SEMESTER 3\image processing\idea 2\outputs\generalization_upgrade\02_external_bias_audit\normalized_external\real\98\25616698_1980-08-12_2012.jpg,0,98/25616698_1980-08-12_2012.jpg,real,external_normalized,deepfakeface_sd15/real/98/25616698_1980-08-12_2012.jpg,0.48600107431411743,0.8184424042701721,0,hybrid,external_test,source_video_disjoint_v1,lowpass_0.1,ffpp_validation_checkpoint,dc728c791e4897a7eabff57cb9a9d5988224c88eea3e4c57bfbba32a2a0bd8e5
270,C:\Users\Rohith Syam\Documents\UTS SEMESTER 3\image processing\idea 2\outputs\generalization_upgrade\02_external_bias_audit\normalized_external\real\98\25980298_1980-07-05_2013.jpg,0,98/25980298_1980-07-05_2013.jpg,real,external_normalized,deepfakeface_sd15/real/98/25980298_1980-07-05_2013.jpg,0.9901955723762512,0.8184424042701721,1,hybrid,external_test,source_video_disjoint_v1,lowpass_0.1,ffpp_validation_checkpoint,dc728c791e4897a7eabff57cb9a9d5988224c88eea3e4c57bfbba32a2a0bd8e5
271,C:\Users\Rohith Syam\Documents\UTS SEMESTER 3\image processing\idea 2\outputs\generalization_upgrade\02_external_bias_audit\normalized_external\real\98\2705698_1958-12-06_2007.jpg,0,98/2705698_1958-12-06_2007.jpg,real,external_normalized,deepfakeface_sd15/real/98/2705698_1958-12-06_2007.jpg,0.06536560505628586,0.8184424042701721,0,hybrid,external_test,source_video_disjoint_v1,lowpass_0.1,ffpp_validation_checkpoint,dc728c791e4897a7eabff57cb9a9d5988224c88eea3e4c57bfbba32a2a0bd8e5
272,C:\Users\Rohith Syam\Documents\UTS SEMESTER 3\image processing\idea 2\outputs\generalization_upgrade\02_external_bias_audit\normalized_external\real\98\27687598_1957-10-28_2009.jpg,0,98/27687598_1957-10-28_2009.jpg,real,external_normalized,deepfakeface_sd15/real/98/27687598_1957-10-28_2009.jpg,0.9446372985839844,0.8184424042701721,1,hybrid,external_test,source_video_disjoint_v1,lowpass_0.1,ffpp_validation_checkpoint,dc728c791e4897a7eabff57cb9a9d5988224c88eea3e4c57bfbba32a2a0bd8e5
273,C:\Users\Rohith Syam\Documents\UTS SEMESTER 3\image processing\idea 2\outputs\generalization_upgrade\02_external_bias_audit\normalized_external\real\98\30789098_1986-05-13_2012.jpg,0,98/30789098_1986-05-13_2012.jpg,real,external_normalized,deepfakeface_sd15/real/98/30789098_1986-05-13_2012.jpg,0.9784507751464844,0.8184424042701721,1,hybrid,external_test,source_video_disjoint_v1,lowpass_0.1,ffpp_validation_checkpoint,dc728c791e4897a7eabff57cb9a9d5988224c88eea3e4c57bfbba32a2a0bd8e5
274,C:\Users\Rohith Syam\Documents\UTS SEMESTER 3\image processing\idea 2\outputs\generalization_upgrade\02_external_bias_audit\normalized_external\real\98\32664798_1990-03-03_2014.jpg,0,98/32664798_1990-03-03_2014.jpg,real,external_normalized,deepfakeface_sd15/real/98/32664798_1990-03-03_2014.jpg,0.4412083923816681,0.8184424042701721,0,hybrid,external_test,source_video_disjoint_v1,lowpass_0.1,ffpp_validation_checkpoint,dc728c791e4897a7eabff57cb9a9d5988224c88eea3e4c57bfbba32a2a0bd8e5
275,C:\Users\Rohith Syam\Documents\UTS SEMESTER 3\image processing\idea 2\outputs\generalization_upgrade\02_external_bias_audit\normalized_external\real\98\3604398_1981-06-16_2012.jpg,0,98/3604398_1981-06-16_2012.jpg,real,external_normalized,deepfakeface_sd15/real/98/3604398_1981-06-16_2012.jpg,0.7834151983261108,0.8184424042701721,0,hybrid,external_test,source_video_disjoint_v1,lowpass_0.1,ffpp_validation_checkpoint,dc728c791e4897a7eabff57cb9a9d5988224c88eea3e4c57bfbba32a2a0bd8e5
276,C:\Users\Rohith Syam\Documents\UTS SEMESTER 3\image processing\idea 2\outputs\generalization_upgrade\02_external_bias_audit\normalized_external\real\98\40219898_1975-03-11_2013.jpg,0,98/40219898_1975-03-11_2013.jpg,real,external_normalized,deepfakeface_sd15/real/98/40219898_1975-03-11_2013.jpg,0.9485631585121155,0.8184424042701721,1,hybrid,external_test,source_video_disjoint_v1,lowpass_0.1,ffpp_validation_checkpoint,dc728c791e4897a7eabff57cb9a9d5988224c88eea3e4c57bfbba32a2a0bd8e5
277,C:\Users\Rohith Syam\Documents\UTS SEMESTER 3\image processing\idea 2\outputs\generalization_upgrade\02_external_bias_audit\normalized_external\real\98\40883698_1972-01-26_2014.jpg,0,98/40883698_1972-01-26_2014.jpg,real,external_normalized,deepfakeface_sd15/real/98/40883698_1972-01-26_2014.jpg,0.061513565480709076,0.8184424042701721,0,hybrid,external_test,source_video_disjoint_v1,lowpass_0.1,ffpp_validation_checkpoint,dc728c791e4897a7eabff57cb9a9d5988224c88eea3e4c57bfbba32a2a0bd8e5
278,C:\Users\Rohith Syam\Documents\UTS SEMESTER 3\image processing\idea 2\outputs\generalization_upgrade\02_external_bias_audit\normalized_external\real\98\4276598_1950-10-14_1975.jpg,0,98/4276598_1950-10-14_1975.jpg,real,external_normalized,deepfakeface_sd15/real/98/4276598_1950-10-14_1975.jpg,0.8109772205352783,0.8184424042701721,0,hybrid,external_test,source_video_disjoint_v1,lowpass_0.1,ffpp_validation_checkpoint,dc728c791e4897a7eabff57cb9a9d5988224c88eea3e4c57bfbba32a2a0bd8e5
279,C:\Users\Rohith Syam\Documents\UTS SEMESTER 3\image processing\idea 2\outputs\generalization_upgrade\02_external_bias_audit\normalized_external\real\98\45298998_1988-08-17_2012.jpg,0,98/45298998_1988-08-17_2012.jpg,real,external_normalized,deepfakeface_sd15/real/98/45298998_1988-08-17_2012.jpg,0.9613415002822876,0.8184424042701721,1,hybrid,external_test,source_video_disjoint_v1,lowpass_0.1,ffpp_validation_checkpoint,dc728c791e4897a7eabff57cb9a9d5988224c88eea3e4c57bfbba32a2a0bd8e5
280,C:\Users\Rohith Syam\Documents\UTS SEMESTER 3\image processing\idea 2\outputs\generalization_upgrade\02_external_bias_audit\normalized_external\real\98\4691798_1977-09-15_2005.jpg,0,98/4691798_1977-09-15_2005.jpg,real,external_normalized,deepfakeface_sd15/real/98/4691798_1977-09-15_2005.jpg,0.6931567192077637,0.8184424042701721,0,hybrid,external_test,source_video_disjoint_v1,lowpass_0.1,ffpp_validation_checkpoint,dc728c791e4897a7eabff57cb9a9d5988224c88eea3e4c57bfbba32a2a0bd8e5
281,C:\Users\Rohith Syam\Documents\UTS SEMESTER 3\image processing\idea 2\outputs\generalization_upgrade\02_external_bias_audit\normalized_external\real\98\46974698_1942-02-22_1968.jpg,0,98/46974698_1942-02-22_1968.jpg,real,external_normalized,deepfakeface_sd15/real/98/46974698_1942-02-22_1968.jpg,0.5947622656822205,0.8184424042701721,0,hybrid,external_test,source_video_disjoint_v1,lowpass_0.1,ffpp_validation_checkpoint,dc728c791e4897a7eabff57cb9a9d5988224c88eea3e4c57bfbba32a2a0bd8e5
282,C:\Users\Rohith Syam\Documents\UTS SEMESTER 3\image processing\idea 2\outputs\generalization_upgrade\02_external_bias_audit\normalized_external\real\98\577798_1933-12-08_1969.jpg,0,98/577798_1933-12-08_1969.jpg,real,external_normalized,deepfakeface_sd15/real/98/577798_1933-12-08_1969.jpg,0.37799161672592163,0.8184424042701721,0,hybrid,external_test,source_video_disjoint_v1,lowpass_0.1,ffpp_validation_checkpoint,dc728c791e4897a7eabff57cb9a9d5988224c88eea3e4c57bfbba32a2a0bd8e5
283,C:\Users\Rohith Syam\Documents\UTS SEMESTER 3\image processing\idea 2\outputs\generalization_upgrade\02_external_bias_audit\normalized_external\real\98\591698_1968-01-15_2000.jpg,0,98/591698_1968-01-15_2000.jpg,real,external_normalized,deepfakeface_sd15/real/98/591698_1968-01-15_2000.jpg,0.7889158725738525,0.8184424042701721,0,hybrid,external_test,source_video_disjoint_v1,lowpass_0.1,ffpp_validation_checkpoint,dc728c791e4897a7eabff57cb9a9d5988224c88eea3e4c57bfbba32a2a0bd8e5
284,C:\Users\Rohith Syam\Documents\UTS SEMESTER 3\image processing\idea 2\outputs\generalization_upgrade\02_external_bias_audit\normalized_external\real\98\609598_1929-11-08_2007.jpg,0,98/609598_1929-11-08_2007.jpg,real,external_normalized,deepfakeface_sd15/real/98/609598_1929-11-08_2007.jpg,0.9829986691474915,0.8184424042701721,1,hybrid,external_test,source_video_disjoint_v1,lowpass_0.1,ffpp_validation_checkpoint,dc728c791e4897a7eabff57cb9a9d5988224c88eea3e4c57bfbba32a2a0bd8e5
285,C:\Users\Rohith Syam\Documents\UTS SEMESTER 3\image processing\idea 2\outputs\generalization_upgrade\02_external_bias_audit\normalized_external\real\98\6548698_1964-02-27_2010.jpg,0,98/6548698_1964-02-27_2010.jpg,real,external_normalized,deepfakeface_sd15/real/98/6548698_1964-02-27_2010.jpg,0.8064818978309631,0.8184424042701721,0,hybrid,external_test,source_video_disjoint_v1,lowpass_0.1,ffpp_validation_checkpoint,dc728c791e4897a7eabff57cb9a9d5988224c88eea3e4c57bfbba32a2a0bd8e5
286,C:\Users\Rohith Syam\Documents\UTS SEMESTER 3\image processing\idea 2\outputs\generalization_upgrade\02_external_bias_audit\normalized_external\real\98\670098_1974-07-29_2009.jpg,0,98/670098_1974-07-29_2009.jpg,real,external_normalized,deepfakeface_sd15/real/98/670098_1974-07-29_2009.jpg,0.9626662135124207,0.8184424042701721,1,hybrid,external_test,source_video_disjoint_v1,lowpass_0.1,ffpp_validation_checkpoint,dc728c791e4897a7eabff57cb9a9d5988224c88eea3e4c57bfbba32a2a0bd8e5
287,C:\Users\Rohith Syam\Documents\UTS SEMESTER 3\image processing\idea 2\outputs\generalization_upgrade\02_external_bias_audit\normalized_external\real\98\6808898_1936-01-17_2012.jpg,0,98/6808898_1936-01-17_2012.jpg,real,external_normalized,deepfakeface_sd15/real/98/6808898_1936-01-17_2012.jpg,0.9696232080459595,0.8184424042701721,1,hybrid,external_test,source_video_disjoint_v1,lowpass_0.1,ffpp_validation_checkpoint,dc728c791e4897a7eabff57cb9a9d5988224c88eea3e4c57bfbba32a2a0bd8e5
288,C:\Users\Rohith Syam\Documents\UTS SEMESTER 3\image processing\idea 2\outputs\generalization_upgrade\02_external_bias_audit\normalized_external\fake\00\12596800_1920-10-18_1955.jpg,1,00/12596800_1920-10-18_1955.jpg,StableDiffusion_v1_5,external_normalized,deepfakeface_sd15/fake/00/12596800_1920-10-18_1955.jpg,0.7810456156730652,0.8184424042701721,0,hybrid,external_test,source_video_disjoint_v1,lowpass_0.1,ffpp_validation_checkpoint,dc728c791e4897a7eabff57cb9a9d5988224c88eea3e4c57bfbba32a2a0bd8e5
289,C:\Users\Rohith Syam\Documents\UTS SEMESTER 3\image processing\idea 2\outputs\generalization_upgrade\02_external_bias_audit\normalized_external\fake\00\15550600_1973-11-01_2000.jpg,1,00/15550600_1973-11-01_2000.jpg,StableDiffusion_v1_5,external_normalized,deepfakeface_sd15/fake/00/15550600_1973-11-01_2000.jpg,0.9455043077468872,0.8184424042701721,1,hybrid,external_test,source_video_disjoint_v1,lowpass_0.1,ffpp_validation_checkpoint,dc728c791e4897a7eabff57cb9a9d5988224c88eea3e4c57bfbba32a2a0bd8e5
290,C:\Users\Rohith Syam\Documents\UTS SEMESTER 3\image processing\idea 2\outputs\generalization_upgrade\02_external_bias_audit\normalized_external\fake\00\18407100_1917-10-18_1958.jpg,1,00/18407100_1917-10-18_1958.jpg,StableDiffusion_v1_5,external_normalized,deepfakeface_sd15/fake/00/18407100_1917-10-18_1958.jpg,0.8436692357063293,0.8184424042701721,1,hybrid,external_test,source_video_disjoint_v1,lowpass_0.1,ffpp_validation_checkpoint,dc728c791e4897a7eabff57cb9a9d5988224c88eea3e4c57bfbba32a2a0bd8e5
291,C:\Users\Rohith Syam\Documents\UTS SEMESTER 3\image processing\idea 2\outputs\generalization_upgrade\02_external_bias_audit\normalized_external\fake\00\23804200_1950-03-31_2013.jpg,1,00/23804200_1950-03-31_2013.jpg,StableDiffusion_v1_5,external_normalized,deepfakeface_sd15/fake/00/23804200_1950-03-31_2013.jpg,0.9908355474472046,0.8184424042701721,1,hybrid,external_test,source_video_disjoint_v1,lowpass_0.1,ffpp_validation_checkpoint,dc728c791e4897a7eabff57cb9a9d5988224c88eea3e4c57bfbba32a2a0bd8e5
292,C:\Users\Rohith Syam\Documents\UTS SEMESTER 3\image processing\idea 2\outputs\generalization_upgrade\02_external_bias_audit\normalized_external\fake\00\2540500_1970-10-10_2008.jpg,1,00/2540500_1970-10-10_2008.jpg,StableDiffusion_v1_5,external_normalized,deepfakeface_sd15/fake/00/2540500_1970-10-10_2008.jpg,0.9689294099807739,0.8184424042701721,1,hybrid,external_test,source_video_disjoint_v1,lowpass_0.1,ffpp_validation_checkpoint,dc728c791e4897a7eabff57cb9a9d5988224c88eea3e4c57bfbba32a2a0bd8e5
293,C:\Users\Rohith Syam\Documents\UTS SEMESTER 3\image processing\idea 2\outputs\generalization_upgrade\02_external_bias_audit\normalized_external\fake\00\2669900_1933-07-29_1968.jpg,1,00/2669900_1933-07-29_1968.jpg,StableDiffusion_v1_5,external_normalized,deepfakeface_sd15/fake/00/2669900_1933-07-29_1968.jpg,0.6262015104293823,0.8184424042701721,0,hybrid,external_test,source_video_disjoint_v1,lowpass_0.1,ffpp_validation_checkpoint,dc728c791e4897a7eabff57cb9a9d5988224c88eea3e4c57bfbba32a2a0bd8e5
294,C:\Users\Rohith Syam\Documents\UTS SEMESTER 3\image processing\idea 2\outputs\generalization_upgrade\02_external_bias_audit\normalized_external\fake\00\26771200_1988-08-13_2009.jpg,1,00/26771200_1988-08-13_2009.jpg,StableDiffusion_v1_5,external_normalized,deepfakeface_sd15/fake/00/26771200_1988-08-13_2009.jpg,0.6544507145881653,0.8184424042701721,0,hybrid,external_test,source_video_disjoint_v1,lowpass_0.1,ffpp_validation_checkpoint,dc728c791e4897a7eabff57cb9a9d5988224c88eea3e4c57bfbba32a2a0bd8e5
295,C:\Users\Rohith Syam\Documents\UTS SEMESTER 3\image processing\idea 2\outputs\generalization_upgrade\02_external_bias_audit\normalized_external\fake\00\2690900_1963-03-12_2010.jpg,1,00/2690900_1963-03-12_2010.jpg,StableDiffusion_v1_5,external_normalized,deepfakeface_sd15/fake/00/2690900_1963-03-12_2010.jpg,0.6463183760643005,0.8184424042701721,0,hybrid,external_test,source_video_disjoint_v1,lowpass_0.1,ffpp_validation_checkpoint,dc728c791e4897a7eabff57cb9a9d5988224c88eea3e4c57bfbba32a2a0bd8e5
296,C:\Users\Rohith Syam\Documents\UTS SEMESTER 3\image processing\idea 2\outputs\generalization_upgrade\02_external_bias_audit\normalized_external\fake\00\28476500_1938-06-12_1959.jpg,1,00/28476500_1938-06-12_1959.jpg,StableDiffusion_v1_5,external_normalized,deepfakeface_sd15/fake/00/28476500_1938-06-12_1959.jpg,0.9428115487098694,0.8184424042701721,1,hybrid,external_test,source_video_disjoint_v1,lowpass_0.1,ffpp_validation_checkpoint,dc728c791e4897a7eabff57cb9a9d5988224c88eea3e4c57bfbba32a2a0bd8e5
297,C:\Users\Rohith Syam\Documents\UTS SEMESTER 3\image processing\idea 2\outputs\generalization_upgrade\02_external_bias_audit\normalized_external\fake\00\28886000_1928-01-17_2009.jpg,1,00/28886000_1928-01-17_2009.jpg,StableDiffusion_v1_5,external_normalized,deepfakeface_sd15/fake/00/28886000_1928-01-17_2009.jpg,0.727558434009552,0.8184424042701721,0,hybrid,external_test,source_video_disjoint_v1,lowpass_0.1,ffpp_validation_checkpoint,dc728c791e4897a7eabff57cb9a9d5988224c88eea3e4c57bfbba32a2a0bd8e5
298,C:\Users\Rohith Syam\Documents\UTS SEMESTER 3\image processing\idea 2\outputs\generalization_upgrade\02_external_bias_audit\normalized_external\fake\00\3293900_1973-09-23_2004.jpg,1,00/3293900_1973-09-23_2004.jpg,StableDiffusion_v1_5,external_normalized,deepfakeface_sd15/fake/00/3293900_1973-09-23_2004.jpg,0.6351200938224792,0.8184424042701721,0,hybrid,external_test,source_video_disjoint_v1,lowpass_0.1,ffpp_validation_checkpoint,dc728c791e4897a7eabff57cb9a9d5988224c88eea3e4c57bfbba32a2a0bd8e5
299,C:\Users\Rohith Syam\Documents\UTS SEMESTER 3\image processing\idea 2\outputs\generalization_upgrade\02_external_bias_audit\normalized_external\fake\00\34199700_1921-05-23_1946.jpg,1,00/34199700_1921-05-23_1946.jpg,StableDiffusion_v1_5,external_normalized,deepfakeface_sd15/fake/00/34199700_1921-05-23_1946.jpg,0.11144188791513443,0.8184424042701721,0,hybrid,external_test,source_video_disjoint_v1,lowpass_0.1,ffpp_validation_checkpoint,dc728c791e4897a7eabff57cb9a9d5988224c88eea3e4c57bfbba32a2a0bd8e5
300,C:\Users\Rohith Syam\Documents\UTS SEMESTER 3\image processing\idea 2\outputs\generalization_upgrade\02_external_bias_audit\normalized_external\fake\00\34316600_1994-11-15_2013.jpg,1,00/34316600_1994-11-15_2013.jpg,StableDiffusion_v1_5,external_normalized,deepfakeface_sd15/fake/00/34316600_1994-11-15_2013.jpg,0.9484193325042725,0.8184424042701721,1,hybrid,external_test,source_video_disjoint_v1,lowpass_0.1,ffpp_validation_checkpoint,dc728c791e4897a7eabff57cb9a9d5988224c88eea3e4c57bfbba32a2a0bd8e5
301,C:\Users\Rohith Syam\Documents\UTS SEMESTER 3\image processing\idea 2\outputs\generalization_upgrade\02_external_bias_audit\normalized_external\fake\00\35360200_1996-11-01_2012.jpg,1,00/35360200_1996-11-01_2012.jpg,StableDiffusion_v1_5,external_normalized,deepfakeface_sd15/fake/00/35360200_1996-11-01_2012.jpg,0.8460325598716736,0.8184424042701721,1,hybrid,external_test,source_video_disjoint_v1,lowpass_0.1,ffpp_validation_checkpoint,dc728c791e4897a7eabff57cb9a9d5988224c88eea3e4c57bfbba32a2a0bd8e5
302,C:\Users\Rohith Syam\Documents\UTS SEMESTER 3\image processing\idea 2\outputs\generalization_upgrade\02_external_bias_audit\normalized_external\fake\00\36606300_1984-08-03_2014.jpg,1,00/36606300_1984-08-03_2014.jpg,StableDiffusion_v1_5,external_normalized,deepfakeface_sd15/fake/00/36606300_1984-08-03_2014.jpg,0.8938140869140625,0.8184424042701721,1,hybrid,external_test,source_video_disjoint_v1,lowpass_0.1,ffpp_validation_checkpoint,dc728c791e4897a7eabff57cb9a9d5988224c88eea3e4c57bfbba32a2a0bd8e5
303,C:\Users\Rohith Syam\Documents\UTS SEMESTER 3\image processing\idea 2\outputs\generalization_upgrade\02_external_bias_audit\normalized_external\fake\00\38882500_1940-10-04_1977.jpg,1,00/38882500_1940-10-04_1977.jpg,StableDiffusion_v1_5,external_normalized,deepfakeface_sd15/fake/00/38882500_1940-10-04_1977.jpg,0.7715343832969666,0.8184424042701721,0,hybrid,external_test,source_video_disjoint_v1,lowpass_0.1,ffpp_validation_checkpoint,dc728c791e4897a7eabff57cb9a9d5988224c88eea3e4c57bfbba32a2a0bd8e5
304,C:\Users\Rohith Syam\Documents\UTS SEMESTER 3\image processing\idea 2\outputs\generalization_upgrade\02_external_bias_audit\normalized_external\fake\00\3982800_1988-01-29_2012.jpg,1,00/3982800_1988-01-29_2012.jpg,StableDiffusion_v1_5,external_normalized,deepfakeface_sd15/fake/00/3982800_1988-01-29_2012.jpg,0.28164029121398926,0.8184424042701721,0,hybrid,external_test,source_video_disjoint_v1,lowpass_0.1,ffpp_validation_checkpoint,dc728c791e4897a7eabff57cb9a9d5988224c88eea3e4c57bfbba32a2a0bd8e5
305,C:\Users\Rohith Syam\Documents\UTS SEMESTER 3\image processing\idea 2\outputs\generalization_upgrade\02_external_bias_audit\normalized_external\fake\00\41835500_1992-05-12_2014.jpg,1,00/41835500_1992-05-12_2014.jpg,StableDiffusion_v1_5,external_normalized,deepfakeface_sd15/fake/00/41835500_1992-05-12_2014.jpg,0.8008060455322266,0.8184424042701721,0,hybrid,external_test,source_video_disjoint_v1,lowpass_0.1,ffpp_validation_checkpoint,dc728c791e4897a7eabff57cb9a9d5988224c88eea3e4c57bfbba32a2a0bd8e5
306,C:\Users\Rohith Syam\Documents\UTS SEMESTER 3\image processing\idea 2\outputs\generalization_upgrade\02_external_bias_audit\normalized_external\fake\00\4236500_1977-10-18_2005.jpg,1,00/4236500_1977-10-18_2005.jpg,StableDiffusion_v1_5,external_normalized,deepfakeface_sd15/fake/00/4236500_1977-10-18_2005.jpg,0.6763770580291748,0.8184424042701721,0,hybrid,external_test,source_video_disjoint_v1,lowpass_0.1,ffpp_validation_checkpoint,dc728c791e4897a7eabff57cb9a9d5988224c88eea3e4c57bfbba32a2a0bd8e5
307,C:\Users\Rohith Syam\Documents\UTS SEMESTER 3\image processing\idea 2\outputs\generalization_upgrade\02_external_bias_audit\normalized_external\fake\00\46667800_1978-03-16_2014.jpg,1,00/46667800_1978-03-16_2014.jpg,StableDiffusion_v1_5,external_normalized,deepfakeface_sd15/fake/00/46667800_1978-03-16_2014.jpg,0.9877810478210449,0.8184424042701721,1,hybrid,external_test,source_video_disjoint_v1,lowpass_0.1,ffpp_validation_checkpoint,dc728c791e4897a7eabff57cb9a9d5988224c88eea3e4c57bfbba32a2a0bd8e5
308,C:\Users\Rohith Syam\Documents\UTS SEMESTER 3\image processing\idea 2\outputs\generalization_upgrade\02_external_bias_audit\normalized_external\fake\00\5616200_1968-09-06_2006.jpg,1,00/5616200_1968-09-06_2006.jpg,StableDiffusion_v1_5,external_normalized,deepfakeface_sd15/fake/00/5616200_1968-09-06_2006.jpg,0.35356274247169495,0.8184424042701721,0,hybrid,external_test,source_video_disjoint_v1,lowpass_0.1,ffpp_validation_checkpoint,dc728c791e4897a7eabff57cb9a9d5988224c88eea3e4c57bfbba32a2a0bd8e5
309,C:\Users\Rohith Syam\Documents\UTS SEMESTER 3\image processing\idea 2\outputs\generalization_upgrade\02_external_bias_audit\normalized_external\fake\00\5751800_1950-09-09_2010.jpg,1,00/5751800_1950-09-09_2010.jpg,StableDiffusion_v1_5,external_normalized,deepfakeface_sd15/fake/00/5751800_1950-09-09_2010.jpg,0.14876379072666168,0.8184424042701721,0,hybrid,external_test,source_video_disjoint_v1,lowpass_0.1,ffpp_validation_checkpoint,dc728c791e4897a7eabff57cb9a9d5988224c88eea3e4c57bfbba32a2a0bd8e5
310,C:\Users\Rohith Syam\Documents\UTS SEMESTER 3\image processing\idea 2\outputs\generalization_upgrade\02_external_bias_audit\normalized_external\fake\00\67000_1947-05-13_2007.jpg,1,00/67000_1947-05-13_2007.jpg,StableDiffusion_v1_5,external_normalized,deepfakeface_sd15/fake/00/67000_1947-05-13_2007.jpg,0.9885146021842957,0.8184424042701721,1,hybrid,external_test,source_video_disjoint_v1,lowpass_0.1,ffpp_validation_checkpoint,dc728c791e4897a7eabff57cb9a9d5988224c88eea3e4c57bfbba32a2a0bd8e5
311,C:\Users\Rohith Syam\Documents\UTS SEMESTER 3\image processing\idea 2\outputs\generalization_upgrade\02_external_bias_audit\normalized_external\fake\00\7567200_1932-07-31_1966.jpg,1,00/7567200_1932-07-31_1966.jpg,StableDiffusion_v1_5,external_normalized,deepfakeface_sd15/fake/00/7567200_1932-07-31_1966.jpg,0.8703004717826843,0.8184424042701721,1,hybrid,external_test,source_video_disjoint_v1,lowpass_0.1,ffpp_validation_checkpoint,dc728c791e4897a7eabff57cb9a9d5988224c88eea3e4c57bfbba32a2a0bd8e5
312,C:\Users\Rohith Syam\Documents\UTS SEMESTER 3\image processing\idea 2\outputs\generalization_upgrade\02_external_bias_audit\normalized_external\fake\00\8222200_1941-05-15_1964.jpg,1,00/8222200_1941-05-15_1964.jpg,StableDiffusion_v1_5,external_normalized,deepfakeface_sd15/fake/00/8222200_1941-05-15_1964.jpg,0.8946113586425781,0.8184424042701721,1,hybrid,external_test,source_video_disjoint_v1,lowpass_0.1,ffpp_validation_checkpoint,dc728c791e4897a7eabff57cb9a9d5988224c88eea3e4c57bfbba32a2a0bd8e5
313,C:\Users\Rohith Syam\Documents\UTS SEMESTER 3\image processing\idea 2\outputs\generalization_upgrade\02_external_bias_audit\normalized_external\fake\00\836500_1977-03-04_2007.jpg,1,00/836500_1977-03-04_2007.jpg,StableDiffusion_v1_5,external_normalized,deepfakeface_sd15/fake/00/836500_1977-03-04_2007.jpg,0.9985820055007935,0.8184424042701721,1,hybrid,external_test,source_video_disjoint_v1,lowpass_0.1,ffpp_validation_checkpoint,dc728c791e4897a7eabff57cb9a9d5988224c88eea3e4c57bfbba32a2a0bd8e5
314,C:\Users\Rohith Syam\Documents\UTS SEMESTER 3\image processing\idea 2\outputs\generalization_upgrade\02_external_bias_audit\normalized_external\fake\00\9210500_1912-02-06_1942.jpg,1,00/9210500_1912-02-06_1942.jpg,StableDiffusion_v1_5,external_normalized,deepfakeface_sd15/fake/00/9210500_1912-02-06_1942.jpg,0.9998568296432495,0.8184424042701721,1,hybrid,external_test,source_video_disjoint_v1,lowpass_0.1,ffpp_validation_checkpoint,dc728c791e4897a7eabff57cb9a9d5988224c88eea3e4c57bfbba32a2a0bd8e5
315,C:\Users\Rohith Syam\Documents\UTS SEMESTER 3\image processing\idea 2\outputs\generalization_upgrade\02_external_bias_audit\normalized_external\fake\00\944600_1968-02-05_2006.jpg,1,00/944600_1968-02-05_2006.jpg,StableDiffusion_v1_5,external_normalized,deepfakeface_sd15/fake/00/944600_1968-02-05_2006.jpg,0.5383278131484985,0.8184424042701721,0,hybrid,external_test,source_video_disjoint_v1,lowpass_0.1,ffpp_validation_checkpoint,dc728c791e4897a7eabff57cb9a9d5988224c88eea3e4c57bfbba32a2a0bd8e5
316,C:\Users\Rohith Syam\Documents\UTS SEMESTER 3\image processing\idea 2\outputs\generalization_upgrade\02_external_bias_audit\normalized_external\fake\00\9801700_1969-10-11_2012.jpg,1,00/9801700_1969-10-11_2012.jpg,StableDiffusion_v1_5,external_normalized,deepfakeface_sd15/fake/00/9801700_1969-10-11_2012.jpg,0.9570547938346863,0.8184424042701721,1,hybrid,external_test,source_video_disjoint_v1,lowpass_0.1,ffpp_validation_checkpoint,dc728c791e4897a7eabff57cb9a9d5988224c88eea3e4c57bfbba32a2a0bd8e5
317,C:\Users\Rohith Syam\Documents\UTS SEMESTER 3\image processing\idea 2\outputs\generalization_upgrade\02_external_bias_audit\normalized_external\fake\02\4539602_1977-04-26_2010.jpg,1,02/4539602_1977-04-26_2010.jpg,StableDiffusion_v1_5,external_normalized,deepfakeface_sd15/fake/02/4539602_1977-04-26_2010.jpg,0.7621738910675049,0.8184424042701721,0,hybrid,external_test,source_video_disjoint_v1,lowpass_0.1,ffpp_validation_checkpoint,dc728c791e4897a7eabff57cb9a9d5988224c88eea3e4c57bfbba32a2a0bd8e5
318,C:\Users\Rohith Syam\Documents\UTS SEMESTER 3\image processing\idea 2\outputs\generalization_upgrade\02_external_bias_audit\normalized_external\fake\03\10970703_1984-05-21_2011.jpg,1,03/10970703_1984-05-21_2011.jpg,StableDiffusion_v1_5,external_normalized,deepfakeface_sd15/fake/03/10970703_1984-05-21_2011.jpg,0.61843341588974,0.8184424042701721,0,hybrid,external_test,source_video_disjoint_v1,lowpass_0.1,ffpp_validation_checkpoint,dc728c791e4897a7eabff57cb9a9d5988224c88eea3e4c57bfbba32a2a0bd8e5
319,C:\Users\Rohith Syam\Documents\UTS SEMESTER 3\image processing\idea 2\outputs\generalization_upgrade\02_external_bias_audit\normalized_external\fake\03\1142203_1949-03-03_2008.jpg,1,03/1142203_1949-03-03_2008.jpg,StableDiffusion_v1_5,external_normalized,deepfakeface_sd15/fake/03/1142203_1949-03-03_2008.jpg,0.9976957440376282,0.8184424042701721,1,hybrid,external_test,source_video_disjoint_v1,lowpass_0.1,ffpp_validation_checkpoint,dc728c791e4897a7eabff57cb9a9d5988224c88eea3e4c57bfbba32a2a0bd8e5
320,C:\Users\Rohith Syam\Documents\UTS SEMESTER 3\image processing\idea 2\outputs\generalization_upgrade\02_external_bias_audit\normalized_external\fake\03\13181303_1944-01-11_1971.jpg,1,03/13181303_1944-01-11_1971.jpg,StableDiffusion_v1_5,external_normalized,deepfakeface_sd15/fake/03/13181303_1944-01-11_1971.jpg,0.8607118725776672,0.8184424042701721,1,hybrid,external_test,source_video_disjoint_v1,lowpass_0.1,ffpp_validation_checkpoint,dc728c791e4897a7eabff57cb9a9d5988224c88eea3e4c57bfbba32a2a0bd8e5
321,C:\Users\Rohith Syam\Documents\UTS SEMESTER 3\image processing\idea 2\outputs\generalization_upgrade\02_external_bias_audit\normalized_external\fake\03\14926103_1928-01-13_1958.jpg,1,03/14926103_1928-01-13_1958.jpg,StableDiffusion_v1_5,external_normalized,deepfakeface_sd15/fake/03/14926103_1928-01-13_1958.jpg,0.6424486637115479,0.8184424042701721,0,hybrid,external_test,source_video_disjoint_v1,lowpass_0.1,ffpp_validation_checkpoint,dc728c791e4897a7eabff57cb9a9d5988224c88eea3e4c57bfbba32a2a0bd8e5
322,C:\Users\Rohith Syam\Documents\UTS SEMESTER 3\image processing\idea 2\outputs\generalization_upgrade\02_external_bias_audit\normalized_external\fake\03\16103_1907-05-26_1965.jpg,1,03/16103_1907-05-26_1965.jpg,StableDiffusion_v1_5,external_normalized,deepfakeface_sd15/fake/03/16103_1907-05-26_1965.jpg,0.6049410104751587,0.8184424042701721,0,hybrid,external_test,source_video_disjoint_v1,lowpass_0.1,ffpp_validation_checkpoint,dc728c791e4897a7eabff57cb9a9d5988224c88eea3e4c57bfbba32a2a0bd8e5
323,C:\Users\Rohith Syam\Documents\UTS SEMESTER 3\image processing\idea 2\outputs\generalization_upgrade\02_external_bias_audit\normalized_external\fake\03\18388503_1942-09-14_2007.jpg,1,03/18388503_1942-09-14_2007.jpg,StableDiffusion_v1_5,external_normalized,deepfakeface_sd15/fake/03/18388503_1942-09-14_2007.jpg,0.07956861704587936,0.8184424042701721,0,hybrid,external_test,source_video_disjoint_v1,lowpass_0.1,ffpp_validation_checkpoint,dc728c791e4897a7eabff57cb9a9d5988224c88eea3e4c57bfbba32a2a0bd8e5
324,C:\Users\Rohith Syam\Documents\UTS SEMESTER 3\image processing\idea 2\outputs\generalization_upgrade\02_external_bias_audit\normalized_external\fake\03\19966503_1974-03-04_2011.jpg,1,03/19966503_1974-03-04_2011.jpg,StableDiffusion_v1_5,external_normalized,deepfakeface_sd15/fake/03/19966503_1974-03-04_2011.jpg,0.7904093861579895,0.8184424042701721,0,hybrid,external_test,source_video_disjoint_v1,lowpass_0.1,ffpp_validation_checkpoint,dc728c791e4897a7eabff57cb9a9d5988224c88eea3e4c57bfbba32a2a0bd8e5
325,C:\Users\Rohith Syam\Documents\UTS SEMESTER 3\image processing\idea 2\outputs\generalization_upgrade\02_external_bias_audit\normalized_external\fake\03\21296103_1982-04-25_2011.jpg,1,03/21296103_1982-04-25_2011.jpg,StableDiffusion_v1_5,external_normalized,deepfakeface_sd15/fake/03/21296103_1982-04-25_2011.jpg,0.51338791847229,0.8184424042701721,0,hybrid,external_test,source_video_disjoint_v1,lowpass_0.1,ffpp_validation_checkpoint,dc728c791e4897a7eabff57cb9a9d5988224c88eea3e4c57bfbba32a2a0bd8e5
326,C:\Users\Rohith Syam\Documents\UTS SEMESTER 3\image processing\idea 2\outputs\generalization_upgrade\02_external_bias_audit\normalized_external\fake\03\2220103_1954-05-18_2009.jpg,1,03/2220103_1954-05-18_2009.jpg,StableDiffusion_v1_5,external_normalized,deepfakeface_sd15/fake/03/2220103_1954-05-18_2009.jpg,0.8303607106208801,0.8184424042701721,1,hybrid,external_test,source_video_disjoint_v1,lowpass_0.1,ffpp_validation_checkpoint,dc728c791e4897a7eabff57cb9a9d5988224c88eea3e4c57bfbba32a2a0bd8e5
327,C:\Users\Rohith Syam\Documents\UTS SEMESTER 3\image processing\idea 2\outputs\generalization_upgrade\02_external_bias_audit\normalized_external\fake\03\225903_1935-04-21_2007.jpg,1,03/225903_1935-04-21_2007.jpg,StableDiffusion_v1_5,external_normalized,deepfakeface_sd15/fake/03/225903_1935-04-21_2007.jpg,0.5540814995765686,0.8184424042701721,0,hybrid,external_test,source_video_disjoint_v1,lowpass_0.1,ffpp_validation_checkpoint,dc728c791e4897a7eabff57cb9a9d5988224c88eea3e4c57bfbba32a2a0bd8e5
328,C:\Users\Rohith Syam\Documents\UTS SEMESTER 3\image processing\idea 2\outputs\generalization_upgrade\02_external_bias_audit\normalized_external\fake\03\2395003_1940-06-21_1977.jpg,1,03/2395003_1940-06-21_1977.jpg,StableDiffusion_v1_5,external_normalized,deepfakeface_sd15/fake/03/2395003_1940-06-21_1977.jpg,0.9844244718551636,0.8184424042701721,1,hybrid,external_test,source_video_disjoint_v1,lowpass_0.1,ffpp_validation_checkpoint,dc728c791e4897a7eabff57cb9a9d5988224c88eea3e4c57bfbba32a2a0bd8e5
329,C:\Users\Rohith Syam\Documents\UTS SEMESTER 3\image processing\idea 2\outputs\generalization_upgrade\02_external_bias_audit\normalized_external\fake\03\2420403_1964-03-18_2007.jpg,1,03/2420403_1964-03-18_2007.jpg,StableDiffusion_v1_5,external_normalized,deepfakeface_sd15/fake/03/2420403_1964-03-18_2007.jpg,0.9513912796974182,0.8184424042701721,1,hybrid,external_test,source_video_disjoint_v1,lowpass_0.1,ffpp_validation_checkpoint,dc728c791e4897a7eabff57cb9a9d5988224c88eea3e4c57bfbba32a2a0bd8e5
330,C:\Users\Rohith Syam\Documents\UTS SEMESTER 3\image processing\idea 2\outputs\generalization_upgrade\02_external_bias_audit\normalized_external\fake\03\2740303_1974-11-03_1999.jpg,1,03/2740303_1974-11-03_1999.jpg,StableDiffusion_v1_5,external_normalized,deepfakeface_sd15/fake/03/2740303_1974-11-03_1999.jpg,0.9338216781616211,0.8184424042701721,1,hybrid,external_test,source_video_disjoint_v1,lowpass_0.1,ffpp_validation_checkpoint,dc728c791e4897a7eabff57cb9a9d5988224c88eea3e4c57bfbba32a2a0bd8e5
331,C:\Users\Rohith Syam\Documents\UTS SEMESTER 3\image processing\idea 2\outputs\generalization_upgrade\02_external_bias_audit\normalized_external\fake\03\2779203_1965-10-01_2008.jpg,1,03/2779203_1965-10-01_2008.jpg,StableDiffusion_v1_5,external_normalized,deepfakeface_sd15/fake/03/2779203_1965-10-01_2008.jpg,0.9569985270500183,0.8184424042701721,1,hybrid,external_test,source_video_disjoint_v1,lowpass_0.1,ffpp_validation_checkpoint,dc728c791e4897a7eabff57cb9a9d5988224c88eea3e4c57bfbba32a2a0bd8e5
332,C:\Users\Rohith Syam\Documents\UTS SEMESTER 3\image processing\idea 2\outputs\generalization_upgrade\02_external_bias_audit\normalized_external\fake\03\317803_1920-03-03_2011.jpg,1,03/317803_1920-03-03_2011.jpg,StableDiffusion_v1_5,external_normalized,deepfakeface_sd15/fake/03/317803_1920-03-03_2011.jpg,0.8579158186912537,0.8184424042701721,1,hybrid,external_test,source_video_disjoint_v1,lowpass_0.1,ffpp_validation_checkpoint,dc728c791e4897a7eabff57cb9a9d5988224c88eea3e4c57bfbba32a2a0bd8e5
333,C:\Users\Rohith Syam\Documents\UTS SEMESTER 3\image processing\idea 2\outputs\generalization_upgrade\02_external_bias_audit\normalized_external\fake\03\32442803_1991-09-14_2012.jpg,1,03/32442803_1991-09-14_2012.jpg,StableDiffusion_v1_5,external_normalized,deepfakeface_sd15/fake/03/32442803_1991-09-14_2012.jpg,0.6512333154678345,0.8184424042701721,0,hybrid,external_test,source_video_disjoint_v1,lowpass_0.1,ffpp_validation_checkpoint,dc728c791e4897a7eabff57cb9a9d5988224c88eea3e4c57bfbba32a2a0bd8e5
334,C:\Users\Rohith Syam\Documents\UTS SEMESTER 3\image processing\idea 2\outputs\generalization_upgrade\02_external_bias_audit\normalized_external\fake\03\34807003_1990-05-29_2013.jpg,1,03/34807003_1990-05-29_2013.jpg,StableDiffusion_v1_5,external_normalized,deepfakeface_sd15/fake/03/34807003_1990-05-29_2013.jpg,0.5757787823677063,0.8184424042701721,0,hybrid,external_test,source_video_disjoint_v1,lowpass_0.1,ffpp_validation_checkpoint,dc728c791e4897a7eabff57cb9a9d5988224c88eea3e4c57bfbba32a2a0bd8e5
335,C:\Users\Rohith Syam\Documents\UTS SEMESTER 3\image processing\idea 2\outputs\generalization_upgrade\02_external_bias_audit\normalized_external\fake\03\37970303_1977-07-09_2013.jpg,1,03/37970303_1977-07-09_2013.jpg,StableDiffusion_v1_5,external_normalized,deepfakeface_sd15/fake/03/37970303_1977-07-09_2013.jpg,0.3654814064502716,0.8184424042701721,0,hybrid,external_test,source_video_disjoint_v1,lowpass_0.1,ffpp_validation_checkpoint,dc728c791e4897a7eabff57cb9a9d5988224c88eea3e4c57bfbba32a2a0bd8e5
336,C:\Users\Rohith Syam\Documents\UTS SEMESTER 3\image processing\idea 2\outputs\generalization_upgrade\02_external_bias_audit\normalized_external\fake\03\39605003_1966-06-21_2012.jpg,1,03/39605003_1966-06-21_2012.jpg,StableDiffusion_v1_5,external_normalized,deepfakeface_sd15/fake/03/39605003_1966-06-21_2012.jpg,0.8188984394073486,0.8184424042701721,1,hybrid,external_test,source_video_disjoint_v1,lowpass_0.1,ffpp_validation_checkpoint,dc728c791e4897a7eabff57cb9a9d5988224c88eea3e4c57bfbba32a2a0bd8e5
337,C:\Users\Rohith Syam\Documents\UTS SEMESTER 3\image processing\idea 2\outputs\generalization_upgrade\02_external_bias_audit\normalized_external\fake\03\39918103_1988-09-29_2012.jpg,1,03/39918103_1988-09-29_2012.jpg,StableDiffusion_v1_5,external_normalized,deepfakeface_sd15/fake/03/39918103_1988-09-29_2012.jpg,0.8401938676834106,0.8184424042701721,1,hybrid,external_test,source_video_disjoint_v1,lowpass_0.1,ffpp_validation_checkpoint,dc728c791e4897a7eabff57cb9a9d5988224c88eea3e4c57bfbba32a2a0bd8e5
338,C:\Users\Rohith Syam\Documents\UTS SEMESTER 3\image processing\idea 2\outputs\generalization_upgrade\02_external_bias_audit\normalized_external\fake\03\4830003_1961-12-01_2010.jpg,1,03/4830003_1961-12-01_2010.jpg,StableDiffusion_v1_5,external_normalized,deepfakeface_sd15/fake/03/4830003_1961-12-01_2010.jpg,0.9211710095405579,0.8184424042701721,1,hybrid,external_test,source_video_disjoint_v1,lowpass_0.1,ffpp_validation_checkpoint,dc728c791e4897a7eabff57cb9a9d5988224c88eea3e4c57bfbba32a2a0bd8e5
339,C:\Users\Rohith Syam\Documents\UTS SEMESTER 3\image processing\idea 2\outputs\generalization_upgrade\02_external_bias_audit\normalized_external\fake\03\555703_1913-07-13_1970.jpg,1,03/555703_1913-07-13_1970.jpg,StableDiffusion_v1_5,external_normalized,deepfakeface_sd15/fake/03/555703_1913-07-13_1970.jpg,0.4868515431880951,0.8184424042701721,0,hybrid,external_test,source_video_disjoint_v1,lowpass_0.1,ffpp_validation_checkpoint,dc728c791e4897a7eabff57cb9a9d5988224c88eea3e4c57bfbba32a2a0bd8e5
340,C:\Users\Rohith Syam\Documents\UTS SEMESTER 3\image processing\idea 2\outputs\generalization_upgrade\02_external_bias_audit\normalized_external\fake\03\6104003_1985-07-06_2006.jpg,1,03/6104003_1985-07-06_2006.jpg,StableDiffusion_v1_5,external_normalized,deepfakeface_sd15/fake/03/6104003_1985-07-06_2006.jpg,0.9456968307495117,0.8184424042701721,1,hybrid,external_test,source_video_disjoint_v1,lowpass_0.1,ffpp_validation_checkpoint,dc728c791e4897a7eabff57cb9a9d5988224c88eea3e4c57bfbba32a2a0bd8e5
341,C:\Users\Rohith Syam\Documents\UTS SEMESTER 3\image processing\idea 2\outputs\generalization_upgrade\02_external_bias_audit\normalized_external\fake\03\7100903_1961-03-15_2010.jpg,1,03/7100903_1961-03-15_2010.jpg,StableDiffusion_v1_5,external_normalized,deepfakeface_sd15/fake/03/7100903_1961-03-15_2010.jpg,0.4594839811325073,0.8184424042701721,0,hybrid,external_test,source_video_disjoint_v1,lowpass_0.1,ffpp_validation_checkpoint,dc728c791e4897a7eabff57cb9a9d5988224c88eea3e4c57bfbba32a2a0bd8e5
342,C:\Users\Rohith Syam\Documents\UTS SEMESTER 3\image processing\idea 2\outputs\generalization_upgrade\02_external_bias_audit\normalized_external\fake\03\7655603_1956-03-09_2010.jpg,1,03/7655603_1956-03-09_2010.jpg,StableDiffusion_v1_5,external_normalized,deepfakeface_sd15/fake/03/7655603_1956-03-09_2010.jpg,0.5483756065368652,0.8184424042701721,0,hybrid,external_test,source_video_disjoint_v1,lowpass_0.1,ffpp_validation_checkpoint,dc728c791e4897a7eabff57cb9a9d5988224c88eea3e4c57bfbba32a2a0bd8e5
343,C:\Users\Rohith Syam\Documents\UTS SEMESTER 3\image processing\idea 2\outputs\generalization_upgrade\02_external_bias_audit\normalized_external\fake\03\8902703_1978-09-20_2007.jpg,1,03/8902703_1978-09-20_2007.jpg,StableDiffusion_v1_5,external_normalized,deepfakeface_sd15/fake/03/8902703_1978-09-20_2007.jpg,0.08891726285219193,0.8184424042701721,0,hybrid,external_test,source_video_disjoint_v1,lowpass_0.1,ffpp_validation_checkpoint,dc728c791e4897a7eabff57cb9a9d5988224c88eea3e4c57bfbba32a2a0bd8e5
344,C:\Users\Rohith Syam\Documents\UTS SEMESTER 3\image processing\idea 2\outputs\generalization_upgrade\02_external_bias_audit\normalized_external\fake\03\9000703_1982-07-16_2008.jpg,1,03/9000703_1982-07-16_2008.jpg,StableDiffusion_v1_5,external_normalized,deepfakeface_sd15/fake/03/9000703_1982-07-16_2008.jpg,0.950398325920105,0.8184424042701721,1,hybrid,external_test,source_video_disjoint_v1,lowpass_0.1,ffpp_validation_checkpoint,dc728c791e4897a7eabff57cb9a9d5988224c88eea3e4c57bfbba32a2a0bd8e5
345,C:\Users\Rohith Syam\Documents\UTS SEMESTER 3\image processing\idea 2\outputs\generalization_upgrade\02_external_bias_audit\normalized_external\fake\03\9729003_1988-05-18_2011.jpg,1,03/9729003_1988-05-18_2011.jpg,StableDiffusion_v1_5,external_normalized,deepfakeface_sd15/fake/03/9729003_1988-05-18_2011.jpg,0.7121001482009888,0.8184424042701721,0,hybrid,external_test,source_video_disjoint_v1,lowpass_0.1,ffpp_validation_checkpoint,dc728c791e4897a7eabff57cb9a9d5988224c88eea3e4c57bfbba32a2a0bd8e5
346,C:\Users\Rohith Syam\Documents\UTS SEMESTER 3\image processing\idea 2\outputs\generalization_upgrade\02_external_bias_audit\normalized_external\fake\03\97803_1991-04-04_2007.jpg,1,03/97803_1991-04-04_2007.jpg,StableDiffusion_v1_5,external_normalized,deepfakeface_sd15/fake/03/97803_1991-04-04_2007.jpg,0.42913466691970825,0.8184424042701721,0,hybrid,external_test,source_video_disjoint_v1,lowpass_0.1,ffpp_validation_checkpoint,dc728c791e4897a7eabff57cb9a9d5988224c88eea3e4c57bfbba32a2a0bd8e5
347,C:\Users\Rohith Syam\Documents\UTS SEMESTER 3\image processing\idea 2\outputs\generalization_upgrade\02_external_bias_audit\normalized_external\fake\12\1836812_1976-11-06_2013.jpg,1,12/1836812_1976-11-06_2013.jpg,StableDiffusion_v1_5,external_normalized,deepfakeface_sd15/fake/12/1836812_1976-11-06_2013.jpg,0.24464771151542664,0.8184424042701721,0,hybrid,external_test,source_video_disjoint_v1,lowpass_0.1,ffpp_validation_checkpoint,dc728c791e4897a7eabff57cb9a9d5988224c88eea3e4c57bfbba32a2a0bd8e5
348,C:\Users\Rohith Syam\Documents\UTS SEMESTER 3\image processing\idea 2\outputs\generalization_upgrade\02_external_bias_audit\normalized_external\fake\14\12041214_1955-03-25_2012.jpg,1,14/12041214_1955-03-25_2012.jpg,StableDiffusion_v1_5,external_normalized,deepfakeface_sd15/fake/14/12041214_1955-03-25_2012.jpg,0.10076672583818436,0.8184424042701721,0,hybrid,external_test,source_video_disjoint_v1,lowpass_0.1,ffpp_validation_checkpoint,dc728c791e4897a7eabff57cb9a9d5988224c88eea3e4c57bfbba32a2a0bd8e5
349,C:\Users\Rohith Syam\Documents\UTS SEMESTER 3\image processing\idea 2\outputs\generalization_upgrade\02_external_bias_audit\normalized_external\fake\14\12461914_1975-12-14_2007.jpg,1,14/12461914_1975-12-14_2007.jpg,StableDiffusion_v1_5,external_normalized,deepfakeface_sd15/fake/14/12461914_1975-12-14_2007.jpg,0.48160991072654724,0.8184424042701721,0,hybrid,external_test,source_video_disjoint_v1,lowpass_0.1,ffpp_validation_checkpoint,dc728c791e4897a7eabff57cb9a9d5988224c88eea3e4c57bfbba32a2a0bd8e5
350,C:\Users\Rohith Syam\Documents\UTS SEMESTER 3\image processing\idea 2\outputs\generalization_upgrade\02_external_bias_audit\normalized_external\fake\14\14307714_1977-01-29_2013.jpg,1,14/14307714_1977-01-29_2013.jpg,StableDiffusion_v1_5,external_normalized,deepfakeface_sd15/fake/14/14307714_1977-01-29_2013.jpg,0.9854677319526672,0.8184424042701721,1,hybrid,external_test,source_video_disjoint_v1,lowpass_0.1,ffpp_validation_checkpoint,dc728c791e4897a7eabff57cb9a9d5988224c88eea3e4c57bfbba32a2a0bd8e5
351,C:\Users\Rohith Syam\Documents\UTS SEMESTER 3\image processing\idea 2\outputs\generalization_upgrade\02_external_bias_audit\normalized_external\fake\14\170514_1963-03-06_1970.jpg,1,14/170514_1963-03-06_1970.jpg,StableDiffusion_v1_5,external_normalized,deepfakeface_sd15/fake/14/170514_1963-03-06_1970.jpg,0.9003251194953918,0.8184424042701721,1,hybrid,external_test,source_video_disjoint_v1,lowpass_0.1,ffpp_validation_checkpoint,dc728c791e4897a7eabff57cb9a9d5988224c88eea3e4c57bfbba32a2a0bd8e5
352,C:\Users\Rohith Syam\Documents\UTS SEMESTER 3\image processing\idea 2\outputs\generalization_upgrade\02_external_bias_audit\normalized_external\fake\14\1830414_1971-07-01_2013.jpg,1,14/1830414_1971-07-01_2013.jpg,StableDiffusion_v1_5,external_normalized,deepfakeface_sd15/fake/14/1830414_1971-07-01_2013.jpg,0.9964597821235657,0.8184424042701721,1,hybrid,external_test,source_video_disjoint_v1,lowpass_0.1,ffpp_validation_checkpoint,dc728c791e4897a7eabff57cb9a9d5988224c88eea3e4c57bfbba32a2a0bd8e5
353,C:\Users\Rohith Syam\Documents\UTS SEMESTER 3\image processing\idea 2\outputs\generalization_upgrade\02_external_bias_audit\normalized_external\fake\14\19894914_1989-10-19_2012.jpg,1,14/19894914_1989-10-19_2012.jpg,StableDiffusion_v1_5,external_normalized,deepfakeface_sd15/fake/14/19894914_1989-10-19_2012.jpg,0.5923289656639099,0.8184424042701721,0,hybrid,external_test,source_video_disjoint_v1,lowpass_0.1,ffpp_validation_checkpoint,dc728c791e4897a7eabff57cb9a9d5988224c88eea3e4c57bfbba32a2a0bd8e5
354,C:\Users\Rohith Syam\Documents\UTS SEMESTER 3\image processing\idea 2\outputs\generalization_upgrade\02_external_bias_audit\normalized_external\fake\14\1995914_1928-11-21_1976.jpg,1,14/1995914_1928-11-21_1976.jpg,StableDiffusion_v1_5,external_normalized,deepfakeface_sd15/fake/14/1995914_1928-11-21_1976.jpg,0.9114011526107788,0.8184424042701721,1,hybrid,external_test,source_video_disjoint_v1,lowpass_0.1,ffpp_validation_checkpoint,dc728c791e4897a7eabff57cb9a9d5988224c88eea3e4c57bfbba32a2a0bd8e5
355,C:\Users\Rohith Syam\Documents\UTS SEMESTER 3\image processing\idea 2\outputs\generalization_upgrade\02_external_bias_audit\normalized_external\fake\14\2009614_1964-05-13_2008.jpg,1,14/2009614_1964-05-13_2008.jpg,StableDiffusion_v1_5,external_normalized,deepfakeface_sd15/fake/14/2009614_1964-05-13_2008.jpg,0.5147757530212402,0.8184424042701721,0,hybrid,external_test,source_video_disjoint_v1,lowpass_0.1,ffpp_validation_checkpoint,dc728c791e4897a7eabff57cb9a9d5988224c88eea3e4c57bfbba32a2a0bd8e5
356,C:\Users\Rohith Syam\Documents\UTS SEMESTER 3\image processing\idea 2\outputs\generalization_upgrade\02_external_bias_audit\normalized_external\fake\14\21538614_1990-11-01_2015.jpg,1,14/21538614_1990-11-01_2015.jpg,StableDiffusion_v1_5,external_normalized,deepfakeface_sd15/fake/14/21538614_1990-11-01_2015.jpg,0.2431139498949051,0.8184424042701721,0,hybrid,external_test,source_video_disjoint_v1,lowpass_0.1,ffpp_validation_checkpoint,dc728c791e4897a7eabff57cb9a9d5988224c88eea3e4c57bfbba32a2a0bd8e5
357,C:\Users\Rohith Syam\Documents\UTS SEMESTER 3\image processing\idea 2\outputs\generalization_upgrade\02_external_bias_audit\normalized_external\fake\14\22037414_1987-06-05_2013.jpg,1,14/22037414_1987-06-05_2013.jpg,StableDiffusion_v1_5,external_normalized,deepfakeface_sd15/fake/14/22037414_1987-06-05_2013.jpg,0.560596227645874,0.8184424042701721,0,hybrid,external_test,source_video_disjoint_v1,lowpass_0.1,ffpp_validation_checkpoint,dc728c791e4897a7eabff57cb9a9d5988224c88eea3e4c57bfbba32a2a0bd8e5
358,C:\Users\Rohith Syam\Documents\UTS SEMESTER 3\image processing\idea 2\outputs\generalization_upgrade\02_external_bias_audit\normalized_external\fake\14\23420614_1974-04-16_2008.jpg,1,14/23420614_1974-04-16_2008.jpg,StableDiffusion_v1_5,external_normalized,deepfakeface_sd15/fake/14/23420614_1974-04-16_2008.jpg,0.5311656594276428,0.8184424042701721,0,hybrid,external_test,source_video_disjoint_v1,lowpass_0.1,ffpp_validation_checkpoint,dc728c791e4897a7eabff57cb9a9d5988224c88eea3e4c57bfbba32a2a0bd8e5
359,C:\Users\Rohith Syam\Documents\UTS SEMESTER 3\image processing\idea 2\outputs\generalization_upgrade\02_external_bias_audit\normalized_external\fake\14\27131114_1983-08-30_2011.jpg,1,14/27131114_1983-08-30_2011.jpg,StableDiffusion_v1_5,external_normalized,deepfakeface_sd15/fake/14/27131114_1983-08-30_2011.jpg,0.6271090507507324,0.8184424042701721,0,hybrid,external_test,source_video_disjoint_v1,lowpass_0.1,ffpp_validation_checkpoint,dc728c791e4897a7eabff57cb9a9d5988224c88eea3e4c57bfbba32a2a0bd8e5
360,C:\Users\Rohith Syam\Documents\UTS SEMESTER 3\image processing\idea 2\outputs\generalization_upgrade\02_external_bias_audit\normalized_external\fake\14\28269114_1941-03-21_2011.jpg,1,14/28269114_1941-03-21_2011.jpg,StableDiffusion_v1_5,external_normalized,deepfakeface_sd15/fake/14/28269114_1941-03-21_2011.jpg,0.8102573156356812,0.8184424042701721,0,hybrid,external_test,source_video_disjoint_v1,lowpass_0.1,ffpp_validation_checkpoint,dc728c791e4897a7eabff57cb9a9d5988224c88eea3e4c57bfbba32a2a0bd8e5
361,C:\Users\Rohith Syam\Documents\UTS SEMESTER 3\image processing\idea 2\outputs\generalization_upgrade\02_external_bias_audit\normalized_external\fake\14\28819114_1961-06-26_2009.jpg,1,14/28819114_1961-06-26_2009.jpg,StableDiffusion_v1_5,external_normalized,deepfakeface_sd15/fake/14/28819114_1961-06-26_2009.jpg,0.903009295463562,0.8184424042701721,1,hybrid,external_test,source_video_disjoint_v1,lowpass_0.1,ffpp_validation_checkpoint,dc728c791e4897a7eabff57cb9a9d5988224c88eea3e4c57bfbba32a2a0bd8e5
362,C:\Users\Rohith Syam\Documents\UTS SEMESTER 3\image processing\idea 2\outputs\generalization_upgrade\02_external_bias_audit\normalized_external\fake\14\33258714_1979-05-30_2011.jpg,1,14/33258714_1979-05-30_2011.jpg,StableDiffusion_v1_5,external_normalized,deepfakeface_sd15/fake/14/33258714_1979-05-30_2011.jpg,0.7783725261688232,0.8184424042701721,0,hybrid,external_test,source_video_disjoint_v1,lowpass_0.1,ffpp_validation_checkpoint,dc728c791e4897a7eabff57cb9a9d5988224c88eea3e4c57bfbba32a2a0bd8e5
363,C:\Users\Rohith Syam\Documents\UTS SEMESTER 3\image processing\idea 2\outputs\generalization_upgrade\02_external_bias_audit\normalized_external\fake\14\35642014_1989-04-27_2012.jpg,1,14/35642014_1989-04-27_2012.jpg,StableDiffusion_v1_5,external_normalized,deepfakeface_sd15/fake/14/35642014_1989-04-27_2012.jpg,0.51143878698349,0.8184424042701721,0,hybrid,external_test,source_video_disjoint_v1,lowpass_0.1,ffpp_validation_checkpoint,dc728c791e4897a7eabff57cb9a9d5988224c88eea3e4c57bfbba32a2a0bd8e5
364,C:\Users\Rohith Syam\Documents\UTS SEMESTER 3\image processing\idea 2\outputs\generalization_upgrade\02_external_bias_audit\normalized_external\fake\14\36566914_1988-08-11_2014.jpg,1,14/36566914_1988-08-11_2014.jpg,StableDiffusion_v1_5,external_normalized,deepfakeface_sd15/fake/14/36566914_1988-08-11_2014.jpg,0.9894834160804749,0.8184424042701721,1,hybrid,external_test,source_video_disjoint_v1,lowpass_0.1,ffpp_validation_checkpoint,dc728c791e4897a7eabff57cb9a9d5988224c88eea3e4c57bfbba32a2a0bd8e5
365,C:\Users\Rohith Syam\Documents\UTS SEMESTER 3\image processing\idea 2\outputs\generalization_upgrade\02_external_bias_audit\normalized_external\fake\14\36573714_1984-12-01_2012.jpg,1,14/36573714_1984-12-01_2012.jpg,StableDiffusion_v1_5,external_normalized,deepfakeface_sd15/fake/14/36573714_1984-12-01_2012.jpg,0.837087869644165,0.8184424042701721,1,hybrid,external_test,source_video_disjoint_v1,lowpass_0.1,ffpp_validation_checkpoint,dc728c791e4897a7eabff57cb9a9d5988224c88eea3e4c57bfbba32a2a0bd8e5
366,C:\Users\Rohith Syam\Documents\UTS SEMESTER 3\image processing\idea 2\outputs\generalization_upgrade\02_external_bias_audit\normalized_external\fake\14\3772814_1978-02-28_2008.jpg,1,14/3772814_1978-02-28_2008.jpg,StableDiffusion_v1_5,external_normalized,deepfakeface_sd15/fake/14/3772814_1978-02-28_2008.jpg,0.06695353239774704,0.8184424042701721,0,hybrid,external_test,source_video_disjoint_v1,lowpass_0.1,ffpp_validation_checkpoint,dc728c791e4897a7eabff57cb9a9d5988224c88eea3e4c57bfbba32a2a0bd8e5
367,C:\Users\Rohith Syam\Documents\UTS SEMESTER 3\image processing\idea 2\outputs\generalization_upgrade\02_external_bias_audit\normalized_external\fake\14\41732014_1943-06-18_1969.jpg,1,14/41732014_1943-06-18_1969.jpg,StableDiffusion_v1_5,external_normalized,deepfakeface_sd15/fake/14/41732014_1943-06-18_1969.jpg,0.6564979553222656,0.8184424042701721,0,hybrid,external_test,source_video_disjoint_v1,lowpass_0.1,ffpp_validation_checkpoint,dc728c791e4897a7eabff57cb9a9d5988224c88eea3e4c57bfbba32a2a0bd8e5
368,C:\Users\Rohith Syam\Documents\UTS SEMESTER 3\image processing\idea 2\outputs\generalization_upgrade\02_external_bias_audit\normalized_external\fake\14\4295614_1924-09-15_1987.jpg,1,14/4295614_1924-09-15_1987.jpg,StableDiffusion_v1_5,external_normalized,deepfakeface_sd15/fake/14/4295614_1924-09-15_1987.jpg,0.9529560208320618,0.8184424042701721,1,hybrid,external_test,source_video_disjoint_v1,lowpass_0.1,ffpp_validation_checkpoint,dc728c791e4897a7eabff57cb9a9d5988224c88eea3e4c57bfbba32a2a0bd8e5
369,C:\Users\Rohith Syam\Documents\UTS SEMESTER 3\image processing\idea 2\outputs\generalization_upgrade\02_external_bias_audit\normalized_external\fake\14\44096714_1964-06-29_2012.jpg,1,14/44096714_1964-06-29_2012.jpg,StableDiffusion_v1_5,external_normalized,deepfakeface_sd15/fake/14/44096714_1964-06-29_2012.jpg,0.3300865590572357,0.8184424042701721,0,hybrid,external_test,source_video_disjoint_v1,lowpass_0.1,ffpp_validation_checkpoint,dc728c791e4897a7eabff57cb9a9d5988224c88eea3e4c57bfbba32a2a0bd8e5
370,C:\Users\Rohith Syam\Documents\UTS SEMESTER 3\image processing\idea 2\outputs\generalization_upgrade\02_external_bias_audit\normalized_external\fake\14\448514_1959-03-06_2007.jpg,1,14/448514_1959-03-06_2007.jpg,StableDiffusion_v1_5,external_normalized,deepfakeface_sd15/fake/14/448514_1959-03-06_2007.jpg,0.9073658585548401,0.8184424042701721,1,hybrid,external_test,source_video_disjoint_v1,lowpass_0.1,ffpp_validation_checkpoint,dc728c791e4897a7eabff57cb9a9d5988224c88eea3e4c57bfbba32a2a0bd8e5
371,C:\Users\Rohith Syam\Documents\UTS SEMESTER 3\image processing\idea 2\outputs\generalization_upgrade\02_external_bias_audit\normalized_external\fake\14\585414_1951-03-17_2014.jpg,1,14/585414_1951-03-17_2014.jpg,StableDiffusion_v1_5,external_normalized,deepfakeface_sd15/fake/14/585414_1951-03-17_2014.jpg,0.567720890045166,0.8184424042701721,0,hybrid,external_test,source_video_disjoint_v1,lowpass_0.1,ffpp_validation_checkpoint,dc728c791e4897a7eabff57cb9a9d5988224c88eea3e4c57bfbba32a2a0bd8e5
372,C:\Users\Rohith Syam\Documents\UTS SEMESTER 3\image processing\idea 2\outputs\generalization_upgrade\02_external_bias_audit\normalized_external\fake\14\5923814_1958-08-28_1991.jpg,1,14/5923814_1958-08-28_1991.jpg,StableDiffusion_v1_5,external_normalized,deepfakeface_sd15/fake/14/5923814_1958-08-28_1991.jpg,0.1788613647222519,0.8184424042701721,0,hybrid,external_test,source_video_disjoint_v1,lowpass_0.1,ffpp_validation_checkpoint,dc728c791e4897a7eabff57cb9a9d5988224c88eea3e4c57bfbba32a2a0bd8e5
373,C:\Users\Rohith Syam\Documents\UTS SEMESTER 3\image processing\idea 2\outputs\generalization_upgrade\02_external_bias_audit\normalized_external\fake\14\5965014_1981-12-21_2013.jpg,1,14/5965014_1981-12-21_2013.jpg,StableDiffusion_v1_5,external_normalized,deepfakeface_sd15/fake/14/5965014_1981-12-21_2013.jpg,0.25353875756263733,0.8184424042701721,0,hybrid,external_test,source_video_disjoint_v1,lowpass_0.1,ffpp_validation_checkpoint,dc728c791e4897a7eabff57cb9a9d5988224c88eea3e4c57bfbba32a2a0bd8e5
374,C:\Users\Rohith Syam\Documents\UTS SEMESTER 3\image processing\idea 2\outputs\generalization_upgrade\02_external_bias_audit\normalized_external\fake\14\852514_1980-01-18_2013.jpg,1,14/852514_1980-01-18_2013.jpg,StableDiffusion_v1_5,external_normalized,deepfakeface_sd15/fake/14/852514_1980-01-18_2013.jpg,0.9906051754951477,0.8184424042701721,1,hybrid,external_test,source_video_disjoint_v1,lowpass_0.1,ffpp_validation_checkpoint,dc728c791e4897a7eabff57cb9a9d5988224c88eea3e4c57bfbba32a2a0bd8e5
375,C:\Users\Rohith Syam\Documents\UTS SEMESTER 3\image processing\idea 2\outputs\generalization_upgrade\02_external_bias_audit\normalized_external\fake\14\8543614_1983-09-25_2010.jpg,1,14/8543614_1983-09-25_2010.jpg,StableDiffusion_v1_5,external_normalized,deepfakeface_sd15/fake/14/8543614_1983-09-25_2010.jpg,0.6015666127204895,0.8184424042701721,0,hybrid,external_test,source_video_disjoint_v1,lowpass_0.1,ffpp_validation_checkpoint,dc728c791e4897a7eabff57cb9a9d5988224c88eea3e4c57bfbba32a2a0bd8e5
376,C:\Users\Rohith Syam\Documents\UTS SEMESTER 3\image processing\idea 2\outputs\generalization_upgrade\02_external_bias_audit\normalized_external\fake\14\9716514_1900-04-10_1946.jpg,1,14/9716514_1900-04-10_1946.jpg,StableDiffusion_v1_5,external_normalized,deepfakeface_sd15/fake/14/9716514_1900-04-10_1946.jpg,0.8997830152511597,0.8184424042701721,1,hybrid,external_test,source_video_disjoint_v1,lowpass_0.1,ffpp_validation_checkpoint,dc728c791e4897a7eabff57cb9a9d5988224c88eea3e4c57bfbba32a2a0bd8e5
377,C:\Users\Rohith Syam\Documents\UTS SEMESTER 3\image processing\idea 2\outputs\generalization_upgrade\02_external_bias_audit\normalized_external\fake\21\10172021_1963-06-02_2006.jpg,1,21/10172021_1963-06-02_2006.jpg,StableDiffusion_v1_5,external_normalized,deepfakeface_sd15/fake/21/10172021_1963-06-02_2006.jpg,0.8992836475372314,0.8184424042701721,1,hybrid,external_test,source_video_disjoint_v1,lowpass_0.1,ffpp_validation_checkpoint,dc728c791e4897a7eabff57cb9a9d5988224c88eea3e4c57bfbba32a2a0bd8e5
378,C:\Users\Rohith Syam\Documents\UTS SEMESTER 3\image processing\idea 2\outputs\generalization_upgrade\02_external_bias_audit\normalized_external\fake\21\1176621_1966-05-16_2010.jpg,1,21/1176621_1966-05-16_2010.jpg,StableDiffusion_v1_5,external_normalized,deepfakeface_sd15/fake/21/1176621_1966-05-16_2010.jpg,0.3778647482395172,0.8184424042701721,0,hybrid,external_test,source_video_disjoint_v1,lowpass_0.1,ffpp_validation_checkpoint,dc728c791e4897a7eabff57cb9a9d5988224c88eea3e4c57bfbba32a2a0bd8e5
379,C:\Users\Rohith Syam\Documents\UTS SEMESTER 3\image processing\idea 2\outputs\generalization_upgrade\02_external_bias_audit\normalized_external\fake\21\12261121_1985-01-04_2014.jpg,1,21/12261121_1985-01-04_2014.jpg,StableDiffusion_v1_5,external_normalized,deepfakeface_sd15/fake/21/12261121_1985-01-04_2014.jpg,0.14292855560779572,0.8184424042701721,0,hybrid,external_test,source_video_disjoint_v1,lowpass_0.1,ffpp_validation_checkpoint,dc728c791e4897a7eabff57cb9a9d5988224c88eea3e4c57bfbba32a2a0bd8e5
380,C:\Users\Rohith Syam\Documents\UTS SEMESTER 3\image processing\idea 2\outputs\generalization_upgrade\02_external_bias_audit\normalized_external\fake\21\15872621_1922-08-28_1952.jpg,1,21/15872621_1922-08-28_1952.jpg,StableDiffusion_v1_5,external_normalized,deepfakeface_sd15/fake/21/15872621_1922-08-28_1952.jpg,0.8687754273414612,0.8184424042701721,1,hybrid,external_test,source_video_disjoint_v1,lowpass_0.1,ffpp_validation_checkpoint,dc728c791e4897a7eabff57cb9a9d5988224c88eea3e4c57bfbba32a2a0bd8e5
381,C:\Users\Rohith Syam\Documents\UTS SEMESTER 3\image processing\idea 2\outputs\generalization_upgrade\02_external_bias_audit\normalized_external\fake\21\15905321_1990-01-06_2009.jpg,1,21/15905321_1990-01-06_2009.jpg,StableDiffusion_v1_5,external_normalized,deepfakeface_sd15/fake/21/15905321_1990-01-06_2009.jpg,0.4750126898288727,0.8184424042701721,0,hybrid,external_test,source_video_disjoint_v1,lowpass_0.1,ffpp_validation_checkpoint,dc728c791e4897a7eabff57cb9a9d5988224c88eea3e4c57bfbba32a2a0bd8e5
382,C:\Users\Rohith Syam\Documents\UTS SEMESTER 3\image processing\idea 2\outputs\generalization_upgrade\02_external_bias_audit\normalized_external\fake\21\16521_1938-12-29_2011.jpg,1,21/16521_1938-12-29_2011.jpg,StableDiffusion_v1_5,external_normalized,deepfakeface_sd15/fake/21/16521_1938-12-29_2011.jpg,0.9645204544067383,0.8184424042701721,1,hybrid,external_test,source_video_disjoint_v1,lowpass_0.1,ffpp_validation_checkpoint,dc728c791e4897a7eabff57cb9a9d5988224c88eea3e4c57bfbba32a2a0bd8e5
383,C:\Users\Rohith Syam\Documents\UTS SEMESTER 3\image processing\idea 2\outputs\generalization_upgrade\02_external_bias_audit\normalized_external\fake\21\174821_1961-09-25_1993.jpg,1,21/174821_1961-09-25_1993.jpg,StableDiffusion_v1_5,external_normalized,deepfakeface_sd15/fake/21/174821_1961-09-25_1993.jpg,0.8917626738548279,0.8184424042701721,1,hybrid,external_test,source_video_disjoint_v1,lowpass_0.1,ffpp_validation_checkpoint,dc728c791e4897a7eabff57cb9a9d5988224c88eea3e4c57bfbba32a2a0bd8e5
384,C:\Users\Rohith Syam\Documents\UTS SEMESTER 3\image processing\idea 2\outputs\generalization_upgrade\02_external_bias_audit\normalized_external\fake\21\1825621_1945-09-08_2008.jpg,1,21/1825621_1945-09-08_2008.jpg,StableDiffusion_v1_5,external_normalized,deepfakeface_sd15/fake/21/1825621_1945-09-08_2008.jpg,0.3567236363887787,0.8184424042701721,0,hybrid,external_test,source_video_disjoint_v1,lowpass_0.1,ffpp_validation_checkpoint,dc728c791e4897a7eabff57cb9a9d5988224c88eea3e4c57bfbba32a2a0bd8e5
385,C:\Users\Rohith Syam\Documents\UTS SEMESTER 3\image processing\idea 2\outputs\generalization_upgrade\02_external_bias_audit\normalized_external\fake\21\20599521_1967-08-09_2012.jpg,1,21/20599521_1967-08-09_2012.jpg,StableDiffusion_v1_5,external_normalized,deepfakeface_sd15/fake/21/20599521_1967-08-09_2012.jpg,0.7891488671302795,0.8184424042701721,0,hybrid,external_test,source_video_disjoint_v1,lowpass_0.1,ffpp_validation_checkpoint,dc728c791e4897a7eabff57cb9a9d5988224c88eea3e4c57bfbba32a2a0bd8e5
386,C:\Users\Rohith Syam\Documents\UTS SEMESTER 3\image processing\idea 2\outputs\generalization_upgrade\02_external_bias_audit\normalized_external\fake\21\24644621_1964-12-15_2010.jpg,1,21/24644621_1964-12-15_2010.jpg,StableDiffusion_v1_5,external_normalized,deepfakeface_sd15/fake/21/24644621_1964-12-15_2010.jpg,0.6029136180877686,0.8184424042701721,0,hybrid,external_test,source_video_disjoint_v1,lowpass_0.1,ffpp_validation_checkpoint,dc728c791e4897a7eabff57cb9a9d5988224c88eea3e4c57bfbba32a2a0bd8e5
387,C:\Users\Rohith Syam\Documents\UTS SEMESTER 3\image processing\idea 2\outputs\generalization_upgrade\02_external_bias_audit\normalized_external\fake\21\250721_1956-06-03_2010.jpg,1,21/250721_1956-06-03_2010.jpg,StableDiffusion_v1_5,external_normalized,deepfakeface_sd15/fake/21/250721_1956-06-03_2010.jpg,0.04885735735297203,0.8184424042701721,0,hybrid,external_test,source_video_disjoint_v1,lowpass_0.1,ffpp_validation_checkpoint,dc728c791e4897a7eabff57cb9a9d5988224c88eea3e4c57bfbba32a2a0bd8e5
388,C:\Users\Rohith Syam\Documents\UTS SEMESTER 3\image processing\idea 2\outputs\generalization_upgrade\02_external_bias_audit\normalized_external\fake\21\2797621_1960-03-15_2011.jpg,1,21/2797621_1960-03-15_2011.jpg,StableDiffusion_v1_5,external_normalized,deepfakeface_sd15/fake/21/2797621_1960-03-15_2011.jpg,0.9693278670310974,0.8184424042701721,1,hybrid,external_test,source_video_disjoint_v1,lowpass_0.1,ffpp_validation_checkpoint,dc728c791e4897a7eabff57cb9a9d5988224c88eea3e4c57bfbba32a2a0bd8e5
389,C:\Users\Rohith Syam\Documents\UTS SEMESTER 3\image processing\idea 2\outputs\generalization_upgrade\02_external_bias_audit\normalized_external\fake\21\29126821_1986-10-07_2014.jpg,1,21/29126821_1986-10-07_2014.jpg,StableDiffusion_v1_5,external_normalized,deepfakeface_sd15/fake/21/29126821_1986-10-07_2014.jpg,0.7591049671173096,0.8184424042701721,0,hybrid,external_test,source_video_disjoint_v1,lowpass_0.1,ffpp_validation_checkpoint,dc728c791e4897a7eabff57cb9a9d5988224c88eea3e4c57bfbba32a2a0bd8e5
390,C:\Users\Rohith Syam\Documents\UTS SEMESTER 3\image processing\idea 2\outputs\generalization_upgrade\02_external_bias_audit\normalized_external\fake\21\2950421_1974-09-11_2007.jpg,1,21/2950421_1974-09-11_2007.jpg,StableDiffusion_v1_5,external_normalized,deepfakeface_sd15/fake/21/2950421_1974-09-11_2007.jpg,0.9736436605453491,0.8184424042701721,1,hybrid,external_test,source_video_disjoint_v1,lowpass_0.1,ffpp_validation_checkpoint,dc728c791e4897a7eabff57cb9a9d5988224c88eea3e4c57bfbba32a2a0bd8e5
391,C:\Users\Rohith Syam\Documents\UTS SEMESTER 3\image processing\idea 2\outputs\generalization_upgrade\02_external_bias_audit\normalized_external\fake\21\295321_1904-08-23_1955.jpg,1,21/295321_1904-08-23_1955.jpg,StableDiffusion_v1_5,external_normalized,deepfakeface_sd15/fake/21/295321_1904-08-23_1955.jpg,0.8823995590209961,0.8184424042701721,1,hybrid,external_test,source_video_disjoint_v1,lowpass_0.1,ffpp_validation_checkpoint,dc728c791e4897a7eabff57cb9a9d5988224c88eea3e4c57bfbba32a2a0bd8e5
392,C:\Users\Rohith Syam\Documents\UTS SEMESTER 3\image processing\idea 2\outputs\generalization_upgrade\02_external_bias_audit\normalized_external\fake\21\3003021_1956-12-23_2014.jpg,1,21/3003021_1956-12-23_2014.jpg,StableDiffusion_v1_5,external_normalized,deepfakeface_sd15/fake/21/3003021_1956-12-23_2014.jpg,0.19160480797290802,0.8184424042701721,0,hybrid,external_test,source_video_disjoint_v1,lowpass_0.1,ffpp_validation_checkpoint,dc728c791e4897a7eabff57cb9a9d5988224c88eea3e4c57bfbba32a2a0bd8e5
393,C:\Users\Rohith Syam\Documents\UTS SEMESTER 3\image processing\idea 2\outputs\generalization_upgrade\02_external_bias_audit\normalized_external\fake\21\30496921_1916-02-13_1977.jpg,1,21/30496921_1916-02-13_1977.jpg,StableDiffusion_v1_5,external_normalized,deepfakeface_sd15/fake/21/30496921_1916-02-13_1977.jpg,0.9998379945755005,0.8184424042701721,1,hybrid,external_test,source_video_disjoint_v1,lowpass_0.1,ffpp_validation_checkpoint,dc728c791e4897a7eabff57cb9a9d5988224c88eea3e4c57bfbba32a2a0bd8e5
394,C:\Users\Rohith Syam\Documents\UTS SEMESTER 3\image processing\idea 2\outputs\generalization_upgrade\02_external_bias_audit\normalized_external\fake\21\332221_1903-07-21_2007.jpg,1,21/332221_1903-07-21_2007.jpg,StableDiffusion_v1_5,external_normalized,deepfakeface_sd15/fake/21/332221_1903-07-21_2007.jpg,0.5880897641181946,0.8184424042701721,0,hybrid,external_test,source_video_disjoint_v1,lowpass_0.1,ffpp_validation_checkpoint,dc728c791e4897a7eabff57cb9a9d5988224c88eea3e4c57bfbba32a2a0bd8e5
395,C:\Users\Rohith Syam\Documents\UTS SEMESTER 3\image processing\idea 2\outputs\generalization_upgrade\02_external_bias_audit\normalized_external\fake\21\35191121_1990-01-18_2014.jpg,1,21/35191121_1990-01-18_2014.jpg,StableDiffusion_v1_5,external_normalized,deepfakeface_sd15/fake/21/35191121_1990-01-18_2014.jpg,0.32771211862564087,0.8184424042701721,0,hybrid,external_test,source_video_disjoint_v1,lowpass_0.1,ffpp_validation_checkpoint,dc728c791e4897a7eabff57cb9a9d5988224c88eea3e4c57bfbba32a2a0bd8e5
396,C:\Users\Rohith Syam\Documents\UTS SEMESTER 3\image processing\idea 2\outputs\generalization_upgrade\02_external_bias_audit\normalized_external\fake\21\40783721_1958-04-16_2013.jpg,1,21/40783721_1958-04-16_2013.jpg,StableDiffusion_v1_5,external_normalized,deepfakeface_sd15/fake/21/40783721_1958-04-16_2013.jpg,0.8660748600959778,0.8184424042701721,1,hybrid,external_test,source_video_disjoint_v1,lowpass_0.1,ffpp_validation_checkpoint,dc728c791e4897a7eabff57cb9a9d5988224c88eea3e4c57bfbba32a2a0bd8e5
397,C:\Users\Rohith Syam\Documents\UTS SEMESTER 3\image processing\idea 2\outputs\generalization_upgrade\02_external_bias_audit\normalized_external\fake\21\4137921_1965-08-22_2013.jpg,1,21/4137921_1965-08-22_2013.jpg,StableDiffusion_v1_5,external_normalized,deepfakeface_sd15/fake/21/4137921_1965-08-22_2013.jpg,0.6677324771881104,0.8184424042701721,0,hybrid,external_test,source_video_disjoint_v1,lowpass_0.1,ffpp_validation_checkpoint,dc728c791e4897a7eabff57cb9a9d5988224c88eea3e4c57bfbba32a2a0bd8e5
398,C:\Users\Rohith Syam\Documents\UTS SEMESTER 3\image processing\idea 2\outputs\generalization_upgrade\02_external_bias_audit\normalized_external\fake\21\6573321_1986-05-01_2008.jpg,1,21/6573321_1986-05-01_2008.jpg,StableDiffusion_v1_5,external_normalized,deepfakeface_sd15/fake/21/6573321_1986-05-01_2008.jpg,0.9803411960601807,0.8184424042701721,1,hybrid,external_test,source_video_disjoint_v1,lowpass_0.1,ffpp_validation_checkpoint,dc728c791e4897a7eabff57cb9a9d5988224c88eea3e4c57bfbba32a2a0bd8e5
399,C:\Users\Rohith Syam\Documents\UTS SEMESTER 3\image processing\idea 2\outputs\generalization_upgrade\02_external_bias_audit\normalized_external\fake\21\6574321_1982-08-10_2012.jpg,1,21/6574321_1982-08-10_2012.jpg,StableDiffusion_v1_5,external_normalized,deepfakeface_sd15/fake/21/6574321_1982-08-10_2012.jpg,0.7461265325546265,0.8184424042701721,0,hybrid,external_test,source_video_disjoint_v1,lowpass_0.1,ffpp_validation_checkpoint,dc728c791e4897a7eabff57cb9a9d5988224c88eea3e4c57bfbba32a2a0bd8e5
400,C:\Users\Rohith Syam\Documents\UTS SEMESTER 3\image processing\idea 2\outputs\generalization_upgrade\02_external_bias_audit\normalized_external\fake\21\7170221_1933-03-27_1983.jpg,1,21/7170221_1933-03-27_1983.jpg,StableDiffusion_v1_5,external_normalized,deepfakeface_sd15/fake/21/7170221_1933-03-27_1983.jpg,0.7034518718719482,0.8184424042701721,0,hybrid,external_test,source_video_disjoint_v1,lowpass_0.1,ffpp_validation_checkpoint,dc728c791e4897a7eabff57cb9a9d5988224c88eea3e4c57bfbba32a2a0bd8e5
401,C:\Users\Rohith Syam\Documents\UTS SEMESTER 3\image processing\idea 2\outputs\generalization_upgrade\02_external_bias_audit\normalized_external\fake\21\7623721_1978-03-01_2010.jpg,1,21/7623721_1978-03-01_2010.jpg,StableDiffusion_v1_5,external_normalized,deepfakeface_sd15/fake/21/7623721_1978-03-01_2010.jpg,0.8555521368980408,0.8184424042701721,1,hybrid,external_test,source_video_disjoint_v1,lowpass_0.1,ffpp_validation_checkpoint,dc728c791e4897a7eabff57cb9a9d5988224c88eea3e4c57bfbba32a2a0bd8e5
402,C:\Users\Rohith Syam\Documents\UTS SEMESTER 3\image processing\idea 2\outputs\generalization_upgrade\02_external_bias_audit\normalized_external\fake\21\8194621_1986-02-16_2009.jpg,1,21/8194621_1986-02-16_2009.jpg,StableDiffusion_v1_5,external_normalized,deepfakeface_sd15/fake/21/8194621_1986-02-16_2009.jpg,0.7891243696212769,0.8184424042701721,0,hybrid,external_test,source_video_disjoint_v1,lowpass_0.1,ffpp_validation_checkpoint,dc728c791e4897a7eabff57cb9a9d5988224c88eea3e4c57bfbba32a2a0bd8e5
403,C:\Users\Rohith Syam\Documents\UTS SEMESTER 3\image processing\idea 2\outputs\generalization_upgrade\02_external_bias_audit\normalized_external\fake\21\8774721_1967-04-29_2010.jpg,1,21/8774721_1967-04-29_2010.jpg,StableDiffusion_v1_5,external_normalized,deepfakeface_sd15/fake/21/8774721_1967-04-29_2010.jpg,0.2355496734380722,0.8184424042701721,0,hybrid,external_test,source_video_disjoint_v1,lowpass_0.1,ffpp_validation_checkpoint,dc728c791e4897a7eabff57cb9a9d5988224c88eea3e4c57bfbba32a2a0bd8e5
404,C:\Users\Rohith Syam\Documents\UTS SEMESTER 3\image processing\idea 2\outputs\generalization_upgrade\02_external_bias_audit\normalized_external\fake\21\8789221_1983-08-14_2012.jpg,1,21/8789221_1983-08-14_2012.jpg,StableDiffusion_v1_5,external_normalized,deepfakeface_sd15/fake/21/8789221_1983-08-14_2012.jpg,0.3299162685871124,0.8184424042701721,0,hybrid,external_test,source_video_disjoint_v1,lowpass_0.1,ffpp_validation_checkpoint,dc728c791e4897a7eabff57cb9a9d5988224c88eea3e4c57bfbba32a2a0bd8e5
405,C:\Users\Rohith Syam\Documents\UTS SEMESTER 3\image processing\idea 2\outputs\generalization_upgrade\02_external_bias_audit\normalized_external\fake\21\9404921_1978-07-09_2009.jpg,1,21/9404921_1978-07-09_2009.jpg,StableDiffusion_v1_5,external_normalized,deepfakeface_sd15/fake/21/9404921_1978-07-09_2009.jpg,0.47872912883758545,0.8184424042701721,0,hybrid,external_test,source_video_disjoint_v1,lowpass_0.1,ffpp_validation_checkpoint,dc728c791e4897a7eabff57cb9a9d5988224c88eea3e4c57bfbba32a2a0bd8e5
406,C:\Users\Rohith Syam\Documents\UTS SEMESTER 3\image processing\idea 2\outputs\generalization_upgrade\02_external_bias_audit\normalized_external\fake\24\2968824_1963-05-26_2011.jpg,1,24/2968824_1963-05-26_2011.jpg,StableDiffusion_v1_5,external_normalized,deepfakeface_sd15/fake/24/2968824_1963-05-26_2011.jpg,0.9290429949760437,0.8184424042701721,1,hybrid,external_test,source_video_disjoint_v1,lowpass_0.1,ffpp_validation_checkpoint,dc728c791e4897a7eabff57cb9a9d5988224c88eea3e4c57bfbba32a2a0bd8e5
407,C:\Users\Rohith Syam\Documents\UTS SEMESTER 3\image processing\idea 2\outputs\generalization_upgrade\02_external_bias_audit\normalized_external\fake\26\503926_1976-12-31_2009.jpg,1,26/503926_1976-12-31_2009.jpg,StableDiffusion_v1_5,external_normalized,deepfakeface_sd15/fake/26/503926_1976-12-31_2009.jpg,0.785878598690033,0.8184424042701721,0,hybrid,external_test,source_video_disjoint_v1,lowpass_0.1,ffpp_validation_checkpoint,dc728c791e4897a7eabff57cb9a9d5988224c88eea3e4c57bfbba32a2a0bd8e5
408,C:\Users\Rohith Syam\Documents\UTS SEMESTER 3\image processing\idea 2\outputs\generalization_upgrade\02_external_bias_audit\normalized_external\fake\30\11772430_1938-04-14_2008.jpg,1,30/11772430_1938-04-14_2008.jpg,StableDiffusion_v1_5,external_normalized,deepfakeface_sd15/fake/30/11772430_1938-04-14_2008.jpg,0.9308527708053589,0.8184424042701721,1,hybrid,external_test,source_video_disjoint_v1,lowpass_0.1,ffpp_validation_checkpoint,dc728c791e4897a7eabff57cb9a9d5988224c88eea3e4c57bfbba32a2a0bd8e5
409,C:\Users\Rohith Syam\Documents\UTS SEMESTER 3\image processing\idea 2\outputs\generalization_upgrade\02_external_bias_audit\normalized_external\fake\34\1149234_1978-10-03_2010.jpg,1,34/1149234_1978-10-03_2010.jpg,StableDiffusion_v1_5,external_normalized,deepfakeface_sd15/fake/34/1149234_1978-10-03_2010.jpg,0.8761246800422668,0.8184424042701721,1,hybrid,external_test,source_video_disjoint_v1,lowpass_0.1,ffpp_validation_checkpoint,dc728c791e4897a7eabff57cb9a9d5988224c88eea3e4c57bfbba32a2a0bd8e5
410,C:\Users\Rohith Syam\Documents\UTS SEMESTER 3\image processing\idea 2\outputs\generalization_upgrade\02_external_bias_audit\normalized_external\fake\34\11653234_1986-12-23_2012.jpg,1,34/11653234_1986-12-23_2012.jpg,StableDiffusion_v1_5,external_normalized,deepfakeface_sd15/fake/34/11653234_1986-12-23_2012.jpg,0.8045176863670349,0.8184424042701721,0,hybrid,external_test,source_video_disjoint_v1,lowpass_0.1,ffpp_validation_checkpoint,dc728c791e4897a7eabff57cb9a9d5988224c88eea3e4c57bfbba32a2a0bd8e5
411,C:\Users\Rohith Syam\Documents\UTS SEMESTER 3\image processing\idea 2\outputs\generalization_upgrade\02_external_bias_audit\normalized_external\fake\34\1266534_1975-11-03_2011.jpg,1,34/1266534_1975-11-03_2011.jpg,StableDiffusion_v1_5,external_normalized,deepfakeface_sd15/fake/34/1266534_1975-11-03_2011.jpg,0.3858199417591095,0.8184424042701721,0,hybrid,external_test,source_video_disjoint_v1,lowpass_0.1,ffpp_validation_checkpoint,dc728c791e4897a7eabff57cb9a9d5988224c88eea3e4c57bfbba32a2a0bd8e5
412,C:\Users\Rohith Syam\Documents\UTS SEMESTER 3\image processing\idea 2\outputs\generalization_upgrade\02_external_bias_audit\normalized_external\fake\34\12829834_1950-08-15_2002.jpg,1,34/12829834_1950-08-15_2002.jpg,StableDiffusion_v1_5,external_normalized,deepfakeface_sd15/fake/34/12829834_1950-08-15_2002.jpg,0.5338046550750732,0.8184424042701721,0,hybrid,external_test,source_video_disjoint_v1,lowpass_0.1,ffpp_validation_checkpoint,dc728c791e4897a7eabff57cb9a9d5988224c88eea3e4c57bfbba32a2a0bd8e5
413,C:\Users\Rohith Syam\Documents\UTS SEMESTER 3\image processing\idea 2\outputs\generalization_upgrade\02_external_bias_audit\normalized_external\fake\34\13846034_1977-08-30_2009.jpg,1,34/13846034_1977-08-30_2009.jpg,StableDiffusion_v1_5,external_normalized,deepfakeface_sd15/fake/34/13846034_1977-08-30_2009.jpg,0.9918937087059021,0.8184424042701721,1,hybrid,external_test,source_video_disjoint_v1,lowpass_0.1,ffpp_validation_checkpoint,dc728c791e4897a7eabff57cb9a9d5988224c88eea3e4c57bfbba32a2a0bd8e5
414,C:\Users\Rohith Syam\Documents\UTS SEMESTER 3\image processing\idea 2\outputs\generalization_upgrade\02_external_bias_audit\normalized_external\fake\34\1386234_1952-04-25_2004.jpg,1,34/1386234_1952-04-25_2004.jpg,StableDiffusion_v1_5,external_normalized,deepfakeface_sd15/fake/34/1386234_1952-04-25_2004.jpg,0.6224517822265625,0.8184424042701721,0,hybrid,external_test,source_video_disjoint_v1,lowpass_0.1,ffpp_validation_checkpoint,dc728c791e4897a7eabff57cb9a9d5988224c88eea3e4c57bfbba32a2a0bd8e5
415,C:\Users\Rohith Syam\Documents\UTS SEMESTER 3\image processing\idea 2\outputs\generalization_upgrade\02_external_bias_audit\normalized_external\fake\34\19258134_1986-05-13_2009.jpg,1,34/19258134_1986-05-13_2009.jpg,StableDiffusion_v1_5,external_normalized,deepfakeface_sd15/fake/34/19258134_1986-05-13_2009.jpg,0.7919551730155945,0.8184424042701721,0,hybrid,external_test,source_video_disjoint_v1,lowpass_0.1,ffpp_validation_checkpoint,dc728c791e4897a7eabff57cb9a9d5988224c88eea3e4c57bfbba32a2a0bd8e5
416,C:\Users\Rohith Syam\Documents\UTS SEMESTER 3\image processing\idea 2\outputs\generalization_upgrade\02_external_bias_audit\normalized_external\fake\34\19354934_1986-10-18_2009.jpg,1,34/19354934_1986-10-18_2009.jpg,StableDiffusion_v1_5,external_normalized,deepfakeface_sd15/fake/34/19354934_1986-10-18_2009.jpg,0.3259826898574829,0.8184424042701721,0,hybrid,external_test,source_video_disjoint_v1,lowpass_0.1,ffpp_validation_checkpoint,dc728c791e4897a7eabff57cb9a9d5988224c88eea3e4c57bfbba32a2a0bd8e5
417,C:\Users\Rohith Syam\Documents\UTS SEMESTER 3\image processing\idea 2\outputs\generalization_upgrade\02_external_bias_audit\normalized_external\fake\34\20500734_1950-03-30_2014.jpg,1,34/20500734_1950-03-30_2014.jpg,StableDiffusion_v1_5,external_normalized,deepfakeface_sd15/fake/34/20500734_1950-03-30_2014.jpg,0.6948474049568176,0.8184424042701721,0,hybrid,external_test,source_video_disjoint_v1,lowpass_0.1,ffpp_validation_checkpoint,dc728c791e4897a7eabff57cb9a9d5988224c88eea3e4c57bfbba32a2a0bd8e5
418,C:\Users\Rohith Syam\Documents\UTS SEMESTER 3\image processing\idea 2\outputs\generalization_upgrade\02_external_bias_audit\normalized_external\fake\34\21284234_1983-06-02_2011.jpg,1,34/21284234_1983-06-02_2011.jpg,StableDiffusion_v1_5,external_normalized,deepfakeface_sd15/fake/34/21284234_1983-06-02_2011.jpg,0.875319242477417,0.8184424042701721,1,hybrid,external_test,source_video_disjoint_v1,lowpass_0.1,ffpp_validation_checkpoint,dc728c791e4897a7eabff57cb9a9d5988224c88eea3e4c57bfbba32a2a0bd8e5
419,C:\Users\Rohith Syam\Documents\UTS SEMESTER 3\image processing\idea 2\outputs\generalization_upgrade\02_external_bias_audit\normalized_external\fake\34\23945334_1979-07-30_2008.jpg,1,34/23945334_1979-07-30_2008.jpg,StableDiffusion_v1_5,external_normalized,deepfakeface_sd15/fake/34/23945334_1979-07-30_2008.jpg,0.989770770072937,0.8184424042701721,1,hybrid,external_test,source_video_disjoint_v1,lowpass_0.1,ffpp_validation_checkpoint,dc728c791e4897a7eabff57cb9a9d5988224c88eea3e4c57bfbba32a2a0bd8e5
420,C:\Users\Rohith Syam\Documents\UTS SEMESTER 3\image processing\idea 2\outputs\generalization_upgrade\02_external_bias_audit\normalized_external\fake\34\25905034_1992-04-05_2009.jpg,1,34/25905034_1992-04-05_2009.jpg,StableDiffusion_v1_5,external_normalized,deepfakeface_sd15/fake/34/25905034_1992-04-05_2009.jpg,0.08310366421937943,0.8184424042701721,0,hybrid,external_test,source_video_disjoint_v1,lowpass_0.1,ffpp_validation_checkpoint,dc728c791e4897a7eabff57cb9a9d5988224c88eea3e4c57bfbba32a2a0bd8e5
421,C:\Users\Rohith Syam\Documents\UTS SEMESTER 3\image processing\idea 2\outputs\generalization_upgrade\02_external_bias_audit\normalized_external\fake\34\276834_1928-01-30_2010.jpg,1,34/276834_1928-01-30_2010.jpg,StableDiffusion_v1_5,external_normalized,deepfakeface_sd15/fake/34/276834_1928-01-30_2010.jpg,0.708737850189209,0.8184424042701721,0,hybrid,external_test,source_video_disjoint_v1,lowpass_0.1,ffpp_validation_checkpoint,dc728c791e4897a7eabff57cb9a9d5988224c88eea3e4c57bfbba32a2a0bd8e5
422,C:\Users\Rohith Syam\Documents\UTS SEMESTER 3\image processing\idea 2\outputs\generalization_upgrade\02_external_bias_audit\normalized_external\fake\34\32504534_1990-12-18_2011.jpg,1,34/32504534_1990-12-18_2011.jpg,StableDiffusion_v1_5,external_normalized,deepfakeface_sd15/fake/34/32504534_1990-12-18_2011.jpg,0.8443059921264648,0.8184424042701721,1,hybrid,external_test,source_video_disjoint_v1,lowpass_0.1,ffpp_validation_checkpoint,dc728c791e4897a7eabff57cb9a9d5988224c88eea3e4c57bfbba32a2a0bd8e5
423,C:\Users\Rohith Syam\Documents\UTS SEMESTER 3\image processing\idea 2\outputs\generalization_upgrade\02_external_bias_audit\normalized_external\fake\34\32670934_1973-08-28_2013.jpg,1,34/32670934_1973-08-28_2013.jpg,StableDiffusion_v1_5,external_normalized,deepfakeface_sd15/fake/34/32670934_1973-08-28_2013.jpg,0.6223602294921875,0.8184424042701721,0,hybrid,external_test,source_video_disjoint_v1,lowpass_0.1,ffpp_validation_checkpoint,dc728c791e4897a7eabff57cb9a9d5988224c88eea3e4c57bfbba32a2a0bd8e5
424,C:\Users\Rohith Syam\Documents\UTS SEMESTER 3\image processing\idea 2\outputs\generalization_upgrade\02_external_bias_audit\normalized_external\fake\34\33682634_1989-09-15_2011.jpg,1,34/33682634_1989-09-15_2011.jpg,StableDiffusion_v1_5,external_normalized,deepfakeface_sd15/fake/34/33682634_1989-09-15_2011.jpg,0.9480002522468567,0.8184424042701721,1,hybrid,external_test,source_video_disjoint_v1,lowpass_0.1,ffpp_validation_checkpoint,dc728c791e4897a7eabff57cb9a9d5988224c88eea3e4c57bfbba32a2a0bd8e5
425,C:\Users\Rohith Syam\Documents\UTS SEMESTER 3\image processing\idea 2\outputs\generalization_upgrade\02_external_bias_audit\normalized_external\fake\34\36722334_1937-08-31_2005.jpg,1,34/36722334_1937-08-31_2005.jpg,StableDiffusion_v1_5,external_normalized,deepfakeface_sd15/fake/34/36722334_1937-08-31_2005.jpg,0.4943864047527313,0.8184424042701721,0,hybrid,external_test,source_video_disjoint_v1,lowpass_0.1,ffpp_validation_checkpoint,dc728c791e4897a7eabff57cb9a9d5988224c88eea3e4c57bfbba32a2a0bd8e5
426,C:\Users\Rohith Syam\Documents\UTS SEMESTER 3\image processing\idea 2\outputs\generalization_upgrade\02_external_bias_audit\normalized_external\fake\34\39718934_1987-12-07_2013.jpg,1,34/39718934_1987-12-07_2013.jpg,StableDiffusion_v1_5,external_normalized,deepfakeface_sd15/fake/34/39718934_1987-12-07_2013.jpg,0.7343442440032959,0.8184424042701721,0,hybrid,external_test,source_video_disjoint_v1,lowpass_0.1,ffpp_validation_checkpoint,dc728c791e4897a7eabff57cb9a9d5988224c88eea3e4c57bfbba32a2a0bd8e5
427,C:\Users\Rohith Syam\Documents\UTS SEMESTER 3\image processing\idea 2\outputs\generalization_upgrade\02_external_bias_audit\normalized_external\fake\34\398734_1932-05-04_1955.jpg,1,34/398734_1932-05-04_1955.jpg,StableDiffusion_v1_5,external_normalized,deepfakeface_sd15/fake/34/398734_1932-05-04_1955.jpg,0.039806775748729706,0.8184424042701721,0,hybrid,external_test,source_video_disjoint_v1,lowpass_0.1,ffpp_validation_checkpoint,dc728c791e4897a7eabff57cb9a9d5988224c88eea3e4c57bfbba32a2a0bd8e5
428,C:\Users\Rohith Syam\Documents\UTS SEMESTER 3\image processing\idea 2\outputs\generalization_upgrade\02_external_bias_audit\normalized_external\fake\34\42708434_1996-03-11_2013.jpg,1,34/42708434_1996-03-11_2013.jpg,StableDiffusion_v1_5,external_normalized,deepfakeface_sd15/fake/34/42708434_1996-03-11_2013.jpg,0.5061159133911133,0.8184424042701721,0,hybrid,external_test,source_video_disjoint_v1,lowpass_0.1,ffpp_validation_checkpoint,dc728c791e4897a7eabff57cb9a9d5988224c88eea3e4c57bfbba32a2a0bd8e5
429,C:\Users\Rohith Syam\Documents\UTS SEMESTER 3\image processing\idea 2\outputs\generalization_upgrade\02_external_bias_audit\normalized_external\fake\34\43639934_1912-04-03_2003.jpg,1,34/43639934_1912-04-03_2003.jpg,StableDiffusion_v1_5,external_normalized,deepfakeface_sd15/fake/34/43639934_1912-04-03_2003.jpg,0.09067657589912415,0.8184424042701721,0,hybrid,external_test,source_video_disjoint_v1,lowpass_0.1,ffpp_validation_checkpoint,dc728c791e4897a7eabff57cb9a9d5988224c88eea3e4c57bfbba32a2a0bd8e5
430,C:\Users\Rohith Syam\Documents\UTS SEMESTER 3\image processing\idea 2\outputs\generalization_upgrade\02_external_bias_audit\normalized_external\fake\34\440034_1924-04-29_1963.jpg,1,34/440034_1924-04-29_1963.jpg,StableDiffusion_v1_5,external_normalized,deepfakeface_sd15/fake/34/440034_1924-04-29_1963.jpg,0.995489776134491,0.8184424042701721,1,hybrid,external_test,source_video_disjoint_v1,lowpass_0.1,ffpp_validation_checkpoint,dc728c791e4897a7eabff57cb9a9d5988224c88eea3e4c57bfbba32a2a0bd8e5
431,C:\Users\Rohith Syam\Documents\UTS SEMESTER 3\image processing\idea 2\outputs\generalization_upgrade\02_external_bias_audit\normalized_external\fake\34\4413434_1984-01-21_2013.jpg,1,34/4413434_1984-01-21_2013.jpg,StableDiffusion_v1_5,external_normalized,deepfakeface_sd15/fake/34/4413434_1984-01-21_2013.jpg,0.8209808468818665,0.8184424042701721,1,hybrid,external_test,source_video_disjoint_v1,lowpass_0.1,ffpp_validation_checkpoint,dc728c791e4897a7eabff57cb9a9d5988224c88eea3e4c57bfbba32a2a0bd8e5
432,C:\Users\Rohith Syam\Documents\UTS SEMESTER 3\image processing\idea 2\outputs\generalization_upgrade\02_external_bias_audit\normalized_external\fake\34\4998434_1979-05-16_2005.jpg,1,34/4998434_1979-05-16_2005.jpg,StableDiffusion_v1_5,external_normalized,deepfakeface_sd15/fake/34/4998434_1979-05-16_2005.jpg,0.960696280002594,0.8184424042701721,1,hybrid,external_test,source_video_disjoint_v1,lowpass_0.1,ffpp_validation_checkpoint,dc728c791e4897a7eabff57cb9a9d5988224c88eea3e4c57bfbba32a2a0bd8e5
433,C:\Users\Rohith Syam\Documents\UTS SEMESTER 3\image processing\idea 2\outputs\generalization_upgrade\02_external_bias_audit\normalized_external\fake\34\5354734_1976-10-17_1995.jpg,1,34/5354734_1976-10-17_1995.jpg,StableDiffusion_v1_5,external_normalized,deepfakeface_sd15/fake/34/5354734_1976-10-17_1995.jpg,0.004191164392977953,0.8184424042701721,0,hybrid,external_test,source_video_disjoint_v1,lowpass_0.1,ffpp_validation_checkpoint,dc728c791e4897a7eabff57cb9a9d5988224c88eea3e4c57bfbba32a2a0bd8e5
434,C:\Users\Rohith Syam\Documents\UTS SEMESTER 3\image processing\idea 2\outputs\generalization_upgrade\02_external_bias_audit\normalized_external\fake\34\603934_1963-12-04_2013.jpg,1,34/603934_1963-12-04_2013.jpg,StableDiffusion_v1_5,external_normalized,deepfakeface_sd15/fake/34/603934_1963-12-04_2013.jpg,0.6169280409812927,0.8184424042701721,0,hybrid,external_test,source_video_disjoint_v1,lowpass_0.1,ffpp_validation_checkpoint,dc728c791e4897a7eabff57cb9a9d5988224c88eea3e4c57bfbba32a2a0bd8e5
435,C:\Users\Rohith Syam\Documents\UTS SEMESTER 3\image processing\idea 2\outputs\generalization_upgrade\02_external_bias_audit\normalized_external\fake\34\78834_1970-04-29_2014.jpg,1,34/78834_1970-04-29_2014.jpg,StableDiffusion_v1_5,external_normalized,deepfakeface_sd15/fake/34/78834_1970-04-29_2014.jpg,0.9924641847610474,0.8184424042701721,1,hybrid,external_test,source_video_disjoint_v1,lowpass_0.1,ffpp_validation_checkpoint,dc728c791e4897a7eabff57cb9a9d5988224c88eea3e4c57bfbba32a2a0bd8e5
436,C:\Users\Rohith Syam\Documents\UTS SEMESTER 3\image processing\idea 2\outputs\generalization_upgrade\02_external_bias_audit\normalized_external\fake\34\9326434_1987-05-02_2006.jpg,1,34/9326434_1987-05-02_2006.jpg,StableDiffusion_v1_5,external_normalized,deepfakeface_sd15/fake/34/9326434_1987-05-02_2006.jpg,0.9974748492240906,0.8184424042701721,1,hybrid,external_test,source_video_disjoint_v1,lowpass_0.1,ffpp_validation_checkpoint,dc728c791e4897a7eabff57cb9a9d5988224c88eea3e4c57bfbba32a2a0bd8e5
437,C:\Users\Rohith Syam\Documents\UTS SEMESTER 3\image processing\idea 2\outputs\generalization_upgrade\02_external_bias_audit\normalized_external\fake\35\10970235_1972-10-10_2010.jpg,1,35/10970235_1972-10-10_2010.jpg,StableDiffusion_v1_5,external_normalized,deepfakeface_sd15/fake/35/10970235_1972-10-10_2010.jpg,0.9681448340415955,0.8184424042701721,1,hybrid,external_test,source_video_disjoint_v1,lowpass_0.1,ffpp_validation_checkpoint,dc728c791e4897a7eabff57cb9a9d5988224c88eea3e4c57bfbba32a2a0bd8e5
438,C:\Users\Rohith Syam\Documents\UTS SEMESTER 3\image processing\idea 2\outputs\generalization_upgrade\02_external_bias_audit\normalized_external\fake\35\12523735_1981-04-21_2014.jpg,1,35/12523735_1981-04-21_2014.jpg,StableDiffusion_v1_5,external_normalized,deepfakeface_sd15/fake/35/12523735_1981-04-21_2014.jpg,0.18997609615325928,0.8184424042701721,0,hybrid,external_test,source_video_disjoint_v1,lowpass_0.1,ffpp_validation_checkpoint,dc728c791e4897a7eabff57cb9a9d5988224c88eea3e4c57bfbba32a2a0bd8e5
439,C:\Users\Rohith Syam\Documents\UTS SEMESTER 3\image processing\idea 2\outputs\generalization_upgrade\02_external_bias_audit\normalized_external\fake\35\1323135_1941-09-15_1966.jpg,1,35/1323135_1941-09-15_1966.jpg,StableDiffusion_v1_5,external_normalized,deepfakeface_sd15/fake/35/1323135_1941-09-15_1966.jpg,0.9965789914131165,0.8184424042701721,1,hybrid,external_test,source_video_disjoint_v1,lowpass_0.1,ffpp_validation_checkpoint,dc728c791e4897a7eabff57cb9a9d5988224c88eea3e4c57bfbba32a2a0bd8e5
440,C:\Users\Rohith Syam\Documents\UTS SEMESTER 3\image processing\idea 2\outputs\generalization_upgrade\02_external_bias_audit\normalized_external\fake\35\13774535_1942-06-09_1957.jpg,1,35/13774535_1942-06-09_1957.jpg,StableDiffusion_v1_5,external_normalized,deepfakeface_sd15/fake/35/13774535_1942-06-09_1957.jpg,0.9979097247123718,0.8184424042701721,1,hybrid,external_test,source_video_disjoint_v1,lowpass_0.1,ffpp_validation_checkpoint,dc728c791e4897a7eabff57cb9a9d5988224c88eea3e4c57bfbba32a2a0bd8e5
441,C:\Users\Rohith Syam\Documents\UTS SEMESTER 3\image processing\idea 2\outputs\generalization_upgrade\02_external_bias_audit\normalized_external\fake\35\14180235_1985-10-27_2015.jpg,1,35/14180235_1985-10-27_2015.jpg,StableDiffusion_v1_5,external_normalized,deepfakeface_sd15/fake/35/14180235_1985-10-27_2015.jpg,0.3566754162311554,0.8184424042701721,0,hybrid,external_test,source_video_disjoint_v1,lowpass_0.1,ffpp_validation_checkpoint,dc728c791e4897a7eabff57cb9a9d5988224c88eea3e4c57bfbba32a2a0bd8e5
442,C:\Users\Rohith Syam\Documents\UTS SEMESTER 3\image processing\idea 2\outputs\generalization_upgrade\02_external_bias_audit\normalized_external\fake\35\14347235_1959-06-15_2013.jpg,1,35/14347235_1959-06-15_2013.jpg,StableDiffusion_v1_5,external_normalized,deepfakeface_sd15/fake/35/14347235_1959-06-15_2013.jpg,0.9823005795478821,0.8184424042701721,1,hybrid,external_test,source_video_disjoint_v1,lowpass_0.1,ffpp_validation_checkpoint,dc728c791e4897a7eabff57cb9a9d5988224c88eea3e4c57bfbba32a2a0bd8e5
443,C:\Users\Rohith Syam\Documents\UTS SEMESTER 3\image processing\idea 2\outputs\generalization_upgrade\02_external_bias_audit\normalized_external\fake\35\1437535_1935-02-22_2010.jpg,1,35/1437535_1935-02-22_2010.jpg,StableDiffusion_v1_5,external_normalized,deepfakeface_sd15/fake/35/1437535_1935-02-22_2010.jpg,0.07464243471622467,0.8184424042701721,0,hybrid,external_test,source_video_disjoint_v1,lowpass_0.1,ffpp_validation_checkpoint,dc728c791e4897a7eabff57cb9a9d5988224c88eea3e4c57bfbba32a2a0bd8e5
444,C:\Users\Rohith Syam\Documents\UTS SEMESTER 3\image processing\idea 2\outputs\generalization_upgrade\02_external_bias_audit\normalized_external\fake\35\14619035_1990-02-25_2014.jpg,1,35/14619035_1990-02-25_2014.jpg,StableDiffusion_v1_5,external_normalized,deepfakeface_sd15/fake/35/14619035_1990-02-25_2014.jpg,0.9647198915481567,0.8184424042701721,1,hybrid,external_test,source_video_disjoint_v1,lowpass_0.1,ffpp_validation_checkpoint,dc728c791e4897a7eabff57cb9a9d5988224c88eea3e4c57bfbba32a2a0bd8e5
445,C:\Users\Rohith Syam\Documents\UTS SEMESTER 3\image processing\idea 2\outputs\generalization_upgrade\02_external_bias_audit\normalized_external\fake\35\1566935_1953-09-11_2010.jpg,1,35/1566935_1953-09-11_2010.jpg,StableDiffusion_v1_5,external_normalized,deepfakeface_sd15/fake/35/1566935_1953-09-11_2010.jpg,0.6948868632316589,0.8184424042701721,0,hybrid,external_test,source_video_disjoint_v1,lowpass_0.1,ffpp_validation_checkpoint,dc728c791e4897a7eabff57cb9a9d5988224c88eea3e4c57bfbba32a2a0bd8e5
446,C:\Users\Rohith Syam\Documents\UTS SEMESTER 3\image processing\idea 2\outputs\generalization_upgrade\02_external_bias_audit\normalized_external\fake\35\16105135_1980-04-18_2012.jpg,1,35/16105135_1980-04-18_2012.jpg,StableDiffusion_v1_5,external_normalized,deepfakeface_sd15/fake/35/16105135_1980-04-18_2012.jpg,0.9482259750366211,0.8184424042701721,1,hybrid,external_test,source_video_disjoint_v1,lowpass_0.1,ffpp_validation_checkpoint,dc728c791e4897a7eabff57cb9a9d5988224c88eea3e4c57bfbba32a2a0bd8e5
447,C:\Users\Rohith Syam\Documents\UTS SEMESTER 3\image processing\idea 2\outputs\generalization_upgrade\02_external_bias_audit\normalized_external\fake\35\17974235_1973-06-13_2009.jpg,1,35/17974235_1973-06-13_2009.jpg,StableDiffusion_v1_5,external_normalized,deepfakeface_sd15/fake/35/17974235_1973-06-13_2009.jpg,0.9885534048080444,0.8184424042701721,1,hybrid,external_test,source_video_disjoint_v1,lowpass_0.1,ffpp_validation_checkpoint,dc728c791e4897a7eabff57cb9a9d5988224c88eea3e4c57bfbba32a2a0bd8e5
448,C:\Users\Rohith Syam\Documents\UTS SEMESTER 3\image processing\idea 2\outputs\generalization_upgrade\02_external_bias_audit\normalized_external\fake\35\18933035_1982-08-26_2012.jpg,1,35/18933035_1982-08-26_2012.jpg,StableDiffusion_v1_5,external_normalized,deepfakeface_sd15/fake/35/18933035_1982-08-26_2012.jpg,0.9758799076080322,0.8184424042701721,1,hybrid,external_test,source_video_disjoint_v1,lowpass_0.1,ffpp_validation_checkpoint,dc728c791e4897a7eabff57cb9a9d5988224c88eea3e4c57bfbba32a2a0bd8e5
449,C:\Users\Rohith Syam\Documents\UTS SEMESTER 3\image processing\idea 2\outputs\generalization_upgrade\02_external_bias_audit\normalized_external\fake\35\19966435_1968-04-03_2012.jpg,1,35/19966435_1968-04-03_2012.jpg,StableDiffusion_v1_5,external_normalized,deepfakeface_sd15/fake/35/19966435_1968-04-03_2012.jpg,0.8506456613540649,0.8184424042701721,1,hybrid,external_test,source_video_disjoint_v1,lowpass_0.1,ffpp_validation_checkpoint,dc728c791e4897a7eabff57cb9a9d5988224c88eea3e4c57bfbba32a2a0bd8e5
450,C:\Users\Rohith Syam\Documents\UTS SEMESTER 3\image processing\idea 2\outputs\generalization_upgrade\02_external_bias_audit\normalized_external\fake\35\2357835_1982-06-16_2014.jpg,1,35/2357835_1982-06-16_2014.jpg,StableDiffusion_v1_5,external_normalized,deepfakeface_sd15/fake/35/2357835_1982-06-16_2014.jpg,0.7224121689796448,0.8184424042701721,0,hybrid,external_test,source_video_disjoint_v1,lowpass_0.1,ffpp_validation_checkpoint,dc728c791e4897a7eabff57cb9a9d5988224c88eea3e4c57bfbba32a2a0bd8e5
451,C:\Users\Rohith Syam\Documents\UTS SEMESTER 3\image processing\idea 2\outputs\generalization_upgrade\02_external_bias_audit\normalized_external\fake\35\2663135_1941-03-20_2008.jpg,1,35/2663135_1941-03-20_2008.jpg,StableDiffusion_v1_5,external_normalized,deepfakeface_sd15/fake/35/2663135_1941-03-20_2008.jpg,0.13405166566371918,0.8184424042701721,0,hybrid,external_test,source_video_disjoint_v1,lowpass_0.1,ffpp_validation_checkpoint,dc728c791e4897a7eabff57cb9a9d5988224c88eea3e4c57bfbba32a2a0bd8e5
452,C:\Users\Rohith Syam\Documents\UTS SEMESTER 3\image processing\idea 2\outputs\generalization_upgrade\02_external_bias_audit\normalized_external\fake\35\2667535_1937-12-16_1985.jpg,1,35/2667535_1937-12-16_1985.jpg,StableDiffusion_v1_5,external_normalized,deepfakeface_sd15/fake/35/2667535_1937-12-16_1985.jpg,0.7937492728233337,0.8184424042701721,0,hybrid,external_test,source_video_disjoint_v1,lowpass_0.1,ffpp_validation_checkpoint,dc728c791e4897a7eabff57cb9a9d5988224c88eea3e4c57bfbba32a2a0bd8e5
453,C:\Users\Rohith Syam\Documents\UTS SEMESTER 3\image processing\idea 2\outputs\generalization_upgrade\02_external_bias_audit\normalized_external\fake\35\28265335_1988-06-22_2013.jpg,1,35/28265335_1988-06-22_2013.jpg,StableDiffusion_v1_5,external_normalized,deepfakeface_sd15/fake/35/28265335_1988-06-22_2013.jpg,0.8532570600509644,0.8184424042701721,1,hybrid,external_test,source_video_disjoint_v1,lowpass_0.1,ffpp_validation_checkpoint,dc728c791e4897a7eabff57cb9a9d5988224c88eea3e4c57bfbba32a2a0bd8e5
454,C:\Users\Rohith Syam\Documents\UTS SEMESTER 3\image processing\idea 2\outputs\generalization_upgrade\02_external_bias_audit\normalized_external\fake\35\30385335_1991-08-22_2011.jpg,1,35/30385335_1991-08-22_2011.jpg,StableDiffusion_v1_5,external_normalized,deepfakeface_sd15/fake/35/30385335_1991-08-22_2011.jpg,0.8367206454277039,0.8184424042701721,1,hybrid,external_test,source_video_disjoint_v1,lowpass_0.1,ffpp_validation_checkpoint,dc728c791e4897a7eabff57cb9a9d5988224c88eea3e4c57bfbba32a2a0bd8e5
455,C:\Users\Rohith Syam\Documents\UTS SEMESTER 3\image processing\idea 2\outputs\generalization_upgrade\02_external_bias_audit\normalized_external\fake\35\3110335_1948-04-03_2012.jpg,1,35/3110335_1948-04-03_2012.jpg,StableDiffusion_v1_5,external_normalized,deepfakeface_sd15/fake/35/3110335_1948-04-03_2012.jpg,0.5311830043792725,0.8184424042701721,0,hybrid,external_test,source_video_disjoint_v1,lowpass_0.1,ffpp_validation_checkpoint,dc728c791e4897a7eabff57cb9a9d5988224c88eea3e4c57bfbba32a2a0bd8e5
456,C:\Users\Rohith Syam\Documents\UTS SEMESTER 3\image processing\idea 2\outputs\generalization_upgrade\02_external_bias_audit\normalized_external\fake\35\31663335_1976-06-05_2013.jpg,1,35/31663335_1976-06-05_2013.jpg,StableDiffusion_v1_5,external_normalized,deepfakeface_sd15/fake/35/31663335_1976-06-05_2013.jpg,0.5589055418968201,0.8184424042701721,0,hybrid,external_test,source_video_disjoint_v1,lowpass_0.1,ffpp_validation_checkpoint,dc728c791e4897a7eabff57cb9a9d5988224c88eea3e4c57bfbba32a2a0bd8e5
457,C:\Users\Rohith Syam\Documents\UTS SEMESTER 3\image processing\idea 2\outputs\generalization_upgrade\02_external_bias_audit\normalized_external\fake\35\32471435_1932-05-10_1959.jpg,1,35/32471435_1932-05-10_1959.jpg,StableDiffusion_v1_5,external_normalized,deepfakeface_sd15/fake/35/32471435_1932-05-10_1959.jpg,0.484556645154953,0.8184424042701721,0,hybrid,external_test,source_video_disjoint_v1,lowpass_0.1,ffpp_validation_checkpoint,dc728c791e4897a7eabff57cb9a9d5988224c88eea3e4c57bfbba32a2a0bd8e5
458,C:\Users\Rohith Syam\Documents\UTS SEMESTER 3\image processing\idea 2\outputs\generalization_upgrade\02_external_bias_audit\normalized_external\fake\35\33199835_1985-06-12_2011.jpg,1,35/33199835_1985-06-12_2011.jpg,StableDiffusion_v1_5,external_normalized,deepfakeface_sd15/fake/35/33199835_1985-06-12_2011.jpg,0.6651244759559631,0.8184424042701721,0,hybrid,external_test,source_video_disjoint_v1,lowpass_0.1,ffpp_validation_checkpoint,dc728c791e4897a7eabff57cb9a9d5988224c88eea3e4c57bfbba32a2a0bd8e5
459,C:\Users\Rohith Syam\Documents\UTS SEMESTER 3\image processing\idea 2\outputs\generalization_upgrade\02_external_bias_audit\normalized_external\fake\35\3338735_1981-11-16_2013.jpg,1,35/3338735_1981-11-16_2013.jpg,StableDiffusion_v1_5,external_normalized,deepfakeface_sd15/fake/35/3338735_1981-11-16_2013.jpg,0.9343087673187256,0.8184424042701721,1,hybrid,external_test,source_video_disjoint_v1,lowpass_0.1,ffpp_validation_checkpoint,dc728c791e4897a7eabff57cb9a9d5988224c88eea3e4c57bfbba32a2a0bd8e5
460,C:\Users\Rohith Syam\Documents\UTS SEMESTER 3\image processing\idea 2\outputs\generalization_upgrade\02_external_bias_audit\normalized_external\fake\35\34163535_1988-04-03_2011.jpg,1,35/34163535_1988-04-03_2011.jpg,StableDiffusion_v1_5,external_normalized,deepfakeface_sd15/fake/35/34163535_1988-04-03_2011.jpg,0.9283609390258789,0.8184424042701721,1,hybrid,external_test,source_video_disjoint_v1,lowpass_0.1,ffpp_validation_checkpoint,dc728c791e4897a7eabff57cb9a9d5988224c88eea3e4c57bfbba32a2a0bd8e5
461,C:\Users\Rohith Syam\Documents\UTS SEMESTER 3\image processing\idea 2\outputs\generalization_upgrade\02_external_bias_audit\normalized_external\fake\35\36702535_1992-07-04_2012.jpg,1,35/36702535_1992-07-04_2012.jpg,StableDiffusion_v1_5,external_normalized,deepfakeface_sd15/fake/35/36702535_1992-07-04_2012.jpg,0.9049443602561951,0.8184424042701721,1,hybrid,external_test,source_video_disjoint_v1,lowpass_0.1,ffpp_validation_checkpoint,dc728c791e4897a7eabff57cb9a9d5988224c88eea3e4c57bfbba32a2a0bd8e5
462,C:\Users\Rohith Syam\Documents\UTS SEMESTER 3\image processing\idea 2\outputs\generalization_upgrade\02_external_bias_audit\normalized_external\fake\35\4943835_1891-09-22_1968.jpg,1,35/4943835_1891-09-22_1968.jpg,StableDiffusion_v1_5,external_normalized,deepfakeface_sd15/fake/35/4943835_1891-09-22_1968.jpg,0.3533274829387665,0.8184424042701721,0,hybrid,external_test,source_video_disjoint_v1,lowpass_0.1,ffpp_validation_checkpoint,dc728c791e4897a7eabff57cb9a9d5988224c88eea3e4c57bfbba32a2a0bd8e5
463,C:\Users\Rohith Syam\Documents\UTS SEMESTER 3\image processing\idea 2\outputs\generalization_upgrade\02_external_bias_audit\normalized_external\fake\35\6232035_1987-09-07_2013.jpg,1,35/6232035_1987-09-07_2013.jpg,StableDiffusion_v1_5,external_normalized,deepfakeface_sd15/fake/35/6232035_1987-09-07_2013.jpg,0.34384194016456604,0.8184424042701721,0,hybrid,external_test,source_video_disjoint_v1,lowpass_0.1,ffpp_validation_checkpoint,dc728c791e4897a7eabff57cb9a9d5988224c88eea3e4c57bfbba32a2a0bd8e5
464,C:\Users\Rohith Syam\Documents\UTS SEMESTER 3\image processing\idea 2\outputs\generalization_upgrade\02_external_bias_audit\normalized_external\fake\35\89835_1951-04-07_1981.jpg,1,35/89835_1951-04-07_1981.jpg,StableDiffusion_v1_5,external_normalized,deepfakeface_sd15/fake/35/89835_1951-04-07_1981.jpg,0.7285847663879395,0.8184424042701721,0,hybrid,external_test,source_video_disjoint_v1,lowpass_0.1,ffpp_validation_checkpoint,dc728c791e4897a7eabff57cb9a9d5988224c88eea3e4c57bfbba32a2a0bd8e5
465,C:\Users\Rohith Syam\Documents\UTS SEMESTER 3\image processing\idea 2\outputs\generalization_upgrade\02_external_bias_audit\normalized_external\fake\55\10095655_1985-07-10_2012.jpg,1,55/10095655_1985-07-10_2012.jpg,StableDiffusion_v1_5,external_normalized,deepfakeface_sd15/fake/55/10095655_1985-07-10_2012.jpg,0.4358573257923126,0.8184424042701721,0,hybrid,external_test,source_video_disjoint_v1,lowpass_0.1,ffpp_validation_checkpoint,dc728c791e4897a7eabff57cb9a9d5988224c88eea3e4c57bfbba32a2a0bd8e5
466,C:\Users\Rohith Syam\Documents\UTS SEMESTER 3\image processing\idea 2\outputs\generalization_upgrade\02_external_bias_audit\normalized_external\fake\55\10486955_1937-11-18_1975.jpg,1,55/10486955_1937-11-18_1975.jpg,StableDiffusion_v1_5,external_normalized,deepfakeface_sd15/fake/55/10486955_1937-11-18_1975.jpg,0.36523017287254333,0.8184424042701721,0,hybrid,external_test,source_video_disjoint_v1,lowpass_0.1,ffpp_validation_checkpoint,dc728c791e4897a7eabff57cb9a9d5988224c88eea3e4c57bfbba32a2a0bd8e5
467,C:\Users\Rohith Syam\Documents\UTS SEMESTER 3\image processing\idea 2\outputs\generalization_upgrade\02_external_bias_audit\normalized_external\fake\55\1196855_1923-06-24_2009.jpg,1,55/1196855_1923-06-24_2009.jpg,StableDiffusion_v1_5,external_normalized,deepfakeface_sd15/fake/55/1196855_1923-06-24_2009.jpg,0.8776707649230957,0.8184424042701721,1,hybrid,external_test,source_video_disjoint_v1,lowpass_0.1,ffpp_validation_checkpoint,dc728c791e4897a7eabff57cb9a9d5988224c88eea3e4c57bfbba32a2a0bd8e5
468,C:\Users\Rohith Syam\Documents\UTS SEMESTER 3\image processing\idea 2\outputs\generalization_upgrade\02_external_bias_audit\normalized_external\fake\55\12428755_1982-12-09_2012.jpg,1,55/12428755_1982-12-09_2012.jpg,StableDiffusion_v1_5,external_normalized,deepfakeface_sd15/fake/55/12428755_1982-12-09_2012.jpg,0.9731788635253906,0.8184424042701721,1,hybrid,external_test,source_video_disjoint_v1,lowpass_0.1,ffpp_validation_checkpoint,dc728c791e4897a7eabff57cb9a9d5988224c88eea3e4c57bfbba32a2a0bd8e5
469,C:\Users\Rohith Syam\Documents\UTS SEMESTER 3\image processing\idea 2\outputs\generalization_upgrade\02_external_bias_audit\normalized_external\fake\55\1349055_1974-02-24_2009.jpg,1,55/1349055_1974-02-24_2009.jpg,StableDiffusion_v1_5,external_normalized,deepfakeface_sd15/fake/55/1349055_1974-02-24_2009.jpg,0.9230742454528809,0.8184424042701721,1,hybrid,external_test,source_video_disjoint_v1,lowpass_0.1,ffpp_validation_checkpoint,dc728c791e4897a7eabff57cb9a9d5988224c88eea3e4c57bfbba32a2a0bd8e5
470,C:\Users\Rohith Syam\Documents\UTS SEMESTER 3\image processing\idea 2\outputs\generalization_upgrade\02_external_bias_audit\normalized_external\fake\55\14640255_1980-09-24_2006.jpg,1,55/14640255_1980-09-24_2006.jpg,StableDiffusion_v1_5,external_normalized,deepfakeface_sd15/fake/55/14640255_1980-09-24_2006.jpg,0.46658626198768616,0.8184424042701721,0,hybrid,external_test,source_video_disjoint_v1,lowpass_0.1,ffpp_validation_checkpoint,dc728c791e4897a7eabff57cb9a9d5988224c88eea3e4c57bfbba32a2a0bd8e5
471,C:\Users\Rohith Syam\Documents\UTS SEMESTER 3\image processing\idea 2\outputs\generalization_upgrade\02_external_bias_audit\normalized_external\fake\55\14904555_1915-05-08_1941.jpg,1,55/14904555_1915-05-08_1941.jpg,StableDiffusion_v1_5,external_normalized,deepfakeface_sd15/fake/55/14904555_1915-05-08_1941.jpg,0.9392756819725037,0.8184424042701721,1,hybrid,external_test,source_video_disjoint_v1,lowpass_0.1,ffpp_validation_checkpoint,dc728c791e4897a7eabff57cb9a9d5988224c88eea3e4c57bfbba32a2a0bd8e5
472,C:\Users\Rohith Syam\Documents\UTS SEMESTER 3\image processing\idea 2\outputs\generalization_upgrade\02_external_bias_audit\normalized_external\fake\55\15890555_1987-12-03_2014.jpg,1,55/15890555_1987-12-03_2014.jpg,StableDiffusion_v1_5,external_normalized,deepfakeface_sd15/fake/55/15890555_1987-12-03_2014.jpg,0.7635903358459473,0.8184424042701721,0,hybrid,external_test,source_video_disjoint_v1,lowpass_0.1,ffpp_validation_checkpoint,dc728c791e4897a7eabff57cb9a9d5988224c88eea3e4c57bfbba32a2a0bd8e5
473,C:\Users\Rohith Syam\Documents\UTS SEMESTER 3\image processing\idea 2\outputs\generalization_upgrade\02_external_bias_audit\normalized_external\fake\55\1941155_1993-07-26_2010.jpg,1,55/1941155_1993-07-26_2010.jpg,StableDiffusion_v1_5,external_normalized,deepfakeface_sd15/fake/55/1941155_1993-07-26_2010.jpg,0.9809540510177612,0.8184424042701721,1,hybrid,external_test,source_video_disjoint_v1,lowpass_0.1,ffpp_validation_checkpoint,dc728c791e4897a7eabff57cb9a9d5988224c88eea3e4c57bfbba32a2a0bd8e5
474,C:\Users\Rohith Syam\Documents\UTS SEMESTER 3\image processing\idea 2\outputs\generalization_upgrade\02_external_bias_audit\normalized_external\fake\55\20025755_1979-03-10_2009.jpg,1,55/20025755_1979-03-10_2009.jpg,StableDiffusion_v1_5,external_normalized,deepfakeface_sd15/fake/55/20025755_1979-03-10_2009.jpg,0.14491496980190277,0.8184424042701721,0,hybrid,external_test,source_video_disjoint_v1,lowpass_0.1,ffpp_validation_checkpoint,dc728c791e4897a7eabff57cb9a9d5988224c88eea3e4c57bfbba32a2a0bd8e5
475,C:\Users\Rohith Syam\Documents\UTS SEMESTER 3\image processing\idea 2\outputs\generalization_upgrade\02_external_bias_audit\normalized_external\fake\55\2538755_1933-07-01_1979.jpg,1,55/2538755_1933-07-01_1979.jpg,StableDiffusion_v1_5,external_normalized,deepfakeface_sd15/fake/55/2538755_1933-07-01_1979.jpg,0.9870830774307251,0.8184424042701721,1,hybrid,external_test,source_video_disjoint_v1,lowpass_0.1,ffpp_validation_checkpoint,dc728c791e4897a7eabff57cb9a9d5988224c88eea3e4c57bfbba32a2a0bd8e5
476,C:\Users\Rohith Syam\Documents\UTS SEMESTER 3\image processing\idea 2\outputs\generalization_upgrade\02_external_bias_audit\normalized_external\fake\55\27599355_1985-04-07_2007.jpg,1,55/27599355_1985-04-07_2007.jpg,StableDiffusion_v1_5,external_normalized,deepfakeface_sd15/fake/55/27599355_1985-04-07_2007.jpg,0.9103041887283325,0.8184424042701721,1,hybrid,external_test,source_video_disjoint_v1,lowpass_0.1,ffpp_validation_checkpoint,dc728c791e4897a7eabff57cb9a9d5988224c88eea3e4c57bfbba32a2a0bd8e5
477,C:\Users\Rohith Syam\Documents\UTS SEMESTER 3\image processing\idea 2\outputs\generalization_upgrade\02_external_bias_audit\normalized_external\fake\55\2894455_1947-09-13_2009.jpg,1,55/2894455_1947-09-13_2009.jpg,StableDiffusion_v1_5,external_normalized,deepfakeface_sd15/fake/55/2894455_1947-09-13_2009.jpg,0.23584672808647156,0.8184424042701721,0,hybrid,external_test,source_video_disjoint_v1,lowpass_0.1,ffpp_validation_checkpoint,dc728c791e4897a7eabff57cb9a9d5988224c88eea3e4c57bfbba32a2a0bd8e5
478,C:\Users\Rohith Syam\Documents\UTS SEMESTER 3\image processing\idea 2\outputs\generalization_upgrade\02_external_bias_audit\normalized_external\fake\55\295555_1950-07-15_2012.jpg,1,55/295555_1950-07-15_2012.jpg,StableDiffusion_v1_5,external_normalized,deepfakeface_sd15/fake/55/295555_1950-07-15_2012.jpg,0.9270064234733582,0.8184424042701721,1,hybrid,external_test,source_video_disjoint_v1,lowpass_0.1,ffpp_validation_checkpoint,dc728c791e4897a7eabff57cb9a9d5988224c88eea3e4c57bfbba32a2a0bd8e5
479,C:\Users\Rohith Syam\Documents\UTS SEMESTER 3\image processing\idea 2\outputs\generalization_upgrade\02_external_bias_audit\normalized_external\fake\55\2979255_1982-08-30_2012.jpg,1,55/2979255_1982-08-30_2012.jpg,StableDiffusion_v1_5,external_normalized,deepfakeface_sd15/fake/55/2979255_1982-08-30_2012.jpg,0.7441027760505676,0.8184424042701721,0,hybrid,external_test,source_video_disjoint_v1,lowpass_0.1,ffpp_validation_checkpoint,dc728c791e4897a7eabff57cb9a9d5988224c88eea3e4c57bfbba32a2a0bd8e5
480,C:\Users\Rohith Syam\Documents\UTS SEMESTER 3\image processing\idea 2\outputs\generalization_upgrade\02_external_bias_audit\normalized_external\fake\55\30781355_1963-07-29_2015.jpg,1,55/30781355_1963-07-29_2015.jpg,StableDiffusion_v1_5,external_normalized,deepfakeface_sd15/fake/55/30781355_1963-07-29_2015.jpg,0.9485470652580261,0.8184424042701721,1,hybrid,external_test,source_video_disjoint_v1,lowpass_0.1,ffpp_validation_checkpoint,dc728c791e4897a7eabff57cb9a9d5988224c88eea3e4c57bfbba32a2a0bd8e5
481,C:\Users\Rohith Syam\Documents\UTS SEMESTER 3\image processing\idea 2\outputs\generalization_upgrade\02_external_bias_audit\normalized_external\fake\55\31689055_1988-03-014_2013.jpg,1,55/31689055_1988-03-014_2013.jpg,StableDiffusion_v1_5,external_normalized,deepfakeface_sd15/fake/55/31689055_1988-03-014_2013.jpg,0.9948630928993225,0.8184424042701721,1,hybrid,external_test,source_video_disjoint_v1,lowpass_0.1,ffpp_validation_checkpoint,dc728c791e4897a7eabff57cb9a9d5988224c88eea3e4c57bfbba32a2a0bd8e5
482,C:\Users\Rohith Syam\Documents\UTS SEMESTER 3\image processing\idea 2\outputs\generalization_upgrade\02_external_bias_audit\normalized_external\fake\55\3523055_1984-05-01_2014.jpg,1,55/3523055_1984-05-01_2014.jpg,StableDiffusion_v1_5,external_normalized,deepfakeface_sd15/fake/55/3523055_1984-05-01_2014.jpg,0.7988313436508179,0.8184424042701721,0,hybrid,external_test,source_video_disjoint_v1,lowpass_0.1,ffpp_validation_checkpoint,dc728c791e4897a7eabff57cb9a9d5988224c88eea3e4c57bfbba32a2a0bd8e5
483,C:\Users\Rohith Syam\Documents\UTS SEMESTER 3\image processing\idea 2\outputs\generalization_upgrade\02_external_bias_audit\normalized_external\fake\55\3566855_1977-08-09_2010.jpg,1,55/3566855_1977-08-09_2010.jpg,StableDiffusion_v1_5,external_normalized,deepfakeface_sd15/fake/55/3566855_1977-08-09_2010.jpg,0.933547854423523,0.8184424042701721,1,hybrid,external_test,source_video_disjoint_v1,lowpass_0.1,ffpp_validation_checkpoint,dc728c791e4897a7eabff57cb9a9d5988224c88eea3e4c57bfbba32a2a0bd8e5
484,C:\Users\Rohith Syam\Documents\UTS SEMESTER 3\image processing\idea 2\outputs\generalization_upgrade\02_external_bias_audit\normalized_external\fake\55\36326355_1990-10-27_2014.jpg,1,55/36326355_1990-10-27_2014.jpg,StableDiffusion_v1_5,external_normalized,deepfakeface_sd15/fake/55/36326355_1990-10-27_2014.jpg,0.9739402532577515,0.8184424042701721,1,hybrid,external_test,source_video_disjoint_v1,lowpass_0.1,ffpp_validation_checkpoint,dc728c791e4897a7eabff57cb9a9d5988224c88eea3e4c57bfbba32a2a0bd8e5
485,C:\Users\Rohith Syam\Documents\UTS SEMESTER 3\image processing\idea 2\outputs\generalization_upgrade\02_external_bias_audit\normalized_external\fake\55\38909755_1989-02-21_2013.jpg,1,55/38909755_1989-02-21_2013.jpg,StableDiffusion_v1_5,external_normalized,deepfakeface_sd15/fake/55/38909755_1989-02-21_2013.jpg,0.7714523673057556,0.8184424042701721,0,hybrid,external_test,source_video_disjoint_v1,lowpass_0.1,ffpp_validation_checkpoint,dc728c791e4897a7eabff57cb9a9d5988224c88eea3e4c57bfbba32a2a0bd8e5
486,C:\Users\Rohith Syam\Documents\UTS SEMESTER 3\image processing\idea 2\outputs\generalization_upgrade\02_external_bias_audit\normalized_external\fake\55\39790655_2013-07-22_2014.jpg,1,55/39790655_2013-07-22_2014.jpg,StableDiffusion_v1_5,external_normalized,deepfakeface_sd15/fake/55/39790655_2013-07-22_2014.jpg,0.33171674609184265,0.8184424042701721,0,hybrid,external_test,source_video_disjoint_v1,lowpass_0.1,ffpp_validation_checkpoint,dc728c791e4897a7eabff57cb9a9d5988224c88eea3e4c57bfbba32a2a0bd8e5
487,C:\Users\Rohith Syam\Documents\UTS SEMESTER 3\image processing\idea 2\outputs\generalization_upgrade\02_external_bias_audit\normalized_external\fake\55\42718155_1946-01-25_2006.jpg,1,55/42718155_1946-01-25_2006.jpg,StableDiffusion_v1_5,external_normalized,deepfakeface_sd15/fake/55/42718155_1946-01-25_2006.jpg,0.5265389680862427,0.8184424042701721,0,hybrid,external_test,source_video_disjoint_v1,lowpass_0.1,ffpp_validation_checkpoint,dc728c791e4897a7eabff57cb9a9d5988224c88eea3e4c57bfbba32a2a0bd8e5
488,C:\Users\Rohith Syam\Documents\UTS SEMESTER 3\image processing\idea 2\outputs\generalization_upgrade\02_external_bias_audit\normalized_external\fake\55\43284855_1980-08-11_2012.jpg,1,55/43284855_1980-08-11_2012.jpg,StableDiffusion_v1_5,external_normalized,deepfakeface_sd15/fake/55/43284855_1980-08-11_2012.jpg,0.35197898745536804,0.8184424042701721,0,hybrid,external_test,source_video_disjoint_v1,lowpass_0.1,ffpp_validation_checkpoint,dc728c791e4897a7eabff57cb9a9d5988224c88eea3e4c57bfbba32a2a0bd8e5
489,C:\Users\Rohith Syam\Documents\UTS SEMESTER 3\image processing\idea 2\outputs\generalization_upgrade\02_external_bias_audit\normalized_external\fake\55\45263455_1979-05-12_2015.jpg,1,55/45263455_1979-05-12_2015.jpg,StableDiffusion_v1_5,external_normalized,deepfakeface_sd15/fake/55/45263455_1979-05-12_2015.jpg,0.8845097422599792,0.8184424042701721,1,hybrid,external_test,source_video_disjoint_v1,lowpass_0.1,ffpp_validation_checkpoint,dc728c791e4897a7eabff57cb9a9d5988224c88eea3e4c57bfbba32a2a0bd8e5
490,C:\Users\Rohith Syam\Documents\UTS SEMESTER 3\image processing\idea 2\outputs\generalization_upgrade\02_external_bias_audit\normalized_external\fake\55\46238055_1947-10-19_1980.jpg,1,55/46238055_1947-10-19_1980.jpg,StableDiffusion_v1_5,external_normalized,deepfakeface_sd15/fake/55/46238055_1947-10-19_1980.jpg,0.20466560125350952,0.8184424042701721,0,hybrid,external_test,source_video_disjoint_v1,lowpass_0.1,ffpp_validation_checkpoint,dc728c791e4897a7eabff57cb9a9d5988224c88eea3e4c57bfbba32a2a0bd8e5
491,C:\Users\Rohith Syam\Documents\UTS SEMESTER 3\image processing\idea 2\outputs\generalization_upgrade\02_external_bias_audit\normalized_external\fake\55\72655_1975-10-12_2004.jpg,1,55/72655_1975-10-12_2004.jpg,StableDiffusion_v1_5,external_normalized,deepfakeface_sd15/fake/55/72655_1975-10-12_2004.jpg,0.9896816611289978,0.8184424042701721,1,hybrid,external_test,source_video_disjoint_v1,lowpass_0.1,ffpp_validation_checkpoint,dc728c791e4897a7eabff57cb9a9d5988224c88eea3e4c57bfbba32a2a0bd8e5
492,C:\Users\Rohith Syam\Documents\UTS SEMESTER 3\image processing\idea 2\outputs\generalization_upgrade\02_external_bias_audit\normalized_external\fake\55\870155_1962-12-01_2010.jpg,1,55/870155_1962-12-01_2010.jpg,StableDiffusion_v1_5,external_normalized,deepfakeface_sd15/fake/55/870155_1962-12-01_2010.jpg,0.9607434272766113,0.8184424042701721,1,hybrid,external_test,source_video_disjoint_v1,lowpass_0.1,ffpp_validation_checkpoint,dc728c791e4897a7eabff57cb9a9d5988224c88eea3e4c57bfbba32a2a0bd8e5
493,C:\Users\Rohith Syam\Documents\UTS SEMESTER 3\image processing\idea 2\outputs\generalization_upgrade\02_external_bias_audit\normalized_external\fake\69\41427969_1939-03-30_1972.jpg,1,69/41427969_1939-03-30_1972.jpg,StableDiffusion_v1_5,external_normalized,deepfakeface_sd15/fake/69/41427969_1939-03-30_1972.jpg,0.4089357852935791,0.8184424042701721,0,hybrid,external_test,source_video_disjoint_v1,lowpass_0.1,ffpp_validation_checkpoint,dc728c791e4897a7eabff57cb9a9d5988224c88eea3e4c57bfbba32a2a0bd8e5
494,C:\Users\Rohith Syam\Documents\UTS SEMESTER 3\image processing\idea 2\outputs\generalization_upgrade\02_external_bias_audit\normalized_external\fake\71\12738371_1985-05-25_2015.jpg,1,71/12738371_1985-05-25_2015.jpg,StableDiffusion_v1_5,external_normalized,deepfakeface_sd15/fake/71/12738371_1985-05-25_2015.jpg,0.1698044091463089,0.8184424042701721,0,hybrid,external_test,source_video_disjoint_v1,lowpass_0.1,ffpp_validation_checkpoint,dc728c791e4897a7eabff57cb9a9d5988224c88eea3e4c57bfbba32a2a0bd8e5
495,C:\Users\Rohith Syam\Documents\UTS SEMESTER 3\image processing\idea 2\outputs\generalization_upgrade\02_external_bias_audit\normalized_external\fake\71\14220271_1972-11-30_2008.jpg,1,71/14220271_1972-11-30_2008.jpg,StableDiffusion_v1_5,external_normalized,deepfakeface_sd15/fake/71/14220271_1972-11-30_2008.jpg,0.7407049536705017,0.8184424042701721,0,hybrid,external_test,source_video_disjoint_v1,lowpass_0.1,ffpp_validation_checkpoint,dc728c791e4897a7eabff57cb9a9d5988224c88eea3e4c57bfbba32a2a0bd8e5
496,C:\Users\Rohith Syam\Documents\UTS SEMESTER 3\image processing\idea 2\outputs\generalization_upgrade\02_external_bias_audit\normalized_external\fake\71\165871_1942-09-30_1950.jpg,1,71/165871_1942-09-30_1950.jpg,StableDiffusion_v1_5,external_normalized,deepfakeface_sd15/fake/71/165871_1942-09-30_1950.jpg,0.8567169904708862,0.8184424042701721,1,hybrid,external_test,source_video_disjoint_v1,lowpass_0.1,ffpp_validation_checkpoint,dc728c791e4897a7eabff57cb9a9d5988224c88eea3e4c57bfbba32a2a0bd8e5
497,C:\Users\Rohith Syam\Documents\UTS SEMESTER 3\image processing\idea 2\outputs\generalization_upgrade\02_external_bias_audit\normalized_external\fake\71\17112571_1992-02-27_2012.jpg,1,71/17112571_1992-02-27_2012.jpg,StableDiffusion_v1_5,external_normalized,deepfakeface_sd15/fake/71/17112571_1992-02-27_2012.jpg,0.06996304541826248,0.8184424042701721,0,hybrid,external_test,source_video_disjoint_v1,lowpass_0.1,ffpp_validation_checkpoint,dc728c791e4897a7eabff57cb9a9d5988224c88eea3e4c57bfbba32a2a0bd8e5
498,C:\Users\Rohith Syam\Documents\UTS SEMESTER 3\image processing\idea 2\outputs\generalization_upgrade\02_external_bias_audit\normalized_external\fake\71\1854071_1958-08-14_1991.jpg,1,71/1854071_1958-08-14_1991.jpg,StableDiffusion_v1_5,external_normalized,deepfakeface_sd15/fake/71/1854071_1958-08-14_1991.jpg,0.4971372187137604,0.8184424042701721,0,hybrid,external_test,source_video_disjoint_v1,lowpass_0.1,ffpp_validation_checkpoint,dc728c791e4897a7eabff57cb9a9d5988224c88eea3e4c57bfbba32a2a0bd8e5
499,C:\Users\Rohith Syam\Documents\UTS SEMESTER 3\image processing\idea 2\outputs\generalization_upgrade\02_external_bias_audit\normalized_external\fake\71\18720671_1986-06-23_2012.jpg,1,71/18720671_1986-06-23_2012.jpg,StableDiffusion_v1_5,external_normalized,deepfakeface_sd15/fake/71/18720671_1986-06-23_2012.jpg,0.703501284122467,0.8184424042701721,0,hybrid,external_test,source_video_disjoint_v1,lowpass_0.1,ffpp_validation_checkpoint,dc728c791e4897a7eabff57cb9a9d5988224c88eea3e4c57bfbba32a2a0bd8e5
500,C:\Users\Rohith Syam\Documents\UTS SEMESTER 3\image processing\idea 2\outputs\generalization_upgrade\02_external_bias_audit\normalized_external\fake\71\19476171_1989-08-02_2014.jpg,1,71/19476171_1989-08-02_2014.jpg,StableDiffusion_v1_5,external_normalized,deepfakeface_sd15/fake/71/19476171_1989-08-02_2014.jpg,0.9867624640464783,0.8184424042701721,1,hybrid,external_test,source_video_disjoint_v1,lowpass_0.1,ffpp_validation_checkpoint,dc728c791e4897a7eabff57cb9a9d5988224c88eea3e4c57bfbba32a2a0bd8e5
501,C:\Users\Rohith Syam\Documents\UTS SEMESTER 3\image processing\idea 2\outputs\generalization_upgrade\02_external_bias_audit\normalized_external\fake\71\23399171_1991-05-22_2009.jpg,1,71/23399171_1991-05-22_2009.jpg,StableDiffusion_v1_5,external_normalized,deepfakeface_sd15/fake/71/23399171_1991-05-22_2009.jpg,0.08348396420478821,0.8184424042701721,0,hybrid,external_test,source_video_disjoint_v1,lowpass_0.1,ffpp_validation_checkpoint,dc728c791e4897a7eabff57cb9a9d5988224c88eea3e4c57bfbba32a2a0bd8e5
502,C:\Users\Rohith Syam\Documents\UTS SEMESTER 3\image processing\idea 2\outputs\generalization_upgrade\02_external_bias_audit\normalized_external\fake\71\2492371_1942-11-06_1965.jpg,1,71/2492371_1942-11-06_1965.jpg,StableDiffusion_v1_5,external_normalized,deepfakeface_sd15/fake/71/2492371_1942-11-06_1965.jpg,0.8899092674255371,0.8184424042701721,1,hybrid,external_test,source_video_disjoint_v1,lowpass_0.1,ffpp_validation_checkpoint,dc728c791e4897a7eabff57cb9a9d5988224c88eea3e4c57bfbba32a2a0bd8e5
503,C:\Users\Rohith Syam\Documents\UTS SEMESTER 3\image processing\idea 2\outputs\generalization_upgrade\02_external_bias_audit\normalized_external\fake\71\25422271_1990-09-11_2014.jpg,1,71/25422271_1990-09-11_2014.jpg,StableDiffusion_v1_5,external_normalized,deepfakeface_sd15/fake/71/25422271_1990-09-11_2014.jpg,0.4412495791912079,0.8184424042701721,0,hybrid,external_test,source_video_disjoint_v1,lowpass_0.1,ffpp_validation_checkpoint,dc728c791e4897a7eabff57cb9a9d5988224c88eea3e4c57bfbba32a2a0bd8e5
504,C:\Users\Rohith Syam\Documents\UTS SEMESTER 3\image processing\idea 2\outputs\generalization_upgrade\02_external_bias_audit\normalized_external\fake\71\27164771_1990-09-17_2009.jpg,1,71/27164771_1990-09-17_2009.jpg,StableDiffusion_v1_5,external_normalized,deepfakeface_sd15/fake/71/27164771_1990-09-17_2009.jpg,0.9984014630317688,0.8184424042701721,1,hybrid,external_test,source_video_disjoint_v1,lowpass_0.1,ffpp_validation_checkpoint,dc728c791e4897a7eabff57cb9a9d5988224c88eea3e4c57bfbba32a2a0bd8e5
505,C:\Users\Rohith Syam\Documents\UTS SEMESTER 3\image processing\idea 2\outputs\generalization_upgrade\02_external_bias_audit\normalized_external\fake\71\27987171_1987-05-10_2013.jpg,1,71/27987171_1987-05-10_2013.jpg,StableDiffusion_v1_5,external_normalized,deepfakeface_sd15/fake/71/27987171_1987-05-10_2013.jpg,0.7225989699363708,0.8184424042701721,0,hybrid,external_test,source_video_disjoint_v1,lowpass_0.1,ffpp_validation_checkpoint,dc728c791e4897a7eabff57cb9a9d5988224c88eea3e4c57bfbba32a2a0bd8e5
506,C:\Users\Rohith Syam\Documents\UTS SEMESTER 3\image processing\idea 2\outputs\generalization_upgrade\02_external_bias_audit\normalized_external\fake\71\29084271_1991-09-22_2014.jpg,1,71/29084271_1991-09-22_2014.jpg,StableDiffusion_v1_5,external_normalized,deepfakeface_sd15/fake/71/29084271_1991-09-22_2014.jpg,0.8550216555595398,0.8184424042701721,1,hybrid,external_test,source_video_disjoint_v1,lowpass_0.1,ffpp_validation_checkpoint,dc728c791e4897a7eabff57cb9a9d5988224c88eea3e4c57bfbba32a2a0bd8e5
507,C:\Users\Rohith Syam\Documents\UTS SEMESTER 3\image processing\idea 2\outputs\generalization_upgrade\02_external_bias_audit\normalized_external\fake\71\30657971_1992-05-11_2014.jpg,1,71/30657971_1992-05-11_2014.jpg,StableDiffusion_v1_5,external_normalized,deepfakeface_sd15/fake/71/30657971_1992-05-11_2014.jpg,0.7534748315811157,0.8184424042701721,0,hybrid,external_test,source_video_disjoint_v1,lowpass_0.1,ffpp_validation_checkpoint,dc728c791e4897a7eabff57cb9a9d5988224c88eea3e4c57bfbba32a2a0bd8e5
508,C:\Users\Rohith Syam\Documents\UTS SEMESTER 3\image processing\idea 2\outputs\generalization_upgrade\02_external_bias_audit\normalized_external\fake\71\31706371_1989-01-14_2011.jpg,1,71/31706371_1989-01-14_2011.jpg,StableDiffusion_v1_5,external_normalized,deepfakeface_sd15/fake/71/31706371_1989-01-14_2011.jpg,0.8259783387184143,0.8184424042701721,1,hybrid,external_test,source_video_disjoint_v1,lowpass_0.1,ffpp_validation_checkpoint,dc728c791e4897a7eabff57cb9a9d5988224c88eea3e4c57bfbba32a2a0bd8e5
509,C:\Users\Rohith Syam\Documents\UTS SEMESTER 3\image processing\idea 2\outputs\generalization_upgrade\02_external_bias_audit\normalized_external\fake\71\33021371_1988-02-18_2013.jpg,1,71/33021371_1988-02-18_2013.jpg,StableDiffusion_v1_5,external_normalized,deepfakeface_sd15/fake/71/33021371_1988-02-18_2013.jpg,0.5862788558006287,0.8184424042701721,0,hybrid,external_test,source_video_disjoint_v1,lowpass_0.1,ffpp_validation_checkpoint,dc728c791e4897a7eabff57cb9a9d5988224c88eea3e4c57bfbba32a2a0bd8e5
510,C:\Users\Rohith Syam\Documents\UTS SEMESTER 3\image processing\idea 2\outputs\generalization_upgrade\02_external_bias_audit\normalized_external\fake\71\3312671_1985-08-02_2008.jpg,1,71/3312671_1985-08-02_2008.jpg,StableDiffusion_v1_5,external_normalized,deepfakeface_sd15/fake/71/3312671_1985-08-02_2008.jpg,0.2551494836807251,0.8184424042701721,0,hybrid,external_test,source_video_disjoint_v1,lowpass_0.1,ffpp_validation_checkpoint,dc728c791e4897a7eabff57cb9a9d5988224c88eea3e4c57bfbba32a2a0bd8e5
511,C:\Users\Rohith Syam\Documents\UTS SEMESTER 3\image processing\idea 2\outputs\generalization_upgrade\02_external_bias_audit\normalized_external\fake\71\35188571_1983-09-18_2009.jpg,1,71/35188571_1983-09-18_2009.jpg,StableDiffusion_v1_5,external_normalized,deepfakeface_sd15/fake/71/35188571_1983-09-18_2009.jpg,0.4048753082752228,0.8184424042701721,0,hybrid,external_test,source_video_disjoint_v1,lowpass_0.1,ffpp_validation_checkpoint,dc728c791e4897a7eabff57cb9a9d5988224c88eea3e4c57bfbba32a2a0bd8e5
512,C:\Users\Rohith Syam\Documents\UTS SEMESTER 3\image processing\idea 2\outputs\generalization_upgrade\02_external_bias_audit\normalized_external\fake\71\42650171_1946-12-10_2013.jpg,1,71/42650171_1946-12-10_2013.jpg,StableDiffusion_v1_5,external_normalized,deepfakeface_sd15/fake/71/42650171_1946-12-10_2013.jpg,0.46002933382987976,0.8184424042701721,0,hybrid,external_test,source_video_disjoint_v1,lowpass_0.1,ffpp_validation_checkpoint,dc728c791e4897a7eabff57cb9a9d5988224c88eea3e4c57bfbba32a2a0bd8e5
513,C:\Users\Rohith Syam\Documents\UTS SEMESTER 3\image processing\idea 2\outputs\generalization_upgrade\02_external_bias_audit\normalized_external\fake\71\5081071_1925-11-13_1953.jpg,1,71/5081071_1925-11-13_1953.jpg,StableDiffusion_v1_5,external_normalized,deepfakeface_sd15/fake/71/5081071_1925-11-13_1953.jpg,0.08568760752677917,0.8184424042701721,0,hybrid,external_test,source_video_disjoint_v1,lowpass_0.1,ffpp_validation_checkpoint,dc728c791e4897a7eabff57cb9a9d5988224c88eea3e4c57bfbba32a2a0bd8e5
514,C:\Users\Rohith Syam\Documents\UTS SEMESTER 3\image processing\idea 2\outputs\generalization_upgrade\02_external_bias_audit\normalized_external\fake\71\566471_1971-05-18_2011.jpg,1,71/566471_1971-05-18_2011.jpg,StableDiffusion_v1_5,external_normalized,deepfakeface_sd15/fake/71/566471_1971-05-18_2011.jpg,0.012054181657731533,0.8184424042701721,0,hybrid,external_test,source_video_disjoint_v1,lowpass_0.1,ffpp_validation_checkpoint,dc728c791e4897a7eabff57cb9a9d5988224c88eea3e4c57bfbba32a2a0bd8e5
515,C:\Users\Rohith Syam\Documents\UTS SEMESTER 3\image processing\idea 2\outputs\generalization_upgrade\02_external_bias_audit\normalized_external\fake\71\703371_1918-03-12_1980.jpg,1,71/703371_1918-03-12_1980.jpg,StableDiffusion_v1_5,external_normalized,deepfakeface_sd15/fake/71/703371_1918-03-12_1980.jpg,0.527097761631012,0.8184424042701721,0,hybrid,external_test,source_video_disjoint_v1,lowpass_0.1,ffpp_validation_checkpoint,dc728c791e4897a7eabff57cb9a9d5988224c88eea3e4c57bfbba32a2a0bd8e5
516,C:\Users\Rohith Syam\Documents\UTS SEMESTER 3\image processing\idea 2\outputs\generalization_upgrade\02_external_bias_audit\normalized_external\fake\71\775271_1959-09-16_2011.jpg,1,71/775271_1959-09-16_2011.jpg,StableDiffusion_v1_5,external_normalized,deepfakeface_sd15/fake/71/775271_1959-09-16_2011.jpg,0.0986563041806221,0.8184424042701721,0,hybrid,external_test,source_video_disjoint_v1,lowpass_0.1,ffpp_validation_checkpoint,dc728c791e4897a7eabff57cb9a9d5988224c88eea3e4c57bfbba32a2a0bd8e5
517,C:\Users\Rohith Syam\Documents\UTS SEMESTER 3\image processing\idea 2\outputs\generalization_upgrade\02_external_bias_audit\normalized_external\fake\71\8334671_1931-02-14_1966.jpg,1,71/8334671_1931-02-14_1966.jpg,StableDiffusion_v1_5,external_normalized,deepfakeface_sd15/fake/71/8334671_1931-02-14_1966.jpg,0.6077835559844971,0.8184424042701721,0,hybrid,external_test,source_video_disjoint_v1,lowpass_0.1,ffpp_validation_checkpoint,dc728c791e4897a7eabff57cb9a9d5988224c88eea3e4c57bfbba32a2a0bd8e5
518,C:\Users\Rohith Syam\Documents\UTS SEMESTER 3\image processing\idea 2\outputs\generalization_upgrade\02_external_bias_audit\normalized_external\fake\71\9069371_1986-03-19_2013.jpg,1,71/9069371_1986-03-19_2013.jpg,StableDiffusion_v1_5,external_normalized,deepfakeface_sd15/fake/71/9069371_1986-03-19_2013.jpg,0.7683896422386169,0.8184424042701721,0,hybrid,external_test,source_video_disjoint_v1,lowpass_0.1,ffpp_validation_checkpoint,dc728c791e4897a7eabff57cb9a9d5988224c88eea3e4c57bfbba32a2a0bd8e5
519,C:\Users\Rohith Syam\Documents\UTS SEMESTER 3\image processing\idea 2\outputs\generalization_upgrade\02_external_bias_audit\normalized_external\fake\71\967871_1972-12-15_2008.jpg,1,71/967871_1972-12-15_2008.jpg,StableDiffusion_v1_5,external_normalized,deepfakeface_sd15/fake/71/967871_1972-12-15_2008.jpg,0.9918660521507263,0.8184424042701721,1,hybrid,external_test,source_video_disjoint_v1,lowpass_0.1,ffpp_validation_checkpoint,dc728c791e4897a7eabff57cb9a9d5988224c88eea3e4c57bfbba32a2a0bd8e5
520,C:\Users\Rohith Syam\Documents\UTS SEMESTER 3\image processing\idea 2\outputs\generalization_upgrade\02_external_bias_audit\normalized_external\fake\71\9845271_1955-09-16_2001.jpg,1,71/9845271_1955-09-16_2001.jpg,StableDiffusion_v1_5,external_normalized,deepfakeface_sd15/fake/71/9845271_1955-09-16_2001.jpg,0.9370989203453064,0.8184424042701721,1,hybrid,external_test,source_video_disjoint_v1,lowpass_0.1,ffpp_validation_checkpoint,dc728c791e4897a7eabff57cb9a9d5988224c88eea3e4c57bfbba32a2a0bd8e5
521,C:\Users\Rohith Syam\Documents\UTS SEMESTER 3\image processing\idea 2\outputs\generalization_upgrade\02_external_bias_audit\normalized_external\fake\73\1013073_1978-05-24_2010.jpg,1,73/1013073_1978-05-24_2010.jpg,StableDiffusion_v1_5,external_normalized,deepfakeface_sd15/fake/73/1013073_1978-05-24_2010.jpg,0.9151538014411926,0.8184424042701721,1,hybrid,external_test,source_video_disjoint_v1,lowpass_0.1,ffpp_validation_checkpoint,dc728c791e4897a7eabff57cb9a9d5988224c88eea3e4c57bfbba32a2a0bd8e5
522,C:\Users\Rohith Syam\Documents\UTS SEMESTER 3\image processing\idea 2\outputs\generalization_upgrade\02_external_bias_audit\normalized_external\fake\73\12464473_1935-03-06_1958.jpg,1,73/12464473_1935-03-06_1958.jpg,StableDiffusion_v1_5,external_normalized,deepfakeface_sd15/fake/73/12464473_1935-03-06_1958.jpg,0.9595573544502258,0.8184424042701721,1,hybrid,external_test,source_video_disjoint_v1,lowpass_0.1,ffpp_validation_checkpoint,dc728c791e4897a7eabff57cb9a9d5988224c88eea3e4c57bfbba32a2a0bd8e5
523,C:\Users\Rohith Syam\Documents\UTS SEMESTER 3\image processing\idea 2\outputs\generalization_upgrade\02_external_bias_audit\normalized_external\fake\73\12786073_1984-05-18_2011.jpg,1,73/12786073_1984-05-18_2011.jpg,StableDiffusion_v1_5,external_normalized,deepfakeface_sd15/fake/73/12786073_1984-05-18_2011.jpg,0.39169567823410034,0.8184424042701721,0,hybrid,external_test,source_video_disjoint_v1,lowpass_0.1,ffpp_validation_checkpoint,dc728c791e4897a7eabff57cb9a9d5988224c88eea3e4c57bfbba32a2a0bd8e5
524,C:\Users\Rohith Syam\Documents\UTS SEMESTER 3\image processing\idea 2\outputs\generalization_upgrade\02_external_bias_audit\normalized_external\fake\73\16855173_1937-10-21_2008.jpg,1,73/16855173_1937-10-21_2008.jpg,StableDiffusion_v1_5,external_normalized,deepfakeface_sd15/fake/73/16855173_1937-10-21_2008.jpg,0.7937878370285034,0.8184424042701721,0,hybrid,external_test,source_video_disjoint_v1,lowpass_0.1,ffpp_validation_checkpoint,dc728c791e4897a7eabff57cb9a9d5988224c88eea3e4c57bfbba32a2a0bd8e5
525,C:\Users\Rohith Syam\Documents\UTS SEMESTER 3\image processing\idea 2\outputs\generalization_upgrade\02_external_bias_audit\normalized_external\fake\73\18933173_1984-05-13_2011.jpg,1,73/18933173_1984-05-13_2011.jpg,StableDiffusion_v1_5,external_normalized,deepfakeface_sd15/fake/73/18933173_1984-05-13_2011.jpg,0.05730512738227844,0.8184424042701721,0,hybrid,external_test,source_video_disjoint_v1,lowpass_0.1,ffpp_validation_checkpoint,dc728c791e4897a7eabff57cb9a9d5988224c88eea3e4c57bfbba32a2a0bd8e5
526,C:\Users\Rohith Syam\Documents\UTS SEMESTER 3\image processing\idea 2\outputs\generalization_upgrade\02_external_bias_audit\normalized_external\fake\73\20989373_1938-09-15_1988.jpg,1,73/20989373_1938-09-15_1988.jpg,StableDiffusion_v1_5,external_normalized,deepfakeface_sd15/fake/73/20989373_1938-09-15_1988.jpg,0.7910828590393066,0.8184424042701721,0,hybrid,external_test,source_video_disjoint_v1,lowpass_0.1,ffpp_validation_checkpoint,dc728c791e4897a7eabff57cb9a9d5988224c88eea3e4c57bfbba32a2a0bd8e5
527,C:\Users\Rohith Syam\Documents\UTS SEMESTER 3\image processing\idea 2\outputs\generalization_upgrade\02_external_bias_audit\normalized_external\fake\73\21741673_1995-03-01_2009.jpg,1,73/21741673_1995-03-01_2009.jpg,StableDiffusion_v1_5,external_normalized,deepfakeface_sd15/fake/73/21741673_1995-03-01_2009.jpg,0.6991652846336365,0.8184424042701721,0,hybrid,external_test,source_video_disjoint_v1,lowpass_0.1,ffpp_validation_checkpoint,dc728c791e4897a7eabff57cb9a9d5988224c88eea3e4c57bfbba32a2a0bd8e5
528,C:\Users\Rohith Syam\Documents\UTS SEMESTER 3\image processing\idea 2\outputs\generalization_upgrade\02_external_bias_audit\normalized_external\fake\73\2210573_1958-04-04_2007.jpg,1,73/2210573_1958-04-04_2007.jpg,StableDiffusion_v1_5,external_normalized,deepfakeface_sd15/fake/73/2210573_1958-04-04_2007.jpg,0.6997228264808655,0.8184424042701721,0,hybrid,external_test,source_video_disjoint_v1,lowpass_0.1,ffpp_validation_checkpoint,dc728c791e4897a7eabff57cb9a9d5988224c88eea3e4c57bfbba32a2a0bd8e5
529,C:\Users\Rohith Syam\Documents\UTS SEMESTER 3\image processing\idea 2\outputs\generalization_upgrade\02_external_bias_audit\normalized_external\fake\73\24079373_1979-07-15_2009.jpg,1,73/24079373_1979-07-15_2009.jpg,StableDiffusion_v1_5,external_normalized,deepfakeface_sd15/fake/73/24079373_1979-07-15_2009.jpg,0.9942935109138489,0.8184424042701721,1,hybrid,external_test,source_video_disjoint_v1,lowpass_0.1,ffpp_validation_checkpoint,dc728c791e4897a7eabff57cb9a9d5988224c88eea3e4c57bfbba32a2a0bd8e5
530,C:\Users\Rohith Syam\Documents\UTS SEMESTER 3\image processing\idea 2\outputs\generalization_upgrade\02_external_bias_audit\normalized_external\fake\73\25286273_1990-11-02_2013.jpg,1,73/25286273_1990-11-02_2013.jpg,StableDiffusion_v1_5,external_normalized,deepfakeface_sd15/fake/73/25286273_1990-11-02_2013.jpg,0.8944990634918213,0.8184424042701721,1,hybrid,external_test,source_video_disjoint_v1,lowpass_0.1,ffpp_validation_checkpoint,dc728c791e4897a7eabff57cb9a9d5988224c88eea3e4c57bfbba32a2a0bd8e5
531,C:\Users\Rohith Syam\Documents\UTS SEMESTER 3\image processing\idea 2\outputs\generalization_upgrade\02_external_bias_audit\normalized_external\fake\73\27347573_1992-06-02_2010.jpg,1,73/27347573_1992-06-02_2010.jpg,StableDiffusion_v1_5,external_normalized,deepfakeface_sd15/fake/73/27347573_1992-06-02_2010.jpg,0.9833691716194153,0.8184424042701721,1,hybrid,external_test,source_video_disjoint_v1,lowpass_0.1,ffpp_validation_checkpoint,dc728c791e4897a7eabff57cb9a9d5988224c88eea3e4c57bfbba32a2a0bd8e5
532,C:\Users\Rohith Syam\Documents\UTS SEMESTER 3\image processing\idea 2\outputs\generalization_upgrade\02_external_bias_audit\normalized_external\fake\73\3365773_1949-06-24_1985.jpg,1,73/3365773_1949-06-24_1985.jpg,StableDiffusion_v1_5,external_normalized,deepfakeface_sd15/fake/73/3365773_1949-06-24_1985.jpg,0.9944283962249756,0.8184424042701721,1,hybrid,external_test,source_video_disjoint_v1,lowpass_0.1,ffpp_validation_checkpoint,dc728c791e4897a7eabff57cb9a9d5988224c88eea3e4c57bfbba32a2a0bd8e5
533,C:\Users\Rohith Syam\Documents\UTS SEMESTER 3\image processing\idea 2\outputs\generalization_upgrade\02_external_bias_audit\normalized_external\fake\73\34239373_1994-11-30_2014.jpg,1,73/34239373_1994-11-30_2014.jpg,StableDiffusion_v1_5,external_normalized,deepfakeface_sd15/fake/73/34239373_1994-11-30_2014.jpg,0.8581417798995972,0.8184424042701721,1,hybrid,external_test,source_video_disjoint_v1,lowpass_0.1,ffpp_validation_checkpoint,dc728c791e4897a7eabff57cb9a9d5988224c88eea3e4c57bfbba32a2a0bd8e5
534,C:\Users\Rohith Syam\Documents\UTS SEMESTER 3\image processing\idea 2\outputs\generalization_upgrade\02_external_bias_audit\normalized_external\fake\73\3517073_1984-09-10_2011.jpg,1,73/3517073_1984-09-10_2011.jpg,StableDiffusion_v1_5,external_normalized,deepfakeface_sd15/fake/73/3517073_1984-09-10_2011.jpg,0.9398126602172852,0.8184424042701721,1,hybrid,external_test,source_video_disjoint_v1,lowpass_0.1,ffpp_validation_checkpoint,dc728c791e4897a7eabff57cb9a9d5988224c88eea3e4c57bfbba32a2a0bd8e5
535,C:\Users\Rohith Syam\Documents\UTS SEMESTER 3\image processing\idea 2\outputs\generalization_upgrade\02_external_bias_audit\normalized_external\fake\73\36499973_1985-09-06_2011.jpg,1,73/36499973_1985-09-06_2011.jpg,StableDiffusion_v1_5,external_normalized,deepfakeface_sd15/fake/73/36499973_1985-09-06_2011.jpg,0.34904682636260986,0.8184424042701721,0,hybrid,external_test,source_video_disjoint_v1,lowpass_0.1,ffpp_validation_checkpoint,dc728c791e4897a7eabff57cb9a9d5988224c88eea3e4c57bfbba32a2a0bd8e5
536,C:\Users\Rohith Syam\Documents\UTS SEMESTER 3\image processing\idea 2\outputs\generalization_upgrade\02_external_bias_audit\normalized_external\fake\73\37985373_1988-12-05_2014.jpg,1,73/37985373_1988-12-05_2014.jpg,StableDiffusion_v1_5,external_normalized,deepfakeface_sd15/fake/73/37985373_1988-12-05_2014.jpg,0.7482184171676636,0.8184424042701721,0,hybrid,external_test,source_video_disjoint_v1,lowpass_0.1,ffpp_validation_checkpoint,dc728c791e4897a7eabff57cb9a9d5988224c88eea3e4c57bfbba32a2a0bd8e5
537,C:\Users\Rohith Syam\Documents\UTS SEMESTER 3\image processing\idea 2\outputs\generalization_upgrade\02_external_bias_audit\normalized_external\fake\73\38089073_1988-06-26_2014.jpg,1,73/38089073_1988-06-26_2014.jpg,StableDiffusion_v1_5,external_normalized,deepfakeface_sd15/fake/73/38089073_1988-06-26_2014.jpg,0.3665497303009033,0.8184424042701721,0,hybrid,external_test,source_video_disjoint_v1,lowpass_0.1,ffpp_validation_checkpoint,dc728c791e4897a7eabff57cb9a9d5988224c88eea3e4c57bfbba32a2a0bd8e5
538,C:\Users\Rohith Syam\Documents\UTS SEMESTER 3\image processing\idea 2\outputs\generalization_upgrade\02_external_bias_audit\normalized_external\fake\73\41639973_1876-12-25_1940.jpg,1,73/41639973_1876-12-25_1940.jpg,StableDiffusion_v1_5,external_normalized,deepfakeface_sd15/fake/73/41639973_1876-12-25_1940.jpg,0.9831243753433228,0.8184424042701721,1,hybrid,external_test,source_video_disjoint_v1,lowpass_0.1,ffpp_validation_checkpoint,dc728c791e4897a7eabff57cb9a9d5988224c88eea3e4c57bfbba32a2a0bd8e5
539,C:\Users\Rohith Syam\Documents\UTS SEMESTER 3\image processing\idea 2\outputs\generalization_upgrade\02_external_bias_audit\normalized_external\fake\73\46452873_1906-12-20_1945.jpg,1,73/46452873_1906-12-20_1945.jpg,StableDiffusion_v1_5,external_normalized,deepfakeface_sd15/fake/73/46452873_1906-12-20_1945.jpg,0.9274252653121948,0.8184424042701721,1,hybrid,external_test,source_video_disjoint_v1,lowpass_0.1,ffpp_validation_checkpoint,dc728c791e4897a7eabff57cb9a9d5988224c88eea3e4c57bfbba32a2a0bd8e5
540,C:\Users\Rohith Syam\Documents\UTS SEMESTER 3\image processing\idea 2\outputs\generalization_upgrade\02_external_bias_audit\normalized_external\fake\73\479273_1985-12-08_2014.jpg,1,73/479273_1985-12-08_2014.jpg,StableDiffusion_v1_5,external_normalized,deepfakeface_sd15/fake/73/479273_1985-12-08_2014.jpg,0.569244384765625,0.8184424042701721,0,hybrid,external_test,source_video_disjoint_v1,lowpass_0.1,ffpp_validation_checkpoint,dc728c791e4897a7eabff57cb9a9d5988224c88eea3e4c57bfbba32a2a0bd8e5
541,C:\Users\Rohith Syam\Documents\UTS SEMESTER 3\image processing\idea 2\outputs\generalization_upgrade\02_external_bias_audit\normalized_external\fake\73\502973_1958-03-25_2012.jpg,1,73/502973_1958-03-25_2012.jpg,StableDiffusion_v1_5,external_normalized,deepfakeface_sd15/fake/73/502973_1958-03-25_2012.jpg,0.9364475011825562,0.8184424042701721,1,hybrid,external_test,source_video_disjoint_v1,lowpass_0.1,ffpp_validation_checkpoint,dc728c791e4897a7eabff57cb9a9d5988224c88eea3e4c57bfbba32a2a0bd8e5
542,C:\Users\Rohith Syam\Documents\UTS SEMESTER 3\image processing\idea 2\outputs\generalization_upgrade\02_external_bias_audit\normalized_external\fake\73\5332173_1935-09-06_2008.jpg,1,73/5332173_1935-09-06_2008.jpg,StableDiffusion_v1_5,external_normalized,deepfakeface_sd15/fake/73/5332173_1935-09-06_2008.jpg,0.9739742875099182,0.8184424042701721,1,hybrid,external_test,source_video_disjoint_v1,lowpass_0.1,ffpp_validation_checkpoint,dc728c791e4897a7eabff57cb9a9d5988224c88eea3e4c57bfbba32a2a0bd8e5
543,C:\Users\Rohith Syam\Documents\UTS SEMESTER 3\image processing\idea 2\outputs\generalization_upgrade\02_external_bias_audit\normalized_external\fake\73\666973_1960-09-19_2005.jpg,1,73/666973_1960-09-19_2005.jpg,StableDiffusion_v1_5,external_normalized,deepfakeface_sd15/fake/73/666973_1960-09-19_2005.jpg,0.8577721118927002,0.8184424042701721,1,hybrid,external_test,source_video_disjoint_v1,lowpass_0.1,ffpp_validation_checkpoint,dc728c791e4897a7eabff57cb9a9d5988224c88eea3e4c57bfbba32a2a0bd8e5
544,C:\Users\Rohith Syam\Documents\UTS SEMESTER 3\image processing\idea 2\outputs\generalization_upgrade\02_external_bias_audit\normalized_external\fake\73\9311273_1979-08-24_2010.jpg,1,73/9311273_1979-08-24_2010.jpg,StableDiffusion_v1_5,external_normalized,deepfakeface_sd15/fake/73/9311273_1979-08-24_2010.jpg,0.08430983126163483,0.8184424042701721,0,hybrid,external_test,source_video_disjoint_v1,lowpass_0.1,ffpp_validation_checkpoint,dc728c791e4897a7eabff57cb9a9d5988224c88eea3e4c57bfbba32a2a0bd8e5
545,C:\Users\Rohith Syam\Documents\UTS SEMESTER 3\image processing\idea 2\outputs\generalization_upgrade\02_external_bias_audit\normalized_external\fake\80\2798180_1985-12-19_2014.jpg,1,80/2798180_1985-12-19_2014.jpg,StableDiffusion_v1_5,external_normalized,deepfakeface_sd15/fake/80/2798180_1985-12-19_2014.jpg,0.7102652788162231,0.8184424042701721,0,hybrid,external_test,source_video_disjoint_v1,lowpass_0.1,ffpp_validation_checkpoint,dc728c791e4897a7eabff57cb9a9d5988224c88eea3e4c57bfbba32a2a0bd8e5
546,C:\Users\Rohith Syam\Documents\UTS SEMESTER 3\image processing\idea 2\outputs\generalization_upgrade\02_external_bias_audit\normalized_external\fake\80\6049880_1985-02-26_2013.jpg,1,80/6049880_1985-02-26_2013.jpg,StableDiffusion_v1_5,external_normalized,deepfakeface_sd15/fake/80/6049880_1985-02-26_2013.jpg,0.9151332974433899,0.8184424042701721,1,hybrid,external_test,source_video_disjoint_v1,lowpass_0.1,ffpp_validation_checkpoint,dc728c791e4897a7eabff57cb9a9d5988224c88eea3e4c57bfbba32a2a0bd8e5
547,C:\Users\Rohith Syam\Documents\UTS SEMESTER 3\image processing\idea 2\outputs\generalization_upgrade\02_external_bias_audit\normalized_external\fake\80\9076080_1971-09-21_2011.jpg,1,80/9076080_1971-09-21_2011.jpg,StableDiffusion_v1_5,external_normalized,deepfakeface_sd15/fake/80/9076080_1971-09-21_2011.jpg,0.06722251325845718,0.8184424042701721,0,hybrid,external_test,source_video_disjoint_v1,lowpass_0.1,ffpp_validation_checkpoint,dc728c791e4897a7eabff57cb9a9d5988224c88eea3e4c57bfbba32a2a0bd8e5
548,C:\Users\Rohith Syam\Documents\UTS SEMESTER 3\image processing\idea 2\outputs\generalization_upgrade\02_external_bias_audit\normalized_external\fake\98\10760998_1937-01-14_1968.jpg,1,98/10760998_1937-01-14_1968.jpg,StableDiffusion_v1_5,external_normalized,deepfakeface_sd15/fake/98/10760998_1937-01-14_1968.jpg,0.9405036568641663,0.8184424042701721,1,hybrid,external_test,source_video_disjoint_v1,lowpass_0.1,ffpp_validation_checkpoint,dc728c791e4897a7eabff57cb9a9d5988224c88eea3e4c57bfbba32a2a0bd8e5
549,C:\Users\Rohith Syam\Documents\UTS SEMESTER 3\image processing\idea 2\outputs\generalization_upgrade\02_external_bias_audit\normalized_external\fake\98\13664298_1989-04-27_2014.jpg,1,98/13664298_1989-04-27_2014.jpg,StableDiffusion_v1_5,external_normalized,deepfakeface_sd15/fake/98/13664298_1989-04-27_2014.jpg,0.8342010974884033,0.8184424042701721,1,hybrid,external_test,source_video_disjoint_v1,lowpass_0.1,ffpp_validation_checkpoint,dc728c791e4897a7eabff57cb9a9d5988224c88eea3e4c57bfbba32a2a0bd8e5
550,C:\Users\Rohith Syam\Documents\UTS SEMESTER 3\image processing\idea 2\outputs\generalization_upgrade\02_external_bias_audit\normalized_external\fake\98\14073598_1892-03-06_1943.jpg,1,98/14073598_1892-03-06_1943.jpg,StableDiffusion_v1_5,external_normalized,deepfakeface_sd15/fake/98/14073598_1892-03-06_1943.jpg,0.966076672077179,0.8184424042701721,1,hybrid,external_test,source_video_disjoint_v1,lowpass_0.1,ffpp_validation_checkpoint,dc728c791e4897a7eabff57cb9a9d5988224c88eea3e4c57bfbba32a2a0bd8e5
551,C:\Users\Rohith Syam\Documents\UTS SEMESTER 3\image processing\idea 2\outputs\generalization_upgrade\02_external_bias_audit\normalized_external\fake\98\142698_1939-09-01_2014.jpg,1,98/142698_1939-09-01_2014.jpg,StableDiffusion_v1_5,external_normalized,deepfakeface_sd15/fake/98/142698_1939-09-01_2014.jpg,0.9024827480316162,0.8184424042701721,1,hybrid,external_test,source_video_disjoint_v1,lowpass_0.1,ffpp_validation_checkpoint,dc728c791e4897a7eabff57cb9a9d5988224c88eea3e4c57bfbba32a2a0bd8e5
552,C:\Users\Rohith Syam\Documents\UTS SEMESTER 3\image processing\idea 2\outputs\generalization_upgrade\02_external_bias_audit\normalized_external\fake\98\15230998_1983-01-10_2007.jpg,1,98/15230998_1983-01-10_2007.jpg,StableDiffusion_v1_5,external_normalized,deepfakeface_sd15/fake/98/15230998_1983-01-10_2007.jpg,0.9773507118225098,0.8184424042701721,1,hybrid,external_test,source_video_disjoint_v1,lowpass_0.1,ffpp_validation_checkpoint,dc728c791e4897a7eabff57cb9a9d5988224c88eea3e4c57bfbba32a2a0bd8e5
553,C:\Users\Rohith Syam\Documents\UTS SEMESTER 3\image processing\idea 2\outputs\generalization_upgrade\02_external_bias_audit\normalized_external\fake\98\176998_1933-08-16_1965.jpg,1,98/176998_1933-08-16_1965.jpg,StableDiffusion_v1_5,external_normalized,deepfakeface_sd15/fake/98/176998_1933-08-16_1965.jpg,0.945199728012085,0.8184424042701721,1,hybrid,external_test,source_video_disjoint_v1,lowpass_0.1,ffpp_validation_checkpoint,dc728c791e4897a7eabff57cb9a9d5988224c88eea3e4c57bfbba32a2a0bd8e5
554,C:\Users\Rohith Syam\Documents\UTS SEMESTER 3\image processing\idea 2\outputs\generalization_upgrade\02_external_bias_audit\normalized_external\fake\98\22298398_1962-09-19_2011.jpg,1,98/22298398_1962-09-19_2011.jpg,StableDiffusion_v1_5,external_normalized,deepfakeface_sd15/fake/98/22298398_1962-09-19_2011.jpg,0.18712010979652405,0.8184424042701721,0,hybrid,external_test,source_video_disjoint_v1,lowpass_0.1,ffpp_validation_checkpoint,dc728c791e4897a7eabff57cb9a9d5988224c88eea3e4c57bfbba32a2a0bd8e5
555,C:\Users\Rohith Syam\Documents\UTS SEMESTER 3\image processing\idea 2\outputs\generalization_upgrade\02_external_bias_audit\normalized_external\fake\98\23428298_1982-12-22_2009.jpg,1,98/23428298_1982-12-22_2009.jpg,StableDiffusion_v1_5,external_normalized,deepfakeface_sd15/fake/98/23428298_1982-12-22_2009.jpg,0.999683141708374,0.8184424042701721,1,hybrid,external_test,source_video_disjoint_v1,lowpass_0.1,ffpp_validation_checkpoint,dc728c791e4897a7eabff57cb9a9d5988224c88eea3e4c57bfbba32a2a0bd8e5
556,C:\Users\Rohith Syam\Documents\UTS SEMESTER 3\image processing\idea 2\outputs\generalization_upgrade\02_external_bias_audit\normalized_external\fake\98\23560198_1992-06-20_2014.jpg,1,98/23560198_1992-06-20_2014.jpg,StableDiffusion_v1_5,external_normalized,deepfakeface_sd15/fake/98/23560198_1992-06-20_2014.jpg,0.9129765033721924,0.8184424042701721,1,hybrid,external_test,source_video_disjoint_v1,lowpass_0.1,ffpp_validation_checkpoint,dc728c791e4897a7eabff57cb9a9d5988224c88eea3e4c57bfbba32a2a0bd8e5
557,C:\Users\Rohith Syam\Documents\UTS SEMESTER 3\image processing\idea 2\outputs\generalization_upgrade\02_external_bias_audit\normalized_external\fake\98\25616698_1980-08-12_2012.jpg,1,98/25616698_1980-08-12_2012.jpg,StableDiffusion_v1_5,external_normalized,deepfakeface_sd15/fake/98/25616698_1980-08-12_2012.jpg,0.9557271003723145,0.8184424042701721,1,hybrid,external_test,source_video_disjoint_v1,lowpass_0.1,ffpp_validation_checkpoint,dc728c791e4897a7eabff57cb9a9d5988224c88eea3e4c57bfbba32a2a0bd8e5
558,C:\Users\Rohith Syam\Documents\UTS SEMESTER 3\image processing\idea 2\outputs\generalization_upgrade\02_external_bias_audit\normalized_external\fake\98\25980298_1980-07-05_2013.jpg,1,98/25980298_1980-07-05_2013.jpg,StableDiffusion_v1_5,external_normalized,deepfakeface_sd15/fake/98/25980298_1980-07-05_2013.jpg,0.9653343558311462,0.8184424042701721,1,hybrid,external_test,source_video_disjoint_v1,lowpass_0.1,ffpp_validation_checkpoint,dc728c791e4897a7eabff57cb9a9d5988224c88eea3e4c57bfbba32a2a0bd8e5
559,C:\Users\Rohith Syam\Documents\UTS SEMESTER 3\image processing\idea 2\outputs\generalization_upgrade\02_external_bias_audit\normalized_external\fake\98\2705698_1958-12-06_2007.jpg,1,98/2705698_1958-12-06_2007.jpg,StableDiffusion_v1_5,external_normalized,deepfakeface_sd15/fake/98/2705698_1958-12-06_2007.jpg,0.06797405332326889,0.8184424042701721,0,hybrid,external_test,source_video_disjoint_v1,lowpass_0.1,ffpp_validation_checkpoint,dc728c791e4897a7eabff57cb9a9d5988224c88eea3e4c57bfbba32a2a0bd8e5
560,C:\Users\Rohith Syam\Documents\UTS SEMESTER 3\image processing\idea 2\outputs\generalization_upgrade\02_external_bias_audit\normalized_external\fake\98\27687598_1957-10-28_2009.jpg,1,98/27687598_1957-10-28_2009.jpg,StableDiffusion_v1_5,external_normalized,deepfakeface_sd15/fake/98/27687598_1957-10-28_2009.jpg,0.81655353307724,0.8184424042701721,0,hybrid,external_test,source_video_disjoint_v1,lowpass_0.1,ffpp_validation_checkpoint,dc728c791e4897a7eabff57cb9a9d5988224c88eea3e4c57bfbba32a2a0bd8e5
561,C:\Users\Rohith Syam\Documents\UTS SEMESTER 3\image processing\idea 2\outputs\generalization_upgrade\02_external_bias_audit\normalized_external\fake\98\30789098_1986-05-13_2012.jpg,1,98/30789098_1986-05-13_2012.jpg,StableDiffusion_v1_5,external_normalized,deepfakeface_sd15/fake/98/30789098_1986-05-13_2012.jpg,0.9739812016487122,0.8184424042701721,1,hybrid,external_test,source_video_disjoint_v1,lowpass_0.1,ffpp_validation_checkpoint,dc728c791e4897a7eabff57cb9a9d5988224c88eea3e4c57bfbba32a2a0bd8e5
562,C:\Users\Rohith Syam\Documents\UTS SEMESTER 3\image processing\idea 2\outputs\generalization_upgrade\02_external_bias_audit\normalized_external\fake\98\32664798_1990-03-03_2014.jpg,1,98/32664798_1990-03-03_2014.jpg,StableDiffusion_v1_5,external_normalized,deepfakeface_sd15/fake/98/32664798_1990-03-03_2014.jpg,0.27419641613960266,0.8184424042701721,0,hybrid,external_test,source_video_disjoint_v1,lowpass_0.1,ffpp_validation_checkpoint,dc728c791e4897a7eabff57cb9a9d5988224c88eea3e4c57bfbba32a2a0bd8e5
563,C:\Users\Rohith Syam\Documents\UTS SEMESTER 3\image processing\idea 2\outputs\generalization_upgrade\02_external_bias_audit\normalized_external\fake\98\3604398_1981-06-16_2012.jpg,1,98/3604398_1981-06-16_2012.jpg,StableDiffusion_v1_5,external_normalized,deepfakeface_sd15/fake/98/3604398_1981-06-16_2012.jpg,0.9211255311965942,0.8184424042701721,1,hybrid,external_test,source_video_disjoint_v1,lowpass_0.1,ffpp_validation_checkpoint,dc728c791e4897a7eabff57cb9a9d5988224c88eea3e4c57bfbba32a2a0bd8e5
564,C:\Users\Rohith Syam\Documents\UTS SEMESTER 3\image processing\idea 2\outputs\generalization_upgrade\02_external_bias_audit\normalized_external\fake\98\40219898_1975-03-11_2013.jpg,1,98/40219898_1975-03-11_2013.jpg,StableDiffusion_v1_5,external_normalized,deepfakeface_sd15/fake/98/40219898_1975-03-11_2013.jpg,0.7651122212409973,0.8184424042701721,0,hybrid,external_test,source_video_disjoint_v1,lowpass_0.1,ffpp_validation_checkpoint,dc728c791e4897a7eabff57cb9a9d5988224c88eea3e4c57bfbba32a2a0bd8e5
565,C:\Users\Rohith Syam\Documents\UTS SEMESTER 3\image processing\idea 2\outputs\generalization_upgrade\02_external_bias_audit\normalized_external\fake\98\40883698_1972-01-26_2014.jpg,1,98/40883698_1972-01-26_2014.jpg,StableDiffusion_v1_5,external_normalized,deepfakeface_sd15/fake/98/40883698_1972-01-26_2014.jpg,0.38760027289390564,0.8184424042701721,0,hybrid,external_test,source_video_disjoint_v1,lowpass_0.1,ffpp_validation_checkpoint,dc728c791e4897a7eabff57cb9a9d5988224c88eea3e4c57bfbba32a2a0bd8e5
566,C:\Users\Rohith Syam\Documents\UTS SEMESTER 3\image processing\idea 2\outputs\generalization_upgrade\02_external_bias_audit\normalized_external\fake\98\4276598_1950-10-14_1975.jpg,1,98/4276598_1950-10-14_1975.jpg,StableDiffusion_v1_5,external_normalized,deepfakeface_sd15/fake/98/4276598_1950-10-14_1975.jpg,0.54691082239151,0.8184424042701721,0,hybrid,external_test,source_video_disjoint_v1,lowpass_0.1,ffpp_validation_checkpoint,dc728c791e4897a7eabff57cb9a9d5988224c88eea3e4c57bfbba32a2a0bd8e5
567,C:\Users\Rohith Syam\Documents\UTS SEMESTER 3\image processing\idea 2\outputs\generalization_upgrade\02_external_bias_audit\normalized_external\fake\98\45298998_1988-08-17_2012.jpg,1,98/45298998_1988-08-17_2012.jpg,StableDiffusion_v1_5,external_normalized,deepfakeface_sd15/fake/98/45298998_1988-08-17_2012.jpg,0.2753928303718567,0.8184424042701721,0,hybrid,external_test,source_video_disjoint_v1,lowpass_0.1,ffpp_validation_checkpoint,dc728c791e4897a7eabff57cb9a9d5988224c88eea3e4c57bfbba32a2a0bd8e5
568,C:\Users\Rohith Syam\Documents\UTS SEMESTER 3\image processing\idea 2\outputs\generalization_upgrade\02_external_bias_audit\normalized_external\fake\98\4691798_1977-09-15_2005.jpg,1,98/4691798_1977-09-15_2005.jpg,StableDiffusion_v1_5,external_normalized,deepfakeface_sd15/fake/98/4691798_1977-09-15_2005.jpg,0.7073748111724854,0.8184424042701721,0,hybrid,external_test,source_video_disjoint_v1,lowpass_0.1,ffpp_validation_checkpoint,dc728c791e4897a7eabff57cb9a9d5988224c88eea3e4c57bfbba32a2a0bd8e5
569,C:\Users\Rohith Syam\Documents\UTS SEMESTER 3\image processing\idea 2\outputs\generalization_upgrade\02_external_bias_audit\normalized_external\fake\98\46974698_1942-02-22_1968.jpg,1,98/46974698_1942-02-22_1968.jpg,StableDiffusion_v1_5,external_normalized,deepfakeface_sd15/fake/98/46974698_1942-02-22_1968.jpg,0.8487094044685364,0.8184424042701721,1,hybrid,external_test,source_video_disjoint_v1,lowpass_0.1,ffpp_validation_checkpoint,dc728c791e4897a7eabff57cb9a9d5988224c88eea3e4c57bfbba32a2a0bd8e5
570,C:\Users\Rohith Syam\Documents\UTS SEMESTER 3\image processing\idea 2\outputs\generalization_upgrade\02_external_bias_audit\normalized_external\fake\98\577798_1933-12-08_1969.jpg,1,98/577798_1933-12-08_1969.jpg,StableDiffusion_v1_5,external_normalized,deepfakeface_sd15/fake/98/577798_1933-12-08_1969.jpg,0.31489670276641846,0.8184424042701721,0,hybrid,external_test,source_video_disjoint_v1,lowpass_0.1,ffpp_validation_checkpoint,dc728c791e4897a7eabff57cb9a9d5988224c88eea3e4c57bfbba32a2a0bd8e5
571,C:\Users\Rohith Syam\Documents\UTS SEMESTER 3\image processing\idea 2\outputs\generalization_upgrade\02_external_bias_audit\normalized_external\fake\98\591698_1968-01-15_2000.jpg,1,98/591698_1968-01-15_2000.jpg,StableDiffusion_v1_5,external_normalized,deepfakeface_sd15/fake/98/591698_1968-01-15_2000.jpg,0.8818773627281189,0.8184424042701721,1,hybrid,external_test,source_video_disjoint_v1,lowpass_0.1,ffpp_validation_checkpoint,dc728c791e4897a7eabff57cb9a9d5988224c88eea3e4c57bfbba32a2a0bd8e5
572,C:\Users\Rohith Syam\Documents\UTS SEMESTER 3\image processing\idea 2\outputs\generalization_upgrade\02_external_bias_audit\normalized_external\fake\98\609598_1929-11-08_2007.jpg,1,98/609598_1929-11-08_2007.jpg,StableDiffusion_v1_5,external_normalized,deepfakeface_sd15/fake/98/609598_1929-11-08_2007.jpg,0.9106446504592896,0.8184424042701721,1,hybrid,external_test,source_video_disjoint_v1,lowpass_0.1,ffpp_validation_checkpoint,dc728c791e4897a7eabff57cb9a9d5988224c88eea3e4c57bfbba32a2a0bd8e5
573,C:\Users\Rohith Syam\Documents\UTS SEMESTER 3\image processing\idea 2\outputs\generalization_upgrade\02_external_bias_audit\normalized_external\fake\98\6548698_1964-02-27_2010.jpg,1,98/6548698_1964-02-27_2010.jpg,StableDiffusion_v1_5,external_normalized,deepfakeface_sd15/fake/98/6548698_1964-02-27_2010.jpg,0.8945738673210144,0.8184424042701721,1,hybrid,external_test,source_video_disjoint_v1,lowpass_0.1,ffpp_validation_checkpoint,dc728c791e4897a7eabff57cb9a9d5988224c88eea3e4c57bfbba32a2a0bd8e5
574,C:\Users\Rohith Syam\Documents\UTS SEMESTER 3\image processing\idea 2\outputs\generalization_upgrade\02_external_bias_audit\normalized_external\fake\98\670098_1974-07-29_2009.jpg,1,98/670098_1974-07-29_2009.jpg,StableDiffusion_v1_5,external_normalized,deepfakeface_sd15/fake/98/670098_1974-07-29_2009.jpg,0.9122574925422668,0.8184424042701721,1,hybrid,external_test,source_video_disjoint_v1,lowpass_0.1,ffpp_validation_checkpoint,dc728c791e4897a7eabff57cb9a9d5988224c88eea3e4c57bfbba32a2a0bd8e5
575,C:\Users\Rohith Syam\Documents\UTS SEMESTER 3\image processing\idea 2\outputs\generalization_upgrade\02_external_bias_audit\normalized_external\fake\98\6808898_1936-01-17_2012.jpg,1,98/6808898_1936-01-17_2012.jpg,StableDiffusion_v1_5,external_normalized,deepfakeface_sd15/fake/98/6808898_1936-01-17_2012.jpg,0.9001633524894714,0.8184424042701721,1,hybrid,external_test,source_video_disjoint_v1,lowpass_0.1,ffpp_validation_checkpoint,dc728c791e4897a7eabff57cb9a9d5988224c88eea3e4c57bfbba32a2a0bd8e5
