Index,image_path,label,video_id,method,dataset,sample_id,prob_fake,threshold,prediction,model,split,protocol_id,condition,threshold_source,checkpoint_sha256
0,C:\Users\Rohith Syam\Documents\UTS SEMESTER 3\image processing\idea 2\outputs\generalization_upgrade\02_external_bias_audit\normalized_external\real\00\12596800_1920-10-18_1955.jpg,0,00/12596800_1920-10-18_1955.jpg,real,external_normalized,deepfakeface_sd15/real/00/12596800_1920-10-18_1955.jpg,0.3754449188709259,0.4309690296649933,0,xception,external_test,source_video_disjoint_v1,lowpass_0.1,ffpp_validation_checkpoint,03cb9bba05b67e1478fb86a731857ba65f55a3db09e023035c9bcd9d442d8efc
1,C:\Users\Rohith Syam\Documents\UTS SEMESTER 3\image processing\idea 2\outputs\generalization_upgrade\02_external_bias_audit\normalized_external\real\00\15550600_1973-11-01_2000.jpg,0,00/15550600_1973-11-01_2000.jpg,real,external_normalized,deepfakeface_sd15/real/00/15550600_1973-11-01_2000.jpg,0.7743987441062927,0.4309690296649933,1,xception,external_test,source_video_disjoint_v1,lowpass_0.1,ffpp_validation_checkpoint,03cb9bba05b67e1478fb86a731857ba65f55a3db09e023035c9bcd9d442d8efc
2,C:\Users\Rohith Syam\Documents\UTS SEMESTER 3\image processing\idea 2\outputs\generalization_upgrade\02_external_bias_audit\normalized_external\real\00\18407100_1917-10-18_1958.jpg,0,00/18407100_1917-10-18_1958.jpg,real,external_normalized,deepfakeface_sd15/real/00/18407100_1917-10-18_1958.jpg,0.1353333741426468,0.4309690296649933,0,xception,external_test,source_video_disjoint_v1,lowpass_0.1,ffpp_validation_checkpoint,03cb9bba05b67e1478fb86a731857ba65f55a3db09e023035c9bcd9d442d8efc
3,C:\Users\Rohith Syam\Documents\UTS SEMESTER 3\image processing\idea 2\outputs\generalization_upgrade\02_external_bias_audit\normalized_external\real\00\23804200_1950-03-31_2013.jpg,0,00/23804200_1950-03-31_2013.jpg,real,external_normalized,deepfakeface_sd15/real/00/23804200_1950-03-31_2013.jpg,0.22970709204673767,0.4309690296649933,0,xception,external_test,source_video_disjoint_v1,lowpass_0.1,ffpp_validation_checkpoint,03cb9bba05b67e1478fb86a731857ba65f55a3db09e023035c9bcd9d442d8efc
4,C:\Users\Rohith Syam\Documents\UTS SEMESTER 3\image processing\idea 2\outputs\generalization_upgrade\02_external_bias_audit\normalized_external\real\00\2540500_1970-10-10_2008.jpg,0,00/2540500_1970-10-10_2008.jpg,real,external_normalized,deepfakeface_sd15/real/00/2540500_1970-10-10_2008.jpg,0.6603196859359741,0.4309690296649933,1,xception,external_test,source_video_disjoint_v1,lowpass_0.1,ffpp_validation_checkpoint,03cb9bba05b67e1478fb86a731857ba65f55a3db09e023035c9bcd9d442d8efc
5,C:\Users\Rohith Syam\Documents\UTS SEMESTER 3\image processing\idea 2\outputs\generalization_upgrade\02_external_bias_audit\normalized_external\real\00\2669900_1933-07-29_1968.jpg,0,00/2669900_1933-07-29_1968.jpg,real,external_normalized,deepfakeface_sd15/real/00/2669900_1933-07-29_1968.jpg,0.14402322471141815,0.4309690296649933,0,xception,external_test,source_video_disjoint_v1,lowpass_0.1,ffpp_validation_checkpoint,03cb9bba05b67e1478fb86a731857ba65f55a3db09e023035c9bcd9d442d8efc
6,C:\Users\Rohith Syam\Documents\UTS SEMESTER 3\image processing\idea 2\outputs\generalization_upgrade\02_external_bias_audit\normalized_external\real\00\26771200_1988-08-13_2009.jpg,0,00/26771200_1988-08-13_2009.jpg,real,external_normalized,deepfakeface_sd15/real/00/26771200_1988-08-13_2009.jpg,0.8153424859046936,0.4309690296649933,1,xception,external_test,source_video_disjoint_v1,lowpass_0.1,ffpp_validation_checkpoint,03cb9bba05b67e1478fb86a731857ba65f55a3db09e023035c9bcd9d442d8efc
7,C:\Users\Rohith Syam\Documents\UTS SEMESTER 3\image processing\idea 2\outputs\generalization_upgrade\02_external_bias_audit\normalized_external\real\00\2690900_1963-03-12_2010.jpg,0,00/2690900_1963-03-12_2010.jpg,real,external_normalized,deepfakeface_sd15/real/00/2690900_1963-03-12_2010.jpg,0.7520143985748291,0.4309690296649933,1,xception,external_test,source_video_disjoint_v1,lowpass_0.1,ffpp_validation_checkpoint,03cb9bba05b67e1478fb86a731857ba65f55a3db09e023035c9bcd9d442d8efc
8,C:\Users\Rohith Syam\Documents\UTS SEMESTER 3\image processing\idea 2\outputs\generalization_upgrade\02_external_bias_audit\normalized_external\real\00\28476500_1938-06-12_1959.jpg,0,00/28476500_1938-06-12_1959.jpg,real,external_normalized,deepfakeface_sd15/real/00/28476500_1938-06-12_1959.jpg,0.5345888733863831,0.4309690296649933,1,xception,external_test,source_video_disjoint_v1,lowpass_0.1,ffpp_validation_checkpoint,03cb9bba05b67e1478fb86a731857ba65f55a3db09e023035c9bcd9d442d8efc
9,C:\Users\Rohith Syam\Documents\UTS SEMESTER 3\image processing\idea 2\outputs\generalization_upgrade\02_external_bias_audit\normalized_external\real\00\28886000_1928-01-17_2009.jpg,0,00/28886000_1928-01-17_2009.jpg,real,external_normalized,deepfakeface_sd15/real/00/28886000_1928-01-17_2009.jpg,0.3631610572338104,0.4309690296649933,0,xception,external_test,source_video_disjoint_v1,lowpass_0.1,ffpp_validation_checkpoint,03cb9bba05b67e1478fb86a731857ba65f55a3db09e023035c9bcd9d442d8efc
10,C:\Users\Rohith Syam\Documents\UTS SEMESTER 3\image processing\idea 2\outputs\generalization_upgrade\02_external_bias_audit\normalized_external\real\00\3293900_1973-09-23_2004.jpg,0,00/3293900_1973-09-23_2004.jpg,real,external_normalized,deepfakeface_sd15/real/00/3293900_1973-09-23_2004.jpg,0.835934042930603,0.4309690296649933,1,xception,external_test,source_video_disjoint_v1,lowpass_0.1,ffpp_validation_checkpoint,03cb9bba05b67e1478fb86a731857ba65f55a3db09e023035c9bcd9d442d8efc
11,C:\Users\Rohith Syam\Documents\UTS SEMESTER 3\image processing\idea 2\outputs\generalization_upgrade\02_external_bias_audit\normalized_external\real\00\34199700_1921-05-23_1946.jpg,0,00/34199700_1921-05-23_1946.jpg,real,external_normalized,deepfakeface_sd15/real/00/34199700_1921-05-23_1946.jpg,0.6595336198806763,0.4309690296649933,1,xception,external_test,source_video_disjoint_v1,lowpass_0.1,ffpp_validation_checkpoint,03cb9bba05b67e1478fb86a731857ba65f55a3db09e023035c9bcd9d442d8efc
12,C:\Users\Rohith Syam\Documents\UTS SEMESTER 3\image processing\idea 2\outputs\generalization_upgrade\02_external_bias_audit\normalized_external\real\00\34316600_1994-11-15_2013.jpg,0,00/34316600_1994-11-15_2013.jpg,real,external_normalized,deepfakeface_sd15/real/00/34316600_1994-11-15_2013.jpg,0.7581468224525452,0.4309690296649933,1,xception,external_test,source_video_disjoint_v1,lowpass_0.1,ffpp_validation_checkpoint,03cb9bba05b67e1478fb86a731857ba65f55a3db09e023035c9bcd9d442d8efc
13,C:\Users\Rohith Syam\Documents\UTS SEMESTER 3\image processing\idea 2\outputs\generalization_upgrade\02_external_bias_audit\normalized_external\real\00\35360200_1996-11-01_2012.jpg,0,00/35360200_1996-11-01_2012.jpg,real,external_normalized,deepfakeface_sd15/real/00/35360200_1996-11-01_2012.jpg,0.8746615648269653,0.4309690296649933,1,xception,external_test,source_video_disjoint_v1,lowpass_0.1,ffpp_validation_checkpoint,03cb9bba05b67e1478fb86a731857ba65f55a3db09e023035c9bcd9d442d8efc
14,C:\Users\Rohith Syam\Documents\UTS SEMESTER 3\image processing\idea 2\outputs\generalization_upgrade\02_external_bias_audit\normalized_external\real\00\36606300_1984-08-03_2014.jpg,0,00/36606300_1984-08-03_2014.jpg,real,external_normalized,deepfakeface_sd15/real/00/36606300_1984-08-03_2014.jpg,0.7864475250244141,0.4309690296649933,1,xception,external_test,source_video_disjoint_v1,lowpass_0.1,ffpp_validation_checkpoint,03cb9bba05b67e1478fb86a731857ba65f55a3db09e023035c9bcd9d442d8efc
15,C:\Users\Rohith Syam\Documents\UTS SEMESTER 3\image processing\idea 2\outputs\generalization_upgrade\02_external_bias_audit\normalized_external\real\00\38882500_1940-10-04_1977.jpg,0,00/38882500_1940-10-04_1977.jpg,real,external_normalized,deepfakeface_sd15/real/00/38882500_1940-10-04_1977.jpg,0.2104741483926773,0.4309690296649933,0,xception,external_test,source_video_disjoint_v1,lowpass_0.1,ffpp_validation_checkpoint,03cb9bba05b67e1478fb86a731857ba65f55a3db09e023035c9bcd9d442d8efc
16,C:\Users\Rohith Syam\Documents\UTS SEMESTER 3\image processing\idea 2\outputs\generalization_upgrade\02_external_bias_audit\normalized_external\real\00\3982800_1988-01-29_2012.jpg,0,00/3982800_1988-01-29_2012.jpg,real,external_normalized,deepfakeface_sd15/real/00/3982800_1988-01-29_2012.jpg,0.7120469808578491,0.4309690296649933,1,xception,external_test,source_video_disjoint_v1,lowpass_0.1,ffpp_validation_checkpoint,03cb9bba05b67e1478fb86a731857ba65f55a3db09e023035c9bcd9d442d8efc
17,C:\Users\Rohith Syam\Documents\UTS SEMESTER 3\image processing\idea 2\outputs\generalization_upgrade\02_external_bias_audit\normalized_external\real\00\41835500_1992-05-12_2014.jpg,0,00/41835500_1992-05-12_2014.jpg,real,external_normalized,deepfakeface_sd15/real/00/41835500_1992-05-12_2014.jpg,0.6893736720085144,0.4309690296649933,1,xception,external_test,source_video_disjoint_v1,lowpass_0.1,ffpp_validation_checkpoint,03cb9bba05b67e1478fb86a731857ba65f55a3db09e023035c9bcd9d442d8efc
18,C:\Users\Rohith Syam\Documents\UTS SEMESTER 3\image processing\idea 2\outputs\generalization_upgrade\02_external_bias_audit\normalized_external\real\00\4236500_1977-10-18_2005.jpg,0,00/4236500_1977-10-18_2005.jpg,real,external_normalized,deepfakeface_sd15/real/00/4236500_1977-10-18_2005.jpg,0.6484521627426147,0.4309690296649933,1,xception,external_test,source_video_disjoint_v1,lowpass_0.1,ffpp_validation_checkpoint,03cb9bba05b67e1478fb86a731857ba65f55a3db09e023035c9bcd9d442d8efc
19,C:\Users\Rohith Syam\Documents\UTS SEMESTER 3\image processing\idea 2\outputs\generalization_upgrade\02_external_bias_audit\normalized_external\real\00\46667800_1978-03-16_2014.jpg,0,00/46667800_1978-03-16_2014.jpg,real,external_normalized,deepfakeface_sd15/real/00/46667800_1978-03-16_2014.jpg,0.6928148865699768,0.4309690296649933,1,xception,external_test,source_video_disjoint_v1,lowpass_0.1,ffpp_validation_checkpoint,03cb9bba05b67e1478fb86a731857ba65f55a3db09e023035c9bcd9d442d8efc
20,C:\Users\Rohith Syam\Documents\UTS SEMESTER 3\image processing\idea 2\outputs\generalization_upgrade\02_external_bias_audit\normalized_external\real\00\5616200_1968-09-06_2006.jpg,0,00/5616200_1968-09-06_2006.jpg,real,external_normalized,deepfakeface_sd15/real/00/5616200_1968-09-06_2006.jpg,0.7536163330078125,0.4309690296649933,1,xception,external_test,source_video_disjoint_v1,lowpass_0.1,ffpp_validation_checkpoint,03cb9bba05b67e1478fb86a731857ba65f55a3db09e023035c9bcd9d442d8efc
21,C:\Users\Rohith Syam\Documents\UTS SEMESTER 3\image processing\idea 2\outputs\generalization_upgrade\02_external_bias_audit\normalized_external\real\00\5751800_1950-09-09_2010.jpg,0,00/5751800_1950-09-09_2010.jpg,real,external_normalized,deepfakeface_sd15/real/00/5751800_1950-09-09_2010.jpg,0.07894632965326309,0.4309690296649933,0,xception,external_test,source_video_disjoint_v1,lowpass_0.1,ffpp_validation_checkpoint,03cb9bba05b67e1478fb86a731857ba65f55a3db09e023035c9bcd9d442d8efc
22,C:\Users\Rohith Syam\Documents\UTS SEMESTER 3\image processing\idea 2\outputs\generalization_upgrade\02_external_bias_audit\normalized_external\real\00\67000_1947-05-13_2007.jpg,0,00/67000_1947-05-13_2007.jpg,real,external_normalized,deepfakeface_sd15/real/00/67000_1947-05-13_2007.jpg,0.790837824344635,0.4309690296649933,1,xception,external_test,source_video_disjoint_v1,lowpass_0.1,ffpp_validation_checkpoint,03cb9bba05b67e1478fb86a731857ba65f55a3db09e023035c9bcd9d442d8efc
23,C:\Users\Rohith Syam\Documents\UTS SEMESTER 3\image processing\idea 2\outputs\generalization_upgrade\02_external_bias_audit\normalized_external\real\00\7567200_1932-07-31_1966.jpg,0,00/7567200_1932-07-31_1966.jpg,real,external_normalized,deepfakeface_sd15/real/00/7567200_1932-07-31_1966.jpg,0.29396724700927734,0.4309690296649933,0,xception,external_test,source_video_disjoint_v1,lowpass_0.1,ffpp_validation_checkpoint,03cb9bba05b67e1478fb86a731857ba65f55a3db09e023035c9bcd9d442d8efc
24,C:\Users\Rohith Syam\Documents\UTS SEMESTER 3\image processing\idea 2\outputs\generalization_upgrade\02_external_bias_audit\normalized_external\real\00\8222200_1941-05-15_1964.jpg,0,00/8222200_1941-05-15_1964.jpg,real,external_normalized,deepfakeface_sd15/real/00/8222200_1941-05-15_1964.jpg,0.73158198595047,0.4309690296649933,1,xception,external_test,source_video_disjoint_v1,lowpass_0.1,ffpp_validation_checkpoint,03cb9bba05b67e1478fb86a731857ba65f55a3db09e023035c9bcd9d442d8efc
25,C:\Users\Rohith Syam\Documents\UTS SEMESTER 3\image processing\idea 2\outputs\generalization_upgrade\02_external_bias_audit\normalized_external\real\00\836500_1977-03-04_2007.jpg,0,00/836500_1977-03-04_2007.jpg,real,external_normalized,deepfakeface_sd15/real/00/836500_1977-03-04_2007.jpg,0.7260346412658691,0.4309690296649933,1,xception,external_test,source_video_disjoint_v1,lowpass_0.1,ffpp_validation_checkpoint,03cb9bba05b67e1478fb86a731857ba65f55a3db09e023035c9bcd9d442d8efc
26,C:\Users\Rohith Syam\Documents\UTS SEMESTER 3\image processing\idea 2\outputs\generalization_upgrade\02_external_bias_audit\normalized_external\real\00\9210500_1912-02-06_1942.jpg,0,00/9210500_1912-02-06_1942.jpg,real,external_normalized,deepfakeface_sd15/real/00/9210500_1912-02-06_1942.jpg,0.013810385018587112,0.4309690296649933,0,xception,external_test,source_video_disjoint_v1,lowpass_0.1,ffpp_validation_checkpoint,03cb9bba05b67e1478fb86a731857ba65f55a3db09e023035c9bcd9d442d8efc
27,C:\Users\Rohith Syam\Documents\UTS SEMESTER 3\image processing\idea 2\outputs\generalization_upgrade\02_external_bias_audit\normalized_external\real\00\944600_1968-02-05_2006.jpg,0,00/944600_1968-02-05_2006.jpg,real,external_normalized,deepfakeface_sd15/real/00/944600_1968-02-05_2006.jpg,0.6950082182884216,0.4309690296649933,1,xception,external_test,source_video_disjoint_v1,lowpass_0.1,ffpp_validation_checkpoint,03cb9bba05b67e1478fb86a731857ba65f55a3db09e023035c9bcd9d442d8efc
28,C:\Users\Rohith Syam\Documents\UTS SEMESTER 3\image processing\idea 2\outputs\generalization_upgrade\02_external_bias_audit\normalized_external\real\00\9801700_1969-10-11_2012.jpg,0,00/9801700_1969-10-11_2012.jpg,real,external_normalized,deepfakeface_sd15/real/00/9801700_1969-10-11_2012.jpg,0.6926105618476868,0.4309690296649933,1,xception,external_test,source_video_disjoint_v1,lowpass_0.1,ffpp_validation_checkpoint,03cb9bba05b67e1478fb86a731857ba65f55a3db09e023035c9bcd9d442d8efc
29,C:\Users\Rohith Syam\Documents\UTS SEMESTER 3\image processing\idea 2\outputs\generalization_upgrade\02_external_bias_audit\normalized_external\real\02\4539602_1977-04-26_2010.jpg,0,02/4539602_1977-04-26_2010.jpg,real,external_normalized,deepfakeface_sd15/real/02/4539602_1977-04-26_2010.jpg,0.8144746422767639,0.4309690296649933,1,xception,external_test,source_video_disjoint_v1,lowpass_0.1,ffpp_validation_checkpoint,03cb9bba05b67e1478fb86a731857ba65f55a3db09e023035c9bcd9d442d8efc
30,C:\Users\Rohith Syam\Documents\UTS SEMESTER 3\image processing\idea 2\outputs\generalization_upgrade\02_external_bias_audit\normalized_external\real\03\10970703_1984-05-21_2011.jpg,0,03/10970703_1984-05-21_2011.jpg,real,external_normalized,deepfakeface_sd15/real/03/10970703_1984-05-21_2011.jpg,0.8306272625923157,0.4309690296649933,1,xception,external_test,source_video_disjoint_v1,lowpass_0.1,ffpp_validation_checkpoint,03cb9bba05b67e1478fb86a731857ba65f55a3db09e023035c9bcd9d442d8efc
31,C:\Users\Rohith Syam\Documents\UTS SEMESTER 3\image processing\idea 2\outputs\generalization_upgrade\02_external_bias_audit\normalized_external\real\03\1142203_1949-03-03_2008.jpg,0,03/1142203_1949-03-03_2008.jpg,real,external_normalized,deepfakeface_sd15/real/03/1142203_1949-03-03_2008.jpg,0.7255083322525024,0.4309690296649933,1,xception,external_test,source_video_disjoint_v1,lowpass_0.1,ffpp_validation_checkpoint,03cb9bba05b67e1478fb86a731857ba65f55a3db09e023035c9bcd9d442d8efc
32,C:\Users\Rohith Syam\Documents\UTS SEMESTER 3\image processing\idea 2\outputs\generalization_upgrade\02_external_bias_audit\normalized_external\real\03\13181303_1944-01-11_1971.jpg,0,03/13181303_1944-01-11_1971.jpg,real,external_normalized,deepfakeface_sd15/real/03/13181303_1944-01-11_1971.jpg,0.7985329627990723,0.4309690296649933,1,xception,external_test,source_video_disjoint_v1,lowpass_0.1,ffpp_validation_checkpoint,03cb9bba05b67e1478fb86a731857ba65f55a3db09e023035c9bcd9d442d8efc
33,C:\Users\Rohith Syam\Documents\UTS SEMESTER 3\image processing\idea 2\outputs\generalization_upgrade\02_external_bias_audit\normalized_external\real\03\14926103_1928-01-13_1958.jpg,0,03/14926103_1928-01-13_1958.jpg,real,external_normalized,deepfakeface_sd15/real/03/14926103_1928-01-13_1958.jpg,0.12669479846954346,0.4309690296649933,0,xception,external_test,source_video_disjoint_v1,lowpass_0.1,ffpp_validation_checkpoint,03cb9bba05b67e1478fb86a731857ba65f55a3db09e023035c9bcd9d442d8efc
34,C:\Users\Rohith Syam\Documents\UTS SEMESTER 3\image processing\idea 2\outputs\generalization_upgrade\02_external_bias_audit\normalized_external\real\03\16103_1907-05-26_1965.jpg,0,03/16103_1907-05-26_1965.jpg,real,external_normalized,deepfakeface_sd15/real/03/16103_1907-05-26_1965.jpg,0.4186650812625885,0.4309690296649933,0,xception,external_test,source_video_disjoint_v1,lowpass_0.1,ffpp_validation_checkpoint,03cb9bba05b67e1478fb86a731857ba65f55a3db09e023035c9bcd9d442d8efc
35,C:\Users\Rohith Syam\Documents\UTS SEMESTER 3\image processing\idea 2\outputs\generalization_upgrade\02_external_bias_audit\normalized_external\real\03\18388503_1942-09-14_2007.jpg,0,03/18388503_1942-09-14_2007.jpg,real,external_normalized,deepfakeface_sd15/real/03/18388503_1942-09-14_2007.jpg,0.8658586144447327,0.4309690296649933,1,xception,external_test,source_video_disjoint_v1,lowpass_0.1,ffpp_validation_checkpoint,03cb9bba05b67e1478fb86a731857ba65f55a3db09e023035c9bcd9d442d8efc
36,C:\Users\Rohith Syam\Documents\UTS SEMESTER 3\image processing\idea 2\outputs\generalization_upgrade\02_external_bias_audit\normalized_external\real\03\19966503_1974-03-04_2011.jpg,0,03/19966503_1974-03-04_2011.jpg,real,external_normalized,deepfakeface_sd15/real/03/19966503_1974-03-04_2011.jpg,0.42987316846847534,0.4309690296649933,0,xception,external_test,source_video_disjoint_v1,lowpass_0.1,ffpp_validation_checkpoint,03cb9bba05b67e1478fb86a731857ba65f55a3db09e023035c9bcd9d442d8efc
37,C:\Users\Rohith Syam\Documents\UTS SEMESTER 3\image processing\idea 2\outputs\generalization_upgrade\02_external_bias_audit\normalized_external\real\03\21296103_1982-04-25_2011.jpg,0,03/21296103_1982-04-25_2011.jpg,real,external_normalized,deepfakeface_sd15/real/03/21296103_1982-04-25_2011.jpg,0.9168097972869873,0.4309690296649933,1,xception,external_test,source_video_disjoint_v1,lowpass_0.1,ffpp_validation_checkpoint,03cb9bba05b67e1478fb86a731857ba65f55a3db09e023035c9bcd9d442d8efc
38,C:\Users\Rohith Syam\Documents\UTS SEMESTER 3\image processing\idea 2\outputs\generalization_upgrade\02_external_bias_audit\normalized_external\real\03\2220103_1954-05-18_2009.jpg,0,03/2220103_1954-05-18_2009.jpg,real,external_normalized,deepfakeface_sd15/real/03/2220103_1954-05-18_2009.jpg,0.6509750485420227,0.4309690296649933,1,xception,external_test,source_video_disjoint_v1,lowpass_0.1,ffpp_validation_checkpoint,03cb9bba05b67e1478fb86a731857ba65f55a3db09e023035c9bcd9d442d8efc
39,C:\Users\Rohith Syam\Documents\UTS SEMESTER 3\image processing\idea 2\outputs\generalization_upgrade\02_external_bias_audit\normalized_external\real\03\225903_1935-04-21_2007.jpg,0,03/225903_1935-04-21_2007.jpg,real,external_normalized,deepfakeface_sd15/real/03/225903_1935-04-21_2007.jpg,0.7009804844856262,0.4309690296649933,1,xception,external_test,source_video_disjoint_v1,lowpass_0.1,ffpp_validation_checkpoint,03cb9bba05b67e1478fb86a731857ba65f55a3db09e023035c9bcd9d442d8efc
40,C:\Users\Rohith Syam\Documents\UTS SEMESTER 3\image processing\idea 2\outputs\generalization_upgrade\02_external_bias_audit\normalized_external\real\03\2395003_1940-06-21_1977.jpg,0,03/2395003_1940-06-21_1977.jpg,real,external_normalized,deepfakeface_sd15/real/03/2395003_1940-06-21_1977.jpg,0.3657841384410858,0.4309690296649933,0,xception,external_test,source_video_disjoint_v1,lowpass_0.1,ffpp_validation_checkpoint,03cb9bba05b67e1478fb86a731857ba65f55a3db09e023035c9bcd9d442d8efc
41,C:\Users\Rohith Syam\Documents\UTS SEMESTER 3\image processing\idea 2\outputs\generalization_upgrade\02_external_bias_audit\normalized_external\real\03\2420403_1964-03-18_2007.jpg,0,03/2420403_1964-03-18_2007.jpg,real,external_normalized,deepfakeface_sd15/real/03/2420403_1964-03-18_2007.jpg,0.5183859467506409,0.4309690296649933,1,xception,external_test,source_video_disjoint_v1,lowpass_0.1,ffpp_validation_checkpoint,03cb9bba05b67e1478fb86a731857ba65f55a3db09e023035c9bcd9d442d8efc
42,C:\Users\Rohith Syam\Documents\UTS SEMESTER 3\image processing\idea 2\outputs\generalization_upgrade\02_external_bias_audit\normalized_external\real\03\2740303_1974-11-03_1999.jpg,0,03/2740303_1974-11-03_1999.jpg,real,external_normalized,deepfakeface_sd15/real/03/2740303_1974-11-03_1999.jpg,0.5409826636314392,0.4309690296649933,1,xception,external_test,source_video_disjoint_v1,lowpass_0.1,ffpp_validation_checkpoint,03cb9bba05b67e1478fb86a731857ba65f55a3db09e023035c9bcd9d442d8efc
43,C:\Users\Rohith Syam\Documents\UTS SEMESTER 3\image processing\idea 2\outputs\generalization_upgrade\02_external_bias_audit\normalized_external\real\03\2779203_1965-10-01_2008.jpg,0,03/2779203_1965-10-01_2008.jpg,real,external_normalized,deepfakeface_sd15/real/03/2779203_1965-10-01_2008.jpg,0.747672975063324,0.4309690296649933,1,xception,external_test,source_video_disjoint_v1,lowpass_0.1,ffpp_validation_checkpoint,03cb9bba05b67e1478fb86a731857ba65f55a3db09e023035c9bcd9d442d8efc
44,C:\Users\Rohith Syam\Documents\UTS SEMESTER 3\image processing\idea 2\outputs\generalization_upgrade\02_external_bias_audit\normalized_external\real\03\317803_1920-03-03_2011.jpg,0,03/317803_1920-03-03_2011.jpg,real,external_normalized,deepfakeface_sd15/real/03/317803_1920-03-03_2011.jpg,0.6437292695045471,0.4309690296649933,1,xception,external_test,source_video_disjoint_v1,lowpass_0.1,ffpp_validation_checkpoint,03cb9bba05b67e1478fb86a731857ba65f55a3db09e023035c9bcd9d442d8efc
45,C:\Users\Rohith Syam\Documents\UTS SEMESTER 3\image processing\idea 2\outputs\generalization_upgrade\02_external_bias_audit\normalized_external\real\03\32442803_1991-09-14_2012.jpg,0,03/32442803_1991-09-14_2012.jpg,real,external_normalized,deepfakeface_sd15/real/03/32442803_1991-09-14_2012.jpg,0.29107949137687683,0.4309690296649933,0,xception,external_test,source_video_disjoint_v1,lowpass_0.1,ffpp_validation_checkpoint,03cb9bba05b67e1478fb86a731857ba65f55a3db09e023035c9bcd9d442d8efc
46,C:\Users\Rohith Syam\Documents\UTS SEMESTER 3\image processing\idea 2\outputs\generalization_upgrade\02_external_bias_audit\normalized_external\real\03\34807003_1990-05-29_2013.jpg,0,03/34807003_1990-05-29_2013.jpg,real,external_normalized,deepfakeface_sd15/real/03/34807003_1990-05-29_2013.jpg,0.3126566410064697,0.4309690296649933,0,xception,external_test,source_video_disjoint_v1,lowpass_0.1,ffpp_validation_checkpoint,03cb9bba05b67e1478fb86a731857ba65f55a3db09e023035c9bcd9d442d8efc
47,C:\Users\Rohith Syam\Documents\UTS SEMESTER 3\image processing\idea 2\outputs\generalization_upgrade\02_external_bias_audit\normalized_external\real\03\37970303_1977-07-09_2013.jpg,0,03/37970303_1977-07-09_2013.jpg,real,external_normalized,deepfakeface_sd15/real/03/37970303_1977-07-09_2013.jpg,0.7024186849594116,0.4309690296649933,1,xception,external_test,source_video_disjoint_v1,lowpass_0.1,ffpp_validation_checkpoint,03cb9bba05b67e1478fb86a731857ba65f55a3db09e023035c9bcd9d442d8efc
48,C:\Users\Rohith Syam\Documents\UTS SEMESTER 3\image processing\idea 2\outputs\generalization_upgrade\02_external_bias_audit\normalized_external\real\03\39605003_1966-06-21_2012.jpg,0,03/39605003_1966-06-21_2012.jpg,real,external_normalized,deepfakeface_sd15/real/03/39605003_1966-06-21_2012.jpg,0.6855413913726807,0.4309690296649933,1,xception,external_test,source_video_disjoint_v1,lowpass_0.1,ffpp_validation_checkpoint,03cb9bba05b67e1478fb86a731857ba65f55a3db09e023035c9bcd9d442d8efc
49,C:\Users\Rohith Syam\Documents\UTS SEMESTER 3\image processing\idea 2\outputs\generalization_upgrade\02_external_bias_audit\normalized_external\real\03\39918103_1988-09-29_2012.jpg,0,03/39918103_1988-09-29_2012.jpg,real,external_normalized,deepfakeface_sd15/real/03/39918103_1988-09-29_2012.jpg,0.7530084848403931,0.4309690296649933,1,xception,external_test,source_video_disjoint_v1,lowpass_0.1,ffpp_validation_checkpoint,03cb9bba05b67e1478fb86a731857ba65f55a3db09e023035c9bcd9d442d8efc
50,C:\Users\Rohith Syam\Documents\UTS SEMESTER 3\image processing\idea 2\outputs\generalization_upgrade\02_external_bias_audit\normalized_external\real\03\4830003_1961-12-01_2010.jpg,0,03/4830003_1961-12-01_2010.jpg,real,external_normalized,deepfakeface_sd15/real/03/4830003_1961-12-01_2010.jpg,0.5924890637397766,0.4309690296649933,1,xception,external_test,source_video_disjoint_v1,lowpass_0.1,ffpp_validation_checkpoint,03cb9bba05b67e1478fb86a731857ba65f55a3db09e023035c9bcd9d442d8efc
51,C:\Users\Rohith Syam\Documents\UTS SEMESTER 3\image processing\idea 2\outputs\generalization_upgrade\02_external_bias_audit\normalized_external\real\03\555703_1913-07-13_1970.jpg,0,03/555703_1913-07-13_1970.jpg,real,external_normalized,deepfakeface_sd15/real/03/555703_1913-07-13_1970.jpg,0.1957106739282608,0.4309690296649933,0,xception,external_test,source_video_disjoint_v1,lowpass_0.1,ffpp_validation_checkpoint,03cb9bba05b67e1478fb86a731857ba65f55a3db09e023035c9bcd9d442d8efc
52,C:\Users\Rohith Syam\Documents\UTS SEMESTER 3\image processing\idea 2\outputs\generalization_upgrade\02_external_bias_audit\normalized_external\real\03\6104003_1985-07-06_2006.jpg,0,03/6104003_1985-07-06_2006.jpg,real,external_normalized,deepfakeface_sd15/real/03/6104003_1985-07-06_2006.jpg,0.49582141637802124,0.4309690296649933,1,xception,external_test,source_video_disjoint_v1,lowpass_0.1,ffpp_validation_checkpoint,03cb9bba05b67e1478fb86a731857ba65f55a3db09e023035c9bcd9d442d8efc
53,C:\Users\Rohith Syam\Documents\UTS SEMESTER 3\image processing\idea 2\outputs\generalization_upgrade\02_external_bias_audit\normalized_external\real\03\7100903_1961-03-15_2010.jpg,0,03/7100903_1961-03-15_2010.jpg,real,external_normalized,deepfakeface_sd15/real/03/7100903_1961-03-15_2010.jpg,0.9168983697891235,0.4309690296649933,1,xception,external_test,source_video_disjoint_v1,lowpass_0.1,ffpp_validation_checkpoint,03cb9bba05b67e1478fb86a731857ba65f55a3db09e023035c9bcd9d442d8efc
54,C:\Users\Rohith Syam\Documents\UTS SEMESTER 3\image processing\idea 2\outputs\generalization_upgrade\02_external_bias_audit\normalized_external\real\03\7655603_1956-03-09_2010.jpg,0,03/7655603_1956-03-09_2010.jpg,real,external_normalized,deepfakeface_sd15/real/03/7655603_1956-03-09_2010.jpg,0.748439610004425,0.4309690296649933,1,xception,external_test,source_video_disjoint_v1,lowpass_0.1,ffpp_validation_checkpoint,03cb9bba05b67e1478fb86a731857ba65f55a3db09e023035c9bcd9d442d8efc
55,C:\Users\Rohith Syam\Documents\UTS SEMESTER 3\image processing\idea 2\outputs\generalization_upgrade\02_external_bias_audit\normalized_external\real\03\8902703_1978-09-20_2007.jpg,0,03/8902703_1978-09-20_2007.jpg,real,external_normalized,deepfakeface_sd15/real/03/8902703_1978-09-20_2007.jpg,0.6474626660346985,0.4309690296649933,1,xception,external_test,source_video_disjoint_v1,lowpass_0.1,ffpp_validation_checkpoint,03cb9bba05b67e1478fb86a731857ba65f55a3db09e023035c9bcd9d442d8efc
56,C:\Users\Rohith Syam\Documents\UTS SEMESTER 3\image processing\idea 2\outputs\generalization_upgrade\02_external_bias_audit\normalized_external\real\03\9000703_1982-07-16_2008.jpg,0,03/9000703_1982-07-16_2008.jpg,real,external_normalized,deepfakeface_sd15/real/03/9000703_1982-07-16_2008.jpg,0.18843168020248413,0.4309690296649933,0,xception,external_test,source_video_disjoint_v1,lowpass_0.1,ffpp_validation_checkpoint,03cb9bba05b67e1478fb86a731857ba65f55a3db09e023035c9bcd9d442d8efc
57,C:\Users\Rohith Syam\Documents\UTS SEMESTER 3\image processing\idea 2\outputs\generalization_upgrade\02_external_bias_audit\normalized_external\real\03\9729003_1988-05-18_2011.jpg,0,03/9729003_1988-05-18_2011.jpg,real,external_normalized,deepfakeface_sd15/real/03/9729003_1988-05-18_2011.jpg,0.4594423174858093,0.4309690296649933,1,xception,external_test,source_video_disjoint_v1,lowpass_0.1,ffpp_validation_checkpoint,03cb9bba05b67e1478fb86a731857ba65f55a3db09e023035c9bcd9d442d8efc
58,C:\Users\Rohith Syam\Documents\UTS SEMESTER 3\image processing\idea 2\outputs\generalization_upgrade\02_external_bias_audit\normalized_external\real\03\97803_1991-04-04_2007.jpg,0,03/97803_1991-04-04_2007.jpg,real,external_normalized,deepfakeface_sd15/real/03/97803_1991-04-04_2007.jpg,0.4998161792755127,0.4309690296649933,1,xception,external_test,source_video_disjoint_v1,lowpass_0.1,ffpp_validation_checkpoint,03cb9bba05b67e1478fb86a731857ba65f55a3db09e023035c9bcd9d442d8efc
59,C:\Users\Rohith Syam\Documents\UTS SEMESTER 3\image processing\idea 2\outputs\generalization_upgrade\02_external_bias_audit\normalized_external\real\12\1836812_1976-11-06_2013.jpg,0,12/1836812_1976-11-06_2013.jpg,real,external_normalized,deepfakeface_sd15/real/12/1836812_1976-11-06_2013.jpg,0.31699424982070923,0.4309690296649933,0,xception,external_test,source_video_disjoint_v1,lowpass_0.1,ffpp_validation_checkpoint,03cb9bba05b67e1478fb86a731857ba65f55a3db09e023035c9bcd9d442d8efc
60,C:\Users\Rohith Syam\Documents\UTS SEMESTER 3\image processing\idea 2\outputs\generalization_upgrade\02_external_bias_audit\normalized_external\real\14\12041214_1955-03-25_2012.jpg,0,14/12041214_1955-03-25_2012.jpg,real,external_normalized,deepfakeface_sd15/real/14/12041214_1955-03-25_2012.jpg,0.25878098607063293,0.4309690296649933,0,xception,external_test,source_video_disjoint_v1,lowpass_0.1,ffpp_validation_checkpoint,03cb9bba05b67e1478fb86a731857ba65f55a3db09e023035c9bcd9d442d8efc
61,C:\Users\Rohith Syam\Documents\UTS SEMESTER 3\image processing\idea 2\outputs\generalization_upgrade\02_external_bias_audit\normalized_external\real\14\12461914_1975-12-14_2007.jpg,0,14/12461914_1975-12-14_2007.jpg,real,external_normalized,deepfakeface_sd15/real/14/12461914_1975-12-14_2007.jpg,0.5799563527107239,0.4309690296649933,1,xception,external_test,source_video_disjoint_v1,lowpass_0.1,ffpp_validation_checkpoint,03cb9bba05b67e1478fb86a731857ba65f55a3db09e023035c9bcd9d442d8efc
62,C:\Users\Rohith Syam\Documents\UTS SEMESTER 3\image processing\idea 2\outputs\generalization_upgrade\02_external_bias_audit\normalized_external\real\14\14307714_1977-01-29_2013.jpg,0,14/14307714_1977-01-29_2013.jpg,real,external_normalized,deepfakeface_sd15/real/14/14307714_1977-01-29_2013.jpg,0.17875877022743225,0.4309690296649933,0,xception,external_test,source_video_disjoint_v1,lowpass_0.1,ffpp_validation_checkpoint,03cb9bba05b67e1478fb86a731857ba65f55a3db09e023035c9bcd9d442d8efc
63,C:\Users\Rohith Syam\Documents\UTS SEMESTER 3\image processing\idea 2\outputs\generalization_upgrade\02_external_bias_audit\normalized_external\real\14\170514_1963-03-06_1970.jpg,0,14/170514_1963-03-06_1970.jpg,real,external_normalized,deepfakeface_sd15/real/14/170514_1963-03-06_1970.jpg,0.5752291679382324,0.4309690296649933,1,xception,external_test,source_video_disjoint_v1,lowpass_0.1,ffpp_validation_checkpoint,03cb9bba05b67e1478fb86a731857ba65f55a3db09e023035c9bcd9d442d8efc
64,C:\Users\Rohith Syam\Documents\UTS SEMESTER 3\image processing\idea 2\outputs\generalization_upgrade\02_external_bias_audit\normalized_external\real\14\1830414_1971-07-01_2013.jpg,0,14/1830414_1971-07-01_2013.jpg,real,external_normalized,deepfakeface_sd15/real/14/1830414_1971-07-01_2013.jpg,0.40152111649513245,0.4309690296649933,0,xception,external_test,source_video_disjoint_v1,lowpass_0.1,ffpp_validation_checkpoint,03cb9bba05b67e1478fb86a731857ba65f55a3db09e023035c9bcd9d442d8efc
65,C:\Users\Rohith Syam\Documents\UTS SEMESTER 3\image processing\idea 2\outputs\generalization_upgrade\02_external_bias_audit\normalized_external\real\14\19894914_1989-10-19_2012.jpg,0,14/19894914_1989-10-19_2012.jpg,real,external_normalized,deepfakeface_sd15/real/14/19894914_1989-10-19_2012.jpg,0.7539170980453491,0.4309690296649933,1,xception,external_test,source_video_disjoint_v1,lowpass_0.1,ffpp_validation_checkpoint,03cb9bba05b67e1478fb86a731857ba65f55a3db09e023035c9bcd9d442d8efc
66,C:\Users\Rohith Syam\Documents\UTS SEMESTER 3\image processing\idea 2\outputs\generalization_upgrade\02_external_bias_audit\normalized_external\real\14\1995914_1928-11-21_1976.jpg,0,14/1995914_1928-11-21_1976.jpg,real,external_normalized,deepfakeface_sd15/real/14/1995914_1928-11-21_1976.jpg,0.5482850670814514,0.4309690296649933,1,xception,external_test,source_video_disjoint_v1,lowpass_0.1,ffpp_validation_checkpoint,03cb9bba05b67e1478fb86a731857ba65f55a3db09e023035c9bcd9d442d8efc
67,C:\Users\Rohith Syam\Documents\UTS SEMESTER 3\image processing\idea 2\outputs\generalization_upgrade\02_external_bias_audit\normalized_external\real\14\2009614_1964-05-13_2008.jpg,0,14/2009614_1964-05-13_2008.jpg,real,external_normalized,deepfakeface_sd15/real/14/2009614_1964-05-13_2008.jpg,0.8036968111991882,0.4309690296649933,1,xception,external_test,source_video_disjoint_v1,lowpass_0.1,ffpp_validation_checkpoint,03cb9bba05b67e1478fb86a731857ba65f55a3db09e023035c9bcd9d442d8efc
68,C:\Users\Rohith Syam\Documents\UTS SEMESTER 3\image processing\idea 2\outputs\generalization_upgrade\02_external_bias_audit\normalized_external\real\14\21538614_1990-11-01_2015.jpg,0,14/21538614_1990-11-01_2015.jpg,real,external_normalized,deepfakeface_sd15/real/14/21538614_1990-11-01_2015.jpg,0.3945806622505188,0.4309690296649933,0,xception,external_test,source_video_disjoint_v1,lowpass_0.1,ffpp_validation_checkpoint,03cb9bba05b67e1478fb86a731857ba65f55a3db09e023035c9bcd9d442d8efc
69,C:\Users\Rohith Syam\Documents\UTS SEMESTER 3\image processing\idea 2\outputs\generalization_upgrade\02_external_bias_audit\normalized_external\real\14\22037414_1987-06-05_2013.jpg,0,14/22037414_1987-06-05_2013.jpg,real,external_normalized,deepfakeface_sd15/real/14/22037414_1987-06-05_2013.jpg,0.6613545417785645,0.4309690296649933,1,xception,external_test,source_video_disjoint_v1,lowpass_0.1,ffpp_validation_checkpoint,03cb9bba05b67e1478fb86a731857ba65f55a3db09e023035c9bcd9d442d8efc
70,C:\Users\Rohith Syam\Documents\UTS SEMESTER 3\image processing\idea 2\outputs\generalization_upgrade\02_external_bias_audit\normalized_external\real\14\23420614_1974-04-16_2008.jpg,0,14/23420614_1974-04-16_2008.jpg,real,external_normalized,deepfakeface_sd15/real/14/23420614_1974-04-16_2008.jpg,0.833739161491394,0.4309690296649933,1,xception,external_test,source_video_disjoint_v1,lowpass_0.1,ffpp_validation_checkpoint,03cb9bba05b67e1478fb86a731857ba65f55a3db09e023035c9bcd9d442d8efc
71,C:\Users\Rohith Syam\Documents\UTS SEMESTER 3\image processing\idea 2\outputs\generalization_upgrade\02_external_bias_audit\normalized_external\real\14\27131114_1983-08-30_2011.jpg,0,14/27131114_1983-08-30_2011.jpg,real,external_normalized,deepfakeface_sd15/real/14/27131114_1983-08-30_2011.jpg,0.2929080128669739,0.4309690296649933,0,xception,external_test,source_video_disjoint_v1,lowpass_0.1,ffpp_validation_checkpoint,03cb9bba05b67e1478fb86a731857ba65f55a3db09e023035c9bcd9d442d8efc
72,C:\Users\Rohith Syam\Documents\UTS SEMESTER 3\image processing\idea 2\outputs\generalization_upgrade\02_external_bias_audit\normalized_external\real\14\28269114_1941-03-21_2011.jpg,0,14/28269114_1941-03-21_2011.jpg,real,external_normalized,deepfakeface_sd15/real/14/28269114_1941-03-21_2011.jpg,0.9553513526916504,0.4309690296649933,1,xception,external_test,source_video_disjoint_v1,lowpass_0.1,ffpp_validation_checkpoint,03cb9bba05b67e1478fb86a731857ba65f55a3db09e023035c9bcd9d442d8efc
73,C:\Users\Rohith Syam\Documents\UTS SEMESTER 3\image processing\idea 2\outputs\generalization_upgrade\02_external_bias_audit\normalized_external\real\14\28819114_1961-06-26_2009.jpg,0,14/28819114_1961-06-26_2009.jpg,real,external_normalized,deepfakeface_sd15/real/14/28819114_1961-06-26_2009.jpg,0.8337456583976746,0.4309690296649933,1,xception,external_test,source_video_disjoint_v1,lowpass_0.1,ffpp_validation_checkpoint,03cb9bba05b67e1478fb86a731857ba65f55a3db09e023035c9bcd9d442d8efc
74,C:\Users\Rohith Syam\Documents\UTS SEMESTER 3\image processing\idea 2\outputs\generalization_upgrade\02_external_bias_audit\normalized_external\real\14\33258714_1979-05-30_2011.jpg,0,14/33258714_1979-05-30_2011.jpg,real,external_normalized,deepfakeface_sd15/real/14/33258714_1979-05-30_2011.jpg,0.5630753636360168,0.4309690296649933,1,xception,external_test,source_video_disjoint_v1,lowpass_0.1,ffpp_validation_checkpoint,03cb9bba05b67e1478fb86a731857ba65f55a3db09e023035c9bcd9d442d8efc
75,C:\Users\Rohith Syam\Documents\UTS SEMESTER 3\image processing\idea 2\outputs\generalization_upgrade\02_external_bias_audit\normalized_external\real\14\35642014_1989-04-27_2012.jpg,0,14/35642014_1989-04-27_2012.jpg,real,external_normalized,deepfakeface_sd15/real/14/35642014_1989-04-27_2012.jpg,0.3059883415699005,0.4309690296649933,0,xception,external_test,source_video_disjoint_v1,lowpass_0.1,ffpp_validation_checkpoint,03cb9bba05b67e1478fb86a731857ba65f55a3db09e023035c9bcd9d442d8efc
76,C:\Users\Rohith Syam\Documents\UTS SEMESTER 3\image processing\idea 2\outputs\generalization_upgrade\02_external_bias_audit\normalized_external\real\14\36566914_1988-08-11_2014.jpg,0,14/36566914_1988-08-11_2014.jpg,real,external_normalized,deepfakeface_sd15/real/14/36566914_1988-08-11_2014.jpg,0.7295936346054077,0.4309690296649933,1,xception,external_test,source_video_disjoint_v1,lowpass_0.1,ffpp_validation_checkpoint,03cb9bba05b67e1478fb86a731857ba65f55a3db09e023035c9bcd9d442d8efc
77,C:\Users\Rohith Syam\Documents\UTS SEMESTER 3\image processing\idea 2\outputs\generalization_upgrade\02_external_bias_audit\normalized_external\real\14\36573714_1984-12-01_2012.jpg,0,14/36573714_1984-12-01_2012.jpg,real,external_normalized,deepfakeface_sd15/real/14/36573714_1984-12-01_2012.jpg,0.6896610856056213,0.4309690296649933,1,xception,external_test,source_video_disjoint_v1,lowpass_0.1,ffpp_validation_checkpoint,03cb9bba05b67e1478fb86a731857ba65f55a3db09e023035c9bcd9d442d8efc
78,C:\Users\Rohith Syam\Documents\UTS SEMESTER 3\image processing\idea 2\outputs\generalization_upgrade\02_external_bias_audit\normalized_external\real\14\3772814_1978-02-28_2008.jpg,0,14/3772814_1978-02-28_2008.jpg,real,external_normalized,deepfakeface_sd15/real/14/3772814_1978-02-28_2008.jpg,0.4715057611465454,0.4309690296649933,1,xception,external_test,source_video_disjoint_v1,lowpass_0.1,ffpp_validation_checkpoint,03cb9bba05b67e1478fb86a731857ba65f55a3db09e023035c9bcd9d442d8efc
79,C:\Users\Rohith Syam\Documents\UTS SEMESTER 3\image processing\idea 2\outputs\generalization_upgrade\02_external_bias_audit\normalized_external\real\14\41732014_1943-06-18_1969.jpg,0,14/41732014_1943-06-18_1969.jpg,real,external_normalized,deepfakeface_sd15/real/14/41732014_1943-06-18_1969.jpg,0.35651540756225586,0.4309690296649933,0,xception,external_test,source_video_disjoint_v1,lowpass_0.1,ffpp_validation_checkpoint,03cb9bba05b67e1478fb86a731857ba65f55a3db09e023035c9bcd9d442d8efc
80,C:\Users\Rohith Syam\Documents\UTS SEMESTER 3\image processing\idea 2\outputs\generalization_upgrade\02_external_bias_audit\normalized_external\real\14\4295614_1924-09-15_1987.jpg,0,14/4295614_1924-09-15_1987.jpg,real,external_normalized,deepfakeface_sd15/real/14/4295614_1924-09-15_1987.jpg,0.1551617980003357,0.4309690296649933,0,xception,external_test,source_video_disjoint_v1,lowpass_0.1,ffpp_validation_checkpoint,03cb9bba05b67e1478fb86a731857ba65f55a3db09e023035c9bcd9d442d8efc
81,C:\Users\Rohith Syam\Documents\UTS SEMESTER 3\image processing\idea 2\outputs\generalization_upgrade\02_external_bias_audit\normalized_external\real\14\44096714_1964-06-29_2012.jpg,0,14/44096714_1964-06-29_2012.jpg,real,external_normalized,deepfakeface_sd15/real/14/44096714_1964-06-29_2012.jpg,0.6361076831817627,0.4309690296649933,1,xception,external_test,source_video_disjoint_v1,lowpass_0.1,ffpp_validation_checkpoint,03cb9bba05b67e1478fb86a731857ba65f55a3db09e023035c9bcd9d442d8efc
82,C:\Users\Rohith Syam\Documents\UTS SEMESTER 3\image processing\idea 2\outputs\generalization_upgrade\02_external_bias_audit\normalized_external\real\14\448514_1959-03-06_2007.jpg,0,14/448514_1959-03-06_2007.jpg,real,external_normalized,deepfakeface_sd15/real/14/448514_1959-03-06_2007.jpg,0.6463713049888611,0.4309690296649933,1,xception,external_test,source_video_disjoint_v1,lowpass_0.1,ffpp_validation_checkpoint,03cb9bba05b67e1478fb86a731857ba65f55a3db09e023035c9bcd9d442d8efc
83,C:\Users\Rohith Syam\Documents\UTS SEMESTER 3\image processing\idea 2\outputs\generalization_upgrade\02_external_bias_audit\normalized_external\real\14\585414_1951-03-17_2014.jpg,0,14/585414_1951-03-17_2014.jpg,real,external_normalized,deepfakeface_sd15/real/14/585414_1951-03-17_2014.jpg,0.5103467106819153,0.4309690296649933,1,xception,external_test,source_video_disjoint_v1,lowpass_0.1,ffpp_validation_checkpoint,03cb9bba05b67e1478fb86a731857ba65f55a3db09e023035c9bcd9d442d8efc
84,C:\Users\Rohith Syam\Documents\UTS SEMESTER 3\image processing\idea 2\outputs\generalization_upgrade\02_external_bias_audit\normalized_external\real\14\5923814_1958-08-28_1991.jpg,0,14/5923814_1958-08-28_1991.jpg,real,external_normalized,deepfakeface_sd15/real/14/5923814_1958-08-28_1991.jpg,0.7619066834449768,0.4309690296649933,1,xception,external_test,source_video_disjoint_v1,lowpass_0.1,ffpp_validation_checkpoint,03cb9bba05b67e1478fb86a731857ba65f55a3db09e023035c9bcd9d442d8efc
85,C:\Users\Rohith Syam\Documents\UTS SEMESTER 3\image processing\idea 2\outputs\generalization_upgrade\02_external_bias_audit\normalized_external\real\14\5965014_1981-12-21_2013.jpg,0,14/5965014_1981-12-21_2013.jpg,real,external_normalized,deepfakeface_sd15/real/14/5965014_1981-12-21_2013.jpg,0.48616456985473633,0.4309690296649933,1,xception,external_test,source_video_disjoint_v1,lowpass_0.1,ffpp_validation_checkpoint,03cb9bba05b67e1478fb86a731857ba65f55a3db09e023035c9bcd9d442d8efc
86,C:\Users\Rohith Syam\Documents\UTS SEMESTER 3\image processing\idea 2\outputs\generalization_upgrade\02_external_bias_audit\normalized_external\real\14\852514_1980-01-18_2013.jpg,0,14/852514_1980-01-18_2013.jpg,real,external_normalized,deepfakeface_sd15/real/14/852514_1980-01-18_2013.jpg,0.6925735473632812,0.4309690296649933,1,xception,external_test,source_video_disjoint_v1,lowpass_0.1,ffpp_validation_checkpoint,03cb9bba05b67e1478fb86a731857ba65f55a3db09e023035c9bcd9d442d8efc
87,C:\Users\Rohith Syam\Documents\UTS SEMESTER 3\image processing\idea 2\outputs\generalization_upgrade\02_external_bias_audit\normalized_external\real\14\8543614_1983-09-25_2010.jpg,0,14/8543614_1983-09-25_2010.jpg,real,external_normalized,deepfakeface_sd15/real/14/8543614_1983-09-25_2010.jpg,0.6209678053855896,0.4309690296649933,1,xception,external_test,source_video_disjoint_v1,lowpass_0.1,ffpp_validation_checkpoint,03cb9bba05b67e1478fb86a731857ba65f55a3db09e023035c9bcd9d442d8efc
88,C:\Users\Rohith Syam\Documents\UTS SEMESTER 3\image processing\idea 2\outputs\generalization_upgrade\02_external_bias_audit\normalized_external\real\14\9716514_1900-04-10_1946.jpg,0,14/9716514_1900-04-10_1946.jpg,real,external_normalized,deepfakeface_sd15/real/14/9716514_1900-04-10_1946.jpg,0.4140535295009613,0.4309690296649933,0,xception,external_test,source_video_disjoint_v1,lowpass_0.1,ffpp_validation_checkpoint,03cb9bba05b67e1478fb86a731857ba65f55a3db09e023035c9bcd9d442d8efc
89,C:\Users\Rohith Syam\Documents\UTS SEMESTER 3\image processing\idea 2\outputs\generalization_upgrade\02_external_bias_audit\normalized_external\real\21\10172021_1963-06-02_2006.jpg,0,21/10172021_1963-06-02_2006.jpg,real,external_normalized,deepfakeface_sd15/real/21/10172021_1963-06-02_2006.jpg,0.31832003593444824,0.4309690296649933,0,xception,external_test,source_video_disjoint_v1,lowpass_0.1,ffpp_validation_checkpoint,03cb9bba05b67e1478fb86a731857ba65f55a3db09e023035c9bcd9d442d8efc
90,C:\Users\Rohith Syam\Documents\UTS SEMESTER 3\image processing\idea 2\outputs\generalization_upgrade\02_external_bias_audit\normalized_external\real\21\1176621_1966-05-16_2010.jpg,0,21/1176621_1966-05-16_2010.jpg,real,external_normalized,deepfakeface_sd15/real/21/1176621_1966-05-16_2010.jpg,0.2560303509235382,0.4309690296649933,0,xception,external_test,source_video_disjoint_v1,lowpass_0.1,ffpp_validation_checkpoint,03cb9bba05b67e1478fb86a731857ba65f55a3db09e023035c9bcd9d442d8efc
91,C:\Users\Rohith Syam\Documents\UTS SEMESTER 3\image processing\idea 2\outputs\generalization_upgrade\02_external_bias_audit\normalized_external\real\21\12261121_1985-01-04_2014.jpg,0,21/12261121_1985-01-04_2014.jpg,real,external_normalized,deepfakeface_sd15/real/21/12261121_1985-01-04_2014.jpg,0.398560494184494,0.4309690296649933,0,xception,external_test,source_video_disjoint_v1,lowpass_0.1,ffpp_validation_checkpoint,03cb9bba05b67e1478fb86a731857ba65f55a3db09e023035c9bcd9d442d8efc
92,C:\Users\Rohith Syam\Documents\UTS SEMESTER 3\image processing\idea 2\outputs\generalization_upgrade\02_external_bias_audit\normalized_external\real\21\15872621_1922-08-28_1952.jpg,0,21/15872621_1922-08-28_1952.jpg,real,external_normalized,deepfakeface_sd15/real/21/15872621_1922-08-28_1952.jpg,0.5703400373458862,0.4309690296649933,1,xception,external_test,source_video_disjoint_v1,lowpass_0.1,ffpp_validation_checkpoint,03cb9bba05b67e1478fb86a731857ba65f55a3db09e023035c9bcd9d442d8efc
93,C:\Users\Rohith Syam\Documents\UTS SEMESTER 3\image processing\idea 2\outputs\generalization_upgrade\02_external_bias_audit\normalized_external\real\21\15905321_1990-01-06_2009.jpg,0,21/15905321_1990-01-06_2009.jpg,real,external_normalized,deepfakeface_sd15/real/21/15905321_1990-01-06_2009.jpg,0.6327651739120483,0.4309690296649933,1,xception,external_test,source_video_disjoint_v1,lowpass_0.1,ffpp_validation_checkpoint,03cb9bba05b67e1478fb86a731857ba65f55a3db09e023035c9bcd9d442d8efc
94,C:\Users\Rohith Syam\Documents\UTS SEMESTER 3\image processing\idea 2\outputs\generalization_upgrade\02_external_bias_audit\normalized_external\real\21\16521_1938-12-29_2011.jpg,0,21/16521_1938-12-29_2011.jpg,real,external_normalized,deepfakeface_sd15/real/21/16521_1938-12-29_2011.jpg,0.5003580451011658,0.4309690296649933,1,xception,external_test,source_video_disjoint_v1,lowpass_0.1,ffpp_validation_checkpoint,03cb9bba05b67e1478fb86a731857ba65f55a3db09e023035c9bcd9d442d8efc
95,C:\Users\Rohith Syam\Documents\UTS SEMESTER 3\image processing\idea 2\outputs\generalization_upgrade\02_external_bias_audit\normalized_external\real\21\174821_1961-09-25_1993.jpg,0,21/174821_1961-09-25_1993.jpg,real,external_normalized,deepfakeface_sd15/real/21/174821_1961-09-25_1993.jpg,0.7464128136634827,0.4309690296649933,1,xception,external_test,source_video_disjoint_v1,lowpass_0.1,ffpp_validation_checkpoint,03cb9bba05b67e1478fb86a731857ba65f55a3db09e023035c9bcd9d442d8efc
96,C:\Users\Rohith Syam\Documents\UTS SEMESTER 3\image processing\idea 2\outputs\generalization_upgrade\02_external_bias_audit\normalized_external\real\21\1825621_1945-09-08_2008.jpg,0,21/1825621_1945-09-08_2008.jpg,real,external_normalized,deepfakeface_sd15/real/21/1825621_1945-09-08_2008.jpg,0.9020161628723145,0.4309690296649933,1,xception,external_test,source_video_disjoint_v1,lowpass_0.1,ffpp_validation_checkpoint,03cb9bba05b67e1478fb86a731857ba65f55a3db09e023035c9bcd9d442d8efc
97,C:\Users\Rohith Syam\Documents\UTS SEMESTER 3\image processing\idea 2\outputs\generalization_upgrade\02_external_bias_audit\normalized_external\real\21\20599521_1967-08-09_2012.jpg,0,21/20599521_1967-08-09_2012.jpg,real,external_normalized,deepfakeface_sd15/real/21/20599521_1967-08-09_2012.jpg,0.5233054757118225,0.4309690296649933,1,xception,external_test,source_video_disjoint_v1,lowpass_0.1,ffpp_validation_checkpoint,03cb9bba05b67e1478fb86a731857ba65f55a3db09e023035c9bcd9d442d8efc
98,C:\Users\Rohith Syam\Documents\UTS SEMESTER 3\image processing\idea 2\outputs\generalization_upgrade\02_external_bias_audit\normalized_external\real\21\24644621_1964-12-15_2010.jpg,0,21/24644621_1964-12-15_2010.jpg,real,external_normalized,deepfakeface_sd15/real/21/24644621_1964-12-15_2010.jpg,0.3253575265407562,0.4309690296649933,0,xception,external_test,source_video_disjoint_v1,lowpass_0.1,ffpp_validation_checkpoint,03cb9bba05b67e1478fb86a731857ba65f55a3db09e023035c9bcd9d442d8efc
99,C:\Users\Rohith Syam\Documents\UTS SEMESTER 3\image processing\idea 2\outputs\generalization_upgrade\02_external_bias_audit\normalized_external\real\21\250721_1956-06-03_2010.jpg,0,21/250721_1956-06-03_2010.jpg,real,external_normalized,deepfakeface_sd15/real/21/250721_1956-06-03_2010.jpg,0.6115394830703735,0.4309690296649933,1,xception,external_test,source_video_disjoint_v1,lowpass_0.1,ffpp_validation_checkpoint,03cb9bba05b67e1478fb86a731857ba65f55a3db09e023035c9bcd9d442d8efc
100,C:\Users\Rohith Syam\Documents\UTS SEMESTER 3\image processing\idea 2\outputs\generalization_upgrade\02_external_bias_audit\normalized_external\real\21\2797621_1960-03-15_2011.jpg,0,21/2797621_1960-03-15_2011.jpg,real,external_normalized,deepfakeface_sd15/real/21/2797621_1960-03-15_2011.jpg,0.5853815674781799,0.4309690296649933,1,xception,external_test,source_video_disjoint_v1,lowpass_0.1,ffpp_validation_checkpoint,03cb9bba05b67e1478fb86a731857ba65f55a3db09e023035c9bcd9d442d8efc
101,C:\Users\Rohith Syam\Documents\UTS SEMESTER 3\image processing\idea 2\outputs\generalization_upgrade\02_external_bias_audit\normalized_external\real\21\29126821_1986-10-07_2014.jpg,0,21/29126821_1986-10-07_2014.jpg,real,external_normalized,deepfakeface_sd15/real/21/29126821_1986-10-07_2014.jpg,0.22824007272720337,0.4309690296649933,0,xception,external_test,source_video_disjoint_v1,lowpass_0.1,ffpp_validation_checkpoint,03cb9bba05b67e1478fb86a731857ba65f55a3db09e023035c9bcd9d442d8efc
102,C:\Users\Rohith Syam\Documents\UTS SEMESTER 3\image processing\idea 2\outputs\generalization_upgrade\02_external_bias_audit\normalized_external\real\21\2950421_1974-09-11_2007.jpg,0,21/2950421_1974-09-11_2007.jpg,real,external_normalized,deepfakeface_sd15/real/21/2950421_1974-09-11_2007.jpg,0.5928030610084534,0.4309690296649933,1,xception,external_test,source_video_disjoint_v1,lowpass_0.1,ffpp_validation_checkpoint,03cb9bba05b67e1478fb86a731857ba65f55a3db09e023035c9bcd9d442d8efc
103,C:\Users\Rohith Syam\Documents\UTS SEMESTER 3\image processing\idea 2\outputs\generalization_upgrade\02_external_bias_audit\normalized_external\real\21\295321_1904-08-23_1955.jpg,0,21/295321_1904-08-23_1955.jpg,real,external_normalized,deepfakeface_sd15/real/21/295321_1904-08-23_1955.jpg,0.32918110489845276,0.4309690296649933,0,xception,external_test,source_video_disjoint_v1,lowpass_0.1,ffpp_validation_checkpoint,03cb9bba05b67e1478fb86a731857ba65f55a3db09e023035c9bcd9d442d8efc
104,C:\Users\Rohith Syam\Documents\UTS SEMESTER 3\image processing\idea 2\outputs\generalization_upgrade\02_external_bias_audit\normalized_external\real\21\3003021_1956-12-23_2014.jpg,0,21/3003021_1956-12-23_2014.jpg,real,external_normalized,deepfakeface_sd15/real/21/3003021_1956-12-23_2014.jpg,0.5460771918296814,0.4309690296649933,1,xception,external_test,source_video_disjoint_v1,lowpass_0.1,ffpp_validation_checkpoint,03cb9bba05b67e1478fb86a731857ba65f55a3db09e023035c9bcd9d442d8efc
105,C:\Users\Rohith Syam\Documents\UTS SEMESTER 3\image processing\idea 2\outputs\generalization_upgrade\02_external_bias_audit\normalized_external\real\21\30496921_1916-02-13_1977.jpg,0,21/30496921_1916-02-13_1977.jpg,real,external_normalized,deepfakeface_sd15/real/21/30496921_1916-02-13_1977.jpg,0.7163558602333069,0.4309690296649933,1,xception,external_test,source_video_disjoint_v1,lowpass_0.1,ffpp_validation_checkpoint,03cb9bba05b67e1478fb86a731857ba65f55a3db09e023035c9bcd9d442d8efc
106,C:\Users\Rohith Syam\Documents\UTS SEMESTER 3\image processing\idea 2\outputs\generalization_upgrade\02_external_bias_audit\normalized_external\real\21\332221_1903-07-21_2007.jpg,0,21/332221_1903-07-21_2007.jpg,real,external_normalized,deepfakeface_sd15/real/21/332221_1903-07-21_2007.jpg,0.7363632917404175,0.4309690296649933,1,xception,external_test,source_video_disjoint_v1,lowpass_0.1,ffpp_validation_checkpoint,03cb9bba05b67e1478fb86a731857ba65f55a3db09e023035c9bcd9d442d8efc
107,C:\Users\Rohith Syam\Documents\UTS SEMESTER 3\image processing\idea 2\outputs\generalization_upgrade\02_external_bias_audit\normalized_external\real\21\35191121_1990-01-18_2014.jpg,0,21/35191121_1990-01-18_2014.jpg,real,external_normalized,deepfakeface_sd15/real/21/35191121_1990-01-18_2014.jpg,0.7585768699645996,0.4309690296649933,1,xception,external_test,source_video_disjoint_v1,lowpass_0.1,ffpp_validation_checkpoint,03cb9bba05b67e1478fb86a731857ba65f55a3db09e023035c9bcd9d442d8efc
108,C:\Users\Rohith Syam\Documents\UTS SEMESTER 3\image processing\idea 2\outputs\generalization_upgrade\02_external_bias_audit\normalized_external\real\21\40783721_1958-04-16_2013.jpg,0,21/40783721_1958-04-16_2013.jpg,real,external_normalized,deepfakeface_sd15/real/21/40783721_1958-04-16_2013.jpg,0.6985110640525818,0.4309690296649933,1,xception,external_test,source_video_disjoint_v1,lowpass_0.1,ffpp_validation_checkpoint,03cb9bba05b67e1478fb86a731857ba65f55a3db09e023035c9bcd9d442d8efc
109,C:\Users\Rohith Syam\Documents\UTS SEMESTER 3\image processing\idea 2\outputs\generalization_upgrade\02_external_bias_audit\normalized_external\real\21\4137921_1965-08-22_2013.jpg,0,21/4137921_1965-08-22_2013.jpg,real,external_normalized,deepfakeface_sd15/real/21/4137921_1965-08-22_2013.jpg,0.6601042151451111,0.4309690296649933,1,xception,external_test,source_video_disjoint_v1,lowpass_0.1,ffpp_validation_checkpoint,03cb9bba05b67e1478fb86a731857ba65f55a3db09e023035c9bcd9d442d8efc
110,C:\Users\Rohith Syam\Documents\UTS SEMESTER 3\image processing\idea 2\outputs\generalization_upgrade\02_external_bias_audit\normalized_external\real\21\6573321_1986-05-01_2008.jpg,0,21/6573321_1986-05-01_2008.jpg,real,external_normalized,deepfakeface_sd15/real/21/6573321_1986-05-01_2008.jpg,0.296347975730896,0.4309690296649933,0,xception,external_test,source_video_disjoint_v1,lowpass_0.1,ffpp_validation_checkpoint,03cb9bba05b67e1478fb86a731857ba65f55a3db09e023035c9bcd9d442d8efc
111,C:\Users\Rohith Syam\Documents\UTS SEMESTER 3\image processing\idea 2\outputs\generalization_upgrade\02_external_bias_audit\normalized_external\real\21\6574321_1982-08-10_2012.jpg,0,21/6574321_1982-08-10_2012.jpg,real,external_normalized,deepfakeface_sd15/real/21/6574321_1982-08-10_2012.jpg,0.4178163707256317,0.4309690296649933,0,xception,external_test,source_video_disjoint_v1,lowpass_0.1,ffpp_validation_checkpoint,03cb9bba05b67e1478fb86a731857ba65f55a3db09e023035c9bcd9d442d8efc
112,C:\Users\Rohith Syam\Documents\UTS SEMESTER 3\image processing\idea 2\outputs\generalization_upgrade\02_external_bias_audit\normalized_external\real\21\7170221_1933-03-27_1983.jpg,0,21/7170221_1933-03-27_1983.jpg,real,external_normalized,deepfakeface_sd15/real/21/7170221_1933-03-27_1983.jpg,0.3673846423625946,0.4309690296649933,0,xception,external_test,source_video_disjoint_v1,lowpass_0.1,ffpp_validation_checkpoint,03cb9bba05b67e1478fb86a731857ba65f55a3db09e023035c9bcd9d442d8efc
113,C:\Users\Rohith Syam\Documents\UTS SEMESTER 3\image processing\idea 2\outputs\generalization_upgrade\02_external_bias_audit\normalized_external\real\21\7623721_1978-03-01_2010.jpg,0,21/7623721_1978-03-01_2010.jpg,real,external_normalized,deepfakeface_sd15/real/21/7623721_1978-03-01_2010.jpg,0.4765298366546631,0.4309690296649933,1,xception,external_test,source_video_disjoint_v1,lowpass_0.1,ffpp_validation_checkpoint,03cb9bba05b67e1478fb86a731857ba65f55a3db09e023035c9bcd9d442d8efc
114,C:\Users\Rohith Syam\Documents\UTS SEMESTER 3\image processing\idea 2\outputs\generalization_upgrade\02_external_bias_audit\normalized_external\real\21\8194621_1986-02-16_2009.jpg,0,21/8194621_1986-02-16_2009.jpg,real,external_normalized,deepfakeface_sd15/real/21/8194621_1986-02-16_2009.jpg,0.16332441568374634,0.4309690296649933,0,xception,external_test,source_video_disjoint_v1,lowpass_0.1,ffpp_validation_checkpoint,03cb9bba05b67e1478fb86a731857ba65f55a3db09e023035c9bcd9d442d8efc
115,C:\Users\Rohith Syam\Documents\UTS SEMESTER 3\image processing\idea 2\outputs\generalization_upgrade\02_external_bias_audit\normalized_external\real\21\8774721_1967-04-29_2010.jpg,0,21/8774721_1967-04-29_2010.jpg,real,external_normalized,deepfakeface_sd15/real/21/8774721_1967-04-29_2010.jpg,0.369284451007843,0.4309690296649933,0,xception,external_test,source_video_disjoint_v1,lowpass_0.1,ffpp_validation_checkpoint,03cb9bba05b67e1478fb86a731857ba65f55a3db09e023035c9bcd9d442d8efc
116,C:\Users\Rohith Syam\Documents\UTS SEMESTER 3\image processing\idea 2\outputs\generalization_upgrade\02_external_bias_audit\normalized_external\real\21\8789221_1983-08-14_2012.jpg,0,21/8789221_1983-08-14_2012.jpg,real,external_normalized,deepfakeface_sd15/real/21/8789221_1983-08-14_2012.jpg,0.4379802644252777,0.4309690296649933,1,xception,external_test,source_video_disjoint_v1,lowpass_0.1,ffpp_validation_checkpoint,03cb9bba05b67e1478fb86a731857ba65f55a3db09e023035c9bcd9d442d8efc
117,C:\Users\Rohith Syam\Documents\UTS SEMESTER 3\image processing\idea 2\outputs\generalization_upgrade\02_external_bias_audit\normalized_external\real\21\9404921_1978-07-09_2009.jpg,0,21/9404921_1978-07-09_2009.jpg,real,external_normalized,deepfakeface_sd15/real/21/9404921_1978-07-09_2009.jpg,0.12320959568023682,0.4309690296649933,0,xception,external_test,source_video_disjoint_v1,lowpass_0.1,ffpp_validation_checkpoint,03cb9bba05b67e1478fb86a731857ba65f55a3db09e023035c9bcd9d442d8efc
118,C:\Users\Rohith Syam\Documents\UTS SEMESTER 3\image processing\idea 2\outputs\generalization_upgrade\02_external_bias_audit\normalized_external\real\24\2968824_1963-05-26_2011.jpg,0,24/2968824_1963-05-26_2011.jpg,real,external_normalized,deepfakeface_sd15/real/24/2968824_1963-05-26_2011.jpg,0.11028039455413818,0.4309690296649933,0,xception,external_test,source_video_disjoint_v1,lowpass_0.1,ffpp_validation_checkpoint,03cb9bba05b67e1478fb86a731857ba65f55a3db09e023035c9bcd9d442d8efc
119,C:\Users\Rohith Syam\Documents\UTS SEMESTER 3\image processing\idea 2\outputs\generalization_upgrade\02_external_bias_audit\normalized_external\real\26\503926_1976-12-31_2009.jpg,0,26/503926_1976-12-31_2009.jpg,real,external_normalized,deepfakeface_sd15/real/26/503926_1976-12-31_2009.jpg,0.7513468265533447,0.4309690296649933,1,xception,external_test,source_video_disjoint_v1,lowpass_0.1,ffpp_validation_checkpoint,03cb9bba05b67e1478fb86a731857ba65f55a3db09e023035c9bcd9d442d8efc
120,C:\Users\Rohith Syam\Documents\UTS SEMESTER 3\image processing\idea 2\outputs\generalization_upgrade\02_external_bias_audit\normalized_external\real\30\11772430_1938-04-14_2008.jpg,0,30/11772430_1938-04-14_2008.jpg,real,external_normalized,deepfakeface_sd15/real/30/11772430_1938-04-14_2008.jpg,0.7156928181648254,0.4309690296649933,1,xception,external_test,source_video_disjoint_v1,lowpass_0.1,ffpp_validation_checkpoint,03cb9bba05b67e1478fb86a731857ba65f55a3db09e023035c9bcd9d442d8efc
121,C:\Users\Rohith Syam\Documents\UTS SEMESTER 3\image processing\idea 2\outputs\generalization_upgrade\02_external_bias_audit\normalized_external\real\34\1149234_1978-10-03_2010.jpg,0,34/1149234_1978-10-03_2010.jpg,real,external_normalized,deepfakeface_sd15/real/34/1149234_1978-10-03_2010.jpg,0.6286869645118713,0.4309690296649933,1,xception,external_test,source_video_disjoint_v1,lowpass_0.1,ffpp_validation_checkpoint,03cb9bba05b67e1478fb86a731857ba65f55a3db09e023035c9bcd9d442d8efc
122,C:\Users\Rohith Syam\Documents\UTS SEMESTER 3\image processing\idea 2\outputs\generalization_upgrade\02_external_bias_audit\normalized_external\real\34\11653234_1986-12-23_2012.jpg,0,34/11653234_1986-12-23_2012.jpg,real,external_normalized,deepfakeface_sd15/real/34/11653234_1986-12-23_2012.jpg,0.6834800243377686,0.4309690296649933,1,xception,external_test,source_video_disjoint_v1,lowpass_0.1,ffpp_validation_checkpoint,03cb9bba05b67e1478fb86a731857ba65f55a3db09e023035c9bcd9d442d8efc
123,C:\Users\Rohith Syam\Documents\UTS SEMESTER 3\image processing\idea 2\outputs\generalization_upgrade\02_external_bias_audit\normalized_external\real\34\1266534_1975-11-03_2011.jpg,0,34/1266534_1975-11-03_2011.jpg,real,external_normalized,deepfakeface_sd15/real/34/1266534_1975-11-03_2011.jpg,0.7578751444816589,0.4309690296649933,1,xception,external_test,source_video_disjoint_v1,lowpass_0.1,ffpp_validation_checkpoint,03cb9bba05b67e1478fb86a731857ba65f55a3db09e023035c9bcd9d442d8efc
124,C:\Users\Rohith Syam\Documents\UTS SEMESTER 3\image processing\idea 2\outputs\generalization_upgrade\02_external_bias_audit\normalized_external\real\34\12829834_1950-08-15_2002.jpg,0,34/12829834_1950-08-15_2002.jpg,real,external_normalized,deepfakeface_sd15/real/34/12829834_1950-08-15_2002.jpg,0.4284176230430603,0.4309690296649933,0,xception,external_test,source_video_disjoint_v1,lowpass_0.1,ffpp_validation_checkpoint,03cb9bba05b67e1478fb86a731857ba65f55a3db09e023035c9bcd9d442d8efc
125,C:\Users\Rohith Syam\Documents\UTS SEMESTER 3\image processing\idea 2\outputs\generalization_upgrade\02_external_bias_audit\normalized_external\real\34\13846034_1977-08-30_2009.jpg,0,34/13846034_1977-08-30_2009.jpg,real,external_normalized,deepfakeface_sd15/real/34/13846034_1977-08-30_2009.jpg,0.6150574088096619,0.4309690296649933,1,xception,external_test,source_video_disjoint_v1,lowpass_0.1,ffpp_validation_checkpoint,03cb9bba05b67e1478fb86a731857ba65f55a3db09e023035c9bcd9d442d8efc
126,C:\Users\Rohith Syam\Documents\UTS SEMESTER 3\image processing\idea 2\outputs\generalization_upgrade\02_external_bias_audit\normalized_external\real\34\1386234_1952-04-25_2004.jpg,0,34/1386234_1952-04-25_2004.jpg,real,external_normalized,deepfakeface_sd15/real/34/1386234_1952-04-25_2004.jpg,0.27756452560424805,0.4309690296649933,0,xception,external_test,source_video_disjoint_v1,lowpass_0.1,ffpp_validation_checkpoint,03cb9bba05b67e1478fb86a731857ba65f55a3db09e023035c9bcd9d442d8efc
127,C:\Users\Rohith Syam\Documents\UTS SEMESTER 3\image processing\idea 2\outputs\generalization_upgrade\02_external_bias_audit\normalized_external\real\34\19258134_1986-05-13_2009.jpg,0,34/19258134_1986-05-13_2009.jpg,real,external_normalized,deepfakeface_sd15/real/34/19258134_1986-05-13_2009.jpg,0.748383104801178,0.4309690296649933,1,xception,external_test,source_video_disjoint_v1,lowpass_0.1,ffpp_validation_checkpoint,03cb9bba05b67e1478fb86a731857ba65f55a3db09e023035c9bcd9d442d8efc
128,C:\Users\Rohith Syam\Documents\UTS SEMESTER 3\image processing\idea 2\outputs\generalization_upgrade\02_external_bias_audit\normalized_external\real\34\19354934_1986-10-18_2009.jpg,0,34/19354934_1986-10-18_2009.jpg,real,external_normalized,deepfakeface_sd15/real/34/19354934_1986-10-18_2009.jpg,0.5320929288864136,0.4309690296649933,1,xception,external_test,source_video_disjoint_v1,lowpass_0.1,ffpp_validation_checkpoint,03cb9bba05b67e1478fb86a731857ba65f55a3db09e023035c9bcd9d442d8efc
129,C:\Users\Rohith Syam\Documents\UTS SEMESTER 3\image processing\idea 2\outputs\generalization_upgrade\02_external_bias_audit\normalized_external\real\34\20500734_1950-03-30_2014.jpg,0,34/20500734_1950-03-30_2014.jpg,real,external_normalized,deepfakeface_sd15/real/34/20500734_1950-03-30_2014.jpg,0.6455079317092896,0.4309690296649933,1,xception,external_test,source_video_disjoint_v1,lowpass_0.1,ffpp_validation_checkpoint,03cb9bba05b67e1478fb86a731857ba65f55a3db09e023035c9bcd9d442d8efc
130,C:\Users\Rohith Syam\Documents\UTS SEMESTER 3\image processing\idea 2\outputs\generalization_upgrade\02_external_bias_audit\normalized_external\real\34\21284234_1983-06-02_2011.jpg,0,34/21284234_1983-06-02_2011.jpg,real,external_normalized,deepfakeface_sd15/real/34/21284234_1983-06-02_2011.jpg,0.3151566982269287,0.4309690296649933,0,xception,external_test,source_video_disjoint_v1,lowpass_0.1,ffpp_validation_checkpoint,03cb9bba05b67e1478fb86a731857ba65f55a3db09e023035c9bcd9d442d8efc
131,C:\Users\Rohith Syam\Documents\UTS SEMESTER 3\image processing\idea 2\outputs\generalization_upgrade\02_external_bias_audit\normalized_external\real\34\23945334_1979-07-30_2008.jpg,0,34/23945334_1979-07-30_2008.jpg,real,external_normalized,deepfakeface_sd15/real/34/23945334_1979-07-30_2008.jpg,0.43567198514938354,0.4309690296649933,1,xception,external_test,source_video_disjoint_v1,lowpass_0.1,ffpp_validation_checkpoint,03cb9bba05b67e1478fb86a731857ba65f55a3db09e023035c9bcd9d442d8efc
132,C:\Users\Rohith Syam\Documents\UTS SEMESTER 3\image processing\idea 2\outputs\generalization_upgrade\02_external_bias_audit\normalized_external\real\34\25905034_1992-04-05_2009.jpg,0,34/25905034_1992-04-05_2009.jpg,real,external_normalized,deepfakeface_sd15/real/34/25905034_1992-04-05_2009.jpg,0.5873777866363525,0.4309690296649933,1,xception,external_test,source_video_disjoint_v1,lowpass_0.1,ffpp_validation_checkpoint,03cb9bba05b67e1478fb86a731857ba65f55a3db09e023035c9bcd9d442d8efc
133,C:\Users\Rohith Syam\Documents\UTS SEMESTER 3\image processing\idea 2\outputs\generalization_upgrade\02_external_bias_audit\normalized_external\real\34\276834_1928-01-30_2010.jpg,0,34/276834_1928-01-30_2010.jpg,real,external_normalized,deepfakeface_sd15/real/34/276834_1928-01-30_2010.jpg,0.5945600271224976,0.4309690296649933,1,xception,external_test,source_video_disjoint_v1,lowpass_0.1,ffpp_validation_checkpoint,03cb9bba05b67e1478fb86a731857ba65f55a3db09e023035c9bcd9d442d8efc
134,C:\Users\Rohith Syam\Documents\UTS SEMESTER 3\image processing\idea 2\outputs\generalization_upgrade\02_external_bias_audit\normalized_external\real\34\32504534_1990-12-18_2011.jpg,0,34/32504534_1990-12-18_2011.jpg,real,external_normalized,deepfakeface_sd15/real/34/32504534_1990-12-18_2011.jpg,0.5788032412528992,0.4309690296649933,1,xception,external_test,source_video_disjoint_v1,lowpass_0.1,ffpp_validation_checkpoint,03cb9bba05b67e1478fb86a731857ba65f55a3db09e023035c9bcd9d442d8efc
135,C:\Users\Rohith Syam\Documents\UTS SEMESTER 3\image processing\idea 2\outputs\generalization_upgrade\02_external_bias_audit\normalized_external\real\34\32670934_1973-08-28_2013.jpg,0,34/32670934_1973-08-28_2013.jpg,real,external_normalized,deepfakeface_sd15/real/34/32670934_1973-08-28_2013.jpg,0.07965973019599915,0.4309690296649933,0,xception,external_test,source_video_disjoint_v1,lowpass_0.1,ffpp_validation_checkpoint,03cb9bba05b67e1478fb86a731857ba65f55a3db09e023035c9bcd9d442d8efc
136,C:\Users\Rohith Syam\Documents\UTS SEMESTER 3\image processing\idea 2\outputs\generalization_upgrade\02_external_bias_audit\normalized_external\real\34\33682634_1989-09-15_2011.jpg,0,34/33682634_1989-09-15_2011.jpg,real,external_normalized,deepfakeface_sd15/real/34/33682634_1989-09-15_2011.jpg,0.5037711262702942,0.4309690296649933,1,xception,external_test,source_video_disjoint_v1,lowpass_0.1,ffpp_validation_checkpoint,03cb9bba05b67e1478fb86a731857ba65f55a3db09e023035c9bcd9d442d8efc
137,C:\Users\Rohith Syam\Documents\UTS SEMESTER 3\image processing\idea 2\outputs\generalization_upgrade\02_external_bias_audit\normalized_external\real\34\36722334_1937-08-31_2005.jpg,0,34/36722334_1937-08-31_2005.jpg,real,external_normalized,deepfakeface_sd15/real/34/36722334_1937-08-31_2005.jpg,0.771530270576477,0.4309690296649933,1,xception,external_test,source_video_disjoint_v1,lowpass_0.1,ffpp_validation_checkpoint,03cb9bba05b67e1478fb86a731857ba65f55a3db09e023035c9bcd9d442d8efc
138,C:\Users\Rohith Syam\Documents\UTS SEMESTER 3\image processing\idea 2\outputs\generalization_upgrade\02_external_bias_audit\normalized_external\real\34\39718934_1987-12-07_2013.jpg,0,34/39718934_1987-12-07_2013.jpg,real,external_normalized,deepfakeface_sd15/real/34/39718934_1987-12-07_2013.jpg,0.7212246060371399,0.4309690296649933,1,xception,external_test,source_video_disjoint_v1,lowpass_0.1,ffpp_validation_checkpoint,03cb9bba05b67e1478fb86a731857ba65f55a3db09e023035c9bcd9d442d8efc
139,C:\Users\Rohith Syam\Documents\UTS SEMESTER 3\image processing\idea 2\outputs\generalization_upgrade\02_external_bias_audit\normalized_external\real\34\398734_1932-05-04_1955.jpg,0,34/398734_1932-05-04_1955.jpg,real,external_normalized,deepfakeface_sd15/real/34/398734_1932-05-04_1955.jpg,0.6269022822380066,0.4309690296649933,1,xception,external_test,source_video_disjoint_v1,lowpass_0.1,ffpp_validation_checkpoint,03cb9bba05b67e1478fb86a731857ba65f55a3db09e023035c9bcd9d442d8efc
140,C:\Users\Rohith Syam\Documents\UTS SEMESTER 3\image processing\idea 2\outputs\generalization_upgrade\02_external_bias_audit\normalized_external\real\34\42708434_1996-03-11_2013.jpg,0,34/42708434_1996-03-11_2013.jpg,real,external_normalized,deepfakeface_sd15/real/34/42708434_1996-03-11_2013.jpg,0.537173867225647,0.4309690296649933,1,xception,external_test,source_video_disjoint_v1,lowpass_0.1,ffpp_validation_checkpoint,03cb9bba05b67e1478fb86a731857ba65f55a3db09e023035c9bcd9d442d8efc
141,C:\Users\Rohith Syam\Documents\UTS SEMESTER 3\image processing\idea 2\outputs\generalization_upgrade\02_external_bias_audit\normalized_external\real\34\43639934_1912-04-03_2003.jpg,0,34/43639934_1912-04-03_2003.jpg,real,external_normalized,deepfakeface_sd15/real/34/43639934_1912-04-03_2003.jpg,0.4555462896823883,0.4309690296649933,1,xception,external_test,source_video_disjoint_v1,lowpass_0.1,ffpp_validation_checkpoint,03cb9bba05b67e1478fb86a731857ba65f55a3db09e023035c9bcd9d442d8efc
142,C:\Users\Rohith Syam\Documents\UTS SEMESTER 3\image processing\idea 2\outputs\generalization_upgrade\02_external_bias_audit\normalized_external\real\34\440034_1924-04-29_1963.jpg,0,34/440034_1924-04-29_1963.jpg,real,external_normalized,deepfakeface_sd15/real/34/440034_1924-04-29_1963.jpg,0.14460498094558716,0.4309690296649933,0,xception,external_test,source_video_disjoint_v1,lowpass_0.1,ffpp_validation_checkpoint,03cb9bba05b67e1478fb86a731857ba65f55a3db09e023035c9bcd9d442d8efc
143,C:\Users\Rohith Syam\Documents\UTS SEMESTER 3\image processing\idea 2\outputs\generalization_upgrade\02_external_bias_audit\normalized_external\real\34\4413434_1984-01-21_2013.jpg,0,34/4413434_1984-01-21_2013.jpg,real,external_normalized,deepfakeface_sd15/real/34/4413434_1984-01-21_2013.jpg,0.3204258382320404,0.4309690296649933,0,xception,external_test,source_video_disjoint_v1,lowpass_0.1,ffpp_validation_checkpoint,03cb9bba05b67e1478fb86a731857ba65f55a3db09e023035c9bcd9d442d8efc
144,C:\Users\Rohith Syam\Documents\UTS SEMESTER 3\image processing\idea 2\outputs\generalization_upgrade\02_external_bias_audit\normalized_external\real\34\4998434_1979-05-16_2005.jpg,0,34/4998434_1979-05-16_2005.jpg,real,external_normalized,deepfakeface_sd15/real/34/4998434_1979-05-16_2005.jpg,0.3752214312553406,0.4309690296649933,0,xception,external_test,source_video_disjoint_v1,lowpass_0.1,ffpp_validation_checkpoint,03cb9bba05b67e1478fb86a731857ba65f55a3db09e023035c9bcd9d442d8efc
145,C:\Users\Rohith Syam\Documents\UTS SEMESTER 3\image processing\idea 2\outputs\generalization_upgrade\02_external_bias_audit\normalized_external\real\34\5354734_1976-10-17_1995.jpg,0,34/5354734_1976-10-17_1995.jpg,real,external_normalized,deepfakeface_sd15/real/34/5354734_1976-10-17_1995.jpg,0.6405566334724426,0.4309690296649933,1,xception,external_test,source_video_disjoint_v1,lowpass_0.1,ffpp_validation_checkpoint,03cb9bba05b67e1478fb86a731857ba65f55a3db09e023035c9bcd9d442d8efc
146,C:\Users\Rohith Syam\Documents\UTS SEMESTER 3\image processing\idea 2\outputs\generalization_upgrade\02_external_bias_audit\normalized_external\real\34\603934_1963-12-04_2013.jpg,0,34/603934_1963-12-04_2013.jpg,real,external_normalized,deepfakeface_sd15/real/34/603934_1963-12-04_2013.jpg,0.2647862732410431,0.4309690296649933,0,xception,external_test,source_video_disjoint_v1,lowpass_0.1,ffpp_validation_checkpoint,03cb9bba05b67e1478fb86a731857ba65f55a3db09e023035c9bcd9d442d8efc
147,C:\Users\Rohith Syam\Documents\UTS SEMESTER 3\image processing\idea 2\outputs\generalization_upgrade\02_external_bias_audit\normalized_external\real\34\78834_1970-04-29_2014.jpg,0,34/78834_1970-04-29_2014.jpg,real,external_normalized,deepfakeface_sd15/real/34/78834_1970-04-29_2014.jpg,0.16608960926532745,0.4309690296649933,0,xception,external_test,source_video_disjoint_v1,lowpass_0.1,ffpp_validation_checkpoint,03cb9bba05b67e1478fb86a731857ba65f55a3db09e023035c9bcd9d442d8efc
148,C:\Users\Rohith Syam\Documents\UTS SEMESTER 3\image processing\idea 2\outputs\generalization_upgrade\02_external_bias_audit\normalized_external\real\34\9326434_1987-05-02_2006.jpg,0,34/9326434_1987-05-02_2006.jpg,real,external_normalized,deepfakeface_sd15/real/34/9326434_1987-05-02_2006.jpg,0.3830014765262604,0.4309690296649933,0,xception,external_test,source_video_disjoint_v1,lowpass_0.1,ffpp_validation_checkpoint,03cb9bba05b67e1478fb86a731857ba65f55a3db09e023035c9bcd9d442d8efc
149,C:\Users\Rohith Syam\Documents\UTS SEMESTER 3\image processing\idea 2\outputs\generalization_upgrade\02_external_bias_audit\normalized_external\real\35\10970235_1972-10-10_2010.jpg,0,35/10970235_1972-10-10_2010.jpg,real,external_normalized,deepfakeface_sd15/real/35/10970235_1972-10-10_2010.jpg,0.8634495735168457,0.4309690296649933,1,xception,external_test,source_video_disjoint_v1,lowpass_0.1,ffpp_validation_checkpoint,03cb9bba05b67e1478fb86a731857ba65f55a3db09e023035c9bcd9d442d8efc
150,C:\Users\Rohith Syam\Documents\UTS SEMESTER 3\image processing\idea 2\outputs\generalization_upgrade\02_external_bias_audit\normalized_external\real\35\12523735_1981-04-21_2014.jpg,0,35/12523735_1981-04-21_2014.jpg,real,external_normalized,deepfakeface_sd15/real/35/12523735_1981-04-21_2014.jpg,0.14532142877578735,0.4309690296649933,0,xception,external_test,source_video_disjoint_v1,lowpass_0.1,ffpp_validation_checkpoint,03cb9bba05b67e1478fb86a731857ba65f55a3db09e023035c9bcd9d442d8efc
151,C:\Users\Rohith Syam\Documents\UTS SEMESTER 3\image processing\idea 2\outputs\generalization_upgrade\02_external_bias_audit\normalized_external\real\35\1323135_1941-09-15_1966.jpg,0,35/1323135_1941-09-15_1966.jpg,real,external_normalized,deepfakeface_sd15/real/35/1323135_1941-09-15_1966.jpg,0.7350324392318726,0.4309690296649933,1,xception,external_test,source_video_disjoint_v1,lowpass_0.1,ffpp_validation_checkpoint,03cb9bba05b67e1478fb86a731857ba65f55a3db09e023035c9bcd9d442d8efc
152,C:\Users\Rohith Syam\Documents\UTS SEMESTER 3\image processing\idea 2\outputs\generalization_upgrade\02_external_bias_audit\normalized_external\real\35\13774535_1942-06-09_1957.jpg,0,35/13774535_1942-06-09_1957.jpg,real,external_normalized,deepfakeface_sd15/real/35/13774535_1942-06-09_1957.jpg,0.6406626105308533,0.4309690296649933,1,xception,external_test,source_video_disjoint_v1,lowpass_0.1,ffpp_validation_checkpoint,03cb9bba05b67e1478fb86a731857ba65f55a3db09e023035c9bcd9d442d8efc
153,C:\Users\Rohith Syam\Documents\UTS SEMESTER 3\image processing\idea 2\outputs\generalization_upgrade\02_external_bias_audit\normalized_external\real\35\14180235_1985-10-27_2015.jpg,0,35/14180235_1985-10-27_2015.jpg,real,external_normalized,deepfakeface_sd15/real/35/14180235_1985-10-27_2015.jpg,0.197589710354805,0.4309690296649933,0,xception,external_test,source_video_disjoint_v1,lowpass_0.1,ffpp_validation_checkpoint,03cb9bba05b67e1478fb86a731857ba65f55a3db09e023035c9bcd9d442d8efc
154,C:\Users\Rohith Syam\Documents\UTS SEMESTER 3\image processing\idea 2\outputs\generalization_upgrade\02_external_bias_audit\normalized_external\real\35\14347235_1959-06-15_2013.jpg,0,35/14347235_1959-06-15_2013.jpg,real,external_normalized,deepfakeface_sd15/real/35/14347235_1959-06-15_2013.jpg,0.6178355813026428,0.4309690296649933,1,xception,external_test,source_video_disjoint_v1,lowpass_0.1,ffpp_validation_checkpoint,03cb9bba05b67e1478fb86a731857ba65f55a3db09e023035c9bcd9d442d8efc
155,C:\Users\Rohith Syam\Documents\UTS SEMESTER 3\image processing\idea 2\outputs\generalization_upgrade\02_external_bias_audit\normalized_external\real\35\1437535_1935-02-22_2010.jpg,0,35/1437535_1935-02-22_2010.jpg,real,external_normalized,deepfakeface_sd15/real/35/1437535_1935-02-22_2010.jpg,0.609280526638031,0.4309690296649933,1,xception,external_test,source_video_disjoint_v1,lowpass_0.1,ffpp_validation_checkpoint,03cb9bba05b67e1478fb86a731857ba65f55a3db09e023035c9bcd9d442d8efc
156,C:\Users\Rohith Syam\Documents\UTS SEMESTER 3\image processing\idea 2\outputs\generalization_upgrade\02_external_bias_audit\normalized_external\real\35\14619035_1990-02-25_2014.jpg,0,35/14619035_1990-02-25_2014.jpg,real,external_normalized,deepfakeface_sd15/real/35/14619035_1990-02-25_2014.jpg,0.4299558997154236,0.4309690296649933,0,xception,external_test,source_video_disjoint_v1,lowpass_0.1,ffpp_validation_checkpoint,03cb9bba05b67e1478fb86a731857ba65f55a3db09e023035c9bcd9d442d8efc
157,C:\Users\Rohith Syam\Documents\UTS SEMESTER 3\image processing\idea 2\outputs\generalization_upgrade\02_external_bias_audit\normalized_external\real\35\1566935_1953-09-11_2010.jpg,0,35/1566935_1953-09-11_2010.jpg,real,external_normalized,deepfakeface_sd15/real/35/1566935_1953-09-11_2010.jpg,0.4191971719264984,0.4309690296649933,0,xception,external_test,source_video_disjoint_v1,lowpass_0.1,ffpp_validation_checkpoint,03cb9bba05b67e1478fb86a731857ba65f55a3db09e023035c9bcd9d442d8efc
158,C:\Users\Rohith Syam\Documents\UTS SEMESTER 3\image processing\idea 2\outputs\generalization_upgrade\02_external_bias_audit\normalized_external\real\35\16105135_1980-04-18_2012.jpg,0,35/16105135_1980-04-18_2012.jpg,real,external_normalized,deepfakeface_sd15/real/35/16105135_1980-04-18_2012.jpg,0.850920557975769,0.4309690296649933,1,xception,external_test,source_video_disjoint_v1,lowpass_0.1,ffpp_validation_checkpoint,03cb9bba05b67e1478fb86a731857ba65f55a3db09e023035c9bcd9d442d8efc
159,C:\Users\Rohith Syam\Documents\UTS SEMESTER 3\image processing\idea 2\outputs\generalization_upgrade\02_external_bias_audit\normalized_external\real\35\17974235_1973-06-13_2009.jpg,0,35/17974235_1973-06-13_2009.jpg,real,external_normalized,deepfakeface_sd15/real/35/17974235_1973-06-13_2009.jpg,0.6084259152412415,0.4309690296649933,1,xception,external_test,source_video_disjoint_v1,lowpass_0.1,ffpp_validation_checkpoint,03cb9bba05b67e1478fb86a731857ba65f55a3db09e023035c9bcd9d442d8efc
160,C:\Users\Rohith Syam\Documents\UTS SEMESTER 3\image processing\idea 2\outputs\generalization_upgrade\02_external_bias_audit\normalized_external\real\35\18933035_1982-08-26_2012.jpg,0,35/18933035_1982-08-26_2012.jpg,real,external_normalized,deepfakeface_sd15/real/35/18933035_1982-08-26_2012.jpg,0.5950067639350891,0.4309690296649933,1,xception,external_test,source_video_disjoint_v1,lowpass_0.1,ffpp_validation_checkpoint,03cb9bba05b67e1478fb86a731857ba65f55a3db09e023035c9bcd9d442d8efc
161,C:\Users\Rohith Syam\Documents\UTS SEMESTER 3\image processing\idea 2\outputs\generalization_upgrade\02_external_bias_audit\normalized_external\real\35\19966435_1968-04-03_2012.jpg,0,35/19966435_1968-04-03_2012.jpg,real,external_normalized,deepfakeface_sd15/real/35/19966435_1968-04-03_2012.jpg,0.7379708290100098,0.4309690296649933,1,xception,external_test,source_video_disjoint_v1,lowpass_0.1,ffpp_validation_checkpoint,03cb9bba05b67e1478fb86a731857ba65f55a3db09e023035c9bcd9d442d8efc
162,C:\Users\Rohith Syam\Documents\UTS SEMESTER 3\image processing\idea 2\outputs\generalization_upgrade\02_external_bias_audit\normalized_external\real\35\2357835_1982-06-16_2014.jpg,0,35/2357835_1982-06-16_2014.jpg,real,external_normalized,deepfakeface_sd15/real/35/2357835_1982-06-16_2014.jpg,0.5889221429824829,0.4309690296649933,1,xception,external_test,source_video_disjoint_v1,lowpass_0.1,ffpp_validation_checkpoint,03cb9bba05b67e1478fb86a731857ba65f55a3db09e023035c9bcd9d442d8efc
163,C:\Users\Rohith Syam\Documents\UTS SEMESTER 3\image processing\idea 2\outputs\generalization_upgrade\02_external_bias_audit\normalized_external\real\35\2663135_1941-03-20_2008.jpg,0,35/2663135_1941-03-20_2008.jpg,real,external_normalized,deepfakeface_sd15/real/35/2663135_1941-03-20_2008.jpg,0.4406551718711853,0.4309690296649933,1,xception,external_test,source_video_disjoint_v1,lowpass_0.1,ffpp_validation_checkpoint,03cb9bba05b67e1478fb86a731857ba65f55a3db09e023035c9bcd9d442d8efc
164,C:\Users\Rohith Syam\Documents\UTS SEMESTER 3\image processing\idea 2\outputs\generalization_upgrade\02_external_bias_audit\normalized_external\real\35\2667535_1937-12-16_1985.jpg,0,35/2667535_1937-12-16_1985.jpg,real,external_normalized,deepfakeface_sd15/real/35/2667535_1937-12-16_1985.jpg,0.07730381190776825,0.4309690296649933,0,xception,external_test,source_video_disjoint_v1,lowpass_0.1,ffpp_validation_checkpoint,03cb9bba05b67e1478fb86a731857ba65f55a3db09e023035c9bcd9d442d8efc
165,C:\Users\Rohith Syam\Documents\UTS SEMESTER 3\image processing\idea 2\outputs\generalization_upgrade\02_external_bias_audit\normalized_external\real\35\28265335_1988-06-22_2013.jpg,0,35/28265335_1988-06-22_2013.jpg,real,external_normalized,deepfakeface_sd15/real/35/28265335_1988-06-22_2013.jpg,0.4081399440765381,0.4309690296649933,0,xception,external_test,source_video_disjoint_v1,lowpass_0.1,ffpp_validation_checkpoint,03cb9bba05b67e1478fb86a731857ba65f55a3db09e023035c9bcd9d442d8efc
166,C:\Users\Rohith Syam\Documents\UTS SEMESTER 3\image processing\idea 2\outputs\generalization_upgrade\02_external_bias_audit\normalized_external\real\35\30385335_1991-08-22_2011.jpg,0,35/30385335_1991-08-22_2011.jpg,real,external_normalized,deepfakeface_sd15/real/35/30385335_1991-08-22_2011.jpg,0.8847329020500183,0.4309690296649933,1,xception,external_test,source_video_disjoint_v1,lowpass_0.1,ffpp_validation_checkpoint,03cb9bba05b67e1478fb86a731857ba65f55a3db09e023035c9bcd9d442d8efc
167,C:\Users\Rohith Syam\Documents\UTS SEMESTER 3\image processing\idea 2\outputs\generalization_upgrade\02_external_bias_audit\normalized_external\real\35\3110335_1948-04-03_2012.jpg,0,35/3110335_1948-04-03_2012.jpg,real,external_normalized,deepfakeface_sd15/real/35/3110335_1948-04-03_2012.jpg,0.8157392144203186,0.4309690296649933,1,xception,external_test,source_video_disjoint_v1,lowpass_0.1,ffpp_validation_checkpoint,03cb9bba05b67e1478fb86a731857ba65f55a3db09e023035c9bcd9d442d8efc
168,C:\Users\Rohith Syam\Documents\UTS SEMESTER 3\image processing\idea 2\outputs\generalization_upgrade\02_external_bias_audit\normalized_external\real\35\31663335_1976-06-05_2013.jpg,0,35/31663335_1976-06-05_2013.jpg,real,external_normalized,deepfakeface_sd15/real/35/31663335_1976-06-05_2013.jpg,0.7833678722381592,0.4309690296649933,1,xception,external_test,source_video_disjoint_v1,lowpass_0.1,ffpp_validation_checkpoint,03cb9bba05b67e1478fb86a731857ba65f55a3db09e023035c9bcd9d442d8efc
169,C:\Users\Rohith Syam\Documents\UTS SEMESTER 3\image processing\idea 2\outputs\generalization_upgrade\02_external_bias_audit\normalized_external\real\35\32471435_1932-05-10_1959.jpg,0,35/32471435_1932-05-10_1959.jpg,real,external_normalized,deepfakeface_sd15/real/35/32471435_1932-05-10_1959.jpg,0.5835461020469666,0.4309690296649933,1,xception,external_test,source_video_disjoint_v1,lowpass_0.1,ffpp_validation_checkpoint,03cb9bba05b67e1478fb86a731857ba65f55a3db09e023035c9bcd9d442d8efc
170,C:\Users\Rohith Syam\Documents\UTS SEMESTER 3\image processing\idea 2\outputs\generalization_upgrade\02_external_bias_audit\normalized_external\real\35\33199835_1985-06-12_2011.jpg,0,35/33199835_1985-06-12_2011.jpg,real,external_normalized,deepfakeface_sd15/real/35/33199835_1985-06-12_2011.jpg,0.3579167425632477,0.4309690296649933,0,xception,external_test,source_video_disjoint_v1,lowpass_0.1,ffpp_validation_checkpoint,03cb9bba05b67e1478fb86a731857ba65f55a3db09e023035c9bcd9d442d8efc
171,C:\Users\Rohith Syam\Documents\UTS SEMESTER 3\image processing\idea 2\outputs\generalization_upgrade\02_external_bias_audit\normalized_external\real\35\3338735_1981-11-16_2013.jpg,0,35/3338735_1981-11-16_2013.jpg,real,external_normalized,deepfakeface_sd15/real/35/3338735_1981-11-16_2013.jpg,0.1619572639465332,0.4309690296649933,0,xception,external_test,source_video_disjoint_v1,lowpass_0.1,ffpp_validation_checkpoint,03cb9bba05b67e1478fb86a731857ba65f55a3db09e023035c9bcd9d442d8efc
172,C:\Users\Rohith Syam\Documents\UTS SEMESTER 3\image processing\idea 2\outputs\generalization_upgrade\02_external_bias_audit\normalized_external\real\35\34163535_1988-04-03_2011.jpg,0,35/34163535_1988-04-03_2011.jpg,real,external_normalized,deepfakeface_sd15/real/35/34163535_1988-04-03_2011.jpg,0.4932559132575989,0.4309690296649933,1,xception,external_test,source_video_disjoint_v1,lowpass_0.1,ffpp_validation_checkpoint,03cb9bba05b67e1478fb86a731857ba65f55a3db09e023035c9bcd9d442d8efc
173,C:\Users\Rohith Syam\Documents\UTS SEMESTER 3\image processing\idea 2\outputs\generalization_upgrade\02_external_bias_audit\normalized_external\real\35\36702535_1992-07-04_2012.jpg,0,35/36702535_1992-07-04_2012.jpg,real,external_normalized,deepfakeface_sd15/real/35/36702535_1992-07-04_2012.jpg,0.768227219581604,0.4309690296649933,1,xception,external_test,source_video_disjoint_v1,lowpass_0.1,ffpp_validation_checkpoint,03cb9bba05b67e1478fb86a731857ba65f55a3db09e023035c9bcd9d442d8efc
174,C:\Users\Rohith Syam\Documents\UTS SEMESTER 3\image processing\idea 2\outputs\generalization_upgrade\02_external_bias_audit\normalized_external\real\35\4943835_1891-09-22_1968.jpg,0,35/4943835_1891-09-22_1968.jpg,real,external_normalized,deepfakeface_sd15/real/35/4943835_1891-09-22_1968.jpg,0.547852098941803,0.4309690296649933,1,xception,external_test,source_video_disjoint_v1,lowpass_0.1,ffpp_validation_checkpoint,03cb9bba05b67e1478fb86a731857ba65f55a3db09e023035c9bcd9d442d8efc
175,C:\Users\Rohith Syam\Documents\UTS SEMESTER 3\image processing\idea 2\outputs\generalization_upgrade\02_external_bias_audit\normalized_external\real\35\6232035_1987-09-07_2013.jpg,0,35/6232035_1987-09-07_2013.jpg,real,external_normalized,deepfakeface_sd15/real/35/6232035_1987-09-07_2013.jpg,0.6811366677284241,0.4309690296649933,1,xception,external_test,source_video_disjoint_v1,lowpass_0.1,ffpp_validation_checkpoint,03cb9bba05b67e1478fb86a731857ba65f55a3db09e023035c9bcd9d442d8efc
176,C:\Users\Rohith Syam\Documents\UTS SEMESTER 3\image processing\idea 2\outputs\generalization_upgrade\02_external_bias_audit\normalized_external\real\35\89835_1951-04-07_1981.jpg,0,35/89835_1951-04-07_1981.jpg,real,external_normalized,deepfakeface_sd15/real/35/89835_1951-04-07_1981.jpg,0.44999960064888,0.4309690296649933,1,xception,external_test,source_video_disjoint_v1,lowpass_0.1,ffpp_validation_checkpoint,03cb9bba05b67e1478fb86a731857ba65f55a3db09e023035c9bcd9d442d8efc
177,C:\Users\Rohith Syam\Documents\UTS SEMESTER 3\image processing\idea 2\outputs\generalization_upgrade\02_external_bias_audit\normalized_external\real\55\10095655_1985-07-10_2012.jpg,0,55/10095655_1985-07-10_2012.jpg,real,external_normalized,deepfakeface_sd15/real/55/10095655_1985-07-10_2012.jpg,0.5749645829200745,0.4309690296649933,1,xception,external_test,source_video_disjoint_v1,lowpass_0.1,ffpp_validation_checkpoint,03cb9bba05b67e1478fb86a731857ba65f55a3db09e023035c9bcd9d442d8efc
178,C:\Users\Rohith Syam\Documents\UTS SEMESTER 3\image processing\idea 2\outputs\generalization_upgrade\02_external_bias_audit\normalized_external\real\55\10486955_1937-11-18_1975.jpg,0,55/10486955_1937-11-18_1975.jpg,real,external_normalized,deepfakeface_sd15/real/55/10486955_1937-11-18_1975.jpg,0.5616105198860168,0.4309690296649933,1,xception,external_test,source_video_disjoint_v1,lowpass_0.1,ffpp_validation_checkpoint,03cb9bba05b67e1478fb86a731857ba65f55a3db09e023035c9bcd9d442d8efc
179,C:\Users\Rohith Syam\Documents\UTS SEMESTER 3\image processing\idea 2\outputs\generalization_upgrade\02_external_bias_audit\normalized_external\real\55\1196855_1923-06-24_2009.jpg,0,55/1196855_1923-06-24_2009.jpg,real,external_normalized,deepfakeface_sd15/real/55/1196855_1923-06-24_2009.jpg,0.9398494958877563,0.4309690296649933,1,xception,external_test,source_video_disjoint_v1,lowpass_0.1,ffpp_validation_checkpoint,03cb9bba05b67e1478fb86a731857ba65f55a3db09e023035c9bcd9d442d8efc
180,C:\Users\Rohith Syam\Documents\UTS SEMESTER 3\image processing\idea 2\outputs\generalization_upgrade\02_external_bias_audit\normalized_external\real\55\12428755_1982-12-09_2012.jpg,0,55/12428755_1982-12-09_2012.jpg,real,external_normalized,deepfakeface_sd15/real/55/12428755_1982-12-09_2012.jpg,0.9040563702583313,0.4309690296649933,1,xception,external_test,source_video_disjoint_v1,lowpass_0.1,ffpp_validation_checkpoint,03cb9bba05b67e1478fb86a731857ba65f55a3db09e023035c9bcd9d442d8efc
181,C:\Users\Rohith Syam\Documents\UTS SEMESTER 3\image processing\idea 2\outputs\generalization_upgrade\02_external_bias_audit\normalized_external\real\55\1349055_1974-02-24_2009.jpg,0,55/1349055_1974-02-24_2009.jpg,real,external_normalized,deepfakeface_sd15/real/55/1349055_1974-02-24_2009.jpg,0.05049030855298042,0.4309690296649933,0,xception,external_test,source_video_disjoint_v1,lowpass_0.1,ffpp_validation_checkpoint,03cb9bba05b67e1478fb86a731857ba65f55a3db09e023035c9bcd9d442d8efc
182,C:\Users\Rohith Syam\Documents\UTS SEMESTER 3\image processing\idea 2\outputs\generalization_upgrade\02_external_bias_audit\normalized_external\real\55\14640255_1980-09-24_2006.jpg,0,55/14640255_1980-09-24_2006.jpg,real,external_normalized,deepfakeface_sd15/real/55/14640255_1980-09-24_2006.jpg,0.686102569103241,0.4309690296649933,1,xception,external_test,source_video_disjoint_v1,lowpass_0.1,ffpp_validation_checkpoint,03cb9bba05b67e1478fb86a731857ba65f55a3db09e023035c9bcd9d442d8efc
183,C:\Users\Rohith Syam\Documents\UTS SEMESTER 3\image processing\idea 2\outputs\generalization_upgrade\02_external_bias_audit\normalized_external\real\55\14904555_1915-05-08_1941.jpg,0,55/14904555_1915-05-08_1941.jpg,real,external_normalized,deepfakeface_sd15/real/55/14904555_1915-05-08_1941.jpg,0.37607312202453613,0.4309690296649933,0,xception,external_test,source_video_disjoint_v1,lowpass_0.1,ffpp_validation_checkpoint,03cb9bba05b67e1478fb86a731857ba65f55a3db09e023035c9bcd9d442d8efc
184,C:\Users\Rohith Syam\Documents\UTS SEMESTER 3\image processing\idea 2\outputs\generalization_upgrade\02_external_bias_audit\normalized_external\real\55\15890555_1987-12-03_2014.jpg,0,55/15890555_1987-12-03_2014.jpg,real,external_normalized,deepfakeface_sd15/real/55/15890555_1987-12-03_2014.jpg,0.4484448730945587,0.4309690296649933,1,xception,external_test,source_video_disjoint_v1,lowpass_0.1,ffpp_validation_checkpoint,03cb9bba05b67e1478fb86a731857ba65f55a3db09e023035c9bcd9d442d8efc
185,C:\Users\Rohith Syam\Documents\UTS SEMESTER 3\image processing\idea 2\outputs\generalization_upgrade\02_external_bias_audit\normalized_external\real\55\1941155_1993-07-26_2010.jpg,0,55/1941155_1993-07-26_2010.jpg,real,external_normalized,deepfakeface_sd15/real/55/1941155_1993-07-26_2010.jpg,0.39030003547668457,0.4309690296649933,0,xception,external_test,source_video_disjoint_v1,lowpass_0.1,ffpp_validation_checkpoint,03cb9bba05b67e1478fb86a731857ba65f55a3db09e023035c9bcd9d442d8efc
186,C:\Users\Rohith Syam\Documents\UTS SEMESTER 3\image processing\idea 2\outputs\generalization_upgrade\02_external_bias_audit\normalized_external\real\55\20025755_1979-03-10_2009.jpg,0,55/20025755_1979-03-10_2009.jpg,real,external_normalized,deepfakeface_sd15/real/55/20025755_1979-03-10_2009.jpg,0.8681812882423401,0.4309690296649933,1,xception,external_test,source_video_disjoint_v1,lowpass_0.1,ffpp_validation_checkpoint,03cb9bba05b67e1478fb86a731857ba65f55a3db09e023035c9bcd9d442d8efc
187,C:\Users\Rohith Syam\Documents\UTS SEMESTER 3\image processing\idea 2\outputs\generalization_upgrade\02_external_bias_audit\normalized_external\real\55\2538755_1933-07-01_1979.jpg,0,55/2538755_1933-07-01_1979.jpg,real,external_normalized,deepfakeface_sd15/real/55/2538755_1933-07-01_1979.jpg,0.14536531269550323,0.4309690296649933,0,xception,external_test,source_video_disjoint_v1,lowpass_0.1,ffpp_validation_checkpoint,03cb9bba05b67e1478fb86a731857ba65f55a3db09e023035c9bcd9d442d8efc
188,C:\Users\Rohith Syam\Documents\UTS SEMESTER 3\image processing\idea 2\outputs\generalization_upgrade\02_external_bias_audit\normalized_external\real\55\27599355_1985-04-07_2007.jpg,0,55/27599355_1985-04-07_2007.jpg,real,external_normalized,deepfakeface_sd15/real/55/27599355_1985-04-07_2007.jpg,0.7482832074165344,0.4309690296649933,1,xception,external_test,source_video_disjoint_v1,lowpass_0.1,ffpp_validation_checkpoint,03cb9bba05b67e1478fb86a731857ba65f55a3db09e023035c9bcd9d442d8efc
189,C:\Users\Rohith Syam\Documents\UTS SEMESTER 3\image processing\idea 2\outputs\generalization_upgrade\02_external_bias_audit\normalized_external\real\55\2894455_1947-09-13_2009.jpg,0,55/2894455_1947-09-13_2009.jpg,real,external_normalized,deepfakeface_sd15/real/55/2894455_1947-09-13_2009.jpg,0.82979816198349,0.4309690296649933,1,xception,external_test,source_video_disjoint_v1,lowpass_0.1,ffpp_validation_checkpoint,03cb9bba05b67e1478fb86a731857ba65f55a3db09e023035c9bcd9d442d8efc
190,C:\Users\Rohith Syam\Documents\UTS SEMESTER 3\image processing\idea 2\outputs\generalization_upgrade\02_external_bias_audit\normalized_external\real\55\295555_1950-07-15_2012.jpg,0,55/295555_1950-07-15_2012.jpg,real,external_normalized,deepfakeface_sd15/real/55/295555_1950-07-15_2012.jpg,0.03922678530216217,0.4309690296649933,0,xception,external_test,source_video_disjoint_v1,lowpass_0.1,ffpp_validation_checkpoint,03cb9bba05b67e1478fb86a731857ba65f55a3db09e023035c9bcd9d442d8efc
191,C:\Users\Rohith Syam\Documents\UTS SEMESTER 3\image processing\idea 2\outputs\generalization_upgrade\02_external_bias_audit\normalized_external\real\55\2979255_1982-08-30_2012.jpg,0,55/2979255_1982-08-30_2012.jpg,real,external_normalized,deepfakeface_sd15/real/55/2979255_1982-08-30_2012.jpg,0.4082126319408417,0.4309690296649933,0,xception,external_test,source_video_disjoint_v1,lowpass_0.1,ffpp_validation_checkpoint,03cb9bba05b67e1478fb86a731857ba65f55a3db09e023035c9bcd9d442d8efc
192,C:\Users\Rohith Syam\Documents\UTS SEMESTER 3\image processing\idea 2\outputs\generalization_upgrade\02_external_bias_audit\normalized_external\real\55\30781355_1963-07-29_2015.jpg,0,55/30781355_1963-07-29_2015.jpg,real,external_normalized,deepfakeface_sd15/real/55/30781355_1963-07-29_2015.jpg,0.7278922200202942,0.4309690296649933,1,xception,external_test,source_video_disjoint_v1,lowpass_0.1,ffpp_validation_checkpoint,03cb9bba05b67e1478fb86a731857ba65f55a3db09e023035c9bcd9d442d8efc
193,C:\Users\Rohith Syam\Documents\UTS SEMESTER 3\image processing\idea 2\outputs\generalization_upgrade\02_external_bias_audit\normalized_external\real\55\31689055_1988-03-014_2013.jpg,0,55/31689055_1988-03-014_2013.jpg,real,external_normalized,deepfakeface_sd15/real/55/31689055_1988-03-014_2013.jpg,0.3180886209011078,0.4309690296649933,0,xception,external_test,source_video_disjoint_v1,lowpass_0.1,ffpp_validation_checkpoint,03cb9bba05b67e1478fb86a731857ba65f55a3db09e023035c9bcd9d442d8efc
194,C:\Users\Rohith Syam\Documents\UTS SEMESTER 3\image processing\idea 2\outputs\generalization_upgrade\02_external_bias_audit\normalized_external\real\55\3523055_1984-05-01_2014.jpg,0,55/3523055_1984-05-01_2014.jpg,real,external_normalized,deepfakeface_sd15/real/55/3523055_1984-05-01_2014.jpg,0.3490690588951111,0.4309690296649933,0,xception,external_test,source_video_disjoint_v1,lowpass_0.1,ffpp_validation_checkpoint,03cb9bba05b67e1478fb86a731857ba65f55a3db09e023035c9bcd9d442d8efc
195,C:\Users\Rohith Syam\Documents\UTS SEMESTER 3\image processing\idea 2\outputs\generalization_upgrade\02_external_bias_audit\normalized_external\real\55\3566855_1977-08-09_2010.jpg,0,55/3566855_1977-08-09_2010.jpg,real,external_normalized,deepfakeface_sd15/real/55/3566855_1977-08-09_2010.jpg,0.45417457818984985,0.4309690296649933,1,xception,external_test,source_video_disjoint_v1,lowpass_0.1,ffpp_validation_checkpoint,03cb9bba05b67e1478fb86a731857ba65f55a3db09e023035c9bcd9d442d8efc
196,C:\Users\Rohith Syam\Documents\UTS SEMESTER 3\image processing\idea 2\outputs\generalization_upgrade\02_external_bias_audit\normalized_external\real\55\36326355_1990-10-27_2014.jpg,0,55/36326355_1990-10-27_2014.jpg,real,external_normalized,deepfakeface_sd15/real/55/36326355_1990-10-27_2014.jpg,0.47870779037475586,0.4309690296649933,1,xception,external_test,source_video_disjoint_v1,lowpass_0.1,ffpp_validation_checkpoint,03cb9bba05b67e1478fb86a731857ba65f55a3db09e023035c9bcd9d442d8efc
197,C:\Users\Rohith Syam\Documents\UTS SEMESTER 3\image processing\idea 2\outputs\generalization_upgrade\02_external_bias_audit\normalized_external\real\55\38909755_1989-02-21_2013.jpg,0,55/38909755_1989-02-21_2013.jpg,real,external_normalized,deepfakeface_sd15/real/55/38909755_1989-02-21_2013.jpg,0.7942813038825989,0.4309690296649933,1,xception,external_test,source_video_disjoint_v1,lowpass_0.1,ffpp_validation_checkpoint,03cb9bba05b67e1478fb86a731857ba65f55a3db09e023035c9bcd9d442d8efc
198,C:\Users\Rohith Syam\Documents\UTS SEMESTER 3\image processing\idea 2\outputs\generalization_upgrade\02_external_bias_audit\normalized_external\real\55\39790655_2013-07-22_2014.jpg,0,55/39790655_2013-07-22_2014.jpg,real,external_normalized,deepfakeface_sd15/real/55/39790655_2013-07-22_2014.jpg,0.5443844199180603,0.4309690296649933,1,xception,external_test,source_video_disjoint_v1,lowpass_0.1,ffpp_validation_checkpoint,03cb9bba05b67e1478fb86a731857ba65f55a3db09e023035c9bcd9d442d8efc
199,C:\Users\Rohith Syam\Documents\UTS SEMESTER 3\image processing\idea 2\outputs\generalization_upgrade\02_external_bias_audit\normalized_external\real\55\42718155_1946-01-25_2006.jpg,0,55/42718155_1946-01-25_2006.jpg,real,external_normalized,deepfakeface_sd15/real/55/42718155_1946-01-25_2006.jpg,0.8078352212905884,0.4309690296649933,1,xception,external_test,source_video_disjoint_v1,lowpass_0.1,ffpp_validation_checkpoint,03cb9bba05b67e1478fb86a731857ba65f55a3db09e023035c9bcd9d442d8efc
200,C:\Users\Rohith Syam\Documents\UTS SEMESTER 3\image processing\idea 2\outputs\generalization_upgrade\02_external_bias_audit\normalized_external\real\55\43284855_1980-08-11_2012.jpg,0,55/43284855_1980-08-11_2012.jpg,real,external_normalized,deepfakeface_sd15/real/55/43284855_1980-08-11_2012.jpg,0.7655912041664124,0.4309690296649933,1,xception,external_test,source_video_disjoint_v1,lowpass_0.1,ffpp_validation_checkpoint,03cb9bba05b67e1478fb86a731857ba65f55a3db09e023035c9bcd9d442d8efc
201,C:\Users\Rohith Syam\Documents\UTS SEMESTER 3\image processing\idea 2\outputs\generalization_upgrade\02_external_bias_audit\normalized_external\real\55\45263455_1979-05-12_2015.jpg,0,55/45263455_1979-05-12_2015.jpg,real,external_normalized,deepfakeface_sd15/real/55/45263455_1979-05-12_2015.jpg,0.5890407562255859,0.4309690296649933,1,xception,external_test,source_video_disjoint_v1,lowpass_0.1,ffpp_validation_checkpoint,03cb9bba05b67e1478fb86a731857ba65f55a3db09e023035c9bcd9d442d8efc
202,C:\Users\Rohith Syam\Documents\UTS SEMESTER 3\image processing\idea 2\outputs\generalization_upgrade\02_external_bias_audit\normalized_external\real\55\46238055_1947-10-19_1980.jpg,0,55/46238055_1947-10-19_1980.jpg,real,external_normalized,deepfakeface_sd15/real/55/46238055_1947-10-19_1980.jpg,0.11364691704511642,0.4309690296649933,0,xception,external_test,source_video_disjoint_v1,lowpass_0.1,ffpp_validation_checkpoint,03cb9bba05b67e1478fb86a731857ba65f55a3db09e023035c9bcd9d442d8efc
203,C:\Users\Rohith Syam\Documents\UTS SEMESTER 3\image processing\idea 2\outputs\generalization_upgrade\02_external_bias_audit\normalized_external\real\55\72655_1975-10-12_2004.jpg,0,55/72655_1975-10-12_2004.jpg,real,external_normalized,deepfakeface_sd15/real/55/72655_1975-10-12_2004.jpg,0.8095673322677612,0.4309690296649933,1,xception,external_test,source_video_disjoint_v1,lowpass_0.1,ffpp_validation_checkpoint,03cb9bba05b67e1478fb86a731857ba65f55a3db09e023035c9bcd9d442d8efc
204,C:\Users\Rohith Syam\Documents\UTS SEMESTER 3\image processing\idea 2\outputs\generalization_upgrade\02_external_bias_audit\normalized_external\real\55\870155_1962-12-01_2010.jpg,0,55/870155_1962-12-01_2010.jpg,real,external_normalized,deepfakeface_sd15/real/55/870155_1962-12-01_2010.jpg,0.06342339515686035,0.4309690296649933,0,xception,external_test,source_video_disjoint_v1,lowpass_0.1,ffpp_validation_checkpoint,03cb9bba05b67e1478fb86a731857ba65f55a3db09e023035c9bcd9d442d8efc
205,C:\Users\Rohith Syam\Documents\UTS SEMESTER 3\image processing\idea 2\outputs\generalization_upgrade\02_external_bias_audit\normalized_external\real\69\41427969_1939-03-30_1972.jpg,0,69/41427969_1939-03-30_1972.jpg,real,external_normalized,deepfakeface_sd15/real/69/41427969_1939-03-30_1972.jpg,0.19448256492614746,0.4309690296649933,0,xception,external_test,source_video_disjoint_v1,lowpass_0.1,ffpp_validation_checkpoint,03cb9bba05b67e1478fb86a731857ba65f55a3db09e023035c9bcd9d442d8efc
206,C:\Users\Rohith Syam\Documents\UTS SEMESTER 3\image processing\idea 2\outputs\generalization_upgrade\02_external_bias_audit\normalized_external\real\71\12738371_1985-05-25_2015.jpg,0,71/12738371_1985-05-25_2015.jpg,real,external_normalized,deepfakeface_sd15/real/71/12738371_1985-05-25_2015.jpg,0.270614892244339,0.4309690296649933,0,xception,external_test,source_video_disjoint_v1,lowpass_0.1,ffpp_validation_checkpoint,03cb9bba05b67e1478fb86a731857ba65f55a3db09e023035c9bcd9d442d8efc
207,C:\Users\Rohith Syam\Documents\UTS SEMESTER 3\image processing\idea 2\outputs\generalization_upgrade\02_external_bias_audit\normalized_external\real\71\14220271_1972-11-30_2008.jpg,0,71/14220271_1972-11-30_2008.jpg,real,external_normalized,deepfakeface_sd15/real/71/14220271_1972-11-30_2008.jpg,0.18046414852142334,0.4309690296649933,0,xception,external_test,source_video_disjoint_v1,lowpass_0.1,ffpp_validation_checkpoint,03cb9bba05b67e1478fb86a731857ba65f55a3db09e023035c9bcd9d442d8efc
208,C:\Users\Rohith Syam\Documents\UTS SEMESTER 3\image processing\idea 2\outputs\generalization_upgrade\02_external_bias_audit\normalized_external\real\71\165871_1942-09-30_1950.jpg,0,71/165871_1942-09-30_1950.jpg,real,external_normalized,deepfakeface_sd15/real/71/165871_1942-09-30_1950.jpg,0.07315730303525925,0.4309690296649933,0,xception,external_test,source_video_disjoint_v1,lowpass_0.1,ffpp_validation_checkpoint,03cb9bba05b67e1478fb86a731857ba65f55a3db09e023035c9bcd9d442d8efc
209,C:\Users\Rohith Syam\Documents\UTS SEMESTER 3\image processing\idea 2\outputs\generalization_upgrade\02_external_bias_audit\normalized_external\real\71\17112571_1992-02-27_2012.jpg,0,71/17112571_1992-02-27_2012.jpg,real,external_normalized,deepfakeface_sd15/real/71/17112571_1992-02-27_2012.jpg,0.5786621570587158,0.4309690296649933,1,xception,external_test,source_video_disjoint_v1,lowpass_0.1,ffpp_validation_checkpoint,03cb9bba05b67e1478fb86a731857ba65f55a3db09e023035c9bcd9d442d8efc
210,C:\Users\Rohith Syam\Documents\UTS SEMESTER 3\image processing\idea 2\outputs\generalization_upgrade\02_external_bias_audit\normalized_external\real\71\1854071_1958-08-14_1991.jpg,0,71/1854071_1958-08-14_1991.jpg,real,external_normalized,deepfakeface_sd15/real/71/1854071_1958-08-14_1991.jpg,0.5601917505264282,0.4309690296649933,1,xception,external_test,source_video_disjoint_v1,lowpass_0.1,ffpp_validation_checkpoint,03cb9bba05b67e1478fb86a731857ba65f55a3db09e023035c9bcd9d442d8efc
211,C:\Users\Rohith Syam\Documents\UTS SEMESTER 3\image processing\idea 2\outputs\generalization_upgrade\02_external_bias_audit\normalized_external\real\71\18720671_1986-06-23_2012.jpg,0,71/18720671_1986-06-23_2012.jpg,real,external_normalized,deepfakeface_sd15/real/71/18720671_1986-06-23_2012.jpg,0.059672798961400986,0.4309690296649933,0,xception,external_test,source_video_disjoint_v1,lowpass_0.1,ffpp_validation_checkpoint,03cb9bba05b67e1478fb86a731857ba65f55a3db09e023035c9bcd9d442d8efc
212,C:\Users\Rohith Syam\Documents\UTS SEMESTER 3\image processing\idea 2\outputs\generalization_upgrade\02_external_bias_audit\normalized_external\real\71\19476171_1989-08-02_2014.jpg,0,71/19476171_1989-08-02_2014.jpg,real,external_normalized,deepfakeface_sd15/real/71/19476171_1989-08-02_2014.jpg,0.7860211730003357,0.4309690296649933,1,xception,external_test,source_video_disjoint_v1,lowpass_0.1,ffpp_validation_checkpoint,03cb9bba05b67e1478fb86a731857ba65f55a3db09e023035c9bcd9d442d8efc
213,C:\Users\Rohith Syam\Documents\UTS SEMESTER 3\image processing\idea 2\outputs\generalization_upgrade\02_external_bias_audit\normalized_external\real\71\23399171_1991-05-22_2009.jpg,0,71/23399171_1991-05-22_2009.jpg,real,external_normalized,deepfakeface_sd15/real/71/23399171_1991-05-22_2009.jpg,0.7789836525917053,0.4309690296649933,1,xception,external_test,source_video_disjoint_v1,lowpass_0.1,ffpp_validation_checkpoint,03cb9bba05b67e1478fb86a731857ba65f55a3db09e023035c9bcd9d442d8efc
214,C:\Users\Rohith Syam\Documents\UTS SEMESTER 3\image processing\idea 2\outputs\generalization_upgrade\02_external_bias_audit\normalized_external\real\71\2492371_1942-11-06_1965.jpg,0,71/2492371_1942-11-06_1965.jpg,real,external_normalized,deepfakeface_sd15/real/71/2492371_1942-11-06_1965.jpg,0.5236801505088806,0.4309690296649933,1,xception,external_test,source_video_disjoint_v1,lowpass_0.1,ffpp_validation_checkpoint,03cb9bba05b67e1478fb86a731857ba65f55a3db09e023035c9bcd9d442d8efc
215,C:\Users\Rohith Syam\Documents\UTS SEMESTER 3\image processing\idea 2\outputs\generalization_upgrade\02_external_bias_audit\normalized_external\real\71\25422271_1990-09-11_2014.jpg,0,71/25422271_1990-09-11_2014.jpg,real,external_normalized,deepfakeface_sd15/real/71/25422271_1990-09-11_2014.jpg,0.6767934560775757,0.4309690296649933,1,xception,external_test,source_video_disjoint_v1,lowpass_0.1,ffpp_validation_checkpoint,03cb9bba05b67e1478fb86a731857ba65f55a3db09e023035c9bcd9d442d8efc
216,C:\Users\Rohith Syam\Documents\UTS SEMESTER 3\image processing\idea 2\outputs\generalization_upgrade\02_external_bias_audit\normalized_external\real\71\27164771_1990-09-17_2009.jpg,0,71/27164771_1990-09-17_2009.jpg,real,external_normalized,deepfakeface_sd15/real/71/27164771_1990-09-17_2009.jpg,0.7603859305381775,0.4309690296649933,1,xception,external_test,source_video_disjoint_v1,lowpass_0.1,ffpp_validation_checkpoint,03cb9bba05b67e1478fb86a731857ba65f55a3db09e023035c9bcd9d442d8efc
217,C:\Users\Rohith Syam\Documents\UTS SEMESTER 3\image processing\idea 2\outputs\generalization_upgrade\02_external_bias_audit\normalized_external\real\71\27987171_1987-05-10_2013.jpg,0,71/27987171_1987-05-10_2013.jpg,real,external_normalized,deepfakeface_sd15/real/71/27987171_1987-05-10_2013.jpg,0.6133493781089783,0.4309690296649933,1,xception,external_test,source_video_disjoint_v1,lowpass_0.1,ffpp_validation_checkpoint,03cb9bba05b67e1478fb86a731857ba65f55a3db09e023035c9bcd9d442d8efc
218,C:\Users\Rohith Syam\Documents\UTS SEMESTER 3\image processing\idea 2\outputs\generalization_upgrade\02_external_bias_audit\normalized_external\real\71\29084271_1991-09-22_2014.jpg,0,71/29084271_1991-09-22_2014.jpg,real,external_normalized,deepfakeface_sd15/real/71/29084271_1991-09-22_2014.jpg,0.7467532157897949,0.4309690296649933,1,xception,external_test,source_video_disjoint_v1,lowpass_0.1,ffpp_validation_checkpoint,03cb9bba05b67e1478fb86a731857ba65f55a3db09e023035c9bcd9d442d8efc
219,C:\Users\Rohith Syam\Documents\UTS SEMESTER 3\image processing\idea 2\outputs\generalization_upgrade\02_external_bias_audit\normalized_external\real\71\30657971_1992-05-11_2014.jpg,0,71/30657971_1992-05-11_2014.jpg,real,external_normalized,deepfakeface_sd15/real/71/30657971_1992-05-11_2014.jpg,0.7724959850311279,0.4309690296649933,1,xception,external_test,source_video_disjoint_v1,lowpass_0.1,ffpp_validation_checkpoint,03cb9bba05b67e1478fb86a731857ba65f55a3db09e023035c9bcd9d442d8efc
220,C:\Users\Rohith Syam\Documents\UTS SEMESTER 3\image processing\idea 2\outputs\generalization_upgrade\02_external_bias_audit\normalized_external\real\71\31706371_1989-01-14_2011.jpg,0,71/31706371_1989-01-14_2011.jpg,real,external_normalized,deepfakeface_sd15/real/71/31706371_1989-01-14_2011.jpg,0.06616117060184479,0.4309690296649933,0,xception,external_test,source_video_disjoint_v1,lowpass_0.1,ffpp_validation_checkpoint,03cb9bba05b67e1478fb86a731857ba65f55a3db09e023035c9bcd9d442d8efc
221,C:\Users\Rohith Syam\Documents\UTS SEMESTER 3\image processing\idea 2\outputs\generalization_upgrade\02_external_bias_audit\normalized_external\real\71\33021371_1988-02-18_2013.jpg,0,71/33021371_1988-02-18_2013.jpg,real,external_normalized,deepfakeface_sd15/real/71/33021371_1988-02-18_2013.jpg,0.642189621925354,0.4309690296649933,1,xception,external_test,source_video_disjoint_v1,lowpass_0.1,ffpp_validation_checkpoint,03cb9bba05b67e1478fb86a731857ba65f55a3db09e023035c9bcd9d442d8efc
222,C:\Users\Rohith Syam\Documents\UTS SEMESTER 3\image processing\idea 2\outputs\generalization_upgrade\02_external_bias_audit\normalized_external\real\71\3312671_1985-08-02_2008.jpg,0,71/3312671_1985-08-02_2008.jpg,real,external_normalized,deepfakeface_sd15/real/71/3312671_1985-08-02_2008.jpg,0.7818999886512756,0.4309690296649933,1,xception,external_test,source_video_disjoint_v1,lowpass_0.1,ffpp_validation_checkpoint,03cb9bba05b67e1478fb86a731857ba65f55a3db09e023035c9bcd9d442d8efc
223,C:\Users\Rohith Syam\Documents\UTS SEMESTER 3\image processing\idea 2\outputs\generalization_upgrade\02_external_bias_audit\normalized_external\real\71\35188571_1983-09-18_2009.jpg,0,71/35188571_1983-09-18_2009.jpg,real,external_normalized,deepfakeface_sd15/real/71/35188571_1983-09-18_2009.jpg,0.4455079734325409,0.4309690296649933,1,xception,external_test,source_video_disjoint_v1,lowpass_0.1,ffpp_validation_checkpoint,03cb9bba05b67e1478fb86a731857ba65f55a3db09e023035c9bcd9d442d8efc
224,C:\Users\Rohith Syam\Documents\UTS SEMESTER 3\image processing\idea 2\outputs\generalization_upgrade\02_external_bias_audit\normalized_external\real\71\42650171_1946-12-10_2013.jpg,0,71/42650171_1946-12-10_2013.jpg,real,external_normalized,deepfakeface_sd15/real/71/42650171_1946-12-10_2013.jpg,0.5589523911476135,0.4309690296649933,1,xception,external_test,source_video_disjoint_v1,lowpass_0.1,ffpp_validation_checkpoint,03cb9bba05b67e1478fb86a731857ba65f55a3db09e023035c9bcd9d442d8efc
225,C:\Users\Rohith Syam\Documents\UTS SEMESTER 3\image processing\idea 2\outputs\generalization_upgrade\02_external_bias_audit\normalized_external\real\71\5081071_1925-11-13_1953.jpg,0,71/5081071_1925-11-13_1953.jpg,real,external_normalized,deepfakeface_sd15/real/71/5081071_1925-11-13_1953.jpg,0.19378718733787537,0.4309690296649933,0,xception,external_test,source_video_disjoint_v1,lowpass_0.1,ffpp_validation_checkpoint,03cb9bba05b67e1478fb86a731857ba65f55a3db09e023035c9bcd9d442d8efc
226,C:\Users\Rohith Syam\Documents\UTS SEMESTER 3\image processing\idea 2\outputs\generalization_upgrade\02_external_bias_audit\normalized_external\real\71\566471_1971-05-18_2011.jpg,0,71/566471_1971-05-18_2011.jpg,real,external_normalized,deepfakeface_sd15/real/71/566471_1971-05-18_2011.jpg,0.9069188237190247,0.4309690296649933,1,xception,external_test,source_video_disjoint_v1,lowpass_0.1,ffpp_validation_checkpoint,03cb9bba05b67e1478fb86a731857ba65f55a3db09e023035c9bcd9d442d8efc
227,C:\Users\Rohith Syam\Documents\UTS SEMESTER 3\image processing\idea 2\outputs\generalization_upgrade\02_external_bias_audit\normalized_external\real\71\703371_1918-03-12_1980.jpg,0,71/703371_1918-03-12_1980.jpg,real,external_normalized,deepfakeface_sd15/real/71/703371_1918-03-12_1980.jpg,0.08317099511623383,0.4309690296649933,0,xception,external_test,source_video_disjoint_v1,lowpass_0.1,ffpp_validation_checkpoint,03cb9bba05b67e1478fb86a731857ba65f55a3db09e023035c9bcd9d442d8efc
228,C:\Users\Rohith Syam\Documents\UTS SEMESTER 3\image processing\idea 2\outputs\generalization_upgrade\02_external_bias_audit\normalized_external\real\71\775271_1959-09-16_2011.jpg,0,71/775271_1959-09-16_2011.jpg,real,external_normalized,deepfakeface_sd15/real/71/775271_1959-09-16_2011.jpg,0.6737667322158813,0.4309690296649933,1,xception,external_test,source_video_disjoint_v1,lowpass_0.1,ffpp_validation_checkpoint,03cb9bba05b67e1478fb86a731857ba65f55a3db09e023035c9bcd9d442d8efc
229,C:\Users\Rohith Syam\Documents\UTS SEMESTER 3\image processing\idea 2\outputs\generalization_upgrade\02_external_bias_audit\normalized_external\real\71\8334671_1931-02-14_1966.jpg,0,71/8334671_1931-02-14_1966.jpg,real,external_normalized,deepfakeface_sd15/real/71/8334671_1931-02-14_1966.jpg,0.19554857909679413,0.4309690296649933,0,xception,external_test,source_video_disjoint_v1,lowpass_0.1,ffpp_validation_checkpoint,03cb9bba05b67e1478fb86a731857ba65f55a3db09e023035c9bcd9d442d8efc
230,C:\Users\Rohith Syam\Documents\UTS SEMESTER 3\image processing\idea 2\outputs\generalization_upgrade\02_external_bias_audit\normalized_external\real\71\9069371_1986-03-19_2013.jpg,0,71/9069371_1986-03-19_2013.jpg,real,external_normalized,deepfakeface_sd15/real/71/9069371_1986-03-19_2013.jpg,0.8855136632919312,0.4309690296649933,1,xception,external_test,source_video_disjoint_v1,lowpass_0.1,ffpp_validation_checkpoint,03cb9bba05b67e1478fb86a731857ba65f55a3db09e023035c9bcd9d442d8efc
231,C:\Users\Rohith Syam\Documents\UTS SEMESTER 3\image processing\idea 2\outputs\generalization_upgrade\02_external_bias_audit\normalized_external\real\71\967871_1972-12-15_2008.jpg,0,71/967871_1972-12-15_2008.jpg,real,external_normalized,deepfakeface_sd15/real/71/967871_1972-12-15_2008.jpg,0.3383304178714752,0.4309690296649933,0,xception,external_test,source_video_disjoint_v1,lowpass_0.1,ffpp_validation_checkpoint,03cb9bba05b67e1478fb86a731857ba65f55a3db09e023035c9bcd9d442d8efc
232,C:\Users\Rohith Syam\Documents\UTS SEMESTER 3\image processing\idea 2\outputs\generalization_upgrade\02_external_bias_audit\normalized_external\real\71\9845271_1955-09-16_2001.jpg,0,71/9845271_1955-09-16_2001.jpg,real,external_normalized,deepfakeface_sd15/real/71/9845271_1955-09-16_2001.jpg,0.6974579691886902,0.4309690296649933,1,xception,external_test,source_video_disjoint_v1,lowpass_0.1,ffpp_validation_checkpoint,03cb9bba05b67e1478fb86a731857ba65f55a3db09e023035c9bcd9d442d8efc
233,C:\Users\Rohith Syam\Documents\UTS SEMESTER 3\image processing\idea 2\outputs\generalization_upgrade\02_external_bias_audit\normalized_external\real\73\1013073_1978-05-24_2010.jpg,0,73/1013073_1978-05-24_2010.jpg,real,external_normalized,deepfakeface_sd15/real/73/1013073_1978-05-24_2010.jpg,0.6241616606712341,0.4309690296649933,1,xception,external_test,source_video_disjoint_v1,lowpass_0.1,ffpp_validation_checkpoint,03cb9bba05b67e1478fb86a731857ba65f55a3db09e023035c9bcd9d442d8efc
234,C:\Users\Rohith Syam\Documents\UTS SEMESTER 3\image processing\idea 2\outputs\generalization_upgrade\02_external_bias_audit\normalized_external\real\73\12464473_1935-03-06_1958.jpg,0,73/12464473_1935-03-06_1958.jpg,real,external_normalized,deepfakeface_sd15/real/73/12464473_1935-03-06_1958.jpg,0.31621941924095154,0.4309690296649933,0,xception,external_test,source_video_disjoint_v1,lowpass_0.1,ffpp_validation_checkpoint,03cb9bba05b67e1478fb86a731857ba65f55a3db09e023035c9bcd9d442d8efc
235,C:\Users\Rohith Syam\Documents\UTS SEMESTER 3\image processing\idea 2\outputs\generalization_upgrade\02_external_bias_audit\normalized_external\real\73\12786073_1984-05-18_2011.jpg,0,73/12786073_1984-05-18_2011.jpg,real,external_normalized,deepfakeface_sd15/real/73/12786073_1984-05-18_2011.jpg,0.7749806642532349,0.4309690296649933,1,xception,external_test,source_video_disjoint_v1,lowpass_0.1,ffpp_validation_checkpoint,03cb9bba05b67e1478fb86a731857ba65f55a3db09e023035c9bcd9d442d8efc
236,C:\Users\Rohith Syam\Documents\UTS SEMESTER 3\image processing\idea 2\outputs\generalization_upgrade\02_external_bias_audit\normalized_external\real\73\16855173_1937-10-21_2008.jpg,0,73/16855173_1937-10-21_2008.jpg,real,external_normalized,deepfakeface_sd15/real/73/16855173_1937-10-21_2008.jpg,0.6735133528709412,0.4309690296649933,1,xception,external_test,source_video_disjoint_v1,lowpass_0.1,ffpp_validation_checkpoint,03cb9bba05b67e1478fb86a731857ba65f55a3db09e023035c9bcd9d442d8efc
237,C:\Users\Rohith Syam\Documents\UTS SEMESTER 3\image processing\idea 2\outputs\generalization_upgrade\02_external_bias_audit\normalized_external\real\73\18933173_1984-05-13_2011.jpg,0,73/18933173_1984-05-13_2011.jpg,real,external_normalized,deepfakeface_sd15/real/73/18933173_1984-05-13_2011.jpg,0.44327715039253235,0.4309690296649933,1,xception,external_test,source_video_disjoint_v1,lowpass_0.1,ffpp_validation_checkpoint,03cb9bba05b67e1478fb86a731857ba65f55a3db09e023035c9bcd9d442d8efc
238,C:\Users\Rohith Syam\Documents\UTS SEMESTER 3\image processing\idea 2\outputs\generalization_upgrade\02_external_bias_audit\normalized_external\real\73\20989373_1938-09-15_1988.jpg,0,73/20989373_1938-09-15_1988.jpg,real,external_normalized,deepfakeface_sd15/real/73/20989373_1938-09-15_1988.jpg,0.5160427093505859,0.4309690296649933,1,xception,external_test,source_video_disjoint_v1,lowpass_0.1,ffpp_validation_checkpoint,03cb9bba05b67e1478fb86a731857ba65f55a3db09e023035c9bcd9d442d8efc
239,C:\Users\Rohith Syam\Documents\UTS SEMESTER 3\image processing\idea 2\outputs\generalization_upgrade\02_external_bias_audit\normalized_external\real\73\21741673_1995-03-01_2009.jpg,0,73/21741673_1995-03-01_2009.jpg,real,external_normalized,deepfakeface_sd15/real/73/21741673_1995-03-01_2009.jpg,0.32046976685523987,0.4309690296649933,0,xception,external_test,source_video_disjoint_v1,lowpass_0.1,ffpp_validation_checkpoint,03cb9bba05b67e1478fb86a731857ba65f55a3db09e023035c9bcd9d442d8efc
240,C:\Users\Rohith Syam\Documents\UTS SEMESTER 3\image processing\idea 2\outputs\generalization_upgrade\02_external_bias_audit\normalized_external\real\73\2210573_1958-04-04_2007.jpg,0,73/2210573_1958-04-04_2007.jpg,real,external_normalized,deepfakeface_sd15/real/73/2210573_1958-04-04_2007.jpg,0.6635732650756836,0.4309690296649933,1,xception,external_test,source_video_disjoint_v1,lowpass_0.1,ffpp_validation_checkpoint,03cb9bba05b67e1478fb86a731857ba65f55a3db09e023035c9bcd9d442d8efc
241,C:\Users\Rohith Syam\Documents\UTS SEMESTER 3\image processing\idea 2\outputs\generalization_upgrade\02_external_bias_audit\normalized_external\real\73\24079373_1979-07-15_2009.jpg,0,73/24079373_1979-07-15_2009.jpg,real,external_normalized,deepfakeface_sd15/real/73/24079373_1979-07-15_2009.jpg,0.6239655613899231,0.4309690296649933,1,xception,external_test,source_video_disjoint_v1,lowpass_0.1,ffpp_validation_checkpoint,03cb9bba05b67e1478fb86a731857ba65f55a3db09e023035c9bcd9d442d8efc
242,C:\Users\Rohith Syam\Documents\UTS SEMESTER 3\image processing\idea 2\outputs\generalization_upgrade\02_external_bias_audit\normalized_external\real\73\25286273_1990-11-02_2013.jpg,0,73/25286273_1990-11-02_2013.jpg,real,external_normalized,deepfakeface_sd15/real/73/25286273_1990-11-02_2013.jpg,0.8107625246047974,0.4309690296649933,1,xception,external_test,source_video_disjoint_v1,lowpass_0.1,ffpp_validation_checkpoint,03cb9bba05b67e1478fb86a731857ba65f55a3db09e023035c9bcd9d442d8efc
243,C:\Users\Rohith Syam\Documents\UTS SEMESTER 3\image processing\idea 2\outputs\generalization_upgrade\02_external_bias_audit\normalized_external\real\73\27347573_1992-06-02_2010.jpg,0,73/27347573_1992-06-02_2010.jpg,real,external_normalized,deepfakeface_sd15/real/73/27347573_1992-06-02_2010.jpg,0.5008478164672852,0.4309690296649933,1,xception,external_test,source_video_disjoint_v1,lowpass_0.1,ffpp_validation_checkpoint,03cb9bba05b67e1478fb86a731857ba65f55a3db09e023035c9bcd9d442d8efc
244,C:\Users\Rohith Syam\Documents\UTS SEMESTER 3\image processing\idea 2\outputs\generalization_upgrade\02_external_bias_audit\normalized_external\real\73\3365773_1949-06-24_1985.jpg,0,73/3365773_1949-06-24_1985.jpg,real,external_normalized,deepfakeface_sd15/real/73/3365773_1949-06-24_1985.jpg,0.06910346448421478,0.4309690296649933,0,xception,external_test,source_video_disjoint_v1,lowpass_0.1,ffpp_validation_checkpoint,03cb9bba05b67e1478fb86a731857ba65f55a3db09e023035c9bcd9d442d8efc
245,C:\Users\Rohith Syam\Documents\UTS SEMESTER 3\image processing\idea 2\outputs\generalization_upgrade\02_external_bias_audit\normalized_external\real\73\34239373_1994-11-30_2014.jpg,0,73/34239373_1994-11-30_2014.jpg,real,external_normalized,deepfakeface_sd15/real/73/34239373_1994-11-30_2014.jpg,0.3800107538700104,0.4309690296649933,0,xception,external_test,source_video_disjoint_v1,lowpass_0.1,ffpp_validation_checkpoint,03cb9bba05b67e1478fb86a731857ba65f55a3db09e023035c9bcd9d442d8efc
246,C:\Users\Rohith Syam\Documents\UTS SEMESTER 3\image processing\idea 2\outputs\generalization_upgrade\02_external_bias_audit\normalized_external\real\73\3517073_1984-09-10_2011.jpg,0,73/3517073_1984-09-10_2011.jpg,real,external_normalized,deepfakeface_sd15/real/73/3517073_1984-09-10_2011.jpg,0.1717250496149063,0.4309690296649933,0,xception,external_test,source_video_disjoint_v1,lowpass_0.1,ffpp_validation_checkpoint,03cb9bba05b67e1478fb86a731857ba65f55a3db09e023035c9bcd9d442d8efc
247,C:\Users\Rohith Syam\Documents\UTS SEMESTER 3\image processing\idea 2\outputs\generalization_upgrade\02_external_bias_audit\normalized_external\real\73\36499973_1985-09-06_2011.jpg,0,73/36499973_1985-09-06_2011.jpg,real,external_normalized,deepfakeface_sd15/real/73/36499973_1985-09-06_2011.jpg,0.6806384921073914,0.4309690296649933,1,xception,external_test,source_video_disjoint_v1,lowpass_0.1,ffpp_validation_checkpoint,03cb9bba05b67e1478fb86a731857ba65f55a3db09e023035c9bcd9d442d8efc
248,C:\Users\Rohith Syam\Documents\UTS SEMESTER 3\image processing\idea 2\outputs\generalization_upgrade\02_external_bias_audit\normalized_external\real\73\37985373_1988-12-05_2014.jpg,0,73/37985373_1988-12-05_2014.jpg,real,external_normalized,deepfakeface_sd15/real/73/37985373_1988-12-05_2014.jpg,0.2629728317260742,0.4309690296649933,0,xception,external_test,source_video_disjoint_v1,lowpass_0.1,ffpp_validation_checkpoint,03cb9bba05b67e1478fb86a731857ba65f55a3db09e023035c9bcd9d442d8efc
249,C:\Users\Rohith Syam\Documents\UTS SEMESTER 3\image processing\idea 2\outputs\generalization_upgrade\02_external_bias_audit\normalized_external\real\73\38089073_1988-06-26_2014.jpg,0,73/38089073_1988-06-26_2014.jpg,real,external_normalized,deepfakeface_sd15/real/73/38089073_1988-06-26_2014.jpg,0.8426557779312134,0.4309690296649933,1,xception,external_test,source_video_disjoint_v1,lowpass_0.1,ffpp_validation_checkpoint,03cb9bba05b67e1478fb86a731857ba65f55a3db09e023035c9bcd9d442d8efc
250,C:\Users\Rohith Syam\Documents\UTS SEMESTER 3\image processing\idea 2\outputs\generalization_upgrade\02_external_bias_audit\normalized_external\real\73\41639973_1876-12-25_1940.jpg,0,73/41639973_1876-12-25_1940.jpg,real,external_normalized,deepfakeface_sd15/real/73/41639973_1876-12-25_1940.jpg,0.24820038676261902,0.4309690296649933,0,xception,external_test,source_video_disjoint_v1,lowpass_0.1,ffpp_validation_checkpoint,03cb9bba05b67e1478fb86a731857ba65f55a3db09e023035c9bcd9d442d8efc
251,C:\Users\Rohith Syam\Documents\UTS SEMESTER 3\image processing\idea 2\outputs\generalization_upgrade\02_external_bias_audit\normalized_external\real\73\46452873_1906-12-20_1945.jpg,0,73/46452873_1906-12-20_1945.jpg,real,external_normalized,deepfakeface_sd15/real/73/46452873_1906-12-20_1945.jpg,0.4434617757797241,0.4309690296649933,1,xception,external_test,source_video_disjoint_v1,lowpass_0.1,ffpp_validation_checkpoint,03cb9bba05b67e1478fb86a731857ba65f55a3db09e023035c9bcd9d442d8efc
252,C:\Users\Rohith Syam\Documents\UTS SEMESTER 3\image processing\idea 2\outputs\generalization_upgrade\02_external_bias_audit\normalized_external\real\73\479273_1985-12-08_2014.jpg,0,73/479273_1985-12-08_2014.jpg,real,external_normalized,deepfakeface_sd15/real/73/479273_1985-12-08_2014.jpg,0.49287012219429016,0.4309690296649933,1,xception,external_test,source_video_disjoint_v1,lowpass_0.1,ffpp_validation_checkpoint,03cb9bba05b67e1478fb86a731857ba65f55a3db09e023035c9bcd9d442d8efc
253,C:\Users\Rohith Syam\Documents\UTS SEMESTER 3\image processing\idea 2\outputs\generalization_upgrade\02_external_bias_audit\normalized_external\real\73\502973_1958-03-25_2012.jpg,0,73/502973_1958-03-25_2012.jpg,real,external_normalized,deepfakeface_sd15/real/73/502973_1958-03-25_2012.jpg,0.4478031098842621,0.4309690296649933,1,xception,external_test,source_video_disjoint_v1,lowpass_0.1,ffpp_validation_checkpoint,03cb9bba05b67e1478fb86a731857ba65f55a3db09e023035c9bcd9d442d8efc
254,C:\Users\Rohith Syam\Documents\UTS SEMESTER 3\image processing\idea 2\outputs\generalization_upgrade\02_external_bias_audit\normalized_external\real\73\5332173_1935-09-06_2008.jpg,0,73/5332173_1935-09-06_2008.jpg,real,external_normalized,deepfakeface_sd15/real/73/5332173_1935-09-06_2008.jpg,0.903963029384613,0.4309690296649933,1,xception,external_test,source_video_disjoint_v1,lowpass_0.1,ffpp_validation_checkpoint,03cb9bba05b67e1478fb86a731857ba65f55a3db09e023035c9bcd9d442d8efc
255,C:\Users\Rohith Syam\Documents\UTS SEMESTER 3\image processing\idea 2\outputs\generalization_upgrade\02_external_bias_audit\normalized_external\real\73\666973_1960-09-19_2005.jpg,0,73/666973_1960-09-19_2005.jpg,real,external_normalized,deepfakeface_sd15/real/73/666973_1960-09-19_2005.jpg,0.9254641532897949,0.4309690296649933,1,xception,external_test,source_video_disjoint_v1,lowpass_0.1,ffpp_validation_checkpoint,03cb9bba05b67e1478fb86a731857ba65f55a3db09e023035c9bcd9d442d8efc
256,C:\Users\Rohith Syam\Documents\UTS SEMESTER 3\image processing\idea 2\outputs\generalization_upgrade\02_external_bias_audit\normalized_external\real\73\9311273_1979-08-24_2010.jpg,0,73/9311273_1979-08-24_2010.jpg,real,external_normalized,deepfakeface_sd15/real/73/9311273_1979-08-24_2010.jpg,0.5230721235275269,0.4309690296649933,1,xception,external_test,source_video_disjoint_v1,lowpass_0.1,ffpp_validation_checkpoint,03cb9bba05b67e1478fb86a731857ba65f55a3db09e023035c9bcd9d442d8efc
257,C:\Users\Rohith Syam\Documents\UTS SEMESTER 3\image processing\idea 2\outputs\generalization_upgrade\02_external_bias_audit\normalized_external\real\80\2798180_1985-12-19_2014.jpg,0,80/2798180_1985-12-19_2014.jpg,real,external_normalized,deepfakeface_sd15/real/80/2798180_1985-12-19_2014.jpg,0.10780704021453857,0.4309690296649933,0,xception,external_test,source_video_disjoint_v1,lowpass_0.1,ffpp_validation_checkpoint,03cb9bba05b67e1478fb86a731857ba65f55a3db09e023035c9bcd9d442d8efc
258,C:\Users\Rohith Syam\Documents\UTS SEMESTER 3\image processing\idea 2\outputs\generalization_upgrade\02_external_bias_audit\normalized_external\real\80\6049880_1985-02-26_2013.jpg,0,80/6049880_1985-02-26_2013.jpg,real,external_normalized,deepfakeface_sd15/real/80/6049880_1985-02-26_2013.jpg,0.7523912787437439,0.4309690296649933,1,xception,external_test,source_video_disjoint_v1,lowpass_0.1,ffpp_validation_checkpoint,03cb9bba05b67e1478fb86a731857ba65f55a3db09e023035c9bcd9d442d8efc
259,C:\Users\Rohith Syam\Documents\UTS SEMESTER 3\image processing\idea 2\outputs\generalization_upgrade\02_external_bias_audit\normalized_external\real\80\9076080_1971-09-21_2011.jpg,0,80/9076080_1971-09-21_2011.jpg,real,external_normalized,deepfakeface_sd15/real/80/9076080_1971-09-21_2011.jpg,0.20641928911209106,0.4309690296649933,0,xception,external_test,source_video_disjoint_v1,lowpass_0.1,ffpp_validation_checkpoint,03cb9bba05b67e1478fb86a731857ba65f55a3db09e023035c9bcd9d442d8efc
260,C:\Users\Rohith Syam\Documents\UTS SEMESTER 3\image processing\idea 2\outputs\generalization_upgrade\02_external_bias_audit\normalized_external\real\98\10760998_1937-01-14_1968.jpg,0,98/10760998_1937-01-14_1968.jpg,real,external_normalized,deepfakeface_sd15/real/98/10760998_1937-01-14_1968.jpg,0.2975720167160034,0.4309690296649933,0,xception,external_test,source_video_disjoint_v1,lowpass_0.1,ffpp_validation_checkpoint,03cb9bba05b67e1478fb86a731857ba65f55a3db09e023035c9bcd9d442d8efc
261,C:\Users\Rohith Syam\Documents\UTS SEMESTER 3\image processing\idea 2\outputs\generalization_upgrade\02_external_bias_audit\normalized_external\real\98\13664298_1989-04-27_2014.jpg,0,98/13664298_1989-04-27_2014.jpg,real,external_normalized,deepfakeface_sd15/real/98/13664298_1989-04-27_2014.jpg,0.2815001606941223,0.4309690296649933,0,xception,external_test,source_video_disjoint_v1,lowpass_0.1,ffpp_validation_checkpoint,03cb9bba05b67e1478fb86a731857ba65f55a3db09e023035c9bcd9d442d8efc
262,C:\Users\Rohith Syam\Documents\UTS SEMESTER 3\image processing\idea 2\outputs\generalization_upgrade\02_external_bias_audit\normalized_external\real\98\14073598_1892-03-06_1943.jpg,0,98/14073598_1892-03-06_1943.jpg,real,external_normalized,deepfakeface_sd15/real/98/14073598_1892-03-06_1943.jpg,0.6819705367088318,0.4309690296649933,1,xception,external_test,source_video_disjoint_v1,lowpass_0.1,ffpp_validation_checkpoint,03cb9bba05b67e1478fb86a731857ba65f55a3db09e023035c9bcd9d442d8efc
263,C:\Users\Rohith Syam\Documents\UTS SEMESTER 3\image processing\idea 2\outputs\generalization_upgrade\02_external_bias_audit\normalized_external\real\98\142698_1939-09-01_2014.jpg,0,98/142698_1939-09-01_2014.jpg,real,external_normalized,deepfakeface_sd15/real/98/142698_1939-09-01_2014.jpg,0.5841851830482483,0.4309690296649933,1,xception,external_test,source_video_disjoint_v1,lowpass_0.1,ffpp_validation_checkpoint,03cb9bba05b67e1478fb86a731857ba65f55a3db09e023035c9bcd9d442d8efc
264,C:\Users\Rohith Syam\Documents\UTS SEMESTER 3\image processing\idea 2\outputs\generalization_upgrade\02_external_bias_audit\normalized_external\real\98\15230998_1983-01-10_2007.jpg,0,98/15230998_1983-01-10_2007.jpg,real,external_normalized,deepfakeface_sd15/real/98/15230998_1983-01-10_2007.jpg,0.6346468329429626,0.4309690296649933,1,xception,external_test,source_video_disjoint_v1,lowpass_0.1,ffpp_validation_checkpoint,03cb9bba05b67e1478fb86a731857ba65f55a3db09e023035c9bcd9d442d8efc
265,C:\Users\Rohith Syam\Documents\UTS SEMESTER 3\image processing\idea 2\outputs\generalization_upgrade\02_external_bias_audit\normalized_external\real\98\176998_1933-08-16_1965.jpg,0,98/176998_1933-08-16_1965.jpg,real,external_normalized,deepfakeface_sd15/real/98/176998_1933-08-16_1965.jpg,0.1502930223941803,0.4309690296649933,0,xception,external_test,source_video_disjoint_v1,lowpass_0.1,ffpp_validation_checkpoint,03cb9bba05b67e1478fb86a731857ba65f55a3db09e023035c9bcd9d442d8efc
266,C:\Users\Rohith Syam\Documents\UTS SEMESTER 3\image processing\idea 2\outputs\generalization_upgrade\02_external_bias_audit\normalized_external\real\98\22298398_1962-09-19_2011.jpg,0,98/22298398_1962-09-19_2011.jpg,real,external_normalized,deepfakeface_sd15/real/98/22298398_1962-09-19_2011.jpg,0.6906808614730835,0.4309690296649933,1,xception,external_test,source_video_disjoint_v1,lowpass_0.1,ffpp_validation_checkpoint,03cb9bba05b67e1478fb86a731857ba65f55a3db09e023035c9bcd9d442d8efc
267,C:\Users\Rohith Syam\Documents\UTS SEMESTER 3\image processing\idea 2\outputs\generalization_upgrade\02_external_bias_audit\normalized_external\real\98\23428298_1982-12-22_2009.jpg,0,98/23428298_1982-12-22_2009.jpg,real,external_normalized,deepfakeface_sd15/real/98/23428298_1982-12-22_2009.jpg,0.7351943254470825,0.4309690296649933,1,xception,external_test,source_video_disjoint_v1,lowpass_0.1,ffpp_validation_checkpoint,03cb9bba05b67e1478fb86a731857ba65f55a3db09e023035c9bcd9d442d8efc
268,C:\Users\Rohith Syam\Documents\UTS SEMESTER 3\image processing\idea 2\outputs\generalization_upgrade\02_external_bias_audit\normalized_external\real\98\23560198_1992-06-20_2014.jpg,0,98/23560198_1992-06-20_2014.jpg,real,external_normalized,deepfakeface_sd15/real/98/23560198_1992-06-20_2014.jpg,0.20371177792549133,0.4309690296649933,0,xception,external_test,source_video_disjoint_v1,lowpass_0.1,ffpp_validation_checkpoint,03cb9bba05b67e1478fb86a731857ba65f55a3db09e023035c9bcd9d442d8efc
269,C:\Users\Rohith Syam\Documents\UTS SEMESTER 3\image processing\idea 2\outputs\generalization_upgrade\02_external_bias_audit\normalized_external\real\98\25616698_1980-08-12_2012.jpg,0,98/25616698_1980-08-12_2012.jpg,real,external_normalized,deepfakeface_sd15/real/98/25616698_1980-08-12_2012.jpg,0.691888689994812,0.4309690296649933,1,xception,external_test,source_video_disjoint_v1,lowpass_0.1,ffpp_validation_checkpoint,03cb9bba05b67e1478fb86a731857ba65f55a3db09e023035c9bcd9d442d8efc
270,C:\Users\Rohith Syam\Documents\UTS SEMESTER 3\image processing\idea 2\outputs\generalization_upgrade\02_external_bias_audit\normalized_external\real\98\25980298_1980-07-05_2013.jpg,0,98/25980298_1980-07-05_2013.jpg,real,external_normalized,deepfakeface_sd15/real/98/25980298_1980-07-05_2013.jpg,0.6837934255599976,0.4309690296649933,1,xception,external_test,source_video_disjoint_v1,lowpass_0.1,ffpp_validation_checkpoint,03cb9bba05b67e1478fb86a731857ba65f55a3db09e023035c9bcd9d442d8efc
271,C:\Users\Rohith Syam\Documents\UTS SEMESTER 3\image processing\idea 2\outputs\generalization_upgrade\02_external_bias_audit\normalized_external\real\98\2705698_1958-12-06_2007.jpg,0,98/2705698_1958-12-06_2007.jpg,real,external_normalized,deepfakeface_sd15/real/98/2705698_1958-12-06_2007.jpg,0.6617553234100342,0.4309690296649933,1,xception,external_test,source_video_disjoint_v1,lowpass_0.1,ffpp_validation_checkpoint,03cb9bba05b67e1478fb86a731857ba65f55a3db09e023035c9bcd9d442d8efc
272,C:\Users\Rohith Syam\Documents\UTS SEMESTER 3\image processing\idea 2\outputs\generalization_upgrade\02_external_bias_audit\normalized_external\real\98\27687598_1957-10-28_2009.jpg,0,98/27687598_1957-10-28_2009.jpg,real,external_normalized,deepfakeface_sd15/real/98/27687598_1957-10-28_2009.jpg,0.7170838713645935,0.4309690296649933,1,xception,external_test,source_video_disjoint_v1,lowpass_0.1,ffpp_validation_checkpoint,03cb9bba05b67e1478fb86a731857ba65f55a3db09e023035c9bcd9d442d8efc
273,C:\Users\Rohith Syam\Documents\UTS SEMESTER 3\image processing\idea 2\outputs\generalization_upgrade\02_external_bias_audit\normalized_external\real\98\30789098_1986-05-13_2012.jpg,0,98/30789098_1986-05-13_2012.jpg,real,external_normalized,deepfakeface_sd15/real/98/30789098_1986-05-13_2012.jpg,0.29170745611190796,0.4309690296649933,0,xception,external_test,source_video_disjoint_v1,lowpass_0.1,ffpp_validation_checkpoint,03cb9bba05b67e1478fb86a731857ba65f55a3db09e023035c9bcd9d442d8efc
274,C:\Users\Rohith Syam\Documents\UTS SEMESTER 3\image processing\idea 2\outputs\generalization_upgrade\02_external_bias_audit\normalized_external\real\98\32664798_1990-03-03_2014.jpg,0,98/32664798_1990-03-03_2014.jpg,real,external_normalized,deepfakeface_sd15/real/98/32664798_1990-03-03_2014.jpg,0.30534109473228455,0.4309690296649933,0,xception,external_test,source_video_disjoint_v1,lowpass_0.1,ffpp_validation_checkpoint,03cb9bba05b67e1478fb86a731857ba65f55a3db09e023035c9bcd9d442d8efc
275,C:\Users\Rohith Syam\Documents\UTS SEMESTER 3\image processing\idea 2\outputs\generalization_upgrade\02_external_bias_audit\normalized_external\real\98\3604398_1981-06-16_2012.jpg,0,98/3604398_1981-06-16_2012.jpg,real,external_normalized,deepfakeface_sd15/real/98/3604398_1981-06-16_2012.jpg,0.5120663046836853,0.4309690296649933,1,xception,external_test,source_video_disjoint_v1,lowpass_0.1,ffpp_validation_checkpoint,03cb9bba05b67e1478fb86a731857ba65f55a3db09e023035c9bcd9d442d8efc
276,C:\Users\Rohith Syam\Documents\UTS SEMESTER 3\image processing\idea 2\outputs\generalization_upgrade\02_external_bias_audit\normalized_external\real\98\40219898_1975-03-11_2013.jpg,0,98/40219898_1975-03-11_2013.jpg,real,external_normalized,deepfakeface_sd15/real/98/40219898_1975-03-11_2013.jpg,0.4686407744884491,0.4309690296649933,1,xception,external_test,source_video_disjoint_v1,lowpass_0.1,ffpp_validation_checkpoint,03cb9bba05b67e1478fb86a731857ba65f55a3db09e023035c9bcd9d442d8efc
277,C:\Users\Rohith Syam\Documents\UTS SEMESTER 3\image processing\idea 2\outputs\generalization_upgrade\02_external_bias_audit\normalized_external\real\98\40883698_1972-01-26_2014.jpg,0,98/40883698_1972-01-26_2014.jpg,real,external_normalized,deepfakeface_sd15/real/98/40883698_1972-01-26_2014.jpg,0.5053116083145142,0.4309690296649933,1,xception,external_test,source_video_disjoint_v1,lowpass_0.1,ffpp_validation_checkpoint,03cb9bba05b67e1478fb86a731857ba65f55a3db09e023035c9bcd9d442d8efc
278,C:\Users\Rohith Syam\Documents\UTS SEMESTER 3\image processing\idea 2\outputs\generalization_upgrade\02_external_bias_audit\normalized_external\real\98\4276598_1950-10-14_1975.jpg,0,98/4276598_1950-10-14_1975.jpg,real,external_normalized,deepfakeface_sd15/real/98/4276598_1950-10-14_1975.jpg,0.5225708484649658,0.4309690296649933,1,xception,external_test,source_video_disjoint_v1,lowpass_0.1,ffpp_validation_checkpoint,03cb9bba05b67e1478fb86a731857ba65f55a3db09e023035c9bcd9d442d8efc
279,C:\Users\Rohith Syam\Documents\UTS SEMESTER 3\image processing\idea 2\outputs\generalization_upgrade\02_external_bias_audit\normalized_external\real\98\45298998_1988-08-17_2012.jpg,0,98/45298998_1988-08-17_2012.jpg,real,external_normalized,deepfakeface_sd15/real/98/45298998_1988-08-17_2012.jpg,0.5119109153747559,0.4309690296649933,1,xception,external_test,source_video_disjoint_v1,lowpass_0.1,ffpp_validation_checkpoint,03cb9bba05b67e1478fb86a731857ba65f55a3db09e023035c9bcd9d442d8efc
280,C:\Users\Rohith Syam\Documents\UTS SEMESTER 3\image processing\idea 2\outputs\generalization_upgrade\02_external_bias_audit\normalized_external\real\98\4691798_1977-09-15_2005.jpg,0,98/4691798_1977-09-15_2005.jpg,real,external_normalized,deepfakeface_sd15/real/98/4691798_1977-09-15_2005.jpg,0.44846558570861816,0.4309690296649933,1,xception,external_test,source_video_disjoint_v1,lowpass_0.1,ffpp_validation_checkpoint,03cb9bba05b67e1478fb86a731857ba65f55a3db09e023035c9bcd9d442d8efc
281,C:\Users\Rohith Syam\Documents\UTS SEMESTER 3\image processing\idea 2\outputs\generalization_upgrade\02_external_bias_audit\normalized_external\real\98\46974698_1942-02-22_1968.jpg,0,98/46974698_1942-02-22_1968.jpg,real,external_normalized,deepfakeface_sd15/real/98/46974698_1942-02-22_1968.jpg,0.5816543698310852,0.4309690296649933,1,xception,external_test,source_video_disjoint_v1,lowpass_0.1,ffpp_validation_checkpoint,03cb9bba05b67e1478fb86a731857ba65f55a3db09e023035c9bcd9d442d8efc
282,C:\Users\Rohith Syam\Documents\UTS SEMESTER 3\image processing\idea 2\outputs\generalization_upgrade\02_external_bias_audit\normalized_external\real\98\577798_1933-12-08_1969.jpg,0,98/577798_1933-12-08_1969.jpg,real,external_normalized,deepfakeface_sd15/real/98/577798_1933-12-08_1969.jpg,0.18297713994979858,0.4309690296649933,0,xception,external_test,source_video_disjoint_v1,lowpass_0.1,ffpp_validation_checkpoint,03cb9bba05b67e1478fb86a731857ba65f55a3db09e023035c9bcd9d442d8efc
283,C:\Users\Rohith Syam\Documents\UTS SEMESTER 3\image processing\idea 2\outputs\generalization_upgrade\02_external_bias_audit\normalized_external\real\98\591698_1968-01-15_2000.jpg,0,98/591698_1968-01-15_2000.jpg,real,external_normalized,deepfakeface_sd15/real/98/591698_1968-01-15_2000.jpg,0.7585663199424744,0.4309690296649933,1,xception,external_test,source_video_disjoint_v1,lowpass_0.1,ffpp_validation_checkpoint,03cb9bba05b67e1478fb86a731857ba65f55a3db09e023035c9bcd9d442d8efc
284,C:\Users\Rohith Syam\Documents\UTS SEMESTER 3\image processing\idea 2\outputs\generalization_upgrade\02_external_bias_audit\normalized_external\real\98\609598_1929-11-08_2007.jpg,0,98/609598_1929-11-08_2007.jpg,real,external_normalized,deepfakeface_sd15/real/98/609598_1929-11-08_2007.jpg,0.593314528465271,0.4309690296649933,1,xception,external_test,source_video_disjoint_v1,lowpass_0.1,ffpp_validation_checkpoint,03cb9bba05b67e1478fb86a731857ba65f55a3db09e023035c9bcd9d442d8efc
285,C:\Users\Rohith Syam\Documents\UTS SEMESTER 3\image processing\idea 2\outputs\generalization_upgrade\02_external_bias_audit\normalized_external\real\98\6548698_1964-02-27_2010.jpg,0,98/6548698_1964-02-27_2010.jpg,real,external_normalized,deepfakeface_sd15/real/98/6548698_1964-02-27_2010.jpg,0.6883897185325623,0.4309690296649933,1,xception,external_test,source_video_disjoint_v1,lowpass_0.1,ffpp_validation_checkpoint,03cb9bba05b67e1478fb86a731857ba65f55a3db09e023035c9bcd9d442d8efc
286,C:\Users\Rohith Syam\Documents\UTS SEMESTER 3\image processing\idea 2\outputs\generalization_upgrade\02_external_bias_audit\normalized_external\real\98\670098_1974-07-29_2009.jpg,0,98/670098_1974-07-29_2009.jpg,real,external_normalized,deepfakeface_sd15/real/98/670098_1974-07-29_2009.jpg,0.21652692556381226,0.4309690296649933,0,xception,external_test,source_video_disjoint_v1,lowpass_0.1,ffpp_validation_checkpoint,03cb9bba05b67e1478fb86a731857ba65f55a3db09e023035c9bcd9d442d8efc
287,C:\Users\Rohith Syam\Documents\UTS SEMESTER 3\image processing\idea 2\outputs\generalization_upgrade\02_external_bias_audit\normalized_external\real\98\6808898_1936-01-17_2012.jpg,0,98/6808898_1936-01-17_2012.jpg,real,external_normalized,deepfakeface_sd15/real/98/6808898_1936-01-17_2012.jpg,0.576869010925293,0.4309690296649933,1,xception,external_test,source_video_disjoint_v1,lowpass_0.1,ffpp_validation_checkpoint,03cb9bba05b67e1478fb86a731857ba65f55a3db09e023035c9bcd9d442d8efc
288,C:\Users\Rohith Syam\Documents\UTS SEMESTER 3\image processing\idea 2\outputs\generalization_upgrade\02_external_bias_audit\normalized_external\fake\00\12596800_1920-10-18_1955.jpg,1,00/12596800_1920-10-18_1955.jpg,StableDiffusion_v1_5,external_normalized,deepfakeface_sd15/fake/00/12596800_1920-10-18_1955.jpg,0.5447757840156555,0.4309690296649933,1,xception,external_test,source_video_disjoint_v1,lowpass_0.1,ffpp_validation_checkpoint,03cb9bba05b67e1478fb86a731857ba65f55a3db09e023035c9bcd9d442d8efc
289,C:\Users\Rohith Syam\Documents\UTS SEMESTER 3\image processing\idea 2\outputs\generalization_upgrade\02_external_bias_audit\normalized_external\fake\00\15550600_1973-11-01_2000.jpg,1,00/15550600_1973-11-01_2000.jpg,StableDiffusion_v1_5,external_normalized,deepfakeface_sd15/fake/00/15550600_1973-11-01_2000.jpg,0.5841427445411682,0.4309690296649933,1,xception,external_test,source_video_disjoint_v1,lowpass_0.1,ffpp_validation_checkpoint,03cb9bba05b67e1478fb86a731857ba65f55a3db09e023035c9bcd9d442d8efc
290,C:\Users\Rohith Syam\Documents\UTS SEMESTER 3\image processing\idea 2\outputs\generalization_upgrade\02_external_bias_audit\normalized_external\fake\00\18407100_1917-10-18_1958.jpg,1,00/18407100_1917-10-18_1958.jpg,StableDiffusion_v1_5,external_normalized,deepfakeface_sd15/fake/00/18407100_1917-10-18_1958.jpg,0.625838577747345,0.4309690296649933,1,xception,external_test,source_video_disjoint_v1,lowpass_0.1,ffpp_validation_checkpoint,03cb9bba05b67e1478fb86a731857ba65f55a3db09e023035c9bcd9d442d8efc
291,C:\Users\Rohith Syam\Documents\UTS SEMESTER 3\image processing\idea 2\outputs\generalization_upgrade\02_external_bias_audit\normalized_external\fake\00\23804200_1950-03-31_2013.jpg,1,00/23804200_1950-03-31_2013.jpg,StableDiffusion_v1_5,external_normalized,deepfakeface_sd15/fake/00/23804200_1950-03-31_2013.jpg,0.693004310131073,0.4309690296649933,1,xception,external_test,source_video_disjoint_v1,lowpass_0.1,ffpp_validation_checkpoint,03cb9bba05b67e1478fb86a731857ba65f55a3db09e023035c9bcd9d442d8efc
292,C:\Users\Rohith Syam\Documents\UTS SEMESTER 3\image processing\idea 2\outputs\generalization_upgrade\02_external_bias_audit\normalized_external\fake\00\2540500_1970-10-10_2008.jpg,1,00/2540500_1970-10-10_2008.jpg,StableDiffusion_v1_5,external_normalized,deepfakeface_sd15/fake/00/2540500_1970-10-10_2008.jpg,0.5442862510681152,0.4309690296649933,1,xception,external_test,source_video_disjoint_v1,lowpass_0.1,ffpp_validation_checkpoint,03cb9bba05b67e1478fb86a731857ba65f55a3db09e023035c9bcd9d442d8efc
293,C:\Users\Rohith Syam\Documents\UTS SEMESTER 3\image processing\idea 2\outputs\generalization_upgrade\02_external_bias_audit\normalized_external\fake\00\2669900_1933-07-29_1968.jpg,1,00/2669900_1933-07-29_1968.jpg,StableDiffusion_v1_5,external_normalized,deepfakeface_sd15/fake/00/2669900_1933-07-29_1968.jpg,0.8385685682296753,0.4309690296649933,1,xception,external_test,source_video_disjoint_v1,lowpass_0.1,ffpp_validation_checkpoint,03cb9bba05b67e1478fb86a731857ba65f55a3db09e023035c9bcd9d442d8efc
294,C:\Users\Rohith Syam\Documents\UTS SEMESTER 3\image processing\idea 2\outputs\generalization_upgrade\02_external_bias_audit\normalized_external\fake\00\26771200_1988-08-13_2009.jpg,1,00/26771200_1988-08-13_2009.jpg,StableDiffusion_v1_5,external_normalized,deepfakeface_sd15/fake/00/26771200_1988-08-13_2009.jpg,0.8447057604789734,0.4309690296649933,1,xception,external_test,source_video_disjoint_v1,lowpass_0.1,ffpp_validation_checkpoint,03cb9bba05b67e1478fb86a731857ba65f55a3db09e023035c9bcd9d442d8efc
295,C:\Users\Rohith Syam\Documents\UTS SEMESTER 3\image processing\idea 2\outputs\generalization_upgrade\02_external_bias_audit\normalized_external\fake\00\2690900_1963-03-12_2010.jpg,1,00/2690900_1963-03-12_2010.jpg,StableDiffusion_v1_5,external_normalized,deepfakeface_sd15/fake/00/2690900_1963-03-12_2010.jpg,0.6734020709991455,0.4309690296649933,1,xception,external_test,source_video_disjoint_v1,lowpass_0.1,ffpp_validation_checkpoint,03cb9bba05b67e1478fb86a731857ba65f55a3db09e023035c9bcd9d442d8efc
296,C:\Users\Rohith Syam\Documents\UTS SEMESTER 3\image processing\idea 2\outputs\generalization_upgrade\02_external_bias_audit\normalized_external\fake\00\28476500_1938-06-12_1959.jpg,1,00/28476500_1938-06-12_1959.jpg,StableDiffusion_v1_5,external_normalized,deepfakeface_sd15/fake/00/28476500_1938-06-12_1959.jpg,0.8524218201637268,0.4309690296649933,1,xception,external_test,source_video_disjoint_v1,lowpass_0.1,ffpp_validation_checkpoint,03cb9bba05b67e1478fb86a731857ba65f55a3db09e023035c9bcd9d442d8efc
297,C:\Users\Rohith Syam\Documents\UTS SEMESTER 3\image processing\idea 2\outputs\generalization_upgrade\02_external_bias_audit\normalized_external\fake\00\28886000_1928-01-17_2009.jpg,1,00/28886000_1928-01-17_2009.jpg,StableDiffusion_v1_5,external_normalized,deepfakeface_sd15/fake/00/28886000_1928-01-17_2009.jpg,0.7766581773757935,0.4309690296649933,1,xception,external_test,source_video_disjoint_v1,lowpass_0.1,ffpp_validation_checkpoint,03cb9bba05b67e1478fb86a731857ba65f55a3db09e023035c9bcd9d442d8efc
298,C:\Users\Rohith Syam\Documents\UTS SEMESTER 3\image processing\idea 2\outputs\generalization_upgrade\02_external_bias_audit\normalized_external\fake\00\3293900_1973-09-23_2004.jpg,1,00/3293900_1973-09-23_2004.jpg,StableDiffusion_v1_5,external_normalized,deepfakeface_sd15/fake/00/3293900_1973-09-23_2004.jpg,0.1585688441991806,0.4309690296649933,0,xception,external_test,source_video_disjoint_v1,lowpass_0.1,ffpp_validation_checkpoint,03cb9bba05b67e1478fb86a731857ba65f55a3db09e023035c9bcd9d442d8efc
299,C:\Users\Rohith Syam\Documents\UTS SEMESTER 3\image processing\idea 2\outputs\generalization_upgrade\02_external_bias_audit\normalized_external\fake\00\34199700_1921-05-23_1946.jpg,1,00/34199700_1921-05-23_1946.jpg,StableDiffusion_v1_5,external_normalized,deepfakeface_sd15/fake/00/34199700_1921-05-23_1946.jpg,0.29061853885650635,0.4309690296649933,0,xception,external_test,source_video_disjoint_v1,lowpass_0.1,ffpp_validation_checkpoint,03cb9bba05b67e1478fb86a731857ba65f55a3db09e023035c9bcd9d442d8efc
300,C:\Users\Rohith Syam\Documents\UTS SEMESTER 3\image processing\idea 2\outputs\generalization_upgrade\02_external_bias_audit\normalized_external\fake\00\34316600_1994-11-15_2013.jpg,1,00/34316600_1994-11-15_2013.jpg,StableDiffusion_v1_5,external_normalized,deepfakeface_sd15/fake/00/34316600_1994-11-15_2013.jpg,0.7061685919761658,0.4309690296649933,1,xception,external_test,source_video_disjoint_v1,lowpass_0.1,ffpp_validation_checkpoint,03cb9bba05b67e1478fb86a731857ba65f55a3db09e023035c9bcd9d442d8efc
301,C:\Users\Rohith Syam\Documents\UTS SEMESTER 3\image processing\idea 2\outputs\generalization_upgrade\02_external_bias_audit\normalized_external\fake\00\35360200_1996-11-01_2012.jpg,1,00/35360200_1996-11-01_2012.jpg,StableDiffusion_v1_5,external_normalized,deepfakeface_sd15/fake/00/35360200_1996-11-01_2012.jpg,0.7426813840866089,0.4309690296649933,1,xception,external_test,source_video_disjoint_v1,lowpass_0.1,ffpp_validation_checkpoint,03cb9bba05b67e1478fb86a731857ba65f55a3db09e023035c9bcd9d442d8efc
302,C:\Users\Rohith Syam\Documents\UTS SEMESTER 3\image processing\idea 2\outputs\generalization_upgrade\02_external_bias_audit\normalized_external\fake\00\36606300_1984-08-03_2014.jpg,1,00/36606300_1984-08-03_2014.jpg,StableDiffusion_v1_5,external_normalized,deepfakeface_sd15/fake/00/36606300_1984-08-03_2014.jpg,0.8448410630226135,0.4309690296649933,1,xception,external_test,source_video_disjoint_v1,lowpass_0.1,ffpp_validation_checkpoint,03cb9bba05b67e1478fb86a731857ba65f55a3db09e023035c9bcd9d442d8efc
303,C:\Users\Rohith Syam\Documents\UTS SEMESTER 3\image processing\idea 2\outputs\generalization_upgrade\02_external_bias_audit\normalized_external\fake\00\38882500_1940-10-04_1977.jpg,1,00/38882500_1940-10-04_1977.jpg,StableDiffusion_v1_5,external_normalized,deepfakeface_sd15/fake/00/38882500_1940-10-04_1977.jpg,0.28003615140914917,0.4309690296649933,0,xception,external_test,source_video_disjoint_v1,lowpass_0.1,ffpp_validation_checkpoint,03cb9bba05b67e1478fb86a731857ba65f55a3db09e023035c9bcd9d442d8efc
304,C:\Users\Rohith Syam\Documents\UTS SEMESTER 3\image processing\idea 2\outputs\generalization_upgrade\02_external_bias_audit\normalized_external\fake\00\3982800_1988-01-29_2012.jpg,1,00/3982800_1988-01-29_2012.jpg,StableDiffusion_v1_5,external_normalized,deepfakeface_sd15/fake/00/3982800_1988-01-29_2012.jpg,0.10490133613348007,0.4309690296649933,0,xception,external_test,source_video_disjoint_v1,lowpass_0.1,ffpp_validation_checkpoint,03cb9bba05b67e1478fb86a731857ba65f55a3db09e023035c9bcd9d442d8efc
305,C:\Users\Rohith Syam\Documents\UTS SEMESTER 3\image processing\idea 2\outputs\generalization_upgrade\02_external_bias_audit\normalized_external\fake\00\41835500_1992-05-12_2014.jpg,1,00/41835500_1992-05-12_2014.jpg,StableDiffusion_v1_5,external_normalized,deepfakeface_sd15/fake/00/41835500_1992-05-12_2014.jpg,0.8448342084884644,0.4309690296649933,1,xception,external_test,source_video_disjoint_v1,lowpass_0.1,ffpp_validation_checkpoint,03cb9bba05b67e1478fb86a731857ba65f55a3db09e023035c9bcd9d442d8efc
306,C:\Users\Rohith Syam\Documents\UTS SEMESTER 3\image processing\idea 2\outputs\generalization_upgrade\02_external_bias_audit\normalized_external\fake\00\4236500_1977-10-18_2005.jpg,1,00/4236500_1977-10-18_2005.jpg,StableDiffusion_v1_5,external_normalized,deepfakeface_sd15/fake/00/4236500_1977-10-18_2005.jpg,0.10094784200191498,0.4309690296649933,0,xception,external_test,source_video_disjoint_v1,lowpass_0.1,ffpp_validation_checkpoint,03cb9bba05b67e1478fb86a731857ba65f55a3db09e023035c9bcd9d442d8efc
307,C:\Users\Rohith Syam\Documents\UTS SEMESTER 3\image processing\idea 2\outputs\generalization_upgrade\02_external_bias_audit\normalized_external\fake\00\46667800_1978-03-16_2014.jpg,1,00/46667800_1978-03-16_2014.jpg,StableDiffusion_v1_5,external_normalized,deepfakeface_sd15/fake/00/46667800_1978-03-16_2014.jpg,0.7653499841690063,0.4309690296649933,1,xception,external_test,source_video_disjoint_v1,lowpass_0.1,ffpp_validation_checkpoint,03cb9bba05b67e1478fb86a731857ba65f55a3db09e023035c9bcd9d442d8efc
308,C:\Users\Rohith Syam\Documents\UTS SEMESTER 3\image processing\idea 2\outputs\generalization_upgrade\02_external_bias_audit\normalized_external\fake\00\5616200_1968-09-06_2006.jpg,1,00/5616200_1968-09-06_2006.jpg,StableDiffusion_v1_5,external_normalized,deepfakeface_sd15/fake/00/5616200_1968-09-06_2006.jpg,0.6116426587104797,0.4309690296649933,1,xception,external_test,source_video_disjoint_v1,lowpass_0.1,ffpp_validation_checkpoint,03cb9bba05b67e1478fb86a731857ba65f55a3db09e023035c9bcd9d442d8efc
309,C:\Users\Rohith Syam\Documents\UTS SEMESTER 3\image processing\idea 2\outputs\generalization_upgrade\02_external_bias_audit\normalized_external\fake\00\5751800_1950-09-09_2010.jpg,1,00/5751800_1950-09-09_2010.jpg,StableDiffusion_v1_5,external_normalized,deepfakeface_sd15/fake/00/5751800_1950-09-09_2010.jpg,0.2502914369106293,0.4309690296649933,0,xception,external_test,source_video_disjoint_v1,lowpass_0.1,ffpp_validation_checkpoint,03cb9bba05b67e1478fb86a731857ba65f55a3db09e023035c9bcd9d442d8efc
310,C:\Users\Rohith Syam\Documents\UTS SEMESTER 3\image processing\idea 2\outputs\generalization_upgrade\02_external_bias_audit\normalized_external\fake\00\67000_1947-05-13_2007.jpg,1,00/67000_1947-05-13_2007.jpg,StableDiffusion_v1_5,external_normalized,deepfakeface_sd15/fake/00/67000_1947-05-13_2007.jpg,0.8965619206428528,0.4309690296649933,1,xception,external_test,source_video_disjoint_v1,lowpass_0.1,ffpp_validation_checkpoint,03cb9bba05b67e1478fb86a731857ba65f55a3db09e023035c9bcd9d442d8efc
311,C:\Users\Rohith Syam\Documents\UTS SEMESTER 3\image processing\idea 2\outputs\generalization_upgrade\02_external_bias_audit\normalized_external\fake\00\7567200_1932-07-31_1966.jpg,1,00/7567200_1932-07-31_1966.jpg,StableDiffusion_v1_5,external_normalized,deepfakeface_sd15/fake/00/7567200_1932-07-31_1966.jpg,0.5781360268592834,0.4309690296649933,1,xception,external_test,source_video_disjoint_v1,lowpass_0.1,ffpp_validation_checkpoint,03cb9bba05b67e1478fb86a731857ba65f55a3db09e023035c9bcd9d442d8efc
312,C:\Users\Rohith Syam\Documents\UTS SEMESTER 3\image processing\idea 2\outputs\generalization_upgrade\02_external_bias_audit\normalized_external\fake\00\8222200_1941-05-15_1964.jpg,1,00/8222200_1941-05-15_1964.jpg,StableDiffusion_v1_5,external_normalized,deepfakeface_sd15/fake/00/8222200_1941-05-15_1964.jpg,0.6642402410507202,0.4309690296649933,1,xception,external_test,source_video_disjoint_v1,lowpass_0.1,ffpp_validation_checkpoint,03cb9bba05b67e1478fb86a731857ba65f55a3db09e023035c9bcd9d442d8efc
313,C:\Users\Rohith Syam\Documents\UTS SEMESTER 3\image processing\idea 2\outputs\generalization_upgrade\02_external_bias_audit\normalized_external\fake\00\836500_1977-03-04_2007.jpg,1,00/836500_1977-03-04_2007.jpg,StableDiffusion_v1_5,external_normalized,deepfakeface_sd15/fake/00/836500_1977-03-04_2007.jpg,0.7306488156318665,0.4309690296649933,1,xception,external_test,source_video_disjoint_v1,lowpass_0.1,ffpp_validation_checkpoint,03cb9bba05b67e1478fb86a731857ba65f55a3db09e023035c9bcd9d442d8efc
314,C:\Users\Rohith Syam\Documents\UTS SEMESTER 3\image processing\idea 2\outputs\generalization_upgrade\02_external_bias_audit\normalized_external\fake\00\9210500_1912-02-06_1942.jpg,1,00/9210500_1912-02-06_1942.jpg,StableDiffusion_v1_5,external_normalized,deepfakeface_sd15/fake/00/9210500_1912-02-06_1942.jpg,0.2557752728462219,0.4309690296649933,0,xception,external_test,source_video_disjoint_v1,lowpass_0.1,ffpp_validation_checkpoint,03cb9bba05b67e1478fb86a731857ba65f55a3db09e023035c9bcd9d442d8efc
315,C:\Users\Rohith Syam\Documents\UTS SEMESTER 3\image processing\idea 2\outputs\generalization_upgrade\02_external_bias_audit\normalized_external\fake\00\944600_1968-02-05_2006.jpg,1,00/944600_1968-02-05_2006.jpg,StableDiffusion_v1_5,external_normalized,deepfakeface_sd15/fake/00/944600_1968-02-05_2006.jpg,0.7544869184494019,0.4309690296649933,1,xception,external_test,source_video_disjoint_v1,lowpass_0.1,ffpp_validation_checkpoint,03cb9bba05b67e1478fb86a731857ba65f55a3db09e023035c9bcd9d442d8efc
316,C:\Users\Rohith Syam\Documents\UTS SEMESTER 3\image processing\idea 2\outputs\generalization_upgrade\02_external_bias_audit\normalized_external\fake\00\9801700_1969-10-11_2012.jpg,1,00/9801700_1969-10-11_2012.jpg,StableDiffusion_v1_5,external_normalized,deepfakeface_sd15/fake/00/9801700_1969-10-11_2012.jpg,0.5746649503707886,0.4309690296649933,1,xception,external_test,source_video_disjoint_v1,lowpass_0.1,ffpp_validation_checkpoint,03cb9bba05b67e1478fb86a731857ba65f55a3db09e023035c9bcd9d442d8efc
317,C:\Users\Rohith Syam\Documents\UTS SEMESTER 3\image processing\idea 2\outputs\generalization_upgrade\02_external_bias_audit\normalized_external\fake\02\4539602_1977-04-26_2010.jpg,1,02/4539602_1977-04-26_2010.jpg,StableDiffusion_v1_5,external_normalized,deepfakeface_sd15/fake/02/4539602_1977-04-26_2010.jpg,0.7888442277908325,0.4309690296649933,1,xception,external_test,source_video_disjoint_v1,lowpass_0.1,ffpp_validation_checkpoint,03cb9bba05b67e1478fb86a731857ba65f55a3db09e023035c9bcd9d442d8efc
318,C:\Users\Rohith Syam\Documents\UTS SEMESTER 3\image processing\idea 2\outputs\generalization_upgrade\02_external_bias_audit\normalized_external\fake\03\10970703_1984-05-21_2011.jpg,1,03/10970703_1984-05-21_2011.jpg,StableDiffusion_v1_5,external_normalized,deepfakeface_sd15/fake/03/10970703_1984-05-21_2011.jpg,0.39385518431663513,0.4309690296649933,0,xception,external_test,source_video_disjoint_v1,lowpass_0.1,ffpp_validation_checkpoint,03cb9bba05b67e1478fb86a731857ba65f55a3db09e023035c9bcd9d442d8efc
319,C:\Users\Rohith Syam\Documents\UTS SEMESTER 3\image processing\idea 2\outputs\generalization_upgrade\02_external_bias_audit\normalized_external\fake\03\1142203_1949-03-03_2008.jpg,1,03/1142203_1949-03-03_2008.jpg,StableDiffusion_v1_5,external_normalized,deepfakeface_sd15/fake/03/1142203_1949-03-03_2008.jpg,0.3233080506324768,0.4309690296649933,0,xception,external_test,source_video_disjoint_v1,lowpass_0.1,ffpp_validation_checkpoint,03cb9bba05b67e1478fb86a731857ba65f55a3db09e023035c9bcd9d442d8efc
320,C:\Users\Rohith Syam\Documents\UTS SEMESTER 3\image processing\idea 2\outputs\generalization_upgrade\02_external_bias_audit\normalized_external\fake\03\13181303_1944-01-11_1971.jpg,1,03/13181303_1944-01-11_1971.jpg,StableDiffusion_v1_5,external_normalized,deepfakeface_sd15/fake/03/13181303_1944-01-11_1971.jpg,0.32174959778785706,0.4309690296649933,0,xception,external_test,source_video_disjoint_v1,lowpass_0.1,ffpp_validation_checkpoint,03cb9bba05b67e1478fb86a731857ba65f55a3db09e023035c9bcd9d442d8efc
321,C:\Users\Rohith Syam\Documents\UTS SEMESTER 3\image processing\idea 2\outputs\generalization_upgrade\02_external_bias_audit\normalized_external\fake\03\14926103_1928-01-13_1958.jpg,1,03/14926103_1928-01-13_1958.jpg,StableDiffusion_v1_5,external_normalized,deepfakeface_sd15/fake/03/14926103_1928-01-13_1958.jpg,0.6329818367958069,0.4309690296649933,1,xception,external_test,source_video_disjoint_v1,lowpass_0.1,ffpp_validation_checkpoint,03cb9bba05b67e1478fb86a731857ba65f55a3db09e023035c9bcd9d442d8efc
322,C:\Users\Rohith Syam\Documents\UTS SEMESTER 3\image processing\idea 2\outputs\generalization_upgrade\02_external_bias_audit\normalized_external\fake\03\16103_1907-05-26_1965.jpg,1,03/16103_1907-05-26_1965.jpg,StableDiffusion_v1_5,external_normalized,deepfakeface_sd15/fake/03/16103_1907-05-26_1965.jpg,0.7265891432762146,0.4309690296649933,1,xception,external_test,source_video_disjoint_v1,lowpass_0.1,ffpp_validation_checkpoint,03cb9bba05b67e1478fb86a731857ba65f55a3db09e023035c9bcd9d442d8efc
323,C:\Users\Rohith Syam\Documents\UTS SEMESTER 3\image processing\idea 2\outputs\generalization_upgrade\02_external_bias_audit\normalized_external\fake\03\18388503_1942-09-14_2007.jpg,1,03/18388503_1942-09-14_2007.jpg,StableDiffusion_v1_5,external_normalized,deepfakeface_sd15/fake/03/18388503_1942-09-14_2007.jpg,0.11256023496389389,0.4309690296649933,0,xception,external_test,source_video_disjoint_v1,lowpass_0.1,ffpp_validation_checkpoint,03cb9bba05b67e1478fb86a731857ba65f55a3db09e023035c9bcd9d442d8efc
324,C:\Users\Rohith Syam\Documents\UTS SEMESTER 3\image processing\idea 2\outputs\generalization_upgrade\02_external_bias_audit\normalized_external\fake\03\19966503_1974-03-04_2011.jpg,1,03/19966503_1974-03-04_2011.jpg,StableDiffusion_v1_5,external_normalized,deepfakeface_sd15/fake/03/19966503_1974-03-04_2011.jpg,0.6820147037506104,0.4309690296649933,1,xception,external_test,source_video_disjoint_v1,lowpass_0.1,ffpp_validation_checkpoint,03cb9bba05b67e1478fb86a731857ba65f55a3db09e023035c9bcd9d442d8efc
325,C:\Users\Rohith Syam\Documents\UTS SEMESTER 3\image processing\idea 2\outputs\generalization_upgrade\02_external_bias_audit\normalized_external\fake\03\21296103_1982-04-25_2011.jpg,1,03/21296103_1982-04-25_2011.jpg,StableDiffusion_v1_5,external_normalized,deepfakeface_sd15/fake/03/21296103_1982-04-25_2011.jpg,0.7711835503578186,0.4309690296649933,1,xception,external_test,source_video_disjoint_v1,lowpass_0.1,ffpp_validation_checkpoint,03cb9bba05b67e1478fb86a731857ba65f55a3db09e023035c9bcd9d442d8efc
326,C:\Users\Rohith Syam\Documents\UTS SEMESTER 3\image processing\idea 2\outputs\generalization_upgrade\02_external_bias_audit\normalized_external\fake\03\2220103_1954-05-18_2009.jpg,1,03/2220103_1954-05-18_2009.jpg,StableDiffusion_v1_5,external_normalized,deepfakeface_sd15/fake/03/2220103_1954-05-18_2009.jpg,0.4089515507221222,0.4309690296649933,0,xception,external_test,source_video_disjoint_v1,lowpass_0.1,ffpp_validation_checkpoint,03cb9bba05b67e1478fb86a731857ba65f55a3db09e023035c9bcd9d442d8efc
327,C:\Users\Rohith Syam\Documents\UTS SEMESTER 3\image processing\idea 2\outputs\generalization_upgrade\02_external_bias_audit\normalized_external\fake\03\225903_1935-04-21_2007.jpg,1,03/225903_1935-04-21_2007.jpg,StableDiffusion_v1_5,external_normalized,deepfakeface_sd15/fake/03/225903_1935-04-21_2007.jpg,0.8818337321281433,0.4309690296649933,1,xception,external_test,source_video_disjoint_v1,lowpass_0.1,ffpp_validation_checkpoint,03cb9bba05b67e1478fb86a731857ba65f55a3db09e023035c9bcd9d442d8efc
328,C:\Users\Rohith Syam\Documents\UTS SEMESTER 3\image processing\idea 2\outputs\generalization_upgrade\02_external_bias_audit\normalized_external\fake\03\2395003_1940-06-21_1977.jpg,1,03/2395003_1940-06-21_1977.jpg,StableDiffusion_v1_5,external_normalized,deepfakeface_sd15/fake/03/2395003_1940-06-21_1977.jpg,0.13539932668209076,0.4309690296649933,0,xception,external_test,source_video_disjoint_v1,lowpass_0.1,ffpp_validation_checkpoint,03cb9bba05b67e1478fb86a731857ba65f55a3db09e023035c9bcd9d442d8efc
329,C:\Users\Rohith Syam\Documents\UTS SEMESTER 3\image processing\idea 2\outputs\generalization_upgrade\02_external_bias_audit\normalized_external\fake\03\2420403_1964-03-18_2007.jpg,1,03/2420403_1964-03-18_2007.jpg,StableDiffusion_v1_5,external_normalized,deepfakeface_sd15/fake/03/2420403_1964-03-18_2007.jpg,0.05838635563850403,0.4309690296649933,0,xception,external_test,source_video_disjoint_v1,lowpass_0.1,ffpp_validation_checkpoint,03cb9bba05b67e1478fb86a731857ba65f55a3db09e023035c9bcd9d442d8efc
330,C:\Users\Rohith Syam\Documents\UTS SEMESTER 3\image processing\idea 2\outputs\generalization_upgrade\02_external_bias_audit\normalized_external\fake\03\2740303_1974-11-03_1999.jpg,1,03/2740303_1974-11-03_1999.jpg,StableDiffusion_v1_5,external_normalized,deepfakeface_sd15/fake/03/2740303_1974-11-03_1999.jpg,0.7894489765167236,0.4309690296649933,1,xception,external_test,source_video_disjoint_v1,lowpass_0.1,ffpp_validation_checkpoint,03cb9bba05b67e1478fb86a731857ba65f55a3db09e023035c9bcd9d442d8efc
331,C:\Users\Rohith Syam\Documents\UTS SEMESTER 3\image processing\idea 2\outputs\generalization_upgrade\02_external_bias_audit\normalized_external\fake\03\2779203_1965-10-01_2008.jpg,1,03/2779203_1965-10-01_2008.jpg,StableDiffusion_v1_5,external_normalized,deepfakeface_sd15/fake/03/2779203_1965-10-01_2008.jpg,0.9437264800071716,0.4309690296649933,1,xception,external_test,source_video_disjoint_v1,lowpass_0.1,ffpp_validation_checkpoint,03cb9bba05b67e1478fb86a731857ba65f55a3db09e023035c9bcd9d442d8efc
332,C:\Users\Rohith Syam\Documents\UTS SEMESTER 3\image processing\idea 2\outputs\generalization_upgrade\02_external_bias_audit\normalized_external\fake\03\317803_1920-03-03_2011.jpg,1,03/317803_1920-03-03_2011.jpg,StableDiffusion_v1_5,external_normalized,deepfakeface_sd15/fake/03/317803_1920-03-03_2011.jpg,0.7751718163490295,0.4309690296649933,1,xception,external_test,source_video_disjoint_v1,lowpass_0.1,ffpp_validation_checkpoint,03cb9bba05b67e1478fb86a731857ba65f55a3db09e023035c9bcd9d442d8efc
333,C:\Users\Rohith Syam\Documents\UTS SEMESTER 3\image processing\idea 2\outputs\generalization_upgrade\02_external_bias_audit\normalized_external\fake\03\32442803_1991-09-14_2012.jpg,1,03/32442803_1991-09-14_2012.jpg,StableDiffusion_v1_5,external_normalized,deepfakeface_sd15/fake/03/32442803_1991-09-14_2012.jpg,0.9125895500183105,0.4309690296649933,1,xception,external_test,source_video_disjoint_v1,lowpass_0.1,ffpp_validation_checkpoint,03cb9bba05b67e1478fb86a731857ba65f55a3db09e023035c9bcd9d442d8efc
334,C:\Users\Rohith Syam\Documents\UTS SEMESTER 3\image processing\idea 2\outputs\generalization_upgrade\02_external_bias_audit\normalized_external\fake\03\34807003_1990-05-29_2013.jpg,1,03/34807003_1990-05-29_2013.jpg,StableDiffusion_v1_5,external_normalized,deepfakeface_sd15/fake/03/34807003_1990-05-29_2013.jpg,0.28218209743499756,0.4309690296649933,0,xception,external_test,source_video_disjoint_v1,lowpass_0.1,ffpp_validation_checkpoint,03cb9bba05b67e1478fb86a731857ba65f55a3db09e023035c9bcd9d442d8efc
335,C:\Users\Rohith Syam\Documents\UTS SEMESTER 3\image processing\idea 2\outputs\generalization_upgrade\02_external_bias_audit\normalized_external\fake\03\37970303_1977-07-09_2013.jpg,1,03/37970303_1977-07-09_2013.jpg,StableDiffusion_v1_5,external_normalized,deepfakeface_sd15/fake/03/37970303_1977-07-09_2013.jpg,0.764659583568573,0.4309690296649933,1,xception,external_test,source_video_disjoint_v1,lowpass_0.1,ffpp_validation_checkpoint,03cb9bba05b67e1478fb86a731857ba65f55a3db09e023035c9bcd9d442d8efc
336,C:\Users\Rohith Syam\Documents\UTS SEMESTER 3\image processing\idea 2\outputs\generalization_upgrade\02_external_bias_audit\normalized_external\fake\03\39605003_1966-06-21_2012.jpg,1,03/39605003_1966-06-21_2012.jpg,StableDiffusion_v1_5,external_normalized,deepfakeface_sd15/fake/03/39605003_1966-06-21_2012.jpg,0.6021292209625244,0.4309690296649933,1,xception,external_test,source_video_disjoint_v1,lowpass_0.1,ffpp_validation_checkpoint,03cb9bba05b67e1478fb86a731857ba65f55a3db09e023035c9bcd9d442d8efc
337,C:\Users\Rohith Syam\Documents\UTS SEMESTER 3\image processing\idea 2\outputs\generalization_upgrade\02_external_bias_audit\normalized_external\fake\03\39918103_1988-09-29_2012.jpg,1,03/39918103_1988-09-29_2012.jpg,StableDiffusion_v1_5,external_normalized,deepfakeface_sd15/fake/03/39918103_1988-09-29_2012.jpg,0.7174419164657593,0.4309690296649933,1,xception,external_test,source_video_disjoint_v1,lowpass_0.1,ffpp_validation_checkpoint,03cb9bba05b67e1478fb86a731857ba65f55a3db09e023035c9bcd9d442d8efc
338,C:\Users\Rohith Syam\Documents\UTS SEMESTER 3\image processing\idea 2\outputs\generalization_upgrade\02_external_bias_audit\normalized_external\fake\03\4830003_1961-12-01_2010.jpg,1,03/4830003_1961-12-01_2010.jpg,StableDiffusion_v1_5,external_normalized,deepfakeface_sd15/fake/03/4830003_1961-12-01_2010.jpg,0.5404919981956482,0.4309690296649933,1,xception,external_test,source_video_disjoint_v1,lowpass_0.1,ffpp_validation_checkpoint,03cb9bba05b67e1478fb86a731857ba65f55a3db09e023035c9bcd9d442d8efc
339,C:\Users\Rohith Syam\Documents\UTS SEMESTER 3\image processing\idea 2\outputs\generalization_upgrade\02_external_bias_audit\normalized_external\fake\03\555703_1913-07-13_1970.jpg,1,03/555703_1913-07-13_1970.jpg,StableDiffusion_v1_5,external_normalized,deepfakeface_sd15/fake/03/555703_1913-07-13_1970.jpg,0.7410018444061279,0.4309690296649933,1,xception,external_test,source_video_disjoint_v1,lowpass_0.1,ffpp_validation_checkpoint,03cb9bba05b67e1478fb86a731857ba65f55a3db09e023035c9bcd9d442d8efc
340,C:\Users\Rohith Syam\Documents\UTS SEMESTER 3\image processing\idea 2\outputs\generalization_upgrade\02_external_bias_audit\normalized_external\fake\03\6104003_1985-07-06_2006.jpg,1,03/6104003_1985-07-06_2006.jpg,StableDiffusion_v1_5,external_normalized,deepfakeface_sd15/fake/03/6104003_1985-07-06_2006.jpg,0.5867968201637268,0.4309690296649933,1,xception,external_test,source_video_disjoint_v1,lowpass_0.1,ffpp_validation_checkpoint,03cb9bba05b67e1478fb86a731857ba65f55a3db09e023035c9bcd9d442d8efc
341,C:\Users\Rohith Syam\Documents\UTS SEMESTER 3\image processing\idea 2\outputs\generalization_upgrade\02_external_bias_audit\normalized_external\fake\03\7100903_1961-03-15_2010.jpg,1,03/7100903_1961-03-15_2010.jpg,StableDiffusion_v1_5,external_normalized,deepfakeface_sd15/fake/03/7100903_1961-03-15_2010.jpg,0.6958662867546082,0.4309690296649933,1,xception,external_test,source_video_disjoint_v1,lowpass_0.1,ffpp_validation_checkpoint,03cb9bba05b67e1478fb86a731857ba65f55a3db09e023035c9bcd9d442d8efc
342,C:\Users\Rohith Syam\Documents\UTS SEMESTER 3\image processing\idea 2\outputs\generalization_upgrade\02_external_bias_audit\normalized_external\fake\03\7655603_1956-03-09_2010.jpg,1,03/7655603_1956-03-09_2010.jpg,StableDiffusion_v1_5,external_normalized,deepfakeface_sd15/fake/03/7655603_1956-03-09_2010.jpg,0.5286396145820618,0.4309690296649933,1,xception,external_test,source_video_disjoint_v1,lowpass_0.1,ffpp_validation_checkpoint,03cb9bba05b67e1478fb86a731857ba65f55a3db09e023035c9bcd9d442d8efc
343,C:\Users\Rohith Syam\Documents\UTS SEMESTER 3\image processing\idea 2\outputs\generalization_upgrade\02_external_bias_audit\normalized_external\fake\03\8902703_1978-09-20_2007.jpg,1,03/8902703_1978-09-20_2007.jpg,StableDiffusion_v1_5,external_normalized,deepfakeface_sd15/fake/03/8902703_1978-09-20_2007.jpg,0.7232221961021423,0.4309690296649933,1,xception,external_test,source_video_disjoint_v1,lowpass_0.1,ffpp_validation_checkpoint,03cb9bba05b67e1478fb86a731857ba65f55a3db09e023035c9bcd9d442d8efc
344,C:\Users\Rohith Syam\Documents\UTS SEMESTER 3\image processing\idea 2\outputs\generalization_upgrade\02_external_bias_audit\normalized_external\fake\03\9000703_1982-07-16_2008.jpg,1,03/9000703_1982-07-16_2008.jpg,StableDiffusion_v1_5,external_normalized,deepfakeface_sd15/fake/03/9000703_1982-07-16_2008.jpg,0.22078055143356323,0.4309690296649933,0,xception,external_test,source_video_disjoint_v1,lowpass_0.1,ffpp_validation_checkpoint,03cb9bba05b67e1478fb86a731857ba65f55a3db09e023035c9bcd9d442d8efc
345,C:\Users\Rohith Syam\Documents\UTS SEMESTER 3\image processing\idea 2\outputs\generalization_upgrade\02_external_bias_audit\normalized_external\fake\03\9729003_1988-05-18_2011.jpg,1,03/9729003_1988-05-18_2011.jpg,StableDiffusion_v1_5,external_normalized,deepfakeface_sd15/fake/03/9729003_1988-05-18_2011.jpg,0.36762651801109314,0.4309690296649933,0,xception,external_test,source_video_disjoint_v1,lowpass_0.1,ffpp_validation_checkpoint,03cb9bba05b67e1478fb86a731857ba65f55a3db09e023035c9bcd9d442d8efc
346,C:\Users\Rohith Syam\Documents\UTS SEMESTER 3\image processing\idea 2\outputs\generalization_upgrade\02_external_bias_audit\normalized_external\fake\03\97803_1991-04-04_2007.jpg,1,03/97803_1991-04-04_2007.jpg,StableDiffusion_v1_5,external_normalized,deepfakeface_sd15/fake/03/97803_1991-04-04_2007.jpg,0.6123185753822327,0.4309690296649933,1,xception,external_test,source_video_disjoint_v1,lowpass_0.1,ffpp_validation_checkpoint,03cb9bba05b67e1478fb86a731857ba65f55a3db09e023035c9bcd9d442d8efc
347,C:\Users\Rohith Syam\Documents\UTS SEMESTER 3\image processing\idea 2\outputs\generalization_upgrade\02_external_bias_audit\normalized_external\fake\12\1836812_1976-11-06_2013.jpg,1,12/1836812_1976-11-06_2013.jpg,StableDiffusion_v1_5,external_normalized,deepfakeface_sd15/fake/12/1836812_1976-11-06_2013.jpg,0.3218556344509125,0.4309690296649933,0,xception,external_test,source_video_disjoint_v1,lowpass_0.1,ffpp_validation_checkpoint,03cb9bba05b67e1478fb86a731857ba65f55a3db09e023035c9bcd9d442d8efc
348,C:\Users\Rohith Syam\Documents\UTS SEMESTER 3\image processing\idea 2\outputs\generalization_upgrade\02_external_bias_audit\normalized_external\fake\14\12041214_1955-03-25_2012.jpg,1,14/12041214_1955-03-25_2012.jpg,StableDiffusion_v1_5,external_normalized,deepfakeface_sd15/fake/14/12041214_1955-03-25_2012.jpg,0.8621954917907715,0.4309690296649933,1,xception,external_test,source_video_disjoint_v1,lowpass_0.1,ffpp_validation_checkpoint,03cb9bba05b67e1478fb86a731857ba65f55a3db09e023035c9bcd9d442d8efc
349,C:\Users\Rohith Syam\Documents\UTS SEMESTER 3\image processing\idea 2\outputs\generalization_upgrade\02_external_bias_audit\normalized_external\fake\14\12461914_1975-12-14_2007.jpg,1,14/12461914_1975-12-14_2007.jpg,StableDiffusion_v1_5,external_normalized,deepfakeface_sd15/fake/14/12461914_1975-12-14_2007.jpg,0.3060510754585266,0.4309690296649933,0,xception,external_test,source_video_disjoint_v1,lowpass_0.1,ffpp_validation_checkpoint,03cb9bba05b67e1478fb86a731857ba65f55a3db09e023035c9bcd9d442d8efc
350,C:\Users\Rohith Syam\Documents\UTS SEMESTER 3\image processing\idea 2\outputs\generalization_upgrade\02_external_bias_audit\normalized_external\fake\14\14307714_1977-01-29_2013.jpg,1,14/14307714_1977-01-29_2013.jpg,StableDiffusion_v1_5,external_normalized,deepfakeface_sd15/fake/14/14307714_1977-01-29_2013.jpg,0.5484145283699036,0.4309690296649933,1,xception,external_test,source_video_disjoint_v1,lowpass_0.1,ffpp_validation_checkpoint,03cb9bba05b67e1478fb86a731857ba65f55a3db09e023035c9bcd9d442d8efc
351,C:\Users\Rohith Syam\Documents\UTS SEMESTER 3\image processing\idea 2\outputs\generalization_upgrade\02_external_bias_audit\normalized_external\fake\14\170514_1963-03-06_1970.jpg,1,14/170514_1963-03-06_1970.jpg,StableDiffusion_v1_5,external_normalized,deepfakeface_sd15/fake/14/170514_1963-03-06_1970.jpg,0.7740773558616638,0.4309690296649933,1,xception,external_test,source_video_disjoint_v1,lowpass_0.1,ffpp_validation_checkpoint,03cb9bba05b67e1478fb86a731857ba65f55a3db09e023035c9bcd9d442d8efc
352,C:\Users\Rohith Syam\Documents\UTS SEMESTER 3\image processing\idea 2\outputs\generalization_upgrade\02_external_bias_audit\normalized_external\fake\14\1830414_1971-07-01_2013.jpg,1,14/1830414_1971-07-01_2013.jpg,StableDiffusion_v1_5,external_normalized,deepfakeface_sd15/fake/14/1830414_1971-07-01_2013.jpg,0.526225745677948,0.4309690296649933,1,xception,external_test,source_video_disjoint_v1,lowpass_0.1,ffpp_validation_checkpoint,03cb9bba05b67e1478fb86a731857ba65f55a3db09e023035c9bcd9d442d8efc
353,C:\Users\Rohith Syam\Documents\UTS SEMESTER 3\image processing\idea 2\outputs\generalization_upgrade\02_external_bias_audit\normalized_external\fake\14\19894914_1989-10-19_2012.jpg,1,14/19894914_1989-10-19_2012.jpg,StableDiffusion_v1_5,external_normalized,deepfakeface_sd15/fake/14/19894914_1989-10-19_2012.jpg,0.6779444217681885,0.4309690296649933,1,xception,external_test,source_video_disjoint_v1,lowpass_0.1,ffpp_validation_checkpoint,03cb9bba05b67e1478fb86a731857ba65f55a3db09e023035c9bcd9d442d8efc
354,C:\Users\Rohith Syam\Documents\UTS SEMESTER 3\image processing\idea 2\outputs\generalization_upgrade\02_external_bias_audit\normalized_external\fake\14\1995914_1928-11-21_1976.jpg,1,14/1995914_1928-11-21_1976.jpg,StableDiffusion_v1_5,external_normalized,deepfakeface_sd15/fake/14/1995914_1928-11-21_1976.jpg,0.2262156456708908,0.4309690296649933,0,xception,external_test,source_video_disjoint_v1,lowpass_0.1,ffpp_validation_checkpoint,03cb9bba05b67e1478fb86a731857ba65f55a3db09e023035c9bcd9d442d8efc
355,C:\Users\Rohith Syam\Documents\UTS SEMESTER 3\image processing\idea 2\outputs\generalization_upgrade\02_external_bias_audit\normalized_external\fake\14\2009614_1964-05-13_2008.jpg,1,14/2009614_1964-05-13_2008.jpg,StableDiffusion_v1_5,external_normalized,deepfakeface_sd15/fake/14/2009614_1964-05-13_2008.jpg,0.4282512664794922,0.4309690296649933,0,xception,external_test,source_video_disjoint_v1,lowpass_0.1,ffpp_validation_checkpoint,03cb9bba05b67e1478fb86a731857ba65f55a3db09e023035c9bcd9d442d8efc
356,C:\Users\Rohith Syam\Documents\UTS SEMESTER 3\image processing\idea 2\outputs\generalization_upgrade\02_external_bias_audit\normalized_external\fake\14\21538614_1990-11-01_2015.jpg,1,14/21538614_1990-11-01_2015.jpg,StableDiffusion_v1_5,external_normalized,deepfakeface_sd15/fake/14/21538614_1990-11-01_2015.jpg,0.7674363255500793,0.4309690296649933,1,xception,external_test,source_video_disjoint_v1,lowpass_0.1,ffpp_validation_checkpoint,03cb9bba05b67e1478fb86a731857ba65f55a3db09e023035c9bcd9d442d8efc
357,C:\Users\Rohith Syam\Documents\UTS SEMESTER 3\image processing\idea 2\outputs\generalization_upgrade\02_external_bias_audit\normalized_external\fake\14\22037414_1987-06-05_2013.jpg,1,14/22037414_1987-06-05_2013.jpg,StableDiffusion_v1_5,external_normalized,deepfakeface_sd15/fake/14/22037414_1987-06-05_2013.jpg,0.9160163998603821,0.4309690296649933,1,xception,external_test,source_video_disjoint_v1,lowpass_0.1,ffpp_validation_checkpoint,03cb9bba05b67e1478fb86a731857ba65f55a3db09e023035c9bcd9d442d8efc
358,C:\Users\Rohith Syam\Documents\UTS SEMESTER 3\image processing\idea 2\outputs\generalization_upgrade\02_external_bias_audit\normalized_external\fake\14\23420614_1974-04-16_2008.jpg,1,14/23420614_1974-04-16_2008.jpg,StableDiffusion_v1_5,external_normalized,deepfakeface_sd15/fake/14/23420614_1974-04-16_2008.jpg,0.5164949893951416,0.4309690296649933,1,xception,external_test,source_video_disjoint_v1,lowpass_0.1,ffpp_validation_checkpoint,03cb9bba05b67e1478fb86a731857ba65f55a3db09e023035c9bcd9d442d8efc
359,C:\Users\Rohith Syam\Documents\UTS SEMESTER 3\image processing\idea 2\outputs\generalization_upgrade\02_external_bias_audit\normalized_external\fake\14\27131114_1983-08-30_2011.jpg,1,14/27131114_1983-08-30_2011.jpg,StableDiffusion_v1_5,external_normalized,deepfakeface_sd15/fake/14/27131114_1983-08-30_2011.jpg,0.7642442584037781,0.4309690296649933,1,xception,external_test,source_video_disjoint_v1,lowpass_0.1,ffpp_validation_checkpoint,03cb9bba05b67e1478fb86a731857ba65f55a3db09e023035c9bcd9d442d8efc
360,C:\Users\Rohith Syam\Documents\UTS SEMESTER 3\image processing\idea 2\outputs\generalization_upgrade\02_external_bias_audit\normalized_external\fake\14\28269114_1941-03-21_2011.jpg,1,14/28269114_1941-03-21_2011.jpg,StableDiffusion_v1_5,external_normalized,deepfakeface_sd15/fake/14/28269114_1941-03-21_2011.jpg,0.44901472330093384,0.4309690296649933,1,xception,external_test,source_video_disjoint_v1,lowpass_0.1,ffpp_validation_checkpoint,03cb9bba05b67e1478fb86a731857ba65f55a3db09e023035c9bcd9d442d8efc
361,C:\Users\Rohith Syam\Documents\UTS SEMESTER 3\image processing\idea 2\outputs\generalization_upgrade\02_external_bias_audit\normalized_external\fake\14\28819114_1961-06-26_2009.jpg,1,14/28819114_1961-06-26_2009.jpg,StableDiffusion_v1_5,external_normalized,deepfakeface_sd15/fake/14/28819114_1961-06-26_2009.jpg,0.6553531885147095,0.4309690296649933,1,xception,external_test,source_video_disjoint_v1,lowpass_0.1,ffpp_validation_checkpoint,03cb9bba05b67e1478fb86a731857ba65f55a3db09e023035c9bcd9d442d8efc
362,C:\Users\Rohith Syam\Documents\UTS SEMESTER 3\image processing\idea 2\outputs\generalization_upgrade\02_external_bias_audit\normalized_external\fake\14\33258714_1979-05-30_2011.jpg,1,14/33258714_1979-05-30_2011.jpg,StableDiffusion_v1_5,external_normalized,deepfakeface_sd15/fake/14/33258714_1979-05-30_2011.jpg,0.4128292500972748,0.4309690296649933,0,xception,external_test,source_video_disjoint_v1,lowpass_0.1,ffpp_validation_checkpoint,03cb9bba05b67e1478fb86a731857ba65f55a3db09e023035c9bcd9d442d8efc
363,C:\Users\Rohith Syam\Documents\UTS SEMESTER 3\image processing\idea 2\outputs\generalization_upgrade\02_external_bias_audit\normalized_external\fake\14\35642014_1989-04-27_2012.jpg,1,14/35642014_1989-04-27_2012.jpg,StableDiffusion_v1_5,external_normalized,deepfakeface_sd15/fake/14/35642014_1989-04-27_2012.jpg,0.5445132851600647,0.4309690296649933,1,xception,external_test,source_video_disjoint_v1,lowpass_0.1,ffpp_validation_checkpoint,03cb9bba05b67e1478fb86a731857ba65f55a3db09e023035c9bcd9d442d8efc
364,C:\Users\Rohith Syam\Documents\UTS SEMESTER 3\image processing\idea 2\outputs\generalization_upgrade\02_external_bias_audit\normalized_external\fake\14\36566914_1988-08-11_2014.jpg,1,14/36566914_1988-08-11_2014.jpg,StableDiffusion_v1_5,external_normalized,deepfakeface_sd15/fake/14/36566914_1988-08-11_2014.jpg,0.5844132900238037,0.4309690296649933,1,xception,external_test,source_video_disjoint_v1,lowpass_0.1,ffpp_validation_checkpoint,03cb9bba05b67e1478fb86a731857ba65f55a3db09e023035c9bcd9d442d8efc
365,C:\Users\Rohith Syam\Documents\UTS SEMESTER 3\image processing\idea 2\outputs\generalization_upgrade\02_external_bias_audit\normalized_external\fake\14\36573714_1984-12-01_2012.jpg,1,14/36573714_1984-12-01_2012.jpg,StableDiffusion_v1_5,external_normalized,deepfakeface_sd15/fake/14/36573714_1984-12-01_2012.jpg,0.09577807039022446,0.4309690296649933,0,xception,external_test,source_video_disjoint_v1,lowpass_0.1,ffpp_validation_checkpoint,03cb9bba05b67e1478fb86a731857ba65f55a3db09e023035c9bcd9d442d8efc
366,C:\Users\Rohith Syam\Documents\UTS SEMESTER 3\image processing\idea 2\outputs\generalization_upgrade\02_external_bias_audit\normalized_external\fake\14\3772814_1978-02-28_2008.jpg,1,14/3772814_1978-02-28_2008.jpg,StableDiffusion_v1_5,external_normalized,deepfakeface_sd15/fake/14/3772814_1978-02-28_2008.jpg,0.13511662185192108,0.4309690296649933,0,xception,external_test,source_video_disjoint_v1,lowpass_0.1,ffpp_validation_checkpoint,03cb9bba05b67e1478fb86a731857ba65f55a3db09e023035c9bcd9d442d8efc
367,C:\Users\Rohith Syam\Documents\UTS SEMESTER 3\image processing\idea 2\outputs\generalization_upgrade\02_external_bias_audit\normalized_external\fake\14\41732014_1943-06-18_1969.jpg,1,14/41732014_1943-06-18_1969.jpg,StableDiffusion_v1_5,external_normalized,deepfakeface_sd15/fake/14/41732014_1943-06-18_1969.jpg,0.43769049644470215,0.4309690296649933,1,xception,external_test,source_video_disjoint_v1,lowpass_0.1,ffpp_validation_checkpoint,03cb9bba05b67e1478fb86a731857ba65f55a3db09e023035c9bcd9d442d8efc
368,C:\Users\Rohith Syam\Documents\UTS SEMESTER 3\image processing\idea 2\outputs\generalization_upgrade\02_external_bias_audit\normalized_external\fake\14\4295614_1924-09-15_1987.jpg,1,14/4295614_1924-09-15_1987.jpg,StableDiffusion_v1_5,external_normalized,deepfakeface_sd15/fake/14/4295614_1924-09-15_1987.jpg,0.33560875058174133,0.4309690296649933,0,xception,external_test,source_video_disjoint_v1,lowpass_0.1,ffpp_validation_checkpoint,03cb9bba05b67e1478fb86a731857ba65f55a3db09e023035c9bcd9d442d8efc
369,C:\Users\Rohith Syam\Documents\UTS SEMESTER 3\image processing\idea 2\outputs\generalization_upgrade\02_external_bias_audit\normalized_external\fake\14\44096714_1964-06-29_2012.jpg,1,14/44096714_1964-06-29_2012.jpg,StableDiffusion_v1_5,external_normalized,deepfakeface_sd15/fake/14/44096714_1964-06-29_2012.jpg,0.3534540832042694,0.4309690296649933,0,xception,external_test,source_video_disjoint_v1,lowpass_0.1,ffpp_validation_checkpoint,03cb9bba05b67e1478fb86a731857ba65f55a3db09e023035c9bcd9d442d8efc
370,C:\Users\Rohith Syam\Documents\UTS SEMESTER 3\image processing\idea 2\outputs\generalization_upgrade\02_external_bias_audit\normalized_external\fake\14\448514_1959-03-06_2007.jpg,1,14/448514_1959-03-06_2007.jpg,StableDiffusion_v1_5,external_normalized,deepfakeface_sd15/fake/14/448514_1959-03-06_2007.jpg,0.1679254174232483,0.4309690296649933,0,xception,external_test,source_video_disjoint_v1,lowpass_0.1,ffpp_validation_checkpoint,03cb9bba05b67e1478fb86a731857ba65f55a3db09e023035c9bcd9d442d8efc
371,C:\Users\Rohith Syam\Documents\UTS SEMESTER 3\image processing\idea 2\outputs\generalization_upgrade\02_external_bias_audit\normalized_external\fake\14\585414_1951-03-17_2014.jpg,1,14/585414_1951-03-17_2014.jpg,StableDiffusion_v1_5,external_normalized,deepfakeface_sd15/fake/14/585414_1951-03-17_2014.jpg,0.8847981691360474,0.4309690296649933,1,xception,external_test,source_video_disjoint_v1,lowpass_0.1,ffpp_validation_checkpoint,03cb9bba05b67e1478fb86a731857ba65f55a3db09e023035c9bcd9d442d8efc
372,C:\Users\Rohith Syam\Documents\UTS SEMESTER 3\image processing\idea 2\outputs\generalization_upgrade\02_external_bias_audit\normalized_external\fake\14\5923814_1958-08-28_1991.jpg,1,14/5923814_1958-08-28_1991.jpg,StableDiffusion_v1_5,external_normalized,deepfakeface_sd15/fake/14/5923814_1958-08-28_1991.jpg,0.7216892242431641,0.4309690296649933,1,xception,external_test,source_video_disjoint_v1,lowpass_0.1,ffpp_validation_checkpoint,03cb9bba05b67e1478fb86a731857ba65f55a3db09e023035c9bcd9d442d8efc
373,C:\Users\Rohith Syam\Documents\UTS SEMESTER 3\image processing\idea 2\outputs\generalization_upgrade\02_external_bias_audit\normalized_external\fake\14\5965014_1981-12-21_2013.jpg,1,14/5965014_1981-12-21_2013.jpg,StableDiffusion_v1_5,external_normalized,deepfakeface_sd15/fake/14/5965014_1981-12-21_2013.jpg,0.5411509871482849,0.4309690296649933,1,xception,external_test,source_video_disjoint_v1,lowpass_0.1,ffpp_validation_checkpoint,03cb9bba05b67e1478fb86a731857ba65f55a3db09e023035c9bcd9d442d8efc
374,C:\Users\Rohith Syam\Documents\UTS SEMESTER 3\image processing\idea 2\outputs\generalization_upgrade\02_external_bias_audit\normalized_external\fake\14\852514_1980-01-18_2013.jpg,1,14/852514_1980-01-18_2013.jpg,StableDiffusion_v1_5,external_normalized,deepfakeface_sd15/fake/14/852514_1980-01-18_2013.jpg,0.47710201144218445,0.4309690296649933,1,xception,external_test,source_video_disjoint_v1,lowpass_0.1,ffpp_validation_checkpoint,03cb9bba05b67e1478fb86a731857ba65f55a3db09e023035c9bcd9d442d8efc
375,C:\Users\Rohith Syam\Documents\UTS SEMESTER 3\image processing\idea 2\outputs\generalization_upgrade\02_external_bias_audit\normalized_external\fake\14\8543614_1983-09-25_2010.jpg,1,14/8543614_1983-09-25_2010.jpg,StableDiffusion_v1_5,external_normalized,deepfakeface_sd15/fake/14/8543614_1983-09-25_2010.jpg,0.7164535522460938,0.4309690296649933,1,xception,external_test,source_video_disjoint_v1,lowpass_0.1,ffpp_validation_checkpoint,03cb9bba05b67e1478fb86a731857ba65f55a3db09e023035c9bcd9d442d8efc
376,C:\Users\Rohith Syam\Documents\UTS SEMESTER 3\image processing\idea 2\outputs\generalization_upgrade\02_external_bias_audit\normalized_external\fake\14\9716514_1900-04-10_1946.jpg,1,14/9716514_1900-04-10_1946.jpg,StableDiffusion_v1_5,external_normalized,deepfakeface_sd15/fake/14/9716514_1900-04-10_1946.jpg,0.20749828219413757,0.4309690296649933,0,xception,external_test,source_video_disjoint_v1,lowpass_0.1,ffpp_validation_checkpoint,03cb9bba05b67e1478fb86a731857ba65f55a3db09e023035c9bcd9d442d8efc
377,C:\Users\Rohith Syam\Documents\UTS SEMESTER 3\image processing\idea 2\outputs\generalization_upgrade\02_external_bias_audit\normalized_external\fake\21\10172021_1963-06-02_2006.jpg,1,21/10172021_1963-06-02_2006.jpg,StableDiffusion_v1_5,external_normalized,deepfakeface_sd15/fake/21/10172021_1963-06-02_2006.jpg,0.4922215938568115,0.4309690296649933,1,xception,external_test,source_video_disjoint_v1,lowpass_0.1,ffpp_validation_checkpoint,03cb9bba05b67e1478fb86a731857ba65f55a3db09e023035c9bcd9d442d8efc
378,C:\Users\Rohith Syam\Documents\UTS SEMESTER 3\image processing\idea 2\outputs\generalization_upgrade\02_external_bias_audit\normalized_external\fake\21\1176621_1966-05-16_2010.jpg,1,21/1176621_1966-05-16_2010.jpg,StableDiffusion_v1_5,external_normalized,deepfakeface_sd15/fake/21/1176621_1966-05-16_2010.jpg,0.5656349658966064,0.4309690296649933,1,xception,external_test,source_video_disjoint_v1,lowpass_0.1,ffpp_validation_checkpoint,03cb9bba05b67e1478fb86a731857ba65f55a3db09e023035c9bcd9d442d8efc
379,C:\Users\Rohith Syam\Documents\UTS SEMESTER 3\image processing\idea 2\outputs\generalization_upgrade\02_external_bias_audit\normalized_external\fake\21\12261121_1985-01-04_2014.jpg,1,21/12261121_1985-01-04_2014.jpg,StableDiffusion_v1_5,external_normalized,deepfakeface_sd15/fake/21/12261121_1985-01-04_2014.jpg,0.37616896629333496,0.4309690296649933,0,xception,external_test,source_video_disjoint_v1,lowpass_0.1,ffpp_validation_checkpoint,03cb9bba05b67e1478fb86a731857ba65f55a3db09e023035c9bcd9d442d8efc
380,C:\Users\Rohith Syam\Documents\UTS SEMESTER 3\image processing\idea 2\outputs\generalization_upgrade\02_external_bias_audit\normalized_external\fake\21\15872621_1922-08-28_1952.jpg,1,21/15872621_1922-08-28_1952.jpg,StableDiffusion_v1_5,external_normalized,deepfakeface_sd15/fake/21/15872621_1922-08-28_1952.jpg,0.6596495509147644,0.4309690296649933,1,xception,external_test,source_video_disjoint_v1,lowpass_0.1,ffpp_validation_checkpoint,03cb9bba05b67e1478fb86a731857ba65f55a3db09e023035c9bcd9d442d8efc
381,C:\Users\Rohith Syam\Documents\UTS SEMESTER 3\image processing\idea 2\outputs\generalization_upgrade\02_external_bias_audit\normalized_external\fake\21\15905321_1990-01-06_2009.jpg,1,21/15905321_1990-01-06_2009.jpg,StableDiffusion_v1_5,external_normalized,deepfakeface_sd15/fake/21/15905321_1990-01-06_2009.jpg,0.715210497379303,0.4309690296649933,1,xception,external_test,source_video_disjoint_v1,lowpass_0.1,ffpp_validation_checkpoint,03cb9bba05b67e1478fb86a731857ba65f55a3db09e023035c9bcd9d442d8efc
382,C:\Users\Rohith Syam\Documents\UTS SEMESTER 3\image processing\idea 2\outputs\generalization_upgrade\02_external_bias_audit\normalized_external\fake\21\16521_1938-12-29_2011.jpg,1,21/16521_1938-12-29_2011.jpg,StableDiffusion_v1_5,external_normalized,deepfakeface_sd15/fake/21/16521_1938-12-29_2011.jpg,0.4103150963783264,0.4309690296649933,0,xception,external_test,source_video_disjoint_v1,lowpass_0.1,ffpp_validation_checkpoint,03cb9bba05b67e1478fb86a731857ba65f55a3db09e023035c9bcd9d442d8efc
383,C:\Users\Rohith Syam\Documents\UTS SEMESTER 3\image processing\idea 2\outputs\generalization_upgrade\02_external_bias_audit\normalized_external\fake\21\174821_1961-09-25_1993.jpg,1,21/174821_1961-09-25_1993.jpg,StableDiffusion_v1_5,external_normalized,deepfakeface_sd15/fake/21/174821_1961-09-25_1993.jpg,0.35544055700302124,0.4309690296649933,0,xception,external_test,source_video_disjoint_v1,lowpass_0.1,ffpp_validation_checkpoint,03cb9bba05b67e1478fb86a731857ba65f55a3db09e023035c9bcd9d442d8efc
384,C:\Users\Rohith Syam\Documents\UTS SEMESTER 3\image processing\idea 2\outputs\generalization_upgrade\02_external_bias_audit\normalized_external\fake\21\1825621_1945-09-08_2008.jpg,1,21/1825621_1945-09-08_2008.jpg,StableDiffusion_v1_5,external_normalized,deepfakeface_sd15/fake/21/1825621_1945-09-08_2008.jpg,0.5141032934188843,0.4309690296649933,1,xception,external_test,source_video_disjoint_v1,lowpass_0.1,ffpp_validation_checkpoint,03cb9bba05b67e1478fb86a731857ba65f55a3db09e023035c9bcd9d442d8efc
385,C:\Users\Rohith Syam\Documents\UTS SEMESTER 3\image processing\idea 2\outputs\generalization_upgrade\02_external_bias_audit\normalized_external\fake\21\20599521_1967-08-09_2012.jpg,1,21/20599521_1967-08-09_2012.jpg,StableDiffusion_v1_5,external_normalized,deepfakeface_sd15/fake/21/20599521_1967-08-09_2012.jpg,0.20075742900371552,0.4309690296649933,0,xception,external_test,source_video_disjoint_v1,lowpass_0.1,ffpp_validation_checkpoint,03cb9bba05b67e1478fb86a731857ba65f55a3db09e023035c9bcd9d442d8efc
386,C:\Users\Rohith Syam\Documents\UTS SEMESTER 3\image processing\idea 2\outputs\generalization_upgrade\02_external_bias_audit\normalized_external\fake\21\24644621_1964-12-15_2010.jpg,1,21/24644621_1964-12-15_2010.jpg,StableDiffusion_v1_5,external_normalized,deepfakeface_sd15/fake/21/24644621_1964-12-15_2010.jpg,0.821340799331665,0.4309690296649933,1,xception,external_test,source_video_disjoint_v1,lowpass_0.1,ffpp_validation_checkpoint,03cb9bba05b67e1478fb86a731857ba65f55a3db09e023035c9bcd9d442d8efc
387,C:\Users\Rohith Syam\Documents\UTS SEMESTER 3\image processing\idea 2\outputs\generalization_upgrade\02_external_bias_audit\normalized_external\fake\21\250721_1956-06-03_2010.jpg,1,21/250721_1956-06-03_2010.jpg,StableDiffusion_v1_5,external_normalized,deepfakeface_sd15/fake/21/250721_1956-06-03_2010.jpg,0.4088711440563202,0.4309690296649933,0,xception,external_test,source_video_disjoint_v1,lowpass_0.1,ffpp_validation_checkpoint,03cb9bba05b67e1478fb86a731857ba65f55a3db09e023035c9bcd9d442d8efc
388,C:\Users\Rohith Syam\Documents\UTS SEMESTER 3\image processing\idea 2\outputs\generalization_upgrade\02_external_bias_audit\normalized_external\fake\21\2797621_1960-03-15_2011.jpg,1,21/2797621_1960-03-15_2011.jpg,StableDiffusion_v1_5,external_normalized,deepfakeface_sd15/fake/21/2797621_1960-03-15_2011.jpg,0.7961231470108032,0.4309690296649933,1,xception,external_test,source_video_disjoint_v1,lowpass_0.1,ffpp_validation_checkpoint,03cb9bba05b67e1478fb86a731857ba65f55a3db09e023035c9bcd9d442d8efc
389,C:\Users\Rohith Syam\Documents\UTS SEMESTER 3\image processing\idea 2\outputs\generalization_upgrade\02_external_bias_audit\normalized_external\fake\21\29126821_1986-10-07_2014.jpg,1,21/29126821_1986-10-07_2014.jpg,StableDiffusion_v1_5,external_normalized,deepfakeface_sd15/fake/21/29126821_1986-10-07_2014.jpg,0.15560217201709747,0.4309690296649933,0,xception,external_test,source_video_disjoint_v1,lowpass_0.1,ffpp_validation_checkpoint,03cb9bba05b67e1478fb86a731857ba65f55a3db09e023035c9bcd9d442d8efc
390,C:\Users\Rohith Syam\Documents\UTS SEMESTER 3\image processing\idea 2\outputs\generalization_upgrade\02_external_bias_audit\normalized_external\fake\21\2950421_1974-09-11_2007.jpg,1,21/2950421_1974-09-11_2007.jpg,StableDiffusion_v1_5,external_normalized,deepfakeface_sd15/fake/21/2950421_1974-09-11_2007.jpg,0.6555363535881042,0.4309690296649933,1,xception,external_test,source_video_disjoint_v1,lowpass_0.1,ffpp_validation_checkpoint,03cb9bba05b67e1478fb86a731857ba65f55a3db09e023035c9bcd9d442d8efc
391,C:\Users\Rohith Syam\Documents\UTS SEMESTER 3\image processing\idea 2\outputs\generalization_upgrade\02_external_bias_audit\normalized_external\fake\21\295321_1904-08-23_1955.jpg,1,21/295321_1904-08-23_1955.jpg,StableDiffusion_v1_5,external_normalized,deepfakeface_sd15/fake/21/295321_1904-08-23_1955.jpg,0.5535813570022583,0.4309690296649933,1,xception,external_test,source_video_disjoint_v1,lowpass_0.1,ffpp_validation_checkpoint,03cb9bba05b67e1478fb86a731857ba65f55a3db09e023035c9bcd9d442d8efc
392,C:\Users\Rohith Syam\Documents\UTS SEMESTER 3\image processing\idea 2\outputs\generalization_upgrade\02_external_bias_audit\normalized_external\fake\21\3003021_1956-12-23_2014.jpg,1,21/3003021_1956-12-23_2014.jpg,StableDiffusion_v1_5,external_normalized,deepfakeface_sd15/fake/21/3003021_1956-12-23_2014.jpg,0.8762331008911133,0.4309690296649933,1,xception,external_test,source_video_disjoint_v1,lowpass_0.1,ffpp_validation_checkpoint,03cb9bba05b67e1478fb86a731857ba65f55a3db09e023035c9bcd9d442d8efc
393,C:\Users\Rohith Syam\Documents\UTS SEMESTER 3\image processing\idea 2\outputs\generalization_upgrade\02_external_bias_audit\normalized_external\fake\21\30496921_1916-02-13_1977.jpg,1,21/30496921_1916-02-13_1977.jpg,StableDiffusion_v1_5,external_normalized,deepfakeface_sd15/fake/21/30496921_1916-02-13_1977.jpg,0.6399784088134766,0.4309690296649933,1,xception,external_test,source_video_disjoint_v1,lowpass_0.1,ffpp_validation_checkpoint,03cb9bba05b67e1478fb86a731857ba65f55a3db09e023035c9bcd9d442d8efc
394,C:\Users\Rohith Syam\Documents\UTS SEMESTER 3\image processing\idea 2\outputs\generalization_upgrade\02_external_bias_audit\normalized_external\fake\21\332221_1903-07-21_2007.jpg,1,21/332221_1903-07-21_2007.jpg,StableDiffusion_v1_5,external_normalized,deepfakeface_sd15/fake/21/332221_1903-07-21_2007.jpg,0.27393949031829834,0.4309690296649933,0,xception,external_test,source_video_disjoint_v1,lowpass_0.1,ffpp_validation_checkpoint,03cb9bba05b67e1478fb86a731857ba65f55a3db09e023035c9bcd9d442d8efc
395,C:\Users\Rohith Syam\Documents\UTS SEMESTER 3\image processing\idea 2\outputs\generalization_upgrade\02_external_bias_audit\normalized_external\fake\21\35191121_1990-01-18_2014.jpg,1,21/35191121_1990-01-18_2014.jpg,StableDiffusion_v1_5,external_normalized,deepfakeface_sd15/fake/21/35191121_1990-01-18_2014.jpg,0.36101382970809937,0.4309690296649933,0,xception,external_test,source_video_disjoint_v1,lowpass_0.1,ffpp_validation_checkpoint,03cb9bba05b67e1478fb86a731857ba65f55a3db09e023035c9bcd9d442d8efc
396,C:\Users\Rohith Syam\Documents\UTS SEMESTER 3\image processing\idea 2\outputs\generalization_upgrade\02_external_bias_audit\normalized_external\fake\21\40783721_1958-04-16_2013.jpg,1,21/40783721_1958-04-16_2013.jpg,StableDiffusion_v1_5,external_normalized,deepfakeface_sd15/fake/21/40783721_1958-04-16_2013.jpg,0.8210090398788452,0.4309690296649933,1,xception,external_test,source_video_disjoint_v1,lowpass_0.1,ffpp_validation_checkpoint,03cb9bba05b67e1478fb86a731857ba65f55a3db09e023035c9bcd9d442d8efc
397,C:\Users\Rohith Syam\Documents\UTS SEMESTER 3\image processing\idea 2\outputs\generalization_upgrade\02_external_bias_audit\normalized_external\fake\21\4137921_1965-08-22_2013.jpg,1,21/4137921_1965-08-22_2013.jpg,StableDiffusion_v1_5,external_normalized,deepfakeface_sd15/fake/21/4137921_1965-08-22_2013.jpg,0.555210292339325,0.4309690296649933,1,xception,external_test,source_video_disjoint_v1,lowpass_0.1,ffpp_validation_checkpoint,03cb9bba05b67e1478fb86a731857ba65f55a3db09e023035c9bcd9d442d8efc
398,C:\Users\Rohith Syam\Documents\UTS SEMESTER 3\image processing\idea 2\outputs\generalization_upgrade\02_external_bias_audit\normalized_external\fake\21\6573321_1986-05-01_2008.jpg,1,21/6573321_1986-05-01_2008.jpg,StableDiffusion_v1_5,external_normalized,deepfakeface_sd15/fake/21/6573321_1986-05-01_2008.jpg,0.22143766283988953,0.4309690296649933,0,xception,external_test,source_video_disjoint_v1,lowpass_0.1,ffpp_validation_checkpoint,03cb9bba05b67e1478fb86a731857ba65f55a3db09e023035c9bcd9d442d8efc
399,C:\Users\Rohith Syam\Documents\UTS SEMESTER 3\image processing\idea 2\outputs\generalization_upgrade\02_external_bias_audit\normalized_external\fake\21\6574321_1982-08-10_2012.jpg,1,21/6574321_1982-08-10_2012.jpg,StableDiffusion_v1_5,external_normalized,deepfakeface_sd15/fake/21/6574321_1982-08-10_2012.jpg,0.6225194931030273,0.4309690296649933,1,xception,external_test,source_video_disjoint_v1,lowpass_0.1,ffpp_validation_checkpoint,03cb9bba05b67e1478fb86a731857ba65f55a3db09e023035c9bcd9d442d8efc
400,C:\Users\Rohith Syam\Documents\UTS SEMESTER 3\image processing\idea 2\outputs\generalization_upgrade\02_external_bias_audit\normalized_external\fake\21\7170221_1933-03-27_1983.jpg,1,21/7170221_1933-03-27_1983.jpg,StableDiffusion_v1_5,external_normalized,deepfakeface_sd15/fake/21/7170221_1933-03-27_1983.jpg,0.06438875943422318,0.4309690296649933,0,xception,external_test,source_video_disjoint_v1,lowpass_0.1,ffpp_validation_checkpoint,03cb9bba05b67e1478fb86a731857ba65f55a3db09e023035c9bcd9d442d8efc
401,C:\Users\Rohith Syam\Documents\UTS SEMESTER 3\image processing\idea 2\outputs\generalization_upgrade\02_external_bias_audit\normalized_external\fake\21\7623721_1978-03-01_2010.jpg,1,21/7623721_1978-03-01_2010.jpg,StableDiffusion_v1_5,external_normalized,deepfakeface_sd15/fake/21/7623721_1978-03-01_2010.jpg,0.6806769371032715,0.4309690296649933,1,xception,external_test,source_video_disjoint_v1,lowpass_0.1,ffpp_validation_checkpoint,03cb9bba05b67e1478fb86a731857ba65f55a3db09e023035c9bcd9d442d8efc
402,C:\Users\Rohith Syam\Documents\UTS SEMESTER 3\image processing\idea 2\outputs\generalization_upgrade\02_external_bias_audit\normalized_external\fake\21\8194621_1986-02-16_2009.jpg,1,21/8194621_1986-02-16_2009.jpg,StableDiffusion_v1_5,external_normalized,deepfakeface_sd15/fake/21/8194621_1986-02-16_2009.jpg,0.46952274441719055,0.4309690296649933,1,xception,external_test,source_video_disjoint_v1,lowpass_0.1,ffpp_validation_checkpoint,03cb9bba05b67e1478fb86a731857ba65f55a3db09e023035c9bcd9d442d8efc
403,C:\Users\Rohith Syam\Documents\UTS SEMESTER 3\image processing\idea 2\outputs\generalization_upgrade\02_external_bias_audit\normalized_external\fake\21\8774721_1967-04-29_2010.jpg,1,21/8774721_1967-04-29_2010.jpg,StableDiffusion_v1_5,external_normalized,deepfakeface_sd15/fake/21/8774721_1967-04-29_2010.jpg,0.2442222386598587,0.4309690296649933,0,xception,external_test,source_video_disjoint_v1,lowpass_0.1,ffpp_validation_checkpoint,03cb9bba05b67e1478fb86a731857ba65f55a3db09e023035c9bcd9d442d8efc
404,C:\Users\Rohith Syam\Documents\UTS SEMESTER 3\image processing\idea 2\outputs\generalization_upgrade\02_external_bias_audit\normalized_external\fake\21\8789221_1983-08-14_2012.jpg,1,21/8789221_1983-08-14_2012.jpg,StableDiffusion_v1_5,external_normalized,deepfakeface_sd15/fake/21/8789221_1983-08-14_2012.jpg,0.58781498670578,0.4309690296649933,1,xception,external_test,source_video_disjoint_v1,lowpass_0.1,ffpp_validation_checkpoint,03cb9bba05b67e1478fb86a731857ba65f55a3db09e023035c9bcd9d442d8efc
405,C:\Users\Rohith Syam\Documents\UTS SEMESTER 3\image processing\idea 2\outputs\generalization_upgrade\02_external_bias_audit\normalized_external\fake\21\9404921_1978-07-09_2009.jpg,1,21/9404921_1978-07-09_2009.jpg,StableDiffusion_v1_5,external_normalized,deepfakeface_sd15/fake/21/9404921_1978-07-09_2009.jpg,0.1319279670715332,0.4309690296649933,0,xception,external_test,source_video_disjoint_v1,lowpass_0.1,ffpp_validation_checkpoint,03cb9bba05b67e1478fb86a731857ba65f55a3db09e023035c9bcd9d442d8efc
406,C:\Users\Rohith Syam\Documents\UTS SEMESTER 3\image processing\idea 2\outputs\generalization_upgrade\02_external_bias_audit\normalized_external\fake\24\2968824_1963-05-26_2011.jpg,1,24/2968824_1963-05-26_2011.jpg,StableDiffusion_v1_5,external_normalized,deepfakeface_sd15/fake/24/2968824_1963-05-26_2011.jpg,0.7583473920822144,0.4309690296649933,1,xception,external_test,source_video_disjoint_v1,lowpass_0.1,ffpp_validation_checkpoint,03cb9bba05b67e1478fb86a731857ba65f55a3db09e023035c9bcd9d442d8efc
407,C:\Users\Rohith Syam\Documents\UTS SEMESTER 3\image processing\idea 2\outputs\generalization_upgrade\02_external_bias_audit\normalized_external\fake\26\503926_1976-12-31_2009.jpg,1,26/503926_1976-12-31_2009.jpg,StableDiffusion_v1_5,external_normalized,deepfakeface_sd15/fake/26/503926_1976-12-31_2009.jpg,0.42546355724334717,0.4309690296649933,0,xception,external_test,source_video_disjoint_v1,lowpass_0.1,ffpp_validation_checkpoint,03cb9bba05b67e1478fb86a731857ba65f55a3db09e023035c9bcd9d442d8efc
408,C:\Users\Rohith Syam\Documents\UTS SEMESTER 3\image processing\idea 2\outputs\generalization_upgrade\02_external_bias_audit\normalized_external\fake\30\11772430_1938-04-14_2008.jpg,1,30/11772430_1938-04-14_2008.jpg,StableDiffusion_v1_5,external_normalized,deepfakeface_sd15/fake/30/11772430_1938-04-14_2008.jpg,0.6429257392883301,0.4309690296649933,1,xception,external_test,source_video_disjoint_v1,lowpass_0.1,ffpp_validation_checkpoint,03cb9bba05b67e1478fb86a731857ba65f55a3db09e023035c9bcd9d442d8efc
409,C:\Users\Rohith Syam\Documents\UTS SEMESTER 3\image processing\idea 2\outputs\generalization_upgrade\02_external_bias_audit\normalized_external\fake\34\1149234_1978-10-03_2010.jpg,1,34/1149234_1978-10-03_2010.jpg,StableDiffusion_v1_5,external_normalized,deepfakeface_sd15/fake/34/1149234_1978-10-03_2010.jpg,0.621597170829773,0.4309690296649933,1,xception,external_test,source_video_disjoint_v1,lowpass_0.1,ffpp_validation_checkpoint,03cb9bba05b67e1478fb86a731857ba65f55a3db09e023035c9bcd9d442d8efc
410,C:\Users\Rohith Syam\Documents\UTS SEMESTER 3\image processing\idea 2\outputs\generalization_upgrade\02_external_bias_audit\normalized_external\fake\34\11653234_1986-12-23_2012.jpg,1,34/11653234_1986-12-23_2012.jpg,StableDiffusion_v1_5,external_normalized,deepfakeface_sd15/fake/34/11653234_1986-12-23_2012.jpg,0.4830898642539978,0.4309690296649933,1,xception,external_test,source_video_disjoint_v1,lowpass_0.1,ffpp_validation_checkpoint,03cb9bba05b67e1478fb86a731857ba65f55a3db09e023035c9bcd9d442d8efc
411,C:\Users\Rohith Syam\Documents\UTS SEMESTER 3\image processing\idea 2\outputs\generalization_upgrade\02_external_bias_audit\normalized_external\fake\34\1266534_1975-11-03_2011.jpg,1,34/1266534_1975-11-03_2011.jpg,StableDiffusion_v1_5,external_normalized,deepfakeface_sd15/fake/34/1266534_1975-11-03_2011.jpg,0.19626425206661224,0.4309690296649933,0,xception,external_test,source_video_disjoint_v1,lowpass_0.1,ffpp_validation_checkpoint,03cb9bba05b67e1478fb86a731857ba65f55a3db09e023035c9bcd9d442d8efc
412,C:\Users\Rohith Syam\Documents\UTS SEMESTER 3\image processing\idea 2\outputs\generalization_upgrade\02_external_bias_audit\normalized_external\fake\34\12829834_1950-08-15_2002.jpg,1,34/12829834_1950-08-15_2002.jpg,StableDiffusion_v1_5,external_normalized,deepfakeface_sd15/fake/34/12829834_1950-08-15_2002.jpg,0.8213463425636292,0.4309690296649933,1,xception,external_test,source_video_disjoint_v1,lowpass_0.1,ffpp_validation_checkpoint,03cb9bba05b67e1478fb86a731857ba65f55a3db09e023035c9bcd9d442d8efc
413,C:\Users\Rohith Syam\Documents\UTS SEMESTER 3\image processing\idea 2\outputs\generalization_upgrade\02_external_bias_audit\normalized_external\fake\34\13846034_1977-08-30_2009.jpg,1,34/13846034_1977-08-30_2009.jpg,StableDiffusion_v1_5,external_normalized,deepfakeface_sd15/fake/34/13846034_1977-08-30_2009.jpg,0.19184806942939758,0.4309690296649933,0,xception,external_test,source_video_disjoint_v1,lowpass_0.1,ffpp_validation_checkpoint,03cb9bba05b67e1478fb86a731857ba65f55a3db09e023035c9bcd9d442d8efc
414,C:\Users\Rohith Syam\Documents\UTS SEMESTER 3\image processing\idea 2\outputs\generalization_upgrade\02_external_bias_audit\normalized_external\fake\34\1386234_1952-04-25_2004.jpg,1,34/1386234_1952-04-25_2004.jpg,StableDiffusion_v1_5,external_normalized,deepfakeface_sd15/fake/34/1386234_1952-04-25_2004.jpg,0.22255223989486694,0.4309690296649933,0,xception,external_test,source_video_disjoint_v1,lowpass_0.1,ffpp_validation_checkpoint,03cb9bba05b67e1478fb86a731857ba65f55a3db09e023035c9bcd9d442d8efc
415,C:\Users\Rohith Syam\Documents\UTS SEMESTER 3\image processing\idea 2\outputs\generalization_upgrade\02_external_bias_audit\normalized_external\fake\34\19258134_1986-05-13_2009.jpg,1,34/19258134_1986-05-13_2009.jpg,StableDiffusion_v1_5,external_normalized,deepfakeface_sd15/fake/34/19258134_1986-05-13_2009.jpg,0.6346146464347839,0.4309690296649933,1,xception,external_test,source_video_disjoint_v1,lowpass_0.1,ffpp_validation_checkpoint,03cb9bba05b67e1478fb86a731857ba65f55a3db09e023035c9bcd9d442d8efc
416,C:\Users\Rohith Syam\Documents\UTS SEMESTER 3\image processing\idea 2\outputs\generalization_upgrade\02_external_bias_audit\normalized_external\fake\34\19354934_1986-10-18_2009.jpg,1,34/19354934_1986-10-18_2009.jpg,StableDiffusion_v1_5,external_normalized,deepfakeface_sd15/fake/34/19354934_1986-10-18_2009.jpg,0.04855181276798248,0.4309690296649933,0,xception,external_test,source_video_disjoint_v1,lowpass_0.1,ffpp_validation_checkpoint,03cb9bba05b67e1478fb86a731857ba65f55a3db09e023035c9bcd9d442d8efc
417,C:\Users\Rohith Syam\Documents\UTS SEMESTER 3\image processing\idea 2\outputs\generalization_upgrade\02_external_bias_audit\normalized_external\fake\34\20500734_1950-03-30_2014.jpg,1,34/20500734_1950-03-30_2014.jpg,StableDiffusion_v1_5,external_normalized,deepfakeface_sd15/fake/34/20500734_1950-03-30_2014.jpg,0.8063231110572815,0.4309690296649933,1,xception,external_test,source_video_disjoint_v1,lowpass_0.1,ffpp_validation_checkpoint,03cb9bba05b67e1478fb86a731857ba65f55a3db09e023035c9bcd9d442d8efc
418,C:\Users\Rohith Syam\Documents\UTS SEMESTER 3\image processing\idea 2\outputs\generalization_upgrade\02_external_bias_audit\normalized_external\fake\34\21284234_1983-06-02_2011.jpg,1,34/21284234_1983-06-02_2011.jpg,StableDiffusion_v1_5,external_normalized,deepfakeface_sd15/fake/34/21284234_1983-06-02_2011.jpg,0.35346049070358276,0.4309690296649933,0,xception,external_test,source_video_disjoint_v1,lowpass_0.1,ffpp_validation_checkpoint,03cb9bba05b67e1478fb86a731857ba65f55a3db09e023035c9bcd9d442d8efc
419,C:\Users\Rohith Syam\Documents\UTS SEMESTER 3\image processing\idea 2\outputs\generalization_upgrade\02_external_bias_audit\normalized_external\fake\34\23945334_1979-07-30_2008.jpg,1,34/23945334_1979-07-30_2008.jpg,StableDiffusion_v1_5,external_normalized,deepfakeface_sd15/fake/34/23945334_1979-07-30_2008.jpg,0.6972463726997375,0.4309690296649933,1,xception,external_test,source_video_disjoint_v1,lowpass_0.1,ffpp_validation_checkpoint,03cb9bba05b67e1478fb86a731857ba65f55a3db09e023035c9bcd9d442d8efc
420,C:\Users\Rohith Syam\Documents\UTS SEMESTER 3\image processing\idea 2\outputs\generalization_upgrade\02_external_bias_audit\normalized_external\fake\34\25905034_1992-04-05_2009.jpg,1,34/25905034_1992-04-05_2009.jpg,StableDiffusion_v1_5,external_normalized,deepfakeface_sd15/fake/34/25905034_1992-04-05_2009.jpg,0.3228255808353424,0.4309690296649933,0,xception,external_test,source_video_disjoint_v1,lowpass_0.1,ffpp_validation_checkpoint,03cb9bba05b67e1478fb86a731857ba65f55a3db09e023035c9bcd9d442d8efc
421,C:\Users\Rohith Syam\Documents\UTS SEMESTER 3\image processing\idea 2\outputs\generalization_upgrade\02_external_bias_audit\normalized_external\fake\34\276834_1928-01-30_2010.jpg,1,34/276834_1928-01-30_2010.jpg,StableDiffusion_v1_5,external_normalized,deepfakeface_sd15/fake/34/276834_1928-01-30_2010.jpg,0.2698473632335663,0.4309690296649933,0,xception,external_test,source_video_disjoint_v1,lowpass_0.1,ffpp_validation_checkpoint,03cb9bba05b67e1478fb86a731857ba65f55a3db09e023035c9bcd9d442d8efc
422,C:\Users\Rohith Syam\Documents\UTS SEMESTER 3\image processing\idea 2\outputs\generalization_upgrade\02_external_bias_audit\normalized_external\fake\34\32504534_1990-12-18_2011.jpg,1,34/32504534_1990-12-18_2011.jpg,StableDiffusion_v1_5,external_normalized,deepfakeface_sd15/fake/34/32504534_1990-12-18_2011.jpg,0.750478208065033,0.4309690296649933,1,xception,external_test,source_video_disjoint_v1,lowpass_0.1,ffpp_validation_checkpoint,03cb9bba05b67e1478fb86a731857ba65f55a3db09e023035c9bcd9d442d8efc
423,C:\Users\Rohith Syam\Documents\UTS SEMESTER 3\image processing\idea 2\outputs\generalization_upgrade\02_external_bias_audit\normalized_external\fake\34\32670934_1973-08-28_2013.jpg,1,34/32670934_1973-08-28_2013.jpg,StableDiffusion_v1_5,external_normalized,deepfakeface_sd15/fake/34/32670934_1973-08-28_2013.jpg,0.8777322173118591,0.4309690296649933,1,xception,external_test,source_video_disjoint_v1,lowpass_0.1,ffpp_validation_checkpoint,03cb9bba05b67e1478fb86a731857ba65f55a3db09e023035c9bcd9d442d8efc
424,C:\Users\Rohith Syam\Documents\UTS SEMESTER 3\image processing\idea 2\outputs\generalization_upgrade\02_external_bias_audit\normalized_external\fake\34\33682634_1989-09-15_2011.jpg,1,34/33682634_1989-09-15_2011.jpg,StableDiffusion_v1_5,external_normalized,deepfakeface_sd15/fake/34/33682634_1989-09-15_2011.jpg,0.4663798213005066,0.4309690296649933,1,xception,external_test,source_video_disjoint_v1,lowpass_0.1,ffpp_validation_checkpoint,03cb9bba05b67e1478fb86a731857ba65f55a3db09e023035c9bcd9d442d8efc
425,C:\Users\Rohith Syam\Documents\UTS SEMESTER 3\image processing\idea 2\outputs\generalization_upgrade\02_external_bias_audit\normalized_external\fake\34\36722334_1937-08-31_2005.jpg,1,34/36722334_1937-08-31_2005.jpg,StableDiffusion_v1_5,external_normalized,deepfakeface_sd15/fake/34/36722334_1937-08-31_2005.jpg,0.4039713442325592,0.4309690296649933,0,xception,external_test,source_video_disjoint_v1,lowpass_0.1,ffpp_validation_checkpoint,03cb9bba05b67e1478fb86a731857ba65f55a3db09e023035c9bcd9d442d8efc
426,C:\Users\Rohith Syam\Documents\UTS SEMESTER 3\image processing\idea 2\outputs\generalization_upgrade\02_external_bias_audit\normalized_external\fake\34\39718934_1987-12-07_2013.jpg,1,34/39718934_1987-12-07_2013.jpg,StableDiffusion_v1_5,external_normalized,deepfakeface_sd15/fake/34/39718934_1987-12-07_2013.jpg,0.16726824641227722,0.4309690296649933,0,xception,external_test,source_video_disjoint_v1,lowpass_0.1,ffpp_validation_checkpoint,03cb9bba05b67e1478fb86a731857ba65f55a3db09e023035c9bcd9d442d8efc
427,C:\Users\Rohith Syam\Documents\UTS SEMESTER 3\image processing\idea 2\outputs\generalization_upgrade\02_external_bias_audit\normalized_external\fake\34\398734_1932-05-04_1955.jpg,1,34/398734_1932-05-04_1955.jpg,StableDiffusion_v1_5,external_normalized,deepfakeface_sd15/fake/34/398734_1932-05-04_1955.jpg,0.7469812035560608,0.4309690296649933,1,xception,external_test,source_video_disjoint_v1,lowpass_0.1,ffpp_validation_checkpoint,03cb9bba05b67e1478fb86a731857ba65f55a3db09e023035c9bcd9d442d8efc
428,C:\Users\Rohith Syam\Documents\UTS SEMESTER 3\image processing\idea 2\outputs\generalization_upgrade\02_external_bias_audit\normalized_external\fake\34\42708434_1996-03-11_2013.jpg,1,34/42708434_1996-03-11_2013.jpg,StableDiffusion_v1_5,external_normalized,deepfakeface_sd15/fake/34/42708434_1996-03-11_2013.jpg,0.4403214156627655,0.4309690296649933,1,xception,external_test,source_video_disjoint_v1,lowpass_0.1,ffpp_validation_checkpoint,03cb9bba05b67e1478fb86a731857ba65f55a3db09e023035c9bcd9d442d8efc
429,C:\Users\Rohith Syam\Documents\UTS SEMESTER 3\image processing\idea 2\outputs\generalization_upgrade\02_external_bias_audit\normalized_external\fake\34\43639934_1912-04-03_2003.jpg,1,34/43639934_1912-04-03_2003.jpg,StableDiffusion_v1_5,external_normalized,deepfakeface_sd15/fake/34/43639934_1912-04-03_2003.jpg,0.25465109944343567,0.4309690296649933,0,xception,external_test,source_video_disjoint_v1,lowpass_0.1,ffpp_validation_checkpoint,03cb9bba05b67e1478fb86a731857ba65f55a3db09e023035c9bcd9d442d8efc
430,C:\Users\Rohith Syam\Documents\UTS SEMESTER 3\image processing\idea 2\outputs\generalization_upgrade\02_external_bias_audit\normalized_external\fake\34\440034_1924-04-29_1963.jpg,1,34/440034_1924-04-29_1963.jpg,StableDiffusion_v1_5,external_normalized,deepfakeface_sd15/fake/34/440034_1924-04-29_1963.jpg,0.47867149114608765,0.4309690296649933,1,xception,external_test,source_video_disjoint_v1,lowpass_0.1,ffpp_validation_checkpoint,03cb9bba05b67e1478fb86a731857ba65f55a3db09e023035c9bcd9d442d8efc
431,C:\Users\Rohith Syam\Documents\UTS SEMESTER 3\image processing\idea 2\outputs\generalization_upgrade\02_external_bias_audit\normalized_external\fake\34\4413434_1984-01-21_2013.jpg,1,34/4413434_1984-01-21_2013.jpg,StableDiffusion_v1_5,external_normalized,deepfakeface_sd15/fake/34/4413434_1984-01-21_2013.jpg,0.4381139576435089,0.4309690296649933,1,xception,external_test,source_video_disjoint_v1,lowpass_0.1,ffpp_validation_checkpoint,03cb9bba05b67e1478fb86a731857ba65f55a3db09e023035c9bcd9d442d8efc
432,C:\Users\Rohith Syam\Documents\UTS SEMESTER 3\image processing\idea 2\outputs\generalization_upgrade\02_external_bias_audit\normalized_external\fake\34\4998434_1979-05-16_2005.jpg,1,34/4998434_1979-05-16_2005.jpg,StableDiffusion_v1_5,external_normalized,deepfakeface_sd15/fake/34/4998434_1979-05-16_2005.jpg,0.48920172452926636,0.4309690296649933,1,xception,external_test,source_video_disjoint_v1,lowpass_0.1,ffpp_validation_checkpoint,03cb9bba05b67e1478fb86a731857ba65f55a3db09e023035c9bcd9d442d8efc
433,C:\Users\Rohith Syam\Documents\UTS SEMESTER 3\image processing\idea 2\outputs\generalization_upgrade\02_external_bias_audit\normalized_external\fake\34\5354734_1976-10-17_1995.jpg,1,34/5354734_1976-10-17_1995.jpg,StableDiffusion_v1_5,external_normalized,deepfakeface_sd15/fake/34/5354734_1976-10-17_1995.jpg,0.05643090978264809,0.4309690296649933,0,xception,external_test,source_video_disjoint_v1,lowpass_0.1,ffpp_validation_checkpoint,03cb9bba05b67e1478fb86a731857ba65f55a3db09e023035c9bcd9d442d8efc
434,C:\Users\Rohith Syam\Documents\UTS SEMESTER 3\image processing\idea 2\outputs\generalization_upgrade\02_external_bias_audit\normalized_external\fake\34\603934_1963-12-04_2013.jpg,1,34/603934_1963-12-04_2013.jpg,StableDiffusion_v1_5,external_normalized,deepfakeface_sd15/fake/34/603934_1963-12-04_2013.jpg,0.24822838604450226,0.4309690296649933,0,xception,external_test,source_video_disjoint_v1,lowpass_0.1,ffpp_validation_checkpoint,03cb9bba05b67e1478fb86a731857ba65f55a3db09e023035c9bcd9d442d8efc
435,C:\Users\Rohith Syam\Documents\UTS SEMESTER 3\image processing\idea 2\outputs\generalization_upgrade\02_external_bias_audit\normalized_external\fake\34\78834_1970-04-29_2014.jpg,1,34/78834_1970-04-29_2014.jpg,StableDiffusion_v1_5,external_normalized,deepfakeface_sd15/fake/34/78834_1970-04-29_2014.jpg,0.29273301362991333,0.4309690296649933,0,xception,external_test,source_video_disjoint_v1,lowpass_0.1,ffpp_validation_checkpoint,03cb9bba05b67e1478fb86a731857ba65f55a3db09e023035c9bcd9d442d8efc
436,C:\Users\Rohith Syam\Documents\UTS SEMESTER 3\image processing\idea 2\outputs\generalization_upgrade\02_external_bias_audit\normalized_external\fake\34\9326434_1987-05-02_2006.jpg,1,34/9326434_1987-05-02_2006.jpg,StableDiffusion_v1_5,external_normalized,deepfakeface_sd15/fake/34/9326434_1987-05-02_2006.jpg,0.8681269884109497,0.4309690296649933,1,xception,external_test,source_video_disjoint_v1,lowpass_0.1,ffpp_validation_checkpoint,03cb9bba05b67e1478fb86a731857ba65f55a3db09e023035c9bcd9d442d8efc
437,C:\Users\Rohith Syam\Documents\UTS SEMESTER 3\image processing\idea 2\outputs\generalization_upgrade\02_external_bias_audit\normalized_external\fake\35\10970235_1972-10-10_2010.jpg,1,35/10970235_1972-10-10_2010.jpg,StableDiffusion_v1_5,external_normalized,deepfakeface_sd15/fake/35/10970235_1972-10-10_2010.jpg,0.026692021638154984,0.4309690296649933,0,xception,external_test,source_video_disjoint_v1,lowpass_0.1,ffpp_validation_checkpoint,03cb9bba05b67e1478fb86a731857ba65f55a3db09e023035c9bcd9d442d8efc
438,C:\Users\Rohith Syam\Documents\UTS SEMESTER 3\image processing\idea 2\outputs\generalization_upgrade\02_external_bias_audit\normalized_external\fake\35\12523735_1981-04-21_2014.jpg,1,35/12523735_1981-04-21_2014.jpg,StableDiffusion_v1_5,external_normalized,deepfakeface_sd15/fake/35/12523735_1981-04-21_2014.jpg,0.30200016498565674,0.4309690296649933,0,xception,external_test,source_video_disjoint_v1,lowpass_0.1,ffpp_validation_checkpoint,03cb9bba05b67e1478fb86a731857ba65f55a3db09e023035c9bcd9d442d8efc
439,C:\Users\Rohith Syam\Documents\UTS SEMESTER 3\image processing\idea 2\outputs\generalization_upgrade\02_external_bias_audit\normalized_external\fake\35\1323135_1941-09-15_1966.jpg,1,35/1323135_1941-09-15_1966.jpg,StableDiffusion_v1_5,external_normalized,deepfakeface_sd15/fake/35/1323135_1941-09-15_1966.jpg,0.3640689253807068,0.4309690296649933,0,xception,external_test,source_video_disjoint_v1,lowpass_0.1,ffpp_validation_checkpoint,03cb9bba05b67e1478fb86a731857ba65f55a3db09e023035c9bcd9d442d8efc
440,C:\Users\Rohith Syam\Documents\UTS SEMESTER 3\image processing\idea 2\outputs\generalization_upgrade\02_external_bias_audit\normalized_external\fake\35\13774535_1942-06-09_1957.jpg,1,35/13774535_1942-06-09_1957.jpg,StableDiffusion_v1_5,external_normalized,deepfakeface_sd15/fake/35/13774535_1942-06-09_1957.jpg,0.48909738659858704,0.4309690296649933,1,xception,external_test,source_video_disjoint_v1,lowpass_0.1,ffpp_validation_checkpoint,03cb9bba05b67e1478fb86a731857ba65f55a3db09e023035c9bcd9d442d8efc
441,C:\Users\Rohith Syam\Documents\UTS SEMESTER 3\image processing\idea 2\outputs\generalization_upgrade\02_external_bias_audit\normalized_external\fake\35\14180235_1985-10-27_2015.jpg,1,35/14180235_1985-10-27_2015.jpg,StableDiffusion_v1_5,external_normalized,deepfakeface_sd15/fake/35/14180235_1985-10-27_2015.jpg,0.04431074485182762,0.4309690296649933,0,xception,external_test,source_video_disjoint_v1,lowpass_0.1,ffpp_validation_checkpoint,03cb9bba05b67e1478fb86a731857ba65f55a3db09e023035c9bcd9d442d8efc
442,C:\Users\Rohith Syam\Documents\UTS SEMESTER 3\image processing\idea 2\outputs\generalization_upgrade\02_external_bias_audit\normalized_external\fake\35\14347235_1959-06-15_2013.jpg,1,35/14347235_1959-06-15_2013.jpg,StableDiffusion_v1_5,external_normalized,deepfakeface_sd15/fake/35/14347235_1959-06-15_2013.jpg,0.1067795380949974,0.4309690296649933,0,xception,external_test,source_video_disjoint_v1,lowpass_0.1,ffpp_validation_checkpoint,03cb9bba05b67e1478fb86a731857ba65f55a3db09e023035c9bcd9d442d8efc
443,C:\Users\Rohith Syam\Documents\UTS SEMESTER 3\image processing\idea 2\outputs\generalization_upgrade\02_external_bias_audit\normalized_external\fake\35\1437535_1935-02-22_2010.jpg,1,35/1437535_1935-02-22_2010.jpg,StableDiffusion_v1_5,external_normalized,deepfakeface_sd15/fake/35/1437535_1935-02-22_2010.jpg,0.4689994156360626,0.4309690296649933,1,xception,external_test,source_video_disjoint_v1,lowpass_0.1,ffpp_validation_checkpoint,03cb9bba05b67e1478fb86a731857ba65f55a3db09e023035c9bcd9d442d8efc
444,C:\Users\Rohith Syam\Documents\UTS SEMESTER 3\image processing\idea 2\outputs\generalization_upgrade\02_external_bias_audit\normalized_external\fake\35\14619035_1990-02-25_2014.jpg,1,35/14619035_1990-02-25_2014.jpg,StableDiffusion_v1_5,external_normalized,deepfakeface_sd15/fake/35/14619035_1990-02-25_2014.jpg,0.3989821672439575,0.4309690296649933,0,xception,external_test,source_video_disjoint_v1,lowpass_0.1,ffpp_validation_checkpoint,03cb9bba05b67e1478fb86a731857ba65f55a3db09e023035c9bcd9d442d8efc
445,C:\Users\Rohith Syam\Documents\UTS SEMESTER 3\image processing\idea 2\outputs\generalization_upgrade\02_external_bias_audit\normalized_external\fake\35\1566935_1953-09-11_2010.jpg,1,35/1566935_1953-09-11_2010.jpg,StableDiffusion_v1_5,external_normalized,deepfakeface_sd15/fake/35/1566935_1953-09-11_2010.jpg,0.49033522605895996,0.4309690296649933,1,xception,external_test,source_video_disjoint_v1,lowpass_0.1,ffpp_validation_checkpoint,03cb9bba05b67e1478fb86a731857ba65f55a3db09e023035c9bcd9d442d8efc
446,C:\Users\Rohith Syam\Documents\UTS SEMESTER 3\image processing\idea 2\outputs\generalization_upgrade\02_external_bias_audit\normalized_external\fake\35\16105135_1980-04-18_2012.jpg,1,35/16105135_1980-04-18_2012.jpg,StableDiffusion_v1_5,external_normalized,deepfakeface_sd15/fake/35/16105135_1980-04-18_2012.jpg,0.5734185576438904,0.4309690296649933,1,xception,external_test,source_video_disjoint_v1,lowpass_0.1,ffpp_validation_checkpoint,03cb9bba05b67e1478fb86a731857ba65f55a3db09e023035c9bcd9d442d8efc
447,C:\Users\Rohith Syam\Documents\UTS SEMESTER 3\image processing\idea 2\outputs\generalization_upgrade\02_external_bias_audit\normalized_external\fake\35\17974235_1973-06-13_2009.jpg,1,35/17974235_1973-06-13_2009.jpg,StableDiffusion_v1_5,external_normalized,deepfakeface_sd15/fake/35/17974235_1973-06-13_2009.jpg,0.8935506343841553,0.4309690296649933,1,xception,external_test,source_video_disjoint_v1,lowpass_0.1,ffpp_validation_checkpoint,03cb9bba05b67e1478fb86a731857ba65f55a3db09e023035c9bcd9d442d8efc
448,C:\Users\Rohith Syam\Documents\UTS SEMESTER 3\image processing\idea 2\outputs\generalization_upgrade\02_external_bias_audit\normalized_external\fake\35\18933035_1982-08-26_2012.jpg,1,35/18933035_1982-08-26_2012.jpg,StableDiffusion_v1_5,external_normalized,deepfakeface_sd15/fake/35/18933035_1982-08-26_2012.jpg,0.3643985688686371,0.4309690296649933,0,xception,external_test,source_video_disjoint_v1,lowpass_0.1,ffpp_validation_checkpoint,03cb9bba05b67e1478fb86a731857ba65f55a3db09e023035c9bcd9d442d8efc
449,C:\Users\Rohith Syam\Documents\UTS SEMESTER 3\image processing\idea 2\outputs\generalization_upgrade\02_external_bias_audit\normalized_external\fake\35\19966435_1968-04-03_2012.jpg,1,35/19966435_1968-04-03_2012.jpg,StableDiffusion_v1_5,external_normalized,deepfakeface_sd15/fake/35/19966435_1968-04-03_2012.jpg,0.7520424723625183,0.4309690296649933,1,xception,external_test,source_video_disjoint_v1,lowpass_0.1,ffpp_validation_checkpoint,03cb9bba05b67e1478fb86a731857ba65f55a3db09e023035c9bcd9d442d8efc
450,C:\Users\Rohith Syam\Documents\UTS SEMESTER 3\image processing\idea 2\outputs\generalization_upgrade\02_external_bias_audit\normalized_external\fake\35\2357835_1982-06-16_2014.jpg,1,35/2357835_1982-06-16_2014.jpg,StableDiffusion_v1_5,external_normalized,deepfakeface_sd15/fake/35/2357835_1982-06-16_2014.jpg,0.4413165748119354,0.4309690296649933,1,xception,external_test,source_video_disjoint_v1,lowpass_0.1,ffpp_validation_checkpoint,03cb9bba05b67e1478fb86a731857ba65f55a3db09e023035c9bcd9d442d8efc
451,C:\Users\Rohith Syam\Documents\UTS SEMESTER 3\image processing\idea 2\outputs\generalization_upgrade\02_external_bias_audit\normalized_external\fake\35\2663135_1941-03-20_2008.jpg,1,35/2663135_1941-03-20_2008.jpg,StableDiffusion_v1_5,external_normalized,deepfakeface_sd15/fake/35/2663135_1941-03-20_2008.jpg,0.49748536944389343,0.4309690296649933,1,xception,external_test,source_video_disjoint_v1,lowpass_0.1,ffpp_validation_checkpoint,03cb9bba05b67e1478fb86a731857ba65f55a3db09e023035c9bcd9d442d8efc
452,C:\Users\Rohith Syam\Documents\UTS SEMESTER 3\image processing\idea 2\outputs\generalization_upgrade\02_external_bias_audit\normalized_external\fake\35\2667535_1937-12-16_1985.jpg,1,35/2667535_1937-12-16_1985.jpg,StableDiffusion_v1_5,external_normalized,deepfakeface_sd15/fake/35/2667535_1937-12-16_1985.jpg,0.8725070357322693,0.4309690296649933,1,xception,external_test,source_video_disjoint_v1,lowpass_0.1,ffpp_validation_checkpoint,03cb9bba05b67e1478fb86a731857ba65f55a3db09e023035c9bcd9d442d8efc
453,C:\Users\Rohith Syam\Documents\UTS SEMESTER 3\image processing\idea 2\outputs\generalization_upgrade\02_external_bias_audit\normalized_external\fake\35\28265335_1988-06-22_2013.jpg,1,35/28265335_1988-06-22_2013.jpg,StableDiffusion_v1_5,external_normalized,deepfakeface_sd15/fake/35/28265335_1988-06-22_2013.jpg,0.5603581666946411,0.4309690296649933,1,xception,external_test,source_video_disjoint_v1,lowpass_0.1,ffpp_validation_checkpoint,03cb9bba05b67e1478fb86a731857ba65f55a3db09e023035c9bcd9d442d8efc
454,C:\Users\Rohith Syam\Documents\UTS SEMESTER 3\image processing\idea 2\outputs\generalization_upgrade\02_external_bias_audit\normalized_external\fake\35\30385335_1991-08-22_2011.jpg,1,35/30385335_1991-08-22_2011.jpg,StableDiffusion_v1_5,external_normalized,deepfakeface_sd15/fake/35/30385335_1991-08-22_2011.jpg,0.7483177781105042,0.4309690296649933,1,xception,external_test,source_video_disjoint_v1,lowpass_0.1,ffpp_validation_checkpoint,03cb9bba05b67e1478fb86a731857ba65f55a3db09e023035c9bcd9d442d8efc
455,C:\Users\Rohith Syam\Documents\UTS SEMESTER 3\image processing\idea 2\outputs\generalization_upgrade\02_external_bias_audit\normalized_external\fake\35\3110335_1948-04-03_2012.jpg,1,35/3110335_1948-04-03_2012.jpg,StableDiffusion_v1_5,external_normalized,deepfakeface_sd15/fake/35/3110335_1948-04-03_2012.jpg,0.16530640423297882,0.4309690296649933,0,xception,external_test,source_video_disjoint_v1,lowpass_0.1,ffpp_validation_checkpoint,03cb9bba05b67e1478fb86a731857ba65f55a3db09e023035c9bcd9d442d8efc
456,C:\Users\Rohith Syam\Documents\UTS SEMESTER 3\image processing\idea 2\outputs\generalization_upgrade\02_external_bias_audit\normalized_external\fake\35\31663335_1976-06-05_2013.jpg,1,35/31663335_1976-06-05_2013.jpg,StableDiffusion_v1_5,external_normalized,deepfakeface_sd15/fake/35/31663335_1976-06-05_2013.jpg,0.4476282000541687,0.4309690296649933,1,xception,external_test,source_video_disjoint_v1,lowpass_0.1,ffpp_validation_checkpoint,03cb9bba05b67e1478fb86a731857ba65f55a3db09e023035c9bcd9d442d8efc
457,C:\Users\Rohith Syam\Documents\UTS SEMESTER 3\image processing\idea 2\outputs\generalization_upgrade\02_external_bias_audit\normalized_external\fake\35\32471435_1932-05-10_1959.jpg,1,35/32471435_1932-05-10_1959.jpg,StableDiffusion_v1_5,external_normalized,deepfakeface_sd15/fake/35/32471435_1932-05-10_1959.jpg,0.32794201374053955,0.4309690296649933,0,xception,external_test,source_video_disjoint_v1,lowpass_0.1,ffpp_validation_checkpoint,03cb9bba05b67e1478fb86a731857ba65f55a3db09e023035c9bcd9d442d8efc
458,C:\Users\Rohith Syam\Documents\UTS SEMESTER 3\image processing\idea 2\outputs\generalization_upgrade\02_external_bias_audit\normalized_external\fake\35\33199835_1985-06-12_2011.jpg,1,35/33199835_1985-06-12_2011.jpg,StableDiffusion_v1_5,external_normalized,deepfakeface_sd15/fake/35/33199835_1985-06-12_2011.jpg,0.24849073588848114,0.4309690296649933,0,xception,external_test,source_video_disjoint_v1,lowpass_0.1,ffpp_validation_checkpoint,03cb9bba05b67e1478fb86a731857ba65f55a3db09e023035c9bcd9d442d8efc
459,C:\Users\Rohith Syam\Documents\UTS SEMESTER 3\image processing\idea 2\outputs\generalization_upgrade\02_external_bias_audit\normalized_external\fake\35\3338735_1981-11-16_2013.jpg,1,35/3338735_1981-11-16_2013.jpg,StableDiffusion_v1_5,external_normalized,deepfakeface_sd15/fake/35/3338735_1981-11-16_2013.jpg,0.6339125633239746,0.4309690296649933,1,xception,external_test,source_video_disjoint_v1,lowpass_0.1,ffpp_validation_checkpoint,03cb9bba05b67e1478fb86a731857ba65f55a3db09e023035c9bcd9d442d8efc
460,C:\Users\Rohith Syam\Documents\UTS SEMESTER 3\image processing\idea 2\outputs\generalization_upgrade\02_external_bias_audit\normalized_external\fake\35\34163535_1988-04-03_2011.jpg,1,35/34163535_1988-04-03_2011.jpg,StableDiffusion_v1_5,external_normalized,deepfakeface_sd15/fake/35/34163535_1988-04-03_2011.jpg,0.5602318644523621,0.4309690296649933,1,xception,external_test,source_video_disjoint_v1,lowpass_0.1,ffpp_validation_checkpoint,03cb9bba05b67e1478fb86a731857ba65f55a3db09e023035c9bcd9d442d8efc
461,C:\Users\Rohith Syam\Documents\UTS SEMESTER 3\image processing\idea 2\outputs\generalization_upgrade\02_external_bias_audit\normalized_external\fake\35\36702535_1992-07-04_2012.jpg,1,35/36702535_1992-07-04_2012.jpg,StableDiffusion_v1_5,external_normalized,deepfakeface_sd15/fake/35/36702535_1992-07-04_2012.jpg,0.8778049945831299,0.4309690296649933,1,xception,external_test,source_video_disjoint_v1,lowpass_0.1,ffpp_validation_checkpoint,03cb9bba05b67e1478fb86a731857ba65f55a3db09e023035c9bcd9d442d8efc
462,C:\Users\Rohith Syam\Documents\UTS SEMESTER 3\image processing\idea 2\outputs\generalization_upgrade\02_external_bias_audit\normalized_external\fake\35\4943835_1891-09-22_1968.jpg,1,35/4943835_1891-09-22_1968.jpg,StableDiffusion_v1_5,external_normalized,deepfakeface_sd15/fake/35/4943835_1891-09-22_1968.jpg,0.3322947025299072,0.4309690296649933,0,xception,external_test,source_video_disjoint_v1,lowpass_0.1,ffpp_validation_checkpoint,03cb9bba05b67e1478fb86a731857ba65f55a3db09e023035c9bcd9d442d8efc
463,C:\Users\Rohith Syam\Documents\UTS SEMESTER 3\image processing\idea 2\outputs\generalization_upgrade\02_external_bias_audit\normalized_external\fake\35\6232035_1987-09-07_2013.jpg,1,35/6232035_1987-09-07_2013.jpg,StableDiffusion_v1_5,external_normalized,deepfakeface_sd15/fake/35/6232035_1987-09-07_2013.jpg,0.4360432028770447,0.4309690296649933,1,xception,external_test,source_video_disjoint_v1,lowpass_0.1,ffpp_validation_checkpoint,03cb9bba05b67e1478fb86a731857ba65f55a3db09e023035c9bcd9d442d8efc
464,C:\Users\Rohith Syam\Documents\UTS SEMESTER 3\image processing\idea 2\outputs\generalization_upgrade\02_external_bias_audit\normalized_external\fake\35\89835_1951-04-07_1981.jpg,1,35/89835_1951-04-07_1981.jpg,StableDiffusion_v1_5,external_normalized,deepfakeface_sd15/fake/35/89835_1951-04-07_1981.jpg,0.656953752040863,0.4309690296649933,1,xception,external_test,source_video_disjoint_v1,lowpass_0.1,ffpp_validation_checkpoint,03cb9bba05b67e1478fb86a731857ba65f55a3db09e023035c9bcd9d442d8efc
465,C:\Users\Rohith Syam\Documents\UTS SEMESTER 3\image processing\idea 2\outputs\generalization_upgrade\02_external_bias_audit\normalized_external\fake\55\10095655_1985-07-10_2012.jpg,1,55/10095655_1985-07-10_2012.jpg,StableDiffusion_v1_5,external_normalized,deepfakeface_sd15/fake/55/10095655_1985-07-10_2012.jpg,0.3322976231575012,0.4309690296649933,0,xception,external_test,source_video_disjoint_v1,lowpass_0.1,ffpp_validation_checkpoint,03cb9bba05b67e1478fb86a731857ba65f55a3db09e023035c9bcd9d442d8efc
466,C:\Users\Rohith Syam\Documents\UTS SEMESTER 3\image processing\idea 2\outputs\generalization_upgrade\02_external_bias_audit\normalized_external\fake\55\10486955_1937-11-18_1975.jpg,1,55/10486955_1937-11-18_1975.jpg,StableDiffusion_v1_5,external_normalized,deepfakeface_sd15/fake/55/10486955_1937-11-18_1975.jpg,0.5018107295036316,0.4309690296649933,1,xception,external_test,source_video_disjoint_v1,lowpass_0.1,ffpp_validation_checkpoint,03cb9bba05b67e1478fb86a731857ba65f55a3db09e023035c9bcd9d442d8efc
467,C:\Users\Rohith Syam\Documents\UTS SEMESTER 3\image processing\idea 2\outputs\generalization_upgrade\02_external_bias_audit\normalized_external\fake\55\1196855_1923-06-24_2009.jpg,1,55/1196855_1923-06-24_2009.jpg,StableDiffusion_v1_5,external_normalized,deepfakeface_sd15/fake/55/1196855_1923-06-24_2009.jpg,0.13314777612686157,0.4309690296649933,0,xception,external_test,source_video_disjoint_v1,lowpass_0.1,ffpp_validation_checkpoint,03cb9bba05b67e1478fb86a731857ba65f55a3db09e023035c9bcd9d442d8efc
468,C:\Users\Rohith Syam\Documents\UTS SEMESTER 3\image processing\idea 2\outputs\generalization_upgrade\02_external_bias_audit\normalized_external\fake\55\12428755_1982-12-09_2012.jpg,1,55/12428755_1982-12-09_2012.jpg,StableDiffusion_v1_5,external_normalized,deepfakeface_sd15/fake/55/12428755_1982-12-09_2012.jpg,0.8055323958396912,0.4309690296649933,1,xception,external_test,source_video_disjoint_v1,lowpass_0.1,ffpp_validation_checkpoint,03cb9bba05b67e1478fb86a731857ba65f55a3db09e023035c9bcd9d442d8efc
469,C:\Users\Rohith Syam\Documents\UTS SEMESTER 3\image processing\idea 2\outputs\generalization_upgrade\02_external_bias_audit\normalized_external\fake\55\1349055_1974-02-24_2009.jpg,1,55/1349055_1974-02-24_2009.jpg,StableDiffusion_v1_5,external_normalized,deepfakeface_sd15/fake/55/1349055_1974-02-24_2009.jpg,0.19142475724220276,0.4309690296649933,0,xception,external_test,source_video_disjoint_v1,lowpass_0.1,ffpp_validation_checkpoint,03cb9bba05b67e1478fb86a731857ba65f55a3db09e023035c9bcd9d442d8efc
470,C:\Users\Rohith Syam\Documents\UTS SEMESTER 3\image processing\idea 2\outputs\generalization_upgrade\02_external_bias_audit\normalized_external\fake\55\14640255_1980-09-24_2006.jpg,1,55/14640255_1980-09-24_2006.jpg,StableDiffusion_v1_5,external_normalized,deepfakeface_sd15/fake/55/14640255_1980-09-24_2006.jpg,0.7685009241104126,0.4309690296649933,1,xception,external_test,source_video_disjoint_v1,lowpass_0.1,ffpp_validation_checkpoint,03cb9bba05b67e1478fb86a731857ba65f55a3db09e023035c9bcd9d442d8efc
471,C:\Users\Rohith Syam\Documents\UTS SEMESTER 3\image processing\idea 2\outputs\generalization_upgrade\02_external_bias_audit\normalized_external\fake\55\14904555_1915-05-08_1941.jpg,1,55/14904555_1915-05-08_1941.jpg,StableDiffusion_v1_5,external_normalized,deepfakeface_sd15/fake/55/14904555_1915-05-08_1941.jpg,0.31593209505081177,0.4309690296649933,0,xception,external_test,source_video_disjoint_v1,lowpass_0.1,ffpp_validation_checkpoint,03cb9bba05b67e1478fb86a731857ba65f55a3db09e023035c9bcd9d442d8efc
472,C:\Users\Rohith Syam\Documents\UTS SEMESTER 3\image processing\idea 2\outputs\generalization_upgrade\02_external_bias_audit\normalized_external\fake\55\15890555_1987-12-03_2014.jpg,1,55/15890555_1987-12-03_2014.jpg,StableDiffusion_v1_5,external_normalized,deepfakeface_sd15/fake/55/15890555_1987-12-03_2014.jpg,0.31656232476234436,0.4309690296649933,0,xception,external_test,source_video_disjoint_v1,lowpass_0.1,ffpp_validation_checkpoint,03cb9bba05b67e1478fb86a731857ba65f55a3db09e023035c9bcd9d442d8efc
473,C:\Users\Rohith Syam\Documents\UTS SEMESTER 3\image processing\idea 2\outputs\generalization_upgrade\02_external_bias_audit\normalized_external\fake\55\1941155_1993-07-26_2010.jpg,1,55/1941155_1993-07-26_2010.jpg,StableDiffusion_v1_5,external_normalized,deepfakeface_sd15/fake/55/1941155_1993-07-26_2010.jpg,0.7221859097480774,0.4309690296649933,1,xception,external_test,source_video_disjoint_v1,lowpass_0.1,ffpp_validation_checkpoint,03cb9bba05b67e1478fb86a731857ba65f55a3db09e023035c9bcd9d442d8efc
474,C:\Users\Rohith Syam\Documents\UTS SEMESTER 3\image processing\idea 2\outputs\generalization_upgrade\02_external_bias_audit\normalized_external\fake\55\20025755_1979-03-10_2009.jpg,1,55/20025755_1979-03-10_2009.jpg,StableDiffusion_v1_5,external_normalized,deepfakeface_sd15/fake/55/20025755_1979-03-10_2009.jpg,0.16317014396190643,0.4309690296649933,0,xception,external_test,source_video_disjoint_v1,lowpass_0.1,ffpp_validation_checkpoint,03cb9bba05b67e1478fb86a731857ba65f55a3db09e023035c9bcd9d442d8efc
475,C:\Users\Rohith Syam\Documents\UTS SEMESTER 3\image processing\idea 2\outputs\generalization_upgrade\02_external_bias_audit\normalized_external\fake\55\2538755_1933-07-01_1979.jpg,1,55/2538755_1933-07-01_1979.jpg,StableDiffusion_v1_5,external_normalized,deepfakeface_sd15/fake/55/2538755_1933-07-01_1979.jpg,0.6402077674865723,0.4309690296649933,1,xception,external_test,source_video_disjoint_v1,lowpass_0.1,ffpp_validation_checkpoint,03cb9bba05b67e1478fb86a731857ba65f55a3db09e023035c9bcd9d442d8efc
476,C:\Users\Rohith Syam\Documents\UTS SEMESTER 3\image processing\idea 2\outputs\generalization_upgrade\02_external_bias_audit\normalized_external\fake\55\27599355_1985-04-07_2007.jpg,1,55/27599355_1985-04-07_2007.jpg,StableDiffusion_v1_5,external_normalized,deepfakeface_sd15/fake/55/27599355_1985-04-07_2007.jpg,0.593429684638977,0.4309690296649933,1,xception,external_test,source_video_disjoint_v1,lowpass_0.1,ffpp_validation_checkpoint,03cb9bba05b67e1478fb86a731857ba65f55a3db09e023035c9bcd9d442d8efc
477,C:\Users\Rohith Syam\Documents\UTS SEMESTER 3\image processing\idea 2\outputs\generalization_upgrade\02_external_bias_audit\normalized_external\fake\55\2894455_1947-09-13_2009.jpg,1,55/2894455_1947-09-13_2009.jpg,StableDiffusion_v1_5,external_normalized,deepfakeface_sd15/fake/55/2894455_1947-09-13_2009.jpg,0.3066707253456116,0.4309690296649933,0,xception,external_test,source_video_disjoint_v1,lowpass_0.1,ffpp_validation_checkpoint,03cb9bba05b67e1478fb86a731857ba65f55a3db09e023035c9bcd9d442d8efc
478,C:\Users\Rohith Syam\Documents\UTS SEMESTER 3\image processing\idea 2\outputs\generalization_upgrade\02_external_bias_audit\normalized_external\fake\55\295555_1950-07-15_2012.jpg,1,55/295555_1950-07-15_2012.jpg,StableDiffusion_v1_5,external_normalized,deepfakeface_sd15/fake/55/295555_1950-07-15_2012.jpg,0.4802815914154053,0.4309690296649933,1,xception,external_test,source_video_disjoint_v1,lowpass_0.1,ffpp_validation_checkpoint,03cb9bba05b67e1478fb86a731857ba65f55a3db09e023035c9bcd9d442d8efc
479,C:\Users\Rohith Syam\Documents\UTS SEMESTER 3\image processing\idea 2\outputs\generalization_upgrade\02_external_bias_audit\normalized_external\fake\55\2979255_1982-08-30_2012.jpg,1,55/2979255_1982-08-30_2012.jpg,StableDiffusion_v1_5,external_normalized,deepfakeface_sd15/fake/55/2979255_1982-08-30_2012.jpg,0.8214730620384216,0.4309690296649933,1,xception,external_test,source_video_disjoint_v1,lowpass_0.1,ffpp_validation_checkpoint,03cb9bba05b67e1478fb86a731857ba65f55a3db09e023035c9bcd9d442d8efc
480,C:\Users\Rohith Syam\Documents\UTS SEMESTER 3\image processing\idea 2\outputs\generalization_upgrade\02_external_bias_audit\normalized_external\fake\55\30781355_1963-07-29_2015.jpg,1,55/30781355_1963-07-29_2015.jpg,StableDiffusion_v1_5,external_normalized,deepfakeface_sd15/fake/55/30781355_1963-07-29_2015.jpg,0.2704519033432007,0.4309690296649933,0,xception,external_test,source_video_disjoint_v1,lowpass_0.1,ffpp_validation_checkpoint,03cb9bba05b67e1478fb86a731857ba65f55a3db09e023035c9bcd9d442d8efc
481,C:\Users\Rohith Syam\Documents\UTS SEMESTER 3\image processing\idea 2\outputs\generalization_upgrade\02_external_bias_audit\normalized_external\fake\55\31689055_1988-03-014_2013.jpg,1,55/31689055_1988-03-014_2013.jpg,StableDiffusion_v1_5,external_normalized,deepfakeface_sd15/fake/55/31689055_1988-03-014_2013.jpg,0.7109661102294922,0.4309690296649933,1,xception,external_test,source_video_disjoint_v1,lowpass_0.1,ffpp_validation_checkpoint,03cb9bba05b67e1478fb86a731857ba65f55a3db09e023035c9bcd9d442d8efc
482,C:\Users\Rohith Syam\Documents\UTS SEMESTER 3\image processing\idea 2\outputs\generalization_upgrade\02_external_bias_audit\normalized_external\fake\55\3523055_1984-05-01_2014.jpg,1,55/3523055_1984-05-01_2014.jpg,StableDiffusion_v1_5,external_normalized,deepfakeface_sd15/fake/55/3523055_1984-05-01_2014.jpg,0.7947083711624146,0.4309690296649933,1,xception,external_test,source_video_disjoint_v1,lowpass_0.1,ffpp_validation_checkpoint,03cb9bba05b67e1478fb86a731857ba65f55a3db09e023035c9bcd9d442d8efc
483,C:\Users\Rohith Syam\Documents\UTS SEMESTER 3\image processing\idea 2\outputs\generalization_upgrade\02_external_bias_audit\normalized_external\fake\55\3566855_1977-08-09_2010.jpg,1,55/3566855_1977-08-09_2010.jpg,StableDiffusion_v1_5,external_normalized,deepfakeface_sd15/fake/55/3566855_1977-08-09_2010.jpg,0.45385828614234924,0.4309690296649933,1,xception,external_test,source_video_disjoint_v1,lowpass_0.1,ffpp_validation_checkpoint,03cb9bba05b67e1478fb86a731857ba65f55a3db09e023035c9bcd9d442d8efc
484,C:\Users\Rohith Syam\Documents\UTS SEMESTER 3\image processing\idea 2\outputs\generalization_upgrade\02_external_bias_audit\normalized_external\fake\55\36326355_1990-10-27_2014.jpg,1,55/36326355_1990-10-27_2014.jpg,StableDiffusion_v1_5,external_normalized,deepfakeface_sd15/fake/55/36326355_1990-10-27_2014.jpg,0.7857740521430969,0.4309690296649933,1,xception,external_test,source_video_disjoint_v1,lowpass_0.1,ffpp_validation_checkpoint,03cb9bba05b67e1478fb86a731857ba65f55a3db09e023035c9bcd9d442d8efc
485,C:\Users\Rohith Syam\Documents\UTS SEMESTER 3\image processing\idea 2\outputs\generalization_upgrade\02_external_bias_audit\normalized_external\fake\55\38909755_1989-02-21_2013.jpg,1,55/38909755_1989-02-21_2013.jpg,StableDiffusion_v1_5,external_normalized,deepfakeface_sd15/fake/55/38909755_1989-02-21_2013.jpg,0.7654204964637756,0.4309690296649933,1,xception,external_test,source_video_disjoint_v1,lowpass_0.1,ffpp_validation_checkpoint,03cb9bba05b67e1478fb86a731857ba65f55a3db09e023035c9bcd9d442d8efc
486,C:\Users\Rohith Syam\Documents\UTS SEMESTER 3\image processing\idea 2\outputs\generalization_upgrade\02_external_bias_audit\normalized_external\fake\55\39790655_2013-07-22_2014.jpg,1,55/39790655_2013-07-22_2014.jpg,StableDiffusion_v1_5,external_normalized,deepfakeface_sd15/fake/55/39790655_2013-07-22_2014.jpg,0.25137630105018616,0.4309690296649933,0,xception,external_test,source_video_disjoint_v1,lowpass_0.1,ffpp_validation_checkpoint,03cb9bba05b67e1478fb86a731857ba65f55a3db09e023035c9bcd9d442d8efc
487,C:\Users\Rohith Syam\Documents\UTS SEMESTER 3\image processing\idea 2\outputs\generalization_upgrade\02_external_bias_audit\normalized_external\fake\55\42718155_1946-01-25_2006.jpg,1,55/42718155_1946-01-25_2006.jpg,StableDiffusion_v1_5,external_normalized,deepfakeface_sd15/fake/55/42718155_1946-01-25_2006.jpg,0.23243914544582367,0.4309690296649933,0,xception,external_test,source_video_disjoint_v1,lowpass_0.1,ffpp_validation_checkpoint,03cb9bba05b67e1478fb86a731857ba65f55a3db09e023035c9bcd9d442d8efc
488,C:\Users\Rohith Syam\Documents\UTS SEMESTER 3\image processing\idea 2\outputs\generalization_upgrade\02_external_bias_audit\normalized_external\fake\55\43284855_1980-08-11_2012.jpg,1,55/43284855_1980-08-11_2012.jpg,StableDiffusion_v1_5,external_normalized,deepfakeface_sd15/fake/55/43284855_1980-08-11_2012.jpg,0.6324595212936401,0.4309690296649933,1,xception,external_test,source_video_disjoint_v1,lowpass_0.1,ffpp_validation_checkpoint,03cb9bba05b67e1478fb86a731857ba65f55a3db09e023035c9bcd9d442d8efc
489,C:\Users\Rohith Syam\Documents\UTS SEMESTER 3\image processing\idea 2\outputs\generalization_upgrade\02_external_bias_audit\normalized_external\fake\55\45263455_1979-05-12_2015.jpg,1,55/45263455_1979-05-12_2015.jpg,StableDiffusion_v1_5,external_normalized,deepfakeface_sd15/fake/55/45263455_1979-05-12_2015.jpg,0.7752913236618042,0.4309690296649933,1,xception,external_test,source_video_disjoint_v1,lowpass_0.1,ffpp_validation_checkpoint,03cb9bba05b67e1478fb86a731857ba65f55a3db09e023035c9bcd9d442d8efc
490,C:\Users\Rohith Syam\Documents\UTS SEMESTER 3\image processing\idea 2\outputs\generalization_upgrade\02_external_bias_audit\normalized_external\fake\55\46238055_1947-10-19_1980.jpg,1,55/46238055_1947-10-19_1980.jpg,StableDiffusion_v1_5,external_normalized,deepfakeface_sd15/fake/55/46238055_1947-10-19_1980.jpg,0.7333299517631531,0.4309690296649933,1,xception,external_test,source_video_disjoint_v1,lowpass_0.1,ffpp_validation_checkpoint,03cb9bba05b67e1478fb86a731857ba65f55a3db09e023035c9bcd9d442d8efc
491,C:\Users\Rohith Syam\Documents\UTS SEMESTER 3\image processing\idea 2\outputs\generalization_upgrade\02_external_bias_audit\normalized_external\fake\55\72655_1975-10-12_2004.jpg,1,55/72655_1975-10-12_2004.jpg,StableDiffusion_v1_5,external_normalized,deepfakeface_sd15/fake/55/72655_1975-10-12_2004.jpg,0.554427444934845,0.4309690296649933,1,xception,external_test,source_video_disjoint_v1,lowpass_0.1,ffpp_validation_checkpoint,03cb9bba05b67e1478fb86a731857ba65f55a3db09e023035c9bcd9d442d8efc
492,C:\Users\Rohith Syam\Documents\UTS SEMESTER 3\image processing\idea 2\outputs\generalization_upgrade\02_external_bias_audit\normalized_external\fake\55\870155_1962-12-01_2010.jpg,1,55/870155_1962-12-01_2010.jpg,StableDiffusion_v1_5,external_normalized,deepfakeface_sd15/fake/55/870155_1962-12-01_2010.jpg,0.10872772336006165,0.4309690296649933,0,xception,external_test,source_video_disjoint_v1,lowpass_0.1,ffpp_validation_checkpoint,03cb9bba05b67e1478fb86a731857ba65f55a3db09e023035c9bcd9d442d8efc
493,C:\Users\Rohith Syam\Documents\UTS SEMESTER 3\image processing\idea 2\outputs\generalization_upgrade\02_external_bias_audit\normalized_external\fake\69\41427969_1939-03-30_1972.jpg,1,69/41427969_1939-03-30_1972.jpg,StableDiffusion_v1_5,external_normalized,deepfakeface_sd15/fake/69/41427969_1939-03-30_1972.jpg,0.7189313769340515,0.4309690296649933,1,xception,external_test,source_video_disjoint_v1,lowpass_0.1,ffpp_validation_checkpoint,03cb9bba05b67e1478fb86a731857ba65f55a3db09e023035c9bcd9d442d8efc
494,C:\Users\Rohith Syam\Documents\UTS SEMESTER 3\image processing\idea 2\outputs\generalization_upgrade\02_external_bias_audit\normalized_external\fake\71\12738371_1985-05-25_2015.jpg,1,71/12738371_1985-05-25_2015.jpg,StableDiffusion_v1_5,external_normalized,deepfakeface_sd15/fake/71/12738371_1985-05-25_2015.jpg,0.07313510775566101,0.4309690296649933,0,xception,external_test,source_video_disjoint_v1,lowpass_0.1,ffpp_validation_checkpoint,03cb9bba05b67e1478fb86a731857ba65f55a3db09e023035c9bcd9d442d8efc
495,C:\Users\Rohith Syam\Documents\UTS SEMESTER 3\image processing\idea 2\outputs\generalization_upgrade\02_external_bias_audit\normalized_external\fake\71\14220271_1972-11-30_2008.jpg,1,71/14220271_1972-11-30_2008.jpg,StableDiffusion_v1_5,external_normalized,deepfakeface_sd15/fake/71/14220271_1972-11-30_2008.jpg,0.8667882084846497,0.4309690296649933,1,xception,external_test,source_video_disjoint_v1,lowpass_0.1,ffpp_validation_checkpoint,03cb9bba05b67e1478fb86a731857ba65f55a3db09e023035c9bcd9d442d8efc
496,C:\Users\Rohith Syam\Documents\UTS SEMESTER 3\image processing\idea 2\outputs\generalization_upgrade\02_external_bias_audit\normalized_external\fake\71\165871_1942-09-30_1950.jpg,1,71/165871_1942-09-30_1950.jpg,StableDiffusion_v1_5,external_normalized,deepfakeface_sd15/fake/71/165871_1942-09-30_1950.jpg,0.4924401044845581,0.4309690296649933,1,xception,external_test,source_video_disjoint_v1,lowpass_0.1,ffpp_validation_checkpoint,03cb9bba05b67e1478fb86a731857ba65f55a3db09e023035c9bcd9d442d8efc
497,C:\Users\Rohith Syam\Documents\UTS SEMESTER 3\image processing\idea 2\outputs\generalization_upgrade\02_external_bias_audit\normalized_external\fake\71\17112571_1992-02-27_2012.jpg,1,71/17112571_1992-02-27_2012.jpg,StableDiffusion_v1_5,external_normalized,deepfakeface_sd15/fake/71/17112571_1992-02-27_2012.jpg,0.12520498037338257,0.4309690296649933,0,xception,external_test,source_video_disjoint_v1,lowpass_0.1,ffpp_validation_checkpoint,03cb9bba05b67e1478fb86a731857ba65f55a3db09e023035c9bcd9d442d8efc
498,C:\Users\Rohith Syam\Documents\UTS SEMESTER 3\image processing\idea 2\outputs\generalization_upgrade\02_external_bias_audit\normalized_external\fake\71\1854071_1958-08-14_1991.jpg,1,71/1854071_1958-08-14_1991.jpg,StableDiffusion_v1_5,external_normalized,deepfakeface_sd15/fake/71/1854071_1958-08-14_1991.jpg,0.36465024948120117,0.4309690296649933,0,xception,external_test,source_video_disjoint_v1,lowpass_0.1,ffpp_validation_checkpoint,03cb9bba05b67e1478fb86a731857ba65f55a3db09e023035c9bcd9d442d8efc
499,C:\Users\Rohith Syam\Documents\UTS SEMESTER 3\image processing\idea 2\outputs\generalization_upgrade\02_external_bias_audit\normalized_external\fake\71\18720671_1986-06-23_2012.jpg,1,71/18720671_1986-06-23_2012.jpg,StableDiffusion_v1_5,external_normalized,deepfakeface_sd15/fake/71/18720671_1986-06-23_2012.jpg,0.9660802483558655,0.4309690296649933,1,xception,external_test,source_video_disjoint_v1,lowpass_0.1,ffpp_validation_checkpoint,03cb9bba05b67e1478fb86a731857ba65f55a3db09e023035c9bcd9d442d8efc
500,C:\Users\Rohith Syam\Documents\UTS SEMESTER 3\image processing\idea 2\outputs\generalization_upgrade\02_external_bias_audit\normalized_external\fake\71\19476171_1989-08-02_2014.jpg,1,71/19476171_1989-08-02_2014.jpg,StableDiffusion_v1_5,external_normalized,deepfakeface_sd15/fake/71/19476171_1989-08-02_2014.jpg,0.3705005347728729,0.4309690296649933,0,xception,external_test,source_video_disjoint_v1,lowpass_0.1,ffpp_validation_checkpoint,03cb9bba05b67e1478fb86a731857ba65f55a3db09e023035c9bcd9d442d8efc
501,C:\Users\Rohith Syam\Documents\UTS SEMESTER 3\image processing\idea 2\outputs\generalization_upgrade\02_external_bias_audit\normalized_external\fake\71\23399171_1991-05-22_2009.jpg,1,71/23399171_1991-05-22_2009.jpg,StableDiffusion_v1_5,external_normalized,deepfakeface_sd15/fake/71/23399171_1991-05-22_2009.jpg,0.3382593095302582,0.4309690296649933,0,xception,external_test,source_video_disjoint_v1,lowpass_0.1,ffpp_validation_checkpoint,03cb9bba05b67e1478fb86a731857ba65f55a3db09e023035c9bcd9d442d8efc
502,C:\Users\Rohith Syam\Documents\UTS SEMESTER 3\image processing\idea 2\outputs\generalization_upgrade\02_external_bias_audit\normalized_external\fake\71\2492371_1942-11-06_1965.jpg,1,71/2492371_1942-11-06_1965.jpg,StableDiffusion_v1_5,external_normalized,deepfakeface_sd15/fake/71/2492371_1942-11-06_1965.jpg,0.8733417391777039,0.4309690296649933,1,xception,external_test,source_video_disjoint_v1,lowpass_0.1,ffpp_validation_checkpoint,03cb9bba05b67e1478fb86a731857ba65f55a3db09e023035c9bcd9d442d8efc
503,C:\Users\Rohith Syam\Documents\UTS SEMESTER 3\image processing\idea 2\outputs\generalization_upgrade\02_external_bias_audit\normalized_external\fake\71\25422271_1990-09-11_2014.jpg,1,71/25422271_1990-09-11_2014.jpg,StableDiffusion_v1_5,external_normalized,deepfakeface_sd15/fake/71/25422271_1990-09-11_2014.jpg,0.14642122387886047,0.4309690296649933,0,xception,external_test,source_video_disjoint_v1,lowpass_0.1,ffpp_validation_checkpoint,03cb9bba05b67e1478fb86a731857ba65f55a3db09e023035c9bcd9d442d8efc
504,C:\Users\Rohith Syam\Documents\UTS SEMESTER 3\image processing\idea 2\outputs\generalization_upgrade\02_external_bias_audit\normalized_external\fake\71\27164771_1990-09-17_2009.jpg,1,71/27164771_1990-09-17_2009.jpg,StableDiffusion_v1_5,external_normalized,deepfakeface_sd15/fake/71/27164771_1990-09-17_2009.jpg,0.5910168886184692,0.4309690296649933,1,xception,external_test,source_video_disjoint_v1,lowpass_0.1,ffpp_validation_checkpoint,03cb9bba05b67e1478fb86a731857ba65f55a3db09e023035c9bcd9d442d8efc
505,C:\Users\Rohith Syam\Documents\UTS SEMESTER 3\image processing\idea 2\outputs\generalization_upgrade\02_external_bias_audit\normalized_external\fake\71\27987171_1987-05-10_2013.jpg,1,71/27987171_1987-05-10_2013.jpg,StableDiffusion_v1_5,external_normalized,deepfakeface_sd15/fake/71/27987171_1987-05-10_2013.jpg,0.3914514482021332,0.4309690296649933,0,xception,external_test,source_video_disjoint_v1,lowpass_0.1,ffpp_validation_checkpoint,03cb9bba05b67e1478fb86a731857ba65f55a3db09e023035c9bcd9d442d8efc
506,C:\Users\Rohith Syam\Documents\UTS SEMESTER 3\image processing\idea 2\outputs\generalization_upgrade\02_external_bias_audit\normalized_external\fake\71\29084271_1991-09-22_2014.jpg,1,71/29084271_1991-09-22_2014.jpg,StableDiffusion_v1_5,external_normalized,deepfakeface_sd15/fake/71/29084271_1991-09-22_2014.jpg,0.2833246886730194,0.4309690296649933,0,xception,external_test,source_video_disjoint_v1,lowpass_0.1,ffpp_validation_checkpoint,03cb9bba05b67e1478fb86a731857ba65f55a3db09e023035c9bcd9d442d8efc
507,C:\Users\Rohith Syam\Documents\UTS SEMESTER 3\image processing\idea 2\outputs\generalization_upgrade\02_external_bias_audit\normalized_external\fake\71\30657971_1992-05-11_2014.jpg,1,71/30657971_1992-05-11_2014.jpg,StableDiffusion_v1_5,external_normalized,deepfakeface_sd15/fake/71/30657971_1992-05-11_2014.jpg,0.3724319338798523,0.4309690296649933,0,xception,external_test,source_video_disjoint_v1,lowpass_0.1,ffpp_validation_checkpoint,03cb9bba05b67e1478fb86a731857ba65f55a3db09e023035c9bcd9d442d8efc
508,C:\Users\Rohith Syam\Documents\UTS SEMESTER 3\image processing\idea 2\outputs\generalization_upgrade\02_external_bias_audit\normalized_external\fake\71\31706371_1989-01-14_2011.jpg,1,71/31706371_1989-01-14_2011.jpg,StableDiffusion_v1_5,external_normalized,deepfakeface_sd15/fake/71/31706371_1989-01-14_2011.jpg,0.7935563325881958,0.4309690296649933,1,xception,external_test,source_video_disjoint_v1,lowpass_0.1,ffpp_validation_checkpoint,03cb9bba05b67e1478fb86a731857ba65f55a3db09e023035c9bcd9d442d8efc
509,C:\Users\Rohith Syam\Documents\UTS SEMESTER 3\image processing\idea 2\outputs\generalization_upgrade\02_external_bias_audit\normalized_external\fake\71\33021371_1988-02-18_2013.jpg,1,71/33021371_1988-02-18_2013.jpg,StableDiffusion_v1_5,external_normalized,deepfakeface_sd15/fake/71/33021371_1988-02-18_2013.jpg,0.6226268410682678,0.4309690296649933,1,xception,external_test,source_video_disjoint_v1,lowpass_0.1,ffpp_validation_checkpoint,03cb9bba05b67e1478fb86a731857ba65f55a3db09e023035c9bcd9d442d8efc
510,C:\Users\Rohith Syam\Documents\UTS SEMESTER 3\image processing\idea 2\outputs\generalization_upgrade\02_external_bias_audit\normalized_external\fake\71\3312671_1985-08-02_2008.jpg,1,71/3312671_1985-08-02_2008.jpg,StableDiffusion_v1_5,external_normalized,deepfakeface_sd15/fake/71/3312671_1985-08-02_2008.jpg,0.28989049792289734,0.4309690296649933,0,xception,external_test,source_video_disjoint_v1,lowpass_0.1,ffpp_validation_checkpoint,03cb9bba05b67e1478fb86a731857ba65f55a3db09e023035c9bcd9d442d8efc
511,C:\Users\Rohith Syam\Documents\UTS SEMESTER 3\image processing\idea 2\outputs\generalization_upgrade\02_external_bias_audit\normalized_external\fake\71\35188571_1983-09-18_2009.jpg,1,71/35188571_1983-09-18_2009.jpg,StableDiffusion_v1_5,external_normalized,deepfakeface_sd15/fake/71/35188571_1983-09-18_2009.jpg,0.7672096490859985,0.4309690296649933,1,xception,external_test,source_video_disjoint_v1,lowpass_0.1,ffpp_validation_checkpoint,03cb9bba05b67e1478fb86a731857ba65f55a3db09e023035c9bcd9d442d8efc
512,C:\Users\Rohith Syam\Documents\UTS SEMESTER 3\image processing\idea 2\outputs\generalization_upgrade\02_external_bias_audit\normalized_external\fake\71\42650171_1946-12-10_2013.jpg,1,71/42650171_1946-12-10_2013.jpg,StableDiffusion_v1_5,external_normalized,deepfakeface_sd15/fake/71/42650171_1946-12-10_2013.jpg,0.14932654798030853,0.4309690296649933,0,xception,external_test,source_video_disjoint_v1,lowpass_0.1,ffpp_validation_checkpoint,03cb9bba05b67e1478fb86a731857ba65f55a3db09e023035c9bcd9d442d8efc
513,C:\Users\Rohith Syam\Documents\UTS SEMESTER 3\image processing\idea 2\outputs\generalization_upgrade\02_external_bias_audit\normalized_external\fake\71\5081071_1925-11-13_1953.jpg,1,71/5081071_1925-11-13_1953.jpg,StableDiffusion_v1_5,external_normalized,deepfakeface_sd15/fake/71/5081071_1925-11-13_1953.jpg,0.5422117710113525,0.4309690296649933,1,xception,external_test,source_video_disjoint_v1,lowpass_0.1,ffpp_validation_checkpoint,03cb9bba05b67e1478fb86a731857ba65f55a3db09e023035c9bcd9d442d8efc
514,C:\Users\Rohith Syam\Documents\UTS SEMESTER 3\image processing\idea 2\outputs\generalization_upgrade\02_external_bias_audit\normalized_external\fake\71\566471_1971-05-18_2011.jpg,1,71/566471_1971-05-18_2011.jpg,StableDiffusion_v1_5,external_normalized,deepfakeface_sd15/fake/71/566471_1971-05-18_2011.jpg,0.1412068009376526,0.4309690296649933,0,xception,external_test,source_video_disjoint_v1,lowpass_0.1,ffpp_validation_checkpoint,03cb9bba05b67e1478fb86a731857ba65f55a3db09e023035c9bcd9d442d8efc
515,C:\Users\Rohith Syam\Documents\UTS SEMESTER 3\image processing\idea 2\outputs\generalization_upgrade\02_external_bias_audit\normalized_external\fake\71\703371_1918-03-12_1980.jpg,1,71/703371_1918-03-12_1980.jpg,StableDiffusion_v1_5,external_normalized,deepfakeface_sd15/fake/71/703371_1918-03-12_1980.jpg,0.2849607467651367,0.4309690296649933,0,xception,external_test,source_video_disjoint_v1,lowpass_0.1,ffpp_validation_checkpoint,03cb9bba05b67e1478fb86a731857ba65f55a3db09e023035c9bcd9d442d8efc
516,C:\Users\Rohith Syam\Documents\UTS SEMESTER 3\image processing\idea 2\outputs\generalization_upgrade\02_external_bias_audit\normalized_external\fake\71\775271_1959-09-16_2011.jpg,1,71/775271_1959-09-16_2011.jpg,StableDiffusion_v1_5,external_normalized,deepfakeface_sd15/fake/71/775271_1959-09-16_2011.jpg,0.638689398765564,0.4309690296649933,1,xception,external_test,source_video_disjoint_v1,lowpass_0.1,ffpp_validation_checkpoint,03cb9bba05b67e1478fb86a731857ba65f55a3db09e023035c9bcd9d442d8efc
517,C:\Users\Rohith Syam\Documents\UTS SEMESTER 3\image processing\idea 2\outputs\generalization_upgrade\02_external_bias_audit\normalized_external\fake\71\8334671_1931-02-14_1966.jpg,1,71/8334671_1931-02-14_1966.jpg,StableDiffusion_v1_5,external_normalized,deepfakeface_sd15/fake/71/8334671_1931-02-14_1966.jpg,0.32380568981170654,0.4309690296649933,0,xception,external_test,source_video_disjoint_v1,lowpass_0.1,ffpp_validation_checkpoint,03cb9bba05b67e1478fb86a731857ba65f55a3db09e023035c9bcd9d442d8efc
518,C:\Users\Rohith Syam\Documents\UTS SEMESTER 3\image processing\idea 2\outputs\generalization_upgrade\02_external_bias_audit\normalized_external\fake\71\9069371_1986-03-19_2013.jpg,1,71/9069371_1986-03-19_2013.jpg,StableDiffusion_v1_5,external_normalized,deepfakeface_sd15/fake/71/9069371_1986-03-19_2013.jpg,0.7069888114929199,0.4309690296649933,1,xception,external_test,source_video_disjoint_v1,lowpass_0.1,ffpp_validation_checkpoint,03cb9bba05b67e1478fb86a731857ba65f55a3db09e023035c9bcd9d442d8efc
519,C:\Users\Rohith Syam\Documents\UTS SEMESTER 3\image processing\idea 2\outputs\generalization_upgrade\02_external_bias_audit\normalized_external\fake\71\967871_1972-12-15_2008.jpg,1,71/967871_1972-12-15_2008.jpg,StableDiffusion_v1_5,external_normalized,deepfakeface_sd15/fake/71/967871_1972-12-15_2008.jpg,0.6435730457305908,0.4309690296649933,1,xception,external_test,source_video_disjoint_v1,lowpass_0.1,ffpp_validation_checkpoint,03cb9bba05b67e1478fb86a731857ba65f55a3db09e023035c9bcd9d442d8efc
520,C:\Users\Rohith Syam\Documents\UTS SEMESTER 3\image processing\idea 2\outputs\generalization_upgrade\02_external_bias_audit\normalized_external\fake\71\9845271_1955-09-16_2001.jpg,1,71/9845271_1955-09-16_2001.jpg,StableDiffusion_v1_5,external_normalized,deepfakeface_sd15/fake/71/9845271_1955-09-16_2001.jpg,0.7939715385437012,0.4309690296649933,1,xception,external_test,source_video_disjoint_v1,lowpass_0.1,ffpp_validation_checkpoint,03cb9bba05b67e1478fb86a731857ba65f55a3db09e023035c9bcd9d442d8efc
521,C:\Users\Rohith Syam\Documents\UTS SEMESTER 3\image processing\idea 2\outputs\generalization_upgrade\02_external_bias_audit\normalized_external\fake\73\1013073_1978-05-24_2010.jpg,1,73/1013073_1978-05-24_2010.jpg,StableDiffusion_v1_5,external_normalized,deepfakeface_sd15/fake/73/1013073_1978-05-24_2010.jpg,0.5043917298316956,0.4309690296649933,1,xception,external_test,source_video_disjoint_v1,lowpass_0.1,ffpp_validation_checkpoint,03cb9bba05b67e1478fb86a731857ba65f55a3db09e023035c9bcd9d442d8efc
522,C:\Users\Rohith Syam\Documents\UTS SEMESTER 3\image processing\idea 2\outputs\generalization_upgrade\02_external_bias_audit\normalized_external\fake\73\12464473_1935-03-06_1958.jpg,1,73/12464473_1935-03-06_1958.jpg,StableDiffusion_v1_5,external_normalized,deepfakeface_sd15/fake/73/12464473_1935-03-06_1958.jpg,0.17207562923431396,0.4309690296649933,0,xception,external_test,source_video_disjoint_v1,lowpass_0.1,ffpp_validation_checkpoint,03cb9bba05b67e1478fb86a731857ba65f55a3db09e023035c9bcd9d442d8efc
523,C:\Users\Rohith Syam\Documents\UTS SEMESTER 3\image processing\idea 2\outputs\generalization_upgrade\02_external_bias_audit\normalized_external\fake\73\12786073_1984-05-18_2011.jpg,1,73/12786073_1984-05-18_2011.jpg,StableDiffusion_v1_5,external_normalized,deepfakeface_sd15/fake/73/12786073_1984-05-18_2011.jpg,0.2515684962272644,0.4309690296649933,0,xception,external_test,source_video_disjoint_v1,lowpass_0.1,ffpp_validation_checkpoint,03cb9bba05b67e1478fb86a731857ba65f55a3db09e023035c9bcd9d442d8efc
524,C:\Users\Rohith Syam\Documents\UTS SEMESTER 3\image processing\idea 2\outputs\generalization_upgrade\02_external_bias_audit\normalized_external\fake\73\16855173_1937-10-21_2008.jpg,1,73/16855173_1937-10-21_2008.jpg,StableDiffusion_v1_5,external_normalized,deepfakeface_sd15/fake/73/16855173_1937-10-21_2008.jpg,0.6565579771995544,0.4309690296649933,1,xception,external_test,source_video_disjoint_v1,lowpass_0.1,ffpp_validation_checkpoint,03cb9bba05b67e1478fb86a731857ba65f55a3db09e023035c9bcd9d442d8efc
525,C:\Users\Rohith Syam\Documents\UTS SEMESTER 3\image processing\idea 2\outputs\generalization_upgrade\02_external_bias_audit\normalized_external\fake\73\18933173_1984-05-13_2011.jpg,1,73/18933173_1984-05-13_2011.jpg,StableDiffusion_v1_5,external_normalized,deepfakeface_sd15/fake/73/18933173_1984-05-13_2011.jpg,0.20838168263435364,0.4309690296649933,0,xception,external_test,source_video_disjoint_v1,lowpass_0.1,ffpp_validation_checkpoint,03cb9bba05b67e1478fb86a731857ba65f55a3db09e023035c9bcd9d442d8efc
526,C:\Users\Rohith Syam\Documents\UTS SEMESTER 3\image processing\idea 2\outputs\generalization_upgrade\02_external_bias_audit\normalized_external\fake\73\20989373_1938-09-15_1988.jpg,1,73/20989373_1938-09-15_1988.jpg,StableDiffusion_v1_5,external_normalized,deepfakeface_sd15/fake/73/20989373_1938-09-15_1988.jpg,0.6325470805168152,0.4309690296649933,1,xception,external_test,source_video_disjoint_v1,lowpass_0.1,ffpp_validation_checkpoint,03cb9bba05b67e1478fb86a731857ba65f55a3db09e023035c9bcd9d442d8efc
527,C:\Users\Rohith Syam\Documents\UTS SEMESTER 3\image processing\idea 2\outputs\generalization_upgrade\02_external_bias_audit\normalized_external\fake\73\21741673_1995-03-01_2009.jpg,1,73/21741673_1995-03-01_2009.jpg,StableDiffusion_v1_5,external_normalized,deepfakeface_sd15/fake/73/21741673_1995-03-01_2009.jpg,0.6166453957557678,0.4309690296649933,1,xception,external_test,source_video_disjoint_v1,lowpass_0.1,ffpp_validation_checkpoint,03cb9bba05b67e1478fb86a731857ba65f55a3db09e023035c9bcd9d442d8efc
528,C:\Users\Rohith Syam\Documents\UTS SEMESTER 3\image processing\idea 2\outputs\generalization_upgrade\02_external_bias_audit\normalized_external\fake\73\2210573_1958-04-04_2007.jpg,1,73/2210573_1958-04-04_2007.jpg,StableDiffusion_v1_5,external_normalized,deepfakeface_sd15/fake/73/2210573_1958-04-04_2007.jpg,0.08632242679595947,0.4309690296649933,0,xception,external_test,source_video_disjoint_v1,lowpass_0.1,ffpp_validation_checkpoint,03cb9bba05b67e1478fb86a731857ba65f55a3db09e023035c9bcd9d442d8efc
529,C:\Users\Rohith Syam\Documents\UTS SEMESTER 3\image processing\idea 2\outputs\generalization_upgrade\02_external_bias_audit\normalized_external\fake\73\24079373_1979-07-15_2009.jpg,1,73/24079373_1979-07-15_2009.jpg,StableDiffusion_v1_5,external_normalized,deepfakeface_sd15/fake/73/24079373_1979-07-15_2009.jpg,0.5935062766075134,0.4309690296649933,1,xception,external_test,source_video_disjoint_v1,lowpass_0.1,ffpp_validation_checkpoint,03cb9bba05b67e1478fb86a731857ba65f55a3db09e023035c9bcd9d442d8efc
530,C:\Users\Rohith Syam\Documents\UTS SEMESTER 3\image processing\idea 2\outputs\generalization_upgrade\02_external_bias_audit\normalized_external\fake\73\25286273_1990-11-02_2013.jpg,1,73/25286273_1990-11-02_2013.jpg,StableDiffusion_v1_5,external_normalized,deepfakeface_sd15/fake/73/25286273_1990-11-02_2013.jpg,0.7048919200897217,0.4309690296649933,1,xception,external_test,source_video_disjoint_v1,lowpass_0.1,ffpp_validation_checkpoint,03cb9bba05b67e1478fb86a731857ba65f55a3db09e023035c9bcd9d442d8efc
531,C:\Users\Rohith Syam\Documents\UTS SEMESTER 3\image processing\idea 2\outputs\generalization_upgrade\02_external_bias_audit\normalized_external\fake\73\27347573_1992-06-02_2010.jpg,1,73/27347573_1992-06-02_2010.jpg,StableDiffusion_v1_5,external_normalized,deepfakeface_sd15/fake/73/27347573_1992-06-02_2010.jpg,0.6445876359939575,0.4309690296649933,1,xception,external_test,source_video_disjoint_v1,lowpass_0.1,ffpp_validation_checkpoint,03cb9bba05b67e1478fb86a731857ba65f55a3db09e023035c9bcd9d442d8efc
532,C:\Users\Rohith Syam\Documents\UTS SEMESTER 3\image processing\idea 2\outputs\generalization_upgrade\02_external_bias_audit\normalized_external\fake\73\3365773_1949-06-24_1985.jpg,1,73/3365773_1949-06-24_1985.jpg,StableDiffusion_v1_5,external_normalized,deepfakeface_sd15/fake/73/3365773_1949-06-24_1985.jpg,0.7435916066169739,0.4309690296649933,1,xception,external_test,source_video_disjoint_v1,lowpass_0.1,ffpp_validation_checkpoint,03cb9bba05b67e1478fb86a731857ba65f55a3db09e023035c9bcd9d442d8efc
533,C:\Users\Rohith Syam\Documents\UTS SEMESTER 3\image processing\idea 2\outputs\generalization_upgrade\02_external_bias_audit\normalized_external\fake\73\34239373_1994-11-30_2014.jpg,1,73/34239373_1994-11-30_2014.jpg,StableDiffusion_v1_5,external_normalized,deepfakeface_sd15/fake/73/34239373_1994-11-30_2014.jpg,0.8107712864875793,0.4309690296649933,1,xception,external_test,source_video_disjoint_v1,lowpass_0.1,ffpp_validation_checkpoint,03cb9bba05b67e1478fb86a731857ba65f55a3db09e023035c9bcd9d442d8efc
534,C:\Users\Rohith Syam\Documents\UTS SEMESTER 3\image processing\idea 2\outputs\generalization_upgrade\02_external_bias_audit\normalized_external\fake\73\3517073_1984-09-10_2011.jpg,1,73/3517073_1984-09-10_2011.jpg,StableDiffusion_v1_5,external_normalized,deepfakeface_sd15/fake/73/3517073_1984-09-10_2011.jpg,0.5599983334541321,0.4309690296649933,1,xception,external_test,source_video_disjoint_v1,lowpass_0.1,ffpp_validation_checkpoint,03cb9bba05b67e1478fb86a731857ba65f55a3db09e023035c9bcd9d442d8efc
535,C:\Users\Rohith Syam\Documents\UTS SEMESTER 3\image processing\idea 2\outputs\generalization_upgrade\02_external_bias_audit\normalized_external\fake\73\36499973_1985-09-06_2011.jpg,1,73/36499973_1985-09-06_2011.jpg,StableDiffusion_v1_5,external_normalized,deepfakeface_sd15/fake/73/36499973_1985-09-06_2011.jpg,0.8185718655586243,0.4309690296649933,1,xception,external_test,source_video_disjoint_v1,lowpass_0.1,ffpp_validation_checkpoint,03cb9bba05b67e1478fb86a731857ba65f55a3db09e023035c9bcd9d442d8efc
536,C:\Users\Rohith Syam\Documents\UTS SEMESTER 3\image processing\idea 2\outputs\generalization_upgrade\02_external_bias_audit\normalized_external\fake\73\37985373_1988-12-05_2014.jpg,1,73/37985373_1988-12-05_2014.jpg,StableDiffusion_v1_5,external_normalized,deepfakeface_sd15/fake/73/37985373_1988-12-05_2014.jpg,0.4809781014919281,0.4309690296649933,1,xception,external_test,source_video_disjoint_v1,lowpass_0.1,ffpp_validation_checkpoint,03cb9bba05b67e1478fb86a731857ba65f55a3db09e023035c9bcd9d442d8efc
537,C:\Users\Rohith Syam\Documents\UTS SEMESTER 3\image processing\idea 2\outputs\generalization_upgrade\02_external_bias_audit\normalized_external\fake\73\38089073_1988-06-26_2014.jpg,1,73/38089073_1988-06-26_2014.jpg,StableDiffusion_v1_5,external_normalized,deepfakeface_sd15/fake/73/38089073_1988-06-26_2014.jpg,0.45317602157592773,0.4309690296649933,1,xception,external_test,source_video_disjoint_v1,lowpass_0.1,ffpp_validation_checkpoint,03cb9bba05b67e1478fb86a731857ba65f55a3db09e023035c9bcd9d442d8efc
538,C:\Users\Rohith Syam\Documents\UTS SEMESTER 3\image processing\idea 2\outputs\generalization_upgrade\02_external_bias_audit\normalized_external\fake\73\41639973_1876-12-25_1940.jpg,1,73/41639973_1876-12-25_1940.jpg,StableDiffusion_v1_5,external_normalized,deepfakeface_sd15/fake/73/41639973_1876-12-25_1940.jpg,0.8156567811965942,0.4309690296649933,1,xception,external_test,source_video_disjoint_v1,lowpass_0.1,ffpp_validation_checkpoint,03cb9bba05b67e1478fb86a731857ba65f55a3db09e023035c9bcd9d442d8efc
539,C:\Users\Rohith Syam\Documents\UTS SEMESTER 3\image processing\idea 2\outputs\generalization_upgrade\02_external_bias_audit\normalized_external\fake\73\46452873_1906-12-20_1945.jpg,1,73/46452873_1906-12-20_1945.jpg,StableDiffusion_v1_5,external_normalized,deepfakeface_sd15/fake/73/46452873_1906-12-20_1945.jpg,0.6073128581047058,0.4309690296649933,1,xception,external_test,source_video_disjoint_v1,lowpass_0.1,ffpp_validation_checkpoint,03cb9bba05b67e1478fb86a731857ba65f55a3db09e023035c9bcd9d442d8efc
540,C:\Users\Rohith Syam\Documents\UTS SEMESTER 3\image processing\idea 2\outputs\generalization_upgrade\02_external_bias_audit\normalized_external\fake\73\479273_1985-12-08_2014.jpg,1,73/479273_1985-12-08_2014.jpg,StableDiffusion_v1_5,external_normalized,deepfakeface_sd15/fake/73/479273_1985-12-08_2014.jpg,0.6712616682052612,0.4309690296649933,1,xception,external_test,source_video_disjoint_v1,lowpass_0.1,ffpp_validation_checkpoint,03cb9bba05b67e1478fb86a731857ba65f55a3db09e023035c9bcd9d442d8efc
541,C:\Users\Rohith Syam\Documents\UTS SEMESTER 3\image processing\idea 2\outputs\generalization_upgrade\02_external_bias_audit\normalized_external\fake\73\502973_1958-03-25_2012.jpg,1,73/502973_1958-03-25_2012.jpg,StableDiffusion_v1_5,external_normalized,deepfakeface_sd15/fake/73/502973_1958-03-25_2012.jpg,0.7224218845367432,0.4309690296649933,1,xception,external_test,source_video_disjoint_v1,lowpass_0.1,ffpp_validation_checkpoint,03cb9bba05b67e1478fb86a731857ba65f55a3db09e023035c9bcd9d442d8efc
542,C:\Users\Rohith Syam\Documents\UTS SEMESTER 3\image processing\idea 2\outputs\generalization_upgrade\02_external_bias_audit\normalized_external\fake\73\5332173_1935-09-06_2008.jpg,1,73/5332173_1935-09-06_2008.jpg,StableDiffusion_v1_5,external_normalized,deepfakeface_sd15/fake/73/5332173_1935-09-06_2008.jpg,0.31809496879577637,0.4309690296649933,0,xception,external_test,source_video_disjoint_v1,lowpass_0.1,ffpp_validation_checkpoint,03cb9bba05b67e1478fb86a731857ba65f55a3db09e023035c9bcd9d442d8efc
543,C:\Users\Rohith Syam\Documents\UTS SEMESTER 3\image processing\idea 2\outputs\generalization_upgrade\02_external_bias_audit\normalized_external\fake\73\666973_1960-09-19_2005.jpg,1,73/666973_1960-09-19_2005.jpg,StableDiffusion_v1_5,external_normalized,deepfakeface_sd15/fake/73/666973_1960-09-19_2005.jpg,0.7463947534561157,0.4309690296649933,1,xception,external_test,source_video_disjoint_v1,lowpass_0.1,ffpp_validation_checkpoint,03cb9bba05b67e1478fb86a731857ba65f55a3db09e023035c9bcd9d442d8efc
544,C:\Users\Rohith Syam\Documents\UTS SEMESTER 3\image processing\idea 2\outputs\generalization_upgrade\02_external_bias_audit\normalized_external\fake\73\9311273_1979-08-24_2010.jpg,1,73/9311273_1979-08-24_2010.jpg,StableDiffusion_v1_5,external_normalized,deepfakeface_sd15/fake/73/9311273_1979-08-24_2010.jpg,0.22726191580295563,0.4309690296649933,0,xception,external_test,source_video_disjoint_v1,lowpass_0.1,ffpp_validation_checkpoint,03cb9bba05b67e1478fb86a731857ba65f55a3db09e023035c9bcd9d442d8efc
545,C:\Users\Rohith Syam\Documents\UTS SEMESTER 3\image processing\idea 2\outputs\generalization_upgrade\02_external_bias_audit\normalized_external\fake\80\2798180_1985-12-19_2014.jpg,1,80/2798180_1985-12-19_2014.jpg,StableDiffusion_v1_5,external_normalized,deepfakeface_sd15/fake/80/2798180_1985-12-19_2014.jpg,0.4516476094722748,0.4309690296649933,1,xception,external_test,source_video_disjoint_v1,lowpass_0.1,ffpp_validation_checkpoint,03cb9bba05b67e1478fb86a731857ba65f55a3db09e023035c9bcd9d442d8efc
546,C:\Users\Rohith Syam\Documents\UTS SEMESTER 3\image processing\idea 2\outputs\generalization_upgrade\02_external_bias_audit\normalized_external\fake\80\6049880_1985-02-26_2013.jpg,1,80/6049880_1985-02-26_2013.jpg,StableDiffusion_v1_5,external_normalized,deepfakeface_sd15/fake/80/6049880_1985-02-26_2013.jpg,0.8408361077308655,0.4309690296649933,1,xception,external_test,source_video_disjoint_v1,lowpass_0.1,ffpp_validation_checkpoint,03cb9bba05b67e1478fb86a731857ba65f55a3db09e023035c9bcd9d442d8efc
547,C:\Users\Rohith Syam\Documents\UTS SEMESTER 3\image processing\idea 2\outputs\generalization_upgrade\02_external_bias_audit\normalized_external\fake\80\9076080_1971-09-21_2011.jpg,1,80/9076080_1971-09-21_2011.jpg,StableDiffusion_v1_5,external_normalized,deepfakeface_sd15/fake/80/9076080_1971-09-21_2011.jpg,0.38912755250930786,0.4309690296649933,0,xception,external_test,source_video_disjoint_v1,lowpass_0.1,ffpp_validation_checkpoint,03cb9bba05b67e1478fb86a731857ba65f55a3db09e023035c9bcd9d442d8efc
548,C:\Users\Rohith Syam\Documents\UTS SEMESTER 3\image processing\idea 2\outputs\generalization_upgrade\02_external_bias_audit\normalized_external\fake\98\10760998_1937-01-14_1968.jpg,1,98/10760998_1937-01-14_1968.jpg,StableDiffusion_v1_5,external_normalized,deepfakeface_sd15/fake/98/10760998_1937-01-14_1968.jpg,0.7561357617378235,0.4309690296649933,1,xception,external_test,source_video_disjoint_v1,lowpass_0.1,ffpp_validation_checkpoint,03cb9bba05b67e1478fb86a731857ba65f55a3db09e023035c9bcd9d442d8efc
549,C:\Users\Rohith Syam\Documents\UTS SEMESTER 3\image processing\idea 2\outputs\generalization_upgrade\02_external_bias_audit\normalized_external\fake\98\13664298_1989-04-27_2014.jpg,1,98/13664298_1989-04-27_2014.jpg,StableDiffusion_v1_5,external_normalized,deepfakeface_sd15/fake/98/13664298_1989-04-27_2014.jpg,0.810775876045227,0.4309690296649933,1,xception,external_test,source_video_disjoint_v1,lowpass_0.1,ffpp_validation_checkpoint,03cb9bba05b67e1478fb86a731857ba65f55a3db09e023035c9bcd9d442d8efc
550,C:\Users\Rohith Syam\Documents\UTS SEMESTER 3\image processing\idea 2\outputs\generalization_upgrade\02_external_bias_audit\normalized_external\fake\98\14073598_1892-03-06_1943.jpg,1,98/14073598_1892-03-06_1943.jpg,StableDiffusion_v1_5,external_normalized,deepfakeface_sd15/fake/98/14073598_1892-03-06_1943.jpg,0.41161343455314636,0.4309690296649933,0,xception,external_test,source_video_disjoint_v1,lowpass_0.1,ffpp_validation_checkpoint,03cb9bba05b67e1478fb86a731857ba65f55a3db09e023035c9bcd9d442d8efc
551,C:\Users\Rohith Syam\Documents\UTS SEMESTER 3\image processing\idea 2\outputs\generalization_upgrade\02_external_bias_audit\normalized_external\fake\98\142698_1939-09-01_2014.jpg,1,98/142698_1939-09-01_2014.jpg,StableDiffusion_v1_5,external_normalized,deepfakeface_sd15/fake/98/142698_1939-09-01_2014.jpg,0.8361210823059082,0.4309690296649933,1,xception,external_test,source_video_disjoint_v1,lowpass_0.1,ffpp_validation_checkpoint,03cb9bba05b67e1478fb86a731857ba65f55a3db09e023035c9bcd9d442d8efc
552,C:\Users\Rohith Syam\Documents\UTS SEMESTER 3\image processing\idea 2\outputs\generalization_upgrade\02_external_bias_audit\normalized_external\fake\98\15230998_1983-01-10_2007.jpg,1,98/15230998_1983-01-10_2007.jpg,StableDiffusion_v1_5,external_normalized,deepfakeface_sd15/fake/98/15230998_1983-01-10_2007.jpg,0.3088690936565399,0.4309690296649933,0,xception,external_test,source_video_disjoint_v1,lowpass_0.1,ffpp_validation_checkpoint,03cb9bba05b67e1478fb86a731857ba65f55a3db09e023035c9bcd9d442d8efc
553,C:\Users\Rohith Syam\Documents\UTS SEMESTER 3\image processing\idea 2\outputs\generalization_upgrade\02_external_bias_audit\normalized_external\fake\98\176998_1933-08-16_1965.jpg,1,98/176998_1933-08-16_1965.jpg,StableDiffusion_v1_5,external_normalized,deepfakeface_sd15/fake/98/176998_1933-08-16_1965.jpg,0.7607647776603699,0.4309690296649933,1,xception,external_test,source_video_disjoint_v1,lowpass_0.1,ffpp_validation_checkpoint,03cb9bba05b67e1478fb86a731857ba65f55a3db09e023035c9bcd9d442d8efc
554,C:\Users\Rohith Syam\Documents\UTS SEMESTER 3\image processing\idea 2\outputs\generalization_upgrade\02_external_bias_audit\normalized_external\fake\98\22298398_1962-09-19_2011.jpg,1,98/22298398_1962-09-19_2011.jpg,StableDiffusion_v1_5,external_normalized,deepfakeface_sd15/fake/98/22298398_1962-09-19_2011.jpg,0.5946614146232605,0.4309690296649933,1,xception,external_test,source_video_disjoint_v1,lowpass_0.1,ffpp_validation_checkpoint,03cb9bba05b67e1478fb86a731857ba65f55a3db09e023035c9bcd9d442d8efc
555,C:\Users\Rohith Syam\Documents\UTS SEMESTER 3\image processing\idea 2\outputs\generalization_upgrade\02_external_bias_audit\normalized_external\fake\98\23428298_1982-12-22_2009.jpg,1,98/23428298_1982-12-22_2009.jpg,StableDiffusion_v1_5,external_normalized,deepfakeface_sd15/fake/98/23428298_1982-12-22_2009.jpg,0.26525288820266724,0.4309690296649933,0,xception,external_test,source_video_disjoint_v1,lowpass_0.1,ffpp_validation_checkpoint,03cb9bba05b67e1478fb86a731857ba65f55a3db09e023035c9bcd9d442d8efc
556,C:\Users\Rohith Syam\Documents\UTS SEMESTER 3\image processing\idea 2\outputs\generalization_upgrade\02_external_bias_audit\normalized_external\fake\98\23560198_1992-06-20_2014.jpg,1,98/23560198_1992-06-20_2014.jpg,StableDiffusion_v1_5,external_normalized,deepfakeface_sd15/fake/98/23560198_1992-06-20_2014.jpg,0.9185200929641724,0.4309690296649933,1,xception,external_test,source_video_disjoint_v1,lowpass_0.1,ffpp_validation_checkpoint,03cb9bba05b67e1478fb86a731857ba65f55a3db09e023035c9bcd9d442d8efc
557,C:\Users\Rohith Syam\Documents\UTS SEMESTER 3\image processing\idea 2\outputs\generalization_upgrade\02_external_bias_audit\normalized_external\fake\98\25616698_1980-08-12_2012.jpg,1,98/25616698_1980-08-12_2012.jpg,StableDiffusion_v1_5,external_normalized,deepfakeface_sd15/fake/98/25616698_1980-08-12_2012.jpg,0.6151644587516785,0.4309690296649933,1,xception,external_test,source_video_disjoint_v1,lowpass_0.1,ffpp_validation_checkpoint,03cb9bba05b67e1478fb86a731857ba65f55a3db09e023035c9bcd9d442d8efc
558,C:\Users\Rohith Syam\Documents\UTS SEMESTER 3\image processing\idea 2\outputs\generalization_upgrade\02_external_bias_audit\normalized_external\fake\98\25980298_1980-07-05_2013.jpg,1,98/25980298_1980-07-05_2013.jpg,StableDiffusion_v1_5,external_normalized,deepfakeface_sd15/fake/98/25980298_1980-07-05_2013.jpg,0.8945025205612183,0.4309690296649933,1,xception,external_test,source_video_disjoint_v1,lowpass_0.1,ffpp_validation_checkpoint,03cb9bba05b67e1478fb86a731857ba65f55a3db09e023035c9bcd9d442d8efc
559,C:\Users\Rohith Syam\Documents\UTS SEMESTER 3\image processing\idea 2\outputs\generalization_upgrade\02_external_bias_audit\normalized_external\fake\98\2705698_1958-12-06_2007.jpg,1,98/2705698_1958-12-06_2007.jpg,StableDiffusion_v1_5,external_normalized,deepfakeface_sd15/fake/98/2705698_1958-12-06_2007.jpg,0.5438867807388306,0.4309690296649933,1,xception,external_test,source_video_disjoint_v1,lowpass_0.1,ffpp_validation_checkpoint,03cb9bba05b67e1478fb86a731857ba65f55a3db09e023035c9bcd9d442d8efc
560,C:\Users\Rohith Syam\Documents\UTS SEMESTER 3\image processing\idea 2\outputs\generalization_upgrade\02_external_bias_audit\normalized_external\fake\98\27687598_1957-10-28_2009.jpg,1,98/27687598_1957-10-28_2009.jpg,StableDiffusion_v1_5,external_normalized,deepfakeface_sd15/fake/98/27687598_1957-10-28_2009.jpg,0.44211485981941223,0.4309690296649933,1,xception,external_test,source_video_disjoint_v1,lowpass_0.1,ffpp_validation_checkpoint,03cb9bba05b67e1478fb86a731857ba65f55a3db09e023035c9bcd9d442d8efc
561,C:\Users\Rohith Syam\Documents\UTS SEMESTER 3\image processing\idea 2\outputs\generalization_upgrade\02_external_bias_audit\normalized_external\fake\98\30789098_1986-05-13_2012.jpg,1,98/30789098_1986-05-13_2012.jpg,StableDiffusion_v1_5,external_normalized,deepfakeface_sd15/fake/98/30789098_1986-05-13_2012.jpg,0.6773678064346313,0.4309690296649933,1,xception,external_test,source_video_disjoint_v1,lowpass_0.1,ffpp_validation_checkpoint,03cb9bba05b67e1478fb86a731857ba65f55a3db09e023035c9bcd9d442d8efc
562,C:\Users\Rohith Syam\Documents\UTS SEMESTER 3\image processing\idea 2\outputs\generalization_upgrade\02_external_bias_audit\normalized_external\fake\98\32664798_1990-03-03_2014.jpg,1,98/32664798_1990-03-03_2014.jpg,StableDiffusion_v1_5,external_normalized,deepfakeface_sd15/fake/98/32664798_1990-03-03_2014.jpg,0.06383252143859863,0.4309690296649933,0,xception,external_test,source_video_disjoint_v1,lowpass_0.1,ffpp_validation_checkpoint,03cb9bba05b67e1478fb86a731857ba65f55a3db09e023035c9bcd9d442d8efc
563,C:\Users\Rohith Syam\Documents\UTS SEMESTER 3\image processing\idea 2\outputs\generalization_upgrade\02_external_bias_audit\normalized_external\fake\98\3604398_1981-06-16_2012.jpg,1,98/3604398_1981-06-16_2012.jpg,StableDiffusion_v1_5,external_normalized,deepfakeface_sd15/fake/98/3604398_1981-06-16_2012.jpg,0.39533674716949463,0.4309690296649933,0,xception,external_test,source_video_disjoint_v1,lowpass_0.1,ffpp_validation_checkpoint,03cb9bba05b67e1478fb86a731857ba65f55a3db09e023035c9bcd9d442d8efc
564,C:\Users\Rohith Syam\Documents\UTS SEMESTER 3\image processing\idea 2\outputs\generalization_upgrade\02_external_bias_audit\normalized_external\fake\98\40219898_1975-03-11_2013.jpg,1,98/40219898_1975-03-11_2013.jpg,StableDiffusion_v1_5,external_normalized,deepfakeface_sd15/fake/98/40219898_1975-03-11_2013.jpg,0.43160778284072876,0.4309690296649933,1,xception,external_test,source_video_disjoint_v1,lowpass_0.1,ffpp_validation_checkpoint,03cb9bba05b67e1478fb86a731857ba65f55a3db09e023035c9bcd9d442d8efc
565,C:\Users\Rohith Syam\Documents\UTS SEMESTER 3\image processing\idea 2\outputs\generalization_upgrade\02_external_bias_audit\normalized_external\fake\98\40883698_1972-01-26_2014.jpg,1,98/40883698_1972-01-26_2014.jpg,StableDiffusion_v1_5,external_normalized,deepfakeface_sd15/fake/98/40883698_1972-01-26_2014.jpg,0.6089913845062256,0.4309690296649933,1,xception,external_test,source_video_disjoint_v1,lowpass_0.1,ffpp_validation_checkpoint,03cb9bba05b67e1478fb86a731857ba65f55a3db09e023035c9bcd9d442d8efc
566,C:\Users\Rohith Syam\Documents\UTS SEMESTER 3\image processing\idea 2\outputs\generalization_upgrade\02_external_bias_audit\normalized_external\fake\98\4276598_1950-10-14_1975.jpg,1,98/4276598_1950-10-14_1975.jpg,StableDiffusion_v1_5,external_normalized,deepfakeface_sd15/fake/98/4276598_1950-10-14_1975.jpg,0.8324880003929138,0.4309690296649933,1,xception,external_test,source_video_disjoint_v1,lowpass_0.1,ffpp_validation_checkpoint,03cb9bba05b67e1478fb86a731857ba65f55a3db09e023035c9bcd9d442d8efc
567,C:\Users\Rohith Syam\Documents\UTS SEMESTER 3\image processing\idea 2\outputs\generalization_upgrade\02_external_bias_audit\normalized_external\fake\98\45298998_1988-08-17_2012.jpg,1,98/45298998_1988-08-17_2012.jpg,StableDiffusion_v1_5,external_normalized,deepfakeface_sd15/fake/98/45298998_1988-08-17_2012.jpg,0.15980380773544312,0.4309690296649933,0,xception,external_test,source_video_disjoint_v1,lowpass_0.1,ffpp_validation_checkpoint,03cb9bba05b67e1478fb86a731857ba65f55a3db09e023035c9bcd9d442d8efc
568,C:\Users\Rohith Syam\Documents\UTS SEMESTER 3\image processing\idea 2\outputs\generalization_upgrade\02_external_bias_audit\normalized_external\fake\98\4691798_1977-09-15_2005.jpg,1,98/4691798_1977-09-15_2005.jpg,StableDiffusion_v1_5,external_normalized,deepfakeface_sd15/fake/98/4691798_1977-09-15_2005.jpg,0.7161935567855835,0.4309690296649933,1,xception,external_test,source_video_disjoint_v1,lowpass_0.1,ffpp_validation_checkpoint,03cb9bba05b67e1478fb86a731857ba65f55a3db09e023035c9bcd9d442d8efc
569,C:\Users\Rohith Syam\Documents\UTS SEMESTER 3\image processing\idea 2\outputs\generalization_upgrade\02_external_bias_audit\normalized_external\fake\98\46974698_1942-02-22_1968.jpg,1,98/46974698_1942-02-22_1968.jpg,StableDiffusion_v1_5,external_normalized,deepfakeface_sd15/fake/98/46974698_1942-02-22_1968.jpg,0.7742082476615906,0.4309690296649933,1,xception,external_test,source_video_disjoint_v1,lowpass_0.1,ffpp_validation_checkpoint,03cb9bba05b67e1478fb86a731857ba65f55a3db09e023035c9bcd9d442d8efc
570,C:\Users\Rohith Syam\Documents\UTS SEMESTER 3\image processing\idea 2\outputs\generalization_upgrade\02_external_bias_audit\normalized_external\fake\98\577798_1933-12-08_1969.jpg,1,98/577798_1933-12-08_1969.jpg,StableDiffusion_v1_5,external_normalized,deepfakeface_sd15/fake/98/577798_1933-12-08_1969.jpg,0.6147050261497498,0.4309690296649933,1,xception,external_test,source_video_disjoint_v1,lowpass_0.1,ffpp_validation_checkpoint,03cb9bba05b67e1478fb86a731857ba65f55a3db09e023035c9bcd9d442d8efc
571,C:\Users\Rohith Syam\Documents\UTS SEMESTER 3\image processing\idea 2\outputs\generalization_upgrade\02_external_bias_audit\normalized_external\fake\98\591698_1968-01-15_2000.jpg,1,98/591698_1968-01-15_2000.jpg,StableDiffusion_v1_5,external_normalized,deepfakeface_sd15/fake/98/591698_1968-01-15_2000.jpg,0.565830647945404,0.4309690296649933,1,xception,external_test,source_video_disjoint_v1,lowpass_0.1,ffpp_validation_checkpoint,03cb9bba05b67e1478fb86a731857ba65f55a3db09e023035c9bcd9d442d8efc
572,C:\Users\Rohith Syam\Documents\UTS SEMESTER 3\image processing\idea 2\outputs\generalization_upgrade\02_external_bias_audit\normalized_external\fake\98\609598_1929-11-08_2007.jpg,1,98/609598_1929-11-08_2007.jpg,StableDiffusion_v1_5,external_normalized,deepfakeface_sd15/fake/98/609598_1929-11-08_2007.jpg,0.6777575016021729,0.4309690296649933,1,xception,external_test,source_video_disjoint_v1,lowpass_0.1,ffpp_validation_checkpoint,03cb9bba05b67e1478fb86a731857ba65f55a3db09e023035c9bcd9d442d8efc
573,C:\Users\Rohith Syam\Documents\UTS SEMESTER 3\image processing\idea 2\outputs\generalization_upgrade\02_external_bias_audit\normalized_external\fake\98\6548698_1964-02-27_2010.jpg,1,98/6548698_1964-02-27_2010.jpg,StableDiffusion_v1_5,external_normalized,deepfakeface_sd15/fake/98/6548698_1964-02-27_2010.jpg,0.792732834815979,0.4309690296649933,1,xception,external_test,source_video_disjoint_v1,lowpass_0.1,ffpp_validation_checkpoint,03cb9bba05b67e1478fb86a731857ba65f55a3db09e023035c9bcd9d442d8efc
574,C:\Users\Rohith Syam\Documents\UTS SEMESTER 3\image processing\idea 2\outputs\generalization_upgrade\02_external_bias_audit\normalized_external\fake\98\670098_1974-07-29_2009.jpg,1,98/670098_1974-07-29_2009.jpg,StableDiffusion_v1_5,external_normalized,deepfakeface_sd15/fake/98/670098_1974-07-29_2009.jpg,0.11421393603086472,0.4309690296649933,0,xception,external_test,source_video_disjoint_v1,lowpass_0.1,ffpp_validation_checkpoint,03cb9bba05b67e1478fb86a731857ba65f55a3db09e023035c9bcd9d442d8efc
575,C:\Users\Rohith Syam\Documents\UTS SEMESTER 3\image processing\idea 2\outputs\generalization_upgrade\02_external_bias_audit\normalized_external\fake\98\6808898_1936-01-17_2012.jpg,1,98/6808898_1936-01-17_2012.jpg,StableDiffusion_v1_5,external_normalized,deepfakeface_sd15/fake/98/6808898_1936-01-17_2012.jpg,0.3610597550868988,0.4309690296649933,0,xception,external_test,source_video_disjoint_v1,lowpass_0.1,ffpp_validation_checkpoint,03cb9bba05b67e1478fb86a731857ba65f55a3db09e023035c9bcd9d442d8efc
