Index,image_path,label,video_id,method,dataset,sample_id,prob_fake,threshold,prediction,model,split,protocol_id,condition,threshold_source,checkpoint_sha256
0,C:\Users\Rohith Syam\Documents\UTS SEMESTER 3\image processing\idea 2\outputs\generalization_upgrade\02_external_bias_audit\normalized_external\real\00\12596800_1920-10-18_1955.jpg,0,00/12596800_1920-10-18_1955.jpg,real,external_normalized,deepfakeface_sd15/real/00/12596800_1920-10-18_1955.jpg,0.17678582668304443,0.4309690296649933,0,xception,external_test,source_video_disjoint_v1,highpass_0.1,ffpp_validation_checkpoint,03cb9bba05b67e1478fb86a731857ba65f55a3db09e023035c9bcd9d442d8efc
1,C:\Users\Rohith Syam\Documents\UTS SEMESTER 3\image processing\idea 2\outputs\generalization_upgrade\02_external_bias_audit\normalized_external\real\00\15550600_1973-11-01_2000.jpg,0,00/15550600_1973-11-01_2000.jpg,real,external_normalized,deepfakeface_sd15/real/00/15550600_1973-11-01_2000.jpg,0.12502650916576385,0.4309690296649933,0,xception,external_test,source_video_disjoint_v1,highpass_0.1,ffpp_validation_checkpoint,03cb9bba05b67e1478fb86a731857ba65f55a3db09e023035c9bcd9d442d8efc
2,C:\Users\Rohith Syam\Documents\UTS SEMESTER 3\image processing\idea 2\outputs\generalization_upgrade\02_external_bias_audit\normalized_external\real\00\18407100_1917-10-18_1958.jpg,0,00/18407100_1917-10-18_1958.jpg,real,external_normalized,deepfakeface_sd15/real/00/18407100_1917-10-18_1958.jpg,0.5912081003189087,0.4309690296649933,1,xception,external_test,source_video_disjoint_v1,highpass_0.1,ffpp_validation_checkpoint,03cb9bba05b67e1478fb86a731857ba65f55a3db09e023035c9bcd9d442d8efc
3,C:\Users\Rohith Syam\Documents\UTS SEMESTER 3\image processing\idea 2\outputs\generalization_upgrade\02_external_bias_audit\normalized_external\real\00\23804200_1950-03-31_2013.jpg,0,00/23804200_1950-03-31_2013.jpg,real,external_normalized,deepfakeface_sd15/real/00/23804200_1950-03-31_2013.jpg,0.006376216188073158,0.4309690296649933,0,xception,external_test,source_video_disjoint_v1,highpass_0.1,ffpp_validation_checkpoint,03cb9bba05b67e1478fb86a731857ba65f55a3db09e023035c9bcd9d442d8efc
4,C:\Users\Rohith Syam\Documents\UTS SEMESTER 3\image processing\idea 2\outputs\generalization_upgrade\02_external_bias_audit\normalized_external\real\00\2540500_1970-10-10_2008.jpg,0,00/2540500_1970-10-10_2008.jpg,real,external_normalized,deepfakeface_sd15/real/00/2540500_1970-10-10_2008.jpg,0.6655553579330444,0.4309690296649933,1,xception,external_test,source_video_disjoint_v1,highpass_0.1,ffpp_validation_checkpoint,03cb9bba05b67e1478fb86a731857ba65f55a3db09e023035c9bcd9d442d8efc
5,C:\Users\Rohith Syam\Documents\UTS SEMESTER 3\image processing\idea 2\outputs\generalization_upgrade\02_external_bias_audit\normalized_external\real\00\2669900_1933-07-29_1968.jpg,0,00/2669900_1933-07-29_1968.jpg,real,external_normalized,deepfakeface_sd15/real/00/2669900_1933-07-29_1968.jpg,0.08755705505609512,0.4309690296649933,0,xception,external_test,source_video_disjoint_v1,highpass_0.1,ffpp_validation_checkpoint,03cb9bba05b67e1478fb86a731857ba65f55a3db09e023035c9bcd9d442d8efc
6,C:\Users\Rohith Syam\Documents\UTS SEMESTER 3\image processing\idea 2\outputs\generalization_upgrade\02_external_bias_audit\normalized_external\real\00\26771200_1988-08-13_2009.jpg,0,00/26771200_1988-08-13_2009.jpg,real,external_normalized,deepfakeface_sd15/real/00/26771200_1988-08-13_2009.jpg,0.7692854404449463,0.4309690296649933,1,xception,external_test,source_video_disjoint_v1,highpass_0.1,ffpp_validation_checkpoint,03cb9bba05b67e1478fb86a731857ba65f55a3db09e023035c9bcd9d442d8efc
7,C:\Users\Rohith Syam\Documents\UTS SEMESTER 3\image processing\idea 2\outputs\generalization_upgrade\02_external_bias_audit\normalized_external\real\00\2690900_1963-03-12_2010.jpg,0,00/2690900_1963-03-12_2010.jpg,real,external_normalized,deepfakeface_sd15/real/00/2690900_1963-03-12_2010.jpg,0.3784666061401367,0.4309690296649933,0,xception,external_test,source_video_disjoint_v1,highpass_0.1,ffpp_validation_checkpoint,03cb9bba05b67e1478fb86a731857ba65f55a3db09e023035c9bcd9d442d8efc
8,C:\Users\Rohith Syam\Documents\UTS SEMESTER 3\image processing\idea 2\outputs\generalization_upgrade\02_external_bias_audit\normalized_external\real\00\28476500_1938-06-12_1959.jpg,0,00/28476500_1938-06-12_1959.jpg,real,external_normalized,deepfakeface_sd15/real/00/28476500_1938-06-12_1959.jpg,0.5814578533172607,0.4309690296649933,1,xception,external_test,source_video_disjoint_v1,highpass_0.1,ffpp_validation_checkpoint,03cb9bba05b67e1478fb86a731857ba65f55a3db09e023035c9bcd9d442d8efc
9,C:\Users\Rohith Syam\Documents\UTS SEMESTER 3\image processing\idea 2\outputs\generalization_upgrade\02_external_bias_audit\normalized_external\real\00\28886000_1928-01-17_2009.jpg,0,00/28886000_1928-01-17_2009.jpg,real,external_normalized,deepfakeface_sd15/real/00/28886000_1928-01-17_2009.jpg,0.18420825898647308,0.4309690296649933,0,xception,external_test,source_video_disjoint_v1,highpass_0.1,ffpp_validation_checkpoint,03cb9bba05b67e1478fb86a731857ba65f55a3db09e023035c9bcd9d442d8efc
10,C:\Users\Rohith Syam\Documents\UTS SEMESTER 3\image processing\idea 2\outputs\generalization_upgrade\02_external_bias_audit\normalized_external\real\00\3293900_1973-09-23_2004.jpg,0,00/3293900_1973-09-23_2004.jpg,real,external_normalized,deepfakeface_sd15/real/00/3293900_1973-09-23_2004.jpg,0.7570670247077942,0.4309690296649933,1,xception,external_test,source_video_disjoint_v1,highpass_0.1,ffpp_validation_checkpoint,03cb9bba05b67e1478fb86a731857ba65f55a3db09e023035c9bcd9d442d8efc
11,C:\Users\Rohith Syam\Documents\UTS SEMESTER 3\image processing\idea 2\outputs\generalization_upgrade\02_external_bias_audit\normalized_external\real\00\34199700_1921-05-23_1946.jpg,0,00/34199700_1921-05-23_1946.jpg,real,external_normalized,deepfakeface_sd15/real/00/34199700_1921-05-23_1946.jpg,0.2203424721956253,0.4309690296649933,0,xception,external_test,source_video_disjoint_v1,highpass_0.1,ffpp_validation_checkpoint,03cb9bba05b67e1478fb86a731857ba65f55a3db09e023035c9bcd9d442d8efc
12,C:\Users\Rohith Syam\Documents\UTS SEMESTER 3\image processing\idea 2\outputs\generalization_upgrade\02_external_bias_audit\normalized_external\real\00\34316600_1994-11-15_2013.jpg,0,00/34316600_1994-11-15_2013.jpg,real,external_normalized,deepfakeface_sd15/real/00/34316600_1994-11-15_2013.jpg,0.6943775415420532,0.4309690296649933,1,xception,external_test,source_video_disjoint_v1,highpass_0.1,ffpp_validation_checkpoint,03cb9bba05b67e1478fb86a731857ba65f55a3db09e023035c9bcd9d442d8efc
13,C:\Users\Rohith Syam\Documents\UTS SEMESTER 3\image processing\idea 2\outputs\generalization_upgrade\02_external_bias_audit\normalized_external\real\00\35360200_1996-11-01_2012.jpg,0,00/35360200_1996-11-01_2012.jpg,real,external_normalized,deepfakeface_sd15/real/00/35360200_1996-11-01_2012.jpg,0.13404938578605652,0.4309690296649933,0,xception,external_test,source_video_disjoint_v1,highpass_0.1,ffpp_validation_checkpoint,03cb9bba05b67e1478fb86a731857ba65f55a3db09e023035c9bcd9d442d8efc
14,C:\Users\Rohith Syam\Documents\UTS SEMESTER 3\image processing\idea 2\outputs\generalization_upgrade\02_external_bias_audit\normalized_external\real\00\36606300_1984-08-03_2014.jpg,0,00/36606300_1984-08-03_2014.jpg,real,external_normalized,deepfakeface_sd15/real/00/36606300_1984-08-03_2014.jpg,0.09305518865585327,0.4309690296649933,0,xception,external_test,source_video_disjoint_v1,highpass_0.1,ffpp_validation_checkpoint,03cb9bba05b67e1478fb86a731857ba65f55a3db09e023035c9bcd9d442d8efc
15,C:\Users\Rohith Syam\Documents\UTS SEMESTER 3\image processing\idea 2\outputs\generalization_upgrade\02_external_bias_audit\normalized_external\real\00\38882500_1940-10-04_1977.jpg,0,00/38882500_1940-10-04_1977.jpg,real,external_normalized,deepfakeface_sd15/real/00/38882500_1940-10-04_1977.jpg,0.7201039791107178,0.4309690296649933,1,xception,external_test,source_video_disjoint_v1,highpass_0.1,ffpp_validation_checkpoint,03cb9bba05b67e1478fb86a731857ba65f55a3db09e023035c9bcd9d442d8efc
16,C:\Users\Rohith Syam\Documents\UTS SEMESTER 3\image processing\idea 2\outputs\generalization_upgrade\02_external_bias_audit\normalized_external\real\00\3982800_1988-01-29_2012.jpg,0,00/3982800_1988-01-29_2012.jpg,real,external_normalized,deepfakeface_sd15/real/00/3982800_1988-01-29_2012.jpg,0.6686761975288391,0.4309690296649933,1,xception,external_test,source_video_disjoint_v1,highpass_0.1,ffpp_validation_checkpoint,03cb9bba05b67e1478fb86a731857ba65f55a3db09e023035c9bcd9d442d8efc
17,C:\Users\Rohith Syam\Documents\UTS SEMESTER 3\image processing\idea 2\outputs\generalization_upgrade\02_external_bias_audit\normalized_external\real\00\41835500_1992-05-12_2014.jpg,0,00/41835500_1992-05-12_2014.jpg,real,external_normalized,deepfakeface_sd15/real/00/41835500_1992-05-12_2014.jpg,0.545320987701416,0.4309690296649933,1,xception,external_test,source_video_disjoint_v1,highpass_0.1,ffpp_validation_checkpoint,03cb9bba05b67e1478fb86a731857ba65f55a3db09e023035c9bcd9d442d8efc
18,C:\Users\Rohith Syam\Documents\UTS SEMESTER 3\image processing\idea 2\outputs\generalization_upgrade\02_external_bias_audit\normalized_external\real\00\4236500_1977-10-18_2005.jpg,0,00/4236500_1977-10-18_2005.jpg,real,external_normalized,deepfakeface_sd15/real/00/4236500_1977-10-18_2005.jpg,0.6258133053779602,0.4309690296649933,1,xception,external_test,source_video_disjoint_v1,highpass_0.1,ffpp_validation_checkpoint,03cb9bba05b67e1478fb86a731857ba65f55a3db09e023035c9bcd9d442d8efc
19,C:\Users\Rohith Syam\Documents\UTS SEMESTER 3\image processing\idea 2\outputs\generalization_upgrade\02_external_bias_audit\normalized_external\real\00\46667800_1978-03-16_2014.jpg,0,00/46667800_1978-03-16_2014.jpg,real,external_normalized,deepfakeface_sd15/real/00/46667800_1978-03-16_2014.jpg,0.641149640083313,0.4309690296649933,1,xception,external_test,source_video_disjoint_v1,highpass_0.1,ffpp_validation_checkpoint,03cb9bba05b67e1478fb86a731857ba65f55a3db09e023035c9bcd9d442d8efc
20,C:\Users\Rohith Syam\Documents\UTS SEMESTER 3\image processing\idea 2\outputs\generalization_upgrade\02_external_bias_audit\normalized_external\real\00\5616200_1968-09-06_2006.jpg,0,00/5616200_1968-09-06_2006.jpg,real,external_normalized,deepfakeface_sd15/real/00/5616200_1968-09-06_2006.jpg,0.7969744801521301,0.4309690296649933,1,xception,external_test,source_video_disjoint_v1,highpass_0.1,ffpp_validation_checkpoint,03cb9bba05b67e1478fb86a731857ba65f55a3db09e023035c9bcd9d442d8efc
21,C:\Users\Rohith Syam\Documents\UTS SEMESTER 3\image processing\idea 2\outputs\generalization_upgrade\02_external_bias_audit\normalized_external\real\00\5751800_1950-09-09_2010.jpg,0,00/5751800_1950-09-09_2010.jpg,real,external_normalized,deepfakeface_sd15/real/00/5751800_1950-09-09_2010.jpg,0.05391564220190048,0.4309690296649933,0,xception,external_test,source_video_disjoint_v1,highpass_0.1,ffpp_validation_checkpoint,03cb9bba05b67e1478fb86a731857ba65f55a3db09e023035c9bcd9d442d8efc
22,C:\Users\Rohith Syam\Documents\UTS SEMESTER 3\image processing\idea 2\outputs\generalization_upgrade\02_external_bias_audit\normalized_external\real\00\67000_1947-05-13_2007.jpg,0,00/67000_1947-05-13_2007.jpg,real,external_normalized,deepfakeface_sd15/real/00/67000_1947-05-13_2007.jpg,0.6523744463920593,0.4309690296649933,1,xception,external_test,source_video_disjoint_v1,highpass_0.1,ffpp_validation_checkpoint,03cb9bba05b67e1478fb86a731857ba65f55a3db09e023035c9bcd9d442d8efc
23,C:\Users\Rohith Syam\Documents\UTS SEMESTER 3\image processing\idea 2\outputs\generalization_upgrade\02_external_bias_audit\normalized_external\real\00\7567200_1932-07-31_1966.jpg,0,00/7567200_1932-07-31_1966.jpg,real,external_normalized,deepfakeface_sd15/real/00/7567200_1932-07-31_1966.jpg,0.7871995568275452,0.4309690296649933,1,xception,external_test,source_video_disjoint_v1,highpass_0.1,ffpp_validation_checkpoint,03cb9bba05b67e1478fb86a731857ba65f55a3db09e023035c9bcd9d442d8efc
24,C:\Users\Rohith Syam\Documents\UTS SEMESTER 3\image processing\idea 2\outputs\generalization_upgrade\02_external_bias_audit\normalized_external\real\00\8222200_1941-05-15_1964.jpg,0,00/8222200_1941-05-15_1964.jpg,real,external_normalized,deepfakeface_sd15/real/00/8222200_1941-05-15_1964.jpg,0.6823747158050537,0.4309690296649933,1,xception,external_test,source_video_disjoint_v1,highpass_0.1,ffpp_validation_checkpoint,03cb9bba05b67e1478fb86a731857ba65f55a3db09e023035c9bcd9d442d8efc
25,C:\Users\Rohith Syam\Documents\UTS SEMESTER 3\image processing\idea 2\outputs\generalization_upgrade\02_external_bias_audit\normalized_external\real\00\836500_1977-03-04_2007.jpg,0,00/836500_1977-03-04_2007.jpg,real,external_normalized,deepfakeface_sd15/real/00/836500_1977-03-04_2007.jpg,0.6303101181983948,0.4309690296649933,1,xception,external_test,source_video_disjoint_v1,highpass_0.1,ffpp_validation_checkpoint,03cb9bba05b67e1478fb86a731857ba65f55a3db09e023035c9bcd9d442d8efc
26,C:\Users\Rohith Syam\Documents\UTS SEMESTER 3\image processing\idea 2\outputs\generalization_upgrade\02_external_bias_audit\normalized_external\real\00\9210500_1912-02-06_1942.jpg,0,00/9210500_1912-02-06_1942.jpg,real,external_normalized,deepfakeface_sd15/real/00/9210500_1912-02-06_1942.jpg,0.5607622265815735,0.4309690296649933,1,xception,external_test,source_video_disjoint_v1,highpass_0.1,ffpp_validation_checkpoint,03cb9bba05b67e1478fb86a731857ba65f55a3db09e023035c9bcd9d442d8efc
27,C:\Users\Rohith Syam\Documents\UTS SEMESTER 3\image processing\idea 2\outputs\generalization_upgrade\02_external_bias_audit\normalized_external\real\00\944600_1968-02-05_2006.jpg,0,00/944600_1968-02-05_2006.jpg,real,external_normalized,deepfakeface_sd15/real/00/944600_1968-02-05_2006.jpg,0.3459405303001404,0.4309690296649933,0,xception,external_test,source_video_disjoint_v1,highpass_0.1,ffpp_validation_checkpoint,03cb9bba05b67e1478fb86a731857ba65f55a3db09e023035c9bcd9d442d8efc
28,C:\Users\Rohith Syam\Documents\UTS SEMESTER 3\image processing\idea 2\outputs\generalization_upgrade\02_external_bias_audit\normalized_external\real\00\9801700_1969-10-11_2012.jpg,0,00/9801700_1969-10-11_2012.jpg,real,external_normalized,deepfakeface_sd15/real/00/9801700_1969-10-11_2012.jpg,0.6072359681129456,0.4309690296649933,1,xception,external_test,source_video_disjoint_v1,highpass_0.1,ffpp_validation_checkpoint,03cb9bba05b67e1478fb86a731857ba65f55a3db09e023035c9bcd9d442d8efc
29,C:\Users\Rohith Syam\Documents\UTS SEMESTER 3\image processing\idea 2\outputs\generalization_upgrade\02_external_bias_audit\normalized_external\real\02\4539602_1977-04-26_2010.jpg,0,02/4539602_1977-04-26_2010.jpg,real,external_normalized,deepfakeface_sd15/real/02/4539602_1977-04-26_2010.jpg,0.09059938788414001,0.4309690296649933,0,xception,external_test,source_video_disjoint_v1,highpass_0.1,ffpp_validation_checkpoint,03cb9bba05b67e1478fb86a731857ba65f55a3db09e023035c9bcd9d442d8efc
30,C:\Users\Rohith Syam\Documents\UTS SEMESTER 3\image processing\idea 2\outputs\generalization_upgrade\02_external_bias_audit\normalized_external\real\03\10970703_1984-05-21_2011.jpg,0,03/10970703_1984-05-21_2011.jpg,real,external_normalized,deepfakeface_sd15/real/03/10970703_1984-05-21_2011.jpg,0.5199771523475647,0.4309690296649933,1,xception,external_test,source_video_disjoint_v1,highpass_0.1,ffpp_validation_checkpoint,03cb9bba05b67e1478fb86a731857ba65f55a3db09e023035c9bcd9d442d8efc
31,C:\Users\Rohith Syam\Documents\UTS SEMESTER 3\image processing\idea 2\outputs\generalization_upgrade\02_external_bias_audit\normalized_external\real\03\1142203_1949-03-03_2008.jpg,0,03/1142203_1949-03-03_2008.jpg,real,external_normalized,deepfakeface_sd15/real/03/1142203_1949-03-03_2008.jpg,0.026292668655514717,0.4309690296649933,0,xception,external_test,source_video_disjoint_v1,highpass_0.1,ffpp_validation_checkpoint,03cb9bba05b67e1478fb86a731857ba65f55a3db09e023035c9bcd9d442d8efc
32,C:\Users\Rohith Syam\Documents\UTS SEMESTER 3\image processing\idea 2\outputs\generalization_upgrade\02_external_bias_audit\normalized_external\real\03\13181303_1944-01-11_1971.jpg,0,03/13181303_1944-01-11_1971.jpg,real,external_normalized,deepfakeface_sd15/real/03/13181303_1944-01-11_1971.jpg,0.4988185167312622,0.4309690296649933,1,xception,external_test,source_video_disjoint_v1,highpass_0.1,ffpp_validation_checkpoint,03cb9bba05b67e1478fb86a731857ba65f55a3db09e023035c9bcd9d442d8efc
33,C:\Users\Rohith Syam\Documents\UTS SEMESTER 3\image processing\idea 2\outputs\generalization_upgrade\02_external_bias_audit\normalized_external\real\03\14926103_1928-01-13_1958.jpg,0,03/14926103_1928-01-13_1958.jpg,real,external_normalized,deepfakeface_sd15/real/03/14926103_1928-01-13_1958.jpg,0.8491934537887573,0.4309690296649933,1,xception,external_test,source_video_disjoint_v1,highpass_0.1,ffpp_validation_checkpoint,03cb9bba05b67e1478fb86a731857ba65f55a3db09e023035c9bcd9d442d8efc
34,C:\Users\Rohith Syam\Documents\UTS SEMESTER 3\image processing\idea 2\outputs\generalization_upgrade\02_external_bias_audit\normalized_external\real\03\16103_1907-05-26_1965.jpg,0,03/16103_1907-05-26_1965.jpg,real,external_normalized,deepfakeface_sd15/real/03/16103_1907-05-26_1965.jpg,0.015325863845646381,0.4309690296649933,0,xception,external_test,source_video_disjoint_v1,highpass_0.1,ffpp_validation_checkpoint,03cb9bba05b67e1478fb86a731857ba65f55a3db09e023035c9bcd9d442d8efc
35,C:\Users\Rohith Syam\Documents\UTS SEMESTER 3\image processing\idea 2\outputs\generalization_upgrade\02_external_bias_audit\normalized_external\real\03\18388503_1942-09-14_2007.jpg,0,03/18388503_1942-09-14_2007.jpg,real,external_normalized,deepfakeface_sd15/real/03/18388503_1942-09-14_2007.jpg,0.7200021743774414,0.4309690296649933,1,xception,external_test,source_video_disjoint_v1,highpass_0.1,ffpp_validation_checkpoint,03cb9bba05b67e1478fb86a731857ba65f55a3db09e023035c9bcd9d442d8efc
36,C:\Users\Rohith Syam\Documents\UTS SEMESTER 3\image processing\idea 2\outputs\generalization_upgrade\02_external_bias_audit\normalized_external\real\03\19966503_1974-03-04_2011.jpg,0,03/19966503_1974-03-04_2011.jpg,real,external_normalized,deepfakeface_sd15/real/03/19966503_1974-03-04_2011.jpg,0.4728655219078064,0.4309690296649933,1,xception,external_test,source_video_disjoint_v1,highpass_0.1,ffpp_validation_checkpoint,03cb9bba05b67e1478fb86a731857ba65f55a3db09e023035c9bcd9d442d8efc
37,C:\Users\Rohith Syam\Documents\UTS SEMESTER 3\image processing\idea 2\outputs\generalization_upgrade\02_external_bias_audit\normalized_external\real\03\21296103_1982-04-25_2011.jpg,0,03/21296103_1982-04-25_2011.jpg,real,external_normalized,deepfakeface_sd15/real/03/21296103_1982-04-25_2011.jpg,0.49820035696029663,0.4309690296649933,1,xception,external_test,source_video_disjoint_v1,highpass_0.1,ffpp_validation_checkpoint,03cb9bba05b67e1478fb86a731857ba65f55a3db09e023035c9bcd9d442d8efc
38,C:\Users\Rohith Syam\Documents\UTS SEMESTER 3\image processing\idea 2\outputs\generalization_upgrade\02_external_bias_audit\normalized_external\real\03\2220103_1954-05-18_2009.jpg,0,03/2220103_1954-05-18_2009.jpg,real,external_normalized,deepfakeface_sd15/real/03/2220103_1954-05-18_2009.jpg,0.11162307113409042,0.4309690296649933,0,xception,external_test,source_video_disjoint_v1,highpass_0.1,ffpp_validation_checkpoint,03cb9bba05b67e1478fb86a731857ba65f55a3db09e023035c9bcd9d442d8efc
39,C:\Users\Rohith Syam\Documents\UTS SEMESTER 3\image processing\idea 2\outputs\generalization_upgrade\02_external_bias_audit\normalized_external\real\03\225903_1935-04-21_2007.jpg,0,03/225903_1935-04-21_2007.jpg,real,external_normalized,deepfakeface_sd15/real/03/225903_1935-04-21_2007.jpg,0.7120761871337891,0.4309690296649933,1,xception,external_test,source_video_disjoint_v1,highpass_0.1,ffpp_validation_checkpoint,03cb9bba05b67e1478fb86a731857ba65f55a3db09e023035c9bcd9d442d8efc
40,C:\Users\Rohith Syam\Documents\UTS SEMESTER 3\image processing\idea 2\outputs\generalization_upgrade\02_external_bias_audit\normalized_external\real\03\2395003_1940-06-21_1977.jpg,0,03/2395003_1940-06-21_1977.jpg,real,external_normalized,deepfakeface_sd15/real/03/2395003_1940-06-21_1977.jpg,0.3197493553161621,0.4309690296649933,0,xception,external_test,source_video_disjoint_v1,highpass_0.1,ffpp_validation_checkpoint,03cb9bba05b67e1478fb86a731857ba65f55a3db09e023035c9bcd9d442d8efc
41,C:\Users\Rohith Syam\Documents\UTS SEMESTER 3\image processing\idea 2\outputs\generalization_upgrade\02_external_bias_audit\normalized_external\real\03\2420403_1964-03-18_2007.jpg,0,03/2420403_1964-03-18_2007.jpg,real,external_normalized,deepfakeface_sd15/real/03/2420403_1964-03-18_2007.jpg,0.08271398395299911,0.4309690296649933,0,xception,external_test,source_video_disjoint_v1,highpass_0.1,ffpp_validation_checkpoint,03cb9bba05b67e1478fb86a731857ba65f55a3db09e023035c9bcd9d442d8efc
42,C:\Users\Rohith Syam\Documents\UTS SEMESTER 3\image processing\idea 2\outputs\generalization_upgrade\02_external_bias_audit\normalized_external\real\03\2740303_1974-11-03_1999.jpg,0,03/2740303_1974-11-03_1999.jpg,real,external_normalized,deepfakeface_sd15/real/03/2740303_1974-11-03_1999.jpg,0.04405754432082176,0.4309690296649933,0,xception,external_test,source_video_disjoint_v1,highpass_0.1,ffpp_validation_checkpoint,03cb9bba05b67e1478fb86a731857ba65f55a3db09e023035c9bcd9d442d8efc
43,C:\Users\Rohith Syam\Documents\UTS SEMESTER 3\image processing\idea 2\outputs\generalization_upgrade\02_external_bias_audit\normalized_external\real\03\2779203_1965-10-01_2008.jpg,0,03/2779203_1965-10-01_2008.jpg,real,external_normalized,deepfakeface_sd15/real/03/2779203_1965-10-01_2008.jpg,0.5499888062477112,0.4309690296649933,1,xception,external_test,source_video_disjoint_v1,highpass_0.1,ffpp_validation_checkpoint,03cb9bba05b67e1478fb86a731857ba65f55a3db09e023035c9bcd9d442d8efc
44,C:\Users\Rohith Syam\Documents\UTS SEMESTER 3\image processing\idea 2\outputs\generalization_upgrade\02_external_bias_audit\normalized_external\real\03\317803_1920-03-03_2011.jpg,0,03/317803_1920-03-03_2011.jpg,real,external_normalized,deepfakeface_sd15/real/03/317803_1920-03-03_2011.jpg,0.01445427630096674,0.4309690296649933,0,xception,external_test,source_video_disjoint_v1,highpass_0.1,ffpp_validation_checkpoint,03cb9bba05b67e1478fb86a731857ba65f55a3db09e023035c9bcd9d442d8efc
45,C:\Users\Rohith Syam\Documents\UTS SEMESTER 3\image processing\idea 2\outputs\generalization_upgrade\02_external_bias_audit\normalized_external\real\03\32442803_1991-09-14_2012.jpg,0,03/32442803_1991-09-14_2012.jpg,real,external_normalized,deepfakeface_sd15/real/03/32442803_1991-09-14_2012.jpg,0.0029867340344935656,0.4309690296649933,0,xception,external_test,source_video_disjoint_v1,highpass_0.1,ffpp_validation_checkpoint,03cb9bba05b67e1478fb86a731857ba65f55a3db09e023035c9bcd9d442d8efc
46,C:\Users\Rohith Syam\Documents\UTS SEMESTER 3\image processing\idea 2\outputs\generalization_upgrade\02_external_bias_audit\normalized_external\real\03\34807003_1990-05-29_2013.jpg,0,03/34807003_1990-05-29_2013.jpg,real,external_normalized,deepfakeface_sd15/real/03/34807003_1990-05-29_2013.jpg,0.4691019654273987,0.4309690296649933,1,xception,external_test,source_video_disjoint_v1,highpass_0.1,ffpp_validation_checkpoint,03cb9bba05b67e1478fb86a731857ba65f55a3db09e023035c9bcd9d442d8efc
47,C:\Users\Rohith Syam\Documents\UTS SEMESTER 3\image processing\idea 2\outputs\generalization_upgrade\02_external_bias_audit\normalized_external\real\03\37970303_1977-07-09_2013.jpg,0,03/37970303_1977-07-09_2013.jpg,real,external_normalized,deepfakeface_sd15/real/03/37970303_1977-07-09_2013.jpg,0.67531818151474,0.4309690296649933,1,xception,external_test,source_video_disjoint_v1,highpass_0.1,ffpp_validation_checkpoint,03cb9bba05b67e1478fb86a731857ba65f55a3db09e023035c9bcd9d442d8efc
48,C:\Users\Rohith Syam\Documents\UTS SEMESTER 3\image processing\idea 2\outputs\generalization_upgrade\02_external_bias_audit\normalized_external\real\03\39605003_1966-06-21_2012.jpg,0,03/39605003_1966-06-21_2012.jpg,real,external_normalized,deepfakeface_sd15/real/03/39605003_1966-06-21_2012.jpg,0.3149026930332184,0.4309690296649933,0,xception,external_test,source_video_disjoint_v1,highpass_0.1,ffpp_validation_checkpoint,03cb9bba05b67e1478fb86a731857ba65f55a3db09e023035c9bcd9d442d8efc
49,C:\Users\Rohith Syam\Documents\UTS SEMESTER 3\image processing\idea 2\outputs\generalization_upgrade\02_external_bias_audit\normalized_external\real\03\39918103_1988-09-29_2012.jpg,0,03/39918103_1988-09-29_2012.jpg,real,external_normalized,deepfakeface_sd15/real/03/39918103_1988-09-29_2012.jpg,0.5463176965713501,0.4309690296649933,1,xception,external_test,source_video_disjoint_v1,highpass_0.1,ffpp_validation_checkpoint,03cb9bba05b67e1478fb86a731857ba65f55a3db09e023035c9bcd9d442d8efc
50,C:\Users\Rohith Syam\Documents\UTS SEMESTER 3\image processing\idea 2\outputs\generalization_upgrade\02_external_bias_audit\normalized_external\real\03\4830003_1961-12-01_2010.jpg,0,03/4830003_1961-12-01_2010.jpg,real,external_normalized,deepfakeface_sd15/real/03/4830003_1961-12-01_2010.jpg,0.8424364328384399,0.4309690296649933,1,xception,external_test,source_video_disjoint_v1,highpass_0.1,ffpp_validation_checkpoint,03cb9bba05b67e1478fb86a731857ba65f55a3db09e023035c9bcd9d442d8efc
51,C:\Users\Rohith Syam\Documents\UTS SEMESTER 3\image processing\idea 2\outputs\generalization_upgrade\02_external_bias_audit\normalized_external\real\03\555703_1913-07-13_1970.jpg,0,03/555703_1913-07-13_1970.jpg,real,external_normalized,deepfakeface_sd15/real/03/555703_1913-07-13_1970.jpg,0.02542310766875744,0.4309690296649933,0,xception,external_test,source_video_disjoint_v1,highpass_0.1,ffpp_validation_checkpoint,03cb9bba05b67e1478fb86a731857ba65f55a3db09e023035c9bcd9d442d8efc
52,C:\Users\Rohith Syam\Documents\UTS SEMESTER 3\image processing\idea 2\outputs\generalization_upgrade\02_external_bias_audit\normalized_external\real\03\6104003_1985-07-06_2006.jpg,0,03/6104003_1985-07-06_2006.jpg,real,external_normalized,deepfakeface_sd15/real/03/6104003_1985-07-06_2006.jpg,0.6593473553657532,0.4309690296649933,1,xception,external_test,source_video_disjoint_v1,highpass_0.1,ffpp_validation_checkpoint,03cb9bba05b67e1478fb86a731857ba65f55a3db09e023035c9bcd9d442d8efc
53,C:\Users\Rohith Syam\Documents\UTS SEMESTER 3\image processing\idea 2\outputs\generalization_upgrade\02_external_bias_audit\normalized_external\real\03\7100903_1961-03-15_2010.jpg,0,03/7100903_1961-03-15_2010.jpg,real,external_normalized,deepfakeface_sd15/real/03/7100903_1961-03-15_2010.jpg,0.50438392162323,0.4309690296649933,1,xception,external_test,source_video_disjoint_v1,highpass_0.1,ffpp_validation_checkpoint,03cb9bba05b67e1478fb86a731857ba65f55a3db09e023035c9bcd9d442d8efc
54,C:\Users\Rohith Syam\Documents\UTS SEMESTER 3\image processing\idea 2\outputs\generalization_upgrade\02_external_bias_audit\normalized_external\real\03\7655603_1956-03-09_2010.jpg,0,03/7655603_1956-03-09_2010.jpg,real,external_normalized,deepfakeface_sd15/real/03/7655603_1956-03-09_2010.jpg,0.005534122698009014,0.4309690296649933,0,xception,external_test,source_video_disjoint_v1,highpass_0.1,ffpp_validation_checkpoint,03cb9bba05b67e1478fb86a731857ba65f55a3db09e023035c9bcd9d442d8efc
55,C:\Users\Rohith Syam\Documents\UTS SEMESTER 3\image processing\idea 2\outputs\generalization_upgrade\02_external_bias_audit\normalized_external\real\03\8902703_1978-09-20_2007.jpg,0,03/8902703_1978-09-20_2007.jpg,real,external_normalized,deepfakeface_sd15/real/03/8902703_1978-09-20_2007.jpg,0.30324432253837585,0.4309690296649933,0,xception,external_test,source_video_disjoint_v1,highpass_0.1,ffpp_validation_checkpoint,03cb9bba05b67e1478fb86a731857ba65f55a3db09e023035c9bcd9d442d8efc
56,C:\Users\Rohith Syam\Documents\UTS SEMESTER 3\image processing\idea 2\outputs\generalization_upgrade\02_external_bias_audit\normalized_external\real\03\9000703_1982-07-16_2008.jpg,0,03/9000703_1982-07-16_2008.jpg,real,external_normalized,deepfakeface_sd15/real/03/9000703_1982-07-16_2008.jpg,0.5314209461212158,0.4309690296649933,1,xception,external_test,source_video_disjoint_v1,highpass_0.1,ffpp_validation_checkpoint,03cb9bba05b67e1478fb86a731857ba65f55a3db09e023035c9bcd9d442d8efc
57,C:\Users\Rohith Syam\Documents\UTS SEMESTER 3\image processing\idea 2\outputs\generalization_upgrade\02_external_bias_audit\normalized_external\real\03\9729003_1988-05-18_2011.jpg,0,03/9729003_1988-05-18_2011.jpg,real,external_normalized,deepfakeface_sd15/real/03/9729003_1988-05-18_2011.jpg,0.54832923412323,0.4309690296649933,1,xception,external_test,source_video_disjoint_v1,highpass_0.1,ffpp_validation_checkpoint,03cb9bba05b67e1478fb86a731857ba65f55a3db09e023035c9bcd9d442d8efc
58,C:\Users\Rohith Syam\Documents\UTS SEMESTER 3\image processing\idea 2\outputs\generalization_upgrade\02_external_bias_audit\normalized_external\real\03\97803_1991-04-04_2007.jpg,0,03/97803_1991-04-04_2007.jpg,real,external_normalized,deepfakeface_sd15/real/03/97803_1991-04-04_2007.jpg,0.0040187472477555275,0.4309690296649933,0,xception,external_test,source_video_disjoint_v1,highpass_0.1,ffpp_validation_checkpoint,03cb9bba05b67e1478fb86a731857ba65f55a3db09e023035c9bcd9d442d8efc
59,C:\Users\Rohith Syam\Documents\UTS SEMESTER 3\image processing\idea 2\outputs\generalization_upgrade\02_external_bias_audit\normalized_external\real\12\1836812_1976-11-06_2013.jpg,0,12/1836812_1976-11-06_2013.jpg,real,external_normalized,deepfakeface_sd15/real/12/1836812_1976-11-06_2013.jpg,0.020968372002243996,0.4309690296649933,0,xception,external_test,source_video_disjoint_v1,highpass_0.1,ffpp_validation_checkpoint,03cb9bba05b67e1478fb86a731857ba65f55a3db09e023035c9bcd9d442d8efc
60,C:\Users\Rohith Syam\Documents\UTS SEMESTER 3\image processing\idea 2\outputs\generalization_upgrade\02_external_bias_audit\normalized_external\real\14\12041214_1955-03-25_2012.jpg,0,14/12041214_1955-03-25_2012.jpg,real,external_normalized,deepfakeface_sd15/real/14/12041214_1955-03-25_2012.jpg,0.4059966206550598,0.4309690296649933,0,xception,external_test,source_video_disjoint_v1,highpass_0.1,ffpp_validation_checkpoint,03cb9bba05b67e1478fb86a731857ba65f55a3db09e023035c9bcd9d442d8efc
61,C:\Users\Rohith Syam\Documents\UTS SEMESTER 3\image processing\idea 2\outputs\generalization_upgrade\02_external_bias_audit\normalized_external\real\14\12461914_1975-12-14_2007.jpg,0,14/12461914_1975-12-14_2007.jpg,real,external_normalized,deepfakeface_sd15/real/14/12461914_1975-12-14_2007.jpg,0.13422417640686035,0.4309690296649933,0,xception,external_test,source_video_disjoint_v1,highpass_0.1,ffpp_validation_checkpoint,03cb9bba05b67e1478fb86a731857ba65f55a3db09e023035c9bcd9d442d8efc
62,C:\Users\Rohith Syam\Documents\UTS SEMESTER 3\image processing\idea 2\outputs\generalization_upgrade\02_external_bias_audit\normalized_external\real\14\14307714_1977-01-29_2013.jpg,0,14/14307714_1977-01-29_2013.jpg,real,external_normalized,deepfakeface_sd15/real/14/14307714_1977-01-29_2013.jpg,0.030933978036046028,0.4309690296649933,0,xception,external_test,source_video_disjoint_v1,highpass_0.1,ffpp_validation_checkpoint,03cb9bba05b67e1478fb86a731857ba65f55a3db09e023035c9bcd9d442d8efc
63,C:\Users\Rohith Syam\Documents\UTS SEMESTER 3\image processing\idea 2\outputs\generalization_upgrade\02_external_bias_audit\normalized_external\real\14\170514_1963-03-06_1970.jpg,0,14/170514_1963-03-06_1970.jpg,real,external_normalized,deepfakeface_sd15/real/14/170514_1963-03-06_1970.jpg,0.002186388475820422,0.4309690296649933,0,xception,external_test,source_video_disjoint_v1,highpass_0.1,ffpp_validation_checkpoint,03cb9bba05b67e1478fb86a731857ba65f55a3db09e023035c9bcd9d442d8efc
64,C:\Users\Rohith Syam\Documents\UTS SEMESTER 3\image processing\idea 2\outputs\generalization_upgrade\02_external_bias_audit\normalized_external\real\14\1830414_1971-07-01_2013.jpg,0,14/1830414_1971-07-01_2013.jpg,real,external_normalized,deepfakeface_sd15/real/14/1830414_1971-07-01_2013.jpg,0.6899430751800537,0.4309690296649933,1,xception,external_test,source_video_disjoint_v1,highpass_0.1,ffpp_validation_checkpoint,03cb9bba05b67e1478fb86a731857ba65f55a3db09e023035c9bcd9d442d8efc
65,C:\Users\Rohith Syam\Documents\UTS SEMESTER 3\image processing\idea 2\outputs\generalization_upgrade\02_external_bias_audit\normalized_external\real\14\19894914_1989-10-19_2012.jpg,0,14/19894914_1989-10-19_2012.jpg,real,external_normalized,deepfakeface_sd15/real/14/19894914_1989-10-19_2012.jpg,0.8494178652763367,0.4309690296649933,1,xception,external_test,source_video_disjoint_v1,highpass_0.1,ffpp_validation_checkpoint,03cb9bba05b67e1478fb86a731857ba65f55a3db09e023035c9bcd9d442d8efc
66,C:\Users\Rohith Syam\Documents\UTS SEMESTER 3\image processing\idea 2\outputs\generalization_upgrade\02_external_bias_audit\normalized_external\real\14\1995914_1928-11-21_1976.jpg,0,14/1995914_1928-11-21_1976.jpg,real,external_normalized,deepfakeface_sd15/real/14/1995914_1928-11-21_1976.jpg,0.46409550309181213,0.4309690296649933,1,xception,external_test,source_video_disjoint_v1,highpass_0.1,ffpp_validation_checkpoint,03cb9bba05b67e1478fb86a731857ba65f55a3db09e023035c9bcd9d442d8efc
67,C:\Users\Rohith Syam\Documents\UTS SEMESTER 3\image processing\idea 2\outputs\generalization_upgrade\02_external_bias_audit\normalized_external\real\14\2009614_1964-05-13_2008.jpg,0,14/2009614_1964-05-13_2008.jpg,real,external_normalized,deepfakeface_sd15/real/14/2009614_1964-05-13_2008.jpg,0.21853956580162048,0.4309690296649933,0,xception,external_test,source_video_disjoint_v1,highpass_0.1,ffpp_validation_checkpoint,03cb9bba05b67e1478fb86a731857ba65f55a3db09e023035c9bcd9d442d8efc
68,C:\Users\Rohith Syam\Documents\UTS SEMESTER 3\image processing\idea 2\outputs\generalization_upgrade\02_external_bias_audit\normalized_external\real\14\21538614_1990-11-01_2015.jpg,0,14/21538614_1990-11-01_2015.jpg,real,external_normalized,deepfakeface_sd15/real/14/21538614_1990-11-01_2015.jpg,0.4746500551700592,0.4309690296649933,1,xception,external_test,source_video_disjoint_v1,highpass_0.1,ffpp_validation_checkpoint,03cb9bba05b67e1478fb86a731857ba65f55a3db09e023035c9bcd9d442d8efc
69,C:\Users\Rohith Syam\Documents\UTS SEMESTER 3\image processing\idea 2\outputs\generalization_upgrade\02_external_bias_audit\normalized_external\real\14\22037414_1987-06-05_2013.jpg,0,14/22037414_1987-06-05_2013.jpg,real,external_normalized,deepfakeface_sd15/real/14/22037414_1987-06-05_2013.jpg,0.6207748055458069,0.4309690296649933,1,xception,external_test,source_video_disjoint_v1,highpass_0.1,ffpp_validation_checkpoint,03cb9bba05b67e1478fb86a731857ba65f55a3db09e023035c9bcd9d442d8efc
70,C:\Users\Rohith Syam\Documents\UTS SEMESTER 3\image processing\idea 2\outputs\generalization_upgrade\02_external_bias_audit\normalized_external\real\14\23420614_1974-04-16_2008.jpg,0,14/23420614_1974-04-16_2008.jpg,real,external_normalized,deepfakeface_sd15/real/14/23420614_1974-04-16_2008.jpg,0.3051305115222931,0.4309690296649933,0,xception,external_test,source_video_disjoint_v1,highpass_0.1,ffpp_validation_checkpoint,03cb9bba05b67e1478fb86a731857ba65f55a3db09e023035c9bcd9d442d8efc
71,C:\Users\Rohith Syam\Documents\UTS SEMESTER 3\image processing\idea 2\outputs\generalization_upgrade\02_external_bias_audit\normalized_external\real\14\27131114_1983-08-30_2011.jpg,0,14/27131114_1983-08-30_2011.jpg,real,external_normalized,deepfakeface_sd15/real/14/27131114_1983-08-30_2011.jpg,0.6372776627540588,0.4309690296649933,1,xception,external_test,source_video_disjoint_v1,highpass_0.1,ffpp_validation_checkpoint,03cb9bba05b67e1478fb86a731857ba65f55a3db09e023035c9bcd9d442d8efc
72,C:\Users\Rohith Syam\Documents\UTS SEMESTER 3\image processing\idea 2\outputs\generalization_upgrade\02_external_bias_audit\normalized_external\real\14\28269114_1941-03-21_2011.jpg,0,14/28269114_1941-03-21_2011.jpg,real,external_normalized,deepfakeface_sd15/real/14/28269114_1941-03-21_2011.jpg,0.06916715949773788,0.4309690296649933,0,xception,external_test,source_video_disjoint_v1,highpass_0.1,ffpp_validation_checkpoint,03cb9bba05b67e1478fb86a731857ba65f55a3db09e023035c9bcd9d442d8efc
73,C:\Users\Rohith Syam\Documents\UTS SEMESTER 3\image processing\idea 2\outputs\generalization_upgrade\02_external_bias_audit\normalized_external\real\14\28819114_1961-06-26_2009.jpg,0,14/28819114_1961-06-26_2009.jpg,real,external_normalized,deepfakeface_sd15/real/14/28819114_1961-06-26_2009.jpg,0.28365129232406616,0.4309690296649933,0,xception,external_test,source_video_disjoint_v1,highpass_0.1,ffpp_validation_checkpoint,03cb9bba05b67e1478fb86a731857ba65f55a3db09e023035c9bcd9d442d8efc
74,C:\Users\Rohith Syam\Documents\UTS SEMESTER 3\image processing\idea 2\outputs\generalization_upgrade\02_external_bias_audit\normalized_external\real\14\33258714_1979-05-30_2011.jpg,0,14/33258714_1979-05-30_2011.jpg,real,external_normalized,deepfakeface_sd15/real/14/33258714_1979-05-30_2011.jpg,0.039790961891412735,0.4309690296649933,0,xception,external_test,source_video_disjoint_v1,highpass_0.1,ffpp_validation_checkpoint,03cb9bba05b67e1478fb86a731857ba65f55a3db09e023035c9bcd9d442d8efc
75,C:\Users\Rohith Syam\Documents\UTS SEMESTER 3\image processing\idea 2\outputs\generalization_upgrade\02_external_bias_audit\normalized_external\real\14\35642014_1989-04-27_2012.jpg,0,14/35642014_1989-04-27_2012.jpg,real,external_normalized,deepfakeface_sd15/real/14/35642014_1989-04-27_2012.jpg,0.38058724999427795,0.4309690296649933,0,xception,external_test,source_video_disjoint_v1,highpass_0.1,ffpp_validation_checkpoint,03cb9bba05b67e1478fb86a731857ba65f55a3db09e023035c9bcd9d442d8efc
76,C:\Users\Rohith Syam\Documents\UTS SEMESTER 3\image processing\idea 2\outputs\generalization_upgrade\02_external_bias_audit\normalized_external\real\14\36566914_1988-08-11_2014.jpg,0,14/36566914_1988-08-11_2014.jpg,real,external_normalized,deepfakeface_sd15/real/14/36566914_1988-08-11_2014.jpg,0.12822484970092773,0.4309690296649933,0,xception,external_test,source_video_disjoint_v1,highpass_0.1,ffpp_validation_checkpoint,03cb9bba05b67e1478fb86a731857ba65f55a3db09e023035c9bcd9d442d8efc
77,C:\Users\Rohith Syam\Documents\UTS SEMESTER 3\image processing\idea 2\outputs\generalization_upgrade\02_external_bias_audit\normalized_external\real\14\36573714_1984-12-01_2012.jpg,0,14/36573714_1984-12-01_2012.jpg,real,external_normalized,deepfakeface_sd15/real/14/36573714_1984-12-01_2012.jpg,0.8083577156066895,0.4309690296649933,1,xception,external_test,source_video_disjoint_v1,highpass_0.1,ffpp_validation_checkpoint,03cb9bba05b67e1478fb86a731857ba65f55a3db09e023035c9bcd9d442d8efc
78,C:\Users\Rohith Syam\Documents\UTS SEMESTER 3\image processing\idea 2\outputs\generalization_upgrade\02_external_bias_audit\normalized_external\real\14\3772814_1978-02-28_2008.jpg,0,14/3772814_1978-02-28_2008.jpg,real,external_normalized,deepfakeface_sd15/real/14/3772814_1978-02-28_2008.jpg,0.003066444769501686,0.4309690296649933,0,xception,external_test,source_video_disjoint_v1,highpass_0.1,ffpp_validation_checkpoint,03cb9bba05b67e1478fb86a731857ba65f55a3db09e023035c9bcd9d442d8efc
79,C:\Users\Rohith Syam\Documents\UTS SEMESTER 3\image processing\idea 2\outputs\generalization_upgrade\02_external_bias_audit\normalized_external\real\14\41732014_1943-06-18_1969.jpg,0,14/41732014_1943-06-18_1969.jpg,real,external_normalized,deepfakeface_sd15/real/14/41732014_1943-06-18_1969.jpg,0.6086797118186951,0.4309690296649933,1,xception,external_test,source_video_disjoint_v1,highpass_0.1,ffpp_validation_checkpoint,03cb9bba05b67e1478fb86a731857ba65f55a3db09e023035c9bcd9d442d8efc
80,C:\Users\Rohith Syam\Documents\UTS SEMESTER 3\image processing\idea 2\outputs\generalization_upgrade\02_external_bias_audit\normalized_external\real\14\4295614_1924-09-15_1987.jpg,0,14/4295614_1924-09-15_1987.jpg,real,external_normalized,deepfakeface_sd15/real/14/4295614_1924-09-15_1987.jpg,0.016269706189632416,0.4309690296649933,0,xception,external_test,source_video_disjoint_v1,highpass_0.1,ffpp_validation_checkpoint,03cb9bba05b67e1478fb86a731857ba65f55a3db09e023035c9bcd9d442d8efc
81,C:\Users\Rohith Syam\Documents\UTS SEMESTER 3\image processing\idea 2\outputs\generalization_upgrade\02_external_bias_audit\normalized_external\real\14\44096714_1964-06-29_2012.jpg,0,14/44096714_1964-06-29_2012.jpg,real,external_normalized,deepfakeface_sd15/real/14/44096714_1964-06-29_2012.jpg,0.014488838613033295,0.4309690296649933,0,xception,external_test,source_video_disjoint_v1,highpass_0.1,ffpp_validation_checkpoint,03cb9bba05b67e1478fb86a731857ba65f55a3db09e023035c9bcd9d442d8efc
82,C:\Users\Rohith Syam\Documents\UTS SEMESTER 3\image processing\idea 2\outputs\generalization_upgrade\02_external_bias_audit\normalized_external\real\14\448514_1959-03-06_2007.jpg,0,14/448514_1959-03-06_2007.jpg,real,external_normalized,deepfakeface_sd15/real/14/448514_1959-03-06_2007.jpg,0.531952977180481,0.4309690296649933,1,xception,external_test,source_video_disjoint_v1,highpass_0.1,ffpp_validation_checkpoint,03cb9bba05b67e1478fb86a731857ba65f55a3db09e023035c9bcd9d442d8efc
83,C:\Users\Rohith Syam\Documents\UTS SEMESTER 3\image processing\idea 2\outputs\generalization_upgrade\02_external_bias_audit\normalized_external\real\14\585414_1951-03-17_2014.jpg,0,14/585414_1951-03-17_2014.jpg,real,external_normalized,deepfakeface_sd15/real/14/585414_1951-03-17_2014.jpg,0.26870831847190857,0.4309690296649933,0,xception,external_test,source_video_disjoint_v1,highpass_0.1,ffpp_validation_checkpoint,03cb9bba05b67e1478fb86a731857ba65f55a3db09e023035c9bcd9d442d8efc
84,C:\Users\Rohith Syam\Documents\UTS SEMESTER 3\image processing\idea 2\outputs\generalization_upgrade\02_external_bias_audit\normalized_external\real\14\5923814_1958-08-28_1991.jpg,0,14/5923814_1958-08-28_1991.jpg,real,external_normalized,deepfakeface_sd15/real/14/5923814_1958-08-28_1991.jpg,0.8471677899360657,0.4309690296649933,1,xception,external_test,source_video_disjoint_v1,highpass_0.1,ffpp_validation_checkpoint,03cb9bba05b67e1478fb86a731857ba65f55a3db09e023035c9bcd9d442d8efc
85,C:\Users\Rohith Syam\Documents\UTS SEMESTER 3\image processing\idea 2\outputs\generalization_upgrade\02_external_bias_audit\normalized_external\real\14\5965014_1981-12-21_2013.jpg,0,14/5965014_1981-12-21_2013.jpg,real,external_normalized,deepfakeface_sd15/real/14/5965014_1981-12-21_2013.jpg,0.02884814888238907,0.4309690296649933,0,xception,external_test,source_video_disjoint_v1,highpass_0.1,ffpp_validation_checkpoint,03cb9bba05b67e1478fb86a731857ba65f55a3db09e023035c9bcd9d442d8efc
86,C:\Users\Rohith Syam\Documents\UTS SEMESTER 3\image processing\idea 2\outputs\generalization_upgrade\02_external_bias_audit\normalized_external\real\14\852514_1980-01-18_2013.jpg,0,14/852514_1980-01-18_2013.jpg,real,external_normalized,deepfakeface_sd15/real/14/852514_1980-01-18_2013.jpg,0.6106227040290833,0.4309690296649933,1,xception,external_test,source_video_disjoint_v1,highpass_0.1,ffpp_validation_checkpoint,03cb9bba05b67e1478fb86a731857ba65f55a3db09e023035c9bcd9d442d8efc
87,C:\Users\Rohith Syam\Documents\UTS SEMESTER 3\image processing\idea 2\outputs\generalization_upgrade\02_external_bias_audit\normalized_external\real\14\8543614_1983-09-25_2010.jpg,0,14/8543614_1983-09-25_2010.jpg,real,external_normalized,deepfakeface_sd15/real/14/8543614_1983-09-25_2010.jpg,0.3981007933616638,0.4309690296649933,0,xception,external_test,source_video_disjoint_v1,highpass_0.1,ffpp_validation_checkpoint,03cb9bba05b67e1478fb86a731857ba65f55a3db09e023035c9bcd9d442d8efc
88,C:\Users\Rohith Syam\Documents\UTS SEMESTER 3\image processing\idea 2\outputs\generalization_upgrade\02_external_bias_audit\normalized_external\real\14\9716514_1900-04-10_1946.jpg,0,14/9716514_1900-04-10_1946.jpg,real,external_normalized,deepfakeface_sd15/real/14/9716514_1900-04-10_1946.jpg,0.6237003207206726,0.4309690296649933,1,xception,external_test,source_video_disjoint_v1,highpass_0.1,ffpp_validation_checkpoint,03cb9bba05b67e1478fb86a731857ba65f55a3db09e023035c9bcd9d442d8efc
89,C:\Users\Rohith Syam\Documents\UTS SEMESTER 3\image processing\idea 2\outputs\generalization_upgrade\02_external_bias_audit\normalized_external\real\21\10172021_1963-06-02_2006.jpg,0,21/10172021_1963-06-02_2006.jpg,real,external_normalized,deepfakeface_sd15/real/21/10172021_1963-06-02_2006.jpg,0.7330417037010193,0.4309690296649933,1,xception,external_test,source_video_disjoint_v1,highpass_0.1,ffpp_validation_checkpoint,03cb9bba05b67e1478fb86a731857ba65f55a3db09e023035c9bcd9d442d8efc
90,C:\Users\Rohith Syam\Documents\UTS SEMESTER 3\image processing\idea 2\outputs\generalization_upgrade\02_external_bias_audit\normalized_external\real\21\1176621_1966-05-16_2010.jpg,0,21/1176621_1966-05-16_2010.jpg,real,external_normalized,deepfakeface_sd15/real/21/1176621_1966-05-16_2010.jpg,0.49536487460136414,0.4309690296649933,1,xception,external_test,source_video_disjoint_v1,highpass_0.1,ffpp_validation_checkpoint,03cb9bba05b67e1478fb86a731857ba65f55a3db09e023035c9bcd9d442d8efc
91,C:\Users\Rohith Syam\Documents\UTS SEMESTER 3\image processing\idea 2\outputs\generalization_upgrade\02_external_bias_audit\normalized_external\real\21\12261121_1985-01-04_2014.jpg,0,21/12261121_1985-01-04_2014.jpg,real,external_normalized,deepfakeface_sd15/real/21/12261121_1985-01-04_2014.jpg,0.7162530422210693,0.4309690296649933,1,xception,external_test,source_video_disjoint_v1,highpass_0.1,ffpp_validation_checkpoint,03cb9bba05b67e1478fb86a731857ba65f55a3db09e023035c9bcd9d442d8efc
92,C:\Users\Rohith Syam\Documents\UTS SEMESTER 3\image processing\idea 2\outputs\generalization_upgrade\02_external_bias_audit\normalized_external\real\21\15872621_1922-08-28_1952.jpg,0,21/15872621_1922-08-28_1952.jpg,real,external_normalized,deepfakeface_sd15/real/21/15872621_1922-08-28_1952.jpg,0.15580004453659058,0.4309690296649933,0,xception,external_test,source_video_disjoint_v1,highpass_0.1,ffpp_validation_checkpoint,03cb9bba05b67e1478fb86a731857ba65f55a3db09e023035c9bcd9d442d8efc
93,C:\Users\Rohith Syam\Documents\UTS SEMESTER 3\image processing\idea 2\outputs\generalization_upgrade\02_external_bias_audit\normalized_external\real\21\15905321_1990-01-06_2009.jpg,0,21/15905321_1990-01-06_2009.jpg,real,external_normalized,deepfakeface_sd15/real/21/15905321_1990-01-06_2009.jpg,0.45870640873908997,0.4309690296649933,1,xception,external_test,source_video_disjoint_v1,highpass_0.1,ffpp_validation_checkpoint,03cb9bba05b67e1478fb86a731857ba65f55a3db09e023035c9bcd9d442d8efc
94,C:\Users\Rohith Syam\Documents\UTS SEMESTER 3\image processing\idea 2\outputs\generalization_upgrade\02_external_bias_audit\normalized_external\real\21\16521_1938-12-29_2011.jpg,0,21/16521_1938-12-29_2011.jpg,real,external_normalized,deepfakeface_sd15/real/21/16521_1938-12-29_2011.jpg,0.0015932763926684856,0.4309690296649933,0,xception,external_test,source_video_disjoint_v1,highpass_0.1,ffpp_validation_checkpoint,03cb9bba05b67e1478fb86a731857ba65f55a3db09e023035c9bcd9d442d8efc
95,C:\Users\Rohith Syam\Documents\UTS SEMESTER 3\image processing\idea 2\outputs\generalization_upgrade\02_external_bias_audit\normalized_external\real\21\174821_1961-09-25_1993.jpg,0,21/174821_1961-09-25_1993.jpg,real,external_normalized,deepfakeface_sd15/real/21/174821_1961-09-25_1993.jpg,0.03757074475288391,0.4309690296649933,0,xception,external_test,source_video_disjoint_v1,highpass_0.1,ffpp_validation_checkpoint,03cb9bba05b67e1478fb86a731857ba65f55a3db09e023035c9bcd9d442d8efc
96,C:\Users\Rohith Syam\Documents\UTS SEMESTER 3\image processing\idea 2\outputs\generalization_upgrade\02_external_bias_audit\normalized_external\real\21\1825621_1945-09-08_2008.jpg,0,21/1825621_1945-09-08_2008.jpg,real,external_normalized,deepfakeface_sd15/real/21/1825621_1945-09-08_2008.jpg,0.6801189184188843,0.4309690296649933,1,xception,external_test,source_video_disjoint_v1,highpass_0.1,ffpp_validation_checkpoint,03cb9bba05b67e1478fb86a731857ba65f55a3db09e023035c9bcd9d442d8efc
97,C:\Users\Rohith Syam\Documents\UTS SEMESTER 3\image processing\idea 2\outputs\generalization_upgrade\02_external_bias_audit\normalized_external\real\21\20599521_1967-08-09_2012.jpg,0,21/20599521_1967-08-09_2012.jpg,real,external_normalized,deepfakeface_sd15/real/21/20599521_1967-08-09_2012.jpg,0.30798470973968506,0.4309690296649933,0,xception,external_test,source_video_disjoint_v1,highpass_0.1,ffpp_validation_checkpoint,03cb9bba05b67e1478fb86a731857ba65f55a3db09e023035c9bcd9d442d8efc
98,C:\Users\Rohith Syam\Documents\UTS SEMESTER 3\image processing\idea 2\outputs\generalization_upgrade\02_external_bias_audit\normalized_external\real\21\24644621_1964-12-15_2010.jpg,0,21/24644621_1964-12-15_2010.jpg,real,external_normalized,deepfakeface_sd15/real/21/24644621_1964-12-15_2010.jpg,0.5132193565368652,0.4309690296649933,1,xception,external_test,source_video_disjoint_v1,highpass_0.1,ffpp_validation_checkpoint,03cb9bba05b67e1478fb86a731857ba65f55a3db09e023035c9bcd9d442d8efc
99,C:\Users\Rohith Syam\Documents\UTS SEMESTER 3\image processing\idea 2\outputs\generalization_upgrade\02_external_bias_audit\normalized_external\real\21\250721_1956-06-03_2010.jpg,0,21/250721_1956-06-03_2010.jpg,real,external_normalized,deepfakeface_sd15/real/21/250721_1956-06-03_2010.jpg,0.2878057360649109,0.4309690296649933,0,xception,external_test,source_video_disjoint_v1,highpass_0.1,ffpp_validation_checkpoint,03cb9bba05b67e1478fb86a731857ba65f55a3db09e023035c9bcd9d442d8efc
100,C:\Users\Rohith Syam\Documents\UTS SEMESTER 3\image processing\idea 2\outputs\generalization_upgrade\02_external_bias_audit\normalized_external\real\21\2797621_1960-03-15_2011.jpg,0,21/2797621_1960-03-15_2011.jpg,real,external_normalized,deepfakeface_sd15/real/21/2797621_1960-03-15_2011.jpg,0.006173949223011732,0.4309690296649933,0,xception,external_test,source_video_disjoint_v1,highpass_0.1,ffpp_validation_checkpoint,03cb9bba05b67e1478fb86a731857ba65f55a3db09e023035c9bcd9d442d8efc
101,C:\Users\Rohith Syam\Documents\UTS SEMESTER 3\image processing\idea 2\outputs\generalization_upgrade\02_external_bias_audit\normalized_external\real\21\29126821_1986-10-07_2014.jpg,0,21/29126821_1986-10-07_2014.jpg,real,external_normalized,deepfakeface_sd15/real/21/29126821_1986-10-07_2014.jpg,0.011232675984501839,0.4309690296649933,0,xception,external_test,source_video_disjoint_v1,highpass_0.1,ffpp_validation_checkpoint,03cb9bba05b67e1478fb86a731857ba65f55a3db09e023035c9bcd9d442d8efc
102,C:\Users\Rohith Syam\Documents\UTS SEMESTER 3\image processing\idea 2\outputs\generalization_upgrade\02_external_bias_audit\normalized_external\real\21\2950421_1974-09-11_2007.jpg,0,21/2950421_1974-09-11_2007.jpg,real,external_normalized,deepfakeface_sd15/real/21/2950421_1974-09-11_2007.jpg,0.5027753710746765,0.4309690296649933,1,xception,external_test,source_video_disjoint_v1,highpass_0.1,ffpp_validation_checkpoint,03cb9bba05b67e1478fb86a731857ba65f55a3db09e023035c9bcd9d442d8efc
103,C:\Users\Rohith Syam\Documents\UTS SEMESTER 3\image processing\idea 2\outputs\generalization_upgrade\02_external_bias_audit\normalized_external\real\21\295321_1904-08-23_1955.jpg,0,21/295321_1904-08-23_1955.jpg,real,external_normalized,deepfakeface_sd15/real/21/295321_1904-08-23_1955.jpg,0.35426515340805054,0.4309690296649933,0,xception,external_test,source_video_disjoint_v1,highpass_0.1,ffpp_validation_checkpoint,03cb9bba05b67e1478fb86a731857ba65f55a3db09e023035c9bcd9d442d8efc
104,C:\Users\Rohith Syam\Documents\UTS SEMESTER 3\image processing\idea 2\outputs\generalization_upgrade\02_external_bias_audit\normalized_external\real\21\3003021_1956-12-23_2014.jpg,0,21/3003021_1956-12-23_2014.jpg,real,external_normalized,deepfakeface_sd15/real/21/3003021_1956-12-23_2014.jpg,0.3727661967277527,0.4309690296649933,0,xception,external_test,source_video_disjoint_v1,highpass_0.1,ffpp_validation_checkpoint,03cb9bba05b67e1478fb86a731857ba65f55a3db09e023035c9bcd9d442d8efc
105,C:\Users\Rohith Syam\Documents\UTS SEMESTER 3\image processing\idea 2\outputs\generalization_upgrade\02_external_bias_audit\normalized_external\real\21\30496921_1916-02-13_1977.jpg,0,21/30496921_1916-02-13_1977.jpg,real,external_normalized,deepfakeface_sd15/real/21/30496921_1916-02-13_1977.jpg,0.583536684513092,0.4309690296649933,1,xception,external_test,source_video_disjoint_v1,highpass_0.1,ffpp_validation_checkpoint,03cb9bba05b67e1478fb86a731857ba65f55a3db09e023035c9bcd9d442d8efc
106,C:\Users\Rohith Syam\Documents\UTS SEMESTER 3\image processing\idea 2\outputs\generalization_upgrade\02_external_bias_audit\normalized_external\real\21\332221_1903-07-21_2007.jpg,0,21/332221_1903-07-21_2007.jpg,real,external_normalized,deepfakeface_sd15/real/21/332221_1903-07-21_2007.jpg,0.6614909768104553,0.4309690296649933,1,xception,external_test,source_video_disjoint_v1,highpass_0.1,ffpp_validation_checkpoint,03cb9bba05b67e1478fb86a731857ba65f55a3db09e023035c9bcd9d442d8efc
107,C:\Users\Rohith Syam\Documents\UTS SEMESTER 3\image processing\idea 2\outputs\generalization_upgrade\02_external_bias_audit\normalized_external\real\21\35191121_1990-01-18_2014.jpg,0,21/35191121_1990-01-18_2014.jpg,real,external_normalized,deepfakeface_sd15/real/21/35191121_1990-01-18_2014.jpg,0.4913109540939331,0.4309690296649933,1,xception,external_test,source_video_disjoint_v1,highpass_0.1,ffpp_validation_checkpoint,03cb9bba05b67e1478fb86a731857ba65f55a3db09e023035c9bcd9d442d8efc
108,C:\Users\Rohith Syam\Documents\UTS SEMESTER 3\image processing\idea 2\outputs\generalization_upgrade\02_external_bias_audit\normalized_external\real\21\40783721_1958-04-16_2013.jpg,0,21/40783721_1958-04-16_2013.jpg,real,external_normalized,deepfakeface_sd15/real/21/40783721_1958-04-16_2013.jpg,0.13761019706726074,0.4309690296649933,0,xception,external_test,source_video_disjoint_v1,highpass_0.1,ffpp_validation_checkpoint,03cb9bba05b67e1478fb86a731857ba65f55a3db09e023035c9bcd9d442d8efc
109,C:\Users\Rohith Syam\Documents\UTS SEMESTER 3\image processing\idea 2\outputs\generalization_upgrade\02_external_bias_audit\normalized_external\real\21\4137921_1965-08-22_2013.jpg,0,21/4137921_1965-08-22_2013.jpg,real,external_normalized,deepfakeface_sd15/real/21/4137921_1965-08-22_2013.jpg,0.4925132691860199,0.4309690296649933,1,xception,external_test,source_video_disjoint_v1,highpass_0.1,ffpp_validation_checkpoint,03cb9bba05b67e1478fb86a731857ba65f55a3db09e023035c9bcd9d442d8efc
110,C:\Users\Rohith Syam\Documents\UTS SEMESTER 3\image processing\idea 2\outputs\generalization_upgrade\02_external_bias_audit\normalized_external\real\21\6573321_1986-05-01_2008.jpg,0,21/6573321_1986-05-01_2008.jpg,real,external_normalized,deepfakeface_sd15/real/21/6573321_1986-05-01_2008.jpg,0.3994380533695221,0.4309690296649933,0,xception,external_test,source_video_disjoint_v1,highpass_0.1,ffpp_validation_checkpoint,03cb9bba05b67e1478fb86a731857ba65f55a3db09e023035c9bcd9d442d8efc
111,C:\Users\Rohith Syam\Documents\UTS SEMESTER 3\image processing\idea 2\outputs\generalization_upgrade\02_external_bias_audit\normalized_external\real\21\6574321_1982-08-10_2012.jpg,0,21/6574321_1982-08-10_2012.jpg,real,external_normalized,deepfakeface_sd15/real/21/6574321_1982-08-10_2012.jpg,0.7338364124298096,0.4309690296649933,1,xception,external_test,source_video_disjoint_v1,highpass_0.1,ffpp_validation_checkpoint,03cb9bba05b67e1478fb86a731857ba65f55a3db09e023035c9bcd9d442d8efc
112,C:\Users\Rohith Syam\Documents\UTS SEMESTER 3\image processing\idea 2\outputs\generalization_upgrade\02_external_bias_audit\normalized_external\real\21\7170221_1933-03-27_1983.jpg,0,21/7170221_1933-03-27_1983.jpg,real,external_normalized,deepfakeface_sd15/real/21/7170221_1933-03-27_1983.jpg,0.376740962266922,0.4309690296649933,0,xception,external_test,source_video_disjoint_v1,highpass_0.1,ffpp_validation_checkpoint,03cb9bba05b67e1478fb86a731857ba65f55a3db09e023035c9bcd9d442d8efc
113,C:\Users\Rohith Syam\Documents\UTS SEMESTER 3\image processing\idea 2\outputs\generalization_upgrade\02_external_bias_audit\normalized_external\real\21\7623721_1978-03-01_2010.jpg,0,21/7623721_1978-03-01_2010.jpg,real,external_normalized,deepfakeface_sd15/real/21/7623721_1978-03-01_2010.jpg,0.29705891013145447,0.4309690296649933,0,xception,external_test,source_video_disjoint_v1,highpass_0.1,ffpp_validation_checkpoint,03cb9bba05b67e1478fb86a731857ba65f55a3db09e023035c9bcd9d442d8efc
114,C:\Users\Rohith Syam\Documents\UTS SEMESTER 3\image processing\idea 2\outputs\generalization_upgrade\02_external_bias_audit\normalized_external\real\21\8194621_1986-02-16_2009.jpg,0,21/8194621_1986-02-16_2009.jpg,real,external_normalized,deepfakeface_sd15/real/21/8194621_1986-02-16_2009.jpg,0.08974321186542511,0.4309690296649933,0,xception,external_test,source_video_disjoint_v1,highpass_0.1,ffpp_validation_checkpoint,03cb9bba05b67e1478fb86a731857ba65f55a3db09e023035c9bcd9d442d8efc
115,C:\Users\Rohith Syam\Documents\UTS SEMESTER 3\image processing\idea 2\outputs\generalization_upgrade\02_external_bias_audit\normalized_external\real\21\8774721_1967-04-29_2010.jpg,0,21/8774721_1967-04-29_2010.jpg,real,external_normalized,deepfakeface_sd15/real/21/8774721_1967-04-29_2010.jpg,0.011837977916002274,0.4309690296649933,0,xception,external_test,source_video_disjoint_v1,highpass_0.1,ffpp_validation_checkpoint,03cb9bba05b67e1478fb86a731857ba65f55a3db09e023035c9bcd9d442d8efc
116,C:\Users\Rohith Syam\Documents\UTS SEMESTER 3\image processing\idea 2\outputs\generalization_upgrade\02_external_bias_audit\normalized_external\real\21\8789221_1983-08-14_2012.jpg,0,21/8789221_1983-08-14_2012.jpg,real,external_normalized,deepfakeface_sd15/real/21/8789221_1983-08-14_2012.jpg,0.6155233979225159,0.4309690296649933,1,xception,external_test,source_video_disjoint_v1,highpass_0.1,ffpp_validation_checkpoint,03cb9bba05b67e1478fb86a731857ba65f55a3db09e023035c9bcd9d442d8efc
117,C:\Users\Rohith Syam\Documents\UTS SEMESTER 3\image processing\idea 2\outputs\generalization_upgrade\02_external_bias_audit\normalized_external\real\21\9404921_1978-07-09_2009.jpg,0,21/9404921_1978-07-09_2009.jpg,real,external_normalized,deepfakeface_sd15/real/21/9404921_1978-07-09_2009.jpg,0.40285322070121765,0.4309690296649933,0,xception,external_test,source_video_disjoint_v1,highpass_0.1,ffpp_validation_checkpoint,03cb9bba05b67e1478fb86a731857ba65f55a3db09e023035c9bcd9d442d8efc
118,C:\Users\Rohith Syam\Documents\UTS SEMESTER 3\image processing\idea 2\outputs\generalization_upgrade\02_external_bias_audit\normalized_external\real\24\2968824_1963-05-26_2011.jpg,0,24/2968824_1963-05-26_2011.jpg,real,external_normalized,deepfakeface_sd15/real/24/2968824_1963-05-26_2011.jpg,0.020567961037158966,0.4309690296649933,0,xception,external_test,source_video_disjoint_v1,highpass_0.1,ffpp_validation_checkpoint,03cb9bba05b67e1478fb86a731857ba65f55a3db09e023035c9bcd9d442d8efc
119,C:\Users\Rohith Syam\Documents\UTS SEMESTER 3\image processing\idea 2\outputs\generalization_upgrade\02_external_bias_audit\normalized_external\real\26\503926_1976-12-31_2009.jpg,0,26/503926_1976-12-31_2009.jpg,real,external_normalized,deepfakeface_sd15/real/26/503926_1976-12-31_2009.jpg,0.3124904930591583,0.4309690296649933,0,xception,external_test,source_video_disjoint_v1,highpass_0.1,ffpp_validation_checkpoint,03cb9bba05b67e1478fb86a731857ba65f55a3db09e023035c9bcd9d442d8efc
120,C:\Users\Rohith Syam\Documents\UTS SEMESTER 3\image processing\idea 2\outputs\generalization_upgrade\02_external_bias_audit\normalized_external\real\30\11772430_1938-04-14_2008.jpg,0,30/11772430_1938-04-14_2008.jpg,real,external_normalized,deepfakeface_sd15/real/30/11772430_1938-04-14_2008.jpg,0.16088555753231049,0.4309690296649933,0,xception,external_test,source_video_disjoint_v1,highpass_0.1,ffpp_validation_checkpoint,03cb9bba05b67e1478fb86a731857ba65f55a3db09e023035c9bcd9d442d8efc
121,C:\Users\Rohith Syam\Documents\UTS SEMESTER 3\image processing\idea 2\outputs\generalization_upgrade\02_external_bias_audit\normalized_external\real\34\1149234_1978-10-03_2010.jpg,0,34/1149234_1978-10-03_2010.jpg,real,external_normalized,deepfakeface_sd15/real/34/1149234_1978-10-03_2010.jpg,0.40186619758605957,0.4309690296649933,0,xception,external_test,source_video_disjoint_v1,highpass_0.1,ffpp_validation_checkpoint,03cb9bba05b67e1478fb86a731857ba65f55a3db09e023035c9bcd9d442d8efc
122,C:\Users\Rohith Syam\Documents\UTS SEMESTER 3\image processing\idea 2\outputs\generalization_upgrade\02_external_bias_audit\normalized_external\real\34\11653234_1986-12-23_2012.jpg,0,34/11653234_1986-12-23_2012.jpg,real,external_normalized,deepfakeface_sd15/real/34/11653234_1986-12-23_2012.jpg,0.31351909041404724,0.4309690296649933,0,xception,external_test,source_video_disjoint_v1,highpass_0.1,ffpp_validation_checkpoint,03cb9bba05b67e1478fb86a731857ba65f55a3db09e023035c9bcd9d442d8efc
123,C:\Users\Rohith Syam\Documents\UTS SEMESTER 3\image processing\idea 2\outputs\generalization_upgrade\02_external_bias_audit\normalized_external\real\34\1266534_1975-11-03_2011.jpg,0,34/1266534_1975-11-03_2011.jpg,real,external_normalized,deepfakeface_sd15/real/34/1266534_1975-11-03_2011.jpg,0.022488567978143692,0.4309690296649933,0,xception,external_test,source_video_disjoint_v1,highpass_0.1,ffpp_validation_checkpoint,03cb9bba05b67e1478fb86a731857ba65f55a3db09e023035c9bcd9d442d8efc
124,C:\Users\Rohith Syam\Documents\UTS SEMESTER 3\image processing\idea 2\outputs\generalization_upgrade\02_external_bias_audit\normalized_external\real\34\12829834_1950-08-15_2002.jpg,0,34/12829834_1950-08-15_2002.jpg,real,external_normalized,deepfakeface_sd15/real/34/12829834_1950-08-15_2002.jpg,0.6651272773742676,0.4309690296649933,1,xception,external_test,source_video_disjoint_v1,highpass_0.1,ffpp_validation_checkpoint,03cb9bba05b67e1478fb86a731857ba65f55a3db09e023035c9bcd9d442d8efc
125,C:\Users\Rohith Syam\Documents\UTS SEMESTER 3\image processing\idea 2\outputs\generalization_upgrade\02_external_bias_audit\normalized_external\real\34\13846034_1977-08-30_2009.jpg,0,34/13846034_1977-08-30_2009.jpg,real,external_normalized,deepfakeface_sd15/real/34/13846034_1977-08-30_2009.jpg,0.24148985743522644,0.4309690296649933,0,xception,external_test,source_video_disjoint_v1,highpass_0.1,ffpp_validation_checkpoint,03cb9bba05b67e1478fb86a731857ba65f55a3db09e023035c9bcd9d442d8efc
126,C:\Users\Rohith Syam\Documents\UTS SEMESTER 3\image processing\idea 2\outputs\generalization_upgrade\02_external_bias_audit\normalized_external\real\34\1386234_1952-04-25_2004.jpg,0,34/1386234_1952-04-25_2004.jpg,real,external_normalized,deepfakeface_sd15/real/34/1386234_1952-04-25_2004.jpg,0.7165796160697937,0.4309690296649933,1,xception,external_test,source_video_disjoint_v1,highpass_0.1,ffpp_validation_checkpoint,03cb9bba05b67e1478fb86a731857ba65f55a3db09e023035c9bcd9d442d8efc
127,C:\Users\Rohith Syam\Documents\UTS SEMESTER 3\image processing\idea 2\outputs\generalization_upgrade\02_external_bias_audit\normalized_external\real\34\19258134_1986-05-13_2009.jpg,0,34/19258134_1986-05-13_2009.jpg,real,external_normalized,deepfakeface_sd15/real/34/19258134_1986-05-13_2009.jpg,0.44624555110931396,0.4309690296649933,1,xception,external_test,source_video_disjoint_v1,highpass_0.1,ffpp_validation_checkpoint,03cb9bba05b67e1478fb86a731857ba65f55a3db09e023035c9bcd9d442d8efc
128,C:\Users\Rohith Syam\Documents\UTS SEMESTER 3\image processing\idea 2\outputs\generalization_upgrade\02_external_bias_audit\normalized_external\real\34\19354934_1986-10-18_2009.jpg,0,34/19354934_1986-10-18_2009.jpg,real,external_normalized,deepfakeface_sd15/real/34/19354934_1986-10-18_2009.jpg,0.6274750232696533,0.4309690296649933,1,xception,external_test,source_video_disjoint_v1,highpass_0.1,ffpp_validation_checkpoint,03cb9bba05b67e1478fb86a731857ba65f55a3db09e023035c9bcd9d442d8efc
129,C:\Users\Rohith Syam\Documents\UTS SEMESTER 3\image processing\idea 2\outputs\generalization_upgrade\02_external_bias_audit\normalized_external\real\34\20500734_1950-03-30_2014.jpg,0,34/20500734_1950-03-30_2014.jpg,real,external_normalized,deepfakeface_sd15/real/34/20500734_1950-03-30_2014.jpg,0.011523965746164322,0.4309690296649933,0,xception,external_test,source_video_disjoint_v1,highpass_0.1,ffpp_validation_checkpoint,03cb9bba05b67e1478fb86a731857ba65f55a3db09e023035c9bcd9d442d8efc
130,C:\Users\Rohith Syam\Documents\UTS SEMESTER 3\image processing\idea 2\outputs\generalization_upgrade\02_external_bias_audit\normalized_external\real\34\21284234_1983-06-02_2011.jpg,0,34/21284234_1983-06-02_2011.jpg,real,external_normalized,deepfakeface_sd15/real/34/21284234_1983-06-02_2011.jpg,0.5563641786575317,0.4309690296649933,1,xception,external_test,source_video_disjoint_v1,highpass_0.1,ffpp_validation_checkpoint,03cb9bba05b67e1478fb86a731857ba65f55a3db09e023035c9bcd9d442d8efc
131,C:\Users\Rohith Syam\Documents\UTS SEMESTER 3\image processing\idea 2\outputs\generalization_upgrade\02_external_bias_audit\normalized_external\real\34\23945334_1979-07-30_2008.jpg,0,34/23945334_1979-07-30_2008.jpg,real,external_normalized,deepfakeface_sd15/real/34/23945334_1979-07-30_2008.jpg,0.15001706779003143,0.4309690296649933,0,xception,external_test,source_video_disjoint_v1,highpass_0.1,ffpp_validation_checkpoint,03cb9bba05b67e1478fb86a731857ba65f55a3db09e023035c9bcd9d442d8efc
132,C:\Users\Rohith Syam\Documents\UTS SEMESTER 3\image processing\idea 2\outputs\generalization_upgrade\02_external_bias_audit\normalized_external\real\34\25905034_1992-04-05_2009.jpg,0,34/25905034_1992-04-05_2009.jpg,real,external_normalized,deepfakeface_sd15/real/34/25905034_1992-04-05_2009.jpg,0.27102404832839966,0.4309690296649933,0,xception,external_test,source_video_disjoint_v1,highpass_0.1,ffpp_validation_checkpoint,03cb9bba05b67e1478fb86a731857ba65f55a3db09e023035c9bcd9d442d8efc
133,C:\Users\Rohith Syam\Documents\UTS SEMESTER 3\image processing\idea 2\outputs\generalization_upgrade\02_external_bias_audit\normalized_external\real\34\276834_1928-01-30_2010.jpg,0,34/276834_1928-01-30_2010.jpg,real,external_normalized,deepfakeface_sd15/real/34/276834_1928-01-30_2010.jpg,0.17688296735286713,0.4309690296649933,0,xception,external_test,source_video_disjoint_v1,highpass_0.1,ffpp_validation_checkpoint,03cb9bba05b67e1478fb86a731857ba65f55a3db09e023035c9bcd9d442d8efc
134,C:\Users\Rohith Syam\Documents\UTS SEMESTER 3\image processing\idea 2\outputs\generalization_upgrade\02_external_bias_audit\normalized_external\real\34\32504534_1990-12-18_2011.jpg,0,34/32504534_1990-12-18_2011.jpg,real,external_normalized,deepfakeface_sd15/real/34/32504534_1990-12-18_2011.jpg,0.5584043860435486,0.4309690296649933,1,xception,external_test,source_video_disjoint_v1,highpass_0.1,ffpp_validation_checkpoint,03cb9bba05b67e1478fb86a731857ba65f55a3db09e023035c9bcd9d442d8efc
135,C:\Users\Rohith Syam\Documents\UTS SEMESTER 3\image processing\idea 2\outputs\generalization_upgrade\02_external_bias_audit\normalized_external\real\34\32670934_1973-08-28_2013.jpg,0,34/32670934_1973-08-28_2013.jpg,real,external_normalized,deepfakeface_sd15/real/34/32670934_1973-08-28_2013.jpg,0.04102431982755661,0.4309690296649933,0,xception,external_test,source_video_disjoint_v1,highpass_0.1,ffpp_validation_checkpoint,03cb9bba05b67e1478fb86a731857ba65f55a3db09e023035c9bcd9d442d8efc
136,C:\Users\Rohith Syam\Documents\UTS SEMESTER 3\image processing\idea 2\outputs\generalization_upgrade\02_external_bias_audit\normalized_external\real\34\33682634_1989-09-15_2011.jpg,0,34/33682634_1989-09-15_2011.jpg,real,external_normalized,deepfakeface_sd15/real/34/33682634_1989-09-15_2011.jpg,0.8526871800422668,0.4309690296649933,1,xception,external_test,source_video_disjoint_v1,highpass_0.1,ffpp_validation_checkpoint,03cb9bba05b67e1478fb86a731857ba65f55a3db09e023035c9bcd9d442d8efc
137,C:\Users\Rohith Syam\Documents\UTS SEMESTER 3\image processing\idea 2\outputs\generalization_upgrade\02_external_bias_audit\normalized_external\real\34\36722334_1937-08-31_2005.jpg,0,34/36722334_1937-08-31_2005.jpg,real,external_normalized,deepfakeface_sd15/real/34/36722334_1937-08-31_2005.jpg,0.2127937525510788,0.4309690296649933,0,xception,external_test,source_video_disjoint_v1,highpass_0.1,ffpp_validation_checkpoint,03cb9bba05b67e1478fb86a731857ba65f55a3db09e023035c9bcd9d442d8efc
138,C:\Users\Rohith Syam\Documents\UTS SEMESTER 3\image processing\idea 2\outputs\generalization_upgrade\02_external_bias_audit\normalized_external\real\34\39718934_1987-12-07_2013.jpg,0,34/39718934_1987-12-07_2013.jpg,real,external_normalized,deepfakeface_sd15/real/34/39718934_1987-12-07_2013.jpg,0.45194271206855774,0.4309690296649933,1,xception,external_test,source_video_disjoint_v1,highpass_0.1,ffpp_validation_checkpoint,03cb9bba05b67e1478fb86a731857ba65f55a3db09e023035c9bcd9d442d8efc
139,C:\Users\Rohith Syam\Documents\UTS SEMESTER 3\image processing\idea 2\outputs\generalization_upgrade\02_external_bias_audit\normalized_external\real\34\398734_1932-05-04_1955.jpg,0,34/398734_1932-05-04_1955.jpg,real,external_normalized,deepfakeface_sd15/real/34/398734_1932-05-04_1955.jpg,0.4388440251350403,0.4309690296649933,1,xception,external_test,source_video_disjoint_v1,highpass_0.1,ffpp_validation_checkpoint,03cb9bba05b67e1478fb86a731857ba65f55a3db09e023035c9bcd9d442d8efc
140,C:\Users\Rohith Syam\Documents\UTS SEMESTER 3\image processing\idea 2\outputs\generalization_upgrade\02_external_bias_audit\normalized_external\real\34\42708434_1996-03-11_2013.jpg,0,34/42708434_1996-03-11_2013.jpg,real,external_normalized,deepfakeface_sd15/real/34/42708434_1996-03-11_2013.jpg,0.3484399616718292,0.4309690296649933,0,xception,external_test,source_video_disjoint_v1,highpass_0.1,ffpp_validation_checkpoint,03cb9bba05b67e1478fb86a731857ba65f55a3db09e023035c9bcd9d442d8efc
141,C:\Users\Rohith Syam\Documents\UTS SEMESTER 3\image processing\idea 2\outputs\generalization_upgrade\02_external_bias_audit\normalized_external\real\34\43639934_1912-04-03_2003.jpg,0,34/43639934_1912-04-03_2003.jpg,real,external_normalized,deepfakeface_sd15/real/34/43639934_1912-04-03_2003.jpg,0.5471373200416565,0.4309690296649933,1,xception,external_test,source_video_disjoint_v1,highpass_0.1,ffpp_validation_checkpoint,03cb9bba05b67e1478fb86a731857ba65f55a3db09e023035c9bcd9d442d8efc
142,C:\Users\Rohith Syam\Documents\UTS SEMESTER 3\image processing\idea 2\outputs\generalization_upgrade\02_external_bias_audit\normalized_external\real\34\440034_1924-04-29_1963.jpg,0,34/440034_1924-04-29_1963.jpg,real,external_normalized,deepfakeface_sd15/real/34/440034_1924-04-29_1963.jpg,0.009294197894632816,0.4309690296649933,0,xception,external_test,source_video_disjoint_v1,highpass_0.1,ffpp_validation_checkpoint,03cb9bba05b67e1478fb86a731857ba65f55a3db09e023035c9bcd9d442d8efc
143,C:\Users\Rohith Syam\Documents\UTS SEMESTER 3\image processing\idea 2\outputs\generalization_upgrade\02_external_bias_audit\normalized_external\real\34\4413434_1984-01-21_2013.jpg,0,34/4413434_1984-01-21_2013.jpg,real,external_normalized,deepfakeface_sd15/real/34/4413434_1984-01-21_2013.jpg,0.8219314217567444,0.4309690296649933,1,xception,external_test,source_video_disjoint_v1,highpass_0.1,ffpp_validation_checkpoint,03cb9bba05b67e1478fb86a731857ba65f55a3db09e023035c9bcd9d442d8efc
144,C:\Users\Rohith Syam\Documents\UTS SEMESTER 3\image processing\idea 2\outputs\generalization_upgrade\02_external_bias_audit\normalized_external\real\34\4998434_1979-05-16_2005.jpg,0,34/4998434_1979-05-16_2005.jpg,real,external_normalized,deepfakeface_sd15/real/34/4998434_1979-05-16_2005.jpg,0.48651373386383057,0.4309690296649933,1,xception,external_test,source_video_disjoint_v1,highpass_0.1,ffpp_validation_checkpoint,03cb9bba05b67e1478fb86a731857ba65f55a3db09e023035c9bcd9d442d8efc
145,C:\Users\Rohith Syam\Documents\UTS SEMESTER 3\image processing\idea 2\outputs\generalization_upgrade\02_external_bias_audit\normalized_external\real\34\5354734_1976-10-17_1995.jpg,0,34/5354734_1976-10-17_1995.jpg,real,external_normalized,deepfakeface_sd15/real/34/5354734_1976-10-17_1995.jpg,0.4303455054759979,0.4309690296649933,0,xception,external_test,source_video_disjoint_v1,highpass_0.1,ffpp_validation_checkpoint,03cb9bba05b67e1478fb86a731857ba65f55a3db09e023035c9bcd9d442d8efc
146,C:\Users\Rohith Syam\Documents\UTS SEMESTER 3\image processing\idea 2\outputs\generalization_upgrade\02_external_bias_audit\normalized_external\real\34\603934_1963-12-04_2013.jpg,0,34/603934_1963-12-04_2013.jpg,real,external_normalized,deepfakeface_sd15/real/34/603934_1963-12-04_2013.jpg,0.3859765827655792,0.4309690296649933,0,xception,external_test,source_video_disjoint_v1,highpass_0.1,ffpp_validation_checkpoint,03cb9bba05b67e1478fb86a731857ba65f55a3db09e023035c9bcd9d442d8efc
147,C:\Users\Rohith Syam\Documents\UTS SEMESTER 3\image processing\idea 2\outputs\generalization_upgrade\02_external_bias_audit\normalized_external\real\34\78834_1970-04-29_2014.jpg,0,34/78834_1970-04-29_2014.jpg,real,external_normalized,deepfakeface_sd15/real/34/78834_1970-04-29_2014.jpg,0.009264822117984295,0.4309690296649933,0,xception,external_test,source_video_disjoint_v1,highpass_0.1,ffpp_validation_checkpoint,03cb9bba05b67e1478fb86a731857ba65f55a3db09e023035c9bcd9d442d8efc
148,C:\Users\Rohith Syam\Documents\UTS SEMESTER 3\image processing\idea 2\outputs\generalization_upgrade\02_external_bias_audit\normalized_external\real\34\9326434_1987-05-02_2006.jpg,0,34/9326434_1987-05-02_2006.jpg,real,external_normalized,deepfakeface_sd15/real/34/9326434_1987-05-02_2006.jpg,0.5643728375434875,0.4309690296649933,1,xception,external_test,source_video_disjoint_v1,highpass_0.1,ffpp_validation_checkpoint,03cb9bba05b67e1478fb86a731857ba65f55a3db09e023035c9bcd9d442d8efc
149,C:\Users\Rohith Syam\Documents\UTS SEMESTER 3\image processing\idea 2\outputs\generalization_upgrade\02_external_bias_audit\normalized_external\real\35\10970235_1972-10-10_2010.jpg,0,35/10970235_1972-10-10_2010.jpg,real,external_normalized,deepfakeface_sd15/real/35/10970235_1972-10-10_2010.jpg,0.20757296681404114,0.4309690296649933,0,xception,external_test,source_video_disjoint_v1,highpass_0.1,ffpp_validation_checkpoint,03cb9bba05b67e1478fb86a731857ba65f55a3db09e023035c9bcd9d442d8efc
150,C:\Users\Rohith Syam\Documents\UTS SEMESTER 3\image processing\idea 2\outputs\generalization_upgrade\02_external_bias_audit\normalized_external\real\35\12523735_1981-04-21_2014.jpg,0,35/12523735_1981-04-21_2014.jpg,real,external_normalized,deepfakeface_sd15/real/35/12523735_1981-04-21_2014.jpg,0.3686305284500122,0.4309690296649933,0,xception,external_test,source_video_disjoint_v1,highpass_0.1,ffpp_validation_checkpoint,03cb9bba05b67e1478fb86a731857ba65f55a3db09e023035c9bcd9d442d8efc
151,C:\Users\Rohith Syam\Documents\UTS SEMESTER 3\image processing\idea 2\outputs\generalization_upgrade\02_external_bias_audit\normalized_external\real\35\1323135_1941-09-15_1966.jpg,0,35/1323135_1941-09-15_1966.jpg,real,external_normalized,deepfakeface_sd15/real/35/1323135_1941-09-15_1966.jpg,0.5828303098678589,0.4309690296649933,1,xception,external_test,source_video_disjoint_v1,highpass_0.1,ffpp_validation_checkpoint,03cb9bba05b67e1478fb86a731857ba65f55a3db09e023035c9bcd9d442d8efc
152,C:\Users\Rohith Syam\Documents\UTS SEMESTER 3\image processing\idea 2\outputs\generalization_upgrade\02_external_bias_audit\normalized_external\real\35\13774535_1942-06-09_1957.jpg,0,35/13774535_1942-06-09_1957.jpg,real,external_normalized,deepfakeface_sd15/real/35/13774535_1942-06-09_1957.jpg,0.7885586619377136,0.4309690296649933,1,xception,external_test,source_video_disjoint_v1,highpass_0.1,ffpp_validation_checkpoint,03cb9bba05b67e1478fb86a731857ba65f55a3db09e023035c9bcd9d442d8efc
153,C:\Users\Rohith Syam\Documents\UTS SEMESTER 3\image processing\idea 2\outputs\generalization_upgrade\02_external_bias_audit\normalized_external\real\35\14180235_1985-10-27_2015.jpg,0,35/14180235_1985-10-27_2015.jpg,real,external_normalized,deepfakeface_sd15/real/35/14180235_1985-10-27_2015.jpg,0.4331572949886322,0.4309690296649933,1,xception,external_test,source_video_disjoint_v1,highpass_0.1,ffpp_validation_checkpoint,03cb9bba05b67e1478fb86a731857ba65f55a3db09e023035c9bcd9d442d8efc
154,C:\Users\Rohith Syam\Documents\UTS SEMESTER 3\image processing\idea 2\outputs\generalization_upgrade\02_external_bias_audit\normalized_external\real\35\14347235_1959-06-15_2013.jpg,0,35/14347235_1959-06-15_2013.jpg,real,external_normalized,deepfakeface_sd15/real/35/14347235_1959-06-15_2013.jpg,0.3715968132019043,0.4309690296649933,0,xception,external_test,source_video_disjoint_v1,highpass_0.1,ffpp_validation_checkpoint,03cb9bba05b67e1478fb86a731857ba65f55a3db09e023035c9bcd9d442d8efc
155,C:\Users\Rohith Syam\Documents\UTS SEMESTER 3\image processing\idea 2\outputs\generalization_upgrade\02_external_bias_audit\normalized_external\real\35\1437535_1935-02-22_2010.jpg,0,35/1437535_1935-02-22_2010.jpg,real,external_normalized,deepfakeface_sd15/real/35/1437535_1935-02-22_2010.jpg,0.4841037690639496,0.4309690296649933,1,xception,external_test,source_video_disjoint_v1,highpass_0.1,ffpp_validation_checkpoint,03cb9bba05b67e1478fb86a731857ba65f55a3db09e023035c9bcd9d442d8efc
156,C:\Users\Rohith Syam\Documents\UTS SEMESTER 3\image processing\idea 2\outputs\generalization_upgrade\02_external_bias_audit\normalized_external\real\35\14619035_1990-02-25_2014.jpg,0,35/14619035_1990-02-25_2014.jpg,real,external_normalized,deepfakeface_sd15/real/35/14619035_1990-02-25_2014.jpg,0.041286543011665344,0.4309690296649933,0,xception,external_test,source_video_disjoint_v1,highpass_0.1,ffpp_validation_checkpoint,03cb9bba05b67e1478fb86a731857ba65f55a3db09e023035c9bcd9d442d8efc
157,C:\Users\Rohith Syam\Documents\UTS SEMESTER 3\image processing\idea 2\outputs\generalization_upgrade\02_external_bias_audit\normalized_external\real\35\1566935_1953-09-11_2010.jpg,0,35/1566935_1953-09-11_2010.jpg,real,external_normalized,deepfakeface_sd15/real/35/1566935_1953-09-11_2010.jpg,0.13848978281021118,0.4309690296649933,0,xception,external_test,source_video_disjoint_v1,highpass_0.1,ffpp_validation_checkpoint,03cb9bba05b67e1478fb86a731857ba65f55a3db09e023035c9bcd9d442d8efc
158,C:\Users\Rohith Syam\Documents\UTS SEMESTER 3\image processing\idea 2\outputs\generalization_upgrade\02_external_bias_audit\normalized_external\real\35\16105135_1980-04-18_2012.jpg,0,35/16105135_1980-04-18_2012.jpg,real,external_normalized,deepfakeface_sd15/real/35/16105135_1980-04-18_2012.jpg,0.7283961772918701,0.4309690296649933,1,xception,external_test,source_video_disjoint_v1,highpass_0.1,ffpp_validation_checkpoint,03cb9bba05b67e1478fb86a731857ba65f55a3db09e023035c9bcd9d442d8efc
159,C:\Users\Rohith Syam\Documents\UTS SEMESTER 3\image processing\idea 2\outputs\generalization_upgrade\02_external_bias_audit\normalized_external\real\35\17974235_1973-06-13_2009.jpg,0,35/17974235_1973-06-13_2009.jpg,real,external_normalized,deepfakeface_sd15/real/35/17974235_1973-06-13_2009.jpg,0.04742550849914551,0.4309690296649933,0,xception,external_test,source_video_disjoint_v1,highpass_0.1,ffpp_validation_checkpoint,03cb9bba05b67e1478fb86a731857ba65f55a3db09e023035c9bcd9d442d8efc
160,C:\Users\Rohith Syam\Documents\UTS SEMESTER 3\image processing\idea 2\outputs\generalization_upgrade\02_external_bias_audit\normalized_external\real\35\18933035_1982-08-26_2012.jpg,0,35/18933035_1982-08-26_2012.jpg,real,external_normalized,deepfakeface_sd15/real/35/18933035_1982-08-26_2012.jpg,0.6206719279289246,0.4309690296649933,1,xception,external_test,source_video_disjoint_v1,highpass_0.1,ffpp_validation_checkpoint,03cb9bba05b67e1478fb86a731857ba65f55a3db09e023035c9bcd9d442d8efc
161,C:\Users\Rohith Syam\Documents\UTS SEMESTER 3\image processing\idea 2\outputs\generalization_upgrade\02_external_bias_audit\normalized_external\real\35\19966435_1968-04-03_2012.jpg,0,35/19966435_1968-04-03_2012.jpg,real,external_normalized,deepfakeface_sd15/real/35/19966435_1968-04-03_2012.jpg,0.06756161898374557,0.4309690296649933,0,xception,external_test,source_video_disjoint_v1,highpass_0.1,ffpp_validation_checkpoint,03cb9bba05b67e1478fb86a731857ba65f55a3db09e023035c9bcd9d442d8efc
162,C:\Users\Rohith Syam\Documents\UTS SEMESTER 3\image processing\idea 2\outputs\generalization_upgrade\02_external_bias_audit\normalized_external\real\35\2357835_1982-06-16_2014.jpg,0,35/2357835_1982-06-16_2014.jpg,real,external_normalized,deepfakeface_sd15/real/35/2357835_1982-06-16_2014.jpg,0.01049884594976902,0.4309690296649933,0,xception,external_test,source_video_disjoint_v1,highpass_0.1,ffpp_validation_checkpoint,03cb9bba05b67e1478fb86a731857ba65f55a3db09e023035c9bcd9d442d8efc
163,C:\Users\Rohith Syam\Documents\UTS SEMESTER 3\image processing\idea 2\outputs\generalization_upgrade\02_external_bias_audit\normalized_external\real\35\2663135_1941-03-20_2008.jpg,0,35/2663135_1941-03-20_2008.jpg,real,external_normalized,deepfakeface_sd15/real/35/2663135_1941-03-20_2008.jpg,0.6613629460334778,0.4309690296649933,1,xception,external_test,source_video_disjoint_v1,highpass_0.1,ffpp_validation_checkpoint,03cb9bba05b67e1478fb86a731857ba65f55a3db09e023035c9bcd9d442d8efc
164,C:\Users\Rohith Syam\Documents\UTS SEMESTER 3\image processing\idea 2\outputs\generalization_upgrade\02_external_bias_audit\normalized_external\real\35\2667535_1937-12-16_1985.jpg,0,35/2667535_1937-12-16_1985.jpg,real,external_normalized,deepfakeface_sd15/real/35/2667535_1937-12-16_1985.jpg,0.2753329277038574,0.4309690296649933,0,xception,external_test,source_video_disjoint_v1,highpass_0.1,ffpp_validation_checkpoint,03cb9bba05b67e1478fb86a731857ba65f55a3db09e023035c9bcd9d442d8efc
165,C:\Users\Rohith Syam\Documents\UTS SEMESTER 3\image processing\idea 2\outputs\generalization_upgrade\02_external_bias_audit\normalized_external\real\35\28265335_1988-06-22_2013.jpg,0,35/28265335_1988-06-22_2013.jpg,real,external_normalized,deepfakeface_sd15/real/35/28265335_1988-06-22_2013.jpg,0.06309454888105392,0.4309690296649933,0,xception,external_test,source_video_disjoint_v1,highpass_0.1,ffpp_validation_checkpoint,03cb9bba05b67e1478fb86a731857ba65f55a3db09e023035c9bcd9d442d8efc
166,C:\Users\Rohith Syam\Documents\UTS SEMESTER 3\image processing\idea 2\outputs\generalization_upgrade\02_external_bias_audit\normalized_external\real\35\30385335_1991-08-22_2011.jpg,0,35/30385335_1991-08-22_2011.jpg,real,external_normalized,deepfakeface_sd15/real/35/30385335_1991-08-22_2011.jpg,0.7568010091781616,0.4309690296649933,1,xception,external_test,source_video_disjoint_v1,highpass_0.1,ffpp_validation_checkpoint,03cb9bba05b67e1478fb86a731857ba65f55a3db09e023035c9bcd9d442d8efc
167,C:\Users\Rohith Syam\Documents\UTS SEMESTER 3\image processing\idea 2\outputs\generalization_upgrade\02_external_bias_audit\normalized_external\real\35\3110335_1948-04-03_2012.jpg,0,35/3110335_1948-04-03_2012.jpg,real,external_normalized,deepfakeface_sd15/real/35/3110335_1948-04-03_2012.jpg,0.3364795446395874,0.4309690296649933,0,xception,external_test,source_video_disjoint_v1,highpass_0.1,ffpp_validation_checkpoint,03cb9bba05b67e1478fb86a731857ba65f55a3db09e023035c9bcd9d442d8efc
168,C:\Users\Rohith Syam\Documents\UTS SEMESTER 3\image processing\idea 2\outputs\generalization_upgrade\02_external_bias_audit\normalized_external\real\35\31663335_1976-06-05_2013.jpg,0,35/31663335_1976-06-05_2013.jpg,real,external_normalized,deepfakeface_sd15/real/35/31663335_1976-06-05_2013.jpg,0.11302193254232407,0.4309690296649933,0,xception,external_test,source_video_disjoint_v1,highpass_0.1,ffpp_validation_checkpoint,03cb9bba05b67e1478fb86a731857ba65f55a3db09e023035c9bcd9d442d8efc
169,C:\Users\Rohith Syam\Documents\UTS SEMESTER 3\image processing\idea 2\outputs\generalization_upgrade\02_external_bias_audit\normalized_external\real\35\32471435_1932-05-10_1959.jpg,0,35/32471435_1932-05-10_1959.jpg,real,external_normalized,deepfakeface_sd15/real/35/32471435_1932-05-10_1959.jpg,0.414075642824173,0.4309690296649933,0,xception,external_test,source_video_disjoint_v1,highpass_0.1,ffpp_validation_checkpoint,03cb9bba05b67e1478fb86a731857ba65f55a3db09e023035c9bcd9d442d8efc
170,C:\Users\Rohith Syam\Documents\UTS SEMESTER 3\image processing\idea 2\outputs\generalization_upgrade\02_external_bias_audit\normalized_external\real\35\33199835_1985-06-12_2011.jpg,0,35/33199835_1985-06-12_2011.jpg,real,external_normalized,deepfakeface_sd15/real/35/33199835_1985-06-12_2011.jpg,0.40524667501449585,0.4309690296649933,0,xception,external_test,source_video_disjoint_v1,highpass_0.1,ffpp_validation_checkpoint,03cb9bba05b67e1478fb86a731857ba65f55a3db09e023035c9bcd9d442d8efc
171,C:\Users\Rohith Syam\Documents\UTS SEMESTER 3\image processing\idea 2\outputs\generalization_upgrade\02_external_bias_audit\normalized_external\real\35\3338735_1981-11-16_2013.jpg,0,35/3338735_1981-11-16_2013.jpg,real,external_normalized,deepfakeface_sd15/real/35/3338735_1981-11-16_2013.jpg,0.047382667660713196,0.4309690296649933,0,xception,external_test,source_video_disjoint_v1,highpass_0.1,ffpp_validation_checkpoint,03cb9bba05b67e1478fb86a731857ba65f55a3db09e023035c9bcd9d442d8efc
172,C:\Users\Rohith Syam\Documents\UTS SEMESTER 3\image processing\idea 2\outputs\generalization_upgrade\02_external_bias_audit\normalized_external\real\35\34163535_1988-04-03_2011.jpg,0,35/34163535_1988-04-03_2011.jpg,real,external_normalized,deepfakeface_sd15/real/35/34163535_1988-04-03_2011.jpg,0.6726180911064148,0.4309690296649933,1,xception,external_test,source_video_disjoint_v1,highpass_0.1,ffpp_validation_checkpoint,03cb9bba05b67e1478fb86a731857ba65f55a3db09e023035c9bcd9d442d8efc
173,C:\Users\Rohith Syam\Documents\UTS SEMESTER 3\image processing\idea 2\outputs\generalization_upgrade\02_external_bias_audit\normalized_external\real\35\36702535_1992-07-04_2012.jpg,0,35/36702535_1992-07-04_2012.jpg,real,external_normalized,deepfakeface_sd15/real/35/36702535_1992-07-04_2012.jpg,0.6585856676101685,0.4309690296649933,1,xception,external_test,source_video_disjoint_v1,highpass_0.1,ffpp_validation_checkpoint,03cb9bba05b67e1478fb86a731857ba65f55a3db09e023035c9bcd9d442d8efc
174,C:\Users\Rohith Syam\Documents\UTS SEMESTER 3\image processing\idea 2\outputs\generalization_upgrade\02_external_bias_audit\normalized_external\real\35\4943835_1891-09-22_1968.jpg,0,35/4943835_1891-09-22_1968.jpg,real,external_normalized,deepfakeface_sd15/real/35/4943835_1891-09-22_1968.jpg,0.48496386408805847,0.4309690296649933,1,xception,external_test,source_video_disjoint_v1,highpass_0.1,ffpp_validation_checkpoint,03cb9bba05b67e1478fb86a731857ba65f55a3db09e023035c9bcd9d442d8efc
175,C:\Users\Rohith Syam\Documents\UTS SEMESTER 3\image processing\idea 2\outputs\generalization_upgrade\02_external_bias_audit\normalized_external\real\35\6232035_1987-09-07_2013.jpg,0,35/6232035_1987-09-07_2013.jpg,real,external_normalized,deepfakeface_sd15/real/35/6232035_1987-09-07_2013.jpg,0.30855879187583923,0.4309690296649933,0,xception,external_test,source_video_disjoint_v1,highpass_0.1,ffpp_validation_checkpoint,03cb9bba05b67e1478fb86a731857ba65f55a3db09e023035c9bcd9d442d8efc
176,C:\Users\Rohith Syam\Documents\UTS SEMESTER 3\image processing\idea 2\outputs\generalization_upgrade\02_external_bias_audit\normalized_external\real\35\89835_1951-04-07_1981.jpg,0,35/89835_1951-04-07_1981.jpg,real,external_normalized,deepfakeface_sd15/real/35/89835_1951-04-07_1981.jpg,0.3677528500556946,0.4309690296649933,0,xception,external_test,source_video_disjoint_v1,highpass_0.1,ffpp_validation_checkpoint,03cb9bba05b67e1478fb86a731857ba65f55a3db09e023035c9bcd9d442d8efc
177,C:\Users\Rohith Syam\Documents\UTS SEMESTER 3\image processing\idea 2\outputs\generalization_upgrade\02_external_bias_audit\normalized_external\real\55\10095655_1985-07-10_2012.jpg,0,55/10095655_1985-07-10_2012.jpg,real,external_normalized,deepfakeface_sd15/real/55/10095655_1985-07-10_2012.jpg,0.3396056890487671,0.4309690296649933,0,xception,external_test,source_video_disjoint_v1,highpass_0.1,ffpp_validation_checkpoint,03cb9bba05b67e1478fb86a731857ba65f55a3db09e023035c9bcd9d442d8efc
178,C:\Users\Rohith Syam\Documents\UTS SEMESTER 3\image processing\idea 2\outputs\generalization_upgrade\02_external_bias_audit\normalized_external\real\55\10486955_1937-11-18_1975.jpg,0,55/10486955_1937-11-18_1975.jpg,real,external_normalized,deepfakeface_sd15/real/55/10486955_1937-11-18_1975.jpg,0.7851725816726685,0.4309690296649933,1,xception,external_test,source_video_disjoint_v1,highpass_0.1,ffpp_validation_checkpoint,03cb9bba05b67e1478fb86a731857ba65f55a3db09e023035c9bcd9d442d8efc
179,C:\Users\Rohith Syam\Documents\UTS SEMESTER 3\image processing\idea 2\outputs\generalization_upgrade\02_external_bias_audit\normalized_external\real\55\1196855_1923-06-24_2009.jpg,0,55/1196855_1923-06-24_2009.jpg,real,external_normalized,deepfakeface_sd15/real/55/1196855_1923-06-24_2009.jpg,0.2722410559654236,0.4309690296649933,0,xception,external_test,source_video_disjoint_v1,highpass_0.1,ffpp_validation_checkpoint,03cb9bba05b67e1478fb86a731857ba65f55a3db09e023035c9bcd9d442d8efc
180,C:\Users\Rohith Syam\Documents\UTS SEMESTER 3\image processing\idea 2\outputs\generalization_upgrade\02_external_bias_audit\normalized_external\real\55\12428755_1982-12-09_2012.jpg,0,55/12428755_1982-12-09_2012.jpg,real,external_normalized,deepfakeface_sd15/real/55/12428755_1982-12-09_2012.jpg,0.5024843811988831,0.4309690296649933,1,xception,external_test,source_video_disjoint_v1,highpass_0.1,ffpp_validation_checkpoint,03cb9bba05b67e1478fb86a731857ba65f55a3db09e023035c9bcd9d442d8efc
181,C:\Users\Rohith Syam\Documents\UTS SEMESTER 3\image processing\idea 2\outputs\generalization_upgrade\02_external_bias_audit\normalized_external\real\55\1349055_1974-02-24_2009.jpg,0,55/1349055_1974-02-24_2009.jpg,real,external_normalized,deepfakeface_sd15/real/55/1349055_1974-02-24_2009.jpg,0.4598959684371948,0.4309690296649933,1,xception,external_test,source_video_disjoint_v1,highpass_0.1,ffpp_validation_checkpoint,03cb9bba05b67e1478fb86a731857ba65f55a3db09e023035c9bcd9d442d8efc
182,C:\Users\Rohith Syam\Documents\UTS SEMESTER 3\image processing\idea 2\outputs\generalization_upgrade\02_external_bias_audit\normalized_external\real\55\14640255_1980-09-24_2006.jpg,0,55/14640255_1980-09-24_2006.jpg,real,external_normalized,deepfakeface_sd15/real/55/14640255_1980-09-24_2006.jpg,0.711486279964447,0.4309690296649933,1,xception,external_test,source_video_disjoint_v1,highpass_0.1,ffpp_validation_checkpoint,03cb9bba05b67e1478fb86a731857ba65f55a3db09e023035c9bcd9d442d8efc
183,C:\Users\Rohith Syam\Documents\UTS SEMESTER 3\image processing\idea 2\outputs\generalization_upgrade\02_external_bias_audit\normalized_external\real\55\14904555_1915-05-08_1941.jpg,0,55/14904555_1915-05-08_1941.jpg,real,external_normalized,deepfakeface_sd15/real/55/14904555_1915-05-08_1941.jpg,0.5467106103897095,0.4309690296649933,1,xception,external_test,source_video_disjoint_v1,highpass_0.1,ffpp_validation_checkpoint,03cb9bba05b67e1478fb86a731857ba65f55a3db09e023035c9bcd9d442d8efc
184,C:\Users\Rohith Syam\Documents\UTS SEMESTER 3\image processing\idea 2\outputs\generalization_upgrade\02_external_bias_audit\normalized_external\real\55\15890555_1987-12-03_2014.jpg,0,55/15890555_1987-12-03_2014.jpg,real,external_normalized,deepfakeface_sd15/real/55/15890555_1987-12-03_2014.jpg,0.672747015953064,0.4309690296649933,1,xception,external_test,source_video_disjoint_v1,highpass_0.1,ffpp_validation_checkpoint,03cb9bba05b67e1478fb86a731857ba65f55a3db09e023035c9bcd9d442d8efc
185,C:\Users\Rohith Syam\Documents\UTS SEMESTER 3\image processing\idea 2\outputs\generalization_upgrade\02_external_bias_audit\normalized_external\real\55\1941155_1993-07-26_2010.jpg,0,55/1941155_1993-07-26_2010.jpg,real,external_normalized,deepfakeface_sd15/real/55/1941155_1993-07-26_2010.jpg,0.6587371826171875,0.4309690296649933,1,xception,external_test,source_video_disjoint_v1,highpass_0.1,ffpp_validation_checkpoint,03cb9bba05b67e1478fb86a731857ba65f55a3db09e023035c9bcd9d442d8efc
186,C:\Users\Rohith Syam\Documents\UTS SEMESTER 3\image processing\idea 2\outputs\generalization_upgrade\02_external_bias_audit\normalized_external\real\55\20025755_1979-03-10_2009.jpg,0,55/20025755_1979-03-10_2009.jpg,real,external_normalized,deepfakeface_sd15/real/55/20025755_1979-03-10_2009.jpg,0.32960355281829834,0.4309690296649933,0,xception,external_test,source_video_disjoint_v1,highpass_0.1,ffpp_validation_checkpoint,03cb9bba05b67e1478fb86a731857ba65f55a3db09e023035c9bcd9d442d8efc
187,C:\Users\Rohith Syam\Documents\UTS SEMESTER 3\image processing\idea 2\outputs\generalization_upgrade\02_external_bias_audit\normalized_external\real\55\2538755_1933-07-01_1979.jpg,0,55/2538755_1933-07-01_1979.jpg,real,external_normalized,deepfakeface_sd15/real/55/2538755_1933-07-01_1979.jpg,0.08948395401239395,0.4309690296649933,0,xception,external_test,source_video_disjoint_v1,highpass_0.1,ffpp_validation_checkpoint,03cb9bba05b67e1478fb86a731857ba65f55a3db09e023035c9bcd9d442d8efc
188,C:\Users\Rohith Syam\Documents\UTS SEMESTER 3\image processing\idea 2\outputs\generalization_upgrade\02_external_bias_audit\normalized_external\real\55\27599355_1985-04-07_2007.jpg,0,55/27599355_1985-04-07_2007.jpg,real,external_normalized,deepfakeface_sd15/real/55/27599355_1985-04-07_2007.jpg,0.6422870755195618,0.4309690296649933,1,xception,external_test,source_video_disjoint_v1,highpass_0.1,ffpp_validation_checkpoint,03cb9bba05b67e1478fb86a731857ba65f55a3db09e023035c9bcd9d442d8efc
189,C:\Users\Rohith Syam\Documents\UTS SEMESTER 3\image processing\idea 2\outputs\generalization_upgrade\02_external_bias_audit\normalized_external\real\55\2894455_1947-09-13_2009.jpg,0,55/2894455_1947-09-13_2009.jpg,real,external_normalized,deepfakeface_sd15/real/55/2894455_1947-09-13_2009.jpg,0.6072561144828796,0.4309690296649933,1,xception,external_test,source_video_disjoint_v1,highpass_0.1,ffpp_validation_checkpoint,03cb9bba05b67e1478fb86a731857ba65f55a3db09e023035c9bcd9d442d8efc
190,C:\Users\Rohith Syam\Documents\UTS SEMESTER 3\image processing\idea 2\outputs\generalization_upgrade\02_external_bias_audit\normalized_external\real\55\295555_1950-07-15_2012.jpg,0,55/295555_1950-07-15_2012.jpg,real,external_normalized,deepfakeface_sd15/real/55/295555_1950-07-15_2012.jpg,0.0028538594488054514,0.4309690296649933,0,xception,external_test,source_video_disjoint_v1,highpass_0.1,ffpp_validation_checkpoint,03cb9bba05b67e1478fb86a731857ba65f55a3db09e023035c9bcd9d442d8efc
191,C:\Users\Rohith Syam\Documents\UTS SEMESTER 3\image processing\idea 2\outputs\generalization_upgrade\02_external_bias_audit\normalized_external\real\55\2979255_1982-08-30_2012.jpg,0,55/2979255_1982-08-30_2012.jpg,real,external_normalized,deepfakeface_sd15/real/55/2979255_1982-08-30_2012.jpg,0.3335072696208954,0.4309690296649933,0,xception,external_test,source_video_disjoint_v1,highpass_0.1,ffpp_validation_checkpoint,03cb9bba05b67e1478fb86a731857ba65f55a3db09e023035c9bcd9d442d8efc
192,C:\Users\Rohith Syam\Documents\UTS SEMESTER 3\image processing\idea 2\outputs\generalization_upgrade\02_external_bias_audit\normalized_external\real\55\30781355_1963-07-29_2015.jpg,0,55/30781355_1963-07-29_2015.jpg,real,external_normalized,deepfakeface_sd15/real/55/30781355_1963-07-29_2015.jpg,0.68975430727005,0.4309690296649933,1,xception,external_test,source_video_disjoint_v1,highpass_0.1,ffpp_validation_checkpoint,03cb9bba05b67e1478fb86a731857ba65f55a3db09e023035c9bcd9d442d8efc
193,C:\Users\Rohith Syam\Documents\UTS SEMESTER 3\image processing\idea 2\outputs\generalization_upgrade\02_external_bias_audit\normalized_external\real\55\31689055_1988-03-014_2013.jpg,0,55/31689055_1988-03-014_2013.jpg,real,external_normalized,deepfakeface_sd15/real/55/31689055_1988-03-014_2013.jpg,0.7650594115257263,0.4309690296649933,1,xception,external_test,source_video_disjoint_v1,highpass_0.1,ffpp_validation_checkpoint,03cb9bba05b67e1478fb86a731857ba65f55a3db09e023035c9bcd9d442d8efc
194,C:\Users\Rohith Syam\Documents\UTS SEMESTER 3\image processing\idea 2\outputs\generalization_upgrade\02_external_bias_audit\normalized_external\real\55\3523055_1984-05-01_2014.jpg,0,55/3523055_1984-05-01_2014.jpg,real,external_normalized,deepfakeface_sd15/real/55/3523055_1984-05-01_2014.jpg,0.8237980008125305,0.4309690296649933,1,xception,external_test,source_video_disjoint_v1,highpass_0.1,ffpp_validation_checkpoint,03cb9bba05b67e1478fb86a731857ba65f55a3db09e023035c9bcd9d442d8efc
195,C:\Users\Rohith Syam\Documents\UTS SEMESTER 3\image processing\idea 2\outputs\generalization_upgrade\02_external_bias_audit\normalized_external\real\55\3566855_1977-08-09_2010.jpg,0,55/3566855_1977-08-09_2010.jpg,real,external_normalized,deepfakeface_sd15/real/55/3566855_1977-08-09_2010.jpg,0.5653173923492432,0.4309690296649933,1,xception,external_test,source_video_disjoint_v1,highpass_0.1,ffpp_validation_checkpoint,03cb9bba05b67e1478fb86a731857ba65f55a3db09e023035c9bcd9d442d8efc
196,C:\Users\Rohith Syam\Documents\UTS SEMESTER 3\image processing\idea 2\outputs\generalization_upgrade\02_external_bias_audit\normalized_external\real\55\36326355_1990-10-27_2014.jpg,0,55/36326355_1990-10-27_2014.jpg,real,external_normalized,deepfakeface_sd15/real/55/36326355_1990-10-27_2014.jpg,0.08618064969778061,0.4309690296649933,0,xception,external_test,source_video_disjoint_v1,highpass_0.1,ffpp_validation_checkpoint,03cb9bba05b67e1478fb86a731857ba65f55a3db09e023035c9bcd9d442d8efc
197,C:\Users\Rohith Syam\Documents\UTS SEMESTER 3\image processing\idea 2\outputs\generalization_upgrade\02_external_bias_audit\normalized_external\real\55\38909755_1989-02-21_2013.jpg,0,55/38909755_1989-02-21_2013.jpg,real,external_normalized,deepfakeface_sd15/real/55/38909755_1989-02-21_2013.jpg,0.7844101786613464,0.4309690296649933,1,xception,external_test,source_video_disjoint_v1,highpass_0.1,ffpp_validation_checkpoint,03cb9bba05b67e1478fb86a731857ba65f55a3db09e023035c9bcd9d442d8efc
198,C:\Users\Rohith Syam\Documents\UTS SEMESTER 3\image processing\idea 2\outputs\generalization_upgrade\02_external_bias_audit\normalized_external\real\55\39790655_2013-07-22_2014.jpg,0,55/39790655_2013-07-22_2014.jpg,real,external_normalized,deepfakeface_sd15/real/55/39790655_2013-07-22_2014.jpg,0.4911135733127594,0.4309690296649933,1,xception,external_test,source_video_disjoint_v1,highpass_0.1,ffpp_validation_checkpoint,03cb9bba05b67e1478fb86a731857ba65f55a3db09e023035c9bcd9d442d8efc
199,C:\Users\Rohith Syam\Documents\UTS SEMESTER 3\image processing\idea 2\outputs\generalization_upgrade\02_external_bias_audit\normalized_external\real\55\42718155_1946-01-25_2006.jpg,0,55/42718155_1946-01-25_2006.jpg,real,external_normalized,deepfakeface_sd15/real/55/42718155_1946-01-25_2006.jpg,0.543103039264679,0.4309690296649933,1,xception,external_test,source_video_disjoint_v1,highpass_0.1,ffpp_validation_checkpoint,03cb9bba05b67e1478fb86a731857ba65f55a3db09e023035c9bcd9d442d8efc
200,C:\Users\Rohith Syam\Documents\UTS SEMESTER 3\image processing\idea 2\outputs\generalization_upgrade\02_external_bias_audit\normalized_external\real\55\43284855_1980-08-11_2012.jpg,0,55/43284855_1980-08-11_2012.jpg,real,external_normalized,deepfakeface_sd15/real/55/43284855_1980-08-11_2012.jpg,0.40775302052497864,0.4309690296649933,0,xception,external_test,source_video_disjoint_v1,highpass_0.1,ffpp_validation_checkpoint,03cb9bba05b67e1478fb86a731857ba65f55a3db09e023035c9bcd9d442d8efc
201,C:\Users\Rohith Syam\Documents\UTS SEMESTER 3\image processing\idea 2\outputs\generalization_upgrade\02_external_bias_audit\normalized_external\real\55\45263455_1979-05-12_2015.jpg,0,55/45263455_1979-05-12_2015.jpg,real,external_normalized,deepfakeface_sd15/real/55/45263455_1979-05-12_2015.jpg,0.4661690592765808,0.4309690296649933,1,xception,external_test,source_video_disjoint_v1,highpass_0.1,ffpp_validation_checkpoint,03cb9bba05b67e1478fb86a731857ba65f55a3db09e023035c9bcd9d442d8efc
202,C:\Users\Rohith Syam\Documents\UTS SEMESTER 3\image processing\idea 2\outputs\generalization_upgrade\02_external_bias_audit\normalized_external\real\55\46238055_1947-10-19_1980.jpg,0,55/46238055_1947-10-19_1980.jpg,real,external_normalized,deepfakeface_sd15/real/55/46238055_1947-10-19_1980.jpg,0.0142536461353302,0.4309690296649933,0,xception,external_test,source_video_disjoint_v1,highpass_0.1,ffpp_validation_checkpoint,03cb9bba05b67e1478fb86a731857ba65f55a3db09e023035c9bcd9d442d8efc
203,C:\Users\Rohith Syam\Documents\UTS SEMESTER 3\image processing\idea 2\outputs\generalization_upgrade\02_external_bias_audit\normalized_external\real\55\72655_1975-10-12_2004.jpg,0,55/72655_1975-10-12_2004.jpg,real,external_normalized,deepfakeface_sd15/real/55/72655_1975-10-12_2004.jpg,0.355113685131073,0.4309690296649933,0,xception,external_test,source_video_disjoint_v1,highpass_0.1,ffpp_validation_checkpoint,03cb9bba05b67e1478fb86a731857ba65f55a3db09e023035c9bcd9d442d8efc
204,C:\Users\Rohith Syam\Documents\UTS SEMESTER 3\image processing\idea 2\outputs\generalization_upgrade\02_external_bias_audit\normalized_external\real\55\870155_1962-12-01_2010.jpg,0,55/870155_1962-12-01_2010.jpg,real,external_normalized,deepfakeface_sd15/real/55/870155_1962-12-01_2010.jpg,0.024294622242450714,0.4309690296649933,0,xception,external_test,source_video_disjoint_v1,highpass_0.1,ffpp_validation_checkpoint,03cb9bba05b67e1478fb86a731857ba65f55a3db09e023035c9bcd9d442d8efc
205,C:\Users\Rohith Syam\Documents\UTS SEMESTER 3\image processing\idea 2\outputs\generalization_upgrade\02_external_bias_audit\normalized_external\real\69\41427969_1939-03-30_1972.jpg,0,69/41427969_1939-03-30_1972.jpg,real,external_normalized,deepfakeface_sd15/real/69/41427969_1939-03-30_1972.jpg,0.3568517863750458,0.4309690296649933,0,xception,external_test,source_video_disjoint_v1,highpass_0.1,ffpp_validation_checkpoint,03cb9bba05b67e1478fb86a731857ba65f55a3db09e023035c9bcd9d442d8efc
206,C:\Users\Rohith Syam\Documents\UTS SEMESTER 3\image processing\idea 2\outputs\generalization_upgrade\02_external_bias_audit\normalized_external\real\71\12738371_1985-05-25_2015.jpg,0,71/12738371_1985-05-25_2015.jpg,real,external_normalized,deepfakeface_sd15/real/71/12738371_1985-05-25_2015.jpg,0.5240550637245178,0.4309690296649933,1,xception,external_test,source_video_disjoint_v1,highpass_0.1,ffpp_validation_checkpoint,03cb9bba05b67e1478fb86a731857ba65f55a3db09e023035c9bcd9d442d8efc
207,C:\Users\Rohith Syam\Documents\UTS SEMESTER 3\image processing\idea 2\outputs\generalization_upgrade\02_external_bias_audit\normalized_external\real\71\14220271_1972-11-30_2008.jpg,0,71/14220271_1972-11-30_2008.jpg,real,external_normalized,deepfakeface_sd15/real/71/14220271_1972-11-30_2008.jpg,0.24801577627658844,0.4309690296649933,0,xception,external_test,source_video_disjoint_v1,highpass_0.1,ffpp_validation_checkpoint,03cb9bba05b67e1478fb86a731857ba65f55a3db09e023035c9bcd9d442d8efc
208,C:\Users\Rohith Syam\Documents\UTS SEMESTER 3\image processing\idea 2\outputs\generalization_upgrade\02_external_bias_audit\normalized_external\real\71\165871_1942-09-30_1950.jpg,0,71/165871_1942-09-30_1950.jpg,real,external_normalized,deepfakeface_sd15/real/71/165871_1942-09-30_1950.jpg,0.49673202633857727,0.4309690296649933,1,xception,external_test,source_video_disjoint_v1,highpass_0.1,ffpp_validation_checkpoint,03cb9bba05b67e1478fb86a731857ba65f55a3db09e023035c9bcd9d442d8efc
209,C:\Users\Rohith Syam\Documents\UTS SEMESTER 3\image processing\idea 2\outputs\generalization_upgrade\02_external_bias_audit\normalized_external\real\71\17112571_1992-02-27_2012.jpg,0,71/17112571_1992-02-27_2012.jpg,real,external_normalized,deepfakeface_sd15/real/71/17112571_1992-02-27_2012.jpg,0.20827671885490417,0.4309690296649933,0,xception,external_test,source_video_disjoint_v1,highpass_0.1,ffpp_validation_checkpoint,03cb9bba05b67e1478fb86a731857ba65f55a3db09e023035c9bcd9d442d8efc
210,C:\Users\Rohith Syam\Documents\UTS SEMESTER 3\image processing\idea 2\outputs\generalization_upgrade\02_external_bias_audit\normalized_external\real\71\1854071_1958-08-14_1991.jpg,0,71/1854071_1958-08-14_1991.jpg,real,external_normalized,deepfakeface_sd15/real/71/1854071_1958-08-14_1991.jpg,0.7651740908622742,0.4309690296649933,1,xception,external_test,source_video_disjoint_v1,highpass_0.1,ffpp_validation_checkpoint,03cb9bba05b67e1478fb86a731857ba65f55a3db09e023035c9bcd9d442d8efc
211,C:\Users\Rohith Syam\Documents\UTS SEMESTER 3\image processing\idea 2\outputs\generalization_upgrade\02_external_bias_audit\normalized_external\real\71\18720671_1986-06-23_2012.jpg,0,71/18720671_1986-06-23_2012.jpg,real,external_normalized,deepfakeface_sd15/real/71/18720671_1986-06-23_2012.jpg,0.7417241334915161,0.4309690296649933,1,xception,external_test,source_video_disjoint_v1,highpass_0.1,ffpp_validation_checkpoint,03cb9bba05b67e1478fb86a731857ba65f55a3db09e023035c9bcd9d442d8efc
212,C:\Users\Rohith Syam\Documents\UTS SEMESTER 3\image processing\idea 2\outputs\generalization_upgrade\02_external_bias_audit\normalized_external\real\71\19476171_1989-08-02_2014.jpg,0,71/19476171_1989-08-02_2014.jpg,real,external_normalized,deepfakeface_sd15/real/71/19476171_1989-08-02_2014.jpg,0.49721017479896545,0.4309690296649933,1,xception,external_test,source_video_disjoint_v1,highpass_0.1,ffpp_validation_checkpoint,03cb9bba05b67e1478fb86a731857ba65f55a3db09e023035c9bcd9d442d8efc
213,C:\Users\Rohith Syam\Documents\UTS SEMESTER 3\image processing\idea 2\outputs\generalization_upgrade\02_external_bias_audit\normalized_external\real\71\23399171_1991-05-22_2009.jpg,0,71/23399171_1991-05-22_2009.jpg,real,external_normalized,deepfakeface_sd15/real/71/23399171_1991-05-22_2009.jpg,0.18391935527324677,0.4309690296649933,0,xception,external_test,source_video_disjoint_v1,highpass_0.1,ffpp_validation_checkpoint,03cb9bba05b67e1478fb86a731857ba65f55a3db09e023035c9bcd9d442d8efc
214,C:\Users\Rohith Syam\Documents\UTS SEMESTER 3\image processing\idea 2\outputs\generalization_upgrade\02_external_bias_audit\normalized_external\real\71\2492371_1942-11-06_1965.jpg,0,71/2492371_1942-11-06_1965.jpg,real,external_normalized,deepfakeface_sd15/real/71/2492371_1942-11-06_1965.jpg,0.019576989114284515,0.4309690296649933,0,xception,external_test,source_video_disjoint_v1,highpass_0.1,ffpp_validation_checkpoint,03cb9bba05b67e1478fb86a731857ba65f55a3db09e023035c9bcd9d442d8efc
215,C:\Users\Rohith Syam\Documents\UTS SEMESTER 3\image processing\idea 2\outputs\generalization_upgrade\02_external_bias_audit\normalized_external\real\71\25422271_1990-09-11_2014.jpg,0,71/25422271_1990-09-11_2014.jpg,real,external_normalized,deepfakeface_sd15/real/71/25422271_1990-09-11_2014.jpg,0.310617059469223,0.4309690296649933,0,xception,external_test,source_video_disjoint_v1,highpass_0.1,ffpp_validation_checkpoint,03cb9bba05b67e1478fb86a731857ba65f55a3db09e023035c9bcd9d442d8efc
216,C:\Users\Rohith Syam\Documents\UTS SEMESTER 3\image processing\idea 2\outputs\generalization_upgrade\02_external_bias_audit\normalized_external\real\71\27164771_1990-09-17_2009.jpg,0,71/27164771_1990-09-17_2009.jpg,real,external_normalized,deepfakeface_sd15/real/71/27164771_1990-09-17_2009.jpg,0.5978978276252747,0.4309690296649933,1,xception,external_test,source_video_disjoint_v1,highpass_0.1,ffpp_validation_checkpoint,03cb9bba05b67e1478fb86a731857ba65f55a3db09e023035c9bcd9d442d8efc
217,C:\Users\Rohith Syam\Documents\UTS SEMESTER 3\image processing\idea 2\outputs\generalization_upgrade\02_external_bias_audit\normalized_external\real\71\27987171_1987-05-10_2013.jpg,0,71/27987171_1987-05-10_2013.jpg,real,external_normalized,deepfakeface_sd15/real/71/27987171_1987-05-10_2013.jpg,0.3582485020160675,0.4309690296649933,0,xception,external_test,source_video_disjoint_v1,highpass_0.1,ffpp_validation_checkpoint,03cb9bba05b67e1478fb86a731857ba65f55a3db09e023035c9bcd9d442d8efc
218,C:\Users\Rohith Syam\Documents\UTS SEMESTER 3\image processing\idea 2\outputs\generalization_upgrade\02_external_bias_audit\normalized_external\real\71\29084271_1991-09-22_2014.jpg,0,71/29084271_1991-09-22_2014.jpg,real,external_normalized,deepfakeface_sd15/real/71/29084271_1991-09-22_2014.jpg,0.14383605122566223,0.4309690296649933,0,xception,external_test,source_video_disjoint_v1,highpass_0.1,ffpp_validation_checkpoint,03cb9bba05b67e1478fb86a731857ba65f55a3db09e023035c9bcd9d442d8efc
219,C:\Users\Rohith Syam\Documents\UTS SEMESTER 3\image processing\idea 2\outputs\generalization_upgrade\02_external_bias_audit\normalized_external\real\71\30657971_1992-05-11_2014.jpg,0,71/30657971_1992-05-11_2014.jpg,real,external_normalized,deepfakeface_sd15/real/71/30657971_1992-05-11_2014.jpg,0.5282931327819824,0.4309690296649933,1,xception,external_test,source_video_disjoint_v1,highpass_0.1,ffpp_validation_checkpoint,03cb9bba05b67e1478fb86a731857ba65f55a3db09e023035c9bcd9d442d8efc
220,C:\Users\Rohith Syam\Documents\UTS SEMESTER 3\image processing\idea 2\outputs\generalization_upgrade\02_external_bias_audit\normalized_external\real\71\31706371_1989-01-14_2011.jpg,0,71/31706371_1989-01-14_2011.jpg,real,external_normalized,deepfakeface_sd15/real/71/31706371_1989-01-14_2011.jpg,0.272659569978714,0.4309690296649933,0,xception,external_test,source_video_disjoint_v1,highpass_0.1,ffpp_validation_checkpoint,03cb9bba05b67e1478fb86a731857ba65f55a3db09e023035c9bcd9d442d8efc
221,C:\Users\Rohith Syam\Documents\UTS SEMESTER 3\image processing\idea 2\outputs\generalization_upgrade\02_external_bias_audit\normalized_external\real\71\33021371_1988-02-18_2013.jpg,0,71/33021371_1988-02-18_2013.jpg,real,external_normalized,deepfakeface_sd15/real/71/33021371_1988-02-18_2013.jpg,0.6169944405555725,0.4309690296649933,1,xception,external_test,source_video_disjoint_v1,highpass_0.1,ffpp_validation_checkpoint,03cb9bba05b67e1478fb86a731857ba65f55a3db09e023035c9bcd9d442d8efc
222,C:\Users\Rohith Syam\Documents\UTS SEMESTER 3\image processing\idea 2\outputs\generalization_upgrade\02_external_bias_audit\normalized_external\real\71\3312671_1985-08-02_2008.jpg,0,71/3312671_1985-08-02_2008.jpg,real,external_normalized,deepfakeface_sd15/real/71/3312671_1985-08-02_2008.jpg,0.6525787115097046,0.4309690296649933,1,xception,external_test,source_video_disjoint_v1,highpass_0.1,ffpp_validation_checkpoint,03cb9bba05b67e1478fb86a731857ba65f55a3db09e023035c9bcd9d442d8efc
223,C:\Users\Rohith Syam\Documents\UTS SEMESTER 3\image processing\idea 2\outputs\generalization_upgrade\02_external_bias_audit\normalized_external\real\71\35188571_1983-09-18_2009.jpg,0,71/35188571_1983-09-18_2009.jpg,real,external_normalized,deepfakeface_sd15/real/71/35188571_1983-09-18_2009.jpg,0.00370388338342309,0.4309690296649933,0,xception,external_test,source_video_disjoint_v1,highpass_0.1,ffpp_validation_checkpoint,03cb9bba05b67e1478fb86a731857ba65f55a3db09e023035c9bcd9d442d8efc
224,C:\Users\Rohith Syam\Documents\UTS SEMESTER 3\image processing\idea 2\outputs\generalization_upgrade\02_external_bias_audit\normalized_external\real\71\42650171_1946-12-10_2013.jpg,0,71/42650171_1946-12-10_2013.jpg,real,external_normalized,deepfakeface_sd15/real/71/42650171_1946-12-10_2013.jpg,0.06874093413352966,0.4309690296649933,0,xception,external_test,source_video_disjoint_v1,highpass_0.1,ffpp_validation_checkpoint,03cb9bba05b67e1478fb86a731857ba65f55a3db09e023035c9bcd9d442d8efc
225,C:\Users\Rohith Syam\Documents\UTS SEMESTER 3\image processing\idea 2\outputs\generalization_upgrade\02_external_bias_audit\normalized_external\real\71\5081071_1925-11-13_1953.jpg,0,71/5081071_1925-11-13_1953.jpg,real,external_normalized,deepfakeface_sd15/real/71/5081071_1925-11-13_1953.jpg,0.5567358732223511,0.4309690296649933,1,xception,external_test,source_video_disjoint_v1,highpass_0.1,ffpp_validation_checkpoint,03cb9bba05b67e1478fb86a731857ba65f55a3db09e023035c9bcd9d442d8efc
226,C:\Users\Rohith Syam\Documents\UTS SEMESTER 3\image processing\idea 2\outputs\generalization_upgrade\02_external_bias_audit\normalized_external\real\71\566471_1971-05-18_2011.jpg,0,71/566471_1971-05-18_2011.jpg,real,external_normalized,deepfakeface_sd15/real/71/566471_1971-05-18_2011.jpg,0.15401457250118256,0.4309690296649933,0,xception,external_test,source_video_disjoint_v1,highpass_0.1,ffpp_validation_checkpoint,03cb9bba05b67e1478fb86a731857ba65f55a3db09e023035c9bcd9d442d8efc
227,C:\Users\Rohith Syam\Documents\UTS SEMESTER 3\image processing\idea 2\outputs\generalization_upgrade\02_external_bias_audit\normalized_external\real\71\703371_1918-03-12_1980.jpg,0,71/703371_1918-03-12_1980.jpg,real,external_normalized,deepfakeface_sd15/real/71/703371_1918-03-12_1980.jpg,0.009196369908750057,0.4309690296649933,0,xception,external_test,source_video_disjoint_v1,highpass_0.1,ffpp_validation_checkpoint,03cb9bba05b67e1478fb86a731857ba65f55a3db09e023035c9bcd9d442d8efc
228,C:\Users\Rohith Syam\Documents\UTS SEMESTER 3\image processing\idea 2\outputs\generalization_upgrade\02_external_bias_audit\normalized_external\real\71\775271_1959-09-16_2011.jpg,0,71/775271_1959-09-16_2011.jpg,real,external_normalized,deepfakeface_sd15/real/71/775271_1959-09-16_2011.jpg,0.5873019099235535,0.4309690296649933,1,xception,external_test,source_video_disjoint_v1,highpass_0.1,ffpp_validation_checkpoint,03cb9bba05b67e1478fb86a731857ba65f55a3db09e023035c9bcd9d442d8efc
229,C:\Users\Rohith Syam\Documents\UTS SEMESTER 3\image processing\idea 2\outputs\generalization_upgrade\02_external_bias_audit\normalized_external\real\71\8334671_1931-02-14_1966.jpg,0,71/8334671_1931-02-14_1966.jpg,real,external_normalized,deepfakeface_sd15/real/71/8334671_1931-02-14_1966.jpg,0.04237658530473709,0.4309690296649933,0,xception,external_test,source_video_disjoint_v1,highpass_0.1,ffpp_validation_checkpoint,03cb9bba05b67e1478fb86a731857ba65f55a3db09e023035c9bcd9d442d8efc
230,C:\Users\Rohith Syam\Documents\UTS SEMESTER 3\image processing\idea 2\outputs\generalization_upgrade\02_external_bias_audit\normalized_external\real\71\9069371_1986-03-19_2013.jpg,0,71/9069371_1986-03-19_2013.jpg,real,external_normalized,deepfakeface_sd15/real/71/9069371_1986-03-19_2013.jpg,0.6830834150314331,0.4309690296649933,1,xception,external_test,source_video_disjoint_v1,highpass_0.1,ffpp_validation_checkpoint,03cb9bba05b67e1478fb86a731857ba65f55a3db09e023035c9bcd9d442d8efc
231,C:\Users\Rohith Syam\Documents\UTS SEMESTER 3\image processing\idea 2\outputs\generalization_upgrade\02_external_bias_audit\normalized_external\real\71\967871_1972-12-15_2008.jpg,0,71/967871_1972-12-15_2008.jpg,real,external_normalized,deepfakeface_sd15/real/71/967871_1972-12-15_2008.jpg,0.385562926530838,0.4309690296649933,0,xception,external_test,source_video_disjoint_v1,highpass_0.1,ffpp_validation_checkpoint,03cb9bba05b67e1478fb86a731857ba65f55a3db09e023035c9bcd9d442d8efc
232,C:\Users\Rohith Syam\Documents\UTS SEMESTER 3\image processing\idea 2\outputs\generalization_upgrade\02_external_bias_audit\normalized_external\real\71\9845271_1955-09-16_2001.jpg,0,71/9845271_1955-09-16_2001.jpg,real,external_normalized,deepfakeface_sd15/real/71/9845271_1955-09-16_2001.jpg,0.1971072107553482,0.4309690296649933,0,xception,external_test,source_video_disjoint_v1,highpass_0.1,ffpp_validation_checkpoint,03cb9bba05b67e1478fb86a731857ba65f55a3db09e023035c9bcd9d442d8efc
233,C:\Users\Rohith Syam\Documents\UTS SEMESTER 3\image processing\idea 2\outputs\generalization_upgrade\02_external_bias_audit\normalized_external\real\73\1013073_1978-05-24_2010.jpg,0,73/1013073_1978-05-24_2010.jpg,real,external_normalized,deepfakeface_sd15/real/73/1013073_1978-05-24_2010.jpg,0.6649348735809326,0.4309690296649933,1,xception,external_test,source_video_disjoint_v1,highpass_0.1,ffpp_validation_checkpoint,03cb9bba05b67e1478fb86a731857ba65f55a3db09e023035c9bcd9d442d8efc
234,C:\Users\Rohith Syam\Documents\UTS SEMESTER 3\image processing\idea 2\outputs\generalization_upgrade\02_external_bias_audit\normalized_external\real\73\12464473_1935-03-06_1958.jpg,0,73/12464473_1935-03-06_1958.jpg,real,external_normalized,deepfakeface_sd15/real/73/12464473_1935-03-06_1958.jpg,0.01841702312231064,0.4309690296649933,0,xception,external_test,source_video_disjoint_v1,highpass_0.1,ffpp_validation_checkpoint,03cb9bba05b67e1478fb86a731857ba65f55a3db09e023035c9bcd9d442d8efc
235,C:\Users\Rohith Syam\Documents\UTS SEMESTER 3\image processing\idea 2\outputs\generalization_upgrade\02_external_bias_audit\normalized_external\real\73\12786073_1984-05-18_2011.jpg,0,73/12786073_1984-05-18_2011.jpg,real,external_normalized,deepfakeface_sd15/real/73/12786073_1984-05-18_2011.jpg,0.107746422290802,0.4309690296649933,0,xception,external_test,source_video_disjoint_v1,highpass_0.1,ffpp_validation_checkpoint,03cb9bba05b67e1478fb86a731857ba65f55a3db09e023035c9bcd9d442d8efc
236,C:\Users\Rohith Syam\Documents\UTS SEMESTER 3\image processing\idea 2\outputs\generalization_upgrade\02_external_bias_audit\normalized_external\real\73\16855173_1937-10-21_2008.jpg,0,73/16855173_1937-10-21_2008.jpg,real,external_normalized,deepfakeface_sd15/real/73/16855173_1937-10-21_2008.jpg,0.7929505705833435,0.4309690296649933,1,xception,external_test,source_video_disjoint_v1,highpass_0.1,ffpp_validation_checkpoint,03cb9bba05b67e1478fb86a731857ba65f55a3db09e023035c9bcd9d442d8efc
237,C:\Users\Rohith Syam\Documents\UTS SEMESTER 3\image processing\idea 2\outputs\generalization_upgrade\02_external_bias_audit\normalized_external\real\73\18933173_1984-05-13_2011.jpg,0,73/18933173_1984-05-13_2011.jpg,real,external_normalized,deepfakeface_sd15/real/73/18933173_1984-05-13_2011.jpg,0.30385252833366394,0.4309690296649933,0,xception,external_test,source_video_disjoint_v1,highpass_0.1,ffpp_validation_checkpoint,03cb9bba05b67e1478fb86a731857ba65f55a3db09e023035c9bcd9d442d8efc
238,C:\Users\Rohith Syam\Documents\UTS SEMESTER 3\image processing\idea 2\outputs\generalization_upgrade\02_external_bias_audit\normalized_external\real\73\20989373_1938-09-15_1988.jpg,0,73/20989373_1938-09-15_1988.jpg,real,external_normalized,deepfakeface_sd15/real/73/20989373_1938-09-15_1988.jpg,0.5417603850364685,0.4309690296649933,1,xception,external_test,source_video_disjoint_v1,highpass_0.1,ffpp_validation_checkpoint,03cb9bba05b67e1478fb86a731857ba65f55a3db09e023035c9bcd9d442d8efc
239,C:\Users\Rohith Syam\Documents\UTS SEMESTER 3\image processing\idea 2\outputs\generalization_upgrade\02_external_bias_audit\normalized_external\real\73\21741673_1995-03-01_2009.jpg,0,73/21741673_1995-03-01_2009.jpg,real,external_normalized,deepfakeface_sd15/real/73/21741673_1995-03-01_2009.jpg,0.18135972321033478,0.4309690296649933,0,xception,external_test,source_video_disjoint_v1,highpass_0.1,ffpp_validation_checkpoint,03cb9bba05b67e1478fb86a731857ba65f55a3db09e023035c9bcd9d442d8efc
240,C:\Users\Rohith Syam\Documents\UTS SEMESTER 3\image processing\idea 2\outputs\generalization_upgrade\02_external_bias_audit\normalized_external\real\73\2210573_1958-04-04_2007.jpg,0,73/2210573_1958-04-04_2007.jpg,real,external_normalized,deepfakeface_sd15/real/73/2210573_1958-04-04_2007.jpg,0.44814419746398926,0.4309690296649933,1,xception,external_test,source_video_disjoint_v1,highpass_0.1,ffpp_validation_checkpoint,03cb9bba05b67e1478fb86a731857ba65f55a3db09e023035c9bcd9d442d8efc
241,C:\Users\Rohith Syam\Documents\UTS SEMESTER 3\image processing\idea 2\outputs\generalization_upgrade\02_external_bias_audit\normalized_external\real\73\24079373_1979-07-15_2009.jpg,0,73/24079373_1979-07-15_2009.jpg,real,external_normalized,deepfakeface_sd15/real/73/24079373_1979-07-15_2009.jpg,0.1990869790315628,0.4309690296649933,0,xception,external_test,source_video_disjoint_v1,highpass_0.1,ffpp_validation_checkpoint,03cb9bba05b67e1478fb86a731857ba65f55a3db09e023035c9bcd9d442d8efc
242,C:\Users\Rohith Syam\Documents\UTS SEMESTER 3\image processing\idea 2\outputs\generalization_upgrade\02_external_bias_audit\normalized_external\real\73\25286273_1990-11-02_2013.jpg,0,73/25286273_1990-11-02_2013.jpg,real,external_normalized,deepfakeface_sd15/real/73/25286273_1990-11-02_2013.jpg,0.7424144744873047,0.4309690296649933,1,xception,external_test,source_video_disjoint_v1,highpass_0.1,ffpp_validation_checkpoint,03cb9bba05b67e1478fb86a731857ba65f55a3db09e023035c9bcd9d442d8efc
243,C:\Users\Rohith Syam\Documents\UTS SEMESTER 3\image processing\idea 2\outputs\generalization_upgrade\02_external_bias_audit\normalized_external\real\73\27347573_1992-06-02_2010.jpg,0,73/27347573_1992-06-02_2010.jpg,real,external_normalized,deepfakeface_sd15/real/73/27347573_1992-06-02_2010.jpg,0.46053141355514526,0.4309690296649933,1,xception,external_test,source_video_disjoint_v1,highpass_0.1,ffpp_validation_checkpoint,03cb9bba05b67e1478fb86a731857ba65f55a3db09e023035c9bcd9d442d8efc
244,C:\Users\Rohith Syam\Documents\UTS SEMESTER 3\image processing\idea 2\outputs\generalization_upgrade\02_external_bias_audit\normalized_external\real\73\3365773_1949-06-24_1985.jpg,0,73/3365773_1949-06-24_1985.jpg,real,external_normalized,deepfakeface_sd15/real/73/3365773_1949-06-24_1985.jpg,0.27274563908576965,0.4309690296649933,0,xception,external_test,source_video_disjoint_v1,highpass_0.1,ffpp_validation_checkpoint,03cb9bba05b67e1478fb86a731857ba65f55a3db09e023035c9bcd9d442d8efc
245,C:\Users\Rohith Syam\Documents\UTS SEMESTER 3\image processing\idea 2\outputs\generalization_upgrade\02_external_bias_audit\normalized_external\real\73\34239373_1994-11-30_2014.jpg,0,73/34239373_1994-11-30_2014.jpg,real,external_normalized,deepfakeface_sd15/real/73/34239373_1994-11-30_2014.jpg,0.6305873990058899,0.4309690296649933,1,xception,external_test,source_video_disjoint_v1,highpass_0.1,ffpp_validation_checkpoint,03cb9bba05b67e1478fb86a731857ba65f55a3db09e023035c9bcd9d442d8efc
246,C:\Users\Rohith Syam\Documents\UTS SEMESTER 3\image processing\idea 2\outputs\generalization_upgrade\02_external_bias_audit\normalized_external\real\73\3517073_1984-09-10_2011.jpg,0,73/3517073_1984-09-10_2011.jpg,real,external_normalized,deepfakeface_sd15/real/73/3517073_1984-09-10_2011.jpg,0.654080331325531,0.4309690296649933,1,xception,external_test,source_video_disjoint_v1,highpass_0.1,ffpp_validation_checkpoint,03cb9bba05b67e1478fb86a731857ba65f55a3db09e023035c9bcd9d442d8efc
247,C:\Users\Rohith Syam\Documents\UTS SEMESTER 3\image processing\idea 2\outputs\generalization_upgrade\02_external_bias_audit\normalized_external\real\73\36499973_1985-09-06_2011.jpg,0,73/36499973_1985-09-06_2011.jpg,real,external_normalized,deepfakeface_sd15/real/73/36499973_1985-09-06_2011.jpg,0.9383699893951416,0.4309690296649933,1,xception,external_test,source_video_disjoint_v1,highpass_0.1,ffpp_validation_checkpoint,03cb9bba05b67e1478fb86a731857ba65f55a3db09e023035c9bcd9d442d8efc
248,C:\Users\Rohith Syam\Documents\UTS SEMESTER 3\image processing\idea 2\outputs\generalization_upgrade\02_external_bias_audit\normalized_external\real\73\37985373_1988-12-05_2014.jpg,0,73/37985373_1988-12-05_2014.jpg,real,external_normalized,deepfakeface_sd15/real/73/37985373_1988-12-05_2014.jpg,0.38315293192863464,0.4309690296649933,0,xception,external_test,source_video_disjoint_v1,highpass_0.1,ffpp_validation_checkpoint,03cb9bba05b67e1478fb86a731857ba65f55a3db09e023035c9bcd9d442d8efc
249,C:\Users\Rohith Syam\Documents\UTS SEMESTER 3\image processing\idea 2\outputs\generalization_upgrade\02_external_bias_audit\normalized_external\real\73\38089073_1988-06-26_2014.jpg,0,73/38089073_1988-06-26_2014.jpg,real,external_normalized,deepfakeface_sd15/real/73/38089073_1988-06-26_2014.jpg,0.026188917458057404,0.4309690296649933,0,xception,external_test,source_video_disjoint_v1,highpass_0.1,ffpp_validation_checkpoint,03cb9bba05b67e1478fb86a731857ba65f55a3db09e023035c9bcd9d442d8efc
250,C:\Users\Rohith Syam\Documents\UTS SEMESTER 3\image processing\idea 2\outputs\generalization_upgrade\02_external_bias_audit\normalized_external\real\73\41639973_1876-12-25_1940.jpg,0,73/41639973_1876-12-25_1940.jpg,real,external_normalized,deepfakeface_sd15/real/73/41639973_1876-12-25_1940.jpg,0.008412285707890987,0.4309690296649933,0,xception,external_test,source_video_disjoint_v1,highpass_0.1,ffpp_validation_checkpoint,03cb9bba05b67e1478fb86a731857ba65f55a3db09e023035c9bcd9d442d8efc
251,C:\Users\Rohith Syam\Documents\UTS SEMESTER 3\image processing\idea 2\outputs\generalization_upgrade\02_external_bias_audit\normalized_external\real\73\46452873_1906-12-20_1945.jpg,0,73/46452873_1906-12-20_1945.jpg,real,external_normalized,deepfakeface_sd15/real/73/46452873_1906-12-20_1945.jpg,0.5360865592956543,0.4309690296649933,1,xception,external_test,source_video_disjoint_v1,highpass_0.1,ffpp_validation_checkpoint,03cb9bba05b67e1478fb86a731857ba65f55a3db09e023035c9bcd9d442d8efc
252,C:\Users\Rohith Syam\Documents\UTS SEMESTER 3\image processing\idea 2\outputs\generalization_upgrade\02_external_bias_audit\normalized_external\real\73\479273_1985-12-08_2014.jpg,0,73/479273_1985-12-08_2014.jpg,real,external_normalized,deepfakeface_sd15/real/73/479273_1985-12-08_2014.jpg,0.4682143032550812,0.4309690296649933,1,xception,external_test,source_video_disjoint_v1,highpass_0.1,ffpp_validation_checkpoint,03cb9bba05b67e1478fb86a731857ba65f55a3db09e023035c9bcd9d442d8efc
253,C:\Users\Rohith Syam\Documents\UTS SEMESTER 3\image processing\idea 2\outputs\generalization_upgrade\02_external_bias_audit\normalized_external\real\73\502973_1958-03-25_2012.jpg,0,73/502973_1958-03-25_2012.jpg,real,external_normalized,deepfakeface_sd15/real/73/502973_1958-03-25_2012.jpg,0.5506539940834045,0.4309690296649933,1,xception,external_test,source_video_disjoint_v1,highpass_0.1,ffpp_validation_checkpoint,03cb9bba05b67e1478fb86a731857ba65f55a3db09e023035c9bcd9d442d8efc
254,C:\Users\Rohith Syam\Documents\UTS SEMESTER 3\image processing\idea 2\outputs\generalization_upgrade\02_external_bias_audit\normalized_external\real\73\5332173_1935-09-06_2008.jpg,0,73/5332173_1935-09-06_2008.jpg,real,external_normalized,deepfakeface_sd15/real/73/5332173_1935-09-06_2008.jpg,0.11894193291664124,0.4309690296649933,0,xception,external_test,source_video_disjoint_v1,highpass_0.1,ffpp_validation_checkpoint,03cb9bba05b67e1478fb86a731857ba65f55a3db09e023035c9bcd9d442d8efc
255,C:\Users\Rohith Syam\Documents\UTS SEMESTER 3\image processing\idea 2\outputs\generalization_upgrade\02_external_bias_audit\normalized_external\real\73\666973_1960-09-19_2005.jpg,0,73/666973_1960-09-19_2005.jpg,real,external_normalized,deepfakeface_sd15/real/73/666973_1960-09-19_2005.jpg,0.007612354587763548,0.4309690296649933,0,xception,external_test,source_video_disjoint_v1,highpass_0.1,ffpp_validation_checkpoint,03cb9bba05b67e1478fb86a731857ba65f55a3db09e023035c9bcd9d442d8efc
256,C:\Users\Rohith Syam\Documents\UTS SEMESTER 3\image processing\idea 2\outputs\generalization_upgrade\02_external_bias_audit\normalized_external\real\73\9311273_1979-08-24_2010.jpg,0,73/9311273_1979-08-24_2010.jpg,real,external_normalized,deepfakeface_sd15/real/73/9311273_1979-08-24_2010.jpg,0.3157810866832733,0.4309690296649933,0,xception,external_test,source_video_disjoint_v1,highpass_0.1,ffpp_validation_checkpoint,03cb9bba05b67e1478fb86a731857ba65f55a3db09e023035c9bcd9d442d8efc
257,C:\Users\Rohith Syam\Documents\UTS SEMESTER 3\image processing\idea 2\outputs\generalization_upgrade\02_external_bias_audit\normalized_external\real\80\2798180_1985-12-19_2014.jpg,0,80/2798180_1985-12-19_2014.jpg,real,external_normalized,deepfakeface_sd15/real/80/2798180_1985-12-19_2014.jpg,0.6857671737670898,0.4309690296649933,1,xception,external_test,source_video_disjoint_v1,highpass_0.1,ffpp_validation_checkpoint,03cb9bba05b67e1478fb86a731857ba65f55a3db09e023035c9bcd9d442d8efc
258,C:\Users\Rohith Syam\Documents\UTS SEMESTER 3\image processing\idea 2\outputs\generalization_upgrade\02_external_bias_audit\normalized_external\real\80\6049880_1985-02-26_2013.jpg,0,80/6049880_1985-02-26_2013.jpg,real,external_normalized,deepfakeface_sd15/real/80/6049880_1985-02-26_2013.jpg,0.7837057113647461,0.4309690296649933,1,xception,external_test,source_video_disjoint_v1,highpass_0.1,ffpp_validation_checkpoint,03cb9bba05b67e1478fb86a731857ba65f55a3db09e023035c9bcd9d442d8efc
259,C:\Users\Rohith Syam\Documents\UTS SEMESTER 3\image processing\idea 2\outputs\generalization_upgrade\02_external_bias_audit\normalized_external\real\80\9076080_1971-09-21_2011.jpg,0,80/9076080_1971-09-21_2011.jpg,real,external_normalized,deepfakeface_sd15/real/80/9076080_1971-09-21_2011.jpg,0.07076729834079742,0.4309690296649933,0,xception,external_test,source_video_disjoint_v1,highpass_0.1,ffpp_validation_checkpoint,03cb9bba05b67e1478fb86a731857ba65f55a3db09e023035c9bcd9d442d8efc
260,C:\Users\Rohith Syam\Documents\UTS SEMESTER 3\image processing\idea 2\outputs\generalization_upgrade\02_external_bias_audit\normalized_external\real\98\10760998_1937-01-14_1968.jpg,0,98/10760998_1937-01-14_1968.jpg,real,external_normalized,deepfakeface_sd15/real/98/10760998_1937-01-14_1968.jpg,0.0005788346752524376,0.4309690296649933,0,xception,external_test,source_video_disjoint_v1,highpass_0.1,ffpp_validation_checkpoint,03cb9bba05b67e1478fb86a731857ba65f55a3db09e023035c9bcd9d442d8efc
261,C:\Users\Rohith Syam\Documents\UTS SEMESTER 3\image processing\idea 2\outputs\generalization_upgrade\02_external_bias_audit\normalized_external\real\98\13664298_1989-04-27_2014.jpg,0,98/13664298_1989-04-27_2014.jpg,real,external_normalized,deepfakeface_sd15/real/98/13664298_1989-04-27_2014.jpg,0.32458624243736267,0.4309690296649933,0,xception,external_test,source_video_disjoint_v1,highpass_0.1,ffpp_validation_checkpoint,03cb9bba05b67e1478fb86a731857ba65f55a3db09e023035c9bcd9d442d8efc
262,C:\Users\Rohith Syam\Documents\UTS SEMESTER 3\image processing\idea 2\outputs\generalization_upgrade\02_external_bias_audit\normalized_external\real\98\14073598_1892-03-06_1943.jpg,0,98/14073598_1892-03-06_1943.jpg,real,external_normalized,deepfakeface_sd15/real/98/14073598_1892-03-06_1943.jpg,0.10408937931060791,0.4309690296649933,0,xception,external_test,source_video_disjoint_v1,highpass_0.1,ffpp_validation_checkpoint,03cb9bba05b67e1478fb86a731857ba65f55a3db09e023035c9bcd9d442d8efc
263,C:\Users\Rohith Syam\Documents\UTS SEMESTER 3\image processing\idea 2\outputs\generalization_upgrade\02_external_bias_audit\normalized_external\real\98\142698_1939-09-01_2014.jpg,0,98/142698_1939-09-01_2014.jpg,real,external_normalized,deepfakeface_sd15/real/98/142698_1939-09-01_2014.jpg,0.0037963881622999907,0.4309690296649933,0,xception,external_test,source_video_disjoint_v1,highpass_0.1,ffpp_validation_checkpoint,03cb9bba05b67e1478fb86a731857ba65f55a3db09e023035c9bcd9d442d8efc
264,C:\Users\Rohith Syam\Documents\UTS SEMESTER 3\image processing\idea 2\outputs\generalization_upgrade\02_external_bias_audit\normalized_external\real\98\15230998_1983-01-10_2007.jpg,0,98/15230998_1983-01-10_2007.jpg,real,external_normalized,deepfakeface_sd15/real/98/15230998_1983-01-10_2007.jpg,0.6838770508766174,0.4309690296649933,1,xception,external_test,source_video_disjoint_v1,highpass_0.1,ffpp_validation_checkpoint,03cb9bba05b67e1478fb86a731857ba65f55a3db09e023035c9bcd9d442d8efc
265,C:\Users\Rohith Syam\Documents\UTS SEMESTER 3\image processing\idea 2\outputs\generalization_upgrade\02_external_bias_audit\normalized_external\real\98\176998_1933-08-16_1965.jpg,0,98/176998_1933-08-16_1965.jpg,real,external_normalized,deepfakeface_sd15/real/98/176998_1933-08-16_1965.jpg,0.21895666420459747,0.4309690296649933,0,xception,external_test,source_video_disjoint_v1,highpass_0.1,ffpp_validation_checkpoint,03cb9bba05b67e1478fb86a731857ba65f55a3db09e023035c9bcd9d442d8efc
266,C:\Users\Rohith Syam\Documents\UTS SEMESTER 3\image processing\idea 2\outputs\generalization_upgrade\02_external_bias_audit\normalized_external\real\98\22298398_1962-09-19_2011.jpg,0,98/22298398_1962-09-19_2011.jpg,real,external_normalized,deepfakeface_sd15/real/98/22298398_1962-09-19_2011.jpg,0.04921029135584831,0.4309690296649933,0,xception,external_test,source_video_disjoint_v1,highpass_0.1,ffpp_validation_checkpoint,03cb9bba05b67e1478fb86a731857ba65f55a3db09e023035c9bcd9d442d8efc
267,C:\Users\Rohith Syam\Documents\UTS SEMESTER 3\image processing\idea 2\outputs\generalization_upgrade\02_external_bias_audit\normalized_external\real\98\23428298_1982-12-22_2009.jpg,0,98/23428298_1982-12-22_2009.jpg,real,external_normalized,deepfakeface_sd15/real/98/23428298_1982-12-22_2009.jpg,0.6150435209274292,0.4309690296649933,1,xception,external_test,source_video_disjoint_v1,highpass_0.1,ffpp_validation_checkpoint,03cb9bba05b67e1478fb86a731857ba65f55a3db09e023035c9bcd9d442d8efc
268,C:\Users\Rohith Syam\Documents\UTS SEMESTER 3\image processing\idea 2\outputs\generalization_upgrade\02_external_bias_audit\normalized_external\real\98\23560198_1992-06-20_2014.jpg,0,98/23560198_1992-06-20_2014.jpg,real,external_normalized,deepfakeface_sd15/real/98/23560198_1992-06-20_2014.jpg,0.3293535113334656,0.4309690296649933,0,xception,external_test,source_video_disjoint_v1,highpass_0.1,ffpp_validation_checkpoint,03cb9bba05b67e1478fb86a731857ba65f55a3db09e023035c9bcd9d442d8efc
269,C:\Users\Rohith Syam\Documents\UTS SEMESTER 3\image processing\idea 2\outputs\generalization_upgrade\02_external_bias_audit\normalized_external\real\98\25616698_1980-08-12_2012.jpg,0,98/25616698_1980-08-12_2012.jpg,real,external_normalized,deepfakeface_sd15/real/98/25616698_1980-08-12_2012.jpg,0.6398966312408447,0.4309690296649933,1,xception,external_test,source_video_disjoint_v1,highpass_0.1,ffpp_validation_checkpoint,03cb9bba05b67e1478fb86a731857ba65f55a3db09e023035c9bcd9d442d8efc
270,C:\Users\Rohith Syam\Documents\UTS SEMESTER 3\image processing\idea 2\outputs\generalization_upgrade\02_external_bias_audit\normalized_external\real\98\25980298_1980-07-05_2013.jpg,0,98/25980298_1980-07-05_2013.jpg,real,external_normalized,deepfakeface_sd15/real/98/25980298_1980-07-05_2013.jpg,0.41663193702697754,0.4309690296649933,0,xception,external_test,source_video_disjoint_v1,highpass_0.1,ffpp_validation_checkpoint,03cb9bba05b67e1478fb86a731857ba65f55a3db09e023035c9bcd9d442d8efc
271,C:\Users\Rohith Syam\Documents\UTS SEMESTER 3\image processing\idea 2\outputs\generalization_upgrade\02_external_bias_audit\normalized_external\real\98\2705698_1958-12-06_2007.jpg,0,98/2705698_1958-12-06_2007.jpg,real,external_normalized,deepfakeface_sd15/real/98/2705698_1958-12-06_2007.jpg,0.08803565800189972,0.4309690296649933,0,xception,external_test,source_video_disjoint_v1,highpass_0.1,ffpp_validation_checkpoint,03cb9bba05b67e1478fb86a731857ba65f55a3db09e023035c9bcd9d442d8efc
272,C:\Users\Rohith Syam\Documents\UTS SEMESTER 3\image processing\idea 2\outputs\generalization_upgrade\02_external_bias_audit\normalized_external\real\98\27687598_1957-10-28_2009.jpg,0,98/27687598_1957-10-28_2009.jpg,real,external_normalized,deepfakeface_sd15/real/98/27687598_1957-10-28_2009.jpg,0.3743513822555542,0.4309690296649933,0,xception,external_test,source_video_disjoint_v1,highpass_0.1,ffpp_validation_checkpoint,03cb9bba05b67e1478fb86a731857ba65f55a3db09e023035c9bcd9d442d8efc
273,C:\Users\Rohith Syam\Documents\UTS SEMESTER 3\image processing\idea 2\outputs\generalization_upgrade\02_external_bias_audit\normalized_external\real\98\30789098_1986-05-13_2012.jpg,0,98/30789098_1986-05-13_2012.jpg,real,external_normalized,deepfakeface_sd15/real/98/30789098_1986-05-13_2012.jpg,0.029606269672513008,0.4309690296649933,0,xception,external_test,source_video_disjoint_v1,highpass_0.1,ffpp_validation_checkpoint,03cb9bba05b67e1478fb86a731857ba65f55a3db09e023035c9bcd9d442d8efc
274,C:\Users\Rohith Syam\Documents\UTS SEMESTER 3\image processing\idea 2\outputs\generalization_upgrade\02_external_bias_audit\normalized_external\real\98\32664798_1990-03-03_2014.jpg,0,98/32664798_1990-03-03_2014.jpg,real,external_normalized,deepfakeface_sd15/real/98/32664798_1990-03-03_2014.jpg,0.2421865612268448,0.4309690296649933,0,xception,external_test,source_video_disjoint_v1,highpass_0.1,ffpp_validation_checkpoint,03cb9bba05b67e1478fb86a731857ba65f55a3db09e023035c9bcd9d442d8efc
275,C:\Users\Rohith Syam\Documents\UTS SEMESTER 3\image processing\idea 2\outputs\generalization_upgrade\02_external_bias_audit\normalized_external\real\98\3604398_1981-06-16_2012.jpg,0,98/3604398_1981-06-16_2012.jpg,real,external_normalized,deepfakeface_sd15/real/98/3604398_1981-06-16_2012.jpg,0.4946717619895935,0.4309690296649933,1,xception,external_test,source_video_disjoint_v1,highpass_0.1,ffpp_validation_checkpoint,03cb9bba05b67e1478fb86a731857ba65f55a3db09e023035c9bcd9d442d8efc
276,C:\Users\Rohith Syam\Documents\UTS SEMESTER 3\image processing\idea 2\outputs\generalization_upgrade\02_external_bias_audit\normalized_external\real\98\40219898_1975-03-11_2013.jpg,0,98/40219898_1975-03-11_2013.jpg,real,external_normalized,deepfakeface_sd15/real/98/40219898_1975-03-11_2013.jpg,0.042532969266176224,0.4309690296649933,0,xception,external_test,source_video_disjoint_v1,highpass_0.1,ffpp_validation_checkpoint,03cb9bba05b67e1478fb86a731857ba65f55a3db09e023035c9bcd9d442d8efc
277,C:\Users\Rohith Syam\Documents\UTS SEMESTER 3\image processing\idea 2\outputs\generalization_upgrade\02_external_bias_audit\normalized_external\real\98\40883698_1972-01-26_2014.jpg,0,98/40883698_1972-01-26_2014.jpg,real,external_normalized,deepfakeface_sd15/real/98/40883698_1972-01-26_2014.jpg,0.5902416110038757,0.4309690296649933,1,xception,external_test,source_video_disjoint_v1,highpass_0.1,ffpp_validation_checkpoint,03cb9bba05b67e1478fb86a731857ba65f55a3db09e023035c9bcd9d442d8efc
278,C:\Users\Rohith Syam\Documents\UTS SEMESTER 3\image processing\idea 2\outputs\generalization_upgrade\02_external_bias_audit\normalized_external\real\98\4276598_1950-10-14_1975.jpg,0,98/4276598_1950-10-14_1975.jpg,real,external_normalized,deepfakeface_sd15/real/98/4276598_1950-10-14_1975.jpg,0.007290996145457029,0.4309690296649933,0,xception,external_test,source_video_disjoint_v1,highpass_0.1,ffpp_validation_checkpoint,03cb9bba05b67e1478fb86a731857ba65f55a3db09e023035c9bcd9d442d8efc
279,C:\Users\Rohith Syam\Documents\UTS SEMESTER 3\image processing\idea 2\outputs\generalization_upgrade\02_external_bias_audit\normalized_external\real\98\45298998_1988-08-17_2012.jpg,0,98/45298998_1988-08-17_2012.jpg,real,external_normalized,deepfakeface_sd15/real/98/45298998_1988-08-17_2012.jpg,0.37517598271369934,0.4309690296649933,0,xception,external_test,source_video_disjoint_v1,highpass_0.1,ffpp_validation_checkpoint,03cb9bba05b67e1478fb86a731857ba65f55a3db09e023035c9bcd9d442d8efc
280,C:\Users\Rohith Syam\Documents\UTS SEMESTER 3\image processing\idea 2\outputs\generalization_upgrade\02_external_bias_audit\normalized_external\real\98\4691798_1977-09-15_2005.jpg,0,98/4691798_1977-09-15_2005.jpg,real,external_normalized,deepfakeface_sd15/real/98/4691798_1977-09-15_2005.jpg,0.14180807769298553,0.4309690296649933,0,xception,external_test,source_video_disjoint_v1,highpass_0.1,ffpp_validation_checkpoint,03cb9bba05b67e1478fb86a731857ba65f55a3db09e023035c9bcd9d442d8efc
281,C:\Users\Rohith Syam\Documents\UTS SEMESTER 3\image processing\idea 2\outputs\generalization_upgrade\02_external_bias_audit\normalized_external\real\98\46974698_1942-02-22_1968.jpg,0,98/46974698_1942-02-22_1968.jpg,real,external_normalized,deepfakeface_sd15/real/98/46974698_1942-02-22_1968.jpg,0.8180250525474548,0.4309690296649933,1,xception,external_test,source_video_disjoint_v1,highpass_0.1,ffpp_validation_checkpoint,03cb9bba05b67e1478fb86a731857ba65f55a3db09e023035c9bcd9d442d8efc
282,C:\Users\Rohith Syam\Documents\UTS SEMESTER 3\image processing\idea 2\outputs\generalization_upgrade\02_external_bias_audit\normalized_external\real\98\577798_1933-12-08_1969.jpg,0,98/577798_1933-12-08_1969.jpg,real,external_normalized,deepfakeface_sd15/real/98/577798_1933-12-08_1969.jpg,0.6650048494338989,0.4309690296649933,1,xception,external_test,source_video_disjoint_v1,highpass_0.1,ffpp_validation_checkpoint,03cb9bba05b67e1478fb86a731857ba65f55a3db09e023035c9bcd9d442d8efc
283,C:\Users\Rohith Syam\Documents\UTS SEMESTER 3\image processing\idea 2\outputs\generalization_upgrade\02_external_bias_audit\normalized_external\real\98\591698_1968-01-15_2000.jpg,0,98/591698_1968-01-15_2000.jpg,real,external_normalized,deepfakeface_sd15/real/98/591698_1968-01-15_2000.jpg,0.7713079452514648,0.4309690296649933,1,xception,external_test,source_video_disjoint_v1,highpass_0.1,ffpp_validation_checkpoint,03cb9bba05b67e1478fb86a731857ba65f55a3db09e023035c9bcd9d442d8efc
284,C:\Users\Rohith Syam\Documents\UTS SEMESTER 3\image processing\idea 2\outputs\generalization_upgrade\02_external_bias_audit\normalized_external\real\98\609598_1929-11-08_2007.jpg,0,98/609598_1929-11-08_2007.jpg,real,external_normalized,deepfakeface_sd15/real/98/609598_1929-11-08_2007.jpg,0.5098176002502441,0.4309690296649933,1,xception,external_test,source_video_disjoint_v1,highpass_0.1,ffpp_validation_checkpoint,03cb9bba05b67e1478fb86a731857ba65f55a3db09e023035c9bcd9d442d8efc
285,C:\Users\Rohith Syam\Documents\UTS SEMESTER 3\image processing\idea 2\outputs\generalization_upgrade\02_external_bias_audit\normalized_external\real\98\6548698_1964-02-27_2010.jpg,0,98/6548698_1964-02-27_2010.jpg,real,external_normalized,deepfakeface_sd15/real/98/6548698_1964-02-27_2010.jpg,0.5087392330169678,0.4309690296649933,1,xception,external_test,source_video_disjoint_v1,highpass_0.1,ffpp_validation_checkpoint,03cb9bba05b67e1478fb86a731857ba65f55a3db09e023035c9bcd9d442d8efc
286,C:\Users\Rohith Syam\Documents\UTS SEMESTER 3\image processing\idea 2\outputs\generalization_upgrade\02_external_bias_audit\normalized_external\real\98\670098_1974-07-29_2009.jpg,0,98/670098_1974-07-29_2009.jpg,real,external_normalized,deepfakeface_sd15/real/98/670098_1974-07-29_2009.jpg,0.4860169589519501,0.4309690296649933,1,xception,external_test,source_video_disjoint_v1,highpass_0.1,ffpp_validation_checkpoint,03cb9bba05b67e1478fb86a731857ba65f55a3db09e023035c9bcd9d442d8efc
287,C:\Users\Rohith Syam\Documents\UTS SEMESTER 3\image processing\idea 2\outputs\generalization_upgrade\02_external_bias_audit\normalized_external\real\98\6808898_1936-01-17_2012.jpg,0,98/6808898_1936-01-17_2012.jpg,real,external_normalized,deepfakeface_sd15/real/98/6808898_1936-01-17_2012.jpg,0.0958537831902504,0.4309690296649933,0,xception,external_test,source_video_disjoint_v1,highpass_0.1,ffpp_validation_checkpoint,03cb9bba05b67e1478fb86a731857ba65f55a3db09e023035c9bcd9d442d8efc
288,C:\Users\Rohith Syam\Documents\UTS SEMESTER 3\image processing\idea 2\outputs\generalization_upgrade\02_external_bias_audit\normalized_external\fake\00\12596800_1920-10-18_1955.jpg,1,00/12596800_1920-10-18_1955.jpg,StableDiffusion_v1_5,external_normalized,deepfakeface_sd15/fake/00/12596800_1920-10-18_1955.jpg,0.24054600298404694,0.4309690296649933,0,xception,external_test,source_video_disjoint_v1,highpass_0.1,ffpp_validation_checkpoint,03cb9bba05b67e1478fb86a731857ba65f55a3db09e023035c9bcd9d442d8efc
289,C:\Users\Rohith Syam\Documents\UTS SEMESTER 3\image processing\idea 2\outputs\generalization_upgrade\02_external_bias_audit\normalized_external\fake\00\15550600_1973-11-01_2000.jpg,1,00/15550600_1973-11-01_2000.jpg,StableDiffusion_v1_5,external_normalized,deepfakeface_sd15/fake/00/15550600_1973-11-01_2000.jpg,0.021812260150909424,0.4309690296649933,0,xception,external_test,source_video_disjoint_v1,highpass_0.1,ffpp_validation_checkpoint,03cb9bba05b67e1478fb86a731857ba65f55a3db09e023035c9bcd9d442d8efc
290,C:\Users\Rohith Syam\Documents\UTS SEMESTER 3\image processing\idea 2\outputs\generalization_upgrade\02_external_bias_audit\normalized_external\fake\00\18407100_1917-10-18_1958.jpg,1,00/18407100_1917-10-18_1958.jpg,StableDiffusion_v1_5,external_normalized,deepfakeface_sd15/fake/00/18407100_1917-10-18_1958.jpg,0.008771074935793877,0.4309690296649933,0,xception,external_test,source_video_disjoint_v1,highpass_0.1,ffpp_validation_checkpoint,03cb9bba05b67e1478fb86a731857ba65f55a3db09e023035c9bcd9d442d8efc
291,C:\Users\Rohith Syam\Documents\UTS SEMESTER 3\image processing\idea 2\outputs\generalization_upgrade\02_external_bias_audit\normalized_external\fake\00\23804200_1950-03-31_2013.jpg,1,00/23804200_1950-03-31_2013.jpg,StableDiffusion_v1_5,external_normalized,deepfakeface_sd15/fake/00/23804200_1950-03-31_2013.jpg,0.5386121273040771,0.4309690296649933,1,xception,external_test,source_video_disjoint_v1,highpass_0.1,ffpp_validation_checkpoint,03cb9bba05b67e1478fb86a731857ba65f55a3db09e023035c9bcd9d442d8efc
292,C:\Users\Rohith Syam\Documents\UTS SEMESTER 3\image processing\idea 2\outputs\generalization_upgrade\02_external_bias_audit\normalized_external\fake\00\2540500_1970-10-10_2008.jpg,1,00/2540500_1970-10-10_2008.jpg,StableDiffusion_v1_5,external_normalized,deepfakeface_sd15/fake/00/2540500_1970-10-10_2008.jpg,0.06323132663965225,0.4309690296649933,0,xception,external_test,source_video_disjoint_v1,highpass_0.1,ffpp_validation_checkpoint,03cb9bba05b67e1478fb86a731857ba65f55a3db09e023035c9bcd9d442d8efc
293,C:\Users\Rohith Syam\Documents\UTS SEMESTER 3\image processing\idea 2\outputs\generalization_upgrade\02_external_bias_audit\normalized_external\fake\00\2669900_1933-07-29_1968.jpg,1,00/2669900_1933-07-29_1968.jpg,StableDiffusion_v1_5,external_normalized,deepfakeface_sd15/fake/00/2669900_1933-07-29_1968.jpg,0.34174928069114685,0.4309690296649933,0,xception,external_test,source_video_disjoint_v1,highpass_0.1,ffpp_validation_checkpoint,03cb9bba05b67e1478fb86a731857ba65f55a3db09e023035c9bcd9d442d8efc
294,C:\Users\Rohith Syam\Documents\UTS SEMESTER 3\image processing\idea 2\outputs\generalization_upgrade\02_external_bias_audit\normalized_external\fake\00\26771200_1988-08-13_2009.jpg,1,00/26771200_1988-08-13_2009.jpg,StableDiffusion_v1_5,external_normalized,deepfakeface_sd15/fake/00/26771200_1988-08-13_2009.jpg,0.0967029258608818,0.4309690296649933,0,xception,external_test,source_video_disjoint_v1,highpass_0.1,ffpp_validation_checkpoint,03cb9bba05b67e1478fb86a731857ba65f55a3db09e023035c9bcd9d442d8efc
295,C:\Users\Rohith Syam\Documents\UTS SEMESTER 3\image processing\idea 2\outputs\generalization_upgrade\02_external_bias_audit\normalized_external\fake\00\2690900_1963-03-12_2010.jpg,1,00/2690900_1963-03-12_2010.jpg,StableDiffusion_v1_5,external_normalized,deepfakeface_sd15/fake/00/2690900_1963-03-12_2010.jpg,0.15379199385643005,0.4309690296649933,0,xception,external_test,source_video_disjoint_v1,highpass_0.1,ffpp_validation_checkpoint,03cb9bba05b67e1478fb86a731857ba65f55a3db09e023035c9bcd9d442d8efc
296,C:\Users\Rohith Syam\Documents\UTS SEMESTER 3\image processing\idea 2\outputs\generalization_upgrade\02_external_bias_audit\normalized_external\fake\00\28476500_1938-06-12_1959.jpg,1,00/28476500_1938-06-12_1959.jpg,StableDiffusion_v1_5,external_normalized,deepfakeface_sd15/fake/00/28476500_1938-06-12_1959.jpg,0.016447482630610466,0.4309690296649933,0,xception,external_test,source_video_disjoint_v1,highpass_0.1,ffpp_validation_checkpoint,03cb9bba05b67e1478fb86a731857ba65f55a3db09e023035c9bcd9d442d8efc
297,C:\Users\Rohith Syam\Documents\UTS SEMESTER 3\image processing\idea 2\outputs\generalization_upgrade\02_external_bias_audit\normalized_external\fake\00\28886000_1928-01-17_2009.jpg,1,00/28886000_1928-01-17_2009.jpg,StableDiffusion_v1_5,external_normalized,deepfakeface_sd15/fake/00/28886000_1928-01-17_2009.jpg,0.35151025652885437,0.4309690296649933,0,xception,external_test,source_video_disjoint_v1,highpass_0.1,ffpp_validation_checkpoint,03cb9bba05b67e1478fb86a731857ba65f55a3db09e023035c9bcd9d442d8efc
298,C:\Users\Rohith Syam\Documents\UTS SEMESTER 3\image processing\idea 2\outputs\generalization_upgrade\02_external_bias_audit\normalized_external\fake\00\3293900_1973-09-23_2004.jpg,1,00/3293900_1973-09-23_2004.jpg,StableDiffusion_v1_5,external_normalized,deepfakeface_sd15/fake/00/3293900_1973-09-23_2004.jpg,0.001432458870112896,0.4309690296649933,0,xception,external_test,source_video_disjoint_v1,highpass_0.1,ffpp_validation_checkpoint,03cb9bba05b67e1478fb86a731857ba65f55a3db09e023035c9bcd9d442d8efc
299,C:\Users\Rohith Syam\Documents\UTS SEMESTER 3\image processing\idea 2\outputs\generalization_upgrade\02_external_bias_audit\normalized_external\fake\00\34199700_1921-05-23_1946.jpg,1,00/34199700_1921-05-23_1946.jpg,StableDiffusion_v1_5,external_normalized,deepfakeface_sd15/fake/00/34199700_1921-05-23_1946.jpg,0.12604495882987976,0.4309690296649933,0,xception,external_test,source_video_disjoint_v1,highpass_0.1,ffpp_validation_checkpoint,03cb9bba05b67e1478fb86a731857ba65f55a3db09e023035c9bcd9d442d8efc
300,C:\Users\Rohith Syam\Documents\UTS SEMESTER 3\image processing\idea 2\outputs\generalization_upgrade\02_external_bias_audit\normalized_external\fake\00\34316600_1994-11-15_2013.jpg,1,00/34316600_1994-11-15_2013.jpg,StableDiffusion_v1_5,external_normalized,deepfakeface_sd15/fake/00/34316600_1994-11-15_2013.jpg,0.06314423680305481,0.4309690296649933,0,xception,external_test,source_video_disjoint_v1,highpass_0.1,ffpp_validation_checkpoint,03cb9bba05b67e1478fb86a731857ba65f55a3db09e023035c9bcd9d442d8efc
301,C:\Users\Rohith Syam\Documents\UTS SEMESTER 3\image processing\idea 2\outputs\generalization_upgrade\02_external_bias_audit\normalized_external\fake\00\35360200_1996-11-01_2012.jpg,1,00/35360200_1996-11-01_2012.jpg,StableDiffusion_v1_5,external_normalized,deepfakeface_sd15/fake/00/35360200_1996-11-01_2012.jpg,0.8029977679252625,0.4309690296649933,1,xception,external_test,source_video_disjoint_v1,highpass_0.1,ffpp_validation_checkpoint,03cb9bba05b67e1478fb86a731857ba65f55a3db09e023035c9bcd9d442d8efc
302,C:\Users\Rohith Syam\Documents\UTS SEMESTER 3\image processing\idea 2\outputs\generalization_upgrade\02_external_bias_audit\normalized_external\fake\00\36606300_1984-08-03_2014.jpg,1,00/36606300_1984-08-03_2014.jpg,StableDiffusion_v1_5,external_normalized,deepfakeface_sd15/fake/00/36606300_1984-08-03_2014.jpg,0.36526042222976685,0.4309690296649933,0,xception,external_test,source_video_disjoint_v1,highpass_0.1,ffpp_validation_checkpoint,03cb9bba05b67e1478fb86a731857ba65f55a3db09e023035c9bcd9d442d8efc
303,C:\Users\Rohith Syam\Documents\UTS SEMESTER 3\image processing\idea 2\outputs\generalization_upgrade\02_external_bias_audit\normalized_external\fake\00\38882500_1940-10-04_1977.jpg,1,00/38882500_1940-10-04_1977.jpg,StableDiffusion_v1_5,external_normalized,deepfakeface_sd15/fake/00/38882500_1940-10-04_1977.jpg,0.0029592064674943686,0.4309690296649933,0,xception,external_test,source_video_disjoint_v1,highpass_0.1,ffpp_validation_checkpoint,03cb9bba05b67e1478fb86a731857ba65f55a3db09e023035c9bcd9d442d8efc
304,C:\Users\Rohith Syam\Documents\UTS SEMESTER 3\image processing\idea 2\outputs\generalization_upgrade\02_external_bias_audit\normalized_external\fake\00\3982800_1988-01-29_2012.jpg,1,00/3982800_1988-01-29_2012.jpg,StableDiffusion_v1_5,external_normalized,deepfakeface_sd15/fake/00/3982800_1988-01-29_2012.jpg,0.00534240435808897,0.4309690296649933,0,xception,external_test,source_video_disjoint_v1,highpass_0.1,ffpp_validation_checkpoint,03cb9bba05b67e1478fb86a731857ba65f55a3db09e023035c9bcd9d442d8efc
305,C:\Users\Rohith Syam\Documents\UTS SEMESTER 3\image processing\idea 2\outputs\generalization_upgrade\02_external_bias_audit\normalized_external\fake\00\41835500_1992-05-12_2014.jpg,1,00/41835500_1992-05-12_2014.jpg,StableDiffusion_v1_5,external_normalized,deepfakeface_sd15/fake/00/41835500_1992-05-12_2014.jpg,0.2500777542591095,0.4309690296649933,0,xception,external_test,source_video_disjoint_v1,highpass_0.1,ffpp_validation_checkpoint,03cb9bba05b67e1478fb86a731857ba65f55a3db09e023035c9bcd9d442d8efc
306,C:\Users\Rohith Syam\Documents\UTS SEMESTER 3\image processing\idea 2\outputs\generalization_upgrade\02_external_bias_audit\normalized_external\fake\00\4236500_1977-10-18_2005.jpg,1,00/4236500_1977-10-18_2005.jpg,StableDiffusion_v1_5,external_normalized,deepfakeface_sd15/fake/00/4236500_1977-10-18_2005.jpg,0.08827704191207886,0.4309690296649933,0,xception,external_test,source_video_disjoint_v1,highpass_0.1,ffpp_validation_checkpoint,03cb9bba05b67e1478fb86a731857ba65f55a3db09e023035c9bcd9d442d8efc
307,C:\Users\Rohith Syam\Documents\UTS SEMESTER 3\image processing\idea 2\outputs\generalization_upgrade\02_external_bias_audit\normalized_external\fake\00\46667800_1978-03-16_2014.jpg,1,00/46667800_1978-03-16_2014.jpg,StableDiffusion_v1_5,external_normalized,deepfakeface_sd15/fake/00/46667800_1978-03-16_2014.jpg,0.007695188280194998,0.4309690296649933,0,xception,external_test,source_video_disjoint_v1,highpass_0.1,ffpp_validation_checkpoint,03cb9bba05b67e1478fb86a731857ba65f55a3db09e023035c9bcd9d442d8efc
308,C:\Users\Rohith Syam\Documents\UTS SEMESTER 3\image processing\idea 2\outputs\generalization_upgrade\02_external_bias_audit\normalized_external\fake\00\5616200_1968-09-06_2006.jpg,1,00/5616200_1968-09-06_2006.jpg,StableDiffusion_v1_5,external_normalized,deepfakeface_sd15/fake/00/5616200_1968-09-06_2006.jpg,0.837614119052887,0.4309690296649933,1,xception,external_test,source_video_disjoint_v1,highpass_0.1,ffpp_validation_checkpoint,03cb9bba05b67e1478fb86a731857ba65f55a3db09e023035c9bcd9d442d8efc
309,C:\Users\Rohith Syam\Documents\UTS SEMESTER 3\image processing\idea 2\outputs\generalization_upgrade\02_external_bias_audit\normalized_external\fake\00\5751800_1950-09-09_2010.jpg,1,00/5751800_1950-09-09_2010.jpg,StableDiffusion_v1_5,external_normalized,deepfakeface_sd15/fake/00/5751800_1950-09-09_2010.jpg,0.0006986044463701546,0.4309690296649933,0,xception,external_test,source_video_disjoint_v1,highpass_0.1,ffpp_validation_checkpoint,03cb9bba05b67e1478fb86a731857ba65f55a3db09e023035c9bcd9d442d8efc
310,C:\Users\Rohith Syam\Documents\UTS SEMESTER 3\image processing\idea 2\outputs\generalization_upgrade\02_external_bias_audit\normalized_external\fake\00\67000_1947-05-13_2007.jpg,1,00/67000_1947-05-13_2007.jpg,StableDiffusion_v1_5,external_normalized,deepfakeface_sd15/fake/00/67000_1947-05-13_2007.jpg,0.06642710417509079,0.4309690296649933,0,xception,external_test,source_video_disjoint_v1,highpass_0.1,ffpp_validation_checkpoint,03cb9bba05b67e1478fb86a731857ba65f55a3db09e023035c9bcd9d442d8efc
311,C:\Users\Rohith Syam\Documents\UTS SEMESTER 3\image processing\idea 2\outputs\generalization_upgrade\02_external_bias_audit\normalized_external\fake\00\7567200_1932-07-31_1966.jpg,1,00/7567200_1932-07-31_1966.jpg,StableDiffusion_v1_5,external_normalized,deepfakeface_sd15/fake/00/7567200_1932-07-31_1966.jpg,0.07805715501308441,0.4309690296649933,0,xception,external_test,source_video_disjoint_v1,highpass_0.1,ffpp_validation_checkpoint,03cb9bba05b67e1478fb86a731857ba65f55a3db09e023035c9bcd9d442d8efc
312,C:\Users\Rohith Syam\Documents\UTS SEMESTER 3\image processing\idea 2\outputs\generalization_upgrade\02_external_bias_audit\normalized_external\fake\00\8222200_1941-05-15_1964.jpg,1,00/8222200_1941-05-15_1964.jpg,StableDiffusion_v1_5,external_normalized,deepfakeface_sd15/fake/00/8222200_1941-05-15_1964.jpg,0.06027620658278465,0.4309690296649933,0,xception,external_test,source_video_disjoint_v1,highpass_0.1,ffpp_validation_checkpoint,03cb9bba05b67e1478fb86a731857ba65f55a3db09e023035c9bcd9d442d8efc
313,C:\Users\Rohith Syam\Documents\UTS SEMESTER 3\image processing\idea 2\outputs\generalization_upgrade\02_external_bias_audit\normalized_external\fake\00\836500_1977-03-04_2007.jpg,1,00/836500_1977-03-04_2007.jpg,StableDiffusion_v1_5,external_normalized,deepfakeface_sd15/fake/00/836500_1977-03-04_2007.jpg,0.12569807469844818,0.4309690296649933,0,xception,external_test,source_video_disjoint_v1,highpass_0.1,ffpp_validation_checkpoint,03cb9bba05b67e1478fb86a731857ba65f55a3db09e023035c9bcd9d442d8efc
314,C:\Users\Rohith Syam\Documents\UTS SEMESTER 3\image processing\idea 2\outputs\generalization_upgrade\02_external_bias_audit\normalized_external\fake\00\9210500_1912-02-06_1942.jpg,1,00/9210500_1912-02-06_1942.jpg,StableDiffusion_v1_5,external_normalized,deepfakeface_sd15/fake/00/9210500_1912-02-06_1942.jpg,0.041689660400152206,0.4309690296649933,0,xception,external_test,source_video_disjoint_v1,highpass_0.1,ffpp_validation_checkpoint,03cb9bba05b67e1478fb86a731857ba65f55a3db09e023035c9bcd9d442d8efc
315,C:\Users\Rohith Syam\Documents\UTS SEMESTER 3\image processing\idea 2\outputs\generalization_upgrade\02_external_bias_audit\normalized_external\fake\00\944600_1968-02-05_2006.jpg,1,00/944600_1968-02-05_2006.jpg,StableDiffusion_v1_5,external_normalized,deepfakeface_sd15/fake/00/944600_1968-02-05_2006.jpg,0.27444708347320557,0.4309690296649933,0,xception,external_test,source_video_disjoint_v1,highpass_0.1,ffpp_validation_checkpoint,03cb9bba05b67e1478fb86a731857ba65f55a3db09e023035c9bcd9d442d8efc
316,C:\Users\Rohith Syam\Documents\UTS SEMESTER 3\image processing\idea 2\outputs\generalization_upgrade\02_external_bias_audit\normalized_external\fake\00\9801700_1969-10-11_2012.jpg,1,00/9801700_1969-10-11_2012.jpg,StableDiffusion_v1_5,external_normalized,deepfakeface_sd15/fake/00/9801700_1969-10-11_2012.jpg,0.03800368309020996,0.4309690296649933,0,xception,external_test,source_video_disjoint_v1,highpass_0.1,ffpp_validation_checkpoint,03cb9bba05b67e1478fb86a731857ba65f55a3db09e023035c9bcd9d442d8efc
317,C:\Users\Rohith Syam\Documents\UTS SEMESTER 3\image processing\idea 2\outputs\generalization_upgrade\02_external_bias_audit\normalized_external\fake\02\4539602_1977-04-26_2010.jpg,1,02/4539602_1977-04-26_2010.jpg,StableDiffusion_v1_5,external_normalized,deepfakeface_sd15/fake/02/4539602_1977-04-26_2010.jpg,0.020497173070907593,0.4309690296649933,0,xception,external_test,source_video_disjoint_v1,highpass_0.1,ffpp_validation_checkpoint,03cb9bba05b67e1478fb86a731857ba65f55a3db09e023035c9bcd9d442d8efc
318,C:\Users\Rohith Syam\Documents\UTS SEMESTER 3\image processing\idea 2\outputs\generalization_upgrade\02_external_bias_audit\normalized_external\fake\03\10970703_1984-05-21_2011.jpg,1,03/10970703_1984-05-21_2011.jpg,StableDiffusion_v1_5,external_normalized,deepfakeface_sd15/fake/03/10970703_1984-05-21_2011.jpg,0.002063608495518565,0.4309690296649933,0,xception,external_test,source_video_disjoint_v1,highpass_0.1,ffpp_validation_checkpoint,03cb9bba05b67e1478fb86a731857ba65f55a3db09e023035c9bcd9d442d8efc
319,C:\Users\Rohith Syam\Documents\UTS SEMESTER 3\image processing\idea 2\outputs\generalization_upgrade\02_external_bias_audit\normalized_external\fake\03\1142203_1949-03-03_2008.jpg,1,03/1142203_1949-03-03_2008.jpg,StableDiffusion_v1_5,external_normalized,deepfakeface_sd15/fake/03/1142203_1949-03-03_2008.jpg,0.014762787148356438,0.4309690296649933,0,xception,external_test,source_video_disjoint_v1,highpass_0.1,ffpp_validation_checkpoint,03cb9bba05b67e1478fb86a731857ba65f55a3db09e023035c9bcd9d442d8efc
320,C:\Users\Rohith Syam\Documents\UTS SEMESTER 3\image processing\idea 2\outputs\generalization_upgrade\02_external_bias_audit\normalized_external\fake\03\13181303_1944-01-11_1971.jpg,1,03/13181303_1944-01-11_1971.jpg,StableDiffusion_v1_5,external_normalized,deepfakeface_sd15/fake/03/13181303_1944-01-11_1971.jpg,0.031393591314554214,0.4309690296649933,0,xception,external_test,source_video_disjoint_v1,highpass_0.1,ffpp_validation_checkpoint,03cb9bba05b67e1478fb86a731857ba65f55a3db09e023035c9bcd9d442d8efc
321,C:\Users\Rohith Syam\Documents\UTS SEMESTER 3\image processing\idea 2\outputs\generalization_upgrade\02_external_bias_audit\normalized_external\fake\03\14926103_1928-01-13_1958.jpg,1,03/14926103_1928-01-13_1958.jpg,StableDiffusion_v1_5,external_normalized,deepfakeface_sd15/fake/03/14926103_1928-01-13_1958.jpg,0.004190800245851278,0.4309690296649933,0,xception,external_test,source_video_disjoint_v1,highpass_0.1,ffpp_validation_checkpoint,03cb9bba05b67e1478fb86a731857ba65f55a3db09e023035c9bcd9d442d8efc
322,C:\Users\Rohith Syam\Documents\UTS SEMESTER 3\image processing\idea 2\outputs\generalization_upgrade\02_external_bias_audit\normalized_external\fake\03\16103_1907-05-26_1965.jpg,1,03/16103_1907-05-26_1965.jpg,StableDiffusion_v1_5,external_normalized,deepfakeface_sd15/fake/03/16103_1907-05-26_1965.jpg,0.3304555416107178,0.4309690296649933,0,xception,external_test,source_video_disjoint_v1,highpass_0.1,ffpp_validation_checkpoint,03cb9bba05b67e1478fb86a731857ba65f55a3db09e023035c9bcd9d442d8efc
323,C:\Users\Rohith Syam\Documents\UTS SEMESTER 3\image processing\idea 2\outputs\generalization_upgrade\02_external_bias_audit\normalized_external\fake\03\18388503_1942-09-14_2007.jpg,1,03/18388503_1942-09-14_2007.jpg,StableDiffusion_v1_5,external_normalized,deepfakeface_sd15/fake/03/18388503_1942-09-14_2007.jpg,0.031351592391729355,0.4309690296649933,0,xception,external_test,source_video_disjoint_v1,highpass_0.1,ffpp_validation_checkpoint,03cb9bba05b67e1478fb86a731857ba65f55a3db09e023035c9bcd9d442d8efc
324,C:\Users\Rohith Syam\Documents\UTS SEMESTER 3\image processing\idea 2\outputs\generalization_upgrade\02_external_bias_audit\normalized_external\fake\03\19966503_1974-03-04_2011.jpg,1,03/19966503_1974-03-04_2011.jpg,StableDiffusion_v1_5,external_normalized,deepfakeface_sd15/fake/03/19966503_1974-03-04_2011.jpg,0.1715434193611145,0.4309690296649933,0,xception,external_test,source_video_disjoint_v1,highpass_0.1,ffpp_validation_checkpoint,03cb9bba05b67e1478fb86a731857ba65f55a3db09e023035c9bcd9d442d8efc
325,C:\Users\Rohith Syam\Documents\UTS SEMESTER 3\image processing\idea 2\outputs\generalization_upgrade\02_external_bias_audit\normalized_external\fake\03\21296103_1982-04-25_2011.jpg,1,03/21296103_1982-04-25_2011.jpg,StableDiffusion_v1_5,external_normalized,deepfakeface_sd15/fake/03/21296103_1982-04-25_2011.jpg,0.6842929124832153,0.4309690296649933,1,xception,external_test,source_video_disjoint_v1,highpass_0.1,ffpp_validation_checkpoint,03cb9bba05b67e1478fb86a731857ba65f55a3db09e023035c9bcd9d442d8efc
326,C:\Users\Rohith Syam\Documents\UTS SEMESTER 3\image processing\idea 2\outputs\generalization_upgrade\02_external_bias_audit\normalized_external\fake\03\2220103_1954-05-18_2009.jpg,1,03/2220103_1954-05-18_2009.jpg,StableDiffusion_v1_5,external_normalized,deepfakeface_sd15/fake/03/2220103_1954-05-18_2009.jpg,0.10720376670360565,0.4309690296649933,0,xception,external_test,source_video_disjoint_v1,highpass_0.1,ffpp_validation_checkpoint,03cb9bba05b67e1478fb86a731857ba65f55a3db09e023035c9bcd9d442d8efc
327,C:\Users\Rohith Syam\Documents\UTS SEMESTER 3\image processing\idea 2\outputs\generalization_upgrade\02_external_bias_audit\normalized_external\fake\03\225903_1935-04-21_2007.jpg,1,03/225903_1935-04-21_2007.jpg,StableDiffusion_v1_5,external_normalized,deepfakeface_sd15/fake/03/225903_1935-04-21_2007.jpg,0.5978429913520813,0.4309690296649933,1,xception,external_test,source_video_disjoint_v1,highpass_0.1,ffpp_validation_checkpoint,03cb9bba05b67e1478fb86a731857ba65f55a3db09e023035c9bcd9d442d8efc
328,C:\Users\Rohith Syam\Documents\UTS SEMESTER 3\image processing\idea 2\outputs\generalization_upgrade\02_external_bias_audit\normalized_external\fake\03\2395003_1940-06-21_1977.jpg,1,03/2395003_1940-06-21_1977.jpg,StableDiffusion_v1_5,external_normalized,deepfakeface_sd15/fake/03/2395003_1940-06-21_1977.jpg,0.031767360866069794,0.4309690296649933,0,xception,external_test,source_video_disjoint_v1,highpass_0.1,ffpp_validation_checkpoint,03cb9bba05b67e1478fb86a731857ba65f55a3db09e023035c9bcd9d442d8efc
329,C:\Users\Rohith Syam\Documents\UTS SEMESTER 3\image processing\idea 2\outputs\generalization_upgrade\02_external_bias_audit\normalized_external\fake\03\2420403_1964-03-18_2007.jpg,1,03/2420403_1964-03-18_2007.jpg,StableDiffusion_v1_5,external_normalized,deepfakeface_sd15/fake/03/2420403_1964-03-18_2007.jpg,0.03221605718135834,0.4309690296649933,0,xception,external_test,source_video_disjoint_v1,highpass_0.1,ffpp_validation_checkpoint,03cb9bba05b67e1478fb86a731857ba65f55a3db09e023035c9bcd9d442d8efc
330,C:\Users\Rohith Syam\Documents\UTS SEMESTER 3\image processing\idea 2\outputs\generalization_upgrade\02_external_bias_audit\normalized_external\fake\03\2740303_1974-11-03_1999.jpg,1,03/2740303_1974-11-03_1999.jpg,StableDiffusion_v1_5,external_normalized,deepfakeface_sd15/fake/03/2740303_1974-11-03_1999.jpg,0.012764222919940948,0.4309690296649933,0,xception,external_test,source_video_disjoint_v1,highpass_0.1,ffpp_validation_checkpoint,03cb9bba05b67e1478fb86a731857ba65f55a3db09e023035c9bcd9d442d8efc
331,C:\Users\Rohith Syam\Documents\UTS SEMESTER 3\image processing\idea 2\outputs\generalization_upgrade\02_external_bias_audit\normalized_external\fake\03\2779203_1965-10-01_2008.jpg,1,03/2779203_1965-10-01_2008.jpg,StableDiffusion_v1_5,external_normalized,deepfakeface_sd15/fake/03/2779203_1965-10-01_2008.jpg,0.024800144135951996,0.4309690296649933,0,xception,external_test,source_video_disjoint_v1,highpass_0.1,ffpp_validation_checkpoint,03cb9bba05b67e1478fb86a731857ba65f55a3db09e023035c9bcd9d442d8efc
332,C:\Users\Rohith Syam\Documents\UTS SEMESTER 3\image processing\idea 2\outputs\generalization_upgrade\02_external_bias_audit\normalized_external\fake\03\317803_1920-03-03_2011.jpg,1,03/317803_1920-03-03_2011.jpg,StableDiffusion_v1_5,external_normalized,deepfakeface_sd15/fake/03/317803_1920-03-03_2011.jpg,0.008537300862371922,0.4309690296649933,0,xception,external_test,source_video_disjoint_v1,highpass_0.1,ffpp_validation_checkpoint,03cb9bba05b67e1478fb86a731857ba65f55a3db09e023035c9bcd9d442d8efc
333,C:\Users\Rohith Syam\Documents\UTS SEMESTER 3\image processing\idea 2\outputs\generalization_upgrade\02_external_bias_audit\normalized_external\fake\03\32442803_1991-09-14_2012.jpg,1,03/32442803_1991-09-14_2012.jpg,StableDiffusion_v1_5,external_normalized,deepfakeface_sd15/fake/03/32442803_1991-09-14_2012.jpg,0.8198856711387634,0.4309690296649933,1,xception,external_test,source_video_disjoint_v1,highpass_0.1,ffpp_validation_checkpoint,03cb9bba05b67e1478fb86a731857ba65f55a3db09e023035c9bcd9d442d8efc
334,C:\Users\Rohith Syam\Documents\UTS SEMESTER 3\image processing\idea 2\outputs\generalization_upgrade\02_external_bias_audit\normalized_external\fake\03\34807003_1990-05-29_2013.jpg,1,03/34807003_1990-05-29_2013.jpg,StableDiffusion_v1_5,external_normalized,deepfakeface_sd15/fake/03/34807003_1990-05-29_2013.jpg,0.021410834044218063,0.4309690296649933,0,xception,external_test,source_video_disjoint_v1,highpass_0.1,ffpp_validation_checkpoint,03cb9bba05b67e1478fb86a731857ba65f55a3db09e023035c9bcd9d442d8efc
335,C:\Users\Rohith Syam\Documents\UTS SEMESTER 3\image processing\idea 2\outputs\generalization_upgrade\02_external_bias_audit\normalized_external\fake\03\37970303_1977-07-09_2013.jpg,1,03/37970303_1977-07-09_2013.jpg,StableDiffusion_v1_5,external_normalized,deepfakeface_sd15/fake/03/37970303_1977-07-09_2013.jpg,0.13730621337890625,0.4309690296649933,0,xception,external_test,source_video_disjoint_v1,highpass_0.1,ffpp_validation_checkpoint,03cb9bba05b67e1478fb86a731857ba65f55a3db09e023035c9bcd9d442d8efc
336,C:\Users\Rohith Syam\Documents\UTS SEMESTER 3\image processing\idea 2\outputs\generalization_upgrade\02_external_bias_audit\normalized_external\fake\03\39605003_1966-06-21_2012.jpg,1,03/39605003_1966-06-21_2012.jpg,StableDiffusion_v1_5,external_normalized,deepfakeface_sd15/fake/03/39605003_1966-06-21_2012.jpg,0.32377704977989197,0.4309690296649933,0,xception,external_test,source_video_disjoint_v1,highpass_0.1,ffpp_validation_checkpoint,03cb9bba05b67e1478fb86a731857ba65f55a3db09e023035c9bcd9d442d8efc
337,C:\Users\Rohith Syam\Documents\UTS SEMESTER 3\image processing\idea 2\outputs\generalization_upgrade\02_external_bias_audit\normalized_external\fake\03\39918103_1988-09-29_2012.jpg,1,03/39918103_1988-09-29_2012.jpg,StableDiffusion_v1_5,external_normalized,deepfakeface_sd15/fake/03/39918103_1988-09-29_2012.jpg,0.05421562120318413,0.4309690296649933,0,xception,external_test,source_video_disjoint_v1,highpass_0.1,ffpp_validation_checkpoint,03cb9bba05b67e1478fb86a731857ba65f55a3db09e023035c9bcd9d442d8efc
338,C:\Users\Rohith Syam\Documents\UTS SEMESTER 3\image processing\idea 2\outputs\generalization_upgrade\02_external_bias_audit\normalized_external\fake\03\4830003_1961-12-01_2010.jpg,1,03/4830003_1961-12-01_2010.jpg,StableDiffusion_v1_5,external_normalized,deepfakeface_sd15/fake/03/4830003_1961-12-01_2010.jpg,0.31422916054725647,0.4309690296649933,0,xception,external_test,source_video_disjoint_v1,highpass_0.1,ffpp_validation_checkpoint,03cb9bba05b67e1478fb86a731857ba65f55a3db09e023035c9bcd9d442d8efc
339,C:\Users\Rohith Syam\Documents\UTS SEMESTER 3\image processing\idea 2\outputs\generalization_upgrade\02_external_bias_audit\normalized_external\fake\03\555703_1913-07-13_1970.jpg,1,03/555703_1913-07-13_1970.jpg,StableDiffusion_v1_5,external_normalized,deepfakeface_sd15/fake/03/555703_1913-07-13_1970.jpg,0.37527066469192505,0.4309690296649933,0,xception,external_test,source_video_disjoint_v1,highpass_0.1,ffpp_validation_checkpoint,03cb9bba05b67e1478fb86a731857ba65f55a3db09e023035c9bcd9d442d8efc
340,C:\Users\Rohith Syam\Documents\UTS SEMESTER 3\image processing\idea 2\outputs\generalization_upgrade\02_external_bias_audit\normalized_external\fake\03\6104003_1985-07-06_2006.jpg,1,03/6104003_1985-07-06_2006.jpg,StableDiffusion_v1_5,external_normalized,deepfakeface_sd15/fake/03/6104003_1985-07-06_2006.jpg,0.012881161645054817,0.4309690296649933,0,xception,external_test,source_video_disjoint_v1,highpass_0.1,ffpp_validation_checkpoint,03cb9bba05b67e1478fb86a731857ba65f55a3db09e023035c9bcd9d442d8efc
341,C:\Users\Rohith Syam\Documents\UTS SEMESTER 3\image processing\idea 2\outputs\generalization_upgrade\02_external_bias_audit\normalized_external\fake\03\7100903_1961-03-15_2010.jpg,1,03/7100903_1961-03-15_2010.jpg,StableDiffusion_v1_5,external_normalized,deepfakeface_sd15/fake/03/7100903_1961-03-15_2010.jpg,0.8601214289665222,0.4309690296649933,1,xception,external_test,source_video_disjoint_v1,highpass_0.1,ffpp_validation_checkpoint,03cb9bba05b67e1478fb86a731857ba65f55a3db09e023035c9bcd9d442d8efc
342,C:\Users\Rohith Syam\Documents\UTS SEMESTER 3\image processing\idea 2\outputs\generalization_upgrade\02_external_bias_audit\normalized_external\fake\03\7655603_1956-03-09_2010.jpg,1,03/7655603_1956-03-09_2010.jpg,StableDiffusion_v1_5,external_normalized,deepfakeface_sd15/fake/03/7655603_1956-03-09_2010.jpg,0.05166490748524666,0.4309690296649933,0,xception,external_test,source_video_disjoint_v1,highpass_0.1,ffpp_validation_checkpoint,03cb9bba05b67e1478fb86a731857ba65f55a3db09e023035c9bcd9d442d8efc
343,C:\Users\Rohith Syam\Documents\UTS SEMESTER 3\image processing\idea 2\outputs\generalization_upgrade\02_external_bias_audit\normalized_external\fake\03\8902703_1978-09-20_2007.jpg,1,03/8902703_1978-09-20_2007.jpg,StableDiffusion_v1_5,external_normalized,deepfakeface_sd15/fake/03/8902703_1978-09-20_2007.jpg,0.009455992840230465,0.4309690296649933,0,xception,external_test,source_video_disjoint_v1,highpass_0.1,ffpp_validation_checkpoint,03cb9bba05b67e1478fb86a731857ba65f55a3db09e023035c9bcd9d442d8efc
344,C:\Users\Rohith Syam\Documents\UTS SEMESTER 3\image processing\idea 2\outputs\generalization_upgrade\02_external_bias_audit\normalized_external\fake\03\9000703_1982-07-16_2008.jpg,1,03/9000703_1982-07-16_2008.jpg,StableDiffusion_v1_5,external_normalized,deepfakeface_sd15/fake/03/9000703_1982-07-16_2008.jpg,0.003958521410822868,0.4309690296649933,0,xception,external_test,source_video_disjoint_v1,highpass_0.1,ffpp_validation_checkpoint,03cb9bba05b67e1478fb86a731857ba65f55a3db09e023035c9bcd9d442d8efc
345,C:\Users\Rohith Syam\Documents\UTS SEMESTER 3\image processing\idea 2\outputs\generalization_upgrade\02_external_bias_audit\normalized_external\fake\03\9729003_1988-05-18_2011.jpg,1,03/9729003_1988-05-18_2011.jpg,StableDiffusion_v1_5,external_normalized,deepfakeface_sd15/fake/03/9729003_1988-05-18_2011.jpg,0.05280209332704544,0.4309690296649933,0,xception,external_test,source_video_disjoint_v1,highpass_0.1,ffpp_validation_checkpoint,03cb9bba05b67e1478fb86a731857ba65f55a3db09e023035c9bcd9d442d8efc
346,C:\Users\Rohith Syam\Documents\UTS SEMESTER 3\image processing\idea 2\outputs\generalization_upgrade\02_external_bias_audit\normalized_external\fake\03\97803_1991-04-04_2007.jpg,1,03/97803_1991-04-04_2007.jpg,StableDiffusion_v1_5,external_normalized,deepfakeface_sd15/fake/03/97803_1991-04-04_2007.jpg,0.09520165622234344,0.4309690296649933,0,xception,external_test,source_video_disjoint_v1,highpass_0.1,ffpp_validation_checkpoint,03cb9bba05b67e1478fb86a731857ba65f55a3db09e023035c9bcd9d442d8efc
347,C:\Users\Rohith Syam\Documents\UTS SEMESTER 3\image processing\idea 2\outputs\generalization_upgrade\02_external_bias_audit\normalized_external\fake\12\1836812_1976-11-06_2013.jpg,1,12/1836812_1976-11-06_2013.jpg,StableDiffusion_v1_5,external_normalized,deepfakeface_sd15/fake/12/1836812_1976-11-06_2013.jpg,0.12136313319206238,0.4309690296649933,0,xception,external_test,source_video_disjoint_v1,highpass_0.1,ffpp_validation_checkpoint,03cb9bba05b67e1478fb86a731857ba65f55a3db09e023035c9bcd9d442d8efc
348,C:\Users\Rohith Syam\Documents\UTS SEMESTER 3\image processing\idea 2\outputs\generalization_upgrade\02_external_bias_audit\normalized_external\fake\14\12041214_1955-03-25_2012.jpg,1,14/12041214_1955-03-25_2012.jpg,StableDiffusion_v1_5,external_normalized,deepfakeface_sd15/fake/14/12041214_1955-03-25_2012.jpg,0.01835768111050129,0.4309690296649933,0,xception,external_test,source_video_disjoint_v1,highpass_0.1,ffpp_validation_checkpoint,03cb9bba05b67e1478fb86a731857ba65f55a3db09e023035c9bcd9d442d8efc
349,C:\Users\Rohith Syam\Documents\UTS SEMESTER 3\image processing\idea 2\outputs\generalization_upgrade\02_external_bias_audit\normalized_external\fake\14\12461914_1975-12-14_2007.jpg,1,14/12461914_1975-12-14_2007.jpg,StableDiffusion_v1_5,external_normalized,deepfakeface_sd15/fake/14/12461914_1975-12-14_2007.jpg,0.003887632628902793,0.4309690296649933,0,xception,external_test,source_video_disjoint_v1,highpass_0.1,ffpp_validation_checkpoint,03cb9bba05b67e1478fb86a731857ba65f55a3db09e023035c9bcd9d442d8efc
350,C:\Users\Rohith Syam\Documents\UTS SEMESTER 3\image processing\idea 2\outputs\generalization_upgrade\02_external_bias_audit\normalized_external\fake\14\14307714_1977-01-29_2013.jpg,1,14/14307714_1977-01-29_2013.jpg,StableDiffusion_v1_5,external_normalized,deepfakeface_sd15/fake/14/14307714_1977-01-29_2013.jpg,0.034941960126161575,0.4309690296649933,0,xception,external_test,source_video_disjoint_v1,highpass_0.1,ffpp_validation_checkpoint,03cb9bba05b67e1478fb86a731857ba65f55a3db09e023035c9bcd9d442d8efc
351,C:\Users\Rohith Syam\Documents\UTS SEMESTER 3\image processing\idea 2\outputs\generalization_upgrade\02_external_bias_audit\normalized_external\fake\14\170514_1963-03-06_1970.jpg,1,14/170514_1963-03-06_1970.jpg,StableDiffusion_v1_5,external_normalized,deepfakeface_sd15/fake/14/170514_1963-03-06_1970.jpg,0.11227694898843765,0.4309690296649933,0,xception,external_test,source_video_disjoint_v1,highpass_0.1,ffpp_validation_checkpoint,03cb9bba05b67e1478fb86a731857ba65f55a3db09e023035c9bcd9d442d8efc
352,C:\Users\Rohith Syam\Documents\UTS SEMESTER 3\image processing\idea 2\outputs\generalization_upgrade\02_external_bias_audit\normalized_external\fake\14\1830414_1971-07-01_2013.jpg,1,14/1830414_1971-07-01_2013.jpg,StableDiffusion_v1_5,external_normalized,deepfakeface_sd15/fake/14/1830414_1971-07-01_2013.jpg,0.05410408973693848,0.4309690296649933,0,xception,external_test,source_video_disjoint_v1,highpass_0.1,ffpp_validation_checkpoint,03cb9bba05b67e1478fb86a731857ba65f55a3db09e023035c9bcd9d442d8efc
353,C:\Users\Rohith Syam\Documents\UTS SEMESTER 3\image processing\idea 2\outputs\generalization_upgrade\02_external_bias_audit\normalized_external\fake\14\19894914_1989-10-19_2012.jpg,1,14/19894914_1989-10-19_2012.jpg,StableDiffusion_v1_5,external_normalized,deepfakeface_sd15/fake/14/19894914_1989-10-19_2012.jpg,0.2499690055847168,0.4309690296649933,0,xception,external_test,source_video_disjoint_v1,highpass_0.1,ffpp_validation_checkpoint,03cb9bba05b67e1478fb86a731857ba65f55a3db09e023035c9bcd9d442d8efc
354,C:\Users\Rohith Syam\Documents\UTS SEMESTER 3\image processing\idea 2\outputs\generalization_upgrade\02_external_bias_audit\normalized_external\fake\14\1995914_1928-11-21_1976.jpg,1,14/1995914_1928-11-21_1976.jpg,StableDiffusion_v1_5,external_normalized,deepfakeface_sd15/fake/14/1995914_1928-11-21_1976.jpg,0.007072191219776869,0.4309690296649933,0,xception,external_test,source_video_disjoint_v1,highpass_0.1,ffpp_validation_checkpoint,03cb9bba05b67e1478fb86a731857ba65f55a3db09e023035c9bcd9d442d8efc
355,C:\Users\Rohith Syam\Documents\UTS SEMESTER 3\image processing\idea 2\outputs\generalization_upgrade\02_external_bias_audit\normalized_external\fake\14\2009614_1964-05-13_2008.jpg,1,14/2009614_1964-05-13_2008.jpg,StableDiffusion_v1_5,external_normalized,deepfakeface_sd15/fake/14/2009614_1964-05-13_2008.jpg,0.13883832097053528,0.4309690296649933,0,xception,external_test,source_video_disjoint_v1,highpass_0.1,ffpp_validation_checkpoint,03cb9bba05b67e1478fb86a731857ba65f55a3db09e023035c9bcd9d442d8efc
356,C:\Users\Rohith Syam\Documents\UTS SEMESTER 3\image processing\idea 2\outputs\generalization_upgrade\02_external_bias_audit\normalized_external\fake\14\21538614_1990-11-01_2015.jpg,1,14/21538614_1990-11-01_2015.jpg,StableDiffusion_v1_5,external_normalized,deepfakeface_sd15/fake/14/21538614_1990-11-01_2015.jpg,0.8460828065872192,0.4309690296649933,1,xception,external_test,source_video_disjoint_v1,highpass_0.1,ffpp_validation_checkpoint,03cb9bba05b67e1478fb86a731857ba65f55a3db09e023035c9bcd9d442d8efc
357,C:\Users\Rohith Syam\Documents\UTS SEMESTER 3\image processing\idea 2\outputs\generalization_upgrade\02_external_bias_audit\normalized_external\fake\14\22037414_1987-06-05_2013.jpg,1,14/22037414_1987-06-05_2013.jpg,StableDiffusion_v1_5,external_normalized,deepfakeface_sd15/fake/14/22037414_1987-06-05_2013.jpg,0.0017445542616769671,0.4309690296649933,0,xception,external_test,source_video_disjoint_v1,highpass_0.1,ffpp_validation_checkpoint,03cb9bba05b67e1478fb86a731857ba65f55a3db09e023035c9bcd9d442d8efc
358,C:\Users\Rohith Syam\Documents\UTS SEMESTER 3\image processing\idea 2\outputs\generalization_upgrade\02_external_bias_audit\normalized_external\fake\14\23420614_1974-04-16_2008.jpg,1,14/23420614_1974-04-16_2008.jpg,StableDiffusion_v1_5,external_normalized,deepfakeface_sd15/fake/14/23420614_1974-04-16_2008.jpg,0.12387487292289734,0.4309690296649933,0,xception,external_test,source_video_disjoint_v1,highpass_0.1,ffpp_validation_checkpoint,03cb9bba05b67e1478fb86a731857ba65f55a3db09e023035c9bcd9d442d8efc
359,C:\Users\Rohith Syam\Documents\UTS SEMESTER 3\image processing\idea 2\outputs\generalization_upgrade\02_external_bias_audit\normalized_external\fake\14\27131114_1983-08-30_2011.jpg,1,14/27131114_1983-08-30_2011.jpg,StableDiffusion_v1_5,external_normalized,deepfakeface_sd15/fake/14/27131114_1983-08-30_2011.jpg,0.08663338422775269,0.4309690296649933,0,xception,external_test,source_video_disjoint_v1,highpass_0.1,ffpp_validation_checkpoint,03cb9bba05b67e1478fb86a731857ba65f55a3db09e023035c9bcd9d442d8efc
360,C:\Users\Rohith Syam\Documents\UTS SEMESTER 3\image processing\idea 2\outputs\generalization_upgrade\02_external_bias_audit\normalized_external\fake\14\28269114_1941-03-21_2011.jpg,1,14/28269114_1941-03-21_2011.jpg,StableDiffusion_v1_5,external_normalized,deepfakeface_sd15/fake/14/28269114_1941-03-21_2011.jpg,0.017517130821943283,0.4309690296649933,0,xception,external_test,source_video_disjoint_v1,highpass_0.1,ffpp_validation_checkpoint,03cb9bba05b67e1478fb86a731857ba65f55a3db09e023035c9bcd9d442d8efc
361,C:\Users\Rohith Syam\Documents\UTS SEMESTER 3\image processing\idea 2\outputs\generalization_upgrade\02_external_bias_audit\normalized_external\fake\14\28819114_1961-06-26_2009.jpg,1,14/28819114_1961-06-26_2009.jpg,StableDiffusion_v1_5,external_normalized,deepfakeface_sd15/fake/14/28819114_1961-06-26_2009.jpg,0.07498776912689209,0.4309690296649933,0,xception,external_test,source_video_disjoint_v1,highpass_0.1,ffpp_validation_checkpoint,03cb9bba05b67e1478fb86a731857ba65f55a3db09e023035c9bcd9d442d8efc
362,C:\Users\Rohith Syam\Documents\UTS SEMESTER 3\image processing\idea 2\outputs\generalization_upgrade\02_external_bias_audit\normalized_external\fake\14\33258714_1979-05-30_2011.jpg,1,14/33258714_1979-05-30_2011.jpg,StableDiffusion_v1_5,external_normalized,deepfakeface_sd15/fake/14/33258714_1979-05-30_2011.jpg,0.3275625705718994,0.4309690296649933,0,xception,external_test,source_video_disjoint_v1,highpass_0.1,ffpp_validation_checkpoint,03cb9bba05b67e1478fb86a731857ba65f55a3db09e023035c9bcd9d442d8efc
363,C:\Users\Rohith Syam\Documents\UTS SEMESTER 3\image processing\idea 2\outputs\generalization_upgrade\02_external_bias_audit\normalized_external\fake\14\35642014_1989-04-27_2012.jpg,1,14/35642014_1989-04-27_2012.jpg,StableDiffusion_v1_5,external_normalized,deepfakeface_sd15/fake/14/35642014_1989-04-27_2012.jpg,0.2212739735841751,0.4309690296649933,0,xception,external_test,source_video_disjoint_v1,highpass_0.1,ffpp_validation_checkpoint,03cb9bba05b67e1478fb86a731857ba65f55a3db09e023035c9bcd9d442d8efc
364,C:\Users\Rohith Syam\Documents\UTS SEMESTER 3\image processing\idea 2\outputs\generalization_upgrade\02_external_bias_audit\normalized_external\fake\14\36566914_1988-08-11_2014.jpg,1,14/36566914_1988-08-11_2014.jpg,StableDiffusion_v1_5,external_normalized,deepfakeface_sd15/fake/14/36566914_1988-08-11_2014.jpg,0.08384140580892563,0.4309690296649933,0,xception,external_test,source_video_disjoint_v1,highpass_0.1,ffpp_validation_checkpoint,03cb9bba05b67e1478fb86a731857ba65f55a3db09e023035c9bcd9d442d8efc
365,C:\Users\Rohith Syam\Documents\UTS SEMESTER 3\image processing\idea 2\outputs\generalization_upgrade\02_external_bias_audit\normalized_external\fake\14\36573714_1984-12-01_2012.jpg,1,14/36573714_1984-12-01_2012.jpg,StableDiffusion_v1_5,external_normalized,deepfakeface_sd15/fake/14/36573714_1984-12-01_2012.jpg,0.01597289927303791,0.4309690296649933,0,xception,external_test,source_video_disjoint_v1,highpass_0.1,ffpp_validation_checkpoint,03cb9bba05b67e1478fb86a731857ba65f55a3db09e023035c9bcd9d442d8efc
366,C:\Users\Rohith Syam\Documents\UTS SEMESTER 3\image processing\idea 2\outputs\generalization_upgrade\02_external_bias_audit\normalized_external\fake\14\3772814_1978-02-28_2008.jpg,1,14/3772814_1978-02-28_2008.jpg,StableDiffusion_v1_5,external_normalized,deepfakeface_sd15/fake/14/3772814_1978-02-28_2008.jpg,0.010327768512070179,0.4309690296649933,0,xception,external_test,source_video_disjoint_v1,highpass_0.1,ffpp_validation_checkpoint,03cb9bba05b67e1478fb86a731857ba65f55a3db09e023035c9bcd9d442d8efc
367,C:\Users\Rohith Syam\Documents\UTS SEMESTER 3\image processing\idea 2\outputs\generalization_upgrade\02_external_bias_audit\normalized_external\fake\14\41732014_1943-06-18_1969.jpg,1,14/41732014_1943-06-18_1969.jpg,StableDiffusion_v1_5,external_normalized,deepfakeface_sd15/fake/14/41732014_1943-06-18_1969.jpg,0.0034001439344137907,0.4309690296649933,0,xception,external_test,source_video_disjoint_v1,highpass_0.1,ffpp_validation_checkpoint,03cb9bba05b67e1478fb86a731857ba65f55a3db09e023035c9bcd9d442d8efc
368,C:\Users\Rohith Syam\Documents\UTS SEMESTER 3\image processing\idea 2\outputs\generalization_upgrade\02_external_bias_audit\normalized_external\fake\14\4295614_1924-09-15_1987.jpg,1,14/4295614_1924-09-15_1987.jpg,StableDiffusion_v1_5,external_normalized,deepfakeface_sd15/fake/14/4295614_1924-09-15_1987.jpg,0.10304100066423416,0.4309690296649933,0,xception,external_test,source_video_disjoint_v1,highpass_0.1,ffpp_validation_checkpoint,03cb9bba05b67e1478fb86a731857ba65f55a3db09e023035c9bcd9d442d8efc
369,C:\Users\Rohith Syam\Documents\UTS SEMESTER 3\image processing\idea 2\outputs\generalization_upgrade\02_external_bias_audit\normalized_external\fake\14\44096714_1964-06-29_2012.jpg,1,14/44096714_1964-06-29_2012.jpg,StableDiffusion_v1_5,external_normalized,deepfakeface_sd15/fake/14/44096714_1964-06-29_2012.jpg,0.14551331102848053,0.4309690296649933,0,xception,external_test,source_video_disjoint_v1,highpass_0.1,ffpp_validation_checkpoint,03cb9bba05b67e1478fb86a731857ba65f55a3db09e023035c9bcd9d442d8efc
370,C:\Users\Rohith Syam\Documents\UTS SEMESTER 3\image processing\idea 2\outputs\generalization_upgrade\02_external_bias_audit\normalized_external\fake\14\448514_1959-03-06_2007.jpg,1,14/448514_1959-03-06_2007.jpg,StableDiffusion_v1_5,external_normalized,deepfakeface_sd15/fake/14/448514_1959-03-06_2007.jpg,0.21552897989749908,0.4309690296649933,0,xception,external_test,source_video_disjoint_v1,highpass_0.1,ffpp_validation_checkpoint,03cb9bba05b67e1478fb86a731857ba65f55a3db09e023035c9bcd9d442d8efc
371,C:\Users\Rohith Syam\Documents\UTS SEMESTER 3\image processing\idea 2\outputs\generalization_upgrade\02_external_bias_audit\normalized_external\fake\14\585414_1951-03-17_2014.jpg,1,14/585414_1951-03-17_2014.jpg,StableDiffusion_v1_5,external_normalized,deepfakeface_sd15/fake/14/585414_1951-03-17_2014.jpg,0.05353710427880287,0.4309690296649933,0,xception,external_test,source_video_disjoint_v1,highpass_0.1,ffpp_validation_checkpoint,03cb9bba05b67e1478fb86a731857ba65f55a3db09e023035c9bcd9d442d8efc
372,C:\Users\Rohith Syam\Documents\UTS SEMESTER 3\image processing\idea 2\outputs\generalization_upgrade\02_external_bias_audit\normalized_external\fake\14\5923814_1958-08-28_1991.jpg,1,14/5923814_1958-08-28_1991.jpg,StableDiffusion_v1_5,external_normalized,deepfakeface_sd15/fake/14/5923814_1958-08-28_1991.jpg,0.394483745098114,0.4309690296649933,0,xception,external_test,source_video_disjoint_v1,highpass_0.1,ffpp_validation_checkpoint,03cb9bba05b67e1478fb86a731857ba65f55a3db09e023035c9bcd9d442d8efc
373,C:\Users\Rohith Syam\Documents\UTS SEMESTER 3\image processing\idea 2\outputs\generalization_upgrade\02_external_bias_audit\normalized_external\fake\14\5965014_1981-12-21_2013.jpg,1,14/5965014_1981-12-21_2013.jpg,StableDiffusion_v1_5,external_normalized,deepfakeface_sd15/fake/14/5965014_1981-12-21_2013.jpg,0.5490692853927612,0.4309690296649933,1,xception,external_test,source_video_disjoint_v1,highpass_0.1,ffpp_validation_checkpoint,03cb9bba05b67e1478fb86a731857ba65f55a3db09e023035c9bcd9d442d8efc
374,C:\Users\Rohith Syam\Documents\UTS SEMESTER 3\image processing\idea 2\outputs\generalization_upgrade\02_external_bias_audit\normalized_external\fake\14\852514_1980-01-18_2013.jpg,1,14/852514_1980-01-18_2013.jpg,StableDiffusion_v1_5,external_normalized,deepfakeface_sd15/fake/14/852514_1980-01-18_2013.jpg,0.01630851998925209,0.4309690296649933,0,xception,external_test,source_video_disjoint_v1,highpass_0.1,ffpp_validation_checkpoint,03cb9bba05b67e1478fb86a731857ba65f55a3db09e023035c9bcd9d442d8efc
375,C:\Users\Rohith Syam\Documents\UTS SEMESTER 3\image processing\idea 2\outputs\generalization_upgrade\02_external_bias_audit\normalized_external\fake\14\8543614_1983-09-25_2010.jpg,1,14/8543614_1983-09-25_2010.jpg,StableDiffusion_v1_5,external_normalized,deepfakeface_sd15/fake/14/8543614_1983-09-25_2010.jpg,0.525475800037384,0.4309690296649933,1,xception,external_test,source_video_disjoint_v1,highpass_0.1,ffpp_validation_checkpoint,03cb9bba05b67e1478fb86a731857ba65f55a3db09e023035c9bcd9d442d8efc
376,C:\Users\Rohith Syam\Documents\UTS SEMESTER 3\image processing\idea 2\outputs\generalization_upgrade\02_external_bias_audit\normalized_external\fake\14\9716514_1900-04-10_1946.jpg,1,14/9716514_1900-04-10_1946.jpg,StableDiffusion_v1_5,external_normalized,deepfakeface_sd15/fake/14/9716514_1900-04-10_1946.jpg,0.2444707751274109,0.4309690296649933,0,xception,external_test,source_video_disjoint_v1,highpass_0.1,ffpp_validation_checkpoint,03cb9bba05b67e1478fb86a731857ba65f55a3db09e023035c9bcd9d442d8efc
377,C:\Users\Rohith Syam\Documents\UTS SEMESTER 3\image processing\idea 2\outputs\generalization_upgrade\02_external_bias_audit\normalized_external\fake\21\10172021_1963-06-02_2006.jpg,1,21/10172021_1963-06-02_2006.jpg,StableDiffusion_v1_5,external_normalized,deepfakeface_sd15/fake/21/10172021_1963-06-02_2006.jpg,0.020403292030096054,0.4309690296649933,0,xception,external_test,source_video_disjoint_v1,highpass_0.1,ffpp_validation_checkpoint,03cb9bba05b67e1478fb86a731857ba65f55a3db09e023035c9bcd9d442d8efc
378,C:\Users\Rohith Syam\Documents\UTS SEMESTER 3\image processing\idea 2\outputs\generalization_upgrade\02_external_bias_audit\normalized_external\fake\21\1176621_1966-05-16_2010.jpg,1,21/1176621_1966-05-16_2010.jpg,StableDiffusion_v1_5,external_normalized,deepfakeface_sd15/fake/21/1176621_1966-05-16_2010.jpg,0.009775306098163128,0.4309690296649933,0,xception,external_test,source_video_disjoint_v1,highpass_0.1,ffpp_validation_checkpoint,03cb9bba05b67e1478fb86a731857ba65f55a3db09e023035c9bcd9d442d8efc
379,C:\Users\Rohith Syam\Documents\UTS SEMESTER 3\image processing\idea 2\outputs\generalization_upgrade\02_external_bias_audit\normalized_external\fake\21\12261121_1985-01-04_2014.jpg,1,21/12261121_1985-01-04_2014.jpg,StableDiffusion_v1_5,external_normalized,deepfakeface_sd15/fake/21/12261121_1985-01-04_2014.jpg,0.027204738929867744,0.4309690296649933,0,xception,external_test,source_video_disjoint_v1,highpass_0.1,ffpp_validation_checkpoint,03cb9bba05b67e1478fb86a731857ba65f55a3db09e023035c9bcd9d442d8efc
380,C:\Users\Rohith Syam\Documents\UTS SEMESTER 3\image processing\idea 2\outputs\generalization_upgrade\02_external_bias_audit\normalized_external\fake\21\15872621_1922-08-28_1952.jpg,1,21/15872621_1922-08-28_1952.jpg,StableDiffusion_v1_5,external_normalized,deepfakeface_sd15/fake/21/15872621_1922-08-28_1952.jpg,0.01820567436516285,0.4309690296649933,0,xception,external_test,source_video_disjoint_v1,highpass_0.1,ffpp_validation_checkpoint,03cb9bba05b67e1478fb86a731857ba65f55a3db09e023035c9bcd9d442d8efc
381,C:\Users\Rohith Syam\Documents\UTS SEMESTER 3\image processing\idea 2\outputs\generalization_upgrade\02_external_bias_audit\normalized_external\fake\21\15905321_1990-01-06_2009.jpg,1,21/15905321_1990-01-06_2009.jpg,StableDiffusion_v1_5,external_normalized,deepfakeface_sd15/fake/21/15905321_1990-01-06_2009.jpg,0.005478268954902887,0.4309690296649933,0,xception,external_test,source_video_disjoint_v1,highpass_0.1,ffpp_validation_checkpoint,03cb9bba05b67e1478fb86a731857ba65f55a3db09e023035c9bcd9d442d8efc
382,C:\Users\Rohith Syam\Documents\UTS SEMESTER 3\image processing\idea 2\outputs\generalization_upgrade\02_external_bias_audit\normalized_external\fake\21\16521_1938-12-29_2011.jpg,1,21/16521_1938-12-29_2011.jpg,StableDiffusion_v1_5,external_normalized,deepfakeface_sd15/fake/21/16521_1938-12-29_2011.jpg,0.019674327224493027,0.4309690296649933,0,xception,external_test,source_video_disjoint_v1,highpass_0.1,ffpp_validation_checkpoint,03cb9bba05b67e1478fb86a731857ba65f55a3db09e023035c9bcd9d442d8efc
383,C:\Users\Rohith Syam\Documents\UTS SEMESTER 3\image processing\idea 2\outputs\generalization_upgrade\02_external_bias_audit\normalized_external\fake\21\174821_1961-09-25_1993.jpg,1,21/174821_1961-09-25_1993.jpg,StableDiffusion_v1_5,external_normalized,deepfakeface_sd15/fake/21/174821_1961-09-25_1993.jpg,0.0031929700635373592,0.4309690296649933,0,xception,external_test,source_video_disjoint_v1,highpass_0.1,ffpp_validation_checkpoint,03cb9bba05b67e1478fb86a731857ba65f55a3db09e023035c9bcd9d442d8efc
384,C:\Users\Rohith Syam\Documents\UTS SEMESTER 3\image processing\idea 2\outputs\generalization_upgrade\02_external_bias_audit\normalized_external\fake\21\1825621_1945-09-08_2008.jpg,1,21/1825621_1945-09-08_2008.jpg,StableDiffusion_v1_5,external_normalized,deepfakeface_sd15/fake/21/1825621_1945-09-08_2008.jpg,0.02426101267337799,0.4309690296649933,0,xception,external_test,source_video_disjoint_v1,highpass_0.1,ffpp_validation_checkpoint,03cb9bba05b67e1478fb86a731857ba65f55a3db09e023035c9bcd9d442d8efc
385,C:\Users\Rohith Syam\Documents\UTS SEMESTER 3\image processing\idea 2\outputs\generalization_upgrade\02_external_bias_audit\normalized_external\fake\21\20599521_1967-08-09_2012.jpg,1,21/20599521_1967-08-09_2012.jpg,StableDiffusion_v1_5,external_normalized,deepfakeface_sd15/fake/21/20599521_1967-08-09_2012.jpg,0.006875141523778439,0.4309690296649933,0,xception,external_test,source_video_disjoint_v1,highpass_0.1,ffpp_validation_checkpoint,03cb9bba05b67e1478fb86a731857ba65f55a3db09e023035c9bcd9d442d8efc
386,C:\Users\Rohith Syam\Documents\UTS SEMESTER 3\image processing\idea 2\outputs\generalization_upgrade\02_external_bias_audit\normalized_external\fake\21\24644621_1964-12-15_2010.jpg,1,21/24644621_1964-12-15_2010.jpg,StableDiffusion_v1_5,external_normalized,deepfakeface_sd15/fake/21/24644621_1964-12-15_2010.jpg,0.6065263748168945,0.4309690296649933,1,xception,external_test,source_video_disjoint_v1,highpass_0.1,ffpp_validation_checkpoint,03cb9bba05b67e1478fb86a731857ba65f55a3db09e023035c9bcd9d442d8efc
387,C:\Users\Rohith Syam\Documents\UTS SEMESTER 3\image processing\idea 2\outputs\generalization_upgrade\02_external_bias_audit\normalized_external\fake\21\250721_1956-06-03_2010.jpg,1,21/250721_1956-06-03_2010.jpg,StableDiffusion_v1_5,external_normalized,deepfakeface_sd15/fake/21/250721_1956-06-03_2010.jpg,0.010039072483778,0.4309690296649933,0,xception,external_test,source_video_disjoint_v1,highpass_0.1,ffpp_validation_checkpoint,03cb9bba05b67e1478fb86a731857ba65f55a3db09e023035c9bcd9d442d8efc
388,C:\Users\Rohith Syam\Documents\UTS SEMESTER 3\image processing\idea 2\outputs\generalization_upgrade\02_external_bias_audit\normalized_external\fake\21\2797621_1960-03-15_2011.jpg,1,21/2797621_1960-03-15_2011.jpg,StableDiffusion_v1_5,external_normalized,deepfakeface_sd15/fake/21/2797621_1960-03-15_2011.jpg,0.02733665518462658,0.4309690296649933,0,xception,external_test,source_video_disjoint_v1,highpass_0.1,ffpp_validation_checkpoint,03cb9bba05b67e1478fb86a731857ba65f55a3db09e023035c9bcd9d442d8efc
389,C:\Users\Rohith Syam\Documents\UTS SEMESTER 3\image processing\idea 2\outputs\generalization_upgrade\02_external_bias_audit\normalized_external\fake\21\29126821_1986-10-07_2014.jpg,1,21/29126821_1986-10-07_2014.jpg,StableDiffusion_v1_5,external_normalized,deepfakeface_sd15/fake/21/29126821_1986-10-07_2014.jpg,0.20235083997249603,0.4309690296649933,0,xception,external_test,source_video_disjoint_v1,highpass_0.1,ffpp_validation_checkpoint,03cb9bba05b67e1478fb86a731857ba65f55a3db09e023035c9bcd9d442d8efc
390,C:\Users\Rohith Syam\Documents\UTS SEMESTER 3\image processing\idea 2\outputs\generalization_upgrade\02_external_bias_audit\normalized_external\fake\21\2950421_1974-09-11_2007.jpg,1,21/2950421_1974-09-11_2007.jpg,StableDiffusion_v1_5,external_normalized,deepfakeface_sd15/fake/21/2950421_1974-09-11_2007.jpg,0.008790569379925728,0.4309690296649933,0,xception,external_test,source_video_disjoint_v1,highpass_0.1,ffpp_validation_checkpoint,03cb9bba05b67e1478fb86a731857ba65f55a3db09e023035c9bcd9d442d8efc
391,C:\Users\Rohith Syam\Documents\UTS SEMESTER 3\image processing\idea 2\outputs\generalization_upgrade\02_external_bias_audit\normalized_external\fake\21\295321_1904-08-23_1955.jpg,1,21/295321_1904-08-23_1955.jpg,StableDiffusion_v1_5,external_normalized,deepfakeface_sd15/fake/21/295321_1904-08-23_1955.jpg,0.027005385607481003,0.4309690296649933,0,xception,external_test,source_video_disjoint_v1,highpass_0.1,ffpp_validation_checkpoint,03cb9bba05b67e1478fb86a731857ba65f55a3db09e023035c9bcd9d442d8efc
392,C:\Users\Rohith Syam\Documents\UTS SEMESTER 3\image processing\idea 2\outputs\generalization_upgrade\02_external_bias_audit\normalized_external\fake\21\3003021_1956-12-23_2014.jpg,1,21/3003021_1956-12-23_2014.jpg,StableDiffusion_v1_5,external_normalized,deepfakeface_sd15/fake/21/3003021_1956-12-23_2014.jpg,0.5044904947280884,0.4309690296649933,1,xception,external_test,source_video_disjoint_v1,highpass_0.1,ffpp_validation_checkpoint,03cb9bba05b67e1478fb86a731857ba65f55a3db09e023035c9bcd9d442d8efc
393,C:\Users\Rohith Syam\Documents\UTS SEMESTER 3\image processing\idea 2\outputs\generalization_upgrade\02_external_bias_audit\normalized_external\fake\21\30496921_1916-02-13_1977.jpg,1,21/30496921_1916-02-13_1977.jpg,StableDiffusion_v1_5,external_normalized,deepfakeface_sd15/fake/21/30496921_1916-02-13_1977.jpg,0.3282328248023987,0.4309690296649933,0,xception,external_test,source_video_disjoint_v1,highpass_0.1,ffpp_validation_checkpoint,03cb9bba05b67e1478fb86a731857ba65f55a3db09e023035c9bcd9d442d8efc
394,C:\Users\Rohith Syam\Documents\UTS SEMESTER 3\image processing\idea 2\outputs\generalization_upgrade\02_external_bias_audit\normalized_external\fake\21\332221_1903-07-21_2007.jpg,1,21/332221_1903-07-21_2007.jpg,StableDiffusion_v1_5,external_normalized,deepfakeface_sd15/fake/21/332221_1903-07-21_2007.jpg,0.008049950934946537,0.4309690296649933,0,xception,external_test,source_video_disjoint_v1,highpass_0.1,ffpp_validation_checkpoint,03cb9bba05b67e1478fb86a731857ba65f55a3db09e023035c9bcd9d442d8efc
395,C:\Users\Rohith Syam\Documents\UTS SEMESTER 3\image processing\idea 2\outputs\generalization_upgrade\02_external_bias_audit\normalized_external\fake\21\35191121_1990-01-18_2014.jpg,1,21/35191121_1990-01-18_2014.jpg,StableDiffusion_v1_5,external_normalized,deepfakeface_sd15/fake/21/35191121_1990-01-18_2014.jpg,0.2921464145183563,0.4309690296649933,0,xception,external_test,source_video_disjoint_v1,highpass_0.1,ffpp_validation_checkpoint,03cb9bba05b67e1478fb86a731857ba65f55a3db09e023035c9bcd9d442d8efc
396,C:\Users\Rohith Syam\Documents\UTS SEMESTER 3\image processing\idea 2\outputs\generalization_upgrade\02_external_bias_audit\normalized_external\fake\21\40783721_1958-04-16_2013.jpg,1,21/40783721_1958-04-16_2013.jpg,StableDiffusion_v1_5,external_normalized,deepfakeface_sd15/fake/21/40783721_1958-04-16_2013.jpg,0.35163095593452454,0.4309690296649933,0,xception,external_test,source_video_disjoint_v1,highpass_0.1,ffpp_validation_checkpoint,03cb9bba05b67e1478fb86a731857ba65f55a3db09e023035c9bcd9d442d8efc
397,C:\Users\Rohith Syam\Documents\UTS SEMESTER 3\image processing\idea 2\outputs\generalization_upgrade\02_external_bias_audit\normalized_external\fake\21\4137921_1965-08-22_2013.jpg,1,21/4137921_1965-08-22_2013.jpg,StableDiffusion_v1_5,external_normalized,deepfakeface_sd15/fake/21/4137921_1965-08-22_2013.jpg,0.035282161086797714,0.4309690296649933,0,xception,external_test,source_video_disjoint_v1,highpass_0.1,ffpp_validation_checkpoint,03cb9bba05b67e1478fb86a731857ba65f55a3db09e023035c9bcd9d442d8efc
398,C:\Users\Rohith Syam\Documents\UTS SEMESTER 3\image processing\idea 2\outputs\generalization_upgrade\02_external_bias_audit\normalized_external\fake\21\6573321_1986-05-01_2008.jpg,1,21/6573321_1986-05-01_2008.jpg,StableDiffusion_v1_5,external_normalized,deepfakeface_sd15/fake/21/6573321_1986-05-01_2008.jpg,0.12327999621629715,0.4309690296649933,0,xception,external_test,source_video_disjoint_v1,highpass_0.1,ffpp_validation_checkpoint,03cb9bba05b67e1478fb86a731857ba65f55a3db09e023035c9bcd9d442d8efc
399,C:\Users\Rohith Syam\Documents\UTS SEMESTER 3\image processing\idea 2\outputs\generalization_upgrade\02_external_bias_audit\normalized_external\fake\21\6574321_1982-08-10_2012.jpg,1,21/6574321_1982-08-10_2012.jpg,StableDiffusion_v1_5,external_normalized,deepfakeface_sd15/fake/21/6574321_1982-08-10_2012.jpg,0.6721175909042358,0.4309690296649933,1,xception,external_test,source_video_disjoint_v1,highpass_0.1,ffpp_validation_checkpoint,03cb9bba05b67e1478fb86a731857ba65f55a3db09e023035c9bcd9d442d8efc
400,C:\Users\Rohith Syam\Documents\UTS SEMESTER 3\image processing\idea 2\outputs\generalization_upgrade\02_external_bias_audit\normalized_external\fake\21\7170221_1933-03-27_1983.jpg,1,21/7170221_1933-03-27_1983.jpg,StableDiffusion_v1_5,external_normalized,deepfakeface_sd15/fake/21/7170221_1933-03-27_1983.jpg,0.249372661113739,0.4309690296649933,0,xception,external_test,source_video_disjoint_v1,highpass_0.1,ffpp_validation_checkpoint,03cb9bba05b67e1478fb86a731857ba65f55a3db09e023035c9bcd9d442d8efc
401,C:\Users\Rohith Syam\Documents\UTS SEMESTER 3\image processing\idea 2\outputs\generalization_upgrade\02_external_bias_audit\normalized_external\fake\21\7623721_1978-03-01_2010.jpg,1,21/7623721_1978-03-01_2010.jpg,StableDiffusion_v1_5,external_normalized,deepfakeface_sd15/fake/21/7623721_1978-03-01_2010.jpg,0.2617049813270569,0.4309690296649933,0,xception,external_test,source_video_disjoint_v1,highpass_0.1,ffpp_validation_checkpoint,03cb9bba05b67e1478fb86a731857ba65f55a3db09e023035c9bcd9d442d8efc
402,C:\Users\Rohith Syam\Documents\UTS SEMESTER 3\image processing\idea 2\outputs\generalization_upgrade\02_external_bias_audit\normalized_external\fake\21\8194621_1986-02-16_2009.jpg,1,21/8194621_1986-02-16_2009.jpg,StableDiffusion_v1_5,external_normalized,deepfakeface_sd15/fake/21/8194621_1986-02-16_2009.jpg,0.3597159683704376,0.4309690296649933,0,xception,external_test,source_video_disjoint_v1,highpass_0.1,ffpp_validation_checkpoint,03cb9bba05b67e1478fb86a731857ba65f55a3db09e023035c9bcd9d442d8efc
403,C:\Users\Rohith Syam\Documents\UTS SEMESTER 3\image processing\idea 2\outputs\generalization_upgrade\02_external_bias_audit\normalized_external\fake\21\8774721_1967-04-29_2010.jpg,1,21/8774721_1967-04-29_2010.jpg,StableDiffusion_v1_5,external_normalized,deepfakeface_sd15/fake/21/8774721_1967-04-29_2010.jpg,0.009894910268485546,0.4309690296649933,0,xception,external_test,source_video_disjoint_v1,highpass_0.1,ffpp_validation_checkpoint,03cb9bba05b67e1478fb86a731857ba65f55a3db09e023035c9bcd9d442d8efc
404,C:\Users\Rohith Syam\Documents\UTS SEMESTER 3\image processing\idea 2\outputs\generalization_upgrade\02_external_bias_audit\normalized_external\fake\21\8789221_1983-08-14_2012.jpg,1,21/8789221_1983-08-14_2012.jpg,StableDiffusion_v1_5,external_normalized,deepfakeface_sd15/fake/21/8789221_1983-08-14_2012.jpg,0.6906025409698486,0.4309690296649933,1,xception,external_test,source_video_disjoint_v1,highpass_0.1,ffpp_validation_checkpoint,03cb9bba05b67e1478fb86a731857ba65f55a3db09e023035c9bcd9d442d8efc
405,C:\Users\Rohith Syam\Documents\UTS SEMESTER 3\image processing\idea 2\outputs\generalization_upgrade\02_external_bias_audit\normalized_external\fake\21\9404921_1978-07-09_2009.jpg,1,21/9404921_1978-07-09_2009.jpg,StableDiffusion_v1_5,external_normalized,deepfakeface_sd15/fake/21/9404921_1978-07-09_2009.jpg,0.13929466903209686,0.4309690296649933,0,xception,external_test,source_video_disjoint_v1,highpass_0.1,ffpp_validation_checkpoint,03cb9bba05b67e1478fb86a731857ba65f55a3db09e023035c9bcd9d442d8efc
406,C:\Users\Rohith Syam\Documents\UTS SEMESTER 3\image processing\idea 2\outputs\generalization_upgrade\02_external_bias_audit\normalized_external\fake\24\2968824_1963-05-26_2011.jpg,1,24/2968824_1963-05-26_2011.jpg,StableDiffusion_v1_5,external_normalized,deepfakeface_sd15/fake/24/2968824_1963-05-26_2011.jpg,0.006962156854569912,0.4309690296649933,0,xception,external_test,source_video_disjoint_v1,highpass_0.1,ffpp_validation_checkpoint,03cb9bba05b67e1478fb86a731857ba65f55a3db09e023035c9bcd9d442d8efc
407,C:\Users\Rohith Syam\Documents\UTS SEMESTER 3\image processing\idea 2\outputs\generalization_upgrade\02_external_bias_audit\normalized_external\fake\26\503926_1976-12-31_2009.jpg,1,26/503926_1976-12-31_2009.jpg,StableDiffusion_v1_5,external_normalized,deepfakeface_sd15/fake/26/503926_1976-12-31_2009.jpg,0.1710590124130249,0.4309690296649933,0,xception,external_test,source_video_disjoint_v1,highpass_0.1,ffpp_validation_checkpoint,03cb9bba05b67e1478fb86a731857ba65f55a3db09e023035c9bcd9d442d8efc
408,C:\Users\Rohith Syam\Documents\UTS SEMESTER 3\image processing\idea 2\outputs\generalization_upgrade\02_external_bias_audit\normalized_external\fake\30\11772430_1938-04-14_2008.jpg,1,30/11772430_1938-04-14_2008.jpg,StableDiffusion_v1_5,external_normalized,deepfakeface_sd15/fake/30/11772430_1938-04-14_2008.jpg,0.02169637754559517,0.4309690296649933,0,xception,external_test,source_video_disjoint_v1,highpass_0.1,ffpp_validation_checkpoint,03cb9bba05b67e1478fb86a731857ba65f55a3db09e023035c9bcd9d442d8efc
409,C:\Users\Rohith Syam\Documents\UTS SEMESTER 3\image processing\idea 2\outputs\generalization_upgrade\02_external_bias_audit\normalized_external\fake\34\1149234_1978-10-03_2010.jpg,1,34/1149234_1978-10-03_2010.jpg,StableDiffusion_v1_5,external_normalized,deepfakeface_sd15/fake/34/1149234_1978-10-03_2010.jpg,0.035533562302589417,0.4309690296649933,0,xception,external_test,source_video_disjoint_v1,highpass_0.1,ffpp_validation_checkpoint,03cb9bba05b67e1478fb86a731857ba65f55a3db09e023035c9bcd9d442d8efc
410,C:\Users\Rohith Syam\Documents\UTS SEMESTER 3\image processing\idea 2\outputs\generalization_upgrade\02_external_bias_audit\normalized_external\fake\34\11653234_1986-12-23_2012.jpg,1,34/11653234_1986-12-23_2012.jpg,StableDiffusion_v1_5,external_normalized,deepfakeface_sd15/fake/34/11653234_1986-12-23_2012.jpg,0.010887734591960907,0.4309690296649933,0,xception,external_test,source_video_disjoint_v1,highpass_0.1,ffpp_validation_checkpoint,03cb9bba05b67e1478fb86a731857ba65f55a3db09e023035c9bcd9d442d8efc
411,C:\Users\Rohith Syam\Documents\UTS SEMESTER 3\image processing\idea 2\outputs\generalization_upgrade\02_external_bias_audit\normalized_external\fake\34\1266534_1975-11-03_2011.jpg,1,34/1266534_1975-11-03_2011.jpg,StableDiffusion_v1_5,external_normalized,deepfakeface_sd15/fake/34/1266534_1975-11-03_2011.jpg,0.024032529443502426,0.4309690296649933,0,xception,external_test,source_video_disjoint_v1,highpass_0.1,ffpp_validation_checkpoint,03cb9bba05b67e1478fb86a731857ba65f55a3db09e023035c9bcd9d442d8efc
412,C:\Users\Rohith Syam\Documents\UTS SEMESTER 3\image processing\idea 2\outputs\generalization_upgrade\02_external_bias_audit\normalized_external\fake\34\12829834_1950-08-15_2002.jpg,1,34/12829834_1950-08-15_2002.jpg,StableDiffusion_v1_5,external_normalized,deepfakeface_sd15/fake/34/12829834_1950-08-15_2002.jpg,0.6459308862686157,0.4309690296649933,1,xception,external_test,source_video_disjoint_v1,highpass_0.1,ffpp_validation_checkpoint,03cb9bba05b67e1478fb86a731857ba65f55a3db09e023035c9bcd9d442d8efc
413,C:\Users\Rohith Syam\Documents\UTS SEMESTER 3\image processing\idea 2\outputs\generalization_upgrade\02_external_bias_audit\normalized_external\fake\34\13846034_1977-08-30_2009.jpg,1,34/13846034_1977-08-30_2009.jpg,StableDiffusion_v1_5,external_normalized,deepfakeface_sd15/fake/34/13846034_1977-08-30_2009.jpg,0.0393478125333786,0.4309690296649933,0,xception,external_test,source_video_disjoint_v1,highpass_0.1,ffpp_validation_checkpoint,03cb9bba05b67e1478fb86a731857ba65f55a3db09e023035c9bcd9d442d8efc
414,C:\Users\Rohith Syam\Documents\UTS SEMESTER 3\image processing\idea 2\outputs\generalization_upgrade\02_external_bias_audit\normalized_external\fake\34\1386234_1952-04-25_2004.jpg,1,34/1386234_1952-04-25_2004.jpg,StableDiffusion_v1_5,external_normalized,deepfakeface_sd15/fake/34/1386234_1952-04-25_2004.jpg,0.37021923065185547,0.4309690296649933,0,xception,external_test,source_video_disjoint_v1,highpass_0.1,ffpp_validation_checkpoint,03cb9bba05b67e1478fb86a731857ba65f55a3db09e023035c9bcd9d442d8efc
415,C:\Users\Rohith Syam\Documents\UTS SEMESTER 3\image processing\idea 2\outputs\generalization_upgrade\02_external_bias_audit\normalized_external\fake\34\19258134_1986-05-13_2009.jpg,1,34/19258134_1986-05-13_2009.jpg,StableDiffusion_v1_5,external_normalized,deepfakeface_sd15/fake/34/19258134_1986-05-13_2009.jpg,0.5153690576553345,0.4309690296649933,1,xception,external_test,source_video_disjoint_v1,highpass_0.1,ffpp_validation_checkpoint,03cb9bba05b67e1478fb86a731857ba65f55a3db09e023035c9bcd9d442d8efc
416,C:\Users\Rohith Syam\Documents\UTS SEMESTER 3\image processing\idea 2\outputs\generalization_upgrade\02_external_bias_audit\normalized_external\fake\34\19354934_1986-10-18_2009.jpg,1,34/19354934_1986-10-18_2009.jpg,StableDiffusion_v1_5,external_normalized,deepfakeface_sd15/fake/34/19354934_1986-10-18_2009.jpg,0.006345024332404137,0.4309690296649933,0,xception,external_test,source_video_disjoint_v1,highpass_0.1,ffpp_validation_checkpoint,03cb9bba05b67e1478fb86a731857ba65f55a3db09e023035c9bcd9d442d8efc
417,C:\Users\Rohith Syam\Documents\UTS SEMESTER 3\image processing\idea 2\outputs\generalization_upgrade\02_external_bias_audit\normalized_external\fake\34\20500734_1950-03-30_2014.jpg,1,34/20500734_1950-03-30_2014.jpg,StableDiffusion_v1_5,external_normalized,deepfakeface_sd15/fake/34/20500734_1950-03-30_2014.jpg,0.5476115942001343,0.4309690296649933,1,xception,external_test,source_video_disjoint_v1,highpass_0.1,ffpp_validation_checkpoint,03cb9bba05b67e1478fb86a731857ba65f55a3db09e023035c9bcd9d442d8efc
418,C:\Users\Rohith Syam\Documents\UTS SEMESTER 3\image processing\idea 2\outputs\generalization_upgrade\02_external_bias_audit\normalized_external\fake\34\21284234_1983-06-02_2011.jpg,1,34/21284234_1983-06-02_2011.jpg,StableDiffusion_v1_5,external_normalized,deepfakeface_sd15/fake/34/21284234_1983-06-02_2011.jpg,0.2072933167219162,0.4309690296649933,0,xception,external_test,source_video_disjoint_v1,highpass_0.1,ffpp_validation_checkpoint,03cb9bba05b67e1478fb86a731857ba65f55a3db09e023035c9bcd9d442d8efc
419,C:\Users\Rohith Syam\Documents\UTS SEMESTER 3\image processing\idea 2\outputs\generalization_upgrade\02_external_bias_audit\normalized_external\fake\34\23945334_1979-07-30_2008.jpg,1,34/23945334_1979-07-30_2008.jpg,StableDiffusion_v1_5,external_normalized,deepfakeface_sd15/fake/34/23945334_1979-07-30_2008.jpg,0.07005077600479126,0.4309690296649933,0,xception,external_test,source_video_disjoint_v1,highpass_0.1,ffpp_validation_checkpoint,03cb9bba05b67e1478fb86a731857ba65f55a3db09e023035c9bcd9d442d8efc
420,C:\Users\Rohith Syam\Documents\UTS SEMESTER 3\image processing\idea 2\outputs\generalization_upgrade\02_external_bias_audit\normalized_external\fake\34\25905034_1992-04-05_2009.jpg,1,34/25905034_1992-04-05_2009.jpg,StableDiffusion_v1_5,external_normalized,deepfakeface_sd15/fake/34/25905034_1992-04-05_2009.jpg,0.3548218905925751,0.4309690296649933,0,xception,external_test,source_video_disjoint_v1,highpass_0.1,ffpp_validation_checkpoint,03cb9bba05b67e1478fb86a731857ba65f55a3db09e023035c9bcd9d442d8efc
421,C:\Users\Rohith Syam\Documents\UTS SEMESTER 3\image processing\idea 2\outputs\generalization_upgrade\02_external_bias_audit\normalized_external\fake\34\276834_1928-01-30_2010.jpg,1,34/276834_1928-01-30_2010.jpg,StableDiffusion_v1_5,external_normalized,deepfakeface_sd15/fake/34/276834_1928-01-30_2010.jpg,0.10045351833105087,0.4309690296649933,0,xception,external_test,source_video_disjoint_v1,highpass_0.1,ffpp_validation_checkpoint,03cb9bba05b67e1478fb86a731857ba65f55a3db09e023035c9bcd9d442d8efc
422,C:\Users\Rohith Syam\Documents\UTS SEMESTER 3\image processing\idea 2\outputs\generalization_upgrade\02_external_bias_audit\normalized_external\fake\34\32504534_1990-12-18_2011.jpg,1,34/32504534_1990-12-18_2011.jpg,StableDiffusion_v1_5,external_normalized,deepfakeface_sd15/fake/34/32504534_1990-12-18_2011.jpg,0.38337478041648865,0.4309690296649933,0,xception,external_test,source_video_disjoint_v1,highpass_0.1,ffpp_validation_checkpoint,03cb9bba05b67e1478fb86a731857ba65f55a3db09e023035c9bcd9d442d8efc
423,C:\Users\Rohith Syam\Documents\UTS SEMESTER 3\image processing\idea 2\outputs\generalization_upgrade\02_external_bias_audit\normalized_external\fake\34\32670934_1973-08-28_2013.jpg,1,34/32670934_1973-08-28_2013.jpg,StableDiffusion_v1_5,external_normalized,deepfakeface_sd15/fake/34/32670934_1973-08-28_2013.jpg,0.23508401215076447,0.4309690296649933,0,xception,external_test,source_video_disjoint_v1,highpass_0.1,ffpp_validation_checkpoint,03cb9bba05b67e1478fb86a731857ba65f55a3db09e023035c9bcd9d442d8efc
424,C:\Users\Rohith Syam\Documents\UTS SEMESTER 3\image processing\idea 2\outputs\generalization_upgrade\02_external_bias_audit\normalized_external\fake\34\33682634_1989-09-15_2011.jpg,1,34/33682634_1989-09-15_2011.jpg,StableDiffusion_v1_5,external_normalized,deepfakeface_sd15/fake/34/33682634_1989-09-15_2011.jpg,0.029403315857052803,0.4309690296649933,0,xception,external_test,source_video_disjoint_v1,highpass_0.1,ffpp_validation_checkpoint,03cb9bba05b67e1478fb86a731857ba65f55a3db09e023035c9bcd9d442d8efc
425,C:\Users\Rohith Syam\Documents\UTS SEMESTER 3\image processing\idea 2\outputs\generalization_upgrade\02_external_bias_audit\normalized_external\fake\34\36722334_1937-08-31_2005.jpg,1,34/36722334_1937-08-31_2005.jpg,StableDiffusion_v1_5,external_normalized,deepfakeface_sd15/fake/34/36722334_1937-08-31_2005.jpg,0.5409752130508423,0.4309690296649933,1,xception,external_test,source_video_disjoint_v1,highpass_0.1,ffpp_validation_checkpoint,03cb9bba05b67e1478fb86a731857ba65f55a3db09e023035c9bcd9d442d8efc
426,C:\Users\Rohith Syam\Documents\UTS SEMESTER 3\image processing\idea 2\outputs\generalization_upgrade\02_external_bias_audit\normalized_external\fake\34\39718934_1987-12-07_2013.jpg,1,34/39718934_1987-12-07_2013.jpg,StableDiffusion_v1_5,external_normalized,deepfakeface_sd15/fake/34/39718934_1987-12-07_2013.jpg,0.12927499413490295,0.4309690296649933,0,xception,external_test,source_video_disjoint_v1,highpass_0.1,ffpp_validation_checkpoint,03cb9bba05b67e1478fb86a731857ba65f55a3db09e023035c9bcd9d442d8efc
427,C:\Users\Rohith Syam\Documents\UTS SEMESTER 3\image processing\idea 2\outputs\generalization_upgrade\02_external_bias_audit\normalized_external\fake\34\398734_1932-05-04_1955.jpg,1,34/398734_1932-05-04_1955.jpg,StableDiffusion_v1_5,external_normalized,deepfakeface_sd15/fake/34/398734_1932-05-04_1955.jpg,0.006395704112946987,0.4309690296649933,0,xception,external_test,source_video_disjoint_v1,highpass_0.1,ffpp_validation_checkpoint,03cb9bba05b67e1478fb86a731857ba65f55a3db09e023035c9bcd9d442d8efc
428,C:\Users\Rohith Syam\Documents\UTS SEMESTER 3\image processing\idea 2\outputs\generalization_upgrade\02_external_bias_audit\normalized_external\fake\34\42708434_1996-03-11_2013.jpg,1,34/42708434_1996-03-11_2013.jpg,StableDiffusion_v1_5,external_normalized,deepfakeface_sd15/fake/34/42708434_1996-03-11_2013.jpg,0.004839347675442696,0.4309690296649933,0,xception,external_test,source_video_disjoint_v1,highpass_0.1,ffpp_validation_checkpoint,03cb9bba05b67e1478fb86a731857ba65f55a3db09e023035c9bcd9d442d8efc
429,C:\Users\Rohith Syam\Documents\UTS SEMESTER 3\image processing\idea 2\outputs\generalization_upgrade\02_external_bias_audit\normalized_external\fake\34\43639934_1912-04-03_2003.jpg,1,34/43639934_1912-04-03_2003.jpg,StableDiffusion_v1_5,external_normalized,deepfakeface_sd15/fake/34/43639934_1912-04-03_2003.jpg,0.018703589215874672,0.4309690296649933,0,xception,external_test,source_video_disjoint_v1,highpass_0.1,ffpp_validation_checkpoint,03cb9bba05b67e1478fb86a731857ba65f55a3db09e023035c9bcd9d442d8efc
430,C:\Users\Rohith Syam\Documents\UTS SEMESTER 3\image processing\idea 2\outputs\generalization_upgrade\02_external_bias_audit\normalized_external\fake\34\440034_1924-04-29_1963.jpg,1,34/440034_1924-04-29_1963.jpg,StableDiffusion_v1_5,external_normalized,deepfakeface_sd15/fake/34/440034_1924-04-29_1963.jpg,0.06646139919757843,0.4309690296649933,0,xception,external_test,source_video_disjoint_v1,highpass_0.1,ffpp_validation_checkpoint,03cb9bba05b67e1478fb86a731857ba65f55a3db09e023035c9bcd9d442d8efc
431,C:\Users\Rohith Syam\Documents\UTS SEMESTER 3\image processing\idea 2\outputs\generalization_upgrade\02_external_bias_audit\normalized_external\fake\34\4413434_1984-01-21_2013.jpg,1,34/4413434_1984-01-21_2013.jpg,StableDiffusion_v1_5,external_normalized,deepfakeface_sd15/fake/34/4413434_1984-01-21_2013.jpg,0.0401529036462307,0.4309690296649933,0,xception,external_test,source_video_disjoint_v1,highpass_0.1,ffpp_validation_checkpoint,03cb9bba05b67e1478fb86a731857ba65f55a3db09e023035c9bcd9d442d8efc
432,C:\Users\Rohith Syam\Documents\UTS SEMESTER 3\image processing\idea 2\outputs\generalization_upgrade\02_external_bias_audit\normalized_external\fake\34\4998434_1979-05-16_2005.jpg,1,34/4998434_1979-05-16_2005.jpg,StableDiffusion_v1_5,external_normalized,deepfakeface_sd15/fake/34/4998434_1979-05-16_2005.jpg,0.3219029903411865,0.4309690296649933,0,xception,external_test,source_video_disjoint_v1,highpass_0.1,ffpp_validation_checkpoint,03cb9bba05b67e1478fb86a731857ba65f55a3db09e023035c9bcd9d442d8efc
433,C:\Users\Rohith Syam\Documents\UTS SEMESTER 3\image processing\idea 2\outputs\generalization_upgrade\02_external_bias_audit\normalized_external\fake\34\5354734_1976-10-17_1995.jpg,1,34/5354734_1976-10-17_1995.jpg,StableDiffusion_v1_5,external_normalized,deepfakeface_sd15/fake/34/5354734_1976-10-17_1995.jpg,0.06261919438838959,0.4309690296649933,0,xception,external_test,source_video_disjoint_v1,highpass_0.1,ffpp_validation_checkpoint,03cb9bba05b67e1478fb86a731857ba65f55a3db09e023035c9bcd9d442d8efc
434,C:\Users\Rohith Syam\Documents\UTS SEMESTER 3\image processing\idea 2\outputs\generalization_upgrade\02_external_bias_audit\normalized_external\fake\34\603934_1963-12-04_2013.jpg,1,34/603934_1963-12-04_2013.jpg,StableDiffusion_v1_5,external_normalized,deepfakeface_sd15/fake/34/603934_1963-12-04_2013.jpg,0.08681393414735794,0.4309690296649933,0,xception,external_test,source_video_disjoint_v1,highpass_0.1,ffpp_validation_checkpoint,03cb9bba05b67e1478fb86a731857ba65f55a3db09e023035c9bcd9d442d8efc
435,C:\Users\Rohith Syam\Documents\UTS SEMESTER 3\image processing\idea 2\outputs\generalization_upgrade\02_external_bias_audit\normalized_external\fake\34\78834_1970-04-29_2014.jpg,1,34/78834_1970-04-29_2014.jpg,StableDiffusion_v1_5,external_normalized,deepfakeface_sd15/fake/34/78834_1970-04-29_2014.jpg,0.10604330897331238,0.4309690296649933,0,xception,external_test,source_video_disjoint_v1,highpass_0.1,ffpp_validation_checkpoint,03cb9bba05b67e1478fb86a731857ba65f55a3db09e023035c9bcd9d442d8efc
436,C:\Users\Rohith Syam\Documents\UTS SEMESTER 3\image processing\idea 2\outputs\generalization_upgrade\02_external_bias_audit\normalized_external\fake\34\9326434_1987-05-02_2006.jpg,1,34/9326434_1987-05-02_2006.jpg,StableDiffusion_v1_5,external_normalized,deepfakeface_sd15/fake/34/9326434_1987-05-02_2006.jpg,0.0050851027481257915,0.4309690296649933,0,xception,external_test,source_video_disjoint_v1,highpass_0.1,ffpp_validation_checkpoint,03cb9bba05b67e1478fb86a731857ba65f55a3db09e023035c9bcd9d442d8efc
437,C:\Users\Rohith Syam\Documents\UTS SEMESTER 3\image processing\idea 2\outputs\generalization_upgrade\02_external_bias_audit\normalized_external\fake\35\10970235_1972-10-10_2010.jpg,1,35/10970235_1972-10-10_2010.jpg,StableDiffusion_v1_5,external_normalized,deepfakeface_sd15/fake/35/10970235_1972-10-10_2010.jpg,0.019431373104453087,0.4309690296649933,0,xception,external_test,source_video_disjoint_v1,highpass_0.1,ffpp_validation_checkpoint,03cb9bba05b67e1478fb86a731857ba65f55a3db09e023035c9bcd9d442d8efc
438,C:\Users\Rohith Syam\Documents\UTS SEMESTER 3\image processing\idea 2\outputs\generalization_upgrade\02_external_bias_audit\normalized_external\fake\35\12523735_1981-04-21_2014.jpg,1,35/12523735_1981-04-21_2014.jpg,StableDiffusion_v1_5,external_normalized,deepfakeface_sd15/fake/35/12523735_1981-04-21_2014.jpg,0.04373186081647873,0.4309690296649933,0,xception,external_test,source_video_disjoint_v1,highpass_0.1,ffpp_validation_checkpoint,03cb9bba05b67e1478fb86a731857ba65f55a3db09e023035c9bcd9d442d8efc
439,C:\Users\Rohith Syam\Documents\UTS SEMESTER 3\image processing\idea 2\outputs\generalization_upgrade\02_external_bias_audit\normalized_external\fake\35\1323135_1941-09-15_1966.jpg,1,35/1323135_1941-09-15_1966.jpg,StableDiffusion_v1_5,external_normalized,deepfakeface_sd15/fake/35/1323135_1941-09-15_1966.jpg,0.006279526744037867,0.4309690296649933,0,xception,external_test,source_video_disjoint_v1,highpass_0.1,ffpp_validation_checkpoint,03cb9bba05b67e1478fb86a731857ba65f55a3db09e023035c9bcd9d442d8efc
440,C:\Users\Rohith Syam\Documents\UTS SEMESTER 3\image processing\idea 2\outputs\generalization_upgrade\02_external_bias_audit\normalized_external\fake\35\13774535_1942-06-09_1957.jpg,1,35/13774535_1942-06-09_1957.jpg,StableDiffusion_v1_5,external_normalized,deepfakeface_sd15/fake/35/13774535_1942-06-09_1957.jpg,0.0740928128361702,0.4309690296649933,0,xception,external_test,source_video_disjoint_v1,highpass_0.1,ffpp_validation_checkpoint,03cb9bba05b67e1478fb86a731857ba65f55a3db09e023035c9bcd9d442d8efc
441,C:\Users\Rohith Syam\Documents\UTS SEMESTER 3\image processing\idea 2\outputs\generalization_upgrade\02_external_bias_audit\normalized_external\fake\35\14180235_1985-10-27_2015.jpg,1,35/14180235_1985-10-27_2015.jpg,StableDiffusion_v1_5,external_normalized,deepfakeface_sd15/fake/35/14180235_1985-10-27_2015.jpg,0.2965139150619507,0.4309690296649933,0,xception,external_test,source_video_disjoint_v1,highpass_0.1,ffpp_validation_checkpoint,03cb9bba05b67e1478fb86a731857ba65f55a3db09e023035c9bcd9d442d8efc
442,C:\Users\Rohith Syam\Documents\UTS SEMESTER 3\image processing\idea 2\outputs\generalization_upgrade\02_external_bias_audit\normalized_external\fake\35\14347235_1959-06-15_2013.jpg,1,35/14347235_1959-06-15_2013.jpg,StableDiffusion_v1_5,external_normalized,deepfakeface_sd15/fake/35/14347235_1959-06-15_2013.jpg,0.27002888917922974,0.4309690296649933,0,xception,external_test,source_video_disjoint_v1,highpass_0.1,ffpp_validation_checkpoint,03cb9bba05b67e1478fb86a731857ba65f55a3db09e023035c9bcd9d442d8efc
443,C:\Users\Rohith Syam\Documents\UTS SEMESTER 3\image processing\idea 2\outputs\generalization_upgrade\02_external_bias_audit\normalized_external\fake\35\1437535_1935-02-22_2010.jpg,1,35/1437535_1935-02-22_2010.jpg,StableDiffusion_v1_5,external_normalized,deepfakeface_sd15/fake/35/1437535_1935-02-22_2010.jpg,0.03494308143854141,0.4309690296649933,0,xception,external_test,source_video_disjoint_v1,highpass_0.1,ffpp_validation_checkpoint,03cb9bba05b67e1478fb86a731857ba65f55a3db09e023035c9bcd9d442d8efc
444,C:\Users\Rohith Syam\Documents\UTS SEMESTER 3\image processing\idea 2\outputs\generalization_upgrade\02_external_bias_audit\normalized_external\fake\35\14619035_1990-02-25_2014.jpg,1,35/14619035_1990-02-25_2014.jpg,StableDiffusion_v1_5,external_normalized,deepfakeface_sd15/fake/35/14619035_1990-02-25_2014.jpg,0.17486850917339325,0.4309690296649933,0,xception,external_test,source_video_disjoint_v1,highpass_0.1,ffpp_validation_checkpoint,03cb9bba05b67e1478fb86a731857ba65f55a3db09e023035c9bcd9d442d8efc
445,C:\Users\Rohith Syam\Documents\UTS SEMESTER 3\image processing\idea 2\outputs\generalization_upgrade\02_external_bias_audit\normalized_external\fake\35\1566935_1953-09-11_2010.jpg,1,35/1566935_1953-09-11_2010.jpg,StableDiffusion_v1_5,external_normalized,deepfakeface_sd15/fake/35/1566935_1953-09-11_2010.jpg,0.07591499388217926,0.4309690296649933,0,xception,external_test,source_video_disjoint_v1,highpass_0.1,ffpp_validation_checkpoint,03cb9bba05b67e1478fb86a731857ba65f55a3db09e023035c9bcd9d442d8efc
446,C:\Users\Rohith Syam\Documents\UTS SEMESTER 3\image processing\idea 2\outputs\generalization_upgrade\02_external_bias_audit\normalized_external\fake\35\16105135_1980-04-18_2012.jpg,1,35/16105135_1980-04-18_2012.jpg,StableDiffusion_v1_5,external_normalized,deepfakeface_sd15/fake/35/16105135_1980-04-18_2012.jpg,0.005930793937295675,0.4309690296649933,0,xception,external_test,source_video_disjoint_v1,highpass_0.1,ffpp_validation_checkpoint,03cb9bba05b67e1478fb86a731857ba65f55a3db09e023035c9bcd9d442d8efc
447,C:\Users\Rohith Syam\Documents\UTS SEMESTER 3\image processing\idea 2\outputs\generalization_upgrade\02_external_bias_audit\normalized_external\fake\35\17974235_1973-06-13_2009.jpg,1,35/17974235_1973-06-13_2009.jpg,StableDiffusion_v1_5,external_normalized,deepfakeface_sd15/fake/35/17974235_1973-06-13_2009.jpg,0.08415017277002335,0.4309690296649933,0,xception,external_test,source_video_disjoint_v1,highpass_0.1,ffpp_validation_checkpoint,03cb9bba05b67e1478fb86a731857ba65f55a3db09e023035c9bcd9d442d8efc
448,C:\Users\Rohith Syam\Documents\UTS SEMESTER 3\image processing\idea 2\outputs\generalization_upgrade\02_external_bias_audit\normalized_external\fake\35\18933035_1982-08-26_2012.jpg,1,35/18933035_1982-08-26_2012.jpg,StableDiffusion_v1_5,external_normalized,deepfakeface_sd15/fake/35/18933035_1982-08-26_2012.jpg,0.039498165249824524,0.4309690296649933,0,xception,external_test,source_video_disjoint_v1,highpass_0.1,ffpp_validation_checkpoint,03cb9bba05b67e1478fb86a731857ba65f55a3db09e023035c9bcd9d442d8efc
449,C:\Users\Rohith Syam\Documents\UTS SEMESTER 3\image processing\idea 2\outputs\generalization_upgrade\02_external_bias_audit\normalized_external\fake\35\19966435_1968-04-03_2012.jpg,1,35/19966435_1968-04-03_2012.jpg,StableDiffusion_v1_5,external_normalized,deepfakeface_sd15/fake/35/19966435_1968-04-03_2012.jpg,0.003582003992050886,0.4309690296649933,0,xception,external_test,source_video_disjoint_v1,highpass_0.1,ffpp_validation_checkpoint,03cb9bba05b67e1478fb86a731857ba65f55a3db09e023035c9bcd9d442d8efc
450,C:\Users\Rohith Syam\Documents\UTS SEMESTER 3\image processing\idea 2\outputs\generalization_upgrade\02_external_bias_audit\normalized_external\fake\35\2357835_1982-06-16_2014.jpg,1,35/2357835_1982-06-16_2014.jpg,StableDiffusion_v1_5,external_normalized,deepfakeface_sd15/fake/35/2357835_1982-06-16_2014.jpg,0.409036785364151,0.4309690296649933,0,xception,external_test,source_video_disjoint_v1,highpass_0.1,ffpp_validation_checkpoint,03cb9bba05b67e1478fb86a731857ba65f55a3db09e023035c9bcd9d442d8efc
451,C:\Users\Rohith Syam\Documents\UTS SEMESTER 3\image processing\idea 2\outputs\generalization_upgrade\02_external_bias_audit\normalized_external\fake\35\2663135_1941-03-20_2008.jpg,1,35/2663135_1941-03-20_2008.jpg,StableDiffusion_v1_5,external_normalized,deepfakeface_sd15/fake/35/2663135_1941-03-20_2008.jpg,0.03324568271636963,0.4309690296649933,0,xception,external_test,source_video_disjoint_v1,highpass_0.1,ffpp_validation_checkpoint,03cb9bba05b67e1478fb86a731857ba65f55a3db09e023035c9bcd9d442d8efc
452,C:\Users\Rohith Syam\Documents\UTS SEMESTER 3\image processing\idea 2\outputs\generalization_upgrade\02_external_bias_audit\normalized_external\fake\35\2667535_1937-12-16_1985.jpg,1,35/2667535_1937-12-16_1985.jpg,StableDiffusion_v1_5,external_normalized,deepfakeface_sd15/fake/35/2667535_1937-12-16_1985.jpg,0.002190633909776807,0.4309690296649933,0,xception,external_test,source_video_disjoint_v1,highpass_0.1,ffpp_validation_checkpoint,03cb9bba05b67e1478fb86a731857ba65f55a3db09e023035c9bcd9d442d8efc
453,C:\Users\Rohith Syam\Documents\UTS SEMESTER 3\image processing\idea 2\outputs\generalization_upgrade\02_external_bias_audit\normalized_external\fake\35\28265335_1988-06-22_2013.jpg,1,35/28265335_1988-06-22_2013.jpg,StableDiffusion_v1_5,external_normalized,deepfakeface_sd15/fake/35/28265335_1988-06-22_2013.jpg,0.33075451850891113,0.4309690296649933,0,xception,external_test,source_video_disjoint_v1,highpass_0.1,ffpp_validation_checkpoint,03cb9bba05b67e1478fb86a731857ba65f55a3db09e023035c9bcd9d442d8efc
454,C:\Users\Rohith Syam\Documents\UTS SEMESTER 3\image processing\idea 2\outputs\generalization_upgrade\02_external_bias_audit\normalized_external\fake\35\30385335_1991-08-22_2011.jpg,1,35/30385335_1991-08-22_2011.jpg,StableDiffusion_v1_5,external_normalized,deepfakeface_sd15/fake/35/30385335_1991-08-22_2011.jpg,0.04583834856748581,0.4309690296649933,0,xception,external_test,source_video_disjoint_v1,highpass_0.1,ffpp_validation_checkpoint,03cb9bba05b67e1478fb86a731857ba65f55a3db09e023035c9bcd9d442d8efc
455,C:\Users\Rohith Syam\Documents\UTS SEMESTER 3\image processing\idea 2\outputs\generalization_upgrade\02_external_bias_audit\normalized_external\fake\35\3110335_1948-04-03_2012.jpg,1,35/3110335_1948-04-03_2012.jpg,StableDiffusion_v1_5,external_normalized,deepfakeface_sd15/fake/35/3110335_1948-04-03_2012.jpg,0.2760651409626007,0.4309690296649933,0,xception,external_test,source_video_disjoint_v1,highpass_0.1,ffpp_validation_checkpoint,03cb9bba05b67e1478fb86a731857ba65f55a3db09e023035c9bcd9d442d8efc
456,C:\Users\Rohith Syam\Documents\UTS SEMESTER 3\image processing\idea 2\outputs\generalization_upgrade\02_external_bias_audit\normalized_external\fake\35\31663335_1976-06-05_2013.jpg,1,35/31663335_1976-06-05_2013.jpg,StableDiffusion_v1_5,external_normalized,deepfakeface_sd15/fake/35/31663335_1976-06-05_2013.jpg,0.42951467633247375,0.4309690296649933,0,xception,external_test,source_video_disjoint_v1,highpass_0.1,ffpp_validation_checkpoint,03cb9bba05b67e1478fb86a731857ba65f55a3db09e023035c9bcd9d442d8efc
457,C:\Users\Rohith Syam\Documents\UTS SEMESTER 3\image processing\idea 2\outputs\generalization_upgrade\02_external_bias_audit\normalized_external\fake\35\32471435_1932-05-10_1959.jpg,1,35/32471435_1932-05-10_1959.jpg,StableDiffusion_v1_5,external_normalized,deepfakeface_sd15/fake/35/32471435_1932-05-10_1959.jpg,0.7762901782989502,0.4309690296649933,1,xception,external_test,source_video_disjoint_v1,highpass_0.1,ffpp_validation_checkpoint,03cb9bba05b67e1478fb86a731857ba65f55a3db09e023035c9bcd9d442d8efc
458,C:\Users\Rohith Syam\Documents\UTS SEMESTER 3\image processing\idea 2\outputs\generalization_upgrade\02_external_bias_audit\normalized_external\fake\35\33199835_1985-06-12_2011.jpg,1,35/33199835_1985-06-12_2011.jpg,StableDiffusion_v1_5,external_normalized,deepfakeface_sd15/fake/35/33199835_1985-06-12_2011.jpg,0.0037468853406608105,0.4309690296649933,0,xception,external_test,source_video_disjoint_v1,highpass_0.1,ffpp_validation_checkpoint,03cb9bba05b67e1478fb86a731857ba65f55a3db09e023035c9bcd9d442d8efc
459,C:\Users\Rohith Syam\Documents\UTS SEMESTER 3\image processing\idea 2\outputs\generalization_upgrade\02_external_bias_audit\normalized_external\fake\35\3338735_1981-11-16_2013.jpg,1,35/3338735_1981-11-16_2013.jpg,StableDiffusion_v1_5,external_normalized,deepfakeface_sd15/fake/35/3338735_1981-11-16_2013.jpg,0.23756977915763855,0.4309690296649933,0,xception,external_test,source_video_disjoint_v1,highpass_0.1,ffpp_validation_checkpoint,03cb9bba05b67e1478fb86a731857ba65f55a3db09e023035c9bcd9d442d8efc
460,C:\Users\Rohith Syam\Documents\UTS SEMESTER 3\image processing\idea 2\outputs\generalization_upgrade\02_external_bias_audit\normalized_external\fake\35\34163535_1988-04-03_2011.jpg,1,35/34163535_1988-04-03_2011.jpg,StableDiffusion_v1_5,external_normalized,deepfakeface_sd15/fake/35/34163535_1988-04-03_2011.jpg,0.23641671240329742,0.4309690296649933,0,xception,external_test,source_video_disjoint_v1,highpass_0.1,ffpp_validation_checkpoint,03cb9bba05b67e1478fb86a731857ba65f55a3db09e023035c9bcd9d442d8efc
461,C:\Users\Rohith Syam\Documents\UTS SEMESTER 3\image processing\idea 2\outputs\generalization_upgrade\02_external_bias_audit\normalized_external\fake\35\36702535_1992-07-04_2012.jpg,1,35/36702535_1992-07-04_2012.jpg,StableDiffusion_v1_5,external_normalized,deepfakeface_sd15/fake/35/36702535_1992-07-04_2012.jpg,0.4464985728263855,0.4309690296649933,1,xception,external_test,source_video_disjoint_v1,highpass_0.1,ffpp_validation_checkpoint,03cb9bba05b67e1478fb86a731857ba65f55a3db09e023035c9bcd9d442d8efc
462,C:\Users\Rohith Syam\Documents\UTS SEMESTER 3\image processing\idea 2\outputs\generalization_upgrade\02_external_bias_audit\normalized_external\fake\35\4943835_1891-09-22_1968.jpg,1,35/4943835_1891-09-22_1968.jpg,StableDiffusion_v1_5,external_normalized,deepfakeface_sd15/fake/35/4943835_1891-09-22_1968.jpg,0.02205801196396351,0.4309690296649933,0,xception,external_test,source_video_disjoint_v1,highpass_0.1,ffpp_validation_checkpoint,03cb9bba05b67e1478fb86a731857ba65f55a3db09e023035c9bcd9d442d8efc
463,C:\Users\Rohith Syam\Documents\UTS SEMESTER 3\image processing\idea 2\outputs\generalization_upgrade\02_external_bias_audit\normalized_external\fake\35\6232035_1987-09-07_2013.jpg,1,35/6232035_1987-09-07_2013.jpg,StableDiffusion_v1_5,external_normalized,deepfakeface_sd15/fake/35/6232035_1987-09-07_2013.jpg,0.552483856678009,0.4309690296649933,1,xception,external_test,source_video_disjoint_v1,highpass_0.1,ffpp_validation_checkpoint,03cb9bba05b67e1478fb86a731857ba65f55a3db09e023035c9bcd9d442d8efc
464,C:\Users\Rohith Syam\Documents\UTS SEMESTER 3\image processing\idea 2\outputs\generalization_upgrade\02_external_bias_audit\normalized_external\fake\35\89835_1951-04-07_1981.jpg,1,35/89835_1951-04-07_1981.jpg,StableDiffusion_v1_5,external_normalized,deepfakeface_sd15/fake/35/89835_1951-04-07_1981.jpg,0.08007938414812088,0.4309690296649933,0,xception,external_test,source_video_disjoint_v1,highpass_0.1,ffpp_validation_checkpoint,03cb9bba05b67e1478fb86a731857ba65f55a3db09e023035c9bcd9d442d8efc
465,C:\Users\Rohith Syam\Documents\UTS SEMESTER 3\image processing\idea 2\outputs\generalization_upgrade\02_external_bias_audit\normalized_external\fake\55\10095655_1985-07-10_2012.jpg,1,55/10095655_1985-07-10_2012.jpg,StableDiffusion_v1_5,external_normalized,deepfakeface_sd15/fake/55/10095655_1985-07-10_2012.jpg,0.3443574607372284,0.4309690296649933,0,xception,external_test,source_video_disjoint_v1,highpass_0.1,ffpp_validation_checkpoint,03cb9bba05b67e1478fb86a731857ba65f55a3db09e023035c9bcd9d442d8efc
466,C:\Users\Rohith Syam\Documents\UTS SEMESTER 3\image processing\idea 2\outputs\generalization_upgrade\02_external_bias_audit\normalized_external\fake\55\10486955_1937-11-18_1975.jpg,1,55/10486955_1937-11-18_1975.jpg,StableDiffusion_v1_5,external_normalized,deepfakeface_sd15/fake/55/10486955_1937-11-18_1975.jpg,0.02465023845434189,0.4309690296649933,0,xception,external_test,source_video_disjoint_v1,highpass_0.1,ffpp_validation_checkpoint,03cb9bba05b67e1478fb86a731857ba65f55a3db09e023035c9bcd9d442d8efc
467,C:\Users\Rohith Syam\Documents\UTS SEMESTER 3\image processing\idea 2\outputs\generalization_upgrade\02_external_bias_audit\normalized_external\fake\55\1196855_1923-06-24_2009.jpg,1,55/1196855_1923-06-24_2009.jpg,StableDiffusion_v1_5,external_normalized,deepfakeface_sd15/fake/55/1196855_1923-06-24_2009.jpg,0.34416282176971436,0.4309690296649933,0,xception,external_test,source_video_disjoint_v1,highpass_0.1,ffpp_validation_checkpoint,03cb9bba05b67e1478fb86a731857ba65f55a3db09e023035c9bcd9d442d8efc
468,C:\Users\Rohith Syam\Documents\UTS SEMESTER 3\image processing\idea 2\outputs\generalization_upgrade\02_external_bias_audit\normalized_external\fake\55\12428755_1982-12-09_2012.jpg,1,55/12428755_1982-12-09_2012.jpg,StableDiffusion_v1_5,external_normalized,deepfakeface_sd15/fake/55/12428755_1982-12-09_2012.jpg,0.4043079912662506,0.4309690296649933,0,xception,external_test,source_video_disjoint_v1,highpass_0.1,ffpp_validation_checkpoint,03cb9bba05b67e1478fb86a731857ba65f55a3db09e023035c9bcd9d442d8efc
469,C:\Users\Rohith Syam\Documents\UTS SEMESTER 3\image processing\idea 2\outputs\generalization_upgrade\02_external_bias_audit\normalized_external\fake\55\1349055_1974-02-24_2009.jpg,1,55/1349055_1974-02-24_2009.jpg,StableDiffusion_v1_5,external_normalized,deepfakeface_sd15/fake/55/1349055_1974-02-24_2009.jpg,0.3903389871120453,0.4309690296649933,0,xception,external_test,source_video_disjoint_v1,highpass_0.1,ffpp_validation_checkpoint,03cb9bba05b67e1478fb86a731857ba65f55a3db09e023035c9bcd9d442d8efc
470,C:\Users\Rohith Syam\Documents\UTS SEMESTER 3\image processing\idea 2\outputs\generalization_upgrade\02_external_bias_audit\normalized_external\fake\55\14640255_1980-09-24_2006.jpg,1,55/14640255_1980-09-24_2006.jpg,StableDiffusion_v1_5,external_normalized,deepfakeface_sd15/fake/55/14640255_1980-09-24_2006.jpg,0.569557785987854,0.4309690296649933,1,xception,external_test,source_video_disjoint_v1,highpass_0.1,ffpp_validation_checkpoint,03cb9bba05b67e1478fb86a731857ba65f55a3db09e023035c9bcd9d442d8efc
471,C:\Users\Rohith Syam\Documents\UTS SEMESTER 3\image processing\idea 2\outputs\generalization_upgrade\02_external_bias_audit\normalized_external\fake\55\14904555_1915-05-08_1941.jpg,1,55/14904555_1915-05-08_1941.jpg,StableDiffusion_v1_5,external_normalized,deepfakeface_sd15/fake/55/14904555_1915-05-08_1941.jpg,0.04993999004364014,0.4309690296649933,0,xception,external_test,source_video_disjoint_v1,highpass_0.1,ffpp_validation_checkpoint,03cb9bba05b67e1478fb86a731857ba65f55a3db09e023035c9bcd9d442d8efc
472,C:\Users\Rohith Syam\Documents\UTS SEMESTER 3\image processing\idea 2\outputs\generalization_upgrade\02_external_bias_audit\normalized_external\fake\55\15890555_1987-12-03_2014.jpg,1,55/15890555_1987-12-03_2014.jpg,StableDiffusion_v1_5,external_normalized,deepfakeface_sd15/fake/55/15890555_1987-12-03_2014.jpg,0.3100501000881195,0.4309690296649933,0,xception,external_test,source_video_disjoint_v1,highpass_0.1,ffpp_validation_checkpoint,03cb9bba05b67e1478fb86a731857ba65f55a3db09e023035c9bcd9d442d8efc
473,C:\Users\Rohith Syam\Documents\UTS SEMESTER 3\image processing\idea 2\outputs\generalization_upgrade\02_external_bias_audit\normalized_external\fake\55\1941155_1993-07-26_2010.jpg,1,55/1941155_1993-07-26_2010.jpg,StableDiffusion_v1_5,external_normalized,deepfakeface_sd15/fake/55/1941155_1993-07-26_2010.jpg,0.0490524023771286,0.4309690296649933,0,xception,external_test,source_video_disjoint_v1,highpass_0.1,ffpp_validation_checkpoint,03cb9bba05b67e1478fb86a731857ba65f55a3db09e023035c9bcd9d442d8efc
474,C:\Users\Rohith Syam\Documents\UTS SEMESTER 3\image processing\idea 2\outputs\generalization_upgrade\02_external_bias_audit\normalized_external\fake\55\20025755_1979-03-10_2009.jpg,1,55/20025755_1979-03-10_2009.jpg,StableDiffusion_v1_5,external_normalized,deepfakeface_sd15/fake/55/20025755_1979-03-10_2009.jpg,0.06267359852790833,0.4309690296649933,0,xception,external_test,source_video_disjoint_v1,highpass_0.1,ffpp_validation_checkpoint,03cb9bba05b67e1478fb86a731857ba65f55a3db09e023035c9bcd9d442d8efc
475,C:\Users\Rohith Syam\Documents\UTS SEMESTER 3\image processing\idea 2\outputs\generalization_upgrade\02_external_bias_audit\normalized_external\fake\55\2538755_1933-07-01_1979.jpg,1,55/2538755_1933-07-01_1979.jpg,StableDiffusion_v1_5,external_normalized,deepfakeface_sd15/fake/55/2538755_1933-07-01_1979.jpg,0.6010148525238037,0.4309690296649933,1,xception,external_test,source_video_disjoint_v1,highpass_0.1,ffpp_validation_checkpoint,03cb9bba05b67e1478fb86a731857ba65f55a3db09e023035c9bcd9d442d8efc
476,C:\Users\Rohith Syam\Documents\UTS SEMESTER 3\image processing\idea 2\outputs\generalization_upgrade\02_external_bias_audit\normalized_external\fake\55\27599355_1985-04-07_2007.jpg,1,55/27599355_1985-04-07_2007.jpg,StableDiffusion_v1_5,external_normalized,deepfakeface_sd15/fake/55/27599355_1985-04-07_2007.jpg,0.19248613715171814,0.4309690296649933,0,xception,external_test,source_video_disjoint_v1,highpass_0.1,ffpp_validation_checkpoint,03cb9bba05b67e1478fb86a731857ba65f55a3db09e023035c9bcd9d442d8efc
477,C:\Users\Rohith Syam\Documents\UTS SEMESTER 3\image processing\idea 2\outputs\generalization_upgrade\02_external_bias_audit\normalized_external\fake\55\2894455_1947-09-13_2009.jpg,1,55/2894455_1947-09-13_2009.jpg,StableDiffusion_v1_5,external_normalized,deepfakeface_sd15/fake/55/2894455_1947-09-13_2009.jpg,0.008050068281590939,0.4309690296649933,0,xception,external_test,source_video_disjoint_v1,highpass_0.1,ffpp_validation_checkpoint,03cb9bba05b67e1478fb86a731857ba65f55a3db09e023035c9bcd9d442d8efc
478,C:\Users\Rohith Syam\Documents\UTS SEMESTER 3\image processing\idea 2\outputs\generalization_upgrade\02_external_bias_audit\normalized_external\fake\55\295555_1950-07-15_2012.jpg,1,55/295555_1950-07-15_2012.jpg,StableDiffusion_v1_5,external_normalized,deepfakeface_sd15/fake/55/295555_1950-07-15_2012.jpg,0.03768999129533768,0.4309690296649933,0,xception,external_test,source_video_disjoint_v1,highpass_0.1,ffpp_validation_checkpoint,03cb9bba05b67e1478fb86a731857ba65f55a3db09e023035c9bcd9d442d8efc
479,C:\Users\Rohith Syam\Documents\UTS SEMESTER 3\image processing\idea 2\outputs\generalization_upgrade\02_external_bias_audit\normalized_external\fake\55\2979255_1982-08-30_2012.jpg,1,55/2979255_1982-08-30_2012.jpg,StableDiffusion_v1_5,external_normalized,deepfakeface_sd15/fake/55/2979255_1982-08-30_2012.jpg,0.003020607866346836,0.4309690296649933,0,xception,external_test,source_video_disjoint_v1,highpass_0.1,ffpp_validation_checkpoint,03cb9bba05b67e1478fb86a731857ba65f55a3db09e023035c9bcd9d442d8efc
480,C:\Users\Rohith Syam\Documents\UTS SEMESTER 3\image processing\idea 2\outputs\generalization_upgrade\02_external_bias_audit\normalized_external\fake\55\30781355_1963-07-29_2015.jpg,1,55/30781355_1963-07-29_2015.jpg,StableDiffusion_v1_5,external_normalized,deepfakeface_sd15/fake/55/30781355_1963-07-29_2015.jpg,0.29231011867523193,0.4309690296649933,0,xception,external_test,source_video_disjoint_v1,highpass_0.1,ffpp_validation_checkpoint,03cb9bba05b67e1478fb86a731857ba65f55a3db09e023035c9bcd9d442d8efc
481,C:\Users\Rohith Syam\Documents\UTS SEMESTER 3\image processing\idea 2\outputs\generalization_upgrade\02_external_bias_audit\normalized_external\fake\55\31689055_1988-03-014_2013.jpg,1,55/31689055_1988-03-014_2013.jpg,StableDiffusion_v1_5,external_normalized,deepfakeface_sd15/fake/55/31689055_1988-03-014_2013.jpg,0.31769508123397827,0.4309690296649933,0,xception,external_test,source_video_disjoint_v1,highpass_0.1,ffpp_validation_checkpoint,03cb9bba05b67e1478fb86a731857ba65f55a3db09e023035c9bcd9d442d8efc
482,C:\Users\Rohith Syam\Documents\UTS SEMESTER 3\image processing\idea 2\outputs\generalization_upgrade\02_external_bias_audit\normalized_external\fake\55\3523055_1984-05-01_2014.jpg,1,55/3523055_1984-05-01_2014.jpg,StableDiffusion_v1_5,external_normalized,deepfakeface_sd15/fake/55/3523055_1984-05-01_2014.jpg,0.33337709307670593,0.4309690296649933,0,xception,external_test,source_video_disjoint_v1,highpass_0.1,ffpp_validation_checkpoint,03cb9bba05b67e1478fb86a731857ba65f55a3db09e023035c9bcd9d442d8efc
483,C:\Users\Rohith Syam\Documents\UTS SEMESTER 3\image processing\idea 2\outputs\generalization_upgrade\02_external_bias_audit\normalized_external\fake\55\3566855_1977-08-09_2010.jpg,1,55/3566855_1977-08-09_2010.jpg,StableDiffusion_v1_5,external_normalized,deepfakeface_sd15/fake/55/3566855_1977-08-09_2010.jpg,0.013569754548370838,0.4309690296649933,0,xception,external_test,source_video_disjoint_v1,highpass_0.1,ffpp_validation_checkpoint,03cb9bba05b67e1478fb86a731857ba65f55a3db09e023035c9bcd9d442d8efc
484,C:\Users\Rohith Syam\Documents\UTS SEMESTER 3\image processing\idea 2\outputs\generalization_upgrade\02_external_bias_audit\normalized_external\fake\55\36326355_1990-10-27_2014.jpg,1,55/36326355_1990-10-27_2014.jpg,StableDiffusion_v1_5,external_normalized,deepfakeface_sd15/fake/55/36326355_1990-10-27_2014.jpg,0.4027729332447052,0.4309690296649933,0,xception,external_test,source_video_disjoint_v1,highpass_0.1,ffpp_validation_checkpoint,03cb9bba05b67e1478fb86a731857ba65f55a3db09e023035c9bcd9d442d8efc
485,C:\Users\Rohith Syam\Documents\UTS SEMESTER 3\image processing\idea 2\outputs\generalization_upgrade\02_external_bias_audit\normalized_external\fake\55\38909755_1989-02-21_2013.jpg,1,55/38909755_1989-02-21_2013.jpg,StableDiffusion_v1_5,external_normalized,deepfakeface_sd15/fake/55/38909755_1989-02-21_2013.jpg,0.6433581113815308,0.4309690296649933,1,xception,external_test,source_video_disjoint_v1,highpass_0.1,ffpp_validation_checkpoint,03cb9bba05b67e1478fb86a731857ba65f55a3db09e023035c9bcd9d442d8efc
486,C:\Users\Rohith Syam\Documents\UTS SEMESTER 3\image processing\idea 2\outputs\generalization_upgrade\02_external_bias_audit\normalized_external\fake\55\39790655_2013-07-22_2014.jpg,1,55/39790655_2013-07-22_2014.jpg,StableDiffusion_v1_5,external_normalized,deepfakeface_sd15/fake/55/39790655_2013-07-22_2014.jpg,0.006683480925858021,0.4309690296649933,0,xception,external_test,source_video_disjoint_v1,highpass_0.1,ffpp_validation_checkpoint,03cb9bba05b67e1478fb86a731857ba65f55a3db09e023035c9bcd9d442d8efc
487,C:\Users\Rohith Syam\Documents\UTS SEMESTER 3\image processing\idea 2\outputs\generalization_upgrade\02_external_bias_audit\normalized_external\fake\55\42718155_1946-01-25_2006.jpg,1,55/42718155_1946-01-25_2006.jpg,StableDiffusion_v1_5,external_normalized,deepfakeface_sd15/fake/55/42718155_1946-01-25_2006.jpg,0.00028979231137782335,0.4309690296649933,0,xception,external_test,source_video_disjoint_v1,highpass_0.1,ffpp_validation_checkpoint,03cb9bba05b67e1478fb86a731857ba65f55a3db09e023035c9bcd9d442d8efc
488,C:\Users\Rohith Syam\Documents\UTS SEMESTER 3\image processing\idea 2\outputs\generalization_upgrade\02_external_bias_audit\normalized_external\fake\55\43284855_1980-08-11_2012.jpg,1,55/43284855_1980-08-11_2012.jpg,StableDiffusion_v1_5,external_normalized,deepfakeface_sd15/fake/55/43284855_1980-08-11_2012.jpg,0.027360761538147926,0.4309690296649933,0,xception,external_test,source_video_disjoint_v1,highpass_0.1,ffpp_validation_checkpoint,03cb9bba05b67e1478fb86a731857ba65f55a3db09e023035c9bcd9d442d8efc
489,C:\Users\Rohith Syam\Documents\UTS SEMESTER 3\image processing\idea 2\outputs\generalization_upgrade\02_external_bias_audit\normalized_external\fake\55\45263455_1979-05-12_2015.jpg,1,55/45263455_1979-05-12_2015.jpg,StableDiffusion_v1_5,external_normalized,deepfakeface_sd15/fake/55/45263455_1979-05-12_2015.jpg,0.011464850977063179,0.4309690296649933,0,xception,external_test,source_video_disjoint_v1,highpass_0.1,ffpp_validation_checkpoint,03cb9bba05b67e1478fb86a731857ba65f55a3db09e023035c9bcd9d442d8efc
490,C:\Users\Rohith Syam\Documents\UTS SEMESTER 3\image processing\idea 2\outputs\generalization_upgrade\02_external_bias_audit\normalized_external\fake\55\46238055_1947-10-19_1980.jpg,1,55/46238055_1947-10-19_1980.jpg,StableDiffusion_v1_5,external_normalized,deepfakeface_sd15/fake/55/46238055_1947-10-19_1980.jpg,0.013341658748686314,0.4309690296649933,0,xception,external_test,source_video_disjoint_v1,highpass_0.1,ffpp_validation_checkpoint,03cb9bba05b67e1478fb86a731857ba65f55a3db09e023035c9bcd9d442d8efc
491,C:\Users\Rohith Syam\Documents\UTS SEMESTER 3\image processing\idea 2\outputs\generalization_upgrade\02_external_bias_audit\normalized_external\fake\55\72655_1975-10-12_2004.jpg,1,55/72655_1975-10-12_2004.jpg,StableDiffusion_v1_5,external_normalized,deepfakeface_sd15/fake/55/72655_1975-10-12_2004.jpg,0.12463317066431046,0.4309690296649933,0,xception,external_test,source_video_disjoint_v1,highpass_0.1,ffpp_validation_checkpoint,03cb9bba05b67e1478fb86a731857ba65f55a3db09e023035c9bcd9d442d8efc
492,C:\Users\Rohith Syam\Documents\UTS SEMESTER 3\image processing\idea 2\outputs\generalization_upgrade\02_external_bias_audit\normalized_external\fake\55\870155_1962-12-01_2010.jpg,1,55/870155_1962-12-01_2010.jpg,StableDiffusion_v1_5,external_normalized,deepfakeface_sd15/fake/55/870155_1962-12-01_2010.jpg,0.09251062572002411,0.4309690296649933,0,xception,external_test,source_video_disjoint_v1,highpass_0.1,ffpp_validation_checkpoint,03cb9bba05b67e1478fb86a731857ba65f55a3db09e023035c9bcd9d442d8efc
493,C:\Users\Rohith Syam\Documents\UTS SEMESTER 3\image processing\idea 2\outputs\generalization_upgrade\02_external_bias_audit\normalized_external\fake\69\41427969_1939-03-30_1972.jpg,1,69/41427969_1939-03-30_1972.jpg,StableDiffusion_v1_5,external_normalized,deepfakeface_sd15/fake/69/41427969_1939-03-30_1972.jpg,0.0038896440528333187,0.4309690296649933,0,xception,external_test,source_video_disjoint_v1,highpass_0.1,ffpp_validation_checkpoint,03cb9bba05b67e1478fb86a731857ba65f55a3db09e023035c9bcd9d442d8efc
494,C:\Users\Rohith Syam\Documents\UTS SEMESTER 3\image processing\idea 2\outputs\generalization_upgrade\02_external_bias_audit\normalized_external\fake\71\12738371_1985-05-25_2015.jpg,1,71/12738371_1985-05-25_2015.jpg,StableDiffusion_v1_5,external_normalized,deepfakeface_sd15/fake/71/12738371_1985-05-25_2015.jpg,0.013352018781006336,0.4309690296649933,0,xception,external_test,source_video_disjoint_v1,highpass_0.1,ffpp_validation_checkpoint,03cb9bba05b67e1478fb86a731857ba65f55a3db09e023035c9bcd9d442d8efc
495,C:\Users\Rohith Syam\Documents\UTS SEMESTER 3\image processing\idea 2\outputs\generalization_upgrade\02_external_bias_audit\normalized_external\fake\71\14220271_1972-11-30_2008.jpg,1,71/14220271_1972-11-30_2008.jpg,StableDiffusion_v1_5,external_normalized,deepfakeface_sd15/fake/71/14220271_1972-11-30_2008.jpg,0.42222860455513,0.4309690296649933,0,xception,external_test,source_video_disjoint_v1,highpass_0.1,ffpp_validation_checkpoint,03cb9bba05b67e1478fb86a731857ba65f55a3db09e023035c9bcd9d442d8efc
496,C:\Users\Rohith Syam\Documents\UTS SEMESTER 3\image processing\idea 2\outputs\generalization_upgrade\02_external_bias_audit\normalized_external\fake\71\165871_1942-09-30_1950.jpg,1,71/165871_1942-09-30_1950.jpg,StableDiffusion_v1_5,external_normalized,deepfakeface_sd15/fake/71/165871_1942-09-30_1950.jpg,0.05367550998926163,0.4309690296649933,0,xception,external_test,source_video_disjoint_v1,highpass_0.1,ffpp_validation_checkpoint,03cb9bba05b67e1478fb86a731857ba65f55a3db09e023035c9bcd9d442d8efc
497,C:\Users\Rohith Syam\Documents\UTS SEMESTER 3\image processing\idea 2\outputs\generalization_upgrade\02_external_bias_audit\normalized_external\fake\71\17112571_1992-02-27_2012.jpg,1,71/17112571_1992-02-27_2012.jpg,StableDiffusion_v1_5,external_normalized,deepfakeface_sd15/fake/71/17112571_1992-02-27_2012.jpg,0.006979644298553467,0.4309690296649933,0,xception,external_test,source_video_disjoint_v1,highpass_0.1,ffpp_validation_checkpoint,03cb9bba05b67e1478fb86a731857ba65f55a3db09e023035c9bcd9d442d8efc
498,C:\Users\Rohith Syam\Documents\UTS SEMESTER 3\image processing\idea 2\outputs\generalization_upgrade\02_external_bias_audit\normalized_external\fake\71\1854071_1958-08-14_1991.jpg,1,71/1854071_1958-08-14_1991.jpg,StableDiffusion_v1_5,external_normalized,deepfakeface_sd15/fake/71/1854071_1958-08-14_1991.jpg,0.01351478137075901,0.4309690296649933,0,xception,external_test,source_video_disjoint_v1,highpass_0.1,ffpp_validation_checkpoint,03cb9bba05b67e1478fb86a731857ba65f55a3db09e023035c9bcd9d442d8efc
499,C:\Users\Rohith Syam\Documents\UTS SEMESTER 3\image processing\idea 2\outputs\generalization_upgrade\02_external_bias_audit\normalized_external\fake\71\18720671_1986-06-23_2012.jpg,1,71/18720671_1986-06-23_2012.jpg,StableDiffusion_v1_5,external_normalized,deepfakeface_sd15/fake/71/18720671_1986-06-23_2012.jpg,0.05344860628247261,0.4309690296649933,0,xception,external_test,source_video_disjoint_v1,highpass_0.1,ffpp_validation_checkpoint,03cb9bba05b67e1478fb86a731857ba65f55a3db09e023035c9bcd9d442d8efc
500,C:\Users\Rohith Syam\Documents\UTS SEMESTER 3\image processing\idea 2\outputs\generalization_upgrade\02_external_bias_audit\normalized_external\fake\71\19476171_1989-08-02_2014.jpg,1,71/19476171_1989-08-02_2014.jpg,StableDiffusion_v1_5,external_normalized,deepfakeface_sd15/fake/71/19476171_1989-08-02_2014.jpg,0.18506185710430145,0.4309690296649933,0,xception,external_test,source_video_disjoint_v1,highpass_0.1,ffpp_validation_checkpoint,03cb9bba05b67e1478fb86a731857ba65f55a3db09e023035c9bcd9d442d8efc
501,C:\Users\Rohith Syam\Documents\UTS SEMESTER 3\image processing\idea 2\outputs\generalization_upgrade\02_external_bias_audit\normalized_external\fake\71\23399171_1991-05-22_2009.jpg,1,71/23399171_1991-05-22_2009.jpg,StableDiffusion_v1_5,external_normalized,deepfakeface_sd15/fake/71/23399171_1991-05-22_2009.jpg,0.3506949245929718,0.4309690296649933,0,xception,external_test,source_video_disjoint_v1,highpass_0.1,ffpp_validation_checkpoint,03cb9bba05b67e1478fb86a731857ba65f55a3db09e023035c9bcd9d442d8efc
502,C:\Users\Rohith Syam\Documents\UTS SEMESTER 3\image processing\idea 2\outputs\generalization_upgrade\02_external_bias_audit\normalized_external\fake\71\2492371_1942-11-06_1965.jpg,1,71/2492371_1942-11-06_1965.jpg,StableDiffusion_v1_5,external_normalized,deepfakeface_sd15/fake/71/2492371_1942-11-06_1965.jpg,0.026232697069644928,0.4309690296649933,0,xception,external_test,source_video_disjoint_v1,highpass_0.1,ffpp_validation_checkpoint,03cb9bba05b67e1478fb86a731857ba65f55a3db09e023035c9bcd9d442d8efc
503,C:\Users\Rohith Syam\Documents\UTS SEMESTER 3\image processing\idea 2\outputs\generalization_upgrade\02_external_bias_audit\normalized_external\fake\71\25422271_1990-09-11_2014.jpg,1,71/25422271_1990-09-11_2014.jpg,StableDiffusion_v1_5,external_normalized,deepfakeface_sd15/fake/71/25422271_1990-09-11_2014.jpg,0.03872999921441078,0.4309690296649933,0,xception,external_test,source_video_disjoint_v1,highpass_0.1,ffpp_validation_checkpoint,03cb9bba05b67e1478fb86a731857ba65f55a3db09e023035c9bcd9d442d8efc
504,C:\Users\Rohith Syam\Documents\UTS SEMESTER 3\image processing\idea 2\outputs\generalization_upgrade\02_external_bias_audit\normalized_external\fake\71\27164771_1990-09-17_2009.jpg,1,71/27164771_1990-09-17_2009.jpg,StableDiffusion_v1_5,external_normalized,deepfakeface_sd15/fake/71/27164771_1990-09-17_2009.jpg,0.013248373754322529,0.4309690296649933,0,xception,external_test,source_video_disjoint_v1,highpass_0.1,ffpp_validation_checkpoint,03cb9bba05b67e1478fb86a731857ba65f55a3db09e023035c9bcd9d442d8efc
505,C:\Users\Rohith Syam\Documents\UTS SEMESTER 3\image processing\idea 2\outputs\generalization_upgrade\02_external_bias_audit\normalized_external\fake\71\27987171_1987-05-10_2013.jpg,1,71/27987171_1987-05-10_2013.jpg,StableDiffusion_v1_5,external_normalized,deepfakeface_sd15/fake/71/27987171_1987-05-10_2013.jpg,0.003769057337194681,0.4309690296649933,0,xception,external_test,source_video_disjoint_v1,highpass_0.1,ffpp_validation_checkpoint,03cb9bba05b67e1478fb86a731857ba65f55a3db09e023035c9bcd9d442d8efc
506,C:\Users\Rohith Syam\Documents\UTS SEMESTER 3\image processing\idea 2\outputs\generalization_upgrade\02_external_bias_audit\normalized_external\fake\71\29084271_1991-09-22_2014.jpg,1,71/29084271_1991-09-22_2014.jpg,StableDiffusion_v1_5,external_normalized,deepfakeface_sd15/fake/71/29084271_1991-09-22_2014.jpg,0.06211366131901741,0.4309690296649933,0,xception,external_test,source_video_disjoint_v1,highpass_0.1,ffpp_validation_checkpoint,03cb9bba05b67e1478fb86a731857ba65f55a3db09e023035c9bcd9d442d8efc
507,C:\Users\Rohith Syam\Documents\UTS SEMESTER 3\image processing\idea 2\outputs\generalization_upgrade\02_external_bias_audit\normalized_external\fake\71\30657971_1992-05-11_2014.jpg,1,71/30657971_1992-05-11_2014.jpg,StableDiffusion_v1_5,external_normalized,deepfakeface_sd15/fake/71/30657971_1992-05-11_2014.jpg,0.268615186214447,0.4309690296649933,0,xception,external_test,source_video_disjoint_v1,highpass_0.1,ffpp_validation_checkpoint,03cb9bba05b67e1478fb86a731857ba65f55a3db09e023035c9bcd9d442d8efc
508,C:\Users\Rohith Syam\Documents\UTS SEMESTER 3\image processing\idea 2\outputs\generalization_upgrade\02_external_bias_audit\normalized_external\fake\71\31706371_1989-01-14_2011.jpg,1,71/31706371_1989-01-14_2011.jpg,StableDiffusion_v1_5,external_normalized,deepfakeface_sd15/fake/71/31706371_1989-01-14_2011.jpg,0.2163863182067871,0.4309690296649933,0,xception,external_test,source_video_disjoint_v1,highpass_0.1,ffpp_validation_checkpoint,03cb9bba05b67e1478fb86a731857ba65f55a3db09e023035c9bcd9d442d8efc
509,C:\Users\Rohith Syam\Documents\UTS SEMESTER 3\image processing\idea 2\outputs\generalization_upgrade\02_external_bias_audit\normalized_external\fake\71\33021371_1988-02-18_2013.jpg,1,71/33021371_1988-02-18_2013.jpg,StableDiffusion_v1_5,external_normalized,deepfakeface_sd15/fake/71/33021371_1988-02-18_2013.jpg,0.39855116605758667,0.4309690296649933,0,xception,external_test,source_video_disjoint_v1,highpass_0.1,ffpp_validation_checkpoint,03cb9bba05b67e1478fb86a731857ba65f55a3db09e023035c9bcd9d442d8efc
510,C:\Users\Rohith Syam\Documents\UTS SEMESTER 3\image processing\idea 2\outputs\generalization_upgrade\02_external_bias_audit\normalized_external\fake\71\3312671_1985-08-02_2008.jpg,1,71/3312671_1985-08-02_2008.jpg,StableDiffusion_v1_5,external_normalized,deepfakeface_sd15/fake/71/3312671_1985-08-02_2008.jpg,0.015605511143803596,0.4309690296649933,0,xception,external_test,source_video_disjoint_v1,highpass_0.1,ffpp_validation_checkpoint,03cb9bba05b67e1478fb86a731857ba65f55a3db09e023035c9bcd9d442d8efc
511,C:\Users\Rohith Syam\Documents\UTS SEMESTER 3\image processing\idea 2\outputs\generalization_upgrade\02_external_bias_audit\normalized_external\fake\71\35188571_1983-09-18_2009.jpg,1,71/35188571_1983-09-18_2009.jpg,StableDiffusion_v1_5,external_normalized,deepfakeface_sd15/fake/71/35188571_1983-09-18_2009.jpg,0.8318067193031311,0.4309690296649933,1,xception,external_test,source_video_disjoint_v1,highpass_0.1,ffpp_validation_checkpoint,03cb9bba05b67e1478fb86a731857ba65f55a3db09e023035c9bcd9d442d8efc
512,C:\Users\Rohith Syam\Documents\UTS SEMESTER 3\image processing\idea 2\outputs\generalization_upgrade\02_external_bias_audit\normalized_external\fake\71\42650171_1946-12-10_2013.jpg,1,71/42650171_1946-12-10_2013.jpg,StableDiffusion_v1_5,external_normalized,deepfakeface_sd15/fake/71/42650171_1946-12-10_2013.jpg,0.0027378778904676437,0.4309690296649933,0,xception,external_test,source_video_disjoint_v1,highpass_0.1,ffpp_validation_checkpoint,03cb9bba05b67e1478fb86a731857ba65f55a3db09e023035c9bcd9d442d8efc
513,C:\Users\Rohith Syam\Documents\UTS SEMESTER 3\image processing\idea 2\outputs\generalization_upgrade\02_external_bias_audit\normalized_external\fake\71\5081071_1925-11-13_1953.jpg,1,71/5081071_1925-11-13_1953.jpg,StableDiffusion_v1_5,external_normalized,deepfakeface_sd15/fake/71/5081071_1925-11-13_1953.jpg,0.003242879407480359,0.4309690296649933,0,xception,external_test,source_video_disjoint_v1,highpass_0.1,ffpp_validation_checkpoint,03cb9bba05b67e1478fb86a731857ba65f55a3db09e023035c9bcd9d442d8efc
514,C:\Users\Rohith Syam\Documents\UTS SEMESTER 3\image processing\idea 2\outputs\generalization_upgrade\02_external_bias_audit\normalized_external\fake\71\566471_1971-05-18_2011.jpg,1,71/566471_1971-05-18_2011.jpg,StableDiffusion_v1_5,external_normalized,deepfakeface_sd15/fake/71/566471_1971-05-18_2011.jpg,0.5340718030929565,0.4309690296649933,1,xception,external_test,source_video_disjoint_v1,highpass_0.1,ffpp_validation_checkpoint,03cb9bba05b67e1478fb86a731857ba65f55a3db09e023035c9bcd9d442d8efc
515,C:\Users\Rohith Syam\Documents\UTS SEMESTER 3\image processing\idea 2\outputs\generalization_upgrade\02_external_bias_audit\normalized_external\fake\71\703371_1918-03-12_1980.jpg,1,71/703371_1918-03-12_1980.jpg,StableDiffusion_v1_5,external_normalized,deepfakeface_sd15/fake/71/703371_1918-03-12_1980.jpg,0.13292677700519562,0.4309690296649933,0,xception,external_test,source_video_disjoint_v1,highpass_0.1,ffpp_validation_checkpoint,03cb9bba05b67e1478fb86a731857ba65f55a3db09e023035c9bcd9d442d8efc
516,C:\Users\Rohith Syam\Documents\UTS SEMESTER 3\image processing\idea 2\outputs\generalization_upgrade\02_external_bias_audit\normalized_external\fake\71\775271_1959-09-16_2011.jpg,1,71/775271_1959-09-16_2011.jpg,StableDiffusion_v1_5,external_normalized,deepfakeface_sd15/fake/71/775271_1959-09-16_2011.jpg,0.04003603011369705,0.4309690296649933,0,xception,external_test,source_video_disjoint_v1,highpass_0.1,ffpp_validation_checkpoint,03cb9bba05b67e1478fb86a731857ba65f55a3db09e023035c9bcd9d442d8efc
517,C:\Users\Rohith Syam\Documents\UTS SEMESTER 3\image processing\idea 2\outputs\generalization_upgrade\02_external_bias_audit\normalized_external\fake\71\8334671_1931-02-14_1966.jpg,1,71/8334671_1931-02-14_1966.jpg,StableDiffusion_v1_5,external_normalized,deepfakeface_sd15/fake/71/8334671_1931-02-14_1966.jpg,0.3064265251159668,0.4309690296649933,0,xception,external_test,source_video_disjoint_v1,highpass_0.1,ffpp_validation_checkpoint,03cb9bba05b67e1478fb86a731857ba65f55a3db09e023035c9bcd9d442d8efc
518,C:\Users\Rohith Syam\Documents\UTS SEMESTER 3\image processing\idea 2\outputs\generalization_upgrade\02_external_bias_audit\normalized_external\fake\71\9069371_1986-03-19_2013.jpg,1,71/9069371_1986-03-19_2013.jpg,StableDiffusion_v1_5,external_normalized,deepfakeface_sd15/fake/71/9069371_1986-03-19_2013.jpg,0.5490538477897644,0.4309690296649933,1,xception,external_test,source_video_disjoint_v1,highpass_0.1,ffpp_validation_checkpoint,03cb9bba05b67e1478fb86a731857ba65f55a3db09e023035c9bcd9d442d8efc
519,C:\Users\Rohith Syam\Documents\UTS SEMESTER 3\image processing\idea 2\outputs\generalization_upgrade\02_external_bias_audit\normalized_external\fake\71\967871_1972-12-15_2008.jpg,1,71/967871_1972-12-15_2008.jpg,StableDiffusion_v1_5,external_normalized,deepfakeface_sd15/fake/71/967871_1972-12-15_2008.jpg,0.04739804565906525,0.4309690296649933,0,xception,external_test,source_video_disjoint_v1,highpass_0.1,ffpp_validation_checkpoint,03cb9bba05b67e1478fb86a731857ba65f55a3db09e023035c9bcd9d442d8efc
520,C:\Users\Rohith Syam\Documents\UTS SEMESTER 3\image processing\idea 2\outputs\generalization_upgrade\02_external_bias_audit\normalized_external\fake\71\9845271_1955-09-16_2001.jpg,1,71/9845271_1955-09-16_2001.jpg,StableDiffusion_v1_5,external_normalized,deepfakeface_sd15/fake/71/9845271_1955-09-16_2001.jpg,0.0021731581073254347,0.4309690296649933,0,xception,external_test,source_video_disjoint_v1,highpass_0.1,ffpp_validation_checkpoint,03cb9bba05b67e1478fb86a731857ba65f55a3db09e023035c9bcd9d442d8efc
521,C:\Users\Rohith Syam\Documents\UTS SEMESTER 3\image processing\idea 2\outputs\generalization_upgrade\02_external_bias_audit\normalized_external\fake\73\1013073_1978-05-24_2010.jpg,1,73/1013073_1978-05-24_2010.jpg,StableDiffusion_v1_5,external_normalized,deepfakeface_sd15/fake/73/1013073_1978-05-24_2010.jpg,0.00869100820273161,0.4309690296649933,0,xception,external_test,source_video_disjoint_v1,highpass_0.1,ffpp_validation_checkpoint,03cb9bba05b67e1478fb86a731857ba65f55a3db09e023035c9bcd9d442d8efc
522,C:\Users\Rohith Syam\Documents\UTS SEMESTER 3\image processing\idea 2\outputs\generalization_upgrade\02_external_bias_audit\normalized_external\fake\73\12464473_1935-03-06_1958.jpg,1,73/12464473_1935-03-06_1958.jpg,StableDiffusion_v1_5,external_normalized,deepfakeface_sd15/fake/73/12464473_1935-03-06_1958.jpg,0.02524678409099579,0.4309690296649933,0,xception,external_test,source_video_disjoint_v1,highpass_0.1,ffpp_validation_checkpoint,03cb9bba05b67e1478fb86a731857ba65f55a3db09e023035c9bcd9d442d8efc
523,C:\Users\Rohith Syam\Documents\UTS SEMESTER 3\image processing\idea 2\outputs\generalization_upgrade\02_external_bias_audit\normalized_external\fake\73\12786073_1984-05-18_2011.jpg,1,73/12786073_1984-05-18_2011.jpg,StableDiffusion_v1_5,external_normalized,deepfakeface_sd15/fake/73/12786073_1984-05-18_2011.jpg,0.07502587884664536,0.4309690296649933,0,xception,external_test,source_video_disjoint_v1,highpass_0.1,ffpp_validation_checkpoint,03cb9bba05b67e1478fb86a731857ba65f55a3db09e023035c9bcd9d442d8efc
524,C:\Users\Rohith Syam\Documents\UTS SEMESTER 3\image processing\idea 2\outputs\generalization_upgrade\02_external_bias_audit\normalized_external\fake\73\16855173_1937-10-21_2008.jpg,1,73/16855173_1937-10-21_2008.jpg,StableDiffusion_v1_5,external_normalized,deepfakeface_sd15/fake/73/16855173_1937-10-21_2008.jpg,0.7041574120521545,0.4309690296649933,1,xception,external_test,source_video_disjoint_v1,highpass_0.1,ffpp_validation_checkpoint,03cb9bba05b67e1478fb86a731857ba65f55a3db09e023035c9bcd9d442d8efc
525,C:\Users\Rohith Syam\Documents\UTS SEMESTER 3\image processing\idea 2\outputs\generalization_upgrade\02_external_bias_audit\normalized_external\fake\73\18933173_1984-05-13_2011.jpg,1,73/18933173_1984-05-13_2011.jpg,StableDiffusion_v1_5,external_normalized,deepfakeface_sd15/fake/73/18933173_1984-05-13_2011.jpg,0.008846542797982693,0.4309690296649933,0,xception,external_test,source_video_disjoint_v1,highpass_0.1,ffpp_validation_checkpoint,03cb9bba05b67e1478fb86a731857ba65f55a3db09e023035c9bcd9d442d8efc
526,C:\Users\Rohith Syam\Documents\UTS SEMESTER 3\image processing\idea 2\outputs\generalization_upgrade\02_external_bias_audit\normalized_external\fake\73\20989373_1938-09-15_1988.jpg,1,73/20989373_1938-09-15_1988.jpg,StableDiffusion_v1_5,external_normalized,deepfakeface_sd15/fake/73/20989373_1938-09-15_1988.jpg,0.0399785079061985,0.4309690296649933,0,xception,external_test,source_video_disjoint_v1,highpass_0.1,ffpp_validation_checkpoint,03cb9bba05b67e1478fb86a731857ba65f55a3db09e023035c9bcd9d442d8efc
527,C:\Users\Rohith Syam\Documents\UTS SEMESTER 3\image processing\idea 2\outputs\generalization_upgrade\02_external_bias_audit\normalized_external\fake\73\21741673_1995-03-01_2009.jpg,1,73/21741673_1995-03-01_2009.jpg,StableDiffusion_v1_5,external_normalized,deepfakeface_sd15/fake/73/21741673_1995-03-01_2009.jpg,0.4771733283996582,0.4309690296649933,1,xception,external_test,source_video_disjoint_v1,highpass_0.1,ffpp_validation_checkpoint,03cb9bba05b67e1478fb86a731857ba65f55a3db09e023035c9bcd9d442d8efc
528,C:\Users\Rohith Syam\Documents\UTS SEMESTER 3\image processing\idea 2\outputs\generalization_upgrade\02_external_bias_audit\normalized_external\fake\73\2210573_1958-04-04_2007.jpg,1,73/2210573_1958-04-04_2007.jpg,StableDiffusion_v1_5,external_normalized,deepfakeface_sd15/fake/73/2210573_1958-04-04_2007.jpg,0.3927730619907379,0.4309690296649933,0,xception,external_test,source_video_disjoint_v1,highpass_0.1,ffpp_validation_checkpoint,03cb9bba05b67e1478fb86a731857ba65f55a3db09e023035c9bcd9d442d8efc
529,C:\Users\Rohith Syam\Documents\UTS SEMESTER 3\image processing\idea 2\outputs\generalization_upgrade\02_external_bias_audit\normalized_external\fake\73\24079373_1979-07-15_2009.jpg,1,73/24079373_1979-07-15_2009.jpg,StableDiffusion_v1_5,external_normalized,deepfakeface_sd15/fake/73/24079373_1979-07-15_2009.jpg,0.028545670211315155,0.4309690296649933,0,xception,external_test,source_video_disjoint_v1,highpass_0.1,ffpp_validation_checkpoint,03cb9bba05b67e1478fb86a731857ba65f55a3db09e023035c9bcd9d442d8efc
530,C:\Users\Rohith Syam\Documents\UTS SEMESTER 3\image processing\idea 2\outputs\generalization_upgrade\02_external_bias_audit\normalized_external\fake\73\25286273_1990-11-02_2013.jpg,1,73/25286273_1990-11-02_2013.jpg,StableDiffusion_v1_5,external_normalized,deepfakeface_sd15/fake/73/25286273_1990-11-02_2013.jpg,0.02942458726465702,0.4309690296649933,0,xception,external_test,source_video_disjoint_v1,highpass_0.1,ffpp_validation_checkpoint,03cb9bba05b67e1478fb86a731857ba65f55a3db09e023035c9bcd9d442d8efc
531,C:\Users\Rohith Syam\Documents\UTS SEMESTER 3\image processing\idea 2\outputs\generalization_upgrade\02_external_bias_audit\normalized_external\fake\73\27347573_1992-06-02_2010.jpg,1,73/27347573_1992-06-02_2010.jpg,StableDiffusion_v1_5,external_normalized,deepfakeface_sd15/fake/73/27347573_1992-06-02_2010.jpg,0.4129902422428131,0.4309690296649933,0,xception,external_test,source_video_disjoint_v1,highpass_0.1,ffpp_validation_checkpoint,03cb9bba05b67e1478fb86a731857ba65f55a3db09e023035c9bcd9d442d8efc
532,C:\Users\Rohith Syam\Documents\UTS SEMESTER 3\image processing\idea 2\outputs\generalization_upgrade\02_external_bias_audit\normalized_external\fake\73\3365773_1949-06-24_1985.jpg,1,73/3365773_1949-06-24_1985.jpg,StableDiffusion_v1_5,external_normalized,deepfakeface_sd15/fake/73/3365773_1949-06-24_1985.jpg,0.0015425810124725103,0.4309690296649933,0,xception,external_test,source_video_disjoint_v1,highpass_0.1,ffpp_validation_checkpoint,03cb9bba05b67e1478fb86a731857ba65f55a3db09e023035c9bcd9d442d8efc
533,C:\Users\Rohith Syam\Documents\UTS SEMESTER 3\image processing\idea 2\outputs\generalization_upgrade\02_external_bias_audit\normalized_external\fake\73\34239373_1994-11-30_2014.jpg,1,73/34239373_1994-11-30_2014.jpg,StableDiffusion_v1_5,external_normalized,deepfakeface_sd15/fake/73/34239373_1994-11-30_2014.jpg,0.5171281695365906,0.4309690296649933,1,xception,external_test,source_video_disjoint_v1,highpass_0.1,ffpp_validation_checkpoint,03cb9bba05b67e1478fb86a731857ba65f55a3db09e023035c9bcd9d442d8efc
534,C:\Users\Rohith Syam\Documents\UTS SEMESTER 3\image processing\idea 2\outputs\generalization_upgrade\02_external_bias_audit\normalized_external\fake\73\3517073_1984-09-10_2011.jpg,1,73/3517073_1984-09-10_2011.jpg,StableDiffusion_v1_5,external_normalized,deepfakeface_sd15/fake/73/3517073_1984-09-10_2011.jpg,0.0009911063825711608,0.4309690296649933,0,xception,external_test,source_video_disjoint_v1,highpass_0.1,ffpp_validation_checkpoint,03cb9bba05b67e1478fb86a731857ba65f55a3db09e023035c9bcd9d442d8efc
535,C:\Users\Rohith Syam\Documents\UTS SEMESTER 3\image processing\idea 2\outputs\generalization_upgrade\02_external_bias_audit\normalized_external\fake\73\36499973_1985-09-06_2011.jpg,1,73/36499973_1985-09-06_2011.jpg,StableDiffusion_v1_5,external_normalized,deepfakeface_sd15/fake/73/36499973_1985-09-06_2011.jpg,0.01758440211415291,0.4309690296649933,0,xception,external_test,source_video_disjoint_v1,highpass_0.1,ffpp_validation_checkpoint,03cb9bba05b67e1478fb86a731857ba65f55a3db09e023035c9bcd9d442d8efc
536,C:\Users\Rohith Syam\Documents\UTS SEMESTER 3\image processing\idea 2\outputs\generalization_upgrade\02_external_bias_audit\normalized_external\fake\73\37985373_1988-12-05_2014.jpg,1,73/37985373_1988-12-05_2014.jpg,StableDiffusion_v1_5,external_normalized,deepfakeface_sd15/fake/73/37985373_1988-12-05_2014.jpg,0.0011361560318619013,0.4309690296649933,0,xception,external_test,source_video_disjoint_v1,highpass_0.1,ffpp_validation_checkpoint,03cb9bba05b67e1478fb86a731857ba65f55a3db09e023035c9bcd9d442d8efc
537,C:\Users\Rohith Syam\Documents\UTS SEMESTER 3\image processing\idea 2\outputs\generalization_upgrade\02_external_bias_audit\normalized_external\fake\73\38089073_1988-06-26_2014.jpg,1,73/38089073_1988-06-26_2014.jpg,StableDiffusion_v1_5,external_normalized,deepfakeface_sd15/fake/73/38089073_1988-06-26_2014.jpg,0.05426279455423355,0.4309690296649933,0,xception,external_test,source_video_disjoint_v1,highpass_0.1,ffpp_validation_checkpoint,03cb9bba05b67e1478fb86a731857ba65f55a3db09e023035c9bcd9d442d8efc
538,C:\Users\Rohith Syam\Documents\UTS SEMESTER 3\image processing\idea 2\outputs\generalization_upgrade\02_external_bias_audit\normalized_external\fake\73\41639973_1876-12-25_1940.jpg,1,73/41639973_1876-12-25_1940.jpg,StableDiffusion_v1_5,external_normalized,deepfakeface_sd15/fake/73/41639973_1876-12-25_1940.jpg,0.0036742123775184155,0.4309690296649933,0,xception,external_test,source_video_disjoint_v1,highpass_0.1,ffpp_validation_checkpoint,03cb9bba05b67e1478fb86a731857ba65f55a3db09e023035c9bcd9d442d8efc
539,C:\Users\Rohith Syam\Documents\UTS SEMESTER 3\image processing\idea 2\outputs\generalization_upgrade\02_external_bias_audit\normalized_external\fake\73\46452873_1906-12-20_1945.jpg,1,73/46452873_1906-12-20_1945.jpg,StableDiffusion_v1_5,external_normalized,deepfakeface_sd15/fake/73/46452873_1906-12-20_1945.jpg,0.10141097754240036,0.4309690296649933,0,xception,external_test,source_video_disjoint_v1,highpass_0.1,ffpp_validation_checkpoint,03cb9bba05b67e1478fb86a731857ba65f55a3db09e023035c9bcd9d442d8efc
540,C:\Users\Rohith Syam\Documents\UTS SEMESTER 3\image processing\idea 2\outputs\generalization_upgrade\02_external_bias_audit\normalized_external\fake\73\479273_1985-12-08_2014.jpg,1,73/479273_1985-12-08_2014.jpg,StableDiffusion_v1_5,external_normalized,deepfakeface_sd15/fake/73/479273_1985-12-08_2014.jpg,0.0057436940260231495,0.4309690296649933,0,xception,external_test,source_video_disjoint_v1,highpass_0.1,ffpp_validation_checkpoint,03cb9bba05b67e1478fb86a731857ba65f55a3db09e023035c9bcd9d442d8efc
541,C:\Users\Rohith Syam\Documents\UTS SEMESTER 3\image processing\idea 2\outputs\generalization_upgrade\02_external_bias_audit\normalized_external\fake\73\502973_1958-03-25_2012.jpg,1,73/502973_1958-03-25_2012.jpg,StableDiffusion_v1_5,external_normalized,deepfakeface_sd15/fake/73/502973_1958-03-25_2012.jpg,0.01693207211792469,0.4309690296649933,0,xception,external_test,source_video_disjoint_v1,highpass_0.1,ffpp_validation_checkpoint,03cb9bba05b67e1478fb86a731857ba65f55a3db09e023035c9bcd9d442d8efc
542,C:\Users\Rohith Syam\Documents\UTS SEMESTER 3\image processing\idea 2\outputs\generalization_upgrade\02_external_bias_audit\normalized_external\fake\73\5332173_1935-09-06_2008.jpg,1,73/5332173_1935-09-06_2008.jpg,StableDiffusion_v1_5,external_normalized,deepfakeface_sd15/fake/73/5332173_1935-09-06_2008.jpg,0.02659136801958084,0.4309690296649933,0,xception,external_test,source_video_disjoint_v1,highpass_0.1,ffpp_validation_checkpoint,03cb9bba05b67e1478fb86a731857ba65f55a3db09e023035c9bcd9d442d8efc
543,C:\Users\Rohith Syam\Documents\UTS SEMESTER 3\image processing\idea 2\outputs\generalization_upgrade\02_external_bias_audit\normalized_external\fake\73\666973_1960-09-19_2005.jpg,1,73/666973_1960-09-19_2005.jpg,StableDiffusion_v1_5,external_normalized,deepfakeface_sd15/fake/73/666973_1960-09-19_2005.jpg,0.7430970072746277,0.4309690296649933,1,xception,external_test,source_video_disjoint_v1,highpass_0.1,ffpp_validation_checkpoint,03cb9bba05b67e1478fb86a731857ba65f55a3db09e023035c9bcd9d442d8efc
544,C:\Users\Rohith Syam\Documents\UTS SEMESTER 3\image processing\idea 2\outputs\generalization_upgrade\02_external_bias_audit\normalized_external\fake\73\9311273_1979-08-24_2010.jpg,1,73/9311273_1979-08-24_2010.jpg,StableDiffusion_v1_5,external_normalized,deepfakeface_sd15/fake/73/9311273_1979-08-24_2010.jpg,0.012703011743724346,0.4309690296649933,0,xception,external_test,source_video_disjoint_v1,highpass_0.1,ffpp_validation_checkpoint,03cb9bba05b67e1478fb86a731857ba65f55a3db09e023035c9bcd9d442d8efc
545,C:\Users\Rohith Syam\Documents\UTS SEMESTER 3\image processing\idea 2\outputs\generalization_upgrade\02_external_bias_audit\normalized_external\fake\80\2798180_1985-12-19_2014.jpg,1,80/2798180_1985-12-19_2014.jpg,StableDiffusion_v1_5,external_normalized,deepfakeface_sd15/fake/80/2798180_1985-12-19_2014.jpg,0.2324725091457367,0.4309690296649933,0,xception,external_test,source_video_disjoint_v1,highpass_0.1,ffpp_validation_checkpoint,03cb9bba05b67e1478fb86a731857ba65f55a3db09e023035c9bcd9d442d8efc
546,C:\Users\Rohith Syam\Documents\UTS SEMESTER 3\image processing\idea 2\outputs\generalization_upgrade\02_external_bias_audit\normalized_external\fake\80\6049880_1985-02-26_2013.jpg,1,80/6049880_1985-02-26_2013.jpg,StableDiffusion_v1_5,external_normalized,deepfakeface_sd15/fake/80/6049880_1985-02-26_2013.jpg,0.6152005791664124,0.4309690296649933,1,xception,external_test,source_video_disjoint_v1,highpass_0.1,ffpp_validation_checkpoint,03cb9bba05b67e1478fb86a731857ba65f55a3db09e023035c9bcd9d442d8efc
547,C:\Users\Rohith Syam\Documents\UTS SEMESTER 3\image processing\idea 2\outputs\generalization_upgrade\02_external_bias_audit\normalized_external\fake\80\9076080_1971-09-21_2011.jpg,1,80/9076080_1971-09-21_2011.jpg,StableDiffusion_v1_5,external_normalized,deepfakeface_sd15/fake/80/9076080_1971-09-21_2011.jpg,0.040561359375715256,0.4309690296649933,0,xception,external_test,source_video_disjoint_v1,highpass_0.1,ffpp_validation_checkpoint,03cb9bba05b67e1478fb86a731857ba65f55a3db09e023035c9bcd9d442d8efc
548,C:\Users\Rohith Syam\Documents\UTS SEMESTER 3\image processing\idea 2\outputs\generalization_upgrade\02_external_bias_audit\normalized_external\fake\98\10760998_1937-01-14_1968.jpg,1,98/10760998_1937-01-14_1968.jpg,StableDiffusion_v1_5,external_normalized,deepfakeface_sd15/fake/98/10760998_1937-01-14_1968.jpg,0.27104586362838745,0.4309690296649933,0,xception,external_test,source_video_disjoint_v1,highpass_0.1,ffpp_validation_checkpoint,03cb9bba05b67e1478fb86a731857ba65f55a3db09e023035c9bcd9d442d8efc
549,C:\Users\Rohith Syam\Documents\UTS SEMESTER 3\image processing\idea 2\outputs\generalization_upgrade\02_external_bias_audit\normalized_external\fake\98\13664298_1989-04-27_2014.jpg,1,98/13664298_1989-04-27_2014.jpg,StableDiffusion_v1_5,external_normalized,deepfakeface_sd15/fake/98/13664298_1989-04-27_2014.jpg,0.14033330976963043,0.4309690296649933,0,xception,external_test,source_video_disjoint_v1,highpass_0.1,ffpp_validation_checkpoint,03cb9bba05b67e1478fb86a731857ba65f55a3db09e023035c9bcd9d442d8efc
550,C:\Users\Rohith Syam\Documents\UTS SEMESTER 3\image processing\idea 2\outputs\generalization_upgrade\02_external_bias_audit\normalized_external\fake\98\14073598_1892-03-06_1943.jpg,1,98/14073598_1892-03-06_1943.jpg,StableDiffusion_v1_5,external_normalized,deepfakeface_sd15/fake/98/14073598_1892-03-06_1943.jpg,0.00550412992015481,0.4309690296649933,0,xception,external_test,source_video_disjoint_v1,highpass_0.1,ffpp_validation_checkpoint,03cb9bba05b67e1478fb86a731857ba65f55a3db09e023035c9bcd9d442d8efc
551,C:\Users\Rohith Syam\Documents\UTS SEMESTER 3\image processing\idea 2\outputs\generalization_upgrade\02_external_bias_audit\normalized_external\fake\98\142698_1939-09-01_2014.jpg,1,98/142698_1939-09-01_2014.jpg,StableDiffusion_v1_5,external_normalized,deepfakeface_sd15/fake/98/142698_1939-09-01_2014.jpg,0.06570654362440109,0.4309690296649933,0,xception,external_test,source_video_disjoint_v1,highpass_0.1,ffpp_validation_checkpoint,03cb9bba05b67e1478fb86a731857ba65f55a3db09e023035c9bcd9d442d8efc
552,C:\Users\Rohith Syam\Documents\UTS SEMESTER 3\image processing\idea 2\outputs\generalization_upgrade\02_external_bias_audit\normalized_external\fake\98\15230998_1983-01-10_2007.jpg,1,98/15230998_1983-01-10_2007.jpg,StableDiffusion_v1_5,external_normalized,deepfakeface_sd15/fake/98/15230998_1983-01-10_2007.jpg,0.0077903009951114655,0.4309690296649933,0,xception,external_test,source_video_disjoint_v1,highpass_0.1,ffpp_validation_checkpoint,03cb9bba05b67e1478fb86a731857ba65f55a3db09e023035c9bcd9d442d8efc
553,C:\Users\Rohith Syam\Documents\UTS SEMESTER 3\image processing\idea 2\outputs\generalization_upgrade\02_external_bias_audit\normalized_external\fake\98\176998_1933-08-16_1965.jpg,1,98/176998_1933-08-16_1965.jpg,StableDiffusion_v1_5,external_normalized,deepfakeface_sd15/fake/98/176998_1933-08-16_1965.jpg,0.004074115306138992,0.4309690296649933,0,xception,external_test,source_video_disjoint_v1,highpass_0.1,ffpp_validation_checkpoint,03cb9bba05b67e1478fb86a731857ba65f55a3db09e023035c9bcd9d442d8efc
554,C:\Users\Rohith Syam\Documents\UTS SEMESTER 3\image processing\idea 2\outputs\generalization_upgrade\02_external_bias_audit\normalized_external\fake\98\22298398_1962-09-19_2011.jpg,1,98/22298398_1962-09-19_2011.jpg,StableDiffusion_v1_5,external_normalized,deepfakeface_sd15/fake/98/22298398_1962-09-19_2011.jpg,0.03145519271492958,0.4309690296649933,0,xception,external_test,source_video_disjoint_v1,highpass_0.1,ffpp_validation_checkpoint,03cb9bba05b67e1478fb86a731857ba65f55a3db09e023035c9bcd9d442d8efc
555,C:\Users\Rohith Syam\Documents\UTS SEMESTER 3\image processing\idea 2\outputs\generalization_upgrade\02_external_bias_audit\normalized_external\fake\98\23428298_1982-12-22_2009.jpg,1,98/23428298_1982-12-22_2009.jpg,StableDiffusion_v1_5,external_normalized,deepfakeface_sd15/fake/98/23428298_1982-12-22_2009.jpg,0.2225986272096634,0.4309690296649933,0,xception,external_test,source_video_disjoint_v1,highpass_0.1,ffpp_validation_checkpoint,03cb9bba05b67e1478fb86a731857ba65f55a3db09e023035c9bcd9d442d8efc
556,C:\Users\Rohith Syam\Documents\UTS SEMESTER 3\image processing\idea 2\outputs\generalization_upgrade\02_external_bias_audit\normalized_external\fake\98\23560198_1992-06-20_2014.jpg,1,98/23560198_1992-06-20_2014.jpg,StableDiffusion_v1_5,external_normalized,deepfakeface_sd15/fake/98/23560198_1992-06-20_2014.jpg,0.504851758480072,0.4309690296649933,1,xception,external_test,source_video_disjoint_v1,highpass_0.1,ffpp_validation_checkpoint,03cb9bba05b67e1478fb86a731857ba65f55a3db09e023035c9bcd9d442d8efc
557,C:\Users\Rohith Syam\Documents\UTS SEMESTER 3\image processing\idea 2\outputs\generalization_upgrade\02_external_bias_audit\normalized_external\fake\98\25616698_1980-08-12_2012.jpg,1,98/25616698_1980-08-12_2012.jpg,StableDiffusion_v1_5,external_normalized,deepfakeface_sd15/fake/98/25616698_1980-08-12_2012.jpg,0.0956796333193779,0.4309690296649933,0,xception,external_test,source_video_disjoint_v1,highpass_0.1,ffpp_validation_checkpoint,03cb9bba05b67e1478fb86a731857ba65f55a3db09e023035c9bcd9d442d8efc
558,C:\Users\Rohith Syam\Documents\UTS SEMESTER 3\image processing\idea 2\outputs\generalization_upgrade\02_external_bias_audit\normalized_external\fake\98\25980298_1980-07-05_2013.jpg,1,98/25980298_1980-07-05_2013.jpg,StableDiffusion_v1_5,external_normalized,deepfakeface_sd15/fake/98/25980298_1980-07-05_2013.jpg,0.04134644567966461,0.4309690296649933,0,xception,external_test,source_video_disjoint_v1,highpass_0.1,ffpp_validation_checkpoint,03cb9bba05b67e1478fb86a731857ba65f55a3db09e023035c9bcd9d442d8efc
559,C:\Users\Rohith Syam\Documents\UTS SEMESTER 3\image processing\idea 2\outputs\generalization_upgrade\02_external_bias_audit\normalized_external\fake\98\2705698_1958-12-06_2007.jpg,1,98/2705698_1958-12-06_2007.jpg,StableDiffusion_v1_5,external_normalized,deepfakeface_sd15/fake/98/2705698_1958-12-06_2007.jpg,0.038277942687273026,0.4309690296649933,0,xception,external_test,source_video_disjoint_v1,highpass_0.1,ffpp_validation_checkpoint,03cb9bba05b67e1478fb86a731857ba65f55a3db09e023035c9bcd9d442d8efc
560,C:\Users\Rohith Syam\Documents\UTS SEMESTER 3\image processing\idea 2\outputs\generalization_upgrade\02_external_bias_audit\normalized_external\fake\98\27687598_1957-10-28_2009.jpg,1,98/27687598_1957-10-28_2009.jpg,StableDiffusion_v1_5,external_normalized,deepfakeface_sd15/fake/98/27687598_1957-10-28_2009.jpg,0.0026147644966840744,0.4309690296649933,0,xception,external_test,source_video_disjoint_v1,highpass_0.1,ffpp_validation_checkpoint,03cb9bba05b67e1478fb86a731857ba65f55a3db09e023035c9bcd9d442d8efc
561,C:\Users\Rohith Syam\Documents\UTS SEMESTER 3\image processing\idea 2\outputs\generalization_upgrade\02_external_bias_audit\normalized_external\fake\98\30789098_1986-05-13_2012.jpg,1,98/30789098_1986-05-13_2012.jpg,StableDiffusion_v1_5,external_normalized,deepfakeface_sd15/fake/98/30789098_1986-05-13_2012.jpg,0.017947828397154808,0.4309690296649933,0,xception,external_test,source_video_disjoint_v1,highpass_0.1,ffpp_validation_checkpoint,03cb9bba05b67e1478fb86a731857ba65f55a3db09e023035c9bcd9d442d8efc
562,C:\Users\Rohith Syam\Documents\UTS SEMESTER 3\image processing\idea 2\outputs\generalization_upgrade\02_external_bias_audit\normalized_external\fake\98\32664798_1990-03-03_2014.jpg,1,98/32664798_1990-03-03_2014.jpg,StableDiffusion_v1_5,external_normalized,deepfakeface_sd15/fake/98/32664798_1990-03-03_2014.jpg,0.005553629249334335,0.4309690296649933,0,xception,external_test,source_video_disjoint_v1,highpass_0.1,ffpp_validation_checkpoint,03cb9bba05b67e1478fb86a731857ba65f55a3db09e023035c9bcd9d442d8efc
563,C:\Users\Rohith Syam\Documents\UTS SEMESTER 3\image processing\idea 2\outputs\generalization_upgrade\02_external_bias_audit\normalized_external\fake\98\3604398_1981-06-16_2012.jpg,1,98/3604398_1981-06-16_2012.jpg,StableDiffusion_v1_5,external_normalized,deepfakeface_sd15/fake/98/3604398_1981-06-16_2012.jpg,0.4720485210418701,0.4309690296649933,1,xception,external_test,source_video_disjoint_v1,highpass_0.1,ffpp_validation_checkpoint,03cb9bba05b67e1478fb86a731857ba65f55a3db09e023035c9bcd9d442d8efc
564,C:\Users\Rohith Syam\Documents\UTS SEMESTER 3\image processing\idea 2\outputs\generalization_upgrade\02_external_bias_audit\normalized_external\fake\98\40219898_1975-03-11_2013.jpg,1,98/40219898_1975-03-11_2013.jpg,StableDiffusion_v1_5,external_normalized,deepfakeface_sd15/fake/98/40219898_1975-03-11_2013.jpg,0.17265507578849792,0.4309690296649933,0,xception,external_test,source_video_disjoint_v1,highpass_0.1,ffpp_validation_checkpoint,03cb9bba05b67e1478fb86a731857ba65f55a3db09e023035c9bcd9d442d8efc
565,C:\Users\Rohith Syam\Documents\UTS SEMESTER 3\image processing\idea 2\outputs\generalization_upgrade\02_external_bias_audit\normalized_external\fake\98\40883698_1972-01-26_2014.jpg,1,98/40883698_1972-01-26_2014.jpg,StableDiffusion_v1_5,external_normalized,deepfakeface_sd15/fake/98/40883698_1972-01-26_2014.jpg,0.053824082016944885,0.4309690296649933,0,xception,external_test,source_video_disjoint_v1,highpass_0.1,ffpp_validation_checkpoint,03cb9bba05b67e1478fb86a731857ba65f55a3db09e023035c9bcd9d442d8efc
566,C:\Users\Rohith Syam\Documents\UTS SEMESTER 3\image processing\idea 2\outputs\generalization_upgrade\02_external_bias_audit\normalized_external\fake\98\4276598_1950-10-14_1975.jpg,1,98/4276598_1950-10-14_1975.jpg,StableDiffusion_v1_5,external_normalized,deepfakeface_sd15/fake/98/4276598_1950-10-14_1975.jpg,0.13508105278015137,0.4309690296649933,0,xception,external_test,source_video_disjoint_v1,highpass_0.1,ffpp_validation_checkpoint,03cb9bba05b67e1478fb86a731857ba65f55a3db09e023035c9bcd9d442d8efc
567,C:\Users\Rohith Syam\Documents\UTS SEMESTER 3\image processing\idea 2\outputs\generalization_upgrade\02_external_bias_audit\normalized_external\fake\98\45298998_1988-08-17_2012.jpg,1,98/45298998_1988-08-17_2012.jpg,StableDiffusion_v1_5,external_normalized,deepfakeface_sd15/fake/98/45298998_1988-08-17_2012.jpg,0.0007811993127688766,0.4309690296649933,0,xception,external_test,source_video_disjoint_v1,highpass_0.1,ffpp_validation_checkpoint,03cb9bba05b67e1478fb86a731857ba65f55a3db09e023035c9bcd9d442d8efc
568,C:\Users\Rohith Syam\Documents\UTS SEMESTER 3\image processing\idea 2\outputs\generalization_upgrade\02_external_bias_audit\normalized_external\fake\98\4691798_1977-09-15_2005.jpg,1,98/4691798_1977-09-15_2005.jpg,StableDiffusion_v1_5,external_normalized,deepfakeface_sd15/fake/98/4691798_1977-09-15_2005.jpg,0.001621039817109704,0.4309690296649933,0,xception,external_test,source_video_disjoint_v1,highpass_0.1,ffpp_validation_checkpoint,03cb9bba05b67e1478fb86a731857ba65f55a3db09e023035c9bcd9d442d8efc
569,C:\Users\Rohith Syam\Documents\UTS SEMESTER 3\image processing\idea 2\outputs\generalization_upgrade\02_external_bias_audit\normalized_external\fake\98\46974698_1942-02-22_1968.jpg,1,98/46974698_1942-02-22_1968.jpg,StableDiffusion_v1_5,external_normalized,deepfakeface_sd15/fake/98/46974698_1942-02-22_1968.jpg,0.34893277287483215,0.4309690296649933,0,xception,external_test,source_video_disjoint_v1,highpass_0.1,ffpp_validation_checkpoint,03cb9bba05b67e1478fb86a731857ba65f55a3db09e023035c9bcd9d442d8efc
570,C:\Users\Rohith Syam\Documents\UTS SEMESTER 3\image processing\idea 2\outputs\generalization_upgrade\02_external_bias_audit\normalized_external\fake\98\577798_1933-12-08_1969.jpg,1,98/577798_1933-12-08_1969.jpg,StableDiffusion_v1_5,external_normalized,deepfakeface_sd15/fake/98/577798_1933-12-08_1969.jpg,0.3734022080898285,0.4309690296649933,0,xception,external_test,source_video_disjoint_v1,highpass_0.1,ffpp_validation_checkpoint,03cb9bba05b67e1478fb86a731857ba65f55a3db09e023035c9bcd9d442d8efc
571,C:\Users\Rohith Syam\Documents\UTS SEMESTER 3\image processing\idea 2\outputs\generalization_upgrade\02_external_bias_audit\normalized_external\fake\98\591698_1968-01-15_2000.jpg,1,98/591698_1968-01-15_2000.jpg,StableDiffusion_v1_5,external_normalized,deepfakeface_sd15/fake/98/591698_1968-01-15_2000.jpg,0.1611175239086151,0.4309690296649933,0,xception,external_test,source_video_disjoint_v1,highpass_0.1,ffpp_validation_checkpoint,03cb9bba05b67e1478fb86a731857ba65f55a3db09e023035c9bcd9d442d8efc
572,C:\Users\Rohith Syam\Documents\UTS SEMESTER 3\image processing\idea 2\outputs\generalization_upgrade\02_external_bias_audit\normalized_external\fake\98\609598_1929-11-08_2007.jpg,1,98/609598_1929-11-08_2007.jpg,StableDiffusion_v1_5,external_normalized,deepfakeface_sd15/fake/98/609598_1929-11-08_2007.jpg,0.03573048487305641,0.4309690296649933,0,xception,external_test,source_video_disjoint_v1,highpass_0.1,ffpp_validation_checkpoint,03cb9bba05b67e1478fb86a731857ba65f55a3db09e023035c9bcd9d442d8efc
573,C:\Users\Rohith Syam\Documents\UTS SEMESTER 3\image processing\idea 2\outputs\generalization_upgrade\02_external_bias_audit\normalized_external\fake\98\6548698_1964-02-27_2010.jpg,1,98/6548698_1964-02-27_2010.jpg,StableDiffusion_v1_5,external_normalized,deepfakeface_sd15/fake/98/6548698_1964-02-27_2010.jpg,0.28807610273361206,0.4309690296649933,0,xception,external_test,source_video_disjoint_v1,highpass_0.1,ffpp_validation_checkpoint,03cb9bba05b67e1478fb86a731857ba65f55a3db09e023035c9bcd9d442d8efc
574,C:\Users\Rohith Syam\Documents\UTS SEMESTER 3\image processing\idea 2\outputs\generalization_upgrade\02_external_bias_audit\normalized_external\fake\98\670098_1974-07-29_2009.jpg,1,98/670098_1974-07-29_2009.jpg,StableDiffusion_v1_5,external_normalized,deepfakeface_sd15/fake/98/670098_1974-07-29_2009.jpg,0.1944172978401184,0.4309690296649933,0,xception,external_test,source_video_disjoint_v1,highpass_0.1,ffpp_validation_checkpoint,03cb9bba05b67e1478fb86a731857ba65f55a3db09e023035c9bcd9d442d8efc
575,C:\Users\Rohith Syam\Documents\UTS SEMESTER 3\image processing\idea 2\outputs\generalization_upgrade\02_external_bias_audit\normalized_external\fake\98\6808898_1936-01-17_2012.jpg,1,98/6808898_1936-01-17_2012.jpg,StableDiffusion_v1_5,external_normalized,deepfakeface_sd15/fake/98/6808898_1936-01-17_2012.jpg,0.042817410081624985,0.4309690296649933,0,xception,external_test,source_video_disjoint_v1,highpass_0.1,ffpp_validation_checkpoint,03cb9bba05b67e1478fb86a731857ba65f55a3db09e023035c9bcd9d442d8efc
